time_s,x_m,y_m,dist_to_goal_m
0.168,0.0004,0.0,11.3026
0.171,0.0003,-0.0,11.3027
0.174,0.0004,-0.0,11.3026
0.177,0.0003,0.0,11.3027
0.219,0.0003,0.0,11.3027
0.242,0.0003,-0.0,11.3027
0.295,0.0003,-0.0,11.3027
0.354,0.0003,-0.0,11.3027
0.417,0.0003,0.0001,11.3028
0.419,0.0003,0.0,11.3027
0.456,0.0003,0.0001,11.3028
0.481,0.0003,-0.0,11.3027
0.502,0.0003,0.0,11.3027
0.536,0.0002,-0.0,11.3028
0.57,0.0003,-0.0,11.3028
0.606,0.0003,0.0001,11.3028
0.616,0.0003,0.0001,11.3028
0.649,0.0003,0.0001,11.3028
0.681,0.0003,0.0,11.3027
0.754,0.0003,0.0001,11.3028
0.796,0.0003,0.0001,11.3027
0.826,0.0003,0.0,11.3027
0.878,0.0003,0.0001,11.3027
0.91,0.0003,0.0001,11.3027
0.977,0.0003,0.0001,11.3027
1.028,0.0004,-0.0,11.3026
1.061,0.0004,0.0,11.3027
1.104,0.0004,0.0001,11.3026
1.131,0.0004,-0.0,11.3026
1.165,0.0005,0.0,11.3026
1.216,0.0004,0.0001,11.3026
1.247,0.0004,-0.0,11.3027
1.286,0.0004,-0.0,11.3026
1.35,0.0004,0.0001,11.3026
1.352,0.0004,0.0001,11.3026
1.394,0.0004,0.0,11.3026
1.422,0.0004,0.0,11.3026
1.449,0.0003,-0.0001,11.3027
1.49,0.0003,-0.0001,11.3027
1.535,0.0003,-0.0001,11.3027
1.538,0.0004,0.0,11.3026
1.556,0.0003,-0.0001,11.3027
1.643,0.0004,0.0,11.3026
1.672,0.0003,-0.0001,11.3027
1.726,0.0003,-0.0001,11.3027
1.743,0.0003,-0.0001,11.3027
1.755,0.0003,-0.0001,11.3027
1.782,0.0003,-0.0001,11.3027
1.826,0.0004,-0.0001,11.3026
1.874,0.0004,-0.0,11.3026
1.896,0.0005,-0.0001,11.3025
1.933,0.0005,-0.0001,11.3025
1.96,0.0005,-0.0001,11.3025
1.996,0.0005,-0.0001,11.3025
2.017,0.0005,-0.0001,11.3025
2.049,0.0005,-0.0001,11.3025
2.067,0.0005,-0.0001,11.3025
2.119,0.0005,-0.0001,11.3025
2.136,0.0005,-0.0001,11.3025
2.169,0.0005,-0.0001,11.3025
2.189,0.0005,-0.0001,11.3025
2.232,0.0005,-0.0,11.3025
2.267,0.0005,-0.0001,11.3025
2.305,0.0006,-0.0001,11.3025
2.337,0.0005,-0.0,11.3025
2.371,0.0006,-0.0001,11.3024
2.387,0.0006,-0.0001,11.3025
2.415,0.0006,-0.0001,11.3024
2.47,0.0006,-0.0001,11.3025
2.503,0.0006,0.0,11.3025
2.536,0.0006,-0.0001,11.3025
2.561,0.0006,0.0,11.3025
2.61,0.0005,-0.0001,11.3025
2.633,0.0005,-0.0001,11.3025
2.684,0.0005,-0.0001,11.3025
2.728,0.0005,-0.0,11.3025
2.765,0.0006,-0.0,11.3025
2.82,0.0006,-0.0001,11.3024
2.844,0.0006,-0.0,11.3024
2.862,0.0006,-0.0001,11.3024
2.888,0.0006,-0.0001,11.3024
2.927,0.0006,0.0,11.3024
2.947,0.0006,0.0,11.3024
2.991,0.0006,0.0,11.3024
3.012,0.0006,0.0,11.3024
3.041,0.0006,-0.0,11.3024
3.082,0.0006,0.0,11.3025
3.088,0.0006,-0.0,11.3024
3.138,0.0006,0.0001,11.3025
3.185,0.0005,0.0,11.3025
3.222,0.0006,0.0,11.3025
3.24,0.0006,0.0,11.3025
3.27,0.0005,-0.0001,11.3025
3.312,0.0006,0.0,11.3025
3.331,0.0005,-0.0,11.3025
3.386,0.0006,0.0,11.3025
3.453,0.0006,0.0,11.3025
3.469,0.0006,0.0,11.3025
3.539,0.0005,-0.0,11.3025
3.558,0.0005,0.0001,11.3025
3.583,0.0005,-0.0,11.3025
3.645,0.0005,0.0001,11.3025
3.672,0.0005,0.0001,11.3026
3.715,0.0005,-0.0,11.3026
3.747,0.0005,-0.0,11.3026
3.776,0.0004,-0.0,11.3026
3.798,0.0004,-0.0,11.3026
3.83,0.0005,0.0001,11.3026
3.873,0.0004,0.0,11.3026
3.923,0.0004,-0.0,11.3026
3.949,0.0005,0.0,11.3026
3.998,0.0003,-0.0,11.3027
4.017,0.0004,-0.0,11.3026
4.057,0.0005,0.0,11.3026
4.078,0.0004,-0.0,11.3026
4.116,0.0005,-0.0,11.3026
4.169,0.0005,-0.0,11.3026
4.196,0.0004,-0.0001,11.3026
4.222,0.0004,-0.0,11.3026
4.278,0.0005,-0.0001,11.3025
4.39,0.0004,-0.0,11.3026
4.424,0.0004,-0.0,11.3026
4.446,0.0004,-0.0001,11.3026
4.459,0.0004,-0.0001,11.3026
4.521,0.0004,0.0,11.3026
4.533,0.0004,-0.0,11.3026
4.574,0.0004,0.0,11.3026
4.598,0.0004,-0.0,11.3026
4.636,0.0004,-0.0,11.3026
4.672,0.0004,-0.0,11.3026
4.698,0.0004,-0.0001,11.3026
4.736,0.0004,0.0,11.3026
4.795,0.0004,0.0,11.3026
4.843,0.0005,-0.0001,11.3025
4.851,0.0005,-0.0,11.3026
4.876,0.0005,-0.0001,11.3025
4.954,0.0005,-0.0001,11.3025
4.969,0.0005,0.0,11.3026
4.983,0.0005,0.0,11.3026
5.025,0.0004,-0.0,11.3026
5.074,0.0004,0.0,11.3026
5.092,0.0004,-0.0001,11.3026
5.134,0.0004,-0.0001,11.3026
5.148,0.0004,-0.0,11.3026
5.212,0.0004,-0.0,11.3027
5.241,0.0003,0.0,11.3027
5.27,0.0003,0.0,11.3027
5.287,0.0003,-0.0,11.3027
5.33,0.0003,-0.0,11.3027
5.36,0.0003,-0.0,11.3027
5.383,0.0003,-0.0,11.3027
5.403,0.0003,0.0,11.3028
5.431,0.0002,0.0,11.3028
5.461,0.0002,0.0,11.3028
5.506,0.0003,-0.0,11.3027
5.553,0.0002,-0.0,11.3028
5.585,0.0003,-0.0001,11.3027
5.618,0.0003,-0.0001,11.3027
5.656,0.0003,0.0,11.3027
5.685,0.0003,0.0,11.3027
5.713,0.0003,-0.0,11.3027
5.754,0.0003,-0.0,11.3027
5.797,0.0003,-0.0001,11.3027
5.824,0.0003,-0.0001,11.3027
5.859,0.0003,-0.0001,11.3027
5.905,0.0003,-0.0001,11.3027
5.908,0.0003,-0.0,11.3028
5.956,0.0003,-0.0001,11.3027
5.989,0.0003,-0.0,11.3028
6.005,0.0003,-0.0001,11.3027
6.045,0.0003,-0.0001,11.3027
6.09,0.0003,-0.0001,11.3027
6.112,0.0003,-0.0001,11.3027
6.169,0.0003,-0.0,11.3027
6.183,0.0003,-0.0001,11.3027
6.221,0.0003,-0.0002,11.3027
6.261,0.0003,-0.0001,11.3027
6.294,0.0003,-0.0001,11.3026
6.334,0.0003,-0.0001,11.3027
6.374,0.0003,-0.0,11.3027
6.392,0.0003,-0.0001,11.3027
6.428,0.0003,-0.0001,11.3027
6.468,0.0003,-0.0001,11.3027
6.49,0.0002,-0.0002,11.3027
6.512,0.0003,-0.0001,11.3027
6.55,0.0002,-0.0002,11.3027
6.563,0.0003,-0.0,11.3027
6.605,0.0003,-0.0001,11.3027
6.631,0.0003,-0.0001,11.3027
6.666,0.0003,-0.0001,11.3027
6.686,0.0003,-0.0002,11.3027
6.726,0.0003,-0.0002,11.3027
6.75,0.0002,-0.0001,11.3028
6.796,0.0002,-0.0001,11.3028
6.804,0.0002,-0.0,11.3028
6.832,0.0003,-0.0001,11.3027
6.869,0.0003,-0.0,11.3028
6.899,0.0003,-0.0001,11.3027
6.953,0.0003,-0.0001,11.3027
6.997,0.0003,-0.0001,11.3027
6.999,0.0003,-0.0001,11.3027
7.024,0.0003,-0.0,11.3028
7.048,0.0003,0.0001,11.3027
7.079,0.0003,0.0,11.3028
7.107,0.0003,-0.0001,11.3027
7.162,0.0003,-0.0,11.3027
7.21,0.0003,-0.0001,11.3027
7.224,0.0003,-0.0001,11.3027
7.261,0.0003,-0.0,11.3027
7.29,0.0003,-0.0001,11.3027
7.336,0.0003,-0.0,11.3027
7.368,0.0003,-0.0,11.3027
7.4,0.0003,-0.0001,11.3027
7.433,0.0003,-0.0001,11.3027
7.454,0.0003,-0.0001,11.3027
7.474,0.0003,-0.0,11.3028
7.504,0.0003,-0.0001,11.3027
7.55,0.0003,-0.0,11.3028
7.58,0.0003,0.0,11.3028
7.625,0.0002,-0.0001,11.3027
7.652,0.0002,-0.0001,11.3028
7.695,0.0003,-0.0001,11.3027
7.717,0.0003,-0.0001,11.3027
7.747,0.0003,-0.0,11.3027
7.782,0.0003,-0.0001,11.3027
7.826,0.0003,-0.0001,11.3027
7.852,0.0003,-0.0001,11.3027
7.882,0.0003,-0.0002,11.3027
7.913,0.0003,-0.0001,11.3027
7.949,0.0003,-0.0002,11.3027
8.011,0.0002,-0.0,11.3028
8.046,0.0003,-0.0001,11.3027
8.083,0.0002,-0.0001,11.3028
8.119,0.0002,-0.0,11.3028
8.137,0.0002,-0.0001,11.3028
8.17,0.0003,-0.0001,11.3027
8.223,0.0002,-0.0001,11.3027
8.261,0.0002,-0.0,11.3028
8.282,0.0002,-0.0001,11.3028
8.315,0.0003,-0.0001,11.3027
8.339,0.0003,-0.0001,11.3027
8.376,0.0002,-0.0002,11.3027
8.409,0.0002,-0.0002,11.3027
8.432,0.0003,-0.0,11.3027
8.506,0.0003,-0.0001,11.3027
8.527,0.0003,0.0,11.3028
8.551,0.0003,0.0,11.3028
8.585,0.0003,-0.0001,11.3027
8.628,0.0003,-0.0001,11.3027
8.669,0.0003,-0.0,11.3027
8.706,0.0003,-0.0,11.3027
8.74,0.0003,0.0001,11.3028
8.774,0.0003,0.0001,11.3028
8.807,0.0003,-0.0,11.3027
8.834,0.0003,-0.0,11.3027
8.882,0.0003,-0.0001,11.3027
8.926,0.0003,-0.0001,11.3027
8.959,0.0003,0.0001,11.3028
8.977,0.0003,0.0,11.3027
9.019,0.0004,0.0,11.3027
9.044,0.0003,0.0001,11.3027
9.083,0.0004,-0.0001,11.3026
9.121,0.0004,-0.0001,11.3026
9.154,0.0004,-0.0,11.3027
9.199,0.0004,-0.0,11.3027
9.207,0.0003,0.0001,11.3027
9.239,0.0003,0.0001,11.3027
9.27,0.0003,-0.0,11.3027
9.319,0.0003,-0.0,11.3027
9.351,0.0003,-0.0001,11.3027
9.379,0.0003,-0.0001,11.3027
9.403,0.0003,0.0,11.3028
9.425,0.0002,0.0001,11.3028
9.454,0.0002,0.0,11.3028
9.512,0.0002,0.0,11.3028
9.546,0.0002,0.0,11.3028
9.563,0.0002,-0.0001,11.3028
9.602,0.0002,-0.0001,11.3028
9.613,0.0002,0.0,11.3029
9.64,0.0002,0.0001,11.3029
9.683,0.0002,0.0001,11.3029
9.718,0.0003,0.0001,11.3028
9.754,0.0002,0.0001,11.3028
9.773,0.0002,0.0,11.3028
9.832,0.0002,0.0,11.3028
9.847,0.0007,-0.0029,11.3013
9.906,0.0008,-0.0028,11.3013
9.935,0.0026,-0.0021,11.2999
9.953,0.0024,-0.0021,11.3
9.977,0.0028,-0.0013,11.2999
9.997,0.0032,0.0003,11.3
10.027,0.0029,-0.001,11.2999
10.058,0.0056,0.0025,11.2986
10.105,0.004,0.0013,11.2997
10.111,0.0074,0.0053,11.2979
10.174,0.0074,0.0052,11.2979
10.199,0.0084,0.0091,11.2982
10.223,0.0084,0.0086,11.2981
10.238,0.0102,0.0122,11.2976
10.297,0.0104,0.0125,11.2976
10.319,0.0117,0.0152,11.2972
10.347,0.0133,0.0171,11.2964
10.361,0.0119,0.0155,11.2972
10.405,0.015,0.0187,11.2954
10.424,0.0144,0.0179,11.2957
10.459,0.0175,0.0205,11.2936
10.492,0.0173,0.0204,11.2938
10.515,0.0185,0.0211,11.2929
10.574,0.0189,0.0211,11.2925
10.587,0.0188,0.0209,11.2926
10.606,0.0194,0.0224,11.2926
10.65,0.0194,0.0222,11.2925
10.671,0.0194,0.0226,11.2925
10.726,0.0195,0.0226,11.2925
10.759,0.0197,0.0225,11.2923
10.782,0.0196,0.0225,11.2924
10.821,0.0199,0.0223,11.292
10.84,0.0201,0.0221,11.2918
10.887,0.0199,0.0222,11.292
10.908,0.0202,0.022,11.2916
10.955,0.0201,0.0221,11.2917
10.994,0.0206,0.0222,11.2913
11.027,0.0205,0.0221,11.2914
11.062,0.0212,0.0226,11.2909
11.103,0.0209,0.0224,11.2911
11.169,0.0215,0.0227,11.2907
11.181,0.0222,0.0231,11.2901
11.215,0.0221,0.0231,11.2902
11.223,0.0225,0.0234,11.29
11.249,0.0228,0.0238,11.2898
11.293,0.0225,0.0234,11.29
11.344,0.023,0.024,11.2897
11.384,0.0235,0.0244,11.2894
11.417,0.0235,0.0243,11.2894
11.439,0.0237,0.0245,11.2892
11.483,0.0237,0.0244,11.2892
11.506,0.0237,0.0244,11.2892
11.527,0.0237,0.0243,11.2891
11.585,0.0237,0.0244,11.2891
11.638,0.0237,0.0241,11.289
11.698,0.0237,0.0243,11.2891
11.73,0.0237,0.0241,11.2891
11.756,0.0238,0.0239,11.2889
11.778,0.0238,0.024,11.2889
11.818,0.0238,0.0239,11.2889
11.839,0.0238,0.0239,11.2889
11.88,0.0237,0.0237,11.2889
11.909,0.0238,0.0237,11.2889
11.949,0.0238,0.0235,11.2887
11.986,0.0238,0.0235,11.2888
12.026,0.0239,0.0233,11.2886
12.038,0.024,0.0233,11.2886
12.048,0.0239,0.0233,11.2886
12.09,0.024,0.0232,11.2885
12.118,0.024,0.0233,11.2885
12.158,0.024,0.0231,11.2885
12.189,0.024,0.0231,11.2885
12.223,0.024,0.0229,11.2884
12.257,0.024,0.0229,11.2884
12.283,0.0239,0.0227,11.2884
12.335,0.024,0.0227,11.2884
12.34,0.0239,0.0225,11.2883
12.378,0.0239,0.0224,11.2883
12.39,0.0239,0.0225,11.2883
12.426,0.024,0.0224,11.2882
12.483,0.024,0.0224,11.2882
12.522,0.0242,0.0224,11.2881
12.544,0.0242,0.0224,11.2881
12.619,0.0242,0.0224,11.288
12.622,0.0242,0.0224,11.288
12.652,0.0242,0.0224,11.288
12.702,0.0242,0.0224,11.288
12.736,0.0242,0.0225,11.288
12.766,0.0242,0.0225,11.288
12.818,0.0242,0.0224,11.288
12.859,0.025,0.0183,11.2858
12.883,0.025,0.0183,11.2859
12.911,0.0255,0.0207,11.2862
12.955,0.0256,0.0208,11.2861
12.988,0.0272,0.0216,11.2849
13.033,0.0271,0.0215,11.285
13.044,0.028,0.0227,11.2845
13.075,0.0287,0.0282,11.2858
13.104,0.0288,0.0269,11.2852
13.129,0.0287,0.0282,11.2858
13.175,0.0291,0.0288,11.2857
13.189,0.0267,0.0268,11.2872
13.234,0.0265,0.0267,11.2873
13.268,0.0271,0.0281,11.2873
13.301,0.027,0.028,11.2873
13.334,0.0275,0.0308,11.2879
13.372,0.0274,0.031,11.288
13.39,0.0274,0.0323,11.2884
13.417,0.0276,0.0342,11.2889
13.453,0.0274,0.0331,11.2887
13.473,0.0276,0.0348,11.2892
13.515,0.0276,0.0347,11.2891
13.538,0.0275,0.0348,11.2893
13.577,0.0276,0.0348,11.2891
13.617,0.0275,0.0348,11.2893
13.677,0.0276,0.0348,11.2891
13.707,0.0278,0.0351,11.2891
13.759,0.0277,0.035,11.2891
13.811,0.0278,0.0353,11.2891
13.827,0.0278,0.0352,11.2891
13.867,0.0278,0.0353,11.2891
13.896,0.0278,0.0353,11.2891
13.957,0.0274,0.033,11.2887
13.96,0.0275,0.0337,11.2889
14.008,0.0254,0.0335,11.2907
14.029,0.0262,0.0333,11.2899
14.075,0.0272,0.0349,11.2895
14.104,0.0264,0.0342,11.2901
14.133,0.0273,0.0356,11.2897
14.16,0.0273,0.0354,11.2896
14.216,0.0275,0.0363,11.2897
14.238,0.0275,0.0361,11.2897
14.254,0.0273,0.0358,11.2898
14.295,0.0273,0.0359,11.2898
14.31,0.0271,0.0354,11.2898
14.343,0.0272,0.0355,11.2898
14.369,0.0271,0.0353,11.2898
14.484,0.0272,0.0356,11.2898
14.49,0.0274,0.036,11.2897
14.524,0.0274,0.0359,11.2897
14.554,0.0273,0.0357,11.2897
14.585,0.0274,0.0358,11.2897
14.611,0.0272,0.0355,11.2898
14.656,0.0272,0.0355,11.2898
14.703,0.0272,0.0356,11.2898
14.721,0.0272,0.0356,11.2898
14.777,0.0273,0.0358,11.2898
14.812,0.0273,0.0357,11.2898
14.839,0.0272,0.0356,11.2898
14.858,0.0272,0.0357,11.2898
14.891,0.0272,0.0356,11.2898
14.936,0.0272,0.0356,11.2898
14.979,0.0272,0.0356,11.2898
14.998,0.0271,0.0356,11.2898
15.031,0.0272,0.0356,11.2898
15.066,0.0272,0.0356,11.2898
15.093,0.0272,0.0356,11.2898
15.125,0.0272,0.0356,11.2898
15.145,0.0272,0.0355,11.2897
15.162,0.0272,0.0355,11.2898
15.19,0.0272,0.0355,11.2897
15.23,0.0272,0.0355,11.2898
15.274,0.0272,0.0355,11.2898
15.302,0.0272,0.0356,11.2898
15.345,0.0272,0.0356,11.2898
15.367,0.0272,0.0355,11.2898
15.407,0.0272,0.0355,11.2897
15.424,0.0272,0.0355,11.2897
15.471,0.0272,0.0354,11.2897
15.499,0.0272,0.0354,11.2897
15.54,0.0272,0.0355,11.2898
15.548,0.0272,0.0355,11.2898
15.578,0.0272,0.0355,11.2898
15.627,0.0272,0.0355,11.2898
15.658,0.0272,0.0355,11.2898
15.668,0.0271,0.0354,11.2898
15.699,0.0272,0.0355,11.2897
15.747,0.0258,0.033,11.2902
15.782,0.0266,0.0342,11.2898
15.821,0.0257,0.0333,11.2904
15.837,0.0257,0.0332,11.2904
15.873,0.0262,0.0342,11.2903
15.913,0.0261,0.0341,11.2903
15.937,0.0278,0.0355,11.2892
15.973,0.0276,0.0354,11.2894
15.979,0.0292,0.0359,11.288
16.014,0.0311,0.0369,11.2866
16.038,0.0298,0.0361,11.2876
16.067,0.033,0.0382,11.2853
16.145,0.032,0.0375,11.2859
16.172,0.036,0.0408,11.2833
16.187,0.0351,0.04,11.284
16.227,0.038,0.0421,11.2819
16.268,0.0377,0.0419,11.2822
16.309,0.0407,0.0436,11.2799
16.332,0.04,0.0433,11.2805
16.368,0.0425,0.0443,11.2785
16.405,0.0423,0.0441,11.2786
16.446,0.0448,0.0448,11.2765
16.468,0.0443,0.0447,11.2769
16.501,0.0461,0.0457,11.2756
16.545,0.046,0.0456,11.2756
16.578,0.0469,0.0457,11.2748
16.607,0.0467,0.0458,11.275
16.643,0.0467,0.0466,11.2754
16.67,0.0467,0.0464,11.2752
16.706,0.0462,0.0452,11.2753
16.74,0.0462,0.046,11.2756
16.795,0.0455,0.0481,11.277
16.829,0.0455,0.0471,11.2767
16.875,0.0447,0.0497,11.2783
16.885,0.0452,0.0484,11.2774
16.918,0.045,0.0536,11.2794
16.95,0.0447,0.0528,11.2794
16.968,0.0463,0.0541,11.2783
17.035,0.046,0.0546,11.2788
17.066,0.0448,0.0541,11.2798
17.086,0.0438,0.0532,11.2804
17.121,0.0448,0.0541,11.2798
17.186,0.0433,0.0531,11.2808
17.217,0.0412,0.0535,11.2829
17.241,0.0418,0.0533,11.2823
17.267,0.0398,0.0539,11.2843
17.295,0.04,0.0538,11.2841
17.321,0.0384,0.0541,11.2857
17.34,0.0373,0.0542,11.2868
17.373,0.0383,0.0541,11.2859
17.406,0.0362,0.0541,11.2878
17.453,0.0366,0.0542,11.2874
17.511,0.0353,0.0543,11.2887
17.541,0.0355,0.0542,11.2884
17.574,0.0349,0.0533,11.2888
17.602,0.035,0.0538,11.2888
17.628,0.0348,0.0538,11.289
17.667,0.0348,0.0537,11.289
17.698,0.0349,0.054,11.2889
17.728,0.0349,0.054,11.2889
17.773,0.0342,0.0545,11.2898
17.792,0.0344,0.0544,11.2896
17.827,0.033,0.0556,11.2913
17.872,0.0332,0.0555,11.2911
17.929,0.0316,0.0583,11.2936
17.947,0.0316,0.0576,11.2933
17.982,0.0255,0.0597,11.2998
18.011,0.0266,0.0595,11.2986
18.042,0.0228,0.0593,11.3022
18.077,0.023,0.0593,11.302
18.108,0.0224,0.0587,11.3024
18.162,0.0223,0.0588,11.3024
18.19,0.0238,0.0586,11.301
18.211,0.0234,0.0586,11.3014
18.247,0.0246,0.0586,11.3003
18.286,0.0245,0.0587,11.3003
18.299,0.025,0.0586,11.2999
18.321,0.0248,0.0584,11.2999
18.353,0.025,0.0585,11.2999
18.39,0.0247,0.0583,11.3
18.419,0.0248,0.0583,11.3
18.462,0.0246,0.0582,11.3001
18.492,0.0246,0.0582,11.3001
18.518,0.0246,0.0583,11.3001
18.534,0.0247,0.0583,11.3001
18.564,0.0247,0.0583,11.3001
18.603,0.0242,0.0557,11.2996
18.627,0.0245,0.0558,11.2994
18.671,0.0239,0.0557,11.2999
18.693,0.0239,0.0557,11.2999
18.726,0.0239,0.0559,11.3
18.78,0.0239,0.056,11.3
18.795,0.0236,0.056,11.3002
18.851,0.0237,0.056,11.3002
18.885,0.0219,0.0568,11.3022
18.913,0.0216,0.0566,11.3024
18.93,0.0206,0.0564,11.3032
18.967,0.0197,0.0565,11.3041
18.981,0.0203,0.0564,11.3035
19.02,0.0194,0.057,11.3046
19.058,0.0195,0.0567,11.3044
19.095,0.0191,0.0573,11.3049
19.117,0.0189,0.0574,11.3052
19.135,0.0191,0.0573,11.305
19.177,0.0187,0.0574,11.3053
19.215,0.0188,0.0574,11.3052
19.236,0.0184,0.0575,11.3056
19.279,0.0186,0.0574,11.3055
19.31,0.0184,0.0576,11.3057
19.336,0.0184,0.0576,11.3057
19.378,0.0184,0.0577,11.3057
19.406,0.0184,0.0577,11.3057
19.438,0.0183,0.0577,11.3058
19.482,0.0183,0.0577,11.3058
19.537,0.0182,0.0578,11.3059
19.558,0.0183,0.0578,11.3059
19.601,0.0183,0.0579,11.3059
19.632,0.0182,0.0578,11.3059
19.674,0.0183,0.0579,11.3059
19.698,0.0183,0.0579,11.3059
19.728,0.0185,0.0597,11.3063
19.751,0.0185,0.0594,11.3063
19.776,0.0161,0.0601,11.3087
19.794,0.015,0.0595,11.3096
19.824,0.0157,0.0599,11.3091
19.857,0.015,0.0602,11.3097
19.903,0.0151,0.0601,11.3096
19.935,0.0151,0.0603,11.3097
19.967,0.0151,0.0603,11.3097
20.03,0.0156,0.0608,11.3094
20.055,0.0154,0.0606,11.3095
20.094,0.016,0.0613,11.3093
20.105,0.0158,0.0611,11.3093
20.136,0.0161,0.062,11.3094
20.179,0.0161,0.062,11.3094
20.212,0.0164,0.0628,11.3094
20.243,0.0163,0.0627,11.3095
20.27,0.0168,0.0636,11.3093
20.301,0.0167,0.0635,11.3093
20.329,0.0176,0.0641,11.3087
20.348,0.0176,0.0656,11.3093
20.385,0.0177,0.0642,11.3086
20.406,0.0169,0.0669,11.3103
20.434,0.0172,0.0665,11.3099
20.459,0.0161,0.0683,11.3116
20.499,0.0162,0.068,11.3114
20.53,0.0153,0.0706,11.3131
20.576,0.0152,0.071,11.3134
20.595,0.0149,0.0726,11.3142
20.62,0.015,0.0745,11.3148
20.654,0.0149,0.0735,11.3145
20.681,0.0151,0.0764,11.3153
20.729,0.0151,0.0761,11.3152
20.748,0.0149,0.078,11.3161
20.796,0.0149,0.078,11.3161
20.815,0.0148,0.0791,11.3166
20.833,0.0138,0.0798,11.3177
20.892,0.0147,0.0795,11.3168
20.935,0.0132,0.081,11.3187
20.95,0.0135,0.0804,11.3182
20.985,0.0121,0.0795,11.3192
21.025,0.0125,0.08,11.3191
21.053,0.0129,0.0822,11.3194
21.083,0.0127,0.0815,11.3194
21.112,0.015,0.0861,11.3188
21.129,0.0173,0.0886,11.3176
21.151,0.0149,0.0865,11.319
21.203,0.02,0.0916,11.3161
21.252,0.0193,0.0901,11.3162
21.283,0.0234,0.093,11.3134
21.31,0.0223,0.093,11.3144
21.35,0.025,0.0916,11.3114
21.369,0.0245,0.092,11.312
21.386,0.0264,0.0903,11.3096
21.433,0.0276,0.0911,11.3088
21.477,0.0275,0.0929,11.3095
21.498,0.0277,0.0925,11.3092
21.528,0.0282,0.0924,11.3087
21.549,0.0266,0.0923,11.3102
21.571,0.0272,0.0923,11.3096
21.61,0.029,0.0913,11.3076
21.654,0.0277,0.0919,11.309
21.685,0.0297,0.0915,11.307
21.711,0.0296,0.0914,11.3071
21.745,0.0306,0.0911,11.306
21.783,0.0305,0.0912,11.3061
21.818,0.0319,0.0912,11.3048
21.858,0.0318,0.0911,11.3049
21.889,0.0333,0.0922,11.3038
21.918,0.0333,0.0922,11.3038
21.952,0.0353,0.0943,11.3027
21.988,0.0353,0.0943,11.3027
22.014,0.0366,0.0962,11.3021
22.062,0.0367,0.0962,11.3021
22.108,0.038,0.0967,11.301
22.134,0.0377,0.0966,11.3013
22.188,0.0386,0.0967,11.3005
22.21,0.0385,0.0967,11.3006
22.248,0.0393,0.0964,11.2997
22.283,0.0392,0.0964,11.2998
22.335,0.0401,0.0963,11.299
22.338,0.0398,0.0963,11.2992
22.372,0.0405,0.0965,11.2986
22.414,0.0405,0.0965,11.2987
22.449,0.0411,0.0967,11.2982
22.48,0.041,0.0967,11.2982
22.511,0.0417,0.0967,11.2976
22.558,0.0417,0.0967,11.2976
22.591,0.0423,0.0968,11.2971
22.624,0.0422,0.0968,11.2971
22.661,0.0428,0.097,11.2966
22.718,0.0427,0.097,11.2967
22.755,0.0434,0.0971,11.2962
22.772,0.0432,0.0971,11.2963
22.807,0.0437,0.0971,11.2959
22.838,0.0436,0.0971,11.2959
22.873,0.044,0.097,11.2955
22.925,0.044,0.097,11.2955
22.982,0.0445,0.0969,11.295
23.013,0.0444,0.097,11.2952
23.036,0.0448,0.0969,11.2948
23.07,0.0447,0.0969,11.2948
23.087,0.045,0.0968,11.2946
23.133,0.0449,0.0969,11.2946
23.173,0.0453,0.0968,11.2942
23.212,0.0452,0.0968,11.2944
23.239,0.0456,0.0967,11.294
23.258,0.0455,0.0967,11.294
23.281,0.0457,0.0968,11.2938
23.354,0.0458,0.0968,11.2938
23.376,0.0462,0.0969,11.2935
23.392,0.0461,0.0969,11.2935
23.421,0.0464,0.0969,11.2933
23.464,0.0464,0.0969,11.2933
23.482,0.0465,0.097,11.2932
23.529,0.0466,0.097,11.2931
23.561,0.0466,0.0969,11.293
23.617,0.0466,0.0969,11.293
23.658,0.0469,0.0968,11.2928
23.678,0.0468,0.0968,11.2928
23.683,0.047,0.0968,11.2927
23.72,0.0471,0.0968,11.2925
23.756,0.047,0.0968,11.2926
23.796,0.0464,0.0964,11.2931
23.85,0.0467,0.097,11.293
23.884,0.0475,0.0949,11.2915
23.915,0.0471,0.0956,11.2921
23.941,0.0487,0.0948,11.2904
23.984,0.0484,0.0948,11.2907
24.033,0.0508,0.0946,11.2883
24.071,0.0503,0.0946,11.2888
24.084,0.0545,0.0963,11.2855
24.104,0.0528,0.0955,11.2868
24.144,0.0544,0.0963,11.2856
24.182,0.0544,0.0963,11.2855
24.209,0.0541,0.0962,11.2858
24.241,0.0542,0.0962,11.2857
24.307,0.0543,0.0961,11.2855
24.339,0.0543,0.0961,11.2856
24.365,0.0546,0.0958,11.2852
24.368,0.0549,0.0955,11.2848
24.39,0.0547,0.0957,11.285
24.439,0.0552,0.0952,11.2844
24.47,0.0551,0.0953,11.2846
24.486,0.0558,0.0952,11.2839
24.516,0.0564,0.0954,11.2834
24.536,0.0558,0.0952,11.2839
24.583,0.0565,0.0954,11.2833
24.6,0.057,0.0956,11.2829
24.614,0.0573,0.0957,11.2826
24.675,0.0573,0.0957,11.2827
24.706,0.0577,0.0956,11.2823
24.739,0.0576,0.0956,11.2824
24.765,0.0579,0.0955,11.282
24.793,0.0578,0.0955,11.2821
24.842,0.058,0.0954,11.2819
24.867,0.058,0.0954,11.2819
24.887,0.0582,0.0954,11.2817
24.909,0.0583,0.0954,11.2816
24.925,0.0582,0.0954,11.2817
24.97,0.0585,0.0954,11.2814
24.994,0.0585,0.0955,11.2815
25.023,0.0585,0.0954,11.2814
25.067,0.0585,0.0954,11.2814
25.095,0.0587,0.0953,11.2812
25.131,0.0587,0.0953,11.2812
25.195,0.0588,0.0952,11.281
25.218,0.0588,0.0952,11.2811
25.243,0.0588,0.0951,11.281
25.259,0.0589,0.095,11.2809
25.295,0.0588,0.0951,11.281
25.328,0.059,0.095,11.2808
25.356,0.0589,0.095,11.2809
25.369,0.0591,0.0949,11.2807
25.428,0.0591,0.0949,11.2807
25.463,0.0591,0.0949,11.2806
25.499,0.0591,0.0949,11.2807
25.529,0.0591,0.0948,11.2807
25.541,0.059,0.0948,11.2807
25.583,0.0591,0.0948,11.2807
25.639,0.0591,0.0948,11.2807
25.669,0.0591,0.0947,11.2806
25.707,0.0591,0.0947,11.2806
25.748,0.0592,0.0947,11.2805
25.778,0.0592,0.0947,11.2805
25.816,0.0592,0.0947,11.2805
25.852,0.0592,0.0947,11.2805
25.884,0.0592,0.0947,11.2805
25.933,0.0592,0.0947,11.2805
25.978,0.0592,0.0945,11.2804
26.004,0.0592,0.0946,11.2805
26.037,0.0592,0.0945,11.2804
26.066,0.0592,0.0945,11.2804
26.09,0.0593,0.0945,11.2804
26.131,0.0593,0.0945,11.2804
26.151,0.0594,0.0945,11.2803
26.192,0.0593,0.0945,11.2803
26.221,0.0593,0.0946,11.2804
26.247,0.0593,0.0947,11.2804
26.274,0.0593,0.0946,11.2804
26.3,0.0593,0.0947,11.2804
26.349,0.0593,0.0947,11.2804
26.387,0.0594,0.0946,11.2803
26.429,0.0594,0.0946,11.2803
26.463,0.0593,0.0947,11.2804
26.485,0.0593,0.0947,11.2804
26.513,0.0593,0.0948,11.2805
26.56,0.0593,0.0948,11.2804
26.593,0.0594,0.0948,11.2804
26.616,0.0593,0.0948,11.2804
26.653,0.0593,0.0949,11.2805
26.688,0.0593,0.0949,11.2805
26.724,0.0593,0.095,11.2805
26.742,0.0593,0.095,11.2805
26.779,0.0593,0.095,11.2805
26.813,0.0593,0.095,11.2805
26.839,0.0593,0.095,11.2805
26.905,0.0593,0.095,11.2805
26.93,0.0593,0.0952,11.2805
26.967,0.0593,0.0951,11.2805
27.0,0.0594,0.0952,11.2806
27.031,0.0594,0.0952,11.2806
27.054,0.0595,0.0953,11.2804
27.071,0.0596,0.0954,11.2804
27.119,0.0596,0.0953,11.2804
27.146,0.0596,0.0956,11.2804
27.187,0.0596,0.0955,11.2804
27.209,0.0598,0.0958,11.2803
27.244,0.0598,0.0958,11.2803
27.271,0.0601,0.096,11.2802
27.294,0.0602,0.0961,11.28
27.326,0.0601,0.096,11.2801
27.349,0.0603,0.0962,11.28
27.378,0.0602,0.0961,11.28
27.407,0.0604,0.0962,11.2799
27.441,0.0605,0.0961,11.2798
27.476,0.0604,0.0962,11.2799
27.555,0.0606,0.0961,11.2797
27.57,0.0607,0.0961,11.2796
27.59,0.0607,0.0961,11.2796
27.635,0.0607,0.0961,11.2796
27.655,0.0607,0.0961,11.2796
27.715,0.0607,0.0962,11.2796
27.733,0.0607,0.0962,11.2796
27.754,0.0602,0.0957,11.2799
27.828,0.0599,0.095,11.2799
27.861,0.0593,0.0952,11.2806
27.896,0.0592,0.0952,11.2807
27.957,0.0594,0.095,11.2805
28.004,0.0595,0.0951,11.2803
28.011,0.0601,0.0955,11.2799
28.026,0.0599,0.0953,11.28
28.093,0.0609,0.096,11.2794
28.131,0.0609,0.096,11.2794
28.18,0.0621,0.0964,11.2784
28.191,0.0641,0.0966,11.2766
28.218,0.0627,0.0965,11.2779
28.258,0.0647,0.0965,11.276
28.292,0.0662,0.0953,11.2742
28.324,0.0659,0.0955,11.2745
28.392,0.0691,0.0957,11.2715
28.418,0.0684,0.0956,11.2722
28.437,0.0712,0.0965,11.2699
28.485,0.0704,0.0962,11.2706
28.497,0.073,0.0975,11.2686
28.521,0.0722,0.0971,11.2691
28.554,0.0739,0.0981,11.2679
28.59,0.0736,0.0979,11.2681
28.637,0.0748,0.0988,11.2673
28.673,0.0747,0.0987,11.2674
28.717,0.0752,0.0997,11.2673
28.766,0.0751,0.0996,11.2673
28.8,0.0744,0.1023,11.269
28.81,0.0748,0.1012,11.2683
28.872,0.0736,0.1036,11.2702
28.955,0.0698,0.108,11.2753
28.985,0.0701,0.1088,11.2753
29.018,0.0709,0.1103,11.2751
29.026,0.0699,0.1091,11.2756
29.06,0.0706,0.11,11.2752
29.093,0.0725,0.1055,11.2719
29.126,0.0714,0.1067,11.2733
29.142,0.0718,0.1048,11.2723
29.206,0.0723,0.1044,11.2717
29.256,0.073,0.1031,11.2706
29.28,0.0727,0.1031,11.2708
29.301,0.0721,0.1037,11.2716
29.322,0.0713,0.1049,11.2728
29.358,0.0718,0.1041,11.272
29.406,0.0704,0.1052,11.2737
29.429,0.0708,0.1051,11.2733
29.457,0.0696,0.1049,11.2744
29.492,0.0698,0.105,11.2742
29.518,0.0688,0.1047,11.275
29.55,0.0689,0.1047,11.275
29.563,0.0684,0.1048,11.2755
29.595,0.0679,0.1051,11.276
29.625,0.0682,0.1049,11.2757
29.655,0.0674,0.1053,11.2766
29.691,0.0677,0.1053,11.2763
29.73,0.0669,0.1054,11.2771
29.758,0.0664,0.1054,11.2776
29.775,0.067,0.1054,11.277
29.82,0.066,0.1053,11.2779
29.849,0.0663,0.1054,11.2776
29.918,0.0659,0.1053,11.278
29.926,0.0655,0.1054,11.2783
29.986,0.0654,0.1054,11.2785
30.013,0.0651,0.1055,11.2788
30.047,0.0652,0.1055,11.2787
30.083,0.065,0.1056,11.2789
30.105,0.065,0.1056,11.2789
30.118,0.0649,0.1055,11.279
30.149,0.0648,0.1055,11.2791
30.19,0.0649,0.1055,11.279
30.223,0.0646,0.1056,11.2793
30.258,0.0647,0.1055,11.2792
30.296,0.0644,0.1057,11.2795
30.34,0.0645,0.1057,11.2795
30.372,0.0644,0.1057,11.2796
30.384,0.0644,0.1057,11.2796
30.41,0.0643,0.1057,11.2796
30.459,0.0643,0.1057,11.2796
30.465,0.0643,0.1057,11.2796
30.511,0.0642,0.1058,11.2797
30.539,0.0643,0.1057,11.2797
30.565,0.0642,0.1058,11.2798
30.6,0.0642,0.1058,11.2798
30.636,0.0641,0.1058,11.2798
30.668,0.0641,0.1058,11.2798
30.698,0.064,0.1058,11.2799
30.727,0.064,0.1058,11.28
30.742,0.064,0.1058,11.2799
30.768,0.064,0.1059,11.28
30.818,0.064,0.1059,11.28
30.885,0.064,0.1059,11.28
30.91,0.064,0.1059,11.28
30.94,0.0639,0.1059,11.2801
30.972,0.064,0.1059,11.28
30.995,0.0638,0.106,11.2801
31.029,0.0638,0.106,11.2801
31.045,0.0637,0.106,11.2803
31.067,0.0636,0.106,11.2804
31.091,0.0637,0.106,11.2803
31.121,0.0635,0.1061,11.2805
31.154,0.0635,0.106,11.2804
31.181,0.0634,0.1061,11.2806
31.227,0.0635,0.1061,11.2805
31.233,0.0635,0.1062,11.2806
31.29,0.0635,0.1062,11.2806
31.305,0.0635,0.1062,11.2806
31.342,0.0635,0.1061,11.2806
31.366,0.0635,0.1062,11.2806
31.391,0.0634,0.1062,11.2806
31.428,0.0634,0.1061,11.2806
31.452,0.0634,0.1062,11.2807
31.489,0.0633,0.1063,11.2807
31.501,0.0634,0.1062,11.2807
31.547,0.0633,0.1062,11.2807
31.567,0.0633,0.1062,11.2807
31.609,0.0633,0.1062,11.2807
31.648,0.0633,0.1062,11.2807
31.672,0.0633,0.1062,11.2807
31.727,0.0633,0.1063,11.2808
31.767,0.064,0.108,11.2807
31.799,0.0639,0.1079,11.2808
31.826,0.0642,0.108,11.2805
31.854,0.0646,0.1098,11.2808
31.866,0.0643,0.1081,11.2805
31.904,0.0648,0.1111,11.2811
31.932,0.0646,0.1105,11.281
31.977,0.0652,0.1123,11.2811
32.018,0.0651,0.1121,11.2811
32.053,0.0654,0.1128,11.2811
32.089,0.0654,0.1128,11.2811
32.125,0.0653,0.1141,11.2817
32.145,0.0653,0.1138,11.2816
32.182,0.0652,0.1144,11.2818
32.215,0.0652,0.1144,11.2818
32.25,0.0649,0.1146,11.2822
32.284,0.0649,0.1146,11.2822
32.318,0.0645,0.1145,11.2826
32.328,0.064,0.1146,11.2831
32.354,0.0645,0.1145,11.2826
32.388,0.0637,0.1137,11.283
32.417,0.0639,0.1142,11.283
32.46,0.0633,0.1138,11.2834
32.486,0.0637,0.1145,11.2833
32.504,0.0626,0.1136,11.284
32.569,0.0626,0.1138,11.2841
32.595,0.0618,0.1147,11.2851
32.646,0.0619,0.1147,11.2851
32.669,0.0617,0.1149,11.2853
32.701,0.0617,0.1149,11.2853
32.716,0.062,0.1146,11.285
32.771,0.062,0.1145,11.2849
32.799,0.0625,0.1147,11.2845
32.833,0.0624,0.1147,11.2845
32.851,0.0612,0.1142,11.2855
32.89,0.0611,0.114,11.2856
32.907,0.0611,0.114,11.2855
32.935,0.0623,0.1159,11.2851
32.967,0.0617,0.1149,11.2853
32.996,0.0634,0.1183,11.2849
33.041,0.0634,0.1181,11.2849
33.077,0.064,0.1204,11.2851
33.106,0.0641,0.1206,11.2851
33.132,0.0646,0.1221,11.2852
33.182,0.0646,0.1225,11.2853
33.203,0.0647,0.1231,11.2854
33.224,0.0647,0.124,11.2858
33.263,0.0647,0.1238,11.2857
33.274,0.0646,0.1245,11.286
33.33,0.0645,0.1245,11.2861
33.357,0.0645,0.1248,11.2862
33.39,0.0644,0.125,11.2863
33.402,0.0645,0.1249,11.2863
33.434,0.0644,0.1251,11.2864
33.478,0.0644,0.1251,11.2864
33.513,0.0644,0.1253,11.2865
33.534,0.0644,0.1254,11.2865
33.552,0.0645,0.1255,11.2865
33.595,0.0645,0.1256,11.2865
33.61,0.0645,0.1256,11.2865
33.643,0.0644,0.1257,11.2866
33.687,0.0645,0.1256,11.2865
33.719,0.0644,0.1257,11.2866
33.759,0.0644,0.1257,11.2866
33.792,0.0643,0.1258,11.2867
33.817,0.0644,0.1258,11.2867
33.836,0.0644,0.1259,11.2867
33.859,0.0644,0.126,11.2867
33.91,0.0644,0.1259,11.2867
33.94,0.0645,0.1261,11.2867
33.958,0.0645,0.1261,11.2867
33.983,0.0646,0.1261,11.2866
34.04,0.0646,0.1261,11.2866
34.088,0.0651,0.1253,11.2858
34.107,0.0647,0.1258,11.2863
34.155,0.0661,0.1269,11.2855
34.189,0.0659,0.1266,11.2855
34.225,0.0669,0.129,11.2854
34.275,0.0667,0.1285,11.2855
34.309,0.0666,0.1301,11.2861
34.338,0.0667,0.1297,11.2859
34.377,0.066,0.1314,11.2872
34.403,0.0662,0.1309,11.2868
34.449,0.0657,0.1307,11.2872
34.464,0.0657,0.1308,11.2872
34.491,0.0656,0.1309,11.2873
34.522,0.0656,0.1308,11.2873
34.547,0.0659,0.1309,11.287
34.565,0.0663,0.1311,11.2868
34.607,0.0662,0.131,11.2868
34.652,0.0666,0.1311,11.2865
34.665,0.0665,0.1311,11.2866
34.7,0.0668,0.1311,11.2863
34.735,0.0668,0.1311,11.2863
34.782,0.067,0.1313,11.2862
34.824,0.067,0.1313,11.2862
34.869,0.0672,0.1314,11.286
34.89,0.0672,0.1314,11.286
34.919,0.0674,0.1315,11.2858
34.965,0.0675,0.1315,11.2858
34.979,0.0678,0.1314,11.2855
35.032,0.0678,0.1314,11.2855
35.034,0.0682,0.1314,11.2851
35.08,0.0685,0.1312,11.2848
35.095,0.0682,0.1314,11.2851
35.144,0.0687,0.1311,11.2845
35.172,0.0686,0.1312,11.2847
35.227,0.069,0.131,11.2843
35.258,0.0689,0.1311,11.2843
35.28,0.0692,0.131,11.2841
35.314,0.0691,0.131,11.2842
35.354,0.0693,0.131,11.2839
35.385,0.0693,0.131,11.284
35.411,0.0694,0.1309,11.2838
35.472,0.0694,0.1309,11.2838
35.503,0.0694,0.1308,11.2837
35.521,0.0694,0.1309,11.2838
35.555,0.0696,0.1308,11.2836
35.571,0.0695,0.1308,11.2836
35.609,0.0696,0.1308,11.2836
35.647,0.0696,0.1308,11.2836
35.699,0.0696,0.1308,11.2835
35.719,0.0696,0.1308,11.2835
35.751,0.0696,0.1308,11.2835
35.784,0.0696,0.1308,11.2835
35.816,0.0697,0.1307,11.2835
35.859,0.0697,0.1307,11.2835
35.888,0.0697,0.1307,11.2834
35.903,0.0697,0.1307,11.2834
35.935,0.0697,0.1307,11.2834
35.995,0.0698,0.1307,11.2834
36.007,0.0698,0.1307,11.2833
36.02,0.0698,0.1307,11.2833
36.057,0.0698,0.1307,11.2833
36.092,0.0698,0.1308,11.2834
36.116,0.0698,0.1308,11.2833
36.164,0.0698,0.1308,11.2834
36.182,0.0698,0.1308,11.2834
36.2,0.0699,0.1308,11.2833
36.229,0.0699,0.1308,11.2832
36.257,0.0699,0.1308,11.2833
36.298,0.07,0.1307,11.2832
36.323,0.07,0.1307,11.2832
36.352,0.0699,0.1308,11.2833
36.397,0.0699,0.1308,11.2832
36.418,0.07,0.1308,11.2832
36.443,0.07,0.1307,11.2832
36.465,0.07,0.1308,11.2832
36.498,0.07,0.1307,11.2832
36.549,0.07,0.1307,11.2831
36.572,0.0701,0.1308,11.2831
36.648,0.0701,0.1308,11.2831
36.652,0.0701,0.1308,11.2831
36.667,0.0701,0.1308,11.2831
36.704,0.0701,0.1308,11.2831
36.733,0.0701,0.1307,11.2831
36.782,0.0701,0.1308,11.2831
36.798,0.0701,0.1307,11.2831
36.838,0.0701,0.1307,11.2831
36.854,0.0701,0.1308,11.283
36.873,0.0702,0.1307,11.283
36.906,0.0702,0.1307,11.283
36.942,0.0702,0.1307,11.283
36.97,0.0702,0.1307,11.283
36.993,0.0702,0.1307,11.283
37.032,0.0701,0.1307,11.2831
37.061,0.0702,0.1307,11.283
37.114,0.0702,0.1307,11.2829
37.136,0.0701,0.1307,11.283
37.16,0.0702,0.1307,11.2829
37.185,0.0702,0.1307,11.2829
37.215,0.0702,0.1306,11.2829
37.255,0.0703,0.1306,11.2829
37.285,0.0702,0.1306,11.283
37.315,0.0702,0.1306,11.283
37.344,0.0702,0.1307,11.283
37.358,0.0703,0.1306,11.2829
37.389,0.0702,0.1306,11.2829
37.436,0.0702,0.1306,11.2829
37.484,0.0703,0.1306,11.2829
37.493,0.0702,0.1307,11.2829
37.527,0.0702,0.1307,11.283
37.57,0.0702,0.1307,11.2829
37.593,0.0703,0.1306,11.2828
37.623,0.0703,0.1307,11.2829
37.693,0.0704,0.1306,11.2827
37.697,0.0704,0.1306,11.2828
37.74,0.0703,0.1306,11.2828
37.765,0.0703,0.1306,11.2828
37.835,0.0704,0.1306,11.2828
37.839,0.0703,0.1306,11.2828
37.855,0.0704,0.1306,11.2827
37.91,0.0704,0.1306,11.2827
37.946,0.0704,0.1306,11.2828
37.975,0.0704,0.1306,11.2828
38.017,0.0703,0.1306,11.2829
38.052,0.0703,0.1306,11.2829
38.078,0.0704,0.1306,11.2828
38.103,0.0704,0.1306,11.2828
38.169,0.0704,0.1306,11.2827
38.197,0.0704,0.1306,11.2827
38.224,0.0704,0.1306,11.2828
38.247,0.0704,0.1306,11.2828
38.27,0.0704,0.1306,11.2828
38.315,0.0704,0.1306,11.2828
38.349,0.0704,0.1306,11.2827
38.397,0.0704,0.1306,11.2827
38.424,0.0704,0.1306,11.2827
38.447,0.0704,0.1306,11.2827
38.471,0.0705,0.1306,11.2827
38.5,0.0705,0.1306,11.2826
38.52,0.0705,0.1306,11.2827
38.555,0.0706,0.1306,11.2826
38.591,0.0706,0.1306,11.2826
38.624,0.0705,0.1306,11.2826
38.648,0.0705,0.1306,11.2826
38.678,0.0705,0.1307,11.2827
38.719,0.0705,0.1307,11.2827
38.757,0.0706,0.1307,11.2826
38.79,0.0706,0.1306,11.2825
38.809,0.0706,0.1307,11.2826
38.844,0.0706,0.1307,11.2826
38.862,0.0706,0.1307,11.2825
38.899,0.0706,0.1307,11.2826
38.954,0.0706,0.1307,11.2826
38.993,0.0706,0.1307,11.2826
39.012,0.0706,0.1307,11.2826
39.039,0.0707,0.1307,11.2825
39.067,0.0707,0.1307,11.2825
39.111,0.0706,0.1307,11.2826
39.123,0.0706,0.1307,11.2826
39.15,0.0706,0.1307,11.2826
39.218,0.0706,0.1307,11.2826
39.228,0.0706,0.1307,11.2826
39.272,0.0705,0.1306,11.2827
39.281,0.0705,0.1306,11.2826
39.303,0.0705,0.1306,11.2827
39.357,0.0705,0.1306,11.2827
39.379,0.0705,0.1307,11.2827
39.391,0.0705,0.1307,11.2827
39.423,0.0705,0.1307,11.2827
39.469,0.0706,0.1306,11.2826
39.484,0.0705,0.1307,11.2826
39.504,0.0706,0.1306,11.2826
39.559,0.0706,0.1306,11.2826
39.57,0.0706,0.1307,11.2826
39.608,0.0706,0.1307,11.2826
39.627,0.0706,0.1307,11.2826
39.663,0.0707,0.1307,11.2825
39.694,0.0706,0.1307,11.2826
39.727,0.0706,0.1306,11.2825
39.76,0.0706,0.1306,11.2825
39.798,0.0706,0.1306,11.2825
39.816,0.0707,0.1306,11.2825
39.83,0.0706,0.1306,11.2825
39.876,0.0708,0.1306,11.2824
39.915,0.0707,0.1306,11.2825
39.948,0.0708,0.1305,11.2824
39.986,0.0708,0.1305,11.2824
40.024,0.0707,0.1305,11.2824
40.068,0.0707,0.1305,11.2824
40.093,0.0708,0.1306,11.2824
40.149,0.0708,0.1306,11.2824
40.171,0.0707,0.1305,11.2824
40.211,0.0707,0.1306,11.2824
40.257,0.0707,0.1305,11.2824
40.277,0.0707,0.1305,11.2824
40.292,0.0707,0.1305,11.2825
40.319,0.0707,0.1306,11.2825
40.349,0.0707,0.1306,11.2825
40.413,0.0707,0.1306,11.2825
40.434,0.0707,0.1305,11.2824
40.467,0.0707,0.1305,11.2824
40.488,0.0707,0.1305,11.2824
40.537,0.0707,0.1305,11.2824
40.576,0.0708,0.1306,11.2824
40.601,0.0708,0.1305,11.2823
40.625,0.0708,0.1306,11.2824
40.667,0.0708,0.1304,11.2823
40.686,0.0708,0.1305,11.2823
40.711,0.0708,0.1305,11.2824
40.756,0.0707,0.1305,11.2824
40.786,0.0708,0.1306,11.2823
40.828,0.0708,0.1306,11.2823
40.872,0.0709,0.1305,11.2823
40.89,0.0709,0.1305,11.2823
40.918,0.0709,0.1305,11.2823
40.966,0.0709,0.1305,11.2823
40.97,0.0708,0.1306,11.2824
41.019,0.0708,0.1306,11.2824
41.04,0.0709,0.1306,11.2823
41.053,0.0709,0.1305,11.2823
41.113,0.0709,0.1305,11.2823
41.124,0.0709,0.1304,11.2823
41.162,0.0709,0.1304,11.2823
41.19,0.0708,0.1305,11.2823
41.25,0.0708,0.1305,11.2823
41.253,0.0708,0.1305,11.2823
41.278,0.0709,0.1304,11.2822
41.302,0.0709,0.1305,11.2823
41.338,0.071,0.1304,11.2822
41.381,0.071,0.1304,11.2822
41.401,0.0709,0.1304,11.2822
41.432,0.0709,0.1304,11.2822
41.451,0.0709,0.1304,11.2822
41.489,0.071,0.1304,11.2821
41.527,0.071,0.1304,11.2822
41.592,0.071,0.1304,11.2821
41.615,0.071,0.1304,11.2822
41.636,0.0709,0.1305,11.2823
41.664,0.0709,0.1305,11.2822
41.708,0.0709,0.1305,11.2823
41.732,0.0709,0.1305,11.2823
41.757,0.0709,0.1304,11.2822
41.808,0.0709,0.1304,11.2822
41.842,0.0709,0.1304,11.2822
41.864,0.0709,0.1304,11.2822
41.891,0.071,0.1304,11.2822
41.921,0.071,0.1305,11.2821
41.945,0.071,0.1304,11.2821
41.967,0.0711,0.1304,11.2821
41.994,0.0711,0.1304,11.2821
42.033,0.071,0.1304,11.2821
42.076,0.071,0.1304,11.2821
42.116,0.071,0.1304,11.2822
42.156,0.071,0.1304,11.2822
42.168,0.0709,0.1305,11.2822
42.197,0.071,0.1304,11.2822
42.238,0.071,0.1304,11.2822
42.288,0.0709,0.1304,11.2822
42.316,0.0709,0.1304,11.2822
42.356,0.071,0.1304,11.2822
42.39,0.0709,0.1304,11.2822
42.421,0.071,0.1304,11.2821
42.44,0.071,0.1304,11.2821
42.507,0.0711,0.1304,11.282
42.525,0.0711,0.1304,11.282
42.583,0.0711,0.1304,11.282
42.59,0.0709,0.1304,11.2822
42.61,0.071,0.1303,11.2821
42.628,0.0709,0.1304,11.2822
42.672,0.071,0.1303,11.282
42.695,0.071,0.1303,11.2821
42.736,0.071,0.1303,11.2821
42.791,0.071,0.1303,11.2821
42.853,0.071,0.1303,11.2821
42.878,0.071,0.1303,11.2821
42.913,0.0711,0.1303,11.282
42.931,0.0711,0.1303,11.282
42.988,0.0711,0.1302,11.282
43.015,0.0711,0.1302,11.2819
43.055,0.071,0.1302,11.282
43.07,0.0711,0.1302,11.282
43.104,0.071,0.1303,11.2821
43.141,0.071,0.1303,11.2821
43.161,0.071,0.1303,11.282
43.183,0.0711,0.1302,11.282
43.205,0.0711,0.1302,11.282
43.223,0.0714,0.1301,11.2816
43.282,0.0724,0.1298,11.2806
43.301,0.0712,0.1302,11.2819
43.358,0.0725,0.1298,11.2805
43.398,0.0785,0.1278,11.2741
43.41,0.0773,0.1283,11.2755
43.448,0.0863,0.1264,11.2664
43.477,0.0878,0.1261,11.2649
43.505,0.0966,0.1244,11.2561
43.531,0.1078,0.1222,11.2448
43.558,0.1029,0.1231,11.2497
43.604,0.1205,0.1192,11.2319
43.638,0.1174,0.1199,11.235
43.666,0.1326,0.116,11.2194
43.704,0.1323,0.1161,11.2198
43.74,0.1476,0.1092,11.203
43.77,0.1476,0.1092,11.203
43.819,0.1693,0.1049,11.1812
43.837,0.166,0.1056,11.1846
43.878,0.187,0.1017,11.1635
43.918,0.1875,0.1017,11.1631
43.954,0.2107,0.1007,11.141
43.989,0.2108,0.1007,11.1409
44.026,0.2368,0.0959,11.1149
44.056,0.2343,0.0965,11.1174
44.083,0.2548,0.0949,11.0977
44.098,0.2647,0.0916,11.0873
44.13,0.2558,0.0943,11.0966
44.174,0.2737,0.0875,11.0774
44.207,0.2686,0.0897,11.0831
44.238,0.2806,0.0828,11.0694
44.27,0.2793,0.0836,11.0709
44.304,0.2838,0.0811,11.0658
44.346,0.2836,0.0812,11.066
44.385,0.2863,0.0814,11.0636
44.396,0.286,0.0814,11.0638
44.414,0.2852,0.082,11.0647
44.441,0.2836,0.0832,11.0667
44.483,0.285,0.082,11.0649
44.527,0.283,0.0838,11.0674
44.535,0.2834,0.0835,11.067
44.558,0.2832,0.0837,11.0673
44.625,0.2831,0.0838,11.0673
44.654,0.2841,0.0832,11.0662
44.673,0.2839,0.0833,11.0664
44.692,0.2846,0.0828,11.0656
44.758,0.2847,0.0827,11.0655
44.773,0.2849,0.0826,11.0652
44.797,0.2849,0.0825,11.0652
44.82,0.285,0.0825,11.0652
44.858,0.285,0.0825,11.0651
44.905,0.285,0.0825,11.0652
44.928,0.2852,0.0824,11.0649
44.954,0.2851,0.0824,11.065
44.972,0.2854,0.0824,11.0647
45.02,0.2854,0.0824,11.0647
45.055,0.2881,0.0825,11.0623
45.071,0.2924,0.0815,11.0579
45.095,0.2883,0.0825,11.0621
45.119,0.2996,0.0796,11.0505
45.168,0.2969,0.0803,11.0533
45.211,0.3085,0.0767,11.0411
45.241,0.3069,0.0772,11.0428
45.255,0.3187,0.0732,11.0303
45.283,0.3296,0.0695,11.0189
45.308,0.3206,0.0725,11.0283
45.382,0.3349,0.0678,11.0132
45.402,0.3482,0.0633,10.9993
45.414,0.3602,0.059,10.9865
45.46,0.3525,0.0617,10.9946
45.498,0.3726,0.0553,10.9736
45.526,0.3667,0.0571,10.9798
45.559,0.3831,0.0511,10.9623
45.604,0.3803,0.0523,10.9653
45.628,0.3977,0.046,10.9469
45.651,0.3967,0.0464,10.9479
45.698,0.4083,0.0397,10.9347
45.728,0.412,0.0386,10.9309
45.757,0.4256,0.0353,10.917
45.78,0.4406,0.0351,10.9029
45.805,0.4265,0.0353,10.9161
45.834,0.4585,0.0334,10.8856
45.891,0.4502,0.0349,10.8939
45.941,0.4746,0.0322,10.8701
45.951,0.4665,0.032,10.8776
45.982,0.4816,0.0331,10.864
46.025,0.4803,0.033,10.8651
46.065,0.4885,0.0323,10.8572
46.071,0.4871,0.0324,10.8585
46.112,0.491,0.0312,10.8545
46.147,0.4912,0.0308,10.8541
46.152,0.491,0.0312,10.8545
46.188,0.491,0.0317,10.8547
46.223,0.4912,0.031,10.8542
46.268,0.4907,0.0322,10.8551
46.305,0.4908,0.0321,10.855
46.33,0.4901,0.0322,10.8557
46.373,0.4902,0.0322,10.8556
46.386,0.4894,0.0319,10.8562
46.471,0.4894,0.0319,10.8562
46.508,0.489,0.0314,10.8564
46.566,0.4891,0.0315,10.8564
46.602,0.489,0.0313,10.8563
46.639,0.489,0.0313,10.8564
46.667,0.489,0.0313,10.8564
46.701,0.489,0.0313,10.8563
46.73,0.4893,0.0311,10.8561
46.743,0.4934,0.0297,10.8517
46.775,0.4936,0.0296,10.8515
46.812,0.4987,0.0291,10.8465
46.821,0.5064,0.0273,10.8387
46.861,0.5013,0.0285,10.8439
46.896,0.5172,0.0242,10.8275
46.927,0.5125,0.0256,10.8324
46.949,0.5258,0.0208,10.8183
46.974,0.5336,0.0173,10.8097
46.99,0.5264,0.0206,10.8176
47.063,0.5363,0.0163,10.8069
47.096,0.56,0.0074,10.7815
47.121,0.5566,0.0087,10.7852
47.149,0.5781,0.001,10.7624
47.171,0.5979,-0.0038,10.7422
47.194,0.5794,0.0009,10.7611
47.233,0.6185,-0.0135,10.7195
47.263,0.6067,-0.0091,10.732
47.289,0.6291,-0.0178,10.708
47.332,0.6281,-0.0172,10.7091
47.36,0.646,-0.0215,10.6909
47.412,0.6475,-0.0218,10.6894
47.463,0.6688,-0.025,10.6684
47.483,0.6666,-0.0247,10.6705
47.533,0.6843,-0.026,10.6536
47.556,0.6832,-0.0262,10.6545
47.581,0.6933,-0.0252,10.6455
47.63,0.6929,-0.0252,10.6458
47.664,0.6943,-0.0246,10.6447
47.702,0.6945,-0.0246,10.6446
47.726,0.6919,-0.0239,10.6472
47.761,0.6919,-0.0239,10.6473
47.796,0.69,-0.024,10.649
47.834,0.69,-0.024,10.649
47.875,0.6886,-0.0227,10.6507
47.916,0.6889,-0.0232,10.6503
47.957,0.689,-0.0209,10.651
47.98,0.6889,-0.0214,10.6509
48.009,0.6896,-0.0198,10.6509
48.038,0.6895,-0.02,10.6509
48.075,0.6894,-0.0196,10.6511
48.098,0.689,-0.0196,10.6515
48.124,0.6894,-0.0196,10.6511
48.191,0.6888,-0.0197,10.6517
48.258,0.6882,-0.0197,10.6522
48.269,0.6883,-0.0198,10.6521
48.295,0.6883,-0.0193,10.6523
48.318,0.6882,-0.0195,10.6523
48.355,0.6891,-0.02,10.6513
48.377,0.689,-0.0199,10.6514
48.412,0.6903,-0.0212,10.6497
48.434,0.6944,-0.0221,10.6456
48.457,0.6914,-0.0215,10.6486
48.498,0.7007,-0.0233,10.6393
48.53,0.6981,-0.0226,10.642
48.566,0.7114,-0.0251,10.6286
48.605,0.7096,-0.0249,10.6304
48.632,0.7215,-0.0277,10.6183
48.668,0.7233,-0.0282,10.6165
48.707,0.7378,-0.0319,10.6016
48.731,0.7365,-0.0317,10.6029
48.768,0.7586,-0.0361,10.5807
48.801,0.7572,-0.0359,10.5821
48.822,0.7785,-0.0398,10.5608
48.869,0.7962,-0.0446,10.5425
48.898,0.7814,-0.0406,10.5578
48.937,0.8122,-0.0482,10.5264
48.957,0.8075,-0.0473,10.5311
48.982,0.8349,-0.0604,10.5008
49.007,0.8472,-0.0663,10.4872
49.032,0.8329,-0.0593,10.503
49.074,0.8622,-0.0719,10.4711
49.102,0.8506,-0.068,10.4834
49.158,0.8688,-0.0741,10.4642
49.199,0.8879,-0.0803,10.4441
49.254,0.8955,-0.0813,10.4367
49.288,0.9156,-0.0825,10.4175
49.334,0.9167,-0.0824,10.4166
49.397,0.9397,-0.0808,10.3958
49.429,0.9414,-0.0812,10.394
49.48,0.944,-0.0829,10.3909
49.535,0.944,-0.0829,10.391
49.559,0.9398,-0.0825,10.395
49.602,0.9409,-0.0828,10.3939
49.624,0.9375,-0.0804,10.3979
49.668,0.9381,-0.0809,10.3972
49.689,0.9371,-0.0793,10.3987
49.715,0.9371,-0.0794,10.3987
49.727,0.9372,-0.0791,10.3987
49.791,0.9372,-0.079,10.3988
49.842,0.9368,-0.0789,10.3992
49.88,0.9367,-0.0789,10.3992
49.896,0.9363,-0.0787,10.3996
49.94,0.9363,-0.0787,10.3997
49.966,0.9359,-0.0785,10.4001
50.037,0.9359,-0.0785,10.4002
50.087,0.9354,-0.0781,10.4008
50.091,0.9355,-0.0782,10.4006
50.116,0.935,-0.0779,10.4012
50.146,0.9351,-0.078,10.401
50.162,0.9359,-0.078,10.4003
50.218,0.9358,-0.0779,10.4005
50.237,0.9398,-0.0766,10.3972
50.285,0.94,-0.0766,10.397
50.316,0.9483,-0.0771,10.3891
50.363,0.9472,-0.077,10.3901
50.396,0.9569,-0.0786,10.3806
50.434,0.9549,-0.0781,10.3826
50.481,0.9711,-0.0817,10.3662
50.513,0.9673,-0.0808,10.3701
50.54,0.9844,-0.0831,10.3533
50.582,0.9811,-0.0828,10.3565
50.61,1.0054,-0.0869,10.3323
50.634,1.0003,-0.0858,10.3376
50.663,1.0213,-0.0923,10.3156
50.708,1.0213,-0.0923,10.3157
50.743,1.0485,-0.1015,10.287
50.758,1.0427,-0.0985,10.2934
50.78,1.0658,-0.1078,10.2685
50.837,1.0653,-0.1075,10.2692
50.85,1.0758,-0.1123,10.2576
50.88,1.0904,-0.1153,10.243
50.912,1.0798,-0.1132,10.2535
50.934,1.1078,-0.1182,10.2257
50.968,1.1021,-0.1175,10.2313
51.028,1.1215,-0.1176,10.2131
51.03,1.1319,-0.1158,10.2042
51.057,1.1203,-0.1177,10.2143
51.099,1.1361,-0.1143,10.2008
51.15,1.1343,-0.1158,10.202
51.182,1.1383,-0.1144,10.1987
51.212,1.1376,-0.1143,10.1994
51.242,1.1355,-0.1135,10.2016
51.304,1.1363,-0.1137,10.2009
51.326,1.1329,-0.1128,10.2044
51.355,1.1338,-0.1131,10.2034
51.389,1.1326,-0.1126,10.2047
51.437,1.1327,-0.1127,10.2046
51.453,1.1324,-0.1121,10.2051
51.474,1.1324,-0.1123,10.2049
51.502,1.132,-0.1119,10.2055
51.544,1.132,-0.1119,10.2054
51.576,1.1315,-0.1118,10.206
51.662,1.1315,-0.1117,10.206
51.675,1.1309,-0.1114,10.2067
51.696,1.131,-0.1115,10.2065
51.73,1.1304,-0.1113,10.2072
51.765,1.1306,-0.1113,10.2071
51.815,1.1301,-0.1111,10.2076
51.842,1.1301,-0.1112,10.2075
51.867,1.1338,-0.1109,10.2042
51.902,1.1333,-0.1109,10.2046
51.923,1.1381,-0.1106,10.2003
51.944,1.1426,-0.1114,10.1958
51.968,1.1387,-0.1107,10.1997
52.034,1.1445,-0.112,10.1939
52.066,1.1543,-0.1147,10.1837
52.117,1.1539,-0.1146,10.1841
52.159,1.1676,-0.1176,10.1703
52.186,1.1643,-0.1172,10.1736
52.227,1.1895,-0.1209,10.1487
52.287,1.1801,-0.1194,10.158
52.311,1.2089,-0.1256,10.129
52.332,1.2047,-0.1244,10.1334
52.38,1.236,-0.1323,10.1014
52.405,1.2302,-0.1309,10.1073
52.427,1.252,-0.138,10.0844
52.452,1.2479,-0.1365,10.0887
52.477,1.2668,-0.1431,10.0688
52.501,1.2809,-0.1473,10.0541
52.538,1.2683,-0.1438,10.0671
52.59,1.2858,-0.1483,10.0492
52.625,1.3053,-0.1579,10.0274
52.643,1.3182,-0.1612,10.0142
52.67,1.3055,-0.158,10.0273
52.703,1.3312,-0.1619,10.002
52.727,1.3234,-0.1616,10.0094
52.75,1.3488,-0.1629,9.9853
52.804,1.3464,-0.1628,9.9876
52.836,1.368,-0.1635,9.9672
52.87,1.3658,-0.1636,9.9692
52.915,1.3817,-0.1606,9.9556
52.945,1.3817,-0.1607,9.9556
52.982,1.3886,-0.1616,9.9488
53.017,1.3883,-0.1618,9.949
53.05,1.3876,-0.1607,9.9501
53.095,1.3878,-0.1608,9.9499
53.129,1.3822,-0.1591,9.9557
53.154,1.3832,-0.1594,9.9547
53.179,1.3799,-0.1585,9.9581
53.226,1.3798,-0.1584,9.9581
53.255,1.3788,-0.158,9.9592
53.279,1.3788,-0.1577,9.9593
53.307,1.3788,-0.158,9.9593
53.337,1.3788,-0.1575,9.9594
53.372,1.3788,-0.1576,9.9594
53.397,1.3786,-0.1572,9.9597
53.435,1.3786,-0.1572,9.9597
53.467,1.3782,-0.1571,9.9602
53.532,1.3782,-0.1571,9.9602
53.562,1.3775,-0.1568,9.961
53.579,1.3777,-0.1569,9.9607
53.612,1.3783,-0.1585,9.9595
53.631,1.3772,-0.1567,9.9612
53.667,1.3752,-0.1565,9.9632
53.706,1.3752,-0.1565,9.9632
53.733,1.3753,-0.1553,9.9636
53.768,1.3754,-0.155,9.9635
53.793,1.3763,-0.1534,9.9633
53.826,1.3771,-0.152,9.9631
53.851,1.3764,-0.1532,9.9633
53.882,1.3776,-0.1509,9.963
53.919,1.3774,-0.1515,9.963
53.936,1.3779,-0.1499,9.9631
53.996,1.3779,-0.1499,9.9631
54.02,1.3791,-0.1482,9.9626
54.073,1.379,-0.1483,9.9627
54.077,1.3801,-0.1472,9.9622
54.111,1.381,-0.1466,9.9615
54.136,1.3802,-0.1471,9.9621
54.168,1.3818,-0.1466,9.9607
54.204,1.3814,-0.1465,9.9612
54.241,1.3826,-0.147,9.9599
54.286,1.3825,-0.1469,9.96
54.339,1.383,-0.1483,9.959
54.36,1.3829,-0.148,9.9592
54.386,1.3826,-0.1491,9.9591
54.428,1.3827,-0.1489,9.959
54.447,1.3816,-0.15,9.9597
54.497,1.3817,-0.1499,9.9596
54.523,1.3797,-0.1513,9.9609
54.558,1.3802,-0.151,9.9606
54.586,1.3762,-0.1474,9.9657
54.633,1.3762,-0.1474,9.9657
54.658,1.3759,-0.152,9.9642
54.701,1.3762,-0.1519,9.964
54.737,1.372,-0.1515,9.968
54.762,1.3725,-0.1516,9.9675
54.798,1.3713,-0.148,9.9699
54.836,1.3712,-0.1475,9.9702
54.868,1.3716,-0.1411,9.9722
54.906,1.3714,-0.142,9.9721
54.93,1.3724,-0.1389,9.9724
54.947,1.3721,-0.1376,9.9731
54.985,1.3722,-0.1385,9.9726
55.028,1.3719,-0.1369,9.9736
55.058,1.372,-0.1372,9.9733
55.118,1.3716,-0.1362,9.9741
55.133,1.3717,-0.1364,9.9739
55.17,1.3717,-0.135,9.9745
55.19,1.3716,-0.1354,9.9744
55.225,1.3717,-0.1343,9.9747
55.241,1.3719,-0.1339,9.9747
55.268,1.3717,-0.1344,9.9747
55.334,1.3719,-0.1338,9.9748
55.376,1.3717,-0.1331,9.9752
55.394,1.3717,-0.1333,9.9751
55.43,1.3717,-0.1327,9.9753
55.473,1.3718,-0.1326,9.9753
55.507,1.3721,-0.132,9.9752
55.524,1.372,-0.1321,9.9753
55.551,1.3722,-0.1314,9.9754
55.597,1.3722,-0.1314,9.9754
55.652,1.3722,-0.1308,9.9756
55.685,1.3722,-0.1309,9.9756
55.717,1.3721,-0.1302,9.9759
55.747,1.3722,-0.1304,9.9758
55.794,1.372,-0.1295,9.9763
55.817,1.372,-0.1291,9.9764
55.833,1.372,-0.1297,9.9761
55.892,1.372,-0.1291,9.9764
55.926,1.3718,-0.1284,9.9768
55.969,1.3719,-0.1285,9.9768
56.009,1.3717,-0.1279,9.9771
56.026,1.3718,-0.128,9.9771
56.073,1.3716,-0.1275,9.9774
56.086,1.3716,-0.1276,9.9774
56.135,1.3713,-0.127,9.9779
56.171,1.3713,-0.127,9.9778
56.219,1.371,-0.1265,9.9783
56.234,1.3711,-0.1267,9.9781
56.267,1.3708,-0.126,9.9787
56.301,1.3708,-0.1261,9.9786
56.314,1.3706,-0.1256,9.979
56.344,1.3705,-0.1253,9.9792
56.368,1.3706,-0.1256,9.979
56.412,1.3704,-0.1251,9.9794
56.444,1.3705,-0.1251,9.9793
56.48,1.3701,-0.1247,9.9798
56.511,1.3702,-0.1248,9.9797
56.543,1.3698,-0.1246,9.9802
56.559,1.3695,-0.1244,9.9805
56.593,1.3698,-0.1246,9.9802
56.633,1.3692,-0.1241,9.9809
56.657,1.3694,-0.1242,9.9807
56.68,1.369,-0.124,9.9811
56.717,1.3691,-0.124,9.981
56.754,1.3688,-0.1237,9.9814
56.793,1.3689,-0.1238,9.9813
56.823,1.3685,-0.1234,9.9818
56.891,1.3685,-0.1235,9.9817
56.925,1.3682,-0.1229,9.9823
56.951,1.3682,-0.123,9.9822
56.992,1.3678,-0.1225,9.9828
57.012,1.3679,-0.1226,9.9827
57.035,1.3676,-0.1222,9.9831
57.055,1.3673,-0.1218,9.9835
57.094,1.3676,-0.1222,9.9831
57.131,1.367,-0.1214,9.984
57.14,1.3672,-0.1217,9.9837
57.178,1.3665,-0.121,9.9845
57.212,1.3667,-0.1212,9.9843
57.242,1.3661,-0.1207,9.985
57.285,1.3661,-0.1208,9.985
57.318,1.3657,-0.1204,9.9856
57.346,1.3657,-0.1204,9.9856
57.375,1.3652,-0.12,9.9862
57.421,1.3651,-0.12,9.9862
57.48,1.3645,-0.1196,9.9869
57.517,1.3647,-0.1197,9.9868
57.565,1.3639,-0.1192,9.9876
57.577,1.3641,-0.1193,9.9874
57.621,1.3632,-0.1189,9.9884
57.654,1.3634,-0.119,9.9881
57.685,1.3623,-0.1189,9.9892
57.715,1.3623,-0.1189,9.9893
57.752,1.3611,-0.1187,9.9904
57.805,1.3615,-0.1188,9.99
57.829,1.3603,-0.1182,9.9914
57.854,1.3604,-0.1184,9.9912
57.892,1.3599,-0.1173,9.9921
57.915,1.3599,-0.1173,9.9921
57.951,1.3593,-0.1159,9.9932
57.966,1.3589,-0.115,9.9939
57.995,1.3592,-0.1158,9.9933
58.032,1.3582,-0.1141,9.9948
58.062,1.3586,-0.1146,9.9943
58.092,1.3575,-0.1134,9.9957
58.122,1.3578,-0.1136,9.9954
58.156,1.3569,-0.1129,9.9965
58.196,1.3569,-0.1129,9.9965
58.234,1.356,-0.1119,9.9977
58.266,1.3561,-0.1121,9.9975
58.301,1.3556,-0.1109,9.9985
58.324,1.3556,-0.111,9.9984
58.349,1.3553,-0.1102,9.999
58.37,1.355,-0.1097,9.9995
58.394,1.3552,-0.11,9.9991
58.432,1.3548,-0.1092,9.9998
58.472,1.3549,-0.1093,9.9997
58.496,1.3547,-0.1088,10.0001
58.544,1.3547,-0.1088,10.0001
58.554,1.3547,-0.1086,10.0002
58.578,1.3546,-0.1084,10.0003
58.632,1.3547,-0.1085,10.0002
58.659,1.3545,-0.1083,10.0005
58.691,1.3546,-0.1084,10.0004
58.723,1.3544,-0.1082,10.0006
58.748,1.3543,-0.1081,10.0008
58.776,1.3544,-0.1082,10.0006
58.83,1.3543,-0.1081,10.0007
58.872,1.3543,-0.108,10.0008
58.891,1.3543,-0.108,10.0008
58.923,1.3545,-0.1077,10.0007
58.939,1.3547,-0.1075,10.0006
58.966,1.3545,-0.1076,10.0007
58.998,1.3548,-0.1076,10.0004
59.063,1.3548,-0.1076,10.0005
59.131,1.3549,-0.1078,10.0003
59.169,1.355,-0.108,10.0002
59.186,1.3549,-0.1079,10.0002
59.218,1.355,-0.108,10.0001
59.238,1.355,-0.108,10.0001
59.249,1.3551,-0.1081,10.0
59.289,1.3551,-0.108,10.0
59.321,1.3551,-0.1081,10.0
59.386,1.3551,-0.108,10.0
59.419,1.3551,-0.1094,9.9995
59.459,1.3551,-0.1092,9.9996
59.483,1.3562,-0.1098,9.9983
59.515,1.3561,-0.1098,9.9984
59.563,1.3598,-0.108,9.9957
59.588,1.3594,-0.1082,9.996
59.632,1.3629,-0.105,9.9939
59.651,1.366,-0.1025,9.992
59.675,1.3629,-0.105,9.9939
59.712,1.3685,-0.1004,9.9905
59.758,1.3674,-0.1015,9.9911
59.781,1.371,-0.0984,9.9889
59.797,1.3699,-0.0993,9.9896
59.825,1.3729,-0.0968,9.9878
59.857,1.3747,-0.0955,9.9866
59.876,1.3726,-0.097,9.9879
59.912,1.3764,-0.0943,9.9855
59.935,1.3751,-0.0953,9.9864
59.964,1.3777,-0.0938,9.9845
60.027,1.3773,-0.0939,9.9848
60.06,1.38,-0.0928,9.9827
60.086,1.3792,-0.0932,9.9833
60.111,1.3807,-0.0941,9.9816
60.166,1.3807,-0.0941,9.9816
60.192,1.3822,-0.0965,9.9793
60.236,1.3822,-0.0965,9.9793
60.279,1.3815,-0.0967,9.9799
60.295,1.3817,-0.0967,9.9797
60.324,1.3807,-0.0959,9.9809
60.37,1.3808,-0.096,9.9808
60.398,1.3781,-0.0948,9.9837
60.423,1.3785,-0.0948,9.9833
60.444,1.3777,-0.093,9.9848
60.487,1.3779,-0.092,9.985
60.51,1.3792,-0.0896,9.9847
60.53,1.3809,-0.0872,9.984
60.563,1.3804,-0.0877,9.9843
60.607,1.3825,-0.0859,9.9831
60.639,1.3822,-0.0861,9.9833
60.681,1.3832,-0.0857,9.9825
60.737,1.3831,-0.0857,9.9825
60.769,1.3834,-0.0857,9.9823
60.79,1.3834,-0.0857,9.9823
60.818,1.3834,-0.0853,9.9824
60.852,1.3834,-0.0854,9.9824
60.887,1.3835,-0.0849,9.9825
60.919,1.3835,-0.085,9.9825
60.951,1.3837,-0.0846,9.9825
60.966,1.3838,-0.0844,9.9824
61.004,1.3836,-0.0846,9.9825
61.063,1.3839,-0.0844,9.9823
61.074,1.3841,-0.0843,9.9822
61.085,1.3842,-0.0842,9.9821
61.133,1.3842,-0.0843,9.9821
61.16,1.3843,-0.0842,9.9821
61.2,1.3843,-0.0842,9.982
61.241,1.3843,-0.0841,9.9821
61.278,1.3843,-0.0841,9.9821
61.287,1.3844,-0.084,9.982
61.328,1.3844,-0.084,9.982
61.341,1.3844,-0.0839,9.982
61.38,1.3844,-0.0839,9.982
61.403,1.3844,-0.0839,9.982
61.438,1.3844,-0.0839,9.9821
61.484,1.3844,-0.0839,9.9821
61.518,1.3839,-0.0845,9.9823
61.536,1.3825,-0.0853,9.9833
61.555,1.3833,-0.0854,9.9825
61.6,1.3823,-0.0843,9.9839
61.633,1.3823,-0.0848,9.9837
61.661,1.3828,-0.0836,9.9836
61.7,1.3826,-0.0839,9.9837
61.738,1.3842,-0.0827,9.9827
61.783,1.384,-0.0828,9.9828
61.813,1.3864,-0.0819,9.981
61.821,1.3884,-0.0808,9.9796
61.862,1.3863,-0.0819,9.9811
61.907,1.388,-0.0804,9.98
61.933,1.3883,-0.0807,9.9797
61.956,1.3887,-0.08,9.9796
61.986,1.3884,-0.0802,9.9798
62.018,1.389,-0.0801,9.9793
62.038,1.3889,-0.0801,9.9793
62.075,1.389,-0.0802,9.9793
62.126,1.389,-0.0801,9.9793
62.147,1.3888,-0.08,9.9795
62.201,1.3888,-0.08,9.9795
62.246,1.3888,-0.0798,9.9796
62.27,1.3888,-0.0798,9.9796
62.296,1.3888,-0.0797,9.9796
62.338,1.3888,-0.0797,9.9796
62.365,1.3888,-0.0798,9.9796
62.393,1.3888,-0.0797,9.9796
62.426,1.3888,-0.0798,9.9795
62.457,1.3888,-0.0798,9.9795
62.479,1.3889,-0.0798,9.9795
62.507,1.3889,-0.0798,9.9794
62.548,1.3889,-0.0798,9.9794
62.592,1.389,-0.0797,9.9794
62.617,1.389,-0.0798,9.9794
62.662,1.389,-0.0797,9.9794
62.687,1.389,-0.0797,9.9794
62.719,1.389,-0.0798,9.9793
62.756,1.389,-0.0798,9.9793
62.804,1.3891,-0.0797,9.9793
62.826,1.3891,-0.0798,9.9793
62.864,1.3894,-0.0799,9.979
62.889,1.3893,-0.0798,9.979
62.934,1.3897,-0.08,9.9786
62.967,1.3897,-0.08,9.9787
62.994,1.3913,-0.08,9.9772
63.029,1.391,-0.08,9.9774
63.068,1.3929,-0.0806,9.9754
63.104,1.3927,-0.0805,9.9757
63.129,1.3946,-0.0817,9.9735
63.147,1.3957,-0.0823,9.9722
63.183,1.3946,-0.0817,9.9735
63.209,1.3963,-0.083,9.9714
63.231,1.3961,-0.0826,9.9717
63.26,1.3961,-0.0831,9.9715
63.31,1.396,-0.0831,9.9716
63.33,1.3967,-0.0833,9.9709
63.372,1.3968,-0.0832,9.9708
63.4,1.3972,-0.0825,9.9707
63.418,1.3976,-0.0826,9.9704
63.445,1.3974,-0.0823,9.9706
63.495,1.3982,-0.0826,9.9698
63.534,1.3975,-0.0833,9.9702
63.58,1.4019,-0.0803,9.9672
63.599,1.3988,-0.081,9.9698
63.641,1.4043,-0.076,9.9667
63.658,1.4034,-0.0782,9.9666
63.691,1.4092,-0.0721,9.9636
63.732,1.4082,-0.0729,9.9642
63.766,1.4091,-0.0687,9.965
63.805,1.4095,-0.0693,9.9645
63.833,1.4084,-0.0682,9.9659
63.861,1.4084,-0.0683,9.9658
63.877,1.4071,-0.0686,9.9669
63.911,1.4064,-0.0686,9.9676
63.942,1.4069,-0.0687,9.9671
63.98,1.406,-0.0681,9.9681
64.003,1.4062,-0.0684,9.9679
64.037,1.4058,-0.0678,9.9685
64.087,1.4058,-0.0678,9.9684
64.094,1.4055,-0.0677,9.9687
64.132,1.4055,-0.0677,9.9687
64.151,1.4052,-0.0677,9.969
64.176,1.4051,-0.0676,9.9692
64.216,1.4051,-0.0677,9.9691
64.251,1.4049,-0.0674,9.9694
64.283,1.405,-0.0674,9.9694
64.344,1.4047,-0.0674,9.9696
64.37,1.4048,-0.0674,9.9696
64.376,1.4047,-0.0674,9.9696
64.428,1.4047,-0.0674,9.9696
64.466,1.4047,-0.0673,9.9697
64.525,1.4047,-0.0673,9.9697
64.556,1.4047,-0.0673,9.9696
64.578,1.4047,-0.0673,9.9696
64.615,1.4046,-0.0673,9.9697
64.642,1.4047,-0.0673,9.9697
64.673,1.4048,-0.0672,9.9696
64.716,1.4048,-0.0672,9.9696
64.77,1.4077,-0.0675,9.9668
64.8,1.4062,-0.0674,9.9682
64.851,1.4103,-0.0693,9.9637
64.855,1.4092,-0.0685,9.965
64.897,1.4155,-0.0697,9.9587
64.912,1.4131,-0.0695,9.9611
64.944,1.4247,-0.0714,9.9496
65.004,1.4232,-0.0711,9.9511
65.029,1.44,-0.0737,9.9346
65.059,1.4381,-0.0734,9.9365
65.091,1.4546,-0.0763,9.9201
65.107,1.4695,-0.0801,9.9049
65.127,1.4564,-0.0767,9.9183
65.162,1.4883,-0.0835,9.8862
65.194,1.4768,-0.0814,9.8977
65.222,1.5085,-0.0882,9.8657
65.268,1.5026,-0.0871,9.8716
65.311,1.5313,-0.0937,9.8427
65.349,1.5319,-0.0937,9.8421
65.383,1.5526,-0.097,9.8217
65.418,1.5482,-0.0965,9.8259
65.479,1.5823,-0.0984,9.7938
65.504,1.5712,-0.0978,9.8042
65.527,1.597,-0.0996,9.7798
65.548,1.5927,-0.0994,9.7838
65.579,1.6101,-0.1014,9.7669
65.607,1.61,-0.1014,9.767
65.64,1.6148,-0.1002,9.7631
65.686,1.6153,-0.1005,9.7625
65.709,1.6166,-0.1012,9.7611
65.751,1.6165,-0.1011,9.7612
65.781,1.6137,-0.1011,9.7638
65.829,1.614,-0.1011,9.7635
65.869,1.6115,-0.1012,9.7657
65.903,1.6118,-0.1011,9.7655
65.933,1.6114,-0.1012,9.7658
65.951,1.6115,-0.1012,9.7658
65.976,1.6114,-0.1012,9.7658
66.033,1.6114,-0.101,9.766
66.054,1.6115,-0.1011,9.7658
66.117,1.6108,-0.1008,9.7665
66.119,1.6111,-0.1009,9.7663
66.153,1.6102,-0.1008,9.7671
66.198,1.6103,-0.1008,9.767
66.243,1.6095,-0.1006,9.7678
66.267,1.6096,-0.1007,9.7677
66.296,1.611,-0.1002,9.7666
66.327,1.6107,-0.1003,9.7669
66.358,1.6175,-0.0995,9.7609
66.389,1.6159,-0.0996,9.7623
66.422,1.625,-0.1004,9.7536
66.462,1.6239,-0.1003,9.7547
66.493,1.6377,-0.1023,9.7411
66.518,1.6355,-0.102,9.7433
66.55,1.6481,-0.1036,9.7311
66.575,1.6595,-0.1038,9.7205
66.607,1.6483,-0.1036,9.7309
66.646,1.6776,-0.1043,9.7036
66.689,1.6683,-0.1039,9.7124
66.73,1.6983,-0.1084,9.683
66.747,1.6896,-0.1067,9.6917
66.769,1.7166,-0.1106,9.6653
66.811,1.7127,-0.1101,9.6691
66.83,1.7378,-0.1181,9.6428
66.873,1.7381,-0.1183,9.6424
66.934,1.7636,-0.1269,9.6157
66.954,1.7594,-0.1252,9.6202
66.988,1.778,-0.1299,9.6012
67.011,1.7744,-0.1292,9.6048
67.037,1.7941,-0.1317,9.5857
67.064,1.8053,-0.1311,9.5757
67.104,1.7958,-0.1318,9.5841
67.14,1.814,-0.1282,9.5687
67.17,1.8095,-0.1296,9.5724
67.18,1.8177,-0.1273,9.5657
67.218,1.8171,-0.1275,9.5662
67.265,1.819,-0.1261,9.5649
67.287,1.8192,-0.1263,9.5647
67.307,1.8172,-0.1252,9.5671
67.345,1.8152,-0.1247,9.569
67.353,1.8167,-0.125,9.5676
67.4,1.8145,-0.1247,9.5697
67.438,1.8146,-0.1246,9.5696
67.481,1.8145,-0.1246,9.5697
67.527,1.8145,-0.1247,9.5697
67.561,1.8145,-0.1242,9.5698
67.583,1.8146,-0.1244,9.5697
67.626,1.8143,-0.1239,9.5702
67.644,1.8143,-0.124,9.5701
67.686,1.814,-0.1238,9.5705
67.727,1.814,-0.1238,9.5705
67.766,1.8137,-0.1234,9.5709
67.79,1.8137,-0.1235,9.5709
67.816,1.8135,-0.1231,9.5712
67.851,1.8135,-0.1231,9.5712
67.888,1.8155,-0.1228,9.5695
67.919,1.8189,-0.1225,9.5665
67.935,1.8156,-0.1228,9.5695
68.0,1.8211,-0.122,9.5647
68.017,1.8265,-0.1217,9.5598
68.05,1.832,-0.1227,9.5544
68.075,1.8276,-0.1218,9.5588
68.102,1.8404,-0.1244,9.546
68.138,1.8353,-0.1233,9.5511
68.165,1.8476,-0.1257,9.5388
68.213,1.8469,-0.1256,9.5395
68.24,1.8585,-0.1258,9.5288
68.281,1.8606,-0.126,9.5268
68.302,1.8773,-0.1272,9.511
68.317,1.8952,-0.1303,9.4933
68.335,1.8819,-0.128,9.5064
68.379,1.9131,-0.1325,9.476
68.41,1.9036,-0.132,9.4849
68.43,1.9307,-0.1376,9.4578
68.481,1.9279,-0.1366,9.4608
68.5,1.9484,-0.1423,9.4397
68.532,1.9635,-0.1483,9.4235
68.554,1.9492,-0.1424,9.439
68.588,1.9755,-0.1534,9.4104
68.626,1.9698,-0.1516,9.4163
68.652,1.9804,-0.155,9.4053
68.697,1.9833,-0.1554,9.4024
68.724,2.0087,-0.1564,9.3787
68.739,2.027,-0.1566,9.3619
68.771,2.0096,-0.1564,9.3779
68.803,2.0419,-0.1566,9.3482
68.833,2.0309,-0.1575,9.358
68.875,2.0519,-0.1525,9.3407
68.911,2.0507,-0.1526,9.3417
68.932,2.0595,-0.1522,9.3338
68.976,2.0602,-0.1523,9.3332
69.01,2.0747,-0.1557,9.3185
69.044,2.0727,-0.1552,9.3205
69.075,2.0784,-0.1559,9.315
69.115,2.0786,-0.156,9.3149
69.122,2.0807,-0.1563,9.3128
69.151,2.0809,-0.1559,9.3128
69.189,2.081,-0.1565,9.3124
69.219,2.0805,-0.1555,9.3133
69.252,2.0806,-0.1555,9.3132
69.294,2.0802,-0.1556,9.3135
69.329,2.0802,-0.1556,9.3135
69.366,2.0804,-0.1562,9.3131
69.412,2.0804,-0.1562,9.3131
69.452,2.0812,-0.1565,9.3123
69.488,2.081,-0.1565,9.3124
69.509,2.0816,-0.1564,9.3119
69.555,2.0816,-0.1564,9.3119
69.595,2.0821,-0.1565,9.3114
69.614,2.082,-0.1565,9.3115
69.638,2.0848,-0.1574,9.3085
69.677,2.0842,-0.1574,9.3091
69.697,2.0895,-0.158,9.304
69.72,2.0966,-0.1592,9.2971
69.756,2.0922,-0.1584,9.3014
69.806,2.1059,-0.1609,9.2879
69.828,2.1018,-0.1601,9.2919
69.886,2.1221,-0.1641,9.2717
69.916,2.1153,-0.1628,9.2785
69.964,2.1296,-0.1656,9.2643
70.001,2.1515,-0.1705,9.2423
70.034,2.1462,-0.1693,9.2476
70.066,2.1603,-0.1744,9.2326
70.109,2.1607,-0.1746,9.2322
70.134,2.1826,-0.1819,9.2091
70.184,2.179,-0.1806,9.213
70.226,2.2106,-0.1861,9.1819
70.246,2.2038,-0.1864,9.188
70.274,2.2256,-0.1948,9.1646
70.317,2.2254,-0.1947,9.1648
70.35,2.2519,-0.2004,9.1383
70.368,2.2466,-0.1994,9.1435
70.407,2.2718,-0.2037,9.1187
70.444,2.2703,-0.2035,9.1202
70.469,2.2967,-0.2071,9.0946
70.517,2.2967,-0.2071,9.0946
70.543,2.3181,-0.2089,9.0743
70.602,2.3193,-0.2092,9.0731
70.639,2.3325,-0.2063,9.0622
70.649,2.3316,-0.2068,9.0628
70.669,2.3358,-0.2061,9.0593
70.745,2.3356,-0.2059,9.0595
70.799,2.3309,-0.2042,9.0645
70.806,2.333,-0.2052,9.0622
70.837,2.3296,-0.2023,9.0665
70.874,2.3298,-0.2029,9.066
70.912,2.3296,-0.2009,9.0671
70.938,2.3296,-0.2011,9.067
70.972,2.3297,-0.2004,9.0672
70.998,2.3297,-0.2004,9.0672
71.021,2.3295,-0.2003,9.0674
71.042,2.3291,-0.2003,9.0678
71.081,2.3294,-0.2003,9.0674
71.114,2.3286,-0.2003,9.0682
71.149,2.3288,-0.2003,9.068
71.177,2.3282,-0.2001,9.0686
71.219,2.3283,-0.2002,9.0686
71.241,2.3278,-0.1998,9.0691
71.259,2.3274,-0.1995,9.0697
71.283,2.3278,-0.1998,9.0691
71.308,2.3268,-0.1992,9.0703
71.347,2.3271,-0.1994,9.0699
71.373,2.3263,-0.1991,9.0708
71.43,2.3263,-0.1991,9.0708
71.436,2.3259,-0.1989,9.0713
71.474,2.3256,-0.1987,9.0716
71.505,2.3258,-0.1988,9.0714
71.53,2.3254,-0.1985,9.0718
71.567,2.3255,-0.1986,9.0717
71.598,2.3253,-0.1983,9.072
71.636,2.3253,-0.1984,9.072
71.665,2.3251,-0.1982,9.0723
71.708,2.3251,-0.1982,9.0723
71.723,2.3248,-0.1985,9.0725
71.76,2.3246,-0.1989,9.0724
71.778,2.3248,-0.1982,9.0726
71.817,2.3235,-0.198,9.0737
71.847,2.3242,-0.1985,9.0729
71.873,2.322,-0.1969,9.0756
71.923,2.3222,-0.1971,9.0753
71.951,2.3206,-0.1935,9.0783
71.987,2.3208,-0.1941,9.0778
72.024,2.3198,-0.1903,9.0804
72.054,2.3198,-0.1905,9.0802
72.086,2.3193,-0.1874,9.0819
72.096,2.3191,-0.1855,9.0829
72.132,2.3192,-0.1871,9.0821
72.168,2.3193,-0.1842,9.0832
72.2,2.3192,-0.1848,9.0831
72.226,2.3192,-0.1836,9.0836
72.297,2.3192,-0.1836,9.0835
72.315,2.3192,-0.1834,9.0837
72.35,2.319,-0.1834,9.0838
72.367,2.3202,-0.1827,9.083
72.403,2.3195,-0.1811,9.0844
72.442,2.3203,-0.1826,9.083
72.506,2.3208,-0.1798,9.0836
72.548,2.3302,-0.1747,9.0772
72.594,2.3271,-0.1762,9.0793
72.629,2.3352,-0.1643,9.0769
72.651,2.3331,-0.1687,9.077
72.703,2.3378,-0.1575,9.0773
72.728,2.3364,-0.1613,9.0771
72.748,2.3327,-0.1537,9.0835
72.761,2.3334,-0.1549,9.0823
72.808,2.3322,-0.1553,9.0833
72.829,2.3322,-0.1553,9.0833
72.858,2.3306,-0.1562,9.0844
72.897,2.3306,-0.1561,9.0844
72.933,2.3305,-0.1558,9.0846
72.99,2.3305,-0.1558,9.0846
73.002,2.3306,-0.1548,9.0849
73.049,2.3306,-0.1548,9.085
73.094,2.33,-0.155,9.0854
73.117,2.3303,-0.1549,9.0853
73.16,2.3296,-0.1554,9.0857
73.168,2.3298,-0.1552,9.0856
73.186,2.3289,-0.1557,9.0861
73.237,2.3288,-0.1557,9.0862
73.285,2.3282,-0.1557,9.0868
73.319,2.3283,-0.1557,9.0867
73.343,2.328,-0.1558,9.0869
73.362,2.328,-0.1559,9.0869
73.386,2.328,-0.1559,9.0869
73.414,2.3279,-0.1559,9.087
73.46,2.328,-0.1559,9.0869
73.483,2.3278,-0.1558,9.0871
73.514,2.3279,-0.1558,9.0871
73.541,2.3278,-0.1558,9.0871
73.587,2.3278,-0.1558,9.0871
73.63,2.3277,-0.1559,9.0871
73.657,2.3277,-0.1559,9.0871
73.688,2.3275,-0.1559,9.0873
73.709,2.3278,-0.1557,9.0871
73.738,2.3276,-0.1559,9.0873
73.774,2.3283,-0.1561,9.0865
73.799,2.3281,-0.1561,9.0867
73.843,2.3286,-0.1566,9.086
73.867,2.3287,-0.1563,9.0861
73.897,2.3278,-0.1572,9.0866
73.929,2.3274,-0.1573,9.0869
73.961,2.3262,-0.1575,9.0879
73.986,2.3258,-0.1566,9.0885
74.0,2.326,-0.1571,9.0882
74.034,2.3255,-0.1557,9.0893
74.078,2.3257,-0.1559,9.089
74.108,2.3253,-0.1538,9.0902
74.147,2.3253,-0.1538,9.0902
74.182,2.3251,-0.151,9.0915
74.215,2.3251,-0.1509,9.0916
74.241,2.3249,-0.1482,9.0929
74.256,2.3249,-0.1451,9.0941
74.286,2.3248,-0.1474,9.0933
74.322,2.3243,-0.1415,9.0961
74.371,2.3244,-0.1421,9.0959
74.393,2.3249,-0.138,9.0971
74.437,2.325,-0.1378,9.0971
74.445,2.3259,-0.1353,9.0972
74.472,2.3273,-0.1328,9.097
74.515,2.3267,-0.1338,9.0971
74.552,2.3288,-0.1303,9.0967
74.569,2.3285,-0.1311,9.0967
74.621,2.3304,-0.1279,9.0962
74.653,2.3301,-0.1282,9.0964
74.676,2.3317,-0.1263,9.0957
74.707,2.3318,-0.1262,9.0957
74.745,2.3328,-0.1253,9.0951
74.771,2.3331,-0.1248,9.095
74.798,2.3334,-0.1239,9.0952
74.827,2.3323,-0.1244,9.096
74.85,2.3336,-0.1233,9.0953
74.902,2.3321,-0.1275,9.0948
74.921,2.3318,-0.1265,9.0955
74.959,2.3308,-0.1269,9.0963
74.982,2.3309,-0.127,9.0961
75.014,2.3301,-0.1253,9.0976
75.071,2.3304,-0.1248,9.0975
75.09,2.3313,-0.1224,9.0977
75.137,2.3314,-0.1221,9.0977
75.179,2.3333,-0.1196,9.097
75.215,2.3329,-0.12,9.0972
75.239,2.3347,-0.1195,9.0958
75.278,2.3345,-0.1195,9.096
75.317,2.3362,-0.1213,9.0937
75.343,2.3361,-0.1211,9.0939
75.388,2.3387,-0.1232,9.0906
75.416,2.3384,-0.1229,9.091
75.457,2.3409,-0.1241,9.0882
75.492,2.3409,-0.1241,9.0883
75.532,2.3463,-0.1252,9.0829
75.559,2.3449,-0.1249,9.0843
75.598,2.3491,-0.1225,9.0814
75.642,2.3486,-0.1227,9.0818
75.666,2.3508,-0.1186,9.0815
75.695,2.3507,-0.1189,9.0815
75.716,2.3516,-0.1177,9.0812
75.758,2.3518,-0.1176,9.081
75.776,2.3524,-0.1176,9.0805
75.8,2.3529,-0.1175,9.0801
75.829,2.3525,-0.1176,9.0803
75.86,2.3544,-0.1164,9.0791
75.895,2.3539,-0.1167,9.0795
75.923,2.356,-0.1129,9.0791
75.967,2.356,-0.1129,9.0791
75.984,2.3571,-0.1119,9.0786
76.013,2.3579,-0.1127,9.0775
76.044,2.3574,-0.1123,9.0781
76.068,2.3594,-0.1145,9.0754
76.108,2.3593,-0.1145,9.0755
76.132,2.3599,-0.1157,9.0744
76.201,2.3601,-0.1159,9.0742
76.211,2.3617,-0.1163,9.0726
76.259,2.3619,-0.1164,9.0723
76.285,2.3642,-0.1163,9.0703
76.315,2.3656,-0.1162,9.0691
76.334,2.3642,-0.1163,9.0702
76.403,2.3661,-0.1161,9.0687
76.431,2.3671,-0.1157,9.0678
76.467,2.3671,-0.1157,9.0679
76.488,2.3678,-0.1154,9.0674
76.515,2.3683,-0.115,9.0671
76.539,2.3679,-0.1153,9.0673
76.572,2.369,-0.1146,9.0666
76.61,2.3687,-0.1148,9.0668
76.648,2.3698,-0.1141,9.0661
76.69,2.3696,-0.1142,9.0663
76.728,2.3706,-0.1138,9.0655
76.745,2.3704,-0.1139,9.0656
76.781,2.3713,-0.1135,9.065
76.821,2.3713,-0.1135,9.065
76.843,2.372,-0.1128,9.0647
76.879,2.372,-0.1128,9.0647
76.896,2.3726,-0.1122,9.0643
76.964,2.373,-0.112,9.064
76.985,2.3737,-0.1117,9.0635
77.05,2.3738,-0.1117,9.0635
77.078,2.3748,-0.1119,9.0624
77.095,2.3747,-0.1118,9.0626
77.132,2.3749,-0.1122,9.0622
77.147,2.3748,-0.1125,9.0622
77.185,2.3749,-0.1122,9.0622
77.24,2.3747,-0.1126,9.0623
77.27,2.3747,-0.113,9.0621
77.307,2.3747,-0.1129,9.0621
77.331,2.375,-0.1131,9.0618
77.38,2.3751,-0.113,9.0617
77.412,2.3754,-0.1132,9.0613
77.447,2.3754,-0.1132,9.0614
77.484,2.3753,-0.1134,9.0614
77.539,2.3753,-0.1134,9.0614
77.578,2.3752,-0.1134,9.0615
77.619,2.3752,-0.1134,9.0614
77.64,2.3752,-0.1134,9.0614
77.659,2.3752,-0.1134,9.0614
77.686,2.3753,-0.1134,9.0614
77.725,2.3753,-0.1134,9.0614
77.754,2.3753,-0.1135,9.0613
77.778,2.3753,-0.1136,9.0613
77.796,2.3753,-0.1135,9.0613
77.829,2.3759,-0.1159,9.0598
77.872,2.3746,-0.116,9.0609
77.906,2.3762,-0.113,9.0607
77.956,2.3765,-0.1132,9.0604
78.021,2.3742,-0.1128,9.0626
78.034,2.3748,-0.1134,9.0618
78.057,2.3747,-0.1134,9.0619
78.094,2.3748,-0.1131,9.062
78.122,2.3745,-0.1137,9.062
78.154,2.3744,-0.1135,9.0621
78.191,2.3753,-0.1137,9.0613
78.237,2.3758,-0.1129,9.0611
78.297,2.3767,-0.1151,9.0595
78.305,2.3762,-0.114,9.0603
78.349,2.3771,-0.1166,9.0584
78.362,2.377,-0.1162,9.0587
78.407,2.3774,-0.1185,9.0574
78.422,2.3781,-0.1194,9.0563
78.461,2.3774,-0.1182,9.0575
78.51,2.3788,-0.1199,9.0555
78.525,2.3782,-0.1195,9.0563
78.578,2.3792,-0.1201,9.055
78.622,2.3794,-0.1223,9.054
78.652,2.3794,-0.1216,9.0542
78.706,2.3792,-0.1247,9.0532
78.746,2.3793,-0.1236,9.0535
78.755,2.3793,-0.1257,9.0527
78.777,2.3792,-0.1254,9.0528
78.8,2.3797,-0.1257,9.0523
78.833,2.38,-0.1252,9.0522
78.859,2.3797,-0.1257,9.0523
78.893,2.3804,-0.1246,9.0521
78.93,2.3802,-0.125,9.0521
78.951,2.3812,-0.1238,9.0517
78.986,2.381,-0.124,9.0518
79.005,2.3818,-0.1234,9.0513
79.056,2.3818,-0.1234,9.0513
79.078,2.3823,-0.1234,9.0509
79.096,2.3827,-0.1235,9.0505
79.126,2.3824,-0.1235,9.0508
79.175,2.383,-0.1234,9.0502
79.214,2.3829,-0.1235,9.0503
79.252,2.3835,-0.1232,9.0499
79.268,2.3833,-0.1233,9.05
79.299,2.3838,-0.1231,9.0496
79.332,2.3841,-0.123,9.0494
79.357,2.3838,-0.1231,9.0496
79.409,2.3841,-0.123,9.0494
79.443,2.3845,-0.123,9.049
79.484,2.3845,-0.123,9.0491
79.51,2.3847,-0.123,9.0488
79.546,2.3847,-0.123,9.0488
79.577,2.3849,-0.1229,9.0487
79.585,2.385,-0.1228,9.0487
79.628,2.3849,-0.1229,9.0487
79.662,2.3852,-0.1226,9.0486
79.695,2.3851,-0.1226,9.0486
79.724,2.3852,-0.1225,9.0486
79.764,2.3852,-0.1225,9.0486
79.808,2.3852,-0.1225,9.0486
79.831,2.3852,-0.1225,9.0486
79.877,2.3852,-0.1223,9.0486
79.916,2.3852,-0.1224,9.0486
79.954,2.3853,-0.1221,9.0487
79.975,2.3853,-0.1222,9.0486
80.017,2.3853,-0.122,9.0487
80.041,2.3854,-0.1218,9.0487
80.073,2.3853,-0.122,9.0487
80.122,2.3855,-0.1216,9.0487
80.124,2.3854,-0.1218,9.0487
80.162,2.3856,-0.1214,9.0487
80.185,2.3855,-0.1215,9.0487
80.245,2.3857,-0.1212,9.0487
80.251,2.3856,-0.1213,9.0487
80.286,2.3859,-0.121,9.0486
80.314,2.3858,-0.121,9.0486
80.366,2.386,-0.1208,9.0486
80.387,2.386,-0.1208,9.0486
80.426,2.386,-0.1206,9.0486
80.474,2.386,-0.1206,9.0486
80.513,2.386,-0.1203,9.0488
80.534,2.386,-0.1204,9.0487
80.574,2.3859,-0.1201,9.049
80.611,2.3859,-0.1201,9.049
80.634,2.3859,-0.12,9.049
80.663,2.3858,-0.12,9.0491
80.724,2.3856,-0.1197,9.0494
80.739,2.3857,-0.1198,9.0492
80.786,2.3857,-0.1195,9.0494
80.844,2.3856,-0.1196,9.0494
80.88,2.3855,-0.1192,9.0496
80.924,2.3856,-0.1193,9.0496
80.957,2.3855,-0.119,9.0498
80.991,2.3855,-0.1191,9.0497
81.03,2.3855,-0.1189,9.0498
81.069,2.3857,-0.1186,9.0497
81.089,2.3857,-0.1187,9.0498
81.118,2.3857,-0.1183,9.0499
81.139,2.3856,-0.1182,9.05
81.184,2.3857,-0.1183,9.0499
81.228,2.3855,-0.1179,9.0503
81.248,2.3855,-0.118,9.0501
81.285,2.3853,-0.1178,9.0505
81.305,2.3854,-0.1178,9.0504
81.352,2.3847,-0.1178,9.051
81.371,2.3849,-0.1178,9.0508
81.409,2.3832,-0.1182,9.0522
81.436,2.3835,-0.1181,9.052
81.461,2.3814,-0.1189,9.0535
81.521,2.3813,-0.1189,9.0536
81.552,2.3788,-0.1197,9.0556
81.573,2.3791,-0.1196,9.0554
81.603,2.3791,-0.119,9.0556
81.65,2.3791,-0.1191,9.0556
81.698,2.3809,-0.1163,9.0551
81.736,2.3804,-0.1169,9.0553
81.773,2.3817,-0.1149,9.0549
81.79,2.3815,-0.1153,9.055
81.828,2.3819,-0.1146,9.0549
81.847,2.3818,-0.1145,9.055
81.872,2.3819,-0.1146,9.0549
81.913,2.3816,-0.1143,9.0553
81.951,2.3817,-0.1144,9.0551
81.993,2.3815,-0.114,9.0555
82.029,2.3815,-0.1141,9.0554
82.067,2.3814,-0.1138,9.0557
82.082,2.3814,-0.1138,9.0556
82.116,2.3814,-0.1135,9.0558
82.151,2.3814,-0.1135,9.0558
82.197,2.3814,-0.1132,9.056
82.264,2.3814,-0.1133,9.0559
82.312,2.3814,-0.1127,9.0561
82.353,2.3814,-0.1129,9.056
82.414,2.3815,-0.1125,9.0562
82.456,2.3815,-0.1122,9.0562
82.498,2.3816,-0.1117,9.0564
82.511,2.3815,-0.1119,9.0563
82.539,2.3818,-0.1112,9.0564
82.567,2.3817,-0.1115,9.0564
82.653,2.382,-0.1107,9.0564
82.658,2.382,-0.1105,9.0565
82.724,2.3821,-0.1105,9.0564
82.769,2.3821,-0.1105,9.0564
82.816,2.3821,-0.1103,9.0564
82.845,2.3822,-0.1102,9.0565
82.871,2.3822,-0.1101,9.0564
82.912,2.3822,-0.1102,9.0564
82.945,2.3823,-0.11,9.0565
82.976,2.3823,-0.11,9.0564
83.002,2.3824,-0.1099,9.0564
83.055,2.3824,-0.1099,9.0564
83.092,2.3808,-0.1095,9.058
83.119,2.3805,-0.1092,9.0584
83.153,2.3817,-0.1101,9.0569
83.202,2.3818,-0.1104,9.0567
83.211,2.3837,-0.1103,9.055
83.231,2.3849,-0.1095,9.0543
83.267,2.384,-0.1103,9.0548
83.306,2.3879,-0.1085,9.052
83.33,2.3868,-0.109,9.0528
83.355,2.3898,-0.1069,9.0509
83.409,2.3897,-0.1071,9.0509
83.439,2.3909,-0.1057,9.0505
83.457,2.3911,-0.1055,9.0503
83.487,2.3939,-0.1037,9.0485
83.505,2.3949,-0.102,9.0483
83.528,2.3944,-0.1031,9.0483
83.561,2.3956,-0.1016,9.0479
83.606,2.3956,-0.1016,9.0479
83.614,2.3956,-0.1013,9.048
83.67,2.3957,-0.1012,9.0479
83.696,2.3959,-0.1012,9.0478
83.722,2.3965,-0.1015,9.0471
83.763,2.3959,-0.1013,9.0477
83.798,2.397,-0.1015,9.0466
83.828,2.3968,-0.1014,9.0468
83.871,2.3977,-0.1016,9.046
83.898,2.3975,-0.1016,9.0461
83.921,2.3981,-0.1016,9.0456
83.959,2.3981,-0.1015,9.0456
83.989,2.3983,-0.1015,9.0455
84.027,2.3983,-0.1015,9.0455
84.052,2.3985,-0.1015,9.0452
84.071,2.3988,-0.1015,9.045
84.1,2.3986,-0.1015,9.0452
84.135,2.3992,-0.1015,9.0446
84.173,2.3991,-0.1015,9.0447
84.191,2.3997,-0.1014,9.0442
84.243,2.3997,-0.1014,9.0443
84.27,2.4002,-0.1012,9.0438
84.309,2.4002,-0.1012,9.0438
84.334,2.4009,-0.1011,9.0433
84.375,2.4008,-0.1011,9.0433
84.39,2.4013,-0.101,9.0429
84.453,2.4014,-0.101,9.0428
84.498,2.402,-0.1009,9.0423
84.516,2.4021,-0.1009,9.0423
84.578,2.4027,-0.1007,9.0418
84.599,2.4027,-0.1007,9.0418
84.622,2.403,-0.1007,9.0415
84.643,2.4032,-0.1005,9.0414
84.663,2.4031,-0.1006,9.0415
84.711,2.4034,-0.1005,9.0412
84.73,2.4033,-0.1005,9.0413
84.767,2.4035,-0.1004,9.0411
84.815,2.4035,-0.1005,9.0412
84.86,2.4038,-0.1004,9.0409
84.873,2.4037,-0.1004,9.041
84.903,2.4039,-0.1003,9.0408
84.945,2.4039,-0.1003,9.0409
84.966,2.404,-0.1003,9.0407
84.98,2.4042,-0.1004,9.0406
85.011,2.4041,-0.1003,9.0407
85.048,2.4041,-0.1004,9.0406
85.086,2.4041,-0.1004,9.0406
85.121,2.4042,-0.1006,9.0405
85.166,2.4042,-0.1005,9.0405
85.198,2.4047,-0.1004,9.0401
85.227,2.4046,-0.1005,9.0401
85.267,2.4038,-0.1005,9.0408
85.309,2.4038,-0.1005,9.0409
85.348,2.4037,-0.1015,9.0406
85.378,2.4037,-0.1012,9.0406
85.388,2.4032,-0.1011,9.0412
85.423,2.4053,-0.0984,9.0403
85.461,2.404,-0.1011,9.0404
85.511,2.4059,-0.0978,9.0401
85.539,2.4061,-0.0968,9.0403
85.563,2.406,-0.0975,9.0402
85.59,2.4061,-0.0968,9.0403
85.629,2.4058,-0.0983,9.04
85.662,2.4059,-0.0979,9.0401
85.68,2.4053,-0.0995,9.0399
85.717,2.4052,-0.1011,9.0393
85.754,2.4053,-0.0993,9.04
85.811,2.4052,-0.1009,9.0394
85.844,2.4047,-0.103,9.039
85.872,2.4049,-0.1024,9.0391
85.887,2.4046,-0.1037,9.0388
85.942,2.4046,-0.1035,9.0389
85.972,2.4044,-0.1041,9.0388
86.004,2.4044,-0.1041,9.0388
86.048,2.4041,-0.1045,9.039
86.085,2.4042,-0.1044,9.0389
86.134,2.4039,-0.1045,9.0391
86.154,2.404,-0.1045,9.039
86.218,2.4037,-0.1044,9.0393
86.245,2.4039,-0.1045,9.0392
86.299,2.4036,-0.1043,9.0395
86.328,2.4033,-0.1042,9.0398
86.353,2.4033,-0.1042,9.0398
86.38,2.4032,-0.1043,9.0399
86.442,2.4032,-0.1043,9.0398
86.484,2.4029,-0.1045,9.04
86.486,2.403,-0.1045,9.04
86.514,2.4026,-0.1046,9.0403
86.542,2.4026,-0.1046,9.0402
86.581,2.4021,-0.1049,9.0406
86.628,2.4021,-0.1049,9.0406
86.693,2.4014,-0.1055,9.0409
86.698,2.4016,-0.1053,9.0408
86.732,2.4011,-0.106,9.041
86.747,2.4011,-0.1058,9.0411
86.77,2.4008,-0.1064,9.0412
86.806,2.4006,-0.1066,9.0413
86.835,2.4007,-0.1064,9.0412
86.912,2.4005,-0.1067,9.0413
86.928,2.4004,-0.1069,9.0413
86.976,2.4004,-0.1069,9.0413
87.011,2.4003,-0.1068,9.0414
87.041,2.4003,-0.1069,9.0414
87.062,2.4002,-0.1067,9.0416
87.088,2.4001,-0.1066,9.0417
87.11,2.4002,-0.1067,9.0416
87.156,2.4,-0.1065,9.0418
87.186,2.4001,-0.1066,9.0417
87.216,2.3998,-0.1064,9.042
87.257,2.3999,-0.1064,9.042
87.29,2.3997,-0.1064,9.0421
87.318,2.3998,-0.1064,9.0421
87.334,2.3997,-0.1064,9.0422
87.39,2.3997,-0.1064,9.0422
87.412,2.3996,-0.1063,9.0422
87.438,2.3996,-0.1063,9.0423
87.461,2.3996,-0.1063,9.0422
87.498,2.3996,-0.1062,9.0423
87.527,2.3996,-0.1062,9.0423
87.557,2.3996,-0.1062,9.0423
87.607,2.3996,-0.1062,9.0423
87.633,2.3996,-0.1061,9.0424
87.662,2.3996,-0.1061,9.0424
87.689,2.3995,-0.1062,9.0424
87.733,2.3995,-0.1062,9.0424
87.754,2.3989,-0.1087,9.0419
87.781,2.3977,-0.1067,9.0438
87.811,2.3985,-0.1085,9.0423
87.846,2.398,-0.1057,9.044
87.877,2.3981,-0.1057,9.0439
87.898,2.3968,-0.1063,9.0448
87.95,2.3968,-0.1064,9.0448
87.966,2.396,-0.1073,9.0451
87.983,2.3955,-0.1082,9.0452
88.028,2.3957,-0.1077,9.0453
88.073,2.3949,-0.1089,9.0455
88.103,2.395,-0.1088,9.0454
88.141,2.3943,-0.1103,9.0454
88.166,2.3944,-0.11,9.0454
88.186,2.3932,-0.1126,9.0454
88.241,2.3932,-0.1127,9.0454
88.269,2.3939,-0.1138,9.0443
88.296,2.3937,-0.1137,9.0446
88.314,2.3957,-0.1123,9.0433
88.375,2.3958,-0.112,9.0433
88.398,2.3966,-0.1079,9.0443
88.444,2.3966,-0.1079,9.0443
88.467,2.3984,-0.1056,9.0436
88.506,2.3985,-0.1056,9.0436
88.54,2.3989,-0.1043,9.0437
88.551,2.3991,-0.1041,9.0436
88.587,2.399,-0.1043,9.0437
88.645,2.3991,-0.1044,9.0435
88.673,2.3989,-0.1047,9.0436
88.693,2.3991,-0.1045,9.0435
88.712,2.3989,-0.1047,9.0436
88.742,2.3993,-0.1048,9.0432
88.783,2.3985,-0.1048,9.0439
88.809,2.3997,-0.103,9.0436
88.853,2.3996,-0.1033,9.0435
88.899,2.4,-0.1009,9.0442
88.928,2.4,-0.1008,9.0442
88.95,2.4,-0.0994,9.0447
88.967,2.4,-0.0993,9.0449
88.995,2.4,-0.0993,9.0448
89.047,2.3999,-0.0993,9.0449
89.056,2.3999,-0.0993,9.0449
89.09,2.3999,-0.0994,9.0448
89.147,2.3999,-0.0994,9.0449
89.178,2.4001,-0.0992,9.0448
89.216,2.4,-0.0992,9.0448
89.243,2.4001,-0.0991,9.0448
89.271,2.4,-0.099,9.0449
89.306,2.4001,-0.0991,9.0448
89.363,2.4,-0.099,9.0449
89.394,2.4,-0.0991,9.045
89.404,2.4,-0.0991,9.045
89.438,2.4,-0.0991,9.045
89.489,2.4,-0.0991,9.0449
89.529,2.4,-0.099,9.045
89.555,2.4,-0.099,9.045
89.596,2.3999,-0.0989,9.0451
89.624,2.3999,-0.0989,9.0451
89.666,2.3999,-0.0989,9.0451
89.688,2.3999,-0.0989,9.0451
89.727,2.3999,-0.0988,9.0451
89.736,2.3999,-0.0988,9.0451
89.767,2.3999,-0.0988,9.0451
89.783,2.4,-0.0988,9.0451
89.837,2.4,-0.0988,9.0451
89.848,2.4,-0.0988,9.0451
89.896,2.4,-0.0988,9.0451
89.939,2.4,-0.0987,9.0451
89.965,2.4,-0.0987,9.045
89.985,2.4001,-0.0987,9.045
90.039,2.4001,-0.0987,9.045
90.068,2.4001,-0.0987,9.045
90.079,2.4001,-0.0987,9.045
90.12,2.4001,-0.0987,9.045
90.14,2.4001,-0.0987,9.045
90.181,2.4002,-0.0987,9.0449
90.197,2.4001,-0.0987,9.045
90.242,2.4001,-0.0986,9.045
90.26,2.4001,-0.0987,9.045
90.294,2.4002,-0.0986,9.0449
90.359,2.4002,-0.0986,9.045
90.405,2.4002,-0.0986,9.0449
90.442,2.4001,-0.0986,9.045
90.475,2.4001,-0.0986,9.045
90.503,2.4002,-0.0986,9.045
90.548,2.4002,-0.0986,9.045
90.576,2.4002,-0.0986,9.0449
90.607,2.4002,-0.0986,9.0449
90.632,2.4002,-0.0986,9.0449
90.657,2.4002,-0.0986,9.045
90.676,2.4002,-0.0986,9.045
90.723,2.4002,-0.0986,9.0449
90.748,2.4002,-0.0986,9.045
90.788,2.4002,-0.0986,9.0449
90.825,2.4002,-0.0986,9.0449
90.84,2.4002,-0.0986,9.045
90.899,2.4002,-0.0986,9.045
90.941,2.4001,-0.0985,9.045
90.965,2.4001,-0.0985,9.045
90.994,2.4001,-0.0985,9.0451
91.025,2.4001,-0.0985,9.0451
91.044,2.4002,-0.0985,9.045
91.067,2.4002,-0.0985,9.045
91.094,2.4002,-0.0985,9.045
91.133,2.4002,-0.0984,9.045
91.177,2.4002,-0.0985,9.045
91.225,2.4003,-0.0984,9.0449
91.25,2.4003,-0.0984,9.0449
91.281,2.4003,-0.0984,9.0449
91.313,2.4003,-0.0984,9.0449
91.347,2.4003,-0.0984,9.0449
91.38,2.4003,-0.0984,9.0449
91.427,2.4004,-0.0983,9.0449
91.457,2.4003,-0.0984,9.0449
91.486,2.4004,-0.0984,9.0448
91.53,2.4004,-0.0984,9.0449
91.551,2.4004,-0.0984,9.0449
91.596,2.4004,-0.0984,9.0449
91.64,2.4004,-0.0983,9.0449
91.652,2.4004,-0.0983,9.0449
91.694,2.4004,-0.0983,9.0449
91.753,2.4004,-0.0983,9.0449
91.762,2.4004,-0.0983,9.0449
91.804,2.4004,-0.0983,9.0449
91.83,2.4004,-0.0983,9.0449
91.874,2.4004,-0.0983,9.0449
91.902,2.4005,-0.0982,9.0448
91.935,2.4005,-0.0982,9.0448
91.965,2.4005,-0.0982,9.0448
92.022,2.4004,-0.0982,9.0449
92.049,2.4004,-0.0982,9.0449
92.077,2.4004,-0.0982,9.0449
92.112,2.4005,-0.0982,9.0449
92.151,2.4005,-0.0982,9.0449
92.182,2.4005,-0.0982,9.0448
92.22,2.4005,-0.0982,9.0448
92.244,2.4004,-0.0982,9.0449
92.291,2.4004,-0.0982,9.0449
92.314,2.4004,-0.0981,9.045
92.33,2.4005,-0.0981,9.0449
92.363,2.4004,-0.0981,9.0449
92.4,2.4005,-0.0982,9.0448
92.432,2.4005,-0.0982,9.0449
92.459,2.4005,-0.0982,9.0449
92.485,2.4005,-0.0982,9.0449
92.505,2.4005,-0.0981,9.0449
92.533,2.4005,-0.0981,9.0449
92.579,2.4005,-0.0981,9.0449
92.6,2.4005,-0.0981,9.0449
92.655,2.4005,-0.0981,9.0449
92.709,2.4005,-0.0981,9.0448
92.712,2.4005,-0.0981,9.0448
92.734,2.4006,-0.0981,9.0448
92.796,2.4006,-0.0981,9.0448
92.828,2.4007,-0.0981,9.0447
92.852,2.4006,-0.0981,9.0448
92.879,2.4007,-0.0981,9.0447
92.92,2.4007,-0.0981,9.0447
92.95,2.4006,-0.0981,9.0448
92.981,2.4006,-0.0981,9.0447
93.005,2.4007,-0.0981,9.0447
93.029,2.4007,-0.0981,9.0447
93.055,2.4007,-0.0981,9.0447
93.106,2.4007,-0.0981,9.0447
93.187,2.4007,-0.0981,9.0447
93.207,2.4006,-0.0981,9.0448
93.242,2.4007,-0.0981,9.0447
93.27,2.4007,-0.098,9.0448
93.305,2.4006,-0.098,9.0448
93.335,2.4006,-0.0981,9.0448
93.357,2.4006,-0.098,9.0448
93.369,2.4006,-0.0981,9.0448
93.412,2.4006,-0.0981,9.0448
93.426,2.4006,-0.098,9.0448
93.451,2.4006,-0.098,9.0448
93.482,2.4006,-0.098,9.0448
93.521,2.4006,-0.098,9.0448
93.56,2.4006,-0.098,9.0448
93.587,2.4006,-0.098,9.0448
93.607,2.4006,-0.098,9.0448
93.641,2.4006,-0.098,9.0448
93.676,2.4006,-0.098,9.0448
93.702,2.4007,-0.098,9.0448
93.727,2.4007,-0.098,9.0447
93.785,2.4007,-0.098,9.0448
93.825,2.4007,-0.0981,9.0447
93.841,2.4007,-0.098,9.0447
93.877,2.4007,-0.098,9.0448
93.908,2.4007,-0.098,9.0447
93.935,2.4007,-0.098,9.0448
93.975,2.4007,-0.098,9.0448
94.007,2.4007,-0.098,9.0447
94.047,2.4007,-0.098,9.0447
94.051,2.4007,-0.098,9.0447
94.07,2.4007,-0.098,9.0448
94.112,2.4007,-0.098,9.0447
94.126,2.4007,-0.098,9.0447
94.184,2.4007,-0.098,9.0447
94.207,2.4008,-0.098,9.0447
94.25,2.4008,-0.098,9.0447
94.255,2.4007,-0.098,9.0447
94.308,2.4007,-0.098,9.0448
94.315,2.4007,-0.098,9.0447
94.356,2.4007,-0.0979,9.0448
94.389,2.4007,-0.0979,9.0448
94.418,2.4007,-0.0979,9.0448
94.434,2.4007,-0.0979,9.0448
94.459,2.4007,-0.0979,9.0448
94.497,2.4006,-0.0979,9.0449
94.517,2.4007,-0.0979,9.0448
94.553,2.4006,-0.0978,9.0449
94.601,2.4006,-0.0979,9.0449
94.632,2.4007,-0.0978,9.0449
94.658,2.4007,-0.0978,9.0449
94.674,2.4007,-0.0978,9.0448
94.713,2.4006,-0.0978,9.0449
94.737,2.4007,-0.0978,9.0449
94.776,2.4006,-0.0977,9.045
94.824,2.4006,-0.0977,9.045
94.872,2.4007,-0.0977,9.0449
94.891,2.4006,-0.0977,9.0449
94.922,2.4007,-0.0976,9.0449
94.962,2.4007,-0.0976,9.0449
94.988,2.4006,-0.0976,9.045
95.027,2.4006,-0.0976,9.0449
95.044,2.4005,-0.0976,9.0451
95.057,2.4005,-0.0975,9.0451
95.095,2.4006,-0.0976,9.0451
95.118,2.4006,-0.0975,9.045
95.153,2.4006,-0.0975,9.045
95.191,2.4006,-0.0976,9.045
95.225,2.4006,-0.0976,9.045
95.254,2.4006,-0.0975,9.045
95.268,2.4006,-0.0975,9.0451
95.304,2.4006,-0.0975,9.045
95.343,2.4006,-0.0975,9.045
95.376,2.4006,-0.0975,9.045
95.408,2.4006,-0.0975,9.045
95.43,2.4006,-0.0975,9.045
95.464,2.4006,-0.0975,9.045
95.505,2.4006,-0.0975,9.045
95.539,2.4005,-0.0974,9.0451
95.578,2.4005,-0.0974,9.0451
95.615,2.4006,-0.0974,9.045
95.618,2.4006,-0.0975,9.0451
95.653,2.4006,-0.0974,9.045
95.689,2.4005,-0.0975,9.0451
95.713,2.4005,-0.0975,9.0451
95.749,2.4005,-0.0975,9.0451
95.778,2.4005,-0.0975,9.0451
95.801,2.4006,-0.0974,9.0451
95.84,2.4006,-0.0974,9.0451
95.869,2.4006,-0.0974,9.0451
95.91,2.4005,-0.0975,9.0451
95.928,2.4006,-0.0975,9.0451
95.953,2.4006,-0.0974,9.0451
95.987,2.4006,-0.0974,9.0451
96.015,2.4006,-0.0974,9.0451
96.067,2.4006,-0.0974,9.0451
96.165,2.4006,-0.0974,9.0451
96.171,2.4005,-0.0975,9.0451
96.173,2.4006,-0.0974,9.0451
96.205,2.4006,-0.0975,9.0451
96.244,2.4007,-0.0974,9.045
96.266,2.4007,-0.0974,9.045
96.31,2.4006,-0.0974,9.045
96.34,2.4007,-0.0974,9.045
96.372,2.4007,-0.0974,9.045
96.395,2.4006,-0.0974,9.0451
96.437,2.4006,-0.0974,9.0451
96.461,2.4014,-0.0986,9.0439
96.506,2.4011,-0.0981,9.0444
96.542,2.4053,-0.099,9.0401
96.574,2.404,-0.0989,9.0414
96.608,2.413,-0.1002,9.0327
96.628,2.4115,-0.1,9.0341
96.663,2.4202,-0.102,9.0253
96.7,2.4203,-0.1021,9.0252
96.741,2.4335,-0.1065,9.0114
96.769,2.44,-0.1093,9.0044
96.785,2.4352,-0.1074,9.0095
96.855,2.4438,-0.1104,9.0005
96.89,2.4602,-0.1149,8.9836
96.901,2.4761,-0.1188,8.9676
96.93,2.4603,-0.1149,8.9835
96.981,2.4918,-0.122,8.952
97.002,2.4842,-0.1206,8.9595
97.039,2.5167,-0.1289,8.9264
97.065,2.505,-0.1258,8.9384
97.101,2.5318,-0.1337,8.9108
97.123,2.5279,-0.1326,8.9148
97.156,2.5494,-0.1364,8.8937
97.184,2.5489,-0.1363,8.8941
97.197,2.5681,-0.1391,8.8756
97.221,2.586,-0.1406,8.8587
97.257,2.5785,-0.1396,8.8659
97.293,2.5985,-0.1401,8.8476
97.355,2.5962,-0.1404,8.8496
97.382,2.6068,-0.14,8.8402
97.409,2.6054,-0.1401,8.8413
97.449,2.6081,-0.1397,8.8391
97.471,2.6053,-0.1398,8.8415
97.514,2.6079,-0.1397,8.8393
97.597,2.6054,-0.1398,8.8415
97.623,2.6042,-0.1401,8.8425
97.646,2.6042,-0.14,8.8425
97.687,2.6046,-0.1398,8.8422
97.713,2.6044,-0.1399,8.8423
97.733,2.6046,-0.1397,8.8423
97.763,2.6046,-0.1397,8.8423
97.836,2.604,-0.1398,8.8427
97.847,2.6042,-0.1397,8.8426
97.893,2.6042,-0.1398,8.8426
97.911,2.6041,-0.1398,8.8427
97.988,2.6049,-0.1404,8.8417
98.022,2.613,-0.1397,8.8346
98.04,2.61,-0.1402,8.8372
98.073,2.6177,-0.1398,8.8303
98.102,2.6167,-0.1397,8.8313
98.137,2.6258,-0.141,8.8225
98.176,2.6246,-0.1408,8.8237
98.202,2.6357,-0.1421,8.813
98.255,2.6361,-0.1422,8.8126
98.299,2.6531,-0.1424,8.7972
98.319,2.6494,-0.1424,8.8005
98.358,2.6759,-0.1435,8.7761
98.399,2.6713,-0.1433,8.7803
98.429,2.699,-0.1478,8.7533
98.47,2.6977,-0.1476,8.7546
98.501,2.7217,-0.1517,8.7311
98.534,2.7201,-0.1513,8.7328
98.57,2.7448,-0.1559,8.7085
98.61,2.7416,-0.1554,8.7116
98.648,2.7668,-0.1638,8.6852
98.691,2.7657,-0.1633,8.6864
98.736,2.7826,-0.1662,8.6699
98.765,2.7765,-0.1662,8.6755
98.796,2.7976,-0.1657,8.6566
98.82,2.791,-0.1659,8.6625
98.858,2.807,-0.1651,8.6484
98.887,2.803,-0.1654,8.6519
98.926,2.8139,-0.1625,8.6433
98.965,2.8121,-0.1632,8.6446
98.991,2.8146,-0.1612,8.6431
99.005,2.8146,-0.1614,8.6431
99.04,2.8133,-0.1607,8.6445
99.056,2.8113,-0.1606,8.6464
99.097,2.8129,-0.1606,8.6449
99.181,2.8108,-0.1607,8.6468
99.228,2.8087,-0.1606,8.6488
99.246,2.8093,-0.1607,8.6482
99.283,2.8081,-0.1593,8.6499
99.303,2.8084,-0.1599,8.6494
99.341,2.8073,-0.1582,8.651
99.367,2.8075,-0.1586,8.6507
99.402,2.8083,-0.1583,8.6501
99.441,2.8081,-0.1581,8.6504
99.45,2.8092,-0.1586,8.6492
99.485,2.8121,-0.1586,8.6465
99.508,2.8101,-0.1585,8.6484
99.55,2.818,-0.159,8.6411
99.565,2.8137,-0.1586,8.6451
99.601,2.8278,-0.1607,8.6315
99.651,2.8244,-0.1596,8.635
99.676,2.8396,-0.1614,8.6205
99.714,2.839,-0.1613,8.6211
99.749,2.8546,-0.1645,8.6056
99.776,2.8673,-0.1664,8.5935
99.782,2.8553,-0.1646,8.605
99.817,2.8836,-0.1677,8.5782
99.865,2.8758,-0.1673,8.5854
99.896,2.9035,-0.1702,8.5592
99.933,2.8962,-0.1691,8.5662
99.96,2.9277,-0.1747,8.5354
99.979,2.9224,-0.1745,8.5403
99.999,2.9466,-0.1806,8.5158
100.066,2.9498,-0.1816,8.5125
100.098,2.9696,-0.1871,8.4922
100.12,2.9865,-0.1899,8.4758
100.145,2.9697,-0.1871,8.4922
100.185,3.0069,-0.193,8.4561
100.214,2.992,-0.1908,8.4705
100.272,3.0178,-0.1941,8.4458
100.299,3.0348,-0.1939,8.4306
100.341,3.0404,-0.193,8.426
100.385,3.057,-0.1909,8.4121
100.413,3.0566,-0.1909,8.4124
100.449,3.0651,-0.1902,8.4051
100.472,3.0638,-0.1903,8.4062
100.516,3.0663,-0.1913,8.4035
100.552,3.0662,-0.1912,8.4036
100.584,3.0628,-0.1914,8.4066
100.611,3.0601,-0.1902,8.4095
100.635,3.0622,-0.1912,8.4072
100.673,3.059,-0.1892,8.4109
100.706,3.0596,-0.1898,8.4102
100.746,3.059,-0.1887,8.4112
100.769,3.059,-0.1889,8.4112
100.82,3.0591,-0.1886,8.4112
100.864,3.0591,-0.1886,8.4112
100.888,3.0587,-0.1886,8.4115
100.911,3.0588,-0.1886,8.4114
100.949,3.0584,-0.1885,8.4118
100.982,3.0585,-0.1885,8.4117
100.998,3.0586,-0.1885,8.4116
101.013,3.0618,-0.188,8.409
101.049,3.0597,-0.1886,8.4106
101.081,3.0664,-0.1874,8.4052
101.11,3.0638,-0.1875,8.4074
101.136,3.071,-0.1874,8.401
101.181,3.0703,-0.1873,8.4016
101.22,3.0798,-0.1887,8.3925
101.272,3.0789,-0.1886,8.3934
101.291,3.091,-0.19,8.3819
101.356,3.0897,-0.1898,8.3832
101.385,3.116,-0.1893,8.3598
101.41,3.1052,-0.1898,8.3693
101.456,3.1345,-0.1923,8.3418
101.465,3.1276,-0.1911,8.3486
101.493,3.1538,-0.1961,8.3229
101.543,3.1538,-0.1961,8.3229
101.564,3.1718,-0.1998,8.3051
101.574,3.1923,-0.2077,8.2832
101.607,3.1768,-0.2018,8.2997
101.627,3.2069,-0.2126,8.268
101.694,3.2044,-0.2116,8.2707
101.716,3.224,-0.217,8.2507
101.75,3.2201,-0.2163,8.2545
101.774,3.2459,-0.2198,8.2299
101.819,3.244,-0.2195,8.2316
101.853,3.2725,-0.2207,8.2056
101.875,3.2695,-0.2209,8.2082
101.902,3.2898,-0.2197,8.1906
101.923,3.2997,-0.2189,8.182
101.958,3.2937,-0.2192,8.1873
102.011,3.3088,-0.2184,8.1742
102.015,3.3023,-0.2184,8.18
102.053,3.3165,-0.2212,8.166
102.094,3.3142,-0.2205,8.1685
102.108,3.3202,-0.2226,8.1621
102.137,3.3223,-0.2252,8.1591
102.166,3.3208,-0.2231,8.1613
102.209,3.3225,-0.2254,8.1588
102.243,3.3226,-0.2253,8.1588
102.294,3.3216,-0.2249,8.1598
102.318,3.322,-0.2252,8.1594
102.334,3.3207,-0.2245,8.1608
102.363,3.3201,-0.2244,8.1614
102.38,3.3207,-0.2245,8.1608
102.414,3.3202,-0.2246,8.1612
102.444,3.3201,-0.2245,8.1614
102.507,3.3206,-0.2247,8.1608
102.523,3.3205,-0.2247,8.1609
102.563,3.321,-0.2247,8.1604
102.583,3.3209,-0.2247,8.1605
102.631,3.3212,-0.2246,8.1604
102.657,3.3212,-0.2246,8.1604
102.697,3.3211,-0.2247,8.1604
102.728,3.3211,-0.2247,8.1604
102.763,3.321,-0.2247,8.1604
102.809,3.321,-0.2247,8.1604
102.85,3.3219,-0.2247,8.1596
102.874,3.3215,-0.2247,8.16
102.906,3.3265,-0.2261,8.1549
102.937,3.325,-0.2256,8.1565
102.958,3.3333,-0.226,8.1489
103.005,3.3324,-0.226,8.1497
103.029,3.3446,-0.2263,8.1387
103.072,3.345,-0.2263,8.1383
103.107,3.3618,-0.2276,8.1227
103.14,3.3729,-0.2297,8.1118
103.172,3.3603,-0.2274,8.1241
103.234,3.3747,-0.2304,8.1099
103.265,3.3871,-0.2337,8.0974
103.28,3.3879,-0.2339,8.0965
103.3,3.4057,-0.2388,8.0785
103.336,3.4231,-0.2418,8.0616
103.359,3.4119,-0.2402,8.0723
103.397,3.4454,-0.2485,8.0387
103.447,3.4358,-0.2435,8.0495
103.476,3.4667,-0.2535,8.0174
103.513,3.4629,-0.2526,8.0212
103.567,3.4943,-0.2553,7.992
103.591,3.4806,-0.2549,8.0044
103.612,3.5115,-0.2561,7.9763
103.649,3.5026,-0.2554,7.9846
103.689,3.5266,-0.2555,7.9632
103.712,3.5218,-0.2558,7.9673
103.754,3.5322,-0.2543,7.9588
103.78,3.5312,-0.2545,7.9595
103.811,3.5327,-0.2527,7.959
103.829,3.5309,-0.2527,7.9606
103.862,3.5327,-0.2527,7.959
103.918,3.53,-0.2528,7.9614
103.954,3.527,-0.2533,7.9638
103.997,3.5271,-0.2532,7.9637
104.026,3.526,-0.253,7.9649
104.044,3.5255,-0.2523,7.9656
104.083,3.526,-0.253,7.9648
104.136,3.5246,-0.2515,7.9668
104.15,3.5254,-0.2522,7.9657
104.208,3.5237,-0.2508,7.9679
104.227,3.5243,-0.2513,7.9671
104.271,3.5229,-0.25,7.9689
104.302,3.5233,-0.2503,7.9685
104.328,3.5221,-0.2495,7.9699
104.341,3.5225,-0.2497,7.9695
104.374,3.5223,-0.2493,7.9698
104.406,3.5223,-0.2493,7.9698
104.436,3.5236,-0.2506,7.968
104.476,3.5237,-0.2506,7.968
104.507,3.5265,-0.2511,7.9653
104.539,3.5263,-0.2511,7.9655
104.554,3.5308,-0.2514,7.9613
104.579,3.5386,-0.2516,7.9543
104.626,3.5322,-0.2514,7.9601
104.66,3.5501,-0.2525,7.9436
104.688,3.5455,-0.2522,7.9479
104.72,3.5609,-0.2541,7.9333
104.754,3.5598,-0.2539,7.9343
104.796,3.581,-0.2579,7.9137
104.829,3.5764,-0.2569,7.9182
104.867,3.6015,-0.2606,7.8943
104.902,3.5977,-0.2601,7.8978
104.942,3.6278,-0.2645,7.8691
104.979,3.6228,-0.2636,7.874
105.015,3.6496,-0.2687,7.8478
105.051,3.6482,-0.2684,7.8491
105.088,3.6757,-0.279,7.8199
105.101,3.671,-0.2774,7.8248
105.153,3.6922,-0.2831,7.8034
105.156,3.7073,-0.2853,7.7889
105.183,3.6925,-0.2831,7.8031
105.242,3.7147,-0.2866,7.7818
105.273,3.7391,-0.2886,7.7592
105.29,3.7538,-0.2882,7.7464
105.317,3.7417,-0.2885,7.757
105.36,3.7661,-0.2865,7.7363
105.379,3.7595,-0.2871,7.7419
105.407,3.7746,-0.2849,7.7295
105.471,3.7745,-0.2849,7.7296
105.524,3.7772,-0.285,7.7271
105.543,3.777,-0.285,7.7274
105.585,3.7739,-0.2858,7.7298
105.615,3.7748,-0.2856,7.729
105.636,3.7709,-0.2846,7.7329
105.678,3.7714,-0.2848,7.7324
105.687,3.7699,-0.2836,7.7342
105.711,3.7699,-0.283,7.7346
105.748,3.7698,-0.2834,7.7344
105.804,3.7699,-0.2829,7.7346
105.817,3.77,-0.2829,7.7346
105.87,3.7697,-0.2828,7.7348
105.908,3.7697,-0.2829,7.7348
105.953,3.769,-0.2828,7.7354
105.955,3.7692,-0.2828,7.7353
105.998,3.7689,-0.2826,7.7356
106.031,3.769,-0.2827,7.7355
106.064,3.7712,-0.2824,7.7336
106.087,3.7702,-0.2825,7.7345
106.133,3.7761,-0.2815,7.7297
106.162,3.7751,-0.2816,7.7307
106.193,3.7822,-0.2815,7.7243
106.237,3.7823,-0.2815,7.7242
106.277,3.7956,-0.2835,7.7116
106.314,3.7916,-0.2829,7.7154
106.343,3.8045,-0.2845,7.7032
106.382,3.8017,-0.2842,7.7058
106.408,3.821,-0.2845,7.6886
106.431,3.8172,-0.2845,7.6921
106.452,3.8394,-0.286,7.6717
106.473,3.856,-0.2897,7.6553
106.502,3.8406,-0.2861,7.6707
106.559,3.8743,-0.2919,7.6381
106.562,3.8631,-0.2912,7.6483
106.597,3.8926,-0.2984,7.6189
106.646,3.8869,-0.2964,7.6249
106.648,3.913,-0.3061,7.5973
106.709,3.9138,-0.3064,7.5964
106.713,3.9256,-0.3102,7.5843
106.746,3.9406,-0.3126,7.5699
106.787,3.9302,-0.3113,7.5797
106.8,3.9594,-0.3144,7.5525
106.844,3.9526,-0.3136,7.5589
106.876,3.9776,-0.3161,7.5356
106.918,3.9771,-0.3159,7.5361
106.935,3.9966,-0.3126,7.5206
106.976,4.0062,-0.312,7.5124
106.992,4.0006,-0.3127,7.5171
107.031,4.0129,-0.3119,7.5066
107.071,4.0117,-0.312,7.5076
107.104,4.0247,-0.314,7.4952
107.143,4.025,-0.3142,7.4949
107.17,4.0321,-0.3169,7.4873
107.207,4.0315,-0.3167,7.488
107.23,4.0332,-0.3187,7.4854
107.276,4.0334,-0.319,7.4852
107.299,4.0338,-0.3192,7.4848
107.317,4.033,-0.3187,7.4857
107.345,4.0337,-0.3191,7.4849
107.388,4.0325,-0.3184,7.4862
107.415,4.0328,-0.3186,7.486
107.453,4.0325,-0.3182,7.4863
107.484,4.0325,-0.3183,7.4863
107.519,4.0329,-0.3184,7.4859
107.558,4.0328,-0.3183,7.486
107.564,4.0334,-0.3186,7.4854
107.636,4.0335,-0.3186,7.4853
107.673,4.0339,-0.3186,7.4849
107.714,4.0339,-0.3186,7.4849
107.747,4.034,-0.3186,7.4848
107.771,4.034,-0.3186,7.4848
107.801,4.0368,-0.319,7.4822
107.83,4.0365,-0.3194,7.4823
107.861,4.0416,-0.3193,7.4778
107.899,4.0426,-0.3193,7.4769
107.92,4.049,-0.32,7.471
107.941,4.0586,-0.3211,7.462
107.972,4.0546,-0.3204,7.4659
108.009,4.071,-0.3231,7.4502
108.045,4.0672,-0.3224,7.4538
108.08,4.0851,-0.3258,7.4365
108.141,4.0864,-0.3261,7.4352
108.157,4.1028,-0.3307,7.4186
108.185,4.1013,-0.33,7.4203
108.206,4.113,-0.3346,7.4078
108.227,4.1299,-0.3402,7.3903
108.254,4.1159,-0.3353,7.4049
108.288,4.15,-0.3447,7.3705
108.322,4.1392,-0.3436,7.3805
108.357,4.1707,-0.354,7.3479
108.409,4.1665,-0.3517,7.3527
108.439,4.1962,-0.3603,7.3225
108.47,4.1911,-0.3593,7.3275
108.497,4.2181,-0.3629,7.3021
108.548,4.2183,-0.363,7.3018
108.553,4.2374,-0.3647,7.2842
108.573,4.2598,-0.3674,7.2634
108.612,4.2454,-0.3654,7.2769
108.63,4.2754,-0.3682,7.2493
108.676,4.2719,-0.3687,7.2522
108.703,4.2825,-0.3653,7.2445
108.768,4.282,-0.3653,7.245
108.803,4.2887,-0.3653,7.2391
108.831,4.2883,-0.3654,7.2395
108.858,4.2861,-0.3651,7.2415
108.89,4.2873,-0.3653,7.2404
108.927,4.2827,-0.3634,7.2453
108.965,4.2828,-0.3634,7.2452
109.016,4.2808,-0.3613,7.2479
109.034,4.2811,-0.3618,7.2475
109.06,4.2809,-0.3611,7.248
109.096,4.2808,-0.3611,7.248
109.131,4.2806,-0.3611,7.2483
109.182,4.2807,-0.3611,7.2482
109.208,4.28,-0.361,7.2488
109.244,4.2801,-0.361,7.2487
109.289,4.2795,-0.3608,7.2493
109.308,4.2796,-0.3609,7.2492
109.361,4.2791,-0.3606,7.2498
109.378,4.2792,-0.3606,7.2497
109.403,4.2786,-0.3604,7.2503
109.444,4.2786,-0.3604,7.2503
109.479,4.2783,-0.3603,7.2506
109.505,4.279,-0.3607,7.2498
109.529,4.2783,-0.3603,7.2507
109.567,4.282,-0.3593,7.2479
109.587,4.2801,-0.3596,7.2494
109.621,4.2869,-0.3599,7.2434
109.651,4.2853,-0.3597,7.2448
109.693,4.2941,-0.3609,7.2365
109.72,4.2932,-0.3608,7.2374
109.75,4.3053,-0.3624,7.226
109.789,4.3064,-0.3626,7.225
109.823,4.3199,-0.3634,7.2128
109.862,4.3199,-0.3634,7.2128
109.889,4.3363,-0.3627,7.1989
109.906,4.3535,-0.3654,7.1825
109.937,4.3389,-0.3628,7.1965
109.979,4.3729,-0.369,7.1638
110.01,4.3629,-0.3672,7.1734
110.034,4.3912,-0.3743,7.1453
110.092,4.3873,-0.3723,7.1497
110.146,4.4201,-0.3833,7.1158
110.173,4.4146,-0.3816,7.1213
110.19,4.4369,-0.3888,7.0983
110.226,4.4327,-0.3874,7.1027
110.261,4.456,-0.3915,7.0804
110.288,4.4571,-0.3916,7.0794
110.312,4.483,-0.3943,7.0555
110.367,4.4841,-0.3942,7.0547
110.412,4.5088,-0.3945,7.0331
110.435,4.5065,-0.3946,7.035
110.477,4.5187,-0.394,7.0247
110.506,4.5176,-0.394,7.0257
110.533,4.5303,-0.3954,7.014
110.559,4.5316,-0.3956,7.0128
110.577,4.5369,-0.3972,7.0073
110.597,4.5418,-0.3982,7.0026
110.628,4.5408,-0.3978,7.0037
110.683,4.5434,-0.4,7.0003
110.719,4.5432,-0.3997,7.0007
110.741,4.5435,-0.3998,7.0003
110.789,4.5434,-0.3998,7.0004
110.834,4.5421,-0.3991,7.0018
110.857,4.5425,-0.3993,7.0014
110.889,4.542,-0.3991,7.002
110.941,4.542,-0.3991,7.002
111.003,4.5425,-0.3992,7.0015
111.017,4.5422,-0.3991,7.0017
111.036,4.5429,-0.3992,7.0011
111.079,4.5427,-0.3992,7.0013
111.115,4.543,-0.3993,7.001
111.143,4.543,-0.3992,7.0011
111.183,4.543,-0.3993,7.0011
111.224,4.543,-0.3993,7.001
111.247,4.5458,-0.3996,6.9984
111.266,4.5448,-0.3995,6.9994
111.3,4.55,-0.3992,6.995
111.331,4.5495,-0.3992,6.9954
111.344,4.5571,-0.3997,6.9886
111.368,4.5662,-0.4007,6.9802
111.409,4.5598,-0.4,6.9861
111.444,4.5776,-0.4021,6.9696
111.484,4.5729,-0.4014,6.974
111.517,4.5931,-0.4042,6.9551
111.562,4.5918,-0.404,6.9563
111.59,4.6086,-0.4087,6.9395
111.636,4.6056,-0.4075,6.9427
111.667,4.6156,-0.4114,6.9321
111.691,4.6147,-0.411,6.9331
111.714,4.6434,-0.4193,6.9041
111.758,4.6435,-0.4193,6.904
111.793,4.6738,-0.4253,6.8747
111.843,4.6729,-0.4251,6.8756
111.869,4.6966,-0.4351,6.8502
111.907,4.6949,-0.4346,6.8519
111.931,4.7198,-0.4388,6.8282
111.945,4.7402,-0.4407,6.8097
111.991,4.7206,-0.439,6.8274
112.06,4.7465,-0.4418,6.8037
112.099,4.778,-0.4451,6.7748
112.121,4.7718,-0.4446,6.7804
112.154,4.7899,-0.4435,6.7654
112.176,4.787,-0.4439,6.7677
112.187,4.7947,-0.4436,6.7612
112.228,4.7956,-0.4436,6.7605
112.275,4.7956,-0.4438,6.7603
112.3,4.793,-0.4438,6.7626
112.32,4.7947,-0.4438,6.7611
112.35,4.7903,-0.4423,6.7657
112.391,4.7904,-0.4424,6.7655
112.443,4.7885,-0.4405,6.7681
112.482,4.7887,-0.4409,6.7677
112.508,4.7884,-0.44,6.7685
112.542,4.7885,-0.4402,6.7684
112.568,4.788,-0.4399,6.7689
112.653,4.788,-0.4399,6.7689
112.675,4.7868,-0.4397,6.77
112.678,4.7871,-0.4397,6.7697
112.715,4.786,-0.4394,6.7709
112.74,4.7862,-0.4394,6.7707
112.785,4.787,-0.4393,6.7701
112.826,4.7866,-0.4393,6.7704
112.874,4.7951,-0.4387,6.7634
112.888,4.7912,-0.4389,6.7667
112.912,4.8015,-0.4393,6.7576
112.945,4.7987,-0.439,6.7601
112.979,4.8122,-0.4408,6.7476
113.02,4.8105,-0.4406,6.7492
113.05,4.8228,-0.442,6.7379
113.095,4.8224,-0.442,6.7383
113.124,4.845,-0.4417,6.7189
113.154,4.8415,-0.4418,6.7219
113.179,4.8612,-0.4429,6.7044
113.229,4.8639,-0.4437,6.7017
113.271,4.8933,-0.4477,6.6744
113.307,4.8895,-0.4473,6.678
113.339,4.9167,-0.454,6.6512
113.37,4.9165,-0.4539,6.6514
113.381,4.9365,-0.4608,6.6307
113.407,4.9481,-0.465,6.6186
113.452,4.9387,-0.4618,6.6282
113.49,4.963,-0.4669,6.6049
113.502,4.9564,-0.4661,6.6109
113.545,4.9837,-0.4694,6.5858
113.598,4.9806,-0.4689,6.5888
113.629,5.0093,-0.469,6.5642
113.65,5.0065,-0.4696,6.5663
113.683,5.0242,-0.4683,6.5519
113.708,5.0322,-0.4669,6.5458
113.73,5.0249,-0.468,6.5513
113.774,5.0357,-0.4666,6.5429
113.797,5.0431,-0.4671,6.5363
113.815,5.0498,-0.469,6.5296
113.85,5.0458,-0.4679,6.5336
113.876,5.0519,-0.4713,6.5267
113.923,5.0514,-0.4704,6.5275
113.947,5.0527,-0.4718,6.5257
114.006,5.0527,-0.4718,6.5257
114.021,5.0521,-0.4719,6.5262
114.039,5.0509,-0.4715,6.5274
114.072,5.0518,-0.4718,6.5265
114.101,5.0503,-0.4713,6.528
114.139,5.0506,-0.4714,6.5278
114.183,5.0501,-0.4713,6.5282
114.198,5.0501,-0.4713,6.5282
114.249,5.0503,-0.4714,6.528
114.289,5.0504,-0.4714,6.5279
114.331,5.0509,-0.4714,6.5274
114.358,5.0508,-0.4714,6.5275
114.375,5.0511,-0.4714,6.5273
114.425,5.0511,-0.4714,6.5273
114.442,5.0547,-0.4724,6.5237
114.5,5.0547,-0.4724,6.5237
114.535,5.0629,-0.4726,6.5166
114.566,5.0619,-0.4726,6.5174
114.6,5.0741,-0.4736,6.5066
114.623,5.0726,-0.4735,6.5079
114.656,5.0847,-0.4752,6.4967
114.68,5.0967,-0.4775,6.4852
114.718,5.0863,-0.4755,6.4952
114.739,5.1051,-0.4804,6.4766
114.768,5.1011,-0.4792,6.4807
114.8,5.119,-0.4844,6.4627
114.848,5.1174,-0.484,6.4642
114.891,5.1441,-0.4918,6.4374
114.914,5.1393,-0.4904,6.4422
114.954,5.1699,-0.4968,6.4128
114.995,5.165,-0.4959,6.4175
115.027,5.1974,-0.5055,6.3849
115.049,5.1901,-0.5035,6.3922
115.083,5.2138,-0.5095,6.3689
115.116,5.211,-0.5089,6.3716
115.132,5.2312,-0.5113,6.3532
115.187,5.236,-0.5119,6.3489
115.211,5.2571,-0.514,6.3298
115.239,5.2767,-0.5153,6.3126
115.262,5.2625,-0.5144,6.325
115.339,5.2861,-0.515,6.3047
115.376,5.3025,-0.5126,6.2922
115.4,5.299,-0.513,6.295
115.431,5.3097,-0.5127,6.286
115.479,5.3095,-0.5127,6.2863
115.523,5.3086,-0.5127,6.287
115.545,5.3093,-0.5125,6.2865
115.557,5.3051,-0.5112,6.2907
115.602,5.3057,-0.5115,6.2901
115.65,5.3032,-0.5097,6.2931
115.676,5.3035,-0.51,6.2927
115.709,5.3034,-0.5092,6.2933
115.743,5.3034,-0.5092,6.2933
115.791,5.3032,-0.5086,6.2937
115.812,5.3033,-0.5087,6.2936
115.856,5.3024,-0.5085,6.2945
115.881,5.3025,-0.5085,6.2944
115.904,5.3016,-0.5085,6.2952
115.921,5.3008,-0.5085,6.2958
115.939,5.3014,-0.5085,6.2953
115.992,5.3002,-0.5087,6.2962
116.011,5.3004,-0.5084,6.2963
116.064,5.3001,-0.5086,6.2964
116.092,5.2998,-0.5084,6.2968
116.116,5.3008,-0.5085,6.2958
116.159,5.3009,-0.5084,6.2959
116.173,5.3013,-0.5064,6.2966
116.203,5.3021,-0.5042,6.2971
116.231,5.3017,-0.5051,6.2969
116.287,5.303,-0.5021,6.2974
116.297,5.3027,-0.5025,6.2974
116.314,5.3045,-0.5001,6.2972
116.372,5.3044,-0.5002,6.2972
116.418,5.3067,-0.4974,6.2968
116.432,5.3064,-0.4978,6.2968
116.455,5.3075,-0.4969,6.2964
116.499,5.3077,-0.4967,6.2963
116.508,5.3087,-0.4961,6.2958
116.568,5.3094,-0.4955,6.2956
116.59,5.3101,-0.4951,6.2952
116.616,5.3112,-0.4947,6.2945
116.657,5.3109,-0.4949,6.2947
116.702,5.3121,-0.4947,6.2938
116.727,5.3119,-0.4947,6.2939
116.768,5.312,-0.494,6.2942
116.78,5.312,-0.4941,6.2941
116.807,5.3129,-0.4962,6.2923
116.852,5.3128,-0.4965,6.2922
116.88,5.3096,-0.4964,6.2949
116.9,5.3079,-0.4957,6.2967
116.925,5.3088,-0.4962,6.2957
116.973,5.3073,-0.4925,6.299
116.998,5.3079,-0.4938,6.2978
117.027,5.3071,-0.4894,6.3008
117.066,5.307,-0.4876,6.3019
117.11,5.3071,-0.4895,6.3007
117.138,5.3067,-0.4865,6.3027
117.182,5.3069,-0.4871,6.3023
117.202,5.3061,-0.4858,6.3036
117.27,5.3064,-0.4862,6.3031
117.28,5.3053,-0.4848,6.3048
117.296,5.3056,-0.4852,6.3043
117.344,5.3048,-0.4839,6.3057
117.367,5.305,-0.4843,6.3053
117.392,5.3043,-0.4833,6.3064
117.426,5.3045,-0.4834,6.3063
117.441,5.3038,-0.4828,6.3072
117.494,5.3038,-0.4828,6.3072
117.519,5.3028,-0.4822,6.3083
117.559,5.3028,-0.4822,6.3083
117.589,5.3021,-0.4816,6.3092
117.602,5.3019,-0.4811,6.3097
117.637,5.302,-0.4814,6.3094
117.713,5.3017,-0.4808,6.31
117.749,5.3011,-0.4801,6.3109
117.781,5.3012,-0.4802,6.3107
117.825,5.3009,-0.4797,6.3113
117.855,5.3009,-0.4797,6.3113
117.874,5.3006,-0.4793,6.3117
117.898,5.3006,-0.4793,6.3117
117.924,5.3003,-0.4791,6.312
117.954,5.3,-0.4789,6.3124
117.967,5.3003,-0.4791,6.3121
118.005,5.2998,-0.4788,6.3127
118.074,5.2999,-0.4788,6.3126
118.104,5.2995,-0.4785,6.3131
118.124,5.2996,-0.4786,6.313
118.17,5.2993,-0.4784,6.3133
118.187,5.2993,-0.4784,6.3133
118.222,5.2991,-0.4783,6.3135
118.236,5.299,-0.4782,6.3137
118.272,5.2991,-0.4783,6.3135
118.315,5.2989,-0.4781,6.3138
118.333,5.2989,-0.4782,6.3138
118.373,5.2989,-0.478,6.3139
118.418,5.2989,-0.478,6.3139
118.45,5.2987,-0.4779,6.3141
118.49,5.2988,-0.4779,6.314
118.514,5.2986,-0.4777,6.3143
118.547,5.2986,-0.4777,6.3143
118.571,5.2985,-0.4776,6.3144
118.591,5.2984,-0.4775,6.3146
118.62,5.2984,-0.4776,6.3145
118.653,5.2983,-0.4774,6.3147
118.692,5.2983,-0.4774,6.3147
118.729,5.2983,-0.4773,6.3148
118.762,5.2983,-0.4773,6.3148
118.792,5.2983,-0.4771,6.3149
118.82,5.2983,-0.4771,6.3149
118.851,5.2983,-0.4771,6.3149
118.912,5.2983,-0.4771,6.3149
118.999,5.2981,-0.477,6.3151
119.003,5.2981,-0.477,6.3151
119.048,5.2979,-0.4769,6.3152
119.077,5.298,-0.4769,6.3152
119.115,5.2987,-0.4774,6.3143
119.138,5.2984,-0.4772,6.3147
119.195,5.3005,-0.4774,6.3128
119.215,5.2997,-0.4774,6.3135
119.239,5.3016,-0.4758,6.3128
119.269,5.301,-0.4767,6.3127
119.299,5.3029,-0.4737,6.3128
119.337,5.3027,-0.474,6.3128
119.384,5.3063,-0.4715,6.3111
119.424,5.3055,-0.472,6.3115
119.451,5.3078,-0.4676,6.312
119.471,5.3078,-0.4683,6.3116
119.515,5.3096,-0.468,6.3102
119.537,5.309,-0.4679,6.3108
119.564,5.3092,-0.4675,6.3109
119.61,5.3092,-0.4675,6.3109
119.675,5.3082,-0.4676,6.3117
119.682,5.3083,-0.4675,6.3116
119.719,5.3081,-0.4675,6.3118
119.762,5.3081,-0.4675,6.3118
119.783,5.3081,-0.4673,6.3119
119.819,5.3081,-0.4674,6.3119
119.849,5.3083,-0.4668,6.312
119.88,5.3083,-0.4669,6.312
119.918,5.3083,-0.4665,6.3122
119.967,5.3083,-0.4665,6.3122
120.008,5.3085,-0.4658,6.3124
120.022,5.3085,-0.4659,6.3123
120.051,5.3086,-0.4654,6.3125
120.08,5.3085,-0.4655,6.3125
120.102,5.3088,-0.4651,6.3126
120.131,5.3088,-0.4647,6.3127
120.155,5.3087,-0.4649,6.3127
120.194,5.3088,-0.4646,6.3128
120.219,5.3088,-0.4646,6.3128
120.249,5.3087,-0.4644,6.3129
120.292,5.3087,-0.4644,6.3129
120.321,5.3089,-0.4641,6.313
120.344,5.3089,-0.464,6.313
120.372,5.3089,-0.4641,6.313
120.409,5.309,-0.4639,6.313
120.434,5.309,-0.4639,6.313
120.473,5.309,-0.4638,6.313
120.506,5.309,-0.4638,6.313
120.537,5.3089,-0.4637,6.3132
120.552,5.3089,-0.4636,6.3133
120.577,5.3089,-0.4637,6.3132
120.647,5.3089,-0.4635,6.3133
120.655,5.3089,-0.4635,6.3133
120.705,5.3089,-0.4634,6.3133
120.726,5.3089,-0.4634,6.3133
120.763,5.3088,-0.4634,6.3134
120.794,5.3088,-0.4634,6.3134
120.824,5.3087,-0.4634,6.3135
120.866,5.3087,-0.4634,6.3135
120.904,5.3087,-0.4634,6.3135
120.94,5.3087,-0.4634,6.3135
120.965,5.3088,-0.4633,6.3135
120.991,5.3088,-0.4633,6.3135
121.008,5.3089,-0.4631,6.3135
121.048,5.3088,-0.463,6.3136
121.102,5.3089,-0.4631,6.3135
121.105,5.3088,-0.4629,6.3137
121.154,5.3088,-0.4629,6.3136
121.186,5.3088,-0.4629,6.3137
121.22,5.3088,-0.4629,6.3137
121.283,5.3087,-0.463,6.3137
121.304,5.3087,-0.4629,6.3138
121.37,5.3087,-0.463,6.3137
121.383,5.3087,-0.463,6.3138
121.417,5.3087,-0.463,6.3138
121.447,5.3086,-0.4629,6.3138
121.478,5.3086,-0.4629,6.3138
121.495,5.3086,-0.4629,6.3139
121.527,5.3087,-0.463,6.3138
121.569,5.3086,-0.4629,6.3138
121.614,5.3086,-0.463,6.3138
121.635,5.3087,-0.463,6.3138
121.689,5.3086,-0.463,6.3138
121.709,5.3085,-0.4629,6.3139
121.741,5.3087,-0.4627,6.3139
121.772,5.3085,-0.4627,6.3141
121.808,5.3075,-0.4626,6.315
121.843,5.3075,-0.4626,6.3149
121.852,5.3078,-0.4624,6.3148
121.88,5.3078,-0.4625,6.3148
121.918,5.3078,-0.4624,6.3148
121.955,5.3085,-0.462,6.3145
121.981,5.3083,-0.4621,6.3146
122.012,5.3087,-0.462,6.3143
122.054,5.3087,-0.462,6.3143
122.08,5.3083,-0.4622,6.3145
122.114,5.3083,-0.4622,6.3145
122.13,5.3076,-0.4624,6.315
122.167,5.3061,-0.4612,6.3169
122.195,5.3072,-0.4619,6.3156
122.223,5.3051,-0.4583,6.3193
122.263,5.3052,-0.4592,6.3187
122.292,5.3042,-0.4587,6.3198
122.333,5.3043,-0.4587,6.3198
122.375,5.3035,-0.4605,6.3194
122.407,5.3035,-0.4604,6.3196
122.424,5.3041,-0.4607,6.3188
122.447,5.306,-0.4604,6.3175
122.462,5.3043,-0.4607,6.3187
122.504,5.3088,-0.4597,6.3154
122.539,5.3069,-0.4602,6.3167
122.578,5.3118,-0.4591,6.3132
122.612,5.3118,-0.4592,6.3132
122.649,5.3116,-0.4597,6.3131
122.678,5.3116,-0.4596,6.3131
122.713,5.3126,-0.4585,6.3129
122.738,5.3127,-0.4584,6.3128
122.793,5.3124,-0.4608,6.3118
122.795,5.3144,-0.4589,6.3112
122.812,5.3127,-0.461,6.3115
122.854,5.3156,-0.4553,6.3121
122.891,5.315,-0.4572,6.3116
122.923,5.3157,-0.4506,6.3146
122.968,5.3157,-0.4512,6.3143
122.992,5.3153,-0.4475,6.3166
123.029,5.3153,-0.4475,6.3166
123.053,5.3151,-0.4469,6.3171
123.073,5.3145,-0.4471,6.3175
123.106,5.315,-0.4469,6.3172
123.154,5.3141,-0.447,6.3179
123.186,5.3137,-0.4469,6.3182
123.202,5.3134,-0.4467,6.3187
123.231,5.3135,-0.4468,6.3185
123.266,5.3132,-0.4463,6.319
123.293,5.3133,-0.4463,6.3189
123.315,5.3132,-0.446,6.3192
123.358,5.3131,-0.4458,6.3194
123.367,5.3132,-0.4459,6.3192
123.393,5.3129,-0.4457,6.3196
123.456,5.313,-0.4457,6.3195
123.497,5.3128,-0.4456,6.3198
123.519,5.3128,-0.4456,6.3197
123.553,5.3126,-0.4454,6.32
123.6,5.3126,-0.4454,6.32
123.619,5.3125,-0.4452,6.3202
123.659,5.3125,-0.4452,6.3202
123.676,5.3125,-0.4452,6.3202
123.698,5.3124,-0.4452,6.3203
123.723,5.3124,-0.4452,6.3202
123.762,5.3123,-0.4452,6.3204
123.787,5.3123,-0.4452,6.3203
123.824,5.3123,-0.4451,6.3204
123.865,5.3123,-0.4451,6.3204
123.895,5.3123,-0.4451,6.3204
123.909,5.3123,-0.4451,6.3204
123.939,5.3123,-0.4451,6.3204
123.974,5.3123,-0.445,6.3205
124.006,5.3123,-0.4451,6.3205
124.046,5.3122,-0.445,6.3205
124.085,5.3123,-0.445,6.3205
124.109,5.3121,-0.445,6.3206
124.123,5.312,-0.445,6.3207
124.17,5.3121,-0.445,6.3207
124.212,5.312,-0.4449,6.3208
124.222,5.312,-0.4449,6.3207
124.251,5.3119,-0.4448,6.3209
124.294,5.3119,-0.4448,6.3209
124.324,5.3119,-0.4448,6.3209
124.358,5.3119,-0.4448,6.3209
124.364,5.3119,-0.4448,6.3209
124.397,5.3119,-0.4447,6.3209
124.421,5.3119,-0.4448,6.3209
124.447,5.3119,-0.4446,6.321
124.497,5.3119,-0.4447,6.321
124.529,5.3119,-0.4446,6.3211
124.579,5.3119,-0.4446,6.3211
124.599,5.3119,-0.4445,6.3211
124.61,5.3118,-0.4445,6.3212
124.64,5.3119,-0.4445,6.3211
124.674,5.3119,-0.4444,6.3212
124.699,5.3119,-0.4445,6.3212
124.731,5.3119,-0.4444,6.3212
124.78,5.3119,-0.4444,6.3212
124.801,5.3118,-0.4444,6.3212
124.837,5.3118,-0.4444,6.3212
124.866,5.3118,-0.4444,6.3213
124.911,5.3117,-0.4443,6.3213
124.942,5.3116,-0.4442,6.3215
124.95,5.3116,-0.4442,6.3215
124.99,5.3116,-0.4442,6.3215
125.024,5.3116,-0.4442,6.3215
125.059,5.3116,-0.4442,6.3215
125.1,5.3116,-0.4442,6.3215
125.122,5.3116,-0.4442,6.3215
125.151,5.3115,-0.4441,6.3216
125.168,5.3115,-0.444,6.3217
125.2,5.3115,-0.4441,6.3216
125.236,5.3114,-0.444,6.3217
125.265,5.3114,-0.444,6.3217
125.285,5.3114,-0.444,6.3218
125.34,5.3114,-0.444,6.3218
125.365,5.3115,-0.4439,6.3218
125.385,5.3114,-0.4438,6.3218
125.401,5.3115,-0.4439,6.3218
125.447,5.3114,-0.4439,6.3218
125.501,5.3115,-0.4439,6.3218
125.53,5.3114,-0.4438,6.3219
125.549,5.3114,-0.4438,6.3219
125.571,5.3113,-0.4438,6.322
125.608,5.3113,-0.4438,6.322
125.625,5.3113,-0.4438,6.322
125.66,5.3113,-0.4438,6.322
125.676,5.3113,-0.4438,6.322
125.714,5.3108,-0.444,6.3223
125.785,5.3112,-0.4442,6.3218
125.835,5.3128,-0.4432,6.3211
125.872,5.3123,-0.4441,6.321
125.906,5.3136,-0.4406,6.3218
125.945,5.3132,-0.442,6.3214
125.977,5.3142,-0.4388,6.3223
126.0,5.315,-0.4349,6.3237
126.01,5.3154,-0.4314,6.3252
126.047,5.3152,-0.4338,6.3242
126.083,5.3159,-0.4279,6.3268
126.108,5.3162,-0.4248,6.3282
126.125,5.3158,-0.4282,6.3267
126.193,5.3166,-0.4219,6.3295
126.21,5.3162,-0.4245,6.3284
126.266,5.3167,-0.4209,6.33
126.307,5.3172,-0.4177,6.3313
126.334,5.3171,-0.4182,6.3311
126.39,5.3182,-0.4141,6.3324
126.409,5.3178,-0.4158,6.3318
126.443,5.3188,-0.4131,6.3324
126.468,5.3185,-0.4138,6.3323
126.492,5.3202,-0.4114,6.3322
126.54,5.3199,-0.4116,6.3324
126.56,5.3216,-0.4095,6.3321
126.6,5.3216,-0.4095,6.3321
126.621,5.3227,-0.4073,6.3324
126.636,5.3234,-0.4051,6.333
126.668,5.323,-0.4067,6.3325
126.705,5.3242,-0.4032,6.3335
126.745,5.3238,-0.404,6.3333
126.779,5.3246,-0.4024,6.3335
126.808,5.3246,-0.4025,6.3335
126.833,5.325,-0.401,6.3339
126.871,5.325,-0.401,6.3339
126.913,5.3232,-0.4016,6.3351
126.96,5.3234,-0.4018,6.3348
126.986,5.3236,-0.3983,6.3366
127.018,5.3235,-0.3987,6.3365
127.063,5.3252,-0.3958,6.3366
127.108,5.325,-0.396,6.3366
127.146,5.3278,-0.3942,6.3353
127.16,5.3271,-0.3945,6.3358
127.186,5.3289,-0.3927,6.3352
127.215,5.3306,-0.3935,6.3334
127.235,5.3291,-0.3928,6.335
127.282,5.331,-0.3935,6.333
127.319,5.3306,-0.3934,6.3334
127.373,5.3312,-0.3942,6.3325
127.403,5.3319,-0.3943,6.3319
127.41,5.3315,-0.3934,6.3327
127.428,5.332,-0.3941,6.3319
127.473,5.3319,-0.3925,6.3328
127.501,5.3322,-0.3927,6.3325
127.542,5.331,-0.3933,6.3332
127.571,5.331,-0.393,6.3333
127.593,5.332,-0.3955,6.3311
127.634,5.3319,-0.3957,6.3311
127.65,5.3313,-0.3972,6.3307
127.708,5.3307,-0.3965,6.3316
127.736,5.3313,-0.3967,6.331
127.766,5.3313,-0.3968,6.331
127.777,5.3315,-0.3966,6.3309
127.82,5.3335,-0.395,6.3302
127.855,5.3329,-0.3956,6.3303
127.882,5.3339,-0.3936,6.3306
127.922,5.3338,-0.3937,6.3306
127.95,5.3343,-0.3922,6.331
127.976,5.3341,-0.3915,6.3316
128.009,5.3342,-0.392,6.3313
128.036,5.3336,-0.3912,6.3321
128.082,5.3338,-0.3913,6.3319
128.115,5.3333,-0.3909,6.3326
128.146,5.3334,-0.391,6.3325
128.166,5.3333,-0.3905,6.3328
128.191,5.3332,-0.3903,6.333
128.231,5.3333,-0.3905,6.3328
128.275,5.3332,-0.3903,6.333
128.297,5.3331,-0.3902,6.3331
128.321,5.333,-0.3901,6.3333
128.357,5.3331,-0.3901,6.3332
128.383,5.3329,-0.39,6.3334
128.41,5.333,-0.39,6.3333
128.453,5.3329,-0.3899,6.3335
128.484,5.3329,-0.3899,6.3335
128.501,5.3328,-0.3899,6.3336
128.522,5.3327,-0.3898,6.3337
128.55,5.3327,-0.3898,6.3336
128.581,5.3326,-0.3896,6.3339
128.638,5.3326,-0.3897,6.3338
128.651,5.3325,-0.3894,6.3341
128.695,5.3325,-0.3894,6.3341
128.705,5.3323,-0.3893,6.3343
128.73,5.3322,-0.3892,6.3344
128.76,5.3323,-0.3893,6.3343
128.79,5.3321,-0.3891,6.3346
128.822,5.3322,-0.3891,6.3345
128.856,5.3321,-0.389,6.3347
128.908,5.3321,-0.389,6.3347
128.913,5.332,-0.389,6.3347
128.962,5.332,-0.389,6.3347
128.979,5.3319,-0.3889,6.3348
129.041,5.3319,-0.3889,6.3349
129.082,5.3318,-0.3887,6.335
129.115,5.3318,-0.3887,6.335
129.149,5.3317,-0.3887,6.3351
129.187,5.3317,-0.3887,6.3351
129.213,5.3316,-0.3887,6.3352
129.246,5.3316,-0.3887,6.3352
129.275,5.3315,-0.3885,6.3354
129.327,5.3315,-0.3885,6.3354
129.337,5.3314,-0.3884,6.3355
129.36,5.3313,-0.3884,6.3356
129.376,5.3314,-0.3884,6.3356
129.414,5.3312,-0.3884,6.3357
129.481,5.3312,-0.3884,6.3357
129.486,5.3312,-0.3883,6.3358
129.508,5.3312,-0.3882,6.3358
129.552,5.3312,-0.3883,6.3358
129.581,5.3311,-0.3883,6.3358
129.609,5.3312,-0.3882,6.3358
129.647,5.3311,-0.3883,6.3359
129.676,5.3311,-0.3883,6.3359
129.705,5.3311,-0.3883,6.3359
129.74,5.3311,-0.3883,6.3359
129.77,5.3292,-0.3897,6.3367
129.794,5.3284,-0.3881,6.3382
129.808,5.3291,-0.3893,6.337
129.855,5.3281,-0.3871,6.339
129.894,5.328,-0.3872,6.339
129.934,5.3301,-0.3866,6.3376
129.964,5.3296,-0.3867,6.3379
130.007,5.3329,-0.3863,6.3354
130.045,5.3326,-0.3863,6.3357
130.075,5.3349,-0.3863,6.3337
130.101,5.3351,-0.3864,6.3336
130.124,5.3367,-0.3867,6.3321
130.147,5.338,-0.3871,6.3308
130.168,5.3371,-0.3867,6.3318
130.212,5.3386,-0.3876,6.33
130.248,5.3384,-0.3873,6.3303
130.307,5.3392,-0.3887,6.3289
130.335,5.339,-0.3882,6.3293
130.383,5.3386,-0.3895,6.329
130.398,5.3389,-0.3891,6.3289
130.434,5.3383,-0.3901,6.3288
130.457,5.3384,-0.3901,6.3288
130.487,5.3376,-0.3902,6.3294
130.503,5.338,-0.3902,6.329
130.527,5.3376,-0.3902,6.3294
130.563,5.3391,-0.3902,6.3282
130.594,5.3384,-0.3902,6.3287
130.619,5.3411,-0.3898,6.3267
130.677,5.3406,-0.3898,6.3271
130.714,5.3437,-0.3891,6.3249
130.745,5.343,-0.3892,6.3254
130.791,5.3447,-0.3888,6.3243
130.801,5.3445,-0.389,6.3243
130.832,5.3431,-0.3893,6.3253
130.874,5.3435,-0.3894,6.3249
130.902,5.3426,-0.3855,6.3278
130.919,5.3451,-0.386,6.3254
130.937,5.3433,-0.3858,6.3271
130.979,5.3472,-0.383,6.3254
131.014,5.3454,-0.3851,6.3257
131.056,5.3487,-0.3787,6.3265
131.09,5.3485,-0.3796,6.3262
131.127,5.3471,-0.3756,6.3295
131.16,5.3471,-0.3758,6.3294
131.192,5.3484,-0.3746,6.329
131.247,5.3481,-0.3748,6.3292
131.267,5.3492,-0.3747,6.3283
131.295,5.3491,-0.3747,6.3284
131.338,5.3499,-0.3734,6.3284
131.371,5.3498,-0.3737,6.3284
131.394,5.3509,-0.3732,6.3277
131.41,5.3522,-0.372,6.3273
131.43,5.3509,-0.3732,6.3277
131.475,5.3532,-0.3731,6.3259
131.507,5.3509,-0.3737,6.3274
131.532,5.3547,-0.3702,6.3262
131.575,5.3546,-0.3706,6.3261
131.605,5.3555,-0.3693,6.3261
131.636,5.3555,-0.3693,6.3261
131.667,5.3558,-0.3701,6.3254
131.677,5.3547,-0.3714,6.3256
131.704,5.3556,-0.3705,6.3253
131.743,5.3537,-0.3706,6.3268
131.786,5.3535,-0.371,6.3267
131.81,5.3535,-0.3686,6.3281
131.863,5.3536,-0.3685,6.3281
131.908,5.3539,-0.3674,6.3284
131.932,5.354,-0.3675,6.3284
131.936,5.3538,-0.3674,6.3285
131.963,5.3536,-0.3676,6.3285
131.994,5.3538,-0.3676,6.3285
132.026,5.3534,-0.3677,6.3287
132.065,5.3534,-0.3678,6.3286
132.094,5.3532,-0.3676,6.3289
132.128,5.3532,-0.3676,6.3289
132.149,5.3532,-0.3675,6.329
132.167,5.3531,-0.3675,6.329
132.205,5.3531,-0.3675,6.329
132.243,5.3531,-0.3676,6.329
132.274,5.3531,-0.3675,6.329
132.301,5.3531,-0.3674,6.3291
132.359,5.3531,-0.3674,6.3291
132.374,5.3531,-0.3674,6.3291
132.399,5.3531,-0.3674,6.3291
132.429,5.353,-0.3674,6.3292
132.487,5.353,-0.3674,6.3292
132.5,5.3529,-0.3673,6.3293
132.531,5.3529,-0.3673,6.3293
132.552,5.3529,-0.3673,6.3293
132.582,5.3529,-0.3673,6.3293
132.627,5.3529,-0.3673,6.3293
132.658,5.353,-0.3673,6.3293
132.703,5.353,-0.3673,6.3293
132.762,5.353,-0.3673,6.3293
132.786,5.353,-0.3673,6.3293
132.823,5.353,-0.3673,6.3292
132.84,5.353,-0.3673,6.3292
132.866,5.353,-0.3673,6.3292
132.885,5.353,-0.3673,6.3293
132.931,5.353,-0.3673,6.3293
132.986,5.353,-0.3673,6.3293
133.024,5.353,-0.3672,6.3293
133.035,5.353,-0.3672,6.3293
133.06,5.353,-0.3672,6.3293
133.081,5.353,-0.3673,6.3292
133.1,5.3531,-0.3672,6.3292
133.142,5.353,-0.3672,6.3293
133.165,5.353,-0.3673,6.3292
133.217,5.353,-0.3672,6.3293
133.249,5.353,-0.3672,6.3293
133.28,5.3531,-0.3672,6.3292
133.31,5.3531,-0.3672,6.3292
133.353,5.3531,-0.3672,6.3292
133.395,5.3531,-0.3672,6.3292
133.431,5.3532,-0.3672,6.3292
133.467,5.3532,-0.3672,6.3292
133.517,5.3532,-0.3671,6.3292
133.542,5.3532,-0.3671,6.3292
133.573,5.3532,-0.3672,6.3292
133.602,5.3532,-0.3672,6.3291
133.632,5.3532,-0.3671,6.3292
133.68,5.3532,-0.3671,6.3292
133.722,5.3533,-0.3671,6.3292
133.752,5.3533,-0.3671,6.3292
133.782,5.3533,-0.3671,6.3291
133.798,5.3533,-0.3672,6.3291
133.842,5.3533,-0.3671,6.3291
133.918,5.3533,-0.3671,6.3291
133.945,5.3533,-0.3671,6.3292
133.961,5.3533,-0.3671,6.3291
134.042,5.3533,-0.3671,6.3292
134.077,5.3532,-0.3671,6.3292
134.11,5.3532,-0.3671,6.3292
134.149,5.3533,-0.367,6.3292
134.166,5.3533,-0.367,6.3292
134.199,5.3532,-0.367,6.3292
134.245,5.3532,-0.367,6.3292
134.259,5.3533,-0.3671,6.3291
134.315,5.3533,-0.3671,6.3292
134.355,5.3533,-0.367,6.3292
134.388,5.3533,-0.367,6.3292
134.427,5.3533,-0.367,6.3292
134.457,5.3533,-0.367,6.3292
134.506,5.3533,-0.367,6.3291
134.549,5.3533,-0.367,6.3291
134.577,5.3534,-0.367,6.3291
134.597,5.3533,-0.367,6.3291
134.623,5.3533,-0.367,6.3292
134.667,5.3533,-0.367,6.3292
134.726,5.3534,-0.367,6.3291
134.738,5.3534,-0.367,6.3291
134.792,5.3534,-0.3669,6.3292
134.816,5.3534,-0.3669,6.3291
134.84,5.3535,-0.3668,6.3291
134.873,5.3534,-0.3668,6.3291
134.897,5.3535,-0.3669,6.3291
134.929,5.3535,-0.3669,6.3291
134.961,5.3535,-0.3669,6.329
134.972,5.3535,-0.3669,6.329
135.014,5.3535,-0.3669,6.329
135.094,5.3536,-0.3668,6.329
135.1,5.3536,-0.3668,6.329
135.114,5.3536,-0.3668,6.329
135.147,5.3536,-0.3668,6.329
135.176,5.3537,-0.3669,6.3289
135.227,5.3537,-0.3669,6.3289
135.273,5.3536,-0.3668,6.329
135.295,5.3536,-0.3668,6.329
135.325,5.3537,-0.3668,6.3289
135.377,5.3537,-0.3668,6.3289
135.398,5.3537,-0.3668,6.329
135.437,5.3537,-0.3668,6.329
135.464,5.3537,-0.3668,6.329
135.5,5.3537,-0.3667,6.329
135.505,5.3537,-0.3668,6.329
135.542,5.3537,-0.3668,6.3289
135.57,5.3537,-0.3668,6.329
135.604,5.3537,-0.3668,6.3289
135.63,5.3537,-0.3668,6.3289
135.668,5.3537,-0.3668,6.3289
135.696,5.3537,-0.3668,6.3289
135.719,5.3537,-0.3667,6.329
135.753,5.3537,-0.3667,6.3289
135.793,5.3537,-0.3667,6.329
135.804,5.3537,-0.3668,6.3289
135.84,5.3537,-0.3668,6.3289
135.867,5.3538,-0.3668,6.3289
135.906,5.3538,-0.3668,6.3289
135.924,5.3538,-0.3667,6.3289
135.962,5.3538,-0.3667,6.3289
136.0,5.3538,-0.3667,6.3289
136.043,5.3537,-0.3667,6.329
136.081,5.3538,-0.3667,6.3289
136.133,5.3537,-0.3667,6.329
136.146,5.3537,-0.3667,6.329
136.184,5.3537,-0.3667,6.329
136.215,5.3537,-0.3667,6.329
136.249,5.3537,-0.3667,6.329
136.285,5.3537,-0.3667,6.329
136.312,5.3537,-0.3667,6.329
136.356,5.3537,-0.3667,6.329
136.408,5.3537,-0.3667,6.329
136.42,5.3537,-0.3667,6.329
136.454,5.3537,-0.3667,6.329
136.503,5.3537,-0.3667,6.329
136.535,5.3537,-0.3667,6.329
136.559,5.3537,-0.3667,6.329
136.584,5.3538,-0.3667,6.3289
136.611,5.3538,-0.3667,6.3289
136.625,5.3537,-0.3667,6.3289
136.661,5.3538,-0.3667,6.3289
136.701,5.3538,-0.3667,6.3289
136.769,5.3538,-0.3667,6.3289
136.779,5.3538,-0.3667,6.3289
136.806,5.3538,-0.3667,6.3289
136.831,5.3538,-0.3667,6.3289
136.854,5.3538,-0.3667,6.3289
136.872,5.3538,-0.3666,6.3289
136.898,5.3538,-0.3666,6.329
136.927,5.3538,-0.3667,6.3289
136.978,5.3538,-0.3666,6.3289
137.005,5.3538,-0.3667,6.3289
137.037,5.3538,-0.3667,6.3289
137.064,5.3538,-0.3667,6.3289
137.1,5.3538,-0.3666,6.329
137.121,5.3538,-0.3666,6.329
137.142,5.3538,-0.3667,6.329
137.169,5.3538,-0.3666,6.329
137.203,5.3537,-0.3667,6.329
137.244,5.3537,-0.3667,6.329
137.259,5.3537,-0.3667,6.329
137.321,5.3537,-0.3667,6.329
137.351,5.3538,-0.3666,6.329
137.374,5.3539,-0.3667,6.3289
137.399,5.3538,-0.3666,6.3289
137.431,5.3539,-0.3667,6.3288
137.47,5.3539,-0.3667,6.3289
137.506,5.3538,-0.3667,6.3289
137.546,5.3538,-0.3667,6.3289
137.581,5.3539,-0.3666,6.3289
137.615,5.3539,-0.3666,6.3289
137.65,5.354,-0.3667,6.3288
137.681,5.354,-0.3667,6.3288
137.734,5.354,-0.3667,6.3288
137.77,5.354,-0.3667,6.3288
137.811,5.3539,-0.3666,6.3289
137.856,5.3539,-0.3666,6.3288
137.877,5.3539,-0.3666,6.3288
137.903,5.3539,-0.3666,6.3288
137.926,5.3539,-0.3667,6.3288
137.969,5.3539,-0.3667,6.3288
138.007,5.3539,-0.3666,6.3289
138.027,5.3539,-0.3666,6.3289
138.063,5.354,-0.3666,6.3288
138.116,5.354,-0.3666,6.3288
138.147,5.3539,-0.3666,6.3289
138.189,5.354,-0.3666,6.3288
138.216,5.3539,-0.3666,6.3289
138.247,5.3539,-0.3666,6.3289
138.277,5.3539,-0.3665,6.3289
138.311,5.3539,-0.3665,6.3289
138.332,5.3539,-0.3665,6.3289
138.358,5.3539,-0.3666,6.3289
138.388,5.3539,-0.3665,6.3289
138.472,5.3539,-0.3666,6.3289
138.504,5.354,-0.3665,6.3289
138.529,5.3539,-0.3665,6.3289
138.556,5.3539,-0.3665,6.3289
138.578,5.3539,-0.3665,6.3289
138.607,5.3539,-0.3665,6.3289
138.69,5.3539,-0.3665,6.3289
138.721,5.354,-0.3665,6.3289
138.749,5.354,-0.3665,6.3289
138.781,5.3567,-0.3659,6.327
138.809,5.3564,-0.366,6.3272
138.825,5.3597,-0.3663,6.3242
138.853,5.3658,-0.3672,6.3187
138.894,5.361,-0.3665,6.323
138.924,5.3744,-0.3682,6.3109
138.969,5.3691,-0.3677,6.3156
139.003,5.3842,-0.3692,6.3023
139.026,5.3818,-0.3689,6.3044
139.042,5.3941,-0.3703,6.2935
139.096,5.3955,-0.3706,6.2921
139.108,5.4062,-0.3731,6.2818
139.135,5.4111,-0.3765,6.2759
139.169,5.409,-0.3744,6.2788
139.186,5.4282,-0.3805,6.2595
139.223,5.4237,-0.3792,6.2639
139.276,5.4466,-0.3846,6.2419
139.314,5.4465,-0.3846,6.242
139.355,5.4733,-0.3915,6.216
139.413,5.4755,-0.3919,6.214
139.468,5.5135,-0.3956,6.1804
139.512,5.5217,-0.395,6.174
139.559,5.5432,-0.3949,6.1564
139.591,5.5412,-0.3948,6.158
139.607,5.5559,-0.3942,6.1463
139.627,5.56,-0.394,6.1431
139.656,5.5573,-0.3946,6.1449
139.754,5.5618,-0.3931,6.1421
139.808,5.5588,-0.3931,6.1445
139.83,5.5563,-0.3934,6.1464
139.866,5.557,-0.3934,6.1458
139.955,5.5549,-0.394,6.1472
139.96,5.555,-0.394,6.1472
140.0,5.5546,-0.3943,6.1473
140.017,5.5547,-0.3942,6.1473
140.064,5.5545,-0.3939,6.1476
140.112,5.5545,-0.394,6.1475
140.156,5.5541,-0.3937,6.1481
140.182,5.5543,-0.3938,6.1479
140.217,5.5538,-0.3937,6.1483
140.26,5.5538,-0.3937,6.1483
140.288,5.5534,-0.3937,6.1487
140.322,5.5546,-0.3936,6.1478
140.332,5.5541,-0.394,6.1479
140.399,5.5581,-0.3929,6.1452
140.415,5.557,-0.3931,6.146
140.429,5.5654,-0.3939,6.1386
140.485,5.5664,-0.3936,6.138
140.51,5.5739,-0.3939,6.1317
140.529,5.5844,-0.3948,6.1225
140.583,5.5806,-0.3944,6.1259
140.634,5.5961,-0.3953,6.1127
140.644,5.5926,-0.3951,6.1156
140.678,5.6108,-0.3949,6.1008
140.711,5.6074,-0.395,6.1035
140.778,5.6365,-0.394,6.0803
140.799,5.6264,-0.3941,6.0885
140.821,5.6591,-0.3971,6.0601
140.851,5.652,-0.3961,6.0664
140.882,5.682,-0.3996,6.0398
140.917,5.68,-0.3987,6.0419
140.955,5.7062,-0.4053,6.0168
141.002,5.706,-0.4053,6.0169
141.031,5.7217,-0.4096,6.0017
141.059,5.7217,-0.4096,6.0017
141.08,5.7397,-0.4117,5.9858
141.1,5.7564,-0.4127,5.9716
141.128,5.7432,-0.4115,5.983
141.202,5.7737,-0.4128,5.9575
141.241,5.7979,-0.408,5.9406
141.282,5.7938,-0.4088,5.9435
141.325,5.8061,-0.4044,5.9361
141.356,5.805,-0.4048,5.9367
141.37,5.8146,-0.4049,5.9289
141.396,5.8149,-0.405,5.9287
141.418,5.817,-0.4062,5.9262
141.438,5.8169,-0.407,5.9259
141.473,5.817,-0.4069,5.9258
141.504,5.8153,-0.4062,5.9277
141.543,5.8158,-0.4064,5.927
141.58,5.8137,-0.4055,5.9293
141.617,5.8136,-0.4055,5.9294
141.637,5.8126,-0.4053,5.9304
141.659,5.8121,-0.4053,5.9308
141.709,5.8123,-0.4053,5.9306
141.736,5.8118,-0.4052,5.9311
141.787,5.8119,-0.4052,5.931
141.81,5.8114,-0.4051,5.9314
141.838,5.8115,-0.4052,5.9313
141.86,5.8112,-0.405,5.9316
141.889,5.8113,-0.4051,5.9315
141.919,5.8136,-0.4062,5.929
141.934,5.8161,-0.4053,5.9275
141.968,5.8136,-0.4061,5.9291
142.009,5.8214,-0.4035,5.9242
142.037,5.8193,-0.4042,5.9255
142.08,5.8291,-0.4025,5.9186
142.107,5.8282,-0.4027,5.9193
142.13,5.8364,-0.4023,5.9128
142.147,5.8436,-0.4027,5.9068
142.18,5.8378,-0.4023,5.9117
142.219,5.8491,-0.4029,5.9022
142.248,5.848,-0.4029,5.9031
142.277,5.8608,-0.4024,5.8931
142.323,5.8605,-0.4024,5.8933
142.354,5.8801,-0.4013,5.8781
142.391,5.8807,-0.4014,5.8777
142.413,5.9044,-0.4046,5.8566
142.464,5.906,-0.4044,5.8555
142.482,5.9252,-0.4054,5.8394
142.529,5.9323,-0.4085,5.832
142.573,5.9571,-0.413,5.8093
142.611,5.9568,-0.413,5.8096
142.642,5.976,-0.4165,5.7921
142.661,5.9921,-0.4163,5.7794
142.693,5.9754,-0.4164,5.7926
142.728,6.0136,-0.4163,5.7622
142.774,6.002,-0.4164,5.7714
142.805,6.0337,-0.414,5.7476
142.822,6.0267,-0.4149,5.7525
142.85,6.0487,-0.4114,5.7371
142.886,6.0491,-0.4113,5.7369
142.917,6.0598,-0.4095,5.7294
142.966,6.0605,-0.4095,5.7289
142.998,6.0737,-0.4109,5.7176
143.034,6.0714,-0.4107,5.7196
143.056,6.0787,-0.412,5.7129
143.102,6.0788,-0.4121,5.7128
143.129,6.0807,-0.4134,5.7105
143.179,6.0806,-0.4133,5.7106
143.222,6.0812,-0.4131,5.7103
143.25,6.0811,-0.4132,5.7103
143.292,6.081,-0.4128,5.7107
143.306,6.081,-0.4128,5.7106
143.336,6.0812,-0.4128,5.7105
143.383,6.0812,-0.4128,5.7105
143.409,6.0817,-0.4129,5.71
143.456,6.0818,-0.4129,5.71
143.495,6.0823,-0.4129,5.7095
143.537,6.0824,-0.4129,5.7094
143.556,6.0827,-0.4128,5.7093
143.579,6.0827,-0.4128,5.7093
143.6,6.0828,-0.4128,5.7092
143.621,6.083,-0.4128,5.709
143.67,6.083,-0.4128,5.7091
143.712,6.0871,-0.4128,5.7057
143.739,6.0854,-0.4129,5.7071
143.768,6.0924,-0.4126,5.7017
143.798,6.0925,-0.4126,5.7016
143.835,6.1034,-0.4129,5.6928
143.878,6.1028,-0.4129,5.6933
143.917,6.1212,-0.4144,5.6777
143.95,6.1182,-0.4142,5.6803
143.987,6.1371,-0.4164,5.664
144.017,6.1361,-0.4162,5.6649
144.052,6.1483,-0.4193,5.6534
144.09,6.1489,-0.4196,5.6528
144.125,6.1692,-0.4238,5.6341
144.142,6.163,-0.4225,5.6398
144.185,6.1885,-0.4289,5.6157
144.214,6.1878,-0.4287,5.6164
144.237,6.2069,-0.4293,5.601
144.258,6.2296,-0.4372,5.5783
144.303,6.2218,-0.4353,5.5856
144.332,6.246,-0.4395,5.5639
144.365,6.2431,-0.4393,5.5664
144.473,6.2955,-0.4433,5.5228
144.487,6.2667,-0.4413,5.5466
144.525,6.2905,-0.443,5.5269
144.562,6.3211,-0.4421,5.5036
144.592,6.3126,-0.4425,5.51
144.622,6.3358,-0.4395,5.4938
144.646,6.3309,-0.4403,5.4971
144.673,6.34,-0.4381,5.4914
144.721,6.3398,-0.4382,5.4915
144.76,6.3381,-0.4374,5.4933
144.819,6.3389,-0.4375,5.4926
144.851,6.3347,-0.437,5.4961
144.875,6.335,-0.4372,5.4959
144.915,6.3341,-0.4353,5.4977
144.933,6.3342,-0.4356,5.4974
144.957,6.3346,-0.4341,5.4981
145.01,6.3346,-0.4342,5.498
145.064,6.3345,-0.4335,5.4985
145.078,6.3347,-0.4336,5.4983
145.119,6.334,-0.4337,5.4988
145.159,6.3342,-0.4336,5.4987
145.207,6.3338,-0.4338,5.4989
145.247,6.3338,-0.4338,5.4989
145.273,6.3337,-0.4335,5.4991
145.298,6.3338,-0.4336,5.499
145.344,6.3339,-0.4335,5.499
145.363,6.3338,-0.4335,5.4991
145.396,6.3372,-0.4331,5.4967
145.428,6.3361,-0.4333,5.4974
145.45,6.3422,-0.4325,5.4932
145.476,6.342,-0.4325,5.4934
145.537,6.3538,-0.4335,5.4835
145.567,6.3502,-0.4332,5.4865
145.61,6.3652,-0.4342,5.4742
145.63,6.3622,-0.4341,5.4766
145.662,6.3755,-0.4332,5.4669
145.716,6.3746,-0.4333,5.4675
145.745,6.3956,-0.4314,5.4525
145.766,6.3917,-0.4315,5.4554
145.801,6.4176,-0.4335,5.4342
145.834,6.4146,-0.4333,5.4366
145.849,6.4344,-0.435,5.4202
145.883,6.4508,-0.4389,5.405
145.928,6.4393,-0.4363,5.4156
145.957,6.467,-0.4425,5.3903
145.983,6.4621,-0.4414,5.3948
146.043,6.4833,-0.4469,5.3749
146.048,6.4806,-0.4462,5.3775
146.085,6.5018,-0.4472,5.3606
146.112,6.4993,-0.4472,5.3624
146.132,6.5202,-0.446,5.3472
146.17,6.5322,-0.4408,5.3413
146.198,6.5224,-0.4453,5.346
146.23,6.5408,-0.4378,5.3368
146.279,6.535,-0.4393,5.3403
146.305,6.5451,-0.4355,5.335
146.362,6.5449,-0.4356,5.3351
146.394,6.5458,-0.4355,5.3344
146.417,6.5463,-0.4356,5.334
146.455,6.5411,-0.4347,5.3385
146.493,6.5428,-0.435,5.3371
146.515,6.5389,-0.4341,5.3406
146.541,6.5396,-0.4343,5.34
146.58,6.5377,-0.4335,5.3419
146.619,6.5379,-0.4336,5.3416
146.662,6.5375,-0.433,5.3424
146.681,6.5375,-0.4331,5.3424
146.701,6.5371,-0.4325,5.343
146.73,6.5368,-0.4321,5.3435
146.766,6.537,-0.4323,5.3432
146.78,6.5363,-0.4318,5.3441
146.824,6.5365,-0.4318,5.3439
146.861,6.5359,-0.4315,5.3446
146.885,6.536,-0.4315,5.3445
146.921,6.5357,-0.4314,5.3448
146.963,6.5357,-0.4314,5.3448
146.988,6.5381,-0.4309,5.3433
147.01,6.5424,-0.4298,5.3407
147.029,6.5389,-0.4307,5.3428
147.093,6.5446,-0.4296,5.3392
147.122,6.5525,-0.4299,5.333
147.17,6.5525,-0.4299,5.333
147.204,6.5627,-0.4307,5.3247
147.226,6.5635,-0.4308,5.324
147.28,6.5729,-0.4305,5.317
147.282,6.585,-0.4288,5.309
147.332,6.5762,-0.4301,5.3148
147.437,6.6189,-0.4317,5.2814
147.44,6.5986,-0.4299,5.2979
147.457,6.6206,-0.4316,5.2802
147.49,6.6451,-0.435,5.2594
147.535,6.661,-0.4372,5.246
147.578,6.6445,-0.4349,5.2599
147.617,6.6816,-0.4431,5.2266
147.627,6.6633,-0.4378,5.2438
147.671,6.6828,-0.4435,5.2254
147.699,6.695,-0.4481,5.2132
147.747,6.6953,-0.4482,5.213
147.783,6.7083,-0.4477,5.2035
147.818,6.7076,-0.4478,5.204
147.881,6.734,-0.4429,5.1874
147.892,6.7241,-0.4446,5.1937
147.93,6.7404,-0.4382,5.1858
147.945,6.738,-0.4403,5.1861
147.977,6.747,-0.437,5.1816
148.009,6.7465,-0.4372,5.1819
148.041,6.749,-0.436,5.1808
148.073,6.7488,-0.4361,5.1809
148.112,6.7468,-0.4352,5.183
148.153,6.746,-0.4351,5.1837
148.177,6.7428,-0.4348,5.1863
148.193,6.7416,-0.4348,5.1871
148.216,6.7427,-0.4348,5.1863
148.267,6.7412,-0.4347,5.1875
148.298,6.7414,-0.4348,5.1873
148.329,6.7409,-0.4345,5.1879
148.363,6.7409,-0.4345,5.1878
148.393,6.7404,-0.4341,5.1885
148.428,6.7404,-0.4341,5.1885
148.474,6.7398,-0.4338,5.1891
148.525,6.7398,-0.4338,5.1891
148.543,6.7394,-0.4339,5.1894
148.59,6.7394,-0.4339,5.1894
148.632,6.7389,-0.4339,5.1897
148.655,6.7389,-0.4339,5.1897
148.684,6.7385,-0.4338,5.1901
148.733,6.7385,-0.4338,5.1901
148.76,6.74,-0.4339,5.189
148.79,6.7396,-0.4338,5.1893
148.824,6.744,-0.4333,5.1863
148.837,6.7484,-0.4332,5.1831
148.87,6.7434,-0.4334,5.1867
148.932,6.7543,-0.4327,5.179
148.952,6.7505,-0.433,5.1816
148.988,6.7563,-0.4329,5.1774
149.002,6.7588,-0.4331,5.1754
149.034,6.7694,-0.4329,5.1677
149.072,6.768,-0.4329,5.1687
149.108,6.781,-0.4314,5.1601
149.149,6.7792,-0.4316,5.1613
149.193,6.8064,-0.431,5.1414
149.214,6.7993,-0.4303,5.1472
149.249,6.826,-0.432,5.1263
149.283,6.8264,-0.432,5.126
149.332,6.856,-0.435,5.1021
149.409,6.8494,-0.4339,5.1078
149.413,6.8803,-0.4369,5.083
149.448,6.8722,-0.4363,5.0893
149.465,6.9007,-0.4419,5.0646
149.486,6.896,-0.4408,5.0689
149.538,6.9142,-0.4461,5.0519
149.556,6.9118,-0.4455,5.0541
149.58,6.9247,-0.4456,5.0445
149.611,6.9354,-0.4444,5.0375
149.631,6.9249,-0.4456,5.0444
149.669,6.9435,-0.4427,5.0327
149.703,6.9389,-0.4437,5.0355
149.735,6.9485,-0.44,5.031
149.773,6.9479,-0.4406,5.031
149.814,6.9518,-0.4388,5.0294
149.829,6.9519,-0.4383,5.0297
149.856,6.9518,-0.4388,5.0294
149.89,6.9507,-0.4384,5.0305
149.929,6.9518,-0.4383,5.0298
149.961,6.9486,-0.4385,5.0319
149.983,6.9496,-0.4384,5.0313
150.012,6.9476,-0.4384,5.0328
150.06,6.9476,-0.4384,5.0327
150.13,6.9474,-0.4374,5.0335
150.145,6.9473,-0.4377,5.0334
150.194,6.9473,-0.4368,5.0341
150.208,6.9474,-0.437,5.0339
150.25,6.9469,-0.4365,5.0346
150.266,6.947,-0.4365,5.0345
150.308,6.947,-0.4384,5.0332
150.339,6.947,-0.4381,5.0334
150.348,6.9496,-0.4386,5.0311
150.402,6.95,-0.4386,5.0308
150.442,6.9574,-0.4384,5.0256
150.483,6.9569,-0.4384,5.026
150.513,6.9723,-0.4395,5.0141
150.528,6.9836,-0.4391,5.0061
150.558,6.9708,-0.4394,5.0152
150.607,6.9966,-0.4401,4.9959
150.641,6.9868,-0.4393,5.0036
150.668,7.0086,-0.4405,4.987
150.688,7.0018,-0.4403,4.992
150.721,7.0271,-0.4406,4.9736
150.763,7.0245,-0.4406,4.9755
150.784,7.048,-0.4402,4.9588
150.802,7.0676,-0.4421,4.9435
150.831,7.0512,-0.4405,4.9563
150.904,7.0793,-0.4434,4.9341
150.953,7.1114,-0.4506,4.9062
150.971,7.1033,-0.4487,4.9133
151.015,7.1292,-0.4539,4.8911
151.073,7.1271,-0.4535,4.8929
151.104,7.1606,-0.4553,4.8678
151.124,7.1478,-0.4548,4.8772
151.153,7.179,-0.4548,4.8551
151.181,7.1749,-0.4549,4.8579
151.217,7.1942,-0.4512,4.847
151.249,7.1939,-0.4512,4.8472
151.289,7.2052,-0.4487,4.841
151.327,7.2041,-0.4492,4.8414
151.354,7.2075,-0.449,4.8392
151.375,7.206,-0.4488,4.8404
151.397,7.2078,-0.449,4.8389
151.431,7.2024,-0.4483,4.8432
151.469,7.2049,-0.4487,4.8412
151.512,7.2005,-0.4478,4.8449
151.548,7.201,-0.4479,4.8445
151.573,7.1998,-0.4473,4.8458
151.591,7.1998,-0.4473,4.8457
151.617,7.1998,-0.447,4.846
151.652,7.1998,-0.4468,4.8461
151.671,7.1998,-0.4469,4.846
151.707,7.1994,-0.4469,4.8463
151.749,7.1996,-0.4468,4.8462
151.795,7.199,-0.4469,4.8466
151.802,7.1991,-0.4469,4.8465
151.839,7.1987,-0.4469,4.8468
151.864,7.1985,-0.4467,4.8471
151.903,7.1986,-0.4468,4.8469
151.946,7.1983,-0.4466,4.8473
151.963,7.1985,-0.4467,4.8471
152.004,7.1985,-0.4465,4.8473
152.029,7.1983,-0.4466,4.8473
152.059,7.2001,-0.4465,4.8461
152.092,7.1989,-0.4464,4.847
152.132,7.2058,-0.4451,4.8431
152.166,7.205,-0.4453,4.8435
152.197,7.213,-0.4444,4.8386
152.246,7.2126,-0.4444,4.8388
152.279,7.2241,-0.4449,4.8304
152.306,7.2221,-0.4448,4.8318
152.337,7.2327,-0.4449,4.8243
152.368,7.2322,-0.4449,4.8247
152.398,7.2443,-0.4437,4.8171
152.413,7.2609,-0.4426,4.8063
152.442,7.249,-0.4431,4.8142
152.474,7.2803,-0.4446,4.7914
152.517,7.2691,-0.4427,4.8005
152.542,7.298,-0.4444,4.7791
152.586,7.2928,-0.4447,4.7826
152.618,7.3153,-0.4474,4.7651
152.645,7.3351,-0.4532,4.7472
152.652,7.3171,-0.4481,4.7632
152.687,7.3482,-0.4563,4.7358
152.73,7.3467,-0.4559,4.7372
152.788,7.3594,-0.459,4.7262
152.795,7.3736,-0.458,4.7172
152.826,7.3568,-0.4586,4.7282
152.895,7.3773,-0.4576,4.7149
152.92,7.3952,-0.454,4.7052
152.963,7.3919,-0.4548,4.7069
152.971,7.4007,-0.4522,4.7028
153.013,7.4005,-0.4522,4.703
153.027,7.404,-0.4511,4.7014
153.063,7.4036,-0.4505,4.7021
153.083,7.4044,-0.4509,4.7012
153.138,7.4005,-0.4501,4.7045
153.151,7.4023,-0.4503,4.703
153.171,7.3987,-0.4498,4.7059
153.226,7.3988,-0.4499,4.7058
153.265,7.3982,-0.4495,4.7064
153.275,7.3983,-0.4496,4.7063
153.294,7.3982,-0.4492,4.7067
153.38,7.3982,-0.4492,4.7067
153.393,7.3979,-0.4489,4.7071
153.429,7.3975,-0.4485,4.7077
153.444,7.3978,-0.4488,4.7073
153.478,7.3972,-0.4482,4.7081
153.492,7.3973,-0.4483,4.708
153.534,7.3968,-0.4479,4.7086
153.565,7.3968,-0.4479,4.7086
153.6,7.3965,-0.4476,4.709
153.621,7.3968,-0.4462,4.7099
153.657,7.3965,-0.4475,4.7091
153.701,7.3965,-0.4469,4.7095
153.73,7.3957,-0.4476,4.7095
153.776,7.3948,-0.4461,4.7113
153.797,7.3957,-0.4476,4.7096
153.848,7.3936,-0.4441,4.7135
153.862,7.3943,-0.4452,4.7123
153.906,7.392,-0.441,4.717
153.924,7.3928,-0.4425,4.7153
153.972,7.3907,-0.439,4.7193
154.021,7.391,-0.4394,4.7188
154.045,7.3892,-0.4372,4.7216
154.072,7.3899,-0.4379,4.7206
154.105,7.3879,-0.4364,4.7231
154.132,7.3882,-0.4366,4.7227
154.179,7.386,-0.4352,4.7252
154.207,7.3866,-0.4356,4.7246
154.236,7.3849,-0.4342,4.7267
154.252,7.3839,-0.4331,4.7282
154.279,7.3849,-0.4343,4.7267
154.341,7.3838,-0.4329,4.7284
154.378,7.3832,-0.4312,4.7301
154.421,7.3832,-0.4313,4.73
154.453,7.3832,-0.4309,4.7304
154.479,7.3832,-0.4308,4.7304
154.5,7.3832,-0.4311,4.7302
154.523,7.3832,-0.4316,4.7298
154.552,7.3832,-0.4311,4.7302
154.589,7.3832,-0.4318,4.7297
154.621,7.3833,-0.4326,4.729
154.666,7.382,-0.4319,4.7304
154.699,7.3824,-0.4314,4.7305
154.726,7.3832,-0.4321,4.7294
154.763,7.3826,-0.4321,4.7298
154.806,7.388,-0.4287,4.7286
154.841,7.3864,-0.4302,4.7286
154.892,7.387,-0.4211,4.7349
154.91,7.3874,-0.4242,4.7323
154.967,7.3864,-0.417,4.7383
154.983,7.3866,-0.418,4.7374
155.023,7.3838,-0.4123,4.7435
155.059,7.3843,-0.4132,4.7425
155.098,7.3812,-0.4114,4.7459
155.137,7.3816,-0.4114,4.7456
155.156,7.378,-0.4115,4.748
155.183,7.3785,-0.4114,4.7478
155.21,7.3764,-0.4123,4.7486
155.229,7.3751,-0.4136,4.7485
155.268,7.3764,-0.4123,4.7486
155.326,7.3752,-0.4139,4.7482
155.363,7.3741,-0.4146,4.7484
155.392,7.3744,-0.4145,4.7483
155.408,7.3729,-0.414,4.7498
155.473,7.3728,-0.4139,4.7498
155.507,7.372,-0.4121,4.7517
155.544,7.3721,-0.4123,4.7515
155.591,7.3718,-0.411,4.7527
155.607,7.3718,-0.4112,4.7525
155.64,7.3717,-0.4108,4.7529
155.68,7.3717,-0.4108,4.7529
155.698,7.3713,-0.4107,4.7531
155.72,7.371,-0.4107,4.7534
155.746,7.3712,-0.4107,4.7532
155.784,7.3707,-0.4106,4.7537
155.821,7.3708,-0.4107,4.7535
155.849,7.3706,-0.4105,4.7538
155.876,7.3706,-0.4105,4.7538
155.908,7.3705,-0.4105,4.7539
155.953,7.3705,-0.4105,4.7539
155.976,7.3704,-0.4104,4.754
155.986,7.3702,-0.4104,4.7541
156.042,7.3704,-0.4104,4.754
156.068,7.3701,-0.4104,4.7542
156.102,7.3701,-0.4104,4.7542
156.133,7.3698,-0.4105,4.7543
156.17,7.3699,-0.4105,4.7543
156.196,7.3701,-0.4101,4.7545
156.228,7.3701,-0.4102,4.7544
156.238,7.3721,-0.4083,4.7544
156.269,7.3739,-0.4075,4.7538
156.305,7.3728,-0.4078,4.7543
156.341,7.3768,-0.4062,4.7527
156.398,7.3757,-0.4068,4.7531
156.43,7.3826,-0.4012,4.7524
156.449,7.3803,-0.4032,4.7525
156.494,7.3879,-0.3941,4.7541
156.515,7.3861,-0.3966,4.7535
156.56,7.3981,-0.3832,4.7551
156.591,7.396,-0.3855,4.7549
156.634,7.4168,-0.3707,4.7518
156.66,7.4126,-0.3735,4.7525
156.707,7.4391,-0.358,4.7462
156.768,7.4332,-0.362,4.7472
156.777,7.4561,-0.3507,4.7404
156.808,7.4533,-0.3517,4.7414
156.84,7.4776,-0.3395,4.7344
156.863,7.4739,-0.3416,4.7353
156.879,7.4956,-0.3343,4.7264
156.903,7.5048,-0.3298,4.7237
156.953,7.4968,-0.3341,4.7258
156.997,7.5088,-0.3268,4.7234
157.039,7.5265,-0.3121,4.7228
157.091,7.5235,-0.3146,4.7229
157.126,7.5385,-0.3023,4.7225
157.155,7.5366,-0.3043,4.7222
157.177,7.5455,-0.2956,4.723
157.19,7.5478,-0.2902,4.7256
157.239,7.5455,-0.2954,4.7231
157.285,7.5469,-0.2888,4.7273
157.3,7.5476,-0.2898,4.7261
157.323,7.5449,-0.2886,4.7287
157.355,7.5456,-0.2885,4.7283
157.384,7.5426,-0.2897,4.7294
157.422,7.5427,-0.2896,4.7294
157.441,7.5411,-0.2908,4.7295
157.468,7.5407,-0.2912,4.7294
157.513,7.541,-0.2909,4.7295
157.575,7.5407,-0.2912,4.7295
157.625,7.5403,-0.291,4.7298
157.658,7.5404,-0.2911,4.7297
157.7,7.5395,-0.291,4.7304
157.736,7.5398,-0.291,4.7302
157.765,7.5387,-0.2911,4.7308
157.796,7.5391,-0.2911,4.7306
157.839,7.5381,-0.2911,4.7312
157.858,7.5382,-0.2911,4.7311
157.886,7.5396,-0.2908,4.7304
157.895,7.5413,-0.2888,4.7309
157.913,7.5395,-0.2908,4.7305
157.97,7.5417,-0.2885,4.7308
158.002,7.5465,-0.2855,4.73
158.025,7.5526,-0.2815,4.7292
158.045,7.5487,-0.2839,4.7298
158.076,7.5605,-0.2758,4.7284
158.124,7.558,-0.2774,4.7288
158.147,7.572,-0.2688,4.7263
158.194,7.5729,-0.2683,4.7261
158.218,7.584,-0.2622,4.7236
158.255,7.585,-0.2616,4.7235
158.266,7.5962,-0.2543,4.7219
158.301,7.6118,-0.2428,4.7208
158.333,7.6042,-0.2483,4.7214
158.375,7.6277,-0.2348,4.7169
158.396,7.625,-0.2362,4.7175
158.437,7.646,-0.2219,4.7154
158.471,7.6668,-0.2154,4.7073
158.489,7.6455,-0.2224,4.7153
158.528,7.6837,-0.208,4.7026
158.544,7.6723,-0.2132,4.7057
158.584,7.6963,-0.2015,4.6998
158.629,7.6908,-0.2049,4.7006
158.665,7.7184,-0.1873,4.6974
158.693,7.712,-0.1914,4.698
158.728,7.7357,-0.1743,4.697
158.75,7.7334,-0.176,4.697
158.78,7.7467,-0.1624,4.6996
158.791,7.7536,-0.1545,4.7018
158.829,7.7487,-0.1605,4.7
158.873,7.7567,-0.1515,4.7022
158.903,7.7555,-0.1525,4.7022
158.938,7.7612,-0.1498,4.7009
158.966,7.7608,-0.1498,4.701
159.003,7.7602,-0.1524,4.6994
159.057,7.7604,-0.152,4.6995
159.091,7.7564,-0.1538,4.7006
159.1,7.757,-0.1536,4.7004
159.154,7.7545,-0.1538,4.7017
159.159,7.7538,-0.1536,4.7023
159.175,7.7544,-0.1538,4.7018
159.212,7.7537,-0.1535,4.7024
159.261,7.7538,-0.1535,4.7024
159.302,7.7537,-0.1535,4.7024
159.323,7.7537,-0.1535,4.7024
159.357,7.7534,-0.1538,4.7024
159.404,7.7535,-0.1537,4.7024
159.429,7.7548,-0.1567,4.6992
159.466,7.7539,-0.1551,4.701
159.493,7.7554,-0.1556,4.6997
159.524,7.7553,-0.1558,4.6996
159.543,7.7555,-0.1541,4.7008
159.561,7.7553,-0.1524,4.7023
159.584,7.7556,-0.1539,4.701
159.622,7.7546,-0.1505,4.7043
159.682,7.7549,-0.1513,4.7034
159.702,7.7537,-0.1482,4.7066
159.74,7.7538,-0.1486,4.7063
159.818,7.7528,-0.144,4.7105
159.836,7.7531,-0.1459,4.7088
159.887,7.7528,-0.1437,4.7108
159.913,7.7526,-0.142,4.7123
159.945,7.7526,-0.1422,4.7121
159.975,7.7529,-0.1407,4.7131
160.016,7.7528,-0.1408,4.713
160.044,7.753,-0.1395,4.714
160.087,7.7531,-0.1394,4.714
160.112,7.7538,-0.1391,4.7138
160.156,7.7542,-0.1394,4.7134
160.196,7.7547,-0.1408,4.7119
160.237,7.7547,-0.1407,4.712
160.287,7.7541,-0.1434,4.7103
160.307,7.7543,-0.1427,4.7107
160.34,7.7515,-0.1449,4.7106
160.37,7.7513,-0.145,4.7106
160.424,7.7487,-0.1482,4.7097
160.452,7.7488,-0.148,4.7098
160.505,7.7469,-0.1488,4.7103
160.526,7.7475,-0.1486,4.7101
160.545,7.747,-0.1487,4.7104
160.582,7.747,-0.1487,4.7103
160.593,7.7494,-0.1472,4.7101
160.621,7.7528,-0.1425,4.7117
160.66,7.7495,-0.1459,4.711
160.716,7.754,-0.1417,4.7116
160.75,7.7556,-0.1376,4.7139
160.78,7.7554,-0.1383,4.7135
160.811,7.7573,-0.1345,4.7153
160.834,7.7578,-0.1329,4.7163
160.873,7.7573,-0.1342,4.7155
160.928,7.7576,-0.1326,4.7167
160.947,7.757,-0.1319,4.7175
160.973,7.7565,-0.1318,4.718
160.997,7.7568,-0.1319,4.7177
161.052,7.7561,-0.1314,4.7185
161.077,7.7563,-0.1316,4.7182
161.112,7.7556,-0.1309,4.7192
161.143,7.7556,-0.131,4.7192
161.199,7.7547,-0.1303,4.7203
161.231,7.7549,-0.1305,4.72
161.277,7.7546,-0.1288,4.7215
161.296,7.7547,-0.1295,4.7209
161.333,7.7537,-0.126,4.7243
161.363,7.7541,-0.1272,4.7231
161.39,7.7519,-0.123,4.7278
161.42,7.7524,-0.1238,4.7269
161.462,7.7503,-0.1202,4.731
161.49,7.7483,-0.1186,4.7334
161.504,7.7505,-0.1204,4.7308
161.564,7.748,-0.1187,4.7336
161.598,7.745,-0.1165,4.7371
161.644,7.7451,-0.1169,4.7368
161.672,7.7465,-0.1113,4.7403
161.702,7.7461,-0.112,4.74
161.732,7.7481,-0.1064,4.7433
161.778,7.7482,-0.1062,4.7433
161.851,7.7577,-0.1013,4.7415
161.871,7.754,-0.1019,4.7434
161.915,7.7582,-0.1013,4.7413
161.956,7.7603,-0.1033,4.7384
161.974,7.7605,-0.104,4.7378
162.01,7.7603,-0.1033,4.7384
162.039,7.7608,-0.105,4.7367
162.079,7.7606,-0.1045,4.7372
162.126,7.7608,-0.1052,4.7366
162.14,7.7608,-0.1052,4.7366
162.166,7.7603,-0.105,4.737
162.212,7.7604,-0.105,4.737
162.254,7.76,-0.1051,4.7371
162.274,7.7601,-0.1051,4.7371
162.321,7.76,-0.1055,4.7368
162.342,7.76,-0.1055,4.7368
162.374,7.7599,-0.1071,4.7356
162.393,7.7599,-0.1068,4.7359
162.425,7.7596,-0.1079,4.7351
162.467,7.7597,-0.1079,4.7351
162.496,7.7594,-0.1083,4.735
162.53,7.7594,-0.1083,4.735
162.566,7.7589,-0.1083,4.7352
162.587,7.7585,-0.1081,4.7357
162.603,7.7588,-0.1082,4.7354
162.635,7.7583,-0.1078,4.736
162.678,7.7583,-0.1079,4.7359
162.704,7.7581,-0.1076,4.7363
162.729,7.7583,-0.1074,4.7363
162.766,7.7581,-0.1076,4.7363
162.81,7.7585,-0.1073,4.7363
162.821,7.7584,-0.1074,4.7363
162.861,7.7588,-0.1071,4.7362
162.899,7.7587,-0.1072,4.7362
162.946,7.7592,-0.1068,4.7362
162.974,7.7591,-0.1069,4.7362
163.013,7.7596,-0.1066,4.7362
163.055,7.7599,-0.1064,4.7362
163.068,7.7596,-0.1066,4.7362
163.14,7.7604,-0.1063,4.736
163.175,7.76,-0.1064,4.7361
163.223,7.7607,-0.1063,4.7358
163.245,7.7604,-0.1063,4.736
163.268,7.7606,-0.1063,4.7358
163.282,7.7608,-0.1062,4.7358
163.329,7.7608,-0.1062,4.7358
163.356,7.761,-0.1061,4.7358
163.388,7.761,-0.1061,4.7358
163.4,7.7612,-0.1058,4.7358
163.448,7.7615,-0.1057,4.7357
163.486,7.7613,-0.1058,4.7358
163.53,7.7618,-0.1055,4.7357
163.542,7.7616,-0.1056,4.7357
163.588,7.7621,-0.1054,4.7356
163.599,7.762,-0.1054,4.7357
163.634,7.7623,-0.1053,4.7356
163.668,7.7623,-0.1053,4.7356
163.695,7.7624,-0.1053,4.7355
163.73,7.7625,-0.1052,4.7355
163.75,7.7624,-0.1053,4.7355
163.783,7.7626,-0.1051,4.7356
163.808,7.7626,-0.1052,4.7355
163.848,7.7628,-0.1049,4.7356
163.876,7.7628,-0.105,4.7356
163.91,7.763,-0.1048,4.7356
163.933,7.7631,-0.1048,4.7356
163.96,7.763,-0.1048,4.7356
164.005,7.7633,-0.1047,4.7355
164.027,7.7632,-0.1047,4.7356
164.055,7.7634,-0.1047,4.7354
164.085,7.7633,-0.1047,4.7354
164.123,7.7635,-0.1047,4.7354
164.158,7.7635,-0.1047,4.7354
164.173,7.7636,-0.1047,4.7353
164.219,7.7636,-0.1047,4.7353
164.267,7.7637,-0.1046,4.7353
164.313,7.7637,-0.1046,4.7353
164.33,7.7638,-0.1045,4.7353
164.364,7.7638,-0.1045,4.7353
164.387,7.7647,-0.1048,4.7346
164.406,7.7661,-0.1039,4.7344
164.431,7.7647,-0.1043,4.7349
164.473,7.766,-0.1056,4.7332
164.512,7.7662,-0.1047,4.7338
164.55,7.7659,-0.1067,4.7323
164.578,7.766,-0.1068,4.7321
164.591,7.766,-0.1074,4.7317
164.616,7.7648,-0.1091,4.731
164.652,7.7659,-0.1083,4.731
164.687,7.7631,-0.1133,4.7287
164.734,7.7637,-0.1127,4.7289
164.784,7.7601,-0.1168,4.7278
164.816,7.7615,-0.1156,4.7279
164.841,7.7607,-0.1174,4.7269
164.862,7.7607,-0.1172,4.7271
164.889,7.7612,-0.1173,4.7267
164.941,7.7612,-0.1173,4.7267
164.973,7.7621,-0.116,4.7272
164.985,7.7621,-0.1151,4.7279
165.019,7.7621,-0.1159,4.7272
165.062,7.7618,-0.1146,4.7285
165.082,7.762,-0.115,4.728
165.116,7.7613,-0.1143,4.729
165.141,7.7615,-0.1144,4.7289
165.166,7.7608,-0.1141,4.7295
165.204,7.7609,-0.1141,4.7294
165.239,7.7606,-0.1138,4.7298
165.283,7.7606,-0.1138,4.7298
165.311,7.7605,-0.1136,4.73
165.362,7.7605,-0.1136,4.73
165.399,7.7603,-0.1136,4.7302
165.425,7.7603,-0.1136,4.7302
165.437,7.7603,-0.1136,4.7302
165.489,7.7603,-0.1136,4.7302
165.508,7.7581,-0.1146,4.7307
165.525,7.757,-0.113,4.7326
165.584,7.7579,-0.1136,4.7316
165.637,7.7574,-0.1125,4.7329
165.664,7.7572,-0.1126,4.7328
165.707,7.7597,-0.1123,4.7315
165.73,7.759,-0.1124,4.7319
165.8,7.7611,-0.1125,4.7305
165.853,7.7638,-0.1131,4.7285
165.874,7.7631,-0.113,4.729
165.916,7.764,-0.1135,4.728
165.921,7.7639,-0.1141,4.7276
165.942,7.7641,-0.1145,4.7272
165.974,7.764,-0.1145,4.7272
166.021,7.7643,-0.1142,4.7273
166.055,7.7643,-0.1142,4.7273
166.094,7.7643,-0.1138,4.7276
166.135,7.7643,-0.1138,4.7276
166.163,7.7642,-0.1134,4.728
166.193,7.7641,-0.1129,4.7284
166.221,7.7642,-0.1133,4.7281
166.231,7.764,-0.1126,4.7287
166.297,7.764,-0.1128,4.7286
166.308,7.7639,-0.1124,4.729
166.339,7.7638,-0.1123,4.7291
166.363,7.7639,-0.1124,4.729
166.432,7.7638,-0.1123,4.7292
166.481,7.7635,-0.112,4.7295
166.498,7.7636,-0.1121,4.7294
166.539,7.7635,-0.1118,4.7297
166.544,7.7635,-0.1119,4.7296
166.574,7.7634,-0.1117,4.7299
166.61,7.7633,-0.1116,4.73
166.633,7.7633,-0.1117,4.7299
166.704,7.7633,-0.1116,4.73
166.731,7.7632,-0.1115,4.7301
166.763,7.7632,-0.1115,4.7301
166.8,7.7632,-0.1114,4.7302
166.823,7.7632,-0.1114,4.7302
166.862,7.763,-0.1113,4.7304
166.867,7.763,-0.1111,4.7305
166.897,7.763,-0.1112,4.7304
166.932,7.7628,-0.1109,4.7308
166.971,7.7629,-0.111,4.7307
167.004,7.7627,-0.1108,4.7309
167.068,7.7627,-0.1109,4.7309
167.093,7.7627,-0.1109,4.7309
167.107,7.7627,-0.1109,4.7309
167.137,7.7627,-0.1109,4.7309
167.181,7.7627,-0.1109,4.7309
167.236,7.7627,-0.1108,4.731
167.261,7.7627,-0.1108,4.731
167.307,7.7625,-0.1108,4.7311
167.332,7.7626,-0.1108,4.731
167.359,7.7625,-0.1108,4.7311
167.398,7.7625,-0.1108,4.7311
167.448,7.7625,-0.1108,4.7311
167.471,7.7625,-0.1108,4.7311
167.498,7.7625,-0.1108,4.7311
167.532,7.7625,-0.1108,4.7311
167.548,7.7625,-0.1108,4.7311
167.574,7.7624,-0.1108,4.7311
167.596,7.7624,-0.1108,4.7311
167.634,7.7624,-0.1108,4.7312
167.687,7.7624,-0.1108,4.7311
167.716,7.7622,-0.1107,4.7313
167.744,7.7623,-0.1107,4.7313
167.782,7.7624,-0.1112,4.7308
167.817,7.7624,-0.1113,4.7308
167.853,7.7625,-0.1115,4.7305
167.885,7.7626,-0.1115,4.7305
167.931,7.7637,-0.1118,4.7295
167.957,7.7635,-0.1118,4.7297
167.988,7.7642,-0.1125,4.7287
168.012,7.7642,-0.1125,4.7287
168.028,7.7643,-0.1136,4.7278
168.053,7.7646,-0.1148,4.7266
168.087,7.7644,-0.1141,4.7273
168.135,7.7638,-0.1152,4.7268
168.177,7.7637,-0.115,4.727
168.206,7.7644,-0.1155,4.7262
168.257,7.7643,-0.1154,4.7263
168.307,7.7666,-0.1148,4.7254
168.356,7.766,-0.115,4.7256
168.381,7.7699,-0.1137,4.7243
168.416,7.7687,-0.1142,4.7247
168.437,7.7719,-0.1133,4.7234
168.474,7.7711,-0.1134,4.7238
168.49,7.7727,-0.1132,4.723
168.532,7.7725,-0.1133,4.7231
168.558,7.7722,-0.1139,4.7228
168.61,7.7725,-0.1138,4.7227
168.641,7.7712,-0.1149,4.7225
168.664,7.7715,-0.1145,4.7227
168.712,7.771,-0.1175,4.7206
168.73,7.7711,-0.1167,4.7212
168.753,7.7662,-0.1177,4.7234
168.8,7.7663,-0.1177,4.7233
168.835,7.7645,-0.1122,4.7287
168.872,7.7645,-0.1122,4.7288
168.898,7.7669,-0.1111,4.7282
168.922,7.7659,-0.1071,4.7319
168.937,7.7666,-0.1107,4.7287
168.97,7.7658,-0.1078,4.7315
169.02,7.7664,-0.1073,4.7316
169.037,7.7653,-0.1075,4.732
169.115,7.7651,-0.1075,4.7321
169.149,7.7628,-0.1074,4.7336
169.162,7.7638,-0.1075,4.733
169.203,7.7614,-0.1071,4.7347
169.236,7.7619,-0.1073,4.7343
169.282,7.7597,-0.1068,4.7359
169.296,7.7602,-0.107,4.7355
169.325,7.7588,-0.1066,4.7367
169.354,7.7591,-0.1066,4.7365
169.38,7.758,-0.1064,4.7373
169.441,7.758,-0.1064,4.7373
169.5,7.757,-0.1062,4.7381
169.511,7.7574,-0.1063,4.7378
169.553,7.7566,-0.106,4.7385
169.581,7.7567,-0.1061,4.7383
169.609,7.7562,-0.1059,4.7388
169.638,7.7563,-0.1059,4.7388
169.671,7.7559,-0.1057,4.7391
169.692,7.7556,-0.1055,4.7395
169.721,7.7559,-0.1057,4.7392
169.737,7.7553,-0.1053,4.7398
169.796,7.7554,-0.1054,4.7396
169.83,7.755,-0.1052,4.7401
169.855,7.7551,-0.1052,4.74
169.902,7.7547,-0.1051,4.7404
169.921,7.7547,-0.1051,4.7404
169.935,7.7544,-0.1049,4.7407
169.961,7.7541,-0.1047,4.741
169.993,7.7543,-0.1048,4.7408
170.032,7.7539,-0.1046,4.7412
170.067,7.7539,-0.1046,4.7412
170.1,7.7537,-0.1045,4.7414
170.138,7.7536,-0.1045,4.7415
170.141,7.7537,-0.1045,4.7414
170.187,7.7534,-0.1044,4.7417
170.213,7.7535,-0.1045,4.7415
170.253,7.7534,-0.1043,4.7418
170.281,7.7534,-0.1043,4.7417
170.307,7.7532,-0.1043,4.7419
170.332,7.7532,-0.1043,4.7419
170.363,7.7531,-0.1042,4.742
170.415,7.7531,-0.1042,4.742
170.439,7.753,-0.1041,4.7421
170.477,7.753,-0.1041,4.7422
170.489,7.7529,-0.104,4.7423
170.514,7.7528,-0.104,4.7424
170.557,7.7528,-0.104,4.7424
170.587,7.7527,-0.1039,4.7425
170.62,7.7527,-0.1039,4.7425
170.633,7.7526,-0.1039,4.7426
170.701,7.7526,-0.1039,4.7426
170.739,7.7526,-0.1038,4.7427
170.771,7.7526,-0.1038,4.7426
170.807,7.7524,-0.1038,4.7428
170.821,7.7523,-0.1037,4.7429
170.854,7.7524,-0.1038,4.7428
170.917,7.7523,-0.1037,4.7429
170.951,7.7521,-0.1035,4.7432
170.982,7.7521,-0.1035,4.7432
171.013,7.7519,-0.1035,4.7433
171.051,7.7519,-0.1035,4.7433
171.069,7.7519,-0.1034,4.7434
171.092,7.7518,-0.1033,4.7435
171.116,7.7519,-0.1034,4.7434
171.151,7.7518,-0.1033,4.7435
171.186,7.7519,-0.1033,4.7435
171.245,7.7518,-0.1033,4.7435
171.27,7.7517,-0.1033,4.7436
171.301,7.7516,-0.1032,4.7437
171.324,7.7516,-0.1033,4.7436
171.359,7.7516,-0.1032,4.7438
171.394,7.7516,-0.1032,4.7437
171.423,7.7515,-0.1031,4.7439
171.473,7.7515,-0.1031,4.7438
171.53,7.7513,-0.1031,4.744
171.548,7.7513,-0.1031,4.744
171.586,7.7513,-0.103,4.7441
171.617,7.7513,-0.103,4.744
171.632,7.7512,-0.103,4.7441
171.658,7.7511,-0.103,4.7442
171.685,7.7512,-0.103,4.7441
171.716,7.7526,-0.1015,4.7444
171.751,7.7513,-0.1027,4.7443
171.786,7.7503,-0.1001,4.747
171.826,7.7509,-0.1006,4.7463
171.881,7.7494,-0.0994,4.7481
171.906,7.7494,-0.0995,4.748
171.931,7.7491,-0.1,4.7478
171.961,7.7491,-0.1,4.7478
172.0,7.7488,-0.0997,4.7482
172.026,7.7488,-0.0998,4.7481
172.067,7.7485,-0.0979,4.7499
172.096,7.7485,-0.0979,4.7498
172.139,7.7481,-0.0949,4.7525
172.168,7.7481,-0.0951,4.7522
172.197,7.748,-0.0921,4.7548
172.234,7.748,-0.0924,4.7545
172.261,7.7481,-0.09,4.7563
172.278,7.7484,-0.0884,4.7574
172.314,7.7482,-0.0896,4.7566
172.358,7.7484,-0.0867,4.7588
172.425,7.7485,-0.0875,4.7581
172.456,7.7481,-0.0839,4.7612
172.469,7.7483,-0.0851,4.7602
172.515,7.7478,-0.0823,4.7627
172.529,7.7479,-0.0828,4.7622
172.565,7.748,-0.08,4.7644
172.607,7.748,-0.0803,4.7642
172.632,7.7487,-0.0791,4.7647
172.652,7.7487,-0.0791,4.7647
172.694,7.7496,-0.079,4.7642
172.734,7.7495,-0.079,4.7643
172.766,7.7503,-0.0794,4.7635
172.786,7.7507,-0.0796,4.7631
172.828,7.7503,-0.0794,4.7635
172.846,7.7509,-0.0799,4.7628
172.891,7.7507,-0.0796,4.7631
172.933,7.7508,-0.0803,4.7625
172.941,7.7509,-0.0802,4.7625
172.98,7.7505,-0.0803,4.7627
173.016,7.7506,-0.0803,4.7626
173.035,7.7502,-0.0803,4.7629
173.066,7.7502,-0.0802,4.7629
173.082,7.7496,-0.08,4.7634
173.112,7.7484,-0.0801,4.7641
173.169,7.7488,-0.0801,4.7639
173.208,7.7477,-0.0782,4.766
173.223,7.7478,-0.0789,4.7653
173.27,7.7495,-0.0749,4.7675
173.279,7.7493,-0.0753,4.7674
173.296,7.7509,-0.0708,4.77
173.363,7.7507,-0.0701,4.7707
173.394,7.7501,-0.0714,4.77
173.417,7.7475,-0.0757,4.7681
173.447,7.7494,-0.0721,4.7698
173.498,7.7464,-0.0757,4.7688
173.527,7.7457,-0.0765,4.7685
173.541,7.7503,-0.0794,4.7635
173.565,7.7467,-0.0775,4.7672
173.6,7.754,-0.0789,4.7617
173.656,7.7523,-0.0788,4.7628
173.663,7.7573,-0.0766,4.7615
173.703,7.7606,-0.0753,4.7606
173.727,7.7576,-0.0765,4.7614
173.765,7.7639,-0.0746,4.7592
173.795,7.7623,-0.0748,4.7599
173.832,7.765,-0.0748,4.7584
173.858,7.7649,-0.0748,4.7584
173.89,7.7652,-0.0755,4.7576
173.918,7.7652,-0.0756,4.7576
173.959,7.7653,-0.076,4.7572
173.97,7.7655,-0.0761,4.757
173.999,7.7653,-0.0761,4.7571
174.028,7.766,-0.0759,4.7569
174.061,7.7658,-0.076,4.757
174.099,7.7664,-0.0757,4.7568
174.145,7.7663,-0.0758,4.7568
174.155,7.7666,-0.0756,4.7567
174.221,7.7667,-0.0756,4.7567
174.26,7.7671,-0.0755,4.7565
174.278,7.767,-0.0756,4.7565
174.309,7.7674,-0.0754,4.7565
174.342,7.7674,-0.0754,4.7565
174.356,7.7676,-0.0753,4.7564
174.389,7.7679,-0.0752,4.7563
174.417,7.7677,-0.0752,4.7564
174.443,7.7682,-0.0753,4.756
174.483,7.7681,-0.0753,4.7561
174.535,7.7685,-0.0754,4.7559
174.578,7.7684,-0.0753,4.7559
174.619,7.769,-0.0751,4.7558
174.636,7.7688,-0.0752,4.7558
174.676,7.7692,-0.0749,4.7558
174.695,7.7691,-0.0749,4.7558
174.73,7.7695,-0.0747,4.7557
174.757,7.7695,-0.0747,4.7557
174.775,7.7697,-0.0747,4.7556
174.811,7.7699,-0.0746,4.7555
174.827,7.7698,-0.0747,4.7556
174.857,7.7701,-0.0747,4.7554
174.906,7.77,-0.0747,4.7555
174.944,7.7703,-0.0748,4.7552
174.979,7.7703,-0.0748,4.7553
175.005,7.7706,-0.0747,4.7551
175.051,7.7706,-0.0746,4.7552
175.08,7.7709,-0.0744,4.7552
175.111,7.771,-0.0744,4.7551
175.126,7.7709,-0.0744,4.7551
175.152,7.7711,-0.0743,4.7551
175.206,7.771,-0.0743,4.7552
175.243,7.7713,-0.0743,4.755
175.265,7.7712,-0.0743,4.7551
175.291,7.7716,-0.0743,4.7549
175.327,7.7716,-0.0743,4.7549
175.371,7.7717,-0.0744,4.7547
175.406,7.7717,-0.0744,4.7547
175.439,7.7718,-0.0744,4.7547
175.466,7.7718,-0.0744,4.7547
175.481,7.7719,-0.0744,4.7546
175.51,7.7721,-0.0743,4.7545
175.527,7.7719,-0.0743,4.7546
175.563,7.7724,-0.0743,4.7544
175.605,7.7723,-0.0743,4.7545
175.643,7.7727,-0.0742,4.7542
175.67,7.7727,-0.0742,4.7542
175.701,7.7729,-0.0741,4.7542
175.721,7.7732,-0.0741,4.7541
175.735,7.773,-0.0741,4.7541
175.803,7.7733,-0.0742,4.7539
175.813,7.7732,-0.0741,4.754
175.826,7.7733,-0.0742,4.7539
175.862,7.7733,-0.0742,4.7539
175.902,7.7734,-0.0742,4.7538
175.936,7.7734,-0.0742,4.7538
175.953,7.7735,-0.0742,4.7537
175.976,7.7737,-0.0743,4.7536
176.026,7.7736,-0.0743,4.7536
176.046,7.7739,-0.0744,4.7534
176.097,7.7739,-0.0744,4.7534
176.14,7.7741,-0.0744,4.7532
176.181,7.774,-0.0744,4.7533
176.204,7.7742,-0.0744,4.7532
176.243,7.7742,-0.0744,4.7532
176.285,7.7743,-0.0743,4.7532
176.303,7.7743,-0.0744,4.7532
176.336,7.7744,-0.0744,4.7531
176.367,7.7744,-0.0743,4.7532
176.382,7.7744,-0.0744,4.7531
176.45,7.7744,-0.0743,4.7532
176.475,7.7744,-0.0742,4.7532
176.487,7.7744,-0.0742,4.7532
176.532,7.7744,-0.0742,4.7532
176.561,7.7743,-0.0742,4.7533
176.613,7.7743,-0.0742,4.7533
176.656,7.7743,-0.0742,4.7533
176.688,7.7743,-0.0742,4.7533
176.709,7.7744,-0.0741,4.7533
176.735,7.7744,-0.0741,4.7533
176.776,7.7744,-0.0741,4.7533
176.815,7.7744,-0.0741,4.7533
176.832,7.7745,-0.0741,4.7532
176.869,7.7745,-0.0741,4.7532
176.905,7.7747,-0.0741,4.7531
176.94,7.7746,-0.0741,4.7531
176.973,7.7748,-0.0741,4.7531
177.004,7.7748,-0.0741,4.7531
177.018,7.7749,-0.0741,4.753
177.072,7.7749,-0.0741,4.753
177.105,7.775,-0.074,4.753
177.153,7.775,-0.074,4.753
177.203,7.775,-0.0741,4.7529
177.219,7.775,-0.0741,4.7529
177.233,7.775,-0.0741,4.7529
177.296,7.775,-0.0741,4.7529
177.325,7.775,-0.0741,4.7529
177.36,7.775,-0.0741,4.7529
177.383,7.7751,-0.0741,4.7529
177.401,7.775,-0.0741,4.7529
177.428,7.7751,-0.0741,4.7529
177.462,7.7741,-0.0734,4.7541
177.509,7.7742,-0.0737,4.7538
177.528,7.7741,-0.0751,4.7527
177.577,7.774,-0.0752,4.7527
177.617,7.7759,-0.0759,4.751
177.645,7.7755,-0.0757,4.7513
177.659,7.7773,-0.0764,4.7497
177.708,7.7773,-0.0763,4.7498
177.744,7.7786,-0.0765,4.7488
177.773,7.7786,-0.0765,4.7488
177.814,7.7781,-0.0756,4.7499
177.85,7.7782,-0.0757,4.7498
177.887,7.7765,-0.0752,4.7512
177.909,7.7758,-0.0754,4.7514
177.944,7.7758,-0.0753,4.7515
178.006,7.7747,-0.0745,4.7529
178.017,7.7755,-0.0751,4.7518
178.073,7.7751,-0.0746,4.7525
178.108,7.7772,-0.0746,4.7512
178.131,7.7769,-0.0746,4.7514
178.162,7.7783,-0.0741,4.7509
178.189,7.7783,-0.0741,4.751
178.208,7.7778,-0.0734,4.7518
178.236,7.7795,-0.0731,4.751
178.272,7.779,-0.0733,4.7512
178.308,7.7794,-0.0734,4.7509
178.343,7.7795,-0.0733,4.7509
178.374,7.7784,-0.0726,4.7521
178.402,7.7784,-0.0727,4.752
178.44,7.7774,-0.0723,4.7529
178.464,7.7781,-0.0719,4.7528
178.481,7.7776,-0.0722,4.7529
178.549,7.7784,-0.0717,4.7528
178.565,7.779,-0.0718,4.7524
178.596,7.7795,-0.0719,4.752
178.61,7.7791,-0.0718,4.7523
178.644,7.7797,-0.0718,4.752
178.688,7.7797,-0.0718,4.752
178.718,7.7797,-0.0716,4.7522
178.754,7.7797,-0.0716,4.7521
178.78,7.7797,-0.0714,4.7523
178.819,7.7797,-0.0714,4.7523
178.839,7.7798,-0.0714,4.7522
178.86,7.7799,-0.0714,4.7522
178.901,7.7799,-0.0714,4.7522
178.932,7.78,-0.0714,4.7521
178.954,7.78,-0.0714,4.7521
178.994,7.78,-0.0714,4.7521
179.02,7.78,-0.0714,4.7521
179.045,7.7801,-0.0713,4.7522
179.086,7.7798,-0.0713,4.7523
179.095,7.7801,-0.0713,4.7521
179.201,7.7799,-0.0708,4.7526
179.205,7.7812,-0.0717,4.7512
179.208,7.7822,-0.0724,4.75
179.241,7.7815,-0.0722,4.7507
179.278,7.7838,-0.0726,4.7489
179.331,7.7835,-0.0726,4.7491
179.352,7.7856,-0.0736,4.747
179.414,7.7856,-0.0736,4.7471
179.442,7.7884,-0.0753,4.744
179.465,7.788,-0.075,4.7445
179.484,7.7906,-0.0766,4.7416
179.544,7.7911,-0.0769,4.7411
179.593,7.7909,-0.0804,4.7384
179.638,7.7912,-0.0796,4.7388
179.662,7.7909,-0.08,4.7388
179.707,7.7909,-0.08,4.7387
179.745,7.7918,-0.0799,4.7383
179.777,7.7917,-0.0799,4.7384
179.871,7.7931,-0.0795,4.7379
179.889,7.7927,-0.0796,4.738
179.902,7.7936,-0.0785,4.7383
179.926,7.7939,-0.0781,4.7384
179.949,7.7946,-0.0767,4.7392
179.963,7.7944,-0.0776,4.7385
180.006,7.7943,-0.0754,4.7404
180.042,7.7943,-0.0753,4.7405
180.099,7.7952,-0.0748,4.7404
180.124,7.7952,-0.0748,4.7404
180.173,7.7951,-0.0757,4.7397
180.205,7.7944,-0.076,4.7399
180.244,7.7946,-0.0758,4.7399
180.303,7.7942,-0.076,4.74
180.32,7.7942,-0.076,4.74
180.386,7.7939,-0.0761,4.7401
180.408,7.7941,-0.076,4.74
180.444,7.7939,-0.0761,4.7401
180.484,7.7937,-0.0763,4.7401
180.513,7.7937,-0.0763,4.7401
180.552,7.7936,-0.0763,4.74
180.6,7.7936,-0.0763,4.74
180.647,7.7936,-0.0764,4.7401
180.697,7.7936,-0.0764,4.74
180.773,7.7933,-0.077,4.7398
180.783,7.7934,-0.0773,4.7394
180.852,7.7938,-0.0775,4.739
180.854,7.7934,-0.0774,4.7393
180.925,7.7945,-0.0775,4.7385
180.986,7.7961,-0.0782,4.7371
180.999,7.7958,-0.0781,4.7374
181.056,7.7983,-0.0749,4.7384
181.083,7.7976,-0.0758,4.7381
181.113,7.798,-0.0737,4.7395
181.135,7.7976,-0.0733,4.7401
181.176,7.798,-0.0736,4.7396
181.259,7.7973,-0.0731,4.7404
181.3,7.7969,-0.0738,4.7401
181.315,7.7971,-0.0735,4.7403
181.354,7.7971,-0.0746,4.7394
181.374,7.7971,-0.0744,4.7396
181.434,7.7973,-0.075,4.7389
181.467,7.7972,-0.0749,4.7391
181.497,7.7972,-0.075,4.7389
181.509,7.7973,-0.075,4.7389
181.541,7.7972,-0.075,4.739
181.572,7.7972,-0.075,4.739
181.626,7.7971,-0.075,4.7391
181.656,7.7971,-0.075,4.739
181.695,7.7972,-0.075,4.739
181.72,7.7971,-0.075,4.739
181.77,7.7972,-0.0751,4.739
181.785,7.7972,-0.075,4.739
181.826,7.7972,-0.0752,4.7389
181.852,7.7972,-0.0751,4.7389
181.875,7.7972,-0.0752,4.7389
181.926,7.7972,-0.0752,4.7389
181.967,7.7972,-0.0752,4.7388
182.008,7.7972,-0.0752,4.7389
182.033,7.7971,-0.0753,4.7388
182.057,7.7971,-0.0753,4.7388
182.095,7.7971,-0.0753,4.7388
182.131,7.7971,-0.0753,4.7388
182.188,7.797,-0.0753,4.7389
182.236,7.797,-0.0753,4.7389
182.259,7.7969,-0.0753,4.7389
182.29,7.797,-0.0753,4.7389
182.331,7.7969,-0.0753,4.7389
182.352,7.7969,-0.0753,4.7389
182.4,7.7969,-0.0753,4.7389
182.439,7.7969,-0.0753,4.7389
182.484,7.7969,-0.0753,4.7389
182.537,7.7969,-0.0753,4.7389
182.553,7.7969,-0.0753,4.7389
182.593,7.7969,-0.0753,4.7389
182.622,7.7969,-0.0753,4.7389
182.659,7.7969,-0.0753,4.7389
182.687,7.7969,-0.0753,4.7389
182.72,7.7969,-0.0753,4.7389
182.759,7.7969,-0.0754,4.7389
182.809,7.7969,-0.0754,4.7389
182.876,7.7969,-0.0754,4.7389
182.883,7.7968,-0.0754,4.7389
182.906,7.7968,-0.0754,4.7389
182.938,7.7968,-0.0754,4.7389
182.97,7.7968,-0.0754,4.7389
183.008,7.7968,-0.0754,4.7389
183.037,7.7968,-0.0754,4.7389
183.076,7.7968,-0.0754,4.7389
183.129,7.7968,-0.0754,4.7389
183.161,7.7967,-0.0755,4.7389
183.196,7.7968,-0.0755,4.7389
183.234,7.7968,-0.0756,4.7388
183.277,7.7968,-0.0755,4.7388
183.327,7.7968,-0.0755,4.7388
183.349,7.7968,-0.0755,4.7388
183.375,7.7968,-0.0756,4.7388
183.39,7.7968,-0.0756,4.7388
183.445,7.7967,-0.0757,4.7387
183.459,7.7967,-0.0757,4.7387
183.486,7.7967,-0.0757,4.7387
183.567,7.7968,-0.0757,4.7387
183.583,7.7967,-0.0757,4.7387
183.652,7.7968,-0.0757,4.7387
183.667,7.7968,-0.0757,4.7387
183.715,7.7968,-0.0757,4.7387
183.761,7.7968,-0.0757,4.7387
183.793,7.7952,-0.0758,4.7395
183.812,7.7958,-0.0758,4.7392
183.838,7.7952,-0.0765,4.7389
183.869,7.7952,-0.0764,4.7391
183.894,7.7949,-0.0772,4.7386
183.912,7.7952,-0.0781,4.7377
183.936,7.7949,-0.0773,4.7385
183.985,7.7956,-0.0791,4.7366
184.009,7.7954,-0.0786,4.7372
184.052,7.7954,-0.0799,4.7361
184.076,7.7954,-0.0798,4.7362
184.112,7.7941,-0.0808,4.7362
184.124,7.7925,-0.0814,4.7367
184.199,7.7941,-0.0808,4.7362
184.227,7.7906,-0.0826,4.7369
184.238,7.7918,-0.0817,4.7368
184.277,7.7888,-0.0841,4.7367
184.303,7.7895,-0.0835,4.7367
184.328,7.7874,-0.0858,4.7362
184.363,7.7878,-0.0853,4.7363
184.419,7.7861,-0.0885,4.7348
184.433,7.7865,-0.0876,4.7352
184.489,7.7847,-0.0908,4.7338
184.515,7.7853,-0.0898,4.7342
184.544,7.7839,-0.092,4.7333
184.578,7.784,-0.0919,4.7333
184.629,7.7835,-0.0929,4.7328
184.657,7.7836,-0.0927,4.7329
184.683,7.7833,-0.0924,4.7333
184.716,7.7833,-0.0924,4.7333
184.746,7.7829,-0.0898,4.7356
184.787,7.7829,-0.0896,4.7358
184.801,7.7834,-0.0859,4.7384
184.816,7.7821,-0.0863,4.7389
184.84,7.7834,-0.0861,4.7383
184.877,7.7802,-0.0854,4.7408
184.905,7.7804,-0.0858,4.7404
184.93,7.7766,-0.0856,4.7427
184.971,7.7772,-0.0857,4.7423
185.011,7.7761,-0.0861,4.7426
185.066,7.7765,-0.0861,4.7424
185.082,7.7788,-0.0834,4.7432
185.104,7.781,-0.082,4.7431
185.129,7.7793,-0.0832,4.7431
185.158,7.7838,-0.0797,4.7432
185.202,7.783,-0.0804,4.7432
185.235,7.785,-0.0777,4.7441
185.263,7.7852,-0.0781,4.7437
185.285,7.7912,-0.0801,4.7385
185.328,7.7958,-0.0776,4.7377
185.35,7.792,-0.0799,4.7382
185.427,7.7992,-0.0768,4.7364
185.464,7.8051,-0.0722,4.7365
185.484,7.8037,-0.0735,4.7363
185.5,7.8041,-0.0706,4.7384
185.554,7.804,-0.0706,4.7385
185.57,7.804,-0.0711,4.7381
185.596,7.8051,-0.0704,4.738
185.635,7.8046,-0.0713,4.7376
185.68,7.8043,-0.0704,4.7385
185.715,7.8042,-0.0706,4.7384
185.754,7.8059,-0.0688,4.7389
185.771,7.8052,-0.0695,4.7386
185.807,7.8078,-0.0678,4.7385
185.83,7.8072,-0.068,4.7387
185.872,7.8095,-0.0664,4.7386
185.903,7.8095,-0.0665,4.7386
185.934,7.8119,-0.0661,4.7374
185.974,7.8118,-0.0661,4.7375
185.996,7.8131,-0.0658,4.7369
186.009,7.814,-0.066,4.7362
186.066,7.8133,-0.0659,4.7368
186.099,7.8147,-0.0666,4.7354
186.124,7.8144,-0.0663,4.7358
186.154,7.8147,-0.067,4.735
186.198,7.8148,-0.0671,4.7349
186.236,7.8128,-0.0646,4.7381
186.281,7.8134,-0.0656,4.737
186.314,7.8145,-0.0635,4.738
186.342,7.8144,-0.0635,4.738
186.378,7.8151,-0.0581,4.742
186.39,7.8149,-0.0594,4.7411
186.417,7.8142,-0.0555,4.7446
186.469,7.8141,-0.0555,4.7447
186.496,7.8128,-0.0561,4.745
186.542,7.8128,-0.0561,4.745
186.603,7.8159,-0.0562,4.7431
186.613,7.815,-0.0562,4.7436
186.653,7.815,-0.0552,4.7444
186.686,7.8151,-0.0553,4.7443
186.721,7.816,-0.0538,4.7449
186.74,7.816,-0.0538,4.745
186.756,7.8161,-0.0516,4.7466
186.781,7.8166,-0.0499,4.7477
186.812,7.8164,-0.0512,4.7468
186.845,7.8169,-0.0486,4.7486
186.876,7.8168,-0.0489,4.7485
186.894,7.8175,-0.0472,4.7494
186.938,7.8177,-0.0472,4.7493
186.978,7.8189,-0.0466,4.7491
187.002,7.8217,-0.0477,4.7465
187.024,7.8191,-0.0464,4.7491
187.081,7.8211,-0.0495,4.7454
187.107,7.8213,-0.0488,4.7458
187.125,7.8207,-0.0497,4.7455
187.175,7.8207,-0.0497,4.7455
187.206,7.8182,-0.0483,4.748
187.237,7.8187,-0.0485,4.7477
187.261,7.8165,-0.0496,4.7481
187.289,7.8165,-0.0515,4.7465
187.324,7.8165,-0.05,4.7477
187.372,7.8172,-0.0531,4.7448
187.377,7.8168,-0.0526,4.7455
187.414,7.8179,-0.0538,4.7438
187.447,7.8179,-0.0537,4.744
187.478,7.8183,-0.0536,4.7437
187.537,7.8183,-0.0536,4.7437
187.574,7.8177,-0.0537,4.744
187.61,7.8179,-0.0536,4.744
187.654,7.8171,-0.0545,4.7437
187.679,7.8173,-0.0542,4.7439
187.719,7.8169,-0.0556,4.743
187.751,7.8169,-0.0552,4.7433
187.801,7.8168,-0.0563,4.7425
187.808,7.8168,-0.0562,4.7426
187.855,7.8168,-0.0563,4.7424
187.889,7.8168,-0.0564,4.7424
187.904,7.8167,-0.0561,4.7426
187.947,7.8167,-0.0561,4.7426
187.972,7.8166,-0.0561,4.7427
188.006,7.8165,-0.0562,4.7427
188.011,7.8166,-0.0561,4.7427
188.059,7.8164,-0.0564,4.7426
188.084,7.8165,-0.0563,4.7427
188.11,7.8164,-0.0565,4.7426
188.151,7.8164,-0.0564,4.7426
188.173,7.8161,-0.0566,4.7426
188.213,7.8161,-0.0566,4.7427
188.236,7.816,-0.0566,4.7427
188.275,7.8158,-0.0566,4.7428
188.282,7.8159,-0.0566,4.7427
188.343,7.8157,-0.0567,4.7428
188.352,7.8158,-0.0567,4.7428
188.385,7.8158,-0.0567,4.7427
188.425,7.8158,-0.0567,4.7427
188.451,7.8158,-0.0566,4.7428
188.503,7.8158,-0.0566,4.7428
188.529,7.8158,-0.0565,4.7429
188.548,7.8157,-0.0566,4.7429
188.574,7.8158,-0.0565,4.7429
188.646,7.8157,-0.0566,4.7429
188.675,7.8156,-0.0565,4.743
188.721,7.8156,-0.0565,4.743
188.766,7.8154,-0.0566,4.7431
188.781,7.8155,-0.0565,4.7431
188.821,7.8153,-0.0567,4.7431
188.852,7.8153,-0.0566,4.7431
188.871,7.8152,-0.0567,4.7431
188.901,7.8151,-0.0566,4.7432
188.93,7.8152,-0.0566,4.7431
188.988,7.8151,-0.0566,4.7432
188.998,7.8151,-0.0566,4.7432
189.032,7.8151,-0.0566,4.7432
189.068,7.8151,-0.0566,4.7432
189.112,7.815,-0.0566,4.7433
189.129,7.8151,-0.0566,4.7432
189.151,7.815,-0.0566,4.7433
189.207,7.815,-0.0566,4.7433
189.235,7.8149,-0.0566,4.7433
189.257,7.8148,-0.0566,4.7434
189.274,7.8149,-0.0566,4.7433
189.324,7.8147,-0.0566,4.7435
189.341,7.8148,-0.0566,4.7434
189.375,7.8146,-0.0566,4.7435
189.41,7.8146,-0.0566,4.7435
189.433,7.8145,-0.0566,4.7436
189.482,7.8145,-0.0566,4.7436
189.502,7.8145,-0.0566,4.7436
189.525,7.8145,-0.0566,4.7436
189.554,7.8145,-0.0566,4.7436
189.595,7.8143,-0.0566,4.7437
189.629,7.8144,-0.0566,4.7437
189.658,7.8143,-0.0566,4.7437
189.694,7.8143,-0.0566,4.7437
189.704,7.8142,-0.0566,4.7438
189.763,7.8142,-0.0566,4.7438
189.807,7.8141,-0.0565,4.7439
189.827,7.8141,-0.0565,4.7439
189.861,7.8142,-0.0565,4.7439
189.894,7.8141,-0.0565,4.7439
189.913,7.8141,-0.0565,4.7439
189.94,7.8141,-0.0565,4.7439
189.979,7.8141,-0.0565,4.7439
190.014,7.8141,-0.0564,4.7439
190.042,7.8141,-0.0564,4.7439
190.063,7.8142,-0.0564,4.7439
190.089,7.8143,-0.0564,4.7439
190.131,7.8142,-0.0564,4.7439
190.168,7.8142,-0.0564,4.7439
190.207,7.8142,-0.0564,4.7439
190.235,7.8141,-0.0563,4.744
190.258,7.8141,-0.0563,4.744
190.278,7.8139,-0.0564,4.7441
190.328,7.8139,-0.0564,4.7441
190.342,7.8139,-0.0564,4.7441
190.378,7.8138,-0.0564,4.7441
190.39,7.8139,-0.0564,4.7441
190.426,7.8138,-0.0564,4.7442
190.469,7.8138,-0.0564,4.7441
190.511,7.8137,-0.0564,4.7442
190.55,7.8137,-0.0564,4.7442
190.616,7.8137,-0.0564,4.7442
190.632,7.8137,-0.0564,4.7442
190.666,7.8138,-0.0563,4.7442
190.688,7.8137,-0.0564,4.7442
190.714,7.8138,-0.0563,4.7443
190.753,7.8138,-0.0563,4.7443
190.783,7.8138,-0.0563,4.7443
190.798,7.8137,-0.0564,4.7442
190.826,7.8138,-0.0563,4.7442
190.862,7.8137,-0.0563,4.7443
190.906,7.8137,-0.0564,4.7442
190.94,7.8137,-0.0563,4.7443
190.957,7.8137,-0.0563,4.7443
190.984,7.8137,-0.0563,4.7443
191.032,7.8137,-0.0563,4.7443
191.055,7.8136,-0.0563,4.7443
191.085,7.8136,-0.0563,4.7443
191.106,7.8136,-0.0563,4.7443
191.151,7.8137,-0.0562,4.7444
191.172,7.8136,-0.0563,4.7444
191.216,7.8136,-0.0563,4.7444
191.238,7.8136,-0.0562,4.7444
191.279,7.8137,-0.0563,4.7443
191.31,7.8137,-0.0563,4.7443
191.36,7.8137,-0.0562,4.7444
191.374,7.8137,-0.0562,4.7444
191.402,7.8137,-0.0561,4.7444
191.466,7.8137,-0.0561,4.7444
191.48,7.8138,-0.0561,4.7444
191.5,7.8138,-0.0561,4.7444
191.588,7.8138,-0.0561,4.7444
191.618,7.8137,-0.0561,4.7445
191.635,7.8138,-0.0561,4.7444
191.677,7.8137,-0.0561,4.7445
191.692,7.8137,-0.0561,4.7445
191.724,7.8136,-0.0561,4.7445
191.779,7.8137,-0.0561,4.7445
191.799,7.8136,-0.056,4.7445
191.824,7.8136,-0.0561,4.7445
191.856,7.8135,-0.0561,4.7446
191.879,7.8135,-0.0561,4.7446
191.916,7.8134,-0.0561,4.7446
191.95,7.8134,-0.0561,4.7446
191.979,7.8133,-0.0562,4.7446
192.019,7.8134,-0.0562,4.7446
192.052,7.8133,-0.0561,4.7447
192.09,7.8133,-0.0561,4.7447
192.116,7.8133,-0.0561,4.7447
192.137,7.8133,-0.0561,4.7447
192.174,7.8133,-0.0561,4.7447
192.252,7.8133,-0.0561,4.7447
192.29,7.8132,-0.0561,4.7448
192.307,7.8133,-0.0561,4.7447
192.336,7.8132,-0.056,4.7448
192.369,7.8132,-0.056,4.7448
192.402,7.8133,-0.0561,4.7447
192.441,7.8133,-0.0561,4.7447
192.444,7.8133,-0.0561,4.7447
192.467,7.8132,-0.056,4.7448
192.5,7.8133,-0.056,4.7447
192.543,7.8132,-0.056,4.7448
192.576,7.8132,-0.056,4.7448
192.596,7.8131,-0.0561,4.7448
192.628,7.813,-0.0561,4.7448
192.646,7.813,-0.0561,4.7448
192.684,7.813,-0.0561,4.7448
192.717,7.8131,-0.0561,4.7448
192.752,7.8131,-0.056,4.7448
192.813,7.8131,-0.056,4.7448
192.869,7.8131,-0.0561,4.7448
192.882,7.8131,-0.056,4.7448
192.928,7.813,-0.0561,4.7448
192.972,7.8129,-0.0561,4.7449
193.016,7.813,-0.0561,4.7449
193.049,7.8129,-0.0561,4.7449
193.073,7.8129,-0.0561,4.7449
193.114,7.813,-0.0561,4.7449
193.145,7.8129,-0.0561,4.7449
193.168,7.8129,-0.056,4.7449
193.194,7.8129,-0.056,4.745
193.212,7.8129,-0.056,4.745
193.238,7.8129,-0.056,4.745
193.273,7.8129,-0.056,4.745
193.305,7.8129,-0.056,4.745
193.349,7.813,-0.056,4.745
193.392,7.8129,-0.056,4.745
193.427,7.8129,-0.056,4.745
193.458,7.8129,-0.0559,4.7451
193.498,7.8129,-0.0559,4.7451
193.539,7.8129,-0.056,4.745
193.561,7.8129,-0.056,4.745
193.584,7.8128,-0.056,4.745
193.636,7.8128,-0.056,4.7451
193.657,7.8128,-0.0559,4.7451
193.68,7.8128,-0.0559,4.7451
193.711,7.8128,-0.0559,4.7451
193.747,7.8128,-0.0559,4.7451
193.768,7.8128,-0.0559,4.7451
193.806,7.8128,-0.056,4.7451
193.832,7.8128,-0.056,4.7451
193.866,7.8127,-0.056,4.7452
193.905,7.8126,-0.056,4.7452
193.938,7.8126,-0.056,4.7452
193.96,7.8125,-0.056,4.7452
193.989,7.8126,-0.056,4.7452
194.02,7.8125,-0.056,4.7452
194.057,7.8125,-0.056,4.7452
194.087,7.8125,-0.056,4.7453
194.131,7.8125,-0.056,4.7453
194.148,7.8125,-0.0559,4.7453
194.17,7.8125,-0.0559,4.7453
194.214,7.8125,-0.0559,4.7453
194.252,7.8125,-0.056,4.7452
194.279,7.8125,-0.056,4.7453
194.315,7.8125,-0.0559,4.7453
194.335,7.8125,-0.056,4.7453
194.375,7.8125,-0.0559,4.7453
194.418,7.8125,-0.0559,4.7453
194.471,7.8125,-0.0559,4.7453
194.506,7.8125,-0.0559,4.7453
194.542,7.8124,-0.0559,4.7454
194.576,7.8124,-0.0559,4.7454
194.601,7.8124,-0.0558,4.7455
194.675,7.8124,-0.0559,4.7454
194.697,7.8124,-0.0558,4.7454
194.741,7.8125,-0.0558,4.7454
194.762,7.8125,-0.0558,4.7454
194.779,7.8125,-0.0558,4.7454
194.835,7.8132,-0.0552,4.7454
194.862,7.813,-0.0556,4.7453
194.918,7.8129,-0.0557,4.7452
194.97,7.8136,-0.0574,4.7435
194.984,7.813,-0.0571,4.7441
195.04,7.8134,-0.0576,4.7434
195.07,7.8127,-0.0578,4.7437
195.098,7.8116,-0.0575,4.7445
195.127,7.8127,-0.0578,4.7437
195.172,7.8106,-0.0572,4.7454
195.196,7.8112,-0.0575,4.7448
195.231,7.8096,-0.0566,4.7464
195.249,7.81,-0.0568,4.746
195.263,7.8087,-0.0554,4.748
195.32,7.808,-0.0545,4.7491
195.334,7.8088,-0.0556,4.7478
195.391,7.8079,-0.0543,4.7494
195.398,7.8075,-0.0536,4.7501
195.422,7.8072,-0.053,4.7508
195.454,7.8073,-0.0532,4.7505
195.48,7.8068,-0.0525,4.7514
195.53,7.8068,-0.0525,4.7514
195.551,7.8066,-0.0525,4.7516
195.601,7.8066,-0.0525,4.7515
195.615,7.8066,-0.0526,4.7514
195.637,7.8066,-0.0524,4.7517
195.675,7.8066,-0.0527,4.7514
195.699,7.8064,-0.0513,4.7526
195.743,7.8066,-0.0529,4.7512
195.773,7.8072,-0.0513,4.7521
195.804,7.8072,-0.0513,4.7522
195.826,7.8082,-0.0522,4.7508
195.847,7.8088,-0.0509,4.7515
195.897,7.8085,-0.0513,4.7514
195.926,7.8095,-0.0502,4.7517
195.957,7.8093,-0.0504,4.7516
195.988,7.8104,-0.0497,4.7516
196.03,7.8103,-0.0497,4.7516
196.054,7.8113,-0.0495,4.7512
196.099,7.8112,-0.0495,4.7512
196.143,7.8121,-0.0497,4.7505
196.181,7.812,-0.0497,4.7506
196.212,7.8128,-0.0501,4.7499
196.231,7.8127,-0.05,4.75
196.275,7.8134,-0.0502,4.7494
196.283,7.8139,-0.0503,4.749
196.32,7.8134,-0.0502,4.7494
196.382,7.8144,-0.0504,4.7486
196.399,7.8142,-0.0504,4.7488
196.438,7.815,-0.0504,4.7483
196.451,7.8147,-0.0504,4.7485
196.47,7.8155,-0.0502,4.7481
196.541,7.8155,-0.0502,4.7481
196.562,7.8162,-0.0501,4.7478
196.596,7.816,-0.0502,4.7479
196.599,7.8165,-0.0501,4.7477
196.646,7.8165,-0.0501,4.7476
196.69,7.817,-0.05,4.7474
196.728,7.817,-0.05,4.7474
196.764,7.8176,-0.0501,4.747
196.799,7.8175,-0.0501,4.7471
196.824,7.8179,-0.0502,4.7468
196.847,7.8182,-0.0503,4.7465
196.866,7.8179,-0.0502,4.7468
196.913,7.8184,-0.0503,4.7464
196.938,7.8183,-0.0503,4.7464
196.998,7.8188,-0.0502,4.7462
197.016,7.8187,-0.0502,4.7462
197.021,7.819,-0.0501,4.7462
197.065,7.8192,-0.05,4.7462
197.078,7.819,-0.0501,4.7462
197.122,7.8194,-0.0498,4.7462
197.165,7.8193,-0.0499,4.7462
197.202,7.8196,-0.0498,4.7461
197.222,7.8196,-0.0498,4.7461
197.254,7.8198,-0.0497,4.746
197.267,7.82,-0.0498,4.7458
197.284,7.8198,-0.0497,4.746
197.33,7.8202,-0.0499,4.7457
197.361,7.8201,-0.0499,4.7457
197.395,7.8202,-0.05,4.7456
197.423,7.8202,-0.0499,4.7456
197.459,7.8204,-0.0501,4.7454
197.505,7.8204,-0.05,4.7454
197.511,7.8205,-0.0501,4.7453
197.558,7.8205,-0.0501,4.7453
197.575,7.8206,-0.0501,4.7452
197.597,7.8208,-0.0501,4.7451
197.627,7.8207,-0.0501,4.7452
197.654,7.821,-0.0501,4.745
197.712,7.8209,-0.0501,4.745
197.747,7.821,-0.0502,4.745
197.787,7.821,-0.0502,4.745
197.797,7.821,-0.0501,4.7449
197.837,7.8211,-0.05,4.745
197.858,7.821,-0.0501,4.745
197.902,7.8212,-0.0499,4.7451
197.918,7.8212,-0.05,4.745
197.966,7.8212,-0.0497,4.7452
197.984,7.8212,-0.0498,4.7451
198.03,7.8212,-0.0495,4.7454
198.064,7.8212,-0.0495,4.7453
198.087,7.8213,-0.0492,4.7456
198.12,7.8213,-0.0491,4.7456
198.131,7.8212,-0.0489,4.7458
198.154,7.8213,-0.0487,4.746
198.192,7.8213,-0.0487,4.7459
198.23,7.8212,-0.0485,4.7462
198.263,7.8212,-0.0485,4.7461
198.295,7.8213,-0.0484,4.7462
198.317,7.8213,-0.0484,4.7462
198.359,7.8213,-0.0484,4.7462
198.388,7.8213,-0.0484,4.7462
198.415,7.8213,-0.0484,4.7462
198.472,7.8213,-0.0485,4.7462
198.493,7.8213,-0.0485,4.7462
198.54,7.8211,-0.0494,4.7455
198.565,7.8211,-0.0492,4.7457
198.598,7.8205,-0.0484,4.7467
198.63,7.8206,-0.0485,4.7465
198.66,7.8206,-0.0477,4.7472
198.677,7.8211,-0.0464,4.748
198.712,7.8208,-0.0473,4.7474
198.77,7.8212,-0.0459,4.7482
198.812,7.8219,-0.0453,4.7484
198.854,7.8218,-0.0453,4.7484
198.877,7.8222,-0.0441,4.7491
198.915,7.8222,-0.0441,4.7491
198.977,7.82,-0.0461,4.7488
198.986,7.8209,-0.0457,4.7486
199.023,7.8198,-0.0446,4.7502
199.055,7.8199,-0.0453,4.7495
199.079,7.8194,-0.0417,4.7528
199.136,7.8194,-0.0419,4.7526
199.167,7.8193,-0.0389,4.755
199.188,7.8193,-0.0393,4.7547
199.224,7.82,-0.0379,4.7555
199.264,7.8199,-0.0381,4.7554
199.289,7.8208,-0.0374,4.7554
199.329,7.8208,-0.0374,4.7554
199.364,7.8213,-0.0365,4.7558
199.389,7.8212,-0.0367,4.7557
199.418,7.8214,-0.0358,4.7563
199.443,7.8216,-0.0352,4.7567
199.485,7.8214,-0.0358,4.7563
199.529,7.8217,-0.0347,4.757
199.557,7.8216,-0.0349,4.7569
199.581,7.8219,-0.0342,4.7573
199.613,7.8218,-0.0343,4.7573
199.638,7.8221,-0.0338,4.7575
199.675,7.8221,-0.0338,4.7575
199.699,7.8224,-0.0335,4.7576
199.741,7.8224,-0.0335,4.7576
199.772,7.8226,-0.0333,4.7577
199.824,7.8226,-0.0333,4.7577
199.83,7.8228,-0.0332,4.7576
199.848,7.823,-0.0331,4.7576
199.885,7.8228,-0.0332,4.7576
199.923,7.823,-0.0331,4.7576
199.967,7.823,-0.0331,4.7576
199.977,7.8232,-0.0331,4.7575
200.021,7.8232,-0.0331,4.7575
200.047,7.8232,-0.0332,4.7574
200.077,7.8232,-0.0333,4.7573
200.108,7.8232,-0.0332,4.7573
200.141,7.8232,-0.0334,4.7572
200.173,7.8231,-0.0334,4.7572
200.195,7.8231,-0.0335,4.7572
200.221,7.8231,-0.0336,4.7571
200.248,7.8231,-0.0335,4.7572
200.305,7.8231,-0.0336,4.7571
200.333,7.8232,-0.0335,4.7572
200.381,7.8232,-0.0335,4.7572
200.417,7.8232,-0.0334,4.7572
200.424,7.8232,-0.0334,4.7572
200.45,7.8232,-0.0334,4.7572
200.498,7.8231,-0.0335,4.7572
200.523,7.8231,-0.0335,4.7572
200.551,7.8226,-0.0351,4.7562
200.596,7.823,-0.0335,4.7572
200.619,7.8222,-0.0344,4.757
200.668,7.8222,-0.0344,4.757
200.685,7.8224,-0.0344,4.7569
200.722,7.8218,-0.0352,4.7566
200.741,7.8225,-0.0342,4.757
200.794,7.8233,-0.0321,4.7582
200.819,7.8227,-0.0334,4.7575
200.851,7.8236,-0.0313,4.7587
200.881,7.8235,-0.0314,4.7586
200.914,7.823,-0.0318,4.7586
200.948,7.8231,-0.0317,4.7586
200.979,7.8225,-0.0325,4.7583
201.011,7.8225,-0.0325,4.7584
201.054,7.822,-0.0327,4.7585
201.092,7.8221,-0.0327,4.7584
201.135,7.822,-0.0323,4.7588
201.174,7.822,-0.0323,4.7588
201.203,7.8221,-0.0323,4.7587
201.24,7.8221,-0.0323,4.7588
201.268,7.8221,-0.0325,4.7586
201.298,7.8221,-0.0325,4.7586
201.329,7.822,-0.0326,4.7586
201.36,7.822,-0.0326,4.7586
201.394,7.8221,-0.0324,4.7587
201.438,7.8221,-0.0324,4.7587
201.456,7.8221,-0.0324,4.7587
201.475,7.8221,-0.0325,4.7586
201.504,7.8221,-0.0324,4.7586
201.558,7.8221,-0.0325,4.7585
201.574,7.8221,-0.0325,4.7586
201.609,7.8214,-0.0333,4.7584
201.647,7.8221,-0.0325,4.7586
201.675,7.8226,-0.035,4.7563
201.682,7.8233,-0.0348,4.756
201.729,7.8231,-0.035,4.756
201.755,7.8228,-0.0338,4.7571
201.802,7.8228,-0.0343,4.7567
201.82,7.8231,-0.0331,4.7575
201.857,7.8231,-0.0332,4.7575
201.882,7.8228,-0.032,4.7586
201.896,7.8229,-0.0313,4.7591
201.923,7.8228,-0.0319,4.7587
202.005,7.8226,-0.0313,4.7592
202.053,7.8204,-0.0316,4.7603
202.074,7.8207,-0.0316,4.7602
202.117,7.8197,-0.0329,4.7596
202.147,7.8197,-0.0328,4.7597
202.191,7.8203,-0.036,4.7568
202.227,7.8203,-0.0359,4.7569
202.265,7.8224,-0.039,4.7532
202.282,7.8218,-0.038,4.7543
202.326,7.8242,-0.0402,4.7511
202.359,7.8237,-0.0399,4.7517
202.366,7.8259,-0.04,4.7503
202.44,7.8258,-0.04,4.7503
202.451,7.8267,-0.0404,4.7495
202.483,7.8267,-0.0404,4.7495
202.524,7.8289,-0.0402,4.7483
202.561,7.8289,-0.0402,4.7483
202.582,7.8299,-0.0428,4.7457
202.599,7.8314,-0.045,4.743
202.614,7.8302,-0.0431,4.7453
202.664,7.8316,-0.0454,4.7426
202.677,7.8317,-0.0456,4.7424
202.711,7.8308,-0.0469,4.7418
202.763,7.8309,-0.0467,4.7419
202.776,7.8304,-0.048,4.7412
202.835,7.8305,-0.048,4.7411
202.881,7.8293,-0.0478,4.742
202.908,7.8296,-0.0479,4.7417
202.949,7.8269,-0.0477,4.7435
202.971,7.8268,-0.0476,4.7436
203.016,7.8222,-0.047,4.7469
203.073,7.8227,-0.047,4.7465
203.09,7.8184,-0.0457,4.7501
203.115,7.8191,-0.0459,4.7495
203.137,7.8163,-0.0449,4.752
203.178,7.8148,-0.0445,4.7531
203.197,7.8163,-0.0449,4.7519
203.242,7.8138,-0.0444,4.7539
203.261,7.8144,-0.0444,4.7535
203.294,7.813,-0.0443,4.7544
203.33,7.8133,-0.0443,4.7542
203.365,7.8126,-0.0442,4.7548
203.415,7.8126,-0.0442,4.7547
203.427,7.8123,-0.0441,4.7549
203.474,7.8123,-0.0441,4.7549
203.508,7.8122,-0.0441,4.755
203.534,7.8122,-0.0441,4.755
203.562,7.812,-0.0441,4.7551
203.588,7.8118,-0.0441,4.7553
203.608,7.8119,-0.0441,4.7552
203.638,7.8116,-0.0441,4.7554
203.698,7.8117,-0.0441,4.7553
203.73,7.8115,-0.0441,4.7554
203.752,7.8115,-0.0441,4.7554
203.773,7.8114,-0.0441,4.7555
203.812,7.8114,-0.0441,4.7555
203.865,7.8115,-0.0441,4.7555
203.891,7.8115,-0.0441,4.7555
203.956,7.8114,-0.0441,4.7555
203.989,7.8114,-0.0441,4.7555
204.015,7.8112,-0.0441,4.7556
204.028,7.8113,-0.0441,4.7556
204.069,7.8118,-0.0443,4.7551
204.108,7.8118,-0.0443,4.7551
204.143,7.8109,-0.0435,4.7563
204.152,7.81,-0.0441,4.7564
204.182,7.8106,-0.0437,4.7563
204.228,7.81,-0.0437,4.7566
204.25,7.81,-0.0439,4.7565
204.285,7.8108,-0.0436,4.7562
204.331,7.8106,-0.0437,4.7563
204.376,7.8117,-0.044,4.7554
204.389,7.8116,-0.0438,4.7556
204.429,7.812,-0.0443,4.755
204.477,7.812,-0.0442,4.755
204.521,7.8112,-0.0444,4.7554
204.533,7.8116,-0.0445,4.7551
204.584,7.8109,-0.0446,4.7554
204.603,7.811,-0.0446,4.7554
204.628,7.8102,-0.045,4.7555
204.67,7.8101,-0.045,4.7555
204.692,7.8102,-0.0454,4.7551
204.731,7.8102,-0.0455,4.7551
204.747,7.8104,-0.0456,4.7549
204.761,7.8112,-0.0461,4.754
204.809,7.8109,-0.0459,4.7543
204.835,7.8122,-0.0463,4.7532
204.878,7.812,-0.0463,4.7534
204.89,7.8135,-0.0467,4.7522
204.933,7.8147,-0.0467,4.7514
204.958,7.8136,-0.0467,4.7521
205.007,7.8163,-0.0467,4.7505
205.02,7.8156,-0.0467,4.7509
205.049,7.8178,-0.0465,4.7497
205.091,7.8175,-0.0466,4.7499
205.109,7.8189,-0.0463,4.7493
205.139,7.8199,-0.0469,4.7482
205.159,7.8194,-0.0463,4.749
205.201,7.8194,-0.0498,4.7462
205.23,7.8196,-0.0495,4.7462
205.286,7.8193,-0.049,4.7469
205.296,7.8192,-0.0488,4.7471
205.317,7.8193,-0.0491,4.7468
205.374,7.8191,-0.0488,4.7471
205.403,7.8184,-0.0487,4.7477
205.441,7.8184,-0.0487,4.7477
205.471,7.8179,-0.0485,4.7481
205.503,7.8179,-0.0485,4.7481
205.535,7.8178,-0.0483,4.7483
205.552,7.8178,-0.0481,4.7485
205.584,7.8178,-0.0483,4.7483
205.63,7.8177,-0.048,4.7487
205.649,7.8178,-0.048,4.7486
205.687,7.8175,-0.0479,4.7488
205.742,7.8176,-0.0479,4.7488
205.773,7.8174,-0.0478,4.749
205.791,7.8174,-0.0478,4.7489
205.825,7.8174,-0.0478,4.749
205.893,7.8174,-0.0478,4.749
205.918,7.8174,-0.0476,4.7491
205.958,7.8174,-0.0476,4.7491
206.015,7.8173,-0.0475,4.7492
206.027,7.8174,-0.0475,4.7492
206.084,7.8173,-0.0475,4.7492
206.113,7.8171,-0.0475,4.7494
206.15,7.8171,-0.0475,4.7494
206.163,7.817,-0.0474,4.7495
206.216,7.817,-0.0474,4.7495
206.22,7.819,-0.0469,4.7487
206.251,7.8187,-0.047,4.7488
206.276,7.8189,-0.0469,4.7488
206.304,7.8181,-0.0475,4.7488
206.358,7.8181,-0.0475,4.7488
206.412,7.8177,-0.0487,4.7481
206.436,7.817,-0.0497,4.7476
206.463,7.8179,-0.0485,4.7481
206.512,7.8169,-0.0498,4.7476
206.539,7.816,-0.0503,4.7478
206.579,7.8159,-0.0503,4.7478
206.61,7.8153,-0.0498,4.7486
206.652,7.8152,-0.0497,4.7488
206.686,7.8158,-0.0485,4.7493
206.72,7.8156,-0.0487,4.7493
206.771,7.816,-0.0464,4.7509
206.785,7.816,-0.047,4.7504
206.823,7.8163,-0.0444,4.7523
206.863,7.8163,-0.0448,4.7521
206.888,7.8171,-0.042,4.7538
206.926,7.817,-0.0424,4.7536
206.957,7.8185,-0.0397,4.7549
206.988,7.8183,-0.04,4.7547
207.025,7.8205,-0.0373,4.7557
207.067,7.8204,-0.0374,4.7556
207.096,7.8227,-0.0353,4.756
207.126,7.8223,-0.0357,4.7559
207.147,7.824,-0.0346,4.7558
207.196,7.8239,-0.0346,4.7558
207.237,7.8262,-0.0328,4.756
207.259,7.8259,-0.0331,4.7559
207.278,7.8276,-0.0318,4.756
207.333,7.8277,-0.0317,4.756
207.347,7.8292,-0.0306,4.756
207.368,7.8292,-0.0312,4.7555
207.394,7.8297,-0.0302,4.756
207.431,7.8284,-0.0335,4.7541
207.463,7.8284,-0.033,4.7545
207.499,7.828,-0.0324,4.7552
207.534,7.8286,-0.0318,4.7553
207.567,7.828,-0.0324,4.7552
207.613,7.8298,-0.0311,4.7552
207.631,7.8294,-0.0313,4.7552
207.668,7.8311,-0.0308,4.7547
207.702,7.8305,-0.0309,4.755
207.753,7.8321,-0.0314,4.7536
207.771,7.8317,-0.0312,4.754
207.818,7.8328,-0.0331,4.7518
207.864,7.8326,-0.0328,4.7521
207.907,7.8338,-0.0366,4.7484
207.927,7.8335,-0.0353,4.7497
207.966,7.8348,-0.0395,4.7455
207.981,7.8342,-0.0378,4.7472
208.002,7.8364,-0.0425,4.7421
208.049,7.835,-0.0408,4.7443
208.083,7.8374,-0.042,4.7419
208.104,7.8366,-0.0418,4.7426
208.137,7.8385,-0.0393,4.7435
208.168,7.8384,-0.0395,4.7434
208.188,7.8392,-0.0372,4.7448
208.213,7.8406,-0.0361,4.7448
208.254,7.8398,-0.0365,4.745
208.29,7.8418,-0.0361,4.7441
208.328,7.8417,-0.0361,4.7442
208.361,7.8411,-0.0377,4.7433
208.398,7.8431,-0.0382,4.7417
208.437,7.8411,-0.0376,4.7433
208.479,7.8433,-0.0383,4.7414
208.508,7.8447,-0.039,4.7401
208.547,7.8448,-0.0389,4.7401
208.582,7.8491,-0.0374,4.7388
208.605,7.8478,-0.0379,4.7392
208.633,7.8515,-0.0342,4.74
208.68,7.8515,-0.0346,4.7397
208.705,7.8524,-0.0326,4.7408
208.73,7.8525,-0.0325,4.7408
208.755,7.8536,-0.032,4.7406
208.774,7.8539,-0.0318,4.7406
208.809,7.8536,-0.0321,4.7406
208.843,7.8546,-0.0304,4.7413
208.871,7.8544,-0.031,4.7409
208.895,7.8555,-0.0305,4.7407
208.93,7.8563,-0.0308,4.74
208.972,7.8556,-0.0305,4.7406
208.993,7.8567,-0.0311,4.7395
209.035,7.8565,-0.031,4.7397
209.074,7.857,-0.0311,4.7394
209.099,7.8569,-0.0311,4.7394
209.129,7.8573,-0.0309,4.7394
209.165,7.8573,-0.0309,4.7394
209.207,7.8575,-0.0306,4.7394
209.241,7.8575,-0.0307,4.7394
209.269,7.8577,-0.0307,4.7393
209.331,7.8577,-0.0307,4.7393
209.388,7.8579,-0.0308,4.739
209.4,7.8578,-0.0308,4.7391
209.435,7.8579,-0.0308,4.739
209.461,7.8579,-0.0308,4.739
209.497,7.858,-0.0308,4.739
209.515,7.858,-0.0308,4.739
209.546,7.8581,-0.0307,4.739
209.584,7.8581,-0.0308,4.739
209.604,7.8583,-0.0307,4.7389
209.624,7.8583,-0.0307,4.7389
209.645,7.8583,-0.0307,4.7389
209.687,7.8583,-0.0306,4.7389
209.712,7.8583,-0.0306,4.7389
209.739,7.8585,-0.0306,4.7389
209.788,7.8585,-0.0306,4.7389
209.808,7.8586,-0.0306,4.7388
209.862,7.8587,-0.0306,4.7388
209.89,7.8588,-0.0306,4.7387
209.908,7.8588,-0.0306,4.7387
209.956,7.8588,-0.0306,4.7387
209.982,7.8588,-0.0305,4.7387
210.01,7.8588,-0.0305,4.7387
210.029,7.8589,-0.0306,4.7387
210.077,7.8589,-0.0306,4.7387
210.086,7.8589,-0.0306,4.7386
210.121,7.859,-0.0306,4.7386
210.158,7.8589,-0.0306,4.7386
210.237,7.8591,-0.0306,4.7385
210.278,7.8591,-0.0306,4.7385
210.298,7.8591,-0.0306,4.7385
210.351,7.8592,-0.0307,4.7384
210.368,7.8592,-0.0307,4.7384
210.406,7.8599,-0.0312,4.7375
210.43,7.8599,-0.0308,4.7379
210.453,7.8613,-0.0327,4.7355
210.496,7.8618,-0.0328,4.7351
210.528,7.8656,-0.0335,4.7324
210.578,7.8654,-0.0334,4.7326
210.609,7.8698,-0.0342,4.7294
210.65,7.8692,-0.0341,4.7298
210.674,7.872,-0.0341,4.7281
210.691,7.8732,-0.0321,4.7292
210.713,7.8719,-0.0341,4.7282
210.763,7.8757,-0.0327,4.7271
210.785,7.8743,-0.0321,4.7285
210.834,7.876,-0.0318,4.7278
210.851,7.8762,-0.0321,4.7274
210.878,7.877,-0.0309,4.7278
210.917,7.8769,-0.031,4.7279
210.936,7.8779,-0.0305,4.7277
210.957,7.878,-0.031,4.7272
210.996,7.878,-0.0306,4.7276
211.041,7.8779,-0.0318,4.7267
211.069,7.878,-0.0314,4.7269
211.104,7.8778,-0.0325,4.7262
211.155,7.8778,-0.0325,4.7262
211.189,7.8778,-0.0332,4.7256
211.207,7.8777,-0.0331,4.7257
211.245,7.8783,-0.0334,4.7251
211.291,7.8781,-0.0333,4.7253
211.32,7.8786,-0.0335,4.7248
211.34,7.8786,-0.0335,4.7249
211.376,7.8789,-0.0336,4.7245
211.405,7.8789,-0.0336,4.7245
211.448,7.8792,-0.0339,4.7242
211.488,7.8792,-0.0339,4.7242
211.528,7.8795,-0.0342,4.7238
211.55,7.8795,-0.0341,4.7238
211.589,7.8797,-0.0341,4.7237
211.622,7.8797,-0.0341,4.7237
211.662,7.8799,-0.0341,4.7236
211.712,7.8799,-0.0341,4.7236
211.774,7.8801,-0.0343,4.7234
211.781,7.88,-0.0342,4.7234
211.835,7.8801,-0.0343,4.7233
211.873,7.88,-0.0345,4.7232
211.906,7.88,-0.0345,4.7232
211.92,7.88,-0.0346,4.7231
211.946,7.88,-0.0347,4.723
211.968,7.88,-0.0346,4.7231
212.014,7.8801,-0.0347,4.723
212.047,7.8801,-0.0347,4.723
212.076,7.8801,-0.0347,4.723
212.107,7.8802,-0.0348,4.7229
212.153,7.8801,-0.0348,4.7229
212.191,7.8802,-0.0349,4.7228
212.209,7.8802,-0.0348,4.7229
212.247,7.8801,-0.035,4.7228
212.274,7.8801,-0.0349,4.7228
212.299,7.8801,-0.035,4.7227
212.337,7.8801,-0.035,4.7228
212.379,7.8801,-0.0352,4.7226
212.416,7.8801,-0.0351,4.7226
212.457,7.88,-0.0353,4.7226
212.476,7.88,-0.0353,4.7226
212.522,7.88,-0.0353,4.7225
212.547,7.88,-0.0353,4.7225
212.586,7.8801,-0.0354,4.7224
212.589,7.8801,-0.0354,4.7224
212.614,7.8801,-0.0354,4.7224
212.66,7.8801,-0.0354,4.7224
212.678,7.8801,-0.0354,4.7224
212.711,7.88,-0.0355,4.7224
212.743,7.88,-0.0355,4.7224
212.773,7.8801,-0.0355,4.7224
212.824,7.8801,-0.0355,4.7224
212.828,7.8801,-0.0355,4.7223
212.858,7.8802,-0.0356,4.7223
212.875,7.8802,-0.0355,4.7223
212.913,7.8801,-0.0356,4.7223
212.947,7.8801,-0.0356,4.7223
212.966,7.8801,-0.0356,4.7223
213.049,7.8801,-0.0356,4.7223
213.064,7.8801,-0.0356,4.7222
213.081,7.8802,-0.0357,4.7221
213.099,7.8801,-0.0356,4.7222
213.138,7.8801,-0.0357,4.7221
213.166,7.8801,-0.0357,4.7222
213.187,7.8802,-0.0357,4.7221
213.221,7.8802,-0.0358,4.7221
213.26,7.8801,-0.0358,4.7221
213.299,7.8801,-0.0358,4.7221
213.326,7.8801,-0.0359,4.722
213.356,7.8801,-0.0358,4.7221
213.391,7.8801,-0.0358,4.7221
213.423,7.8801,-0.0358,4.7221
213.44,7.8801,-0.0358,4.7221
213.482,7.8802,-0.0359,4.722
213.516,7.8802,-0.0359,4.722
213.557,7.8802,-0.0359,4.722
213.586,7.8802,-0.0359,4.722
213.602,7.8801,-0.0359,4.722
213.635,7.8801,-0.0359,4.722
213.672,7.8801,-0.0359,4.7221
213.703,7.8801,-0.0354,4.7224
213.738,7.8802,-0.036,4.7219
213.764,7.8813,-0.0368,4.7206
213.802,7.8812,-0.0367,4.7207
213.834,7.8825,-0.0371,4.7196
213.852,7.8856,-0.0372,4.7178
213.877,7.8836,-0.0368,4.7193
213.912,7.8883,-0.0378,4.7158
213.95,7.8871,-0.0374,4.7167
213.993,7.8902,-0.0383,4.7142
214.014,7.89,-0.0382,4.7144
214.054,7.8911,-0.0391,4.7131
214.074,7.8911,-0.0393,4.7129
214.085,7.8911,-0.0391,4.7131
214.137,7.8907,-0.0394,4.713
214.154,7.891,-0.0394,4.7129
214.18,7.8899,-0.0394,4.7136
214.249,7.8902,-0.0395,4.7133
214.256,7.8892,-0.039,4.7142
214.292,7.8893,-0.0391,4.7141
214.323,7.8877,-0.0384,4.7156
214.37,7.888,-0.0385,4.7154
214.397,7.8866,-0.0372,4.7172
214.427,7.8866,-0.0372,4.7171
214.461,7.8864,-0.0352,4.7189
214.494,7.8864,-0.0352,4.719
214.518,7.8837,-0.0352,4.7205
214.547,7.8834,-0.037,4.7192
214.566,7.8832,-0.038,4.7185
214.601,7.8806,-0.0387,4.7195
214.64,7.882,-0.0374,4.7197
214.651,7.8799,-0.0406,4.7183
214.704,7.8798,-0.0406,4.7184
214.724,7.8792,-0.0415,4.7179
214.748,7.8809,-0.0425,4.7161
214.786,7.8805,-0.0412,4.7175
214.809,7.8842,-0.0452,4.7121
214.857,7.8829,-0.0445,4.7134
214.902,7.8861,-0.0459,4.7104
214.929,7.8858,-0.0459,4.7106
214.955,7.8879,-0.0483,4.7074
214.974,7.8901,-0.0499,4.7048
215.011,7.8883,-0.0486,4.7069
215.043,7.8919,-0.0509,4.7029
215.066,7.891,-0.0505,4.7038
215.106,7.8926,-0.0522,4.7015
215.139,7.8925,-0.0518,4.7019
215.167,7.8926,-0.0523,4.7015
215.201,7.8926,-0.0523,4.7014
215.227,7.8925,-0.0523,4.7015
215.247,7.8951,-0.0549,4.6979
215.285,7.8923,-0.0522,4.7016
215.326,7.8952,-0.055,4.6977
215.363,7.8952,-0.0547,4.698
215.383,7.8958,-0.0547,4.6976
215.419,7.8958,-0.0547,4.6976
215.456,7.896,-0.0522,4.6995
215.484,7.896,-0.0522,4.6995
215.502,7.8988,-0.0515,4.6985
215.527,7.9025,-0.0513,4.6965
215.563,7.9002,-0.0514,4.6978
215.599,7.9049,-0.0515,4.6949
215.627,7.9041,-0.0515,4.6954
215.656,7.9063,-0.0516,4.694
215.698,7.9062,-0.0516,4.6941
215.721,7.907,-0.0515,4.6938
215.748,7.9074,-0.0514,4.6936
215.764,7.9069,-0.0515,4.6938
215.822,7.9079,-0.0514,4.6933
215.846,7.9075,-0.0514,4.6935
215.897,7.9088,-0.0515,4.6928
215.923,7.9083,-0.0514,4.693
215.984,7.9097,-0.0514,4.6922
215.988,7.9093,-0.0514,4.6925
216.017,7.9102,-0.0514,4.6919
216.037,7.9101,-0.0515,4.692
216.069,7.9108,-0.0512,4.6918
216.118,7.9108,-0.0512,4.6918
216.153,7.9115,-0.0511,4.6915
216.19,7.9114,-0.0511,4.6915
216.248,7.9123,-0.0511,4.691
216.258,7.9121,-0.0511,4.6911
216.304,7.913,-0.0512,4.6905
216.337,7.9128,-0.0512,4.6906
216.368,7.9134,-0.0512,4.6903
216.415,7.9134,-0.0512,4.6903
216.468,7.9138,-0.0511,4.6901
216.487,7.9138,-0.0511,4.6901
216.533,7.914,-0.0509,4.6902
216.547,7.914,-0.0509,4.6902
216.573,7.9141,-0.0508,4.6902
216.617,7.9142,-0.0507,4.6902
216.645,7.9144,-0.0506,4.6902
216.673,7.9144,-0.0506,4.6903
216.699,7.9146,-0.0505,4.6902
216.731,7.9149,-0.0504,4.6901
216.747,7.9146,-0.0505,4.6902
216.772,7.915,-0.0504,4.69
216.828,7.9149,-0.0504,4.6901
216.863,7.9151,-0.0504,4.69
216.89,7.9151,-0.0504,4.69
216.931,7.9153,-0.0503,4.6899
216.938,7.9155,-0.0503,4.6899
216.966,7.9153,-0.0503,4.6899
217.002,7.9156,-0.0503,4.6898
217.035,7.9155,-0.0503,4.6898
217.06,7.9156,-0.0502,4.6899
217.094,7.9156,-0.0502,4.6899
217.115,7.9159,-0.05,4.6899
217.162,7.9159,-0.05,4.6899
217.186,7.9159,-0.0498,4.69
217.219,7.9159,-0.0495,4.6902
217.234,7.9159,-0.0497,4.6901
217.266,7.916,-0.0494,4.6903
217.304,7.9159,-0.0495,4.6903
217.329,7.9161,-0.0493,4.6903
217.373,7.9161,-0.0493,4.6903
217.405,7.9161,-0.0492,4.6903
217.447,7.9161,-0.0492,4.6903
217.484,7.9162,-0.0492,4.6904
217.491,7.9162,-0.0492,4.6903
217.525,7.9162,-0.0492,4.6904
217.582,7.9162,-0.0492,4.6903
217.616,7.9162,-0.0491,4.6904
217.684,7.9162,-0.0491,4.6904
217.703,7.9169,-0.049,4.6901
217.716,7.9166,-0.049,4.6902
217.767,7.9153,-0.0498,4.6904
217.778,7.9154,-0.0497,4.6903
217.807,7.9157,-0.0518,4.6884
217.865,7.9158,-0.0522,4.6881
217.868,7.9161,-0.0535,4.6869
217.89,7.9171,-0.0549,4.6851
217.929,7.9165,-0.0542,4.6861
217.97,7.9176,-0.058,4.6823
218.005,7.9176,-0.0578,4.6825
218.039,7.9195,-0.0606,4.6791
218.08,7.9193,-0.0603,4.6794
218.106,7.9229,-0.0618,4.6761
218.136,7.9227,-0.0617,4.6763
218.154,7.9234,-0.0624,4.6754
218.18,7.9239,-0.0619,4.6755
218.211,7.9237,-0.0622,4.6754
218.243,7.9242,-0.0615,4.6757
218.283,7.9242,-0.0615,4.6756
218.316,7.9245,-0.0615,4.6756
218.358,7.9244,-0.0614,4.6756
218.389,7.9244,-0.0618,4.6753
218.42,7.9244,-0.0618,4.6753
218.466,7.9242,-0.0623,4.6751
218.501,7.9241,-0.0623,4.675
218.532,7.9239,-0.0626,4.6749
218.567,7.9239,-0.0626,4.6749
218.604,7.924,-0.0628,4.6747
218.636,7.924,-0.0627,4.6748
218.667,7.9241,-0.0628,4.6746
218.698,7.9242,-0.0628,4.6746
218.735,7.9244,-0.0629,4.6744
218.786,7.9244,-0.0629,4.6744
218.82,7.9245,-0.0631,4.6742
218.844,7.9245,-0.063,4.6743
218.891,7.9245,-0.0632,4.6741
218.92,7.9245,-0.0632,4.6741
218.955,7.9245,-0.0632,4.6741
218.993,7.9245,-0.0632,4.6741
219.018,7.9244,-0.0633,4.6741
219.055,7.9244,-0.0633,4.6741
219.086,7.9244,-0.0634,4.674
219.124,7.9245,-0.0634,4.674
219.13,7.9245,-0.0636,4.6738
219.153,7.9246,-0.0638,4.6736
219.191,7.9245,-0.0636,4.6737
219.222,7.9247,-0.064,4.6734
219.263,7.9247,-0.0639,4.6734
219.302,7.9247,-0.0641,4.6732
219.349,7.9247,-0.0641,4.6732
219.378,7.9248,-0.0642,4.6732
219.413,7.9248,-0.0642,4.6732
219.449,7.9248,-0.0642,4.6731
219.479,7.9248,-0.0642,4.6731
219.504,7.9249,-0.0643,4.673
219.549,7.9249,-0.0643,4.673
219.582,7.9249,-0.0644,4.6729
219.614,7.9249,-0.0644,4.6729
219.646,7.9249,-0.0645,4.6728
219.68,7.9249,-0.0645,4.6728
219.716,7.9249,-0.0645,4.6728
219.734,7.9248,-0.0646,4.6728
219.754,7.9249,-0.0645,4.6728
219.787,7.9247,-0.0646,4.6728
219.826,7.9248,-0.0646,4.6728
219.864,7.9247,-0.0645,4.6729
219.89,7.9247,-0.0645,4.6729
219.903,7.9247,-0.0646,4.6729
219.947,7.9246,-0.0646,4.6729
219.958,7.9247,-0.0646,4.6729
219.994,7.9245,-0.0645,4.673
220.034,7.9246,-0.0646,4.6729
220.086,7.9245,-0.0646,4.6729
220.098,7.9245,-0.0646,4.673
220.133,7.9245,-0.0647,4.6729
220.172,7.9245,-0.0647,4.6729
220.203,7.9244,-0.0647,4.6729
220.222,7.9244,-0.0647,4.6729
220.247,7.9244,-0.0648,4.6729
220.286,7.9244,-0.0647,4.673
220.325,7.9244,-0.0647,4.673
220.359,7.9244,-0.0646,4.673
220.377,7.9244,-0.0646,4.673
220.4,7.9243,-0.0646,4.673
220.43,7.9243,-0.0646,4.6731
220.475,7.9243,-0.0646,4.6731
220.498,7.9242,-0.0646,4.6731
220.536,7.9242,-0.0646,4.6731
220.565,7.9242,-0.0647,4.6731
220.6,7.9242,-0.0647,4.6731
220.63,7.9242,-0.0647,4.673
220.656,7.9242,-0.0647,4.673
220.694,7.9241,-0.0648,4.673
220.732,7.9241,-0.0648,4.673
220.771,7.9241,-0.0647,4.6731
220.805,7.9241,-0.0647,4.6731
220.851,7.9241,-0.0647,4.6731
220.883,7.9241,-0.0647,4.6731
220.902,7.9241,-0.0647,4.6731
220.958,7.924,-0.0647,4.6731
220.982,7.924,-0.0647,4.6732
221.03,7.924,-0.0646,4.6732
221.07,7.924,-0.0646,4.6732
221.087,7.924,-0.0646,4.6732
221.119,7.924,-0.0647,4.6732
221.145,7.924,-0.0647,4.6732
221.163,7.924,-0.0646,4.6733
221.203,7.924,-0.0646,4.6733
221.219,7.9239,-0.0646,4.6733
221.244,7.924,-0.0646,4.6733
221.28,7.924,-0.0645,4.6733
221.322,7.9239,-0.0646,4.6733
221.365,7.9239,-0.0646,4.6733
221.407,7.9238,-0.0647,4.6733
221.436,7.9238,-0.0647,4.6733
221.453,7.9238,-0.0646,4.6733
221.508,7.9238,-0.0646,4.6733
221.52,7.9238,-0.0646,4.6733
221.555,7.9238,-0.0646,4.6733
221.574,7.9238,-0.0646,4.6733
221.602,7.9238,-0.0646,4.6734
221.634,7.9238,-0.0646,4.6733
221.671,7.9238,-0.0647,4.6733
221.718,7.9238,-0.0646,4.6733
221.729,7.924,-0.0644,4.6734
221.755,7.9246,-0.0661,4.6717
221.785,7.924,-0.0645,4.6733
221.822,7.9256,-0.067,4.6704
221.866,7.9256,-0.0667,4.6705
221.929,7.9265,-0.069,4.6682
221.937,7.9262,-0.0685,4.6688
221.974,7.9267,-0.0705,4.6669
222.019,7.9267,-0.0705,4.6669
222.07,7.926,-0.0718,4.6662
222.086,7.9262,-0.0715,4.6664
222.119,7.9252,-0.072,4.6665
222.138,7.9254,-0.072,4.6664
222.165,7.9245,-0.0719,4.667
222.193,7.9244,-0.0715,4.6674
222.21,7.9245,-0.072,4.667
222.246,7.9245,-0.0704,4.6682
222.278,7.9241,-0.071,4.6679
222.321,7.9237,-0.0678,4.6708
222.358,7.924,-0.069,4.6697
222.389,7.9217,-0.0673,4.6723
222.45,7.9218,-0.0673,4.6723
222.475,7.9205,-0.0662,4.674
222.501,7.9207,-0.0664,4.6737
222.532,7.9181,-0.0649,4.6764
222.569,7.9184,-0.0651,4.6761
222.603,7.9188,-0.067,4.6743
222.637,7.9186,-0.0667,4.6747
222.67,7.9187,-0.0739,4.6687
222.72,7.9188,-0.0733,4.6692
222.762,7.9198,-0.0766,4.6659
222.772,7.9198,-0.0756,4.6667
222.819,7.9196,-0.0802,4.663
222.834,7.9197,-0.0795,4.6636
222.85,7.9204,-0.0827,4.6606
222.882,7.9202,-0.0847,4.659
222.918,7.9205,-0.0836,4.6597
222.952,7.9197,-0.0855,4.6586
222.984,7.9198,-0.0853,4.6588
223.019,7.9191,-0.0857,4.6589
223.053,7.9191,-0.0856,4.6589
223.1,7.9187,-0.0853,4.6594
223.139,7.9187,-0.0854,4.6593
223.164,7.9195,-0.0852,4.659
223.198,7.9191,-0.0852,4.6592
223.23,7.9203,-0.0844,4.6592
223.273,7.9206,-0.0839,4.6594
223.291,7.9211,-0.0812,4.6614
223.334,7.921,-0.0814,4.6613
223.376,7.9231,-0.0817,4.6598
223.405,7.9226,-0.0815,4.6602
223.437,7.9214,-0.0848,4.6582
223.477,7.9215,-0.0843,4.6586
223.529,7.9215,-0.0893,4.6545
223.544,7.9214,-0.0883,4.6554
223.568,7.9214,-0.0907,4.6534
223.626,7.9215,-0.0904,4.6536
223.657,7.9216,-0.0922,4.6521
223.681,7.9215,-0.092,4.6523
223.713,7.9217,-0.0932,4.6512
223.758,7.9217,-0.0931,4.6513
223.779,7.9217,-0.0943,4.6503
223.817,7.9217,-0.0944,4.6502
223.857,7.9219,-0.0957,4.649
223.906,7.9219,-0.0956,4.6492
223.926,7.9221,-0.0965,4.6483
223.971,7.9221,-0.0966,4.6482
224.015,7.9224,-0.0978,4.647
224.055,7.9223,-0.0976,4.6473
224.072,7.9226,-0.0986,4.6463
224.087,7.9228,-0.0993,4.6456
224.107,7.9226,-0.0986,4.6463
224.149,7.923,-0.1,4.645
224.177,7.9228,-0.0995,4.6454
224.224,7.9231,-0.1005,4.6444
224.265,7.9231,-0.1003,4.6446
224.287,7.9234,-0.1014,4.6435
224.312,7.9234,-0.1012,4.6437
224.343,7.9235,-0.102,4.643
224.405,7.9235,-0.102,4.643
224.435,7.9235,-0.1027,4.6424
224.464,7.9235,-0.1026,4.6425
224.489,7.9234,-0.1031,4.6421
224.517,7.9235,-0.103,4.6422
224.537,7.9234,-0.1033,4.642
224.566,7.9235,-0.1036,4.6417
224.593,7.9234,-0.1034,4.6419
224.633,7.9237,-0.1038,4.6415
224.668,7.9236,-0.1037,4.6416
224.702,7.9238,-0.104,4.6412
224.759,7.9238,-0.1039,4.6413
224.794,7.924,-0.1044,4.6407
224.809,7.924,-0.1043,4.6409
224.839,7.924,-0.1047,4.6405
224.866,7.924,-0.1047,4.6405
224.917,7.9242,-0.105,4.6401
224.938,7.9242,-0.105,4.6402
224.974,7.9244,-0.1053,4.6398
225.049,7.9244,-0.1053,4.6398
225.06,7.9248,-0.1058,4.6392
225.084,7.9247,-0.1056,4.6394
225.125,7.9251,-0.1061,4.6387
225.139,7.925,-0.106,4.6388
225.168,7.9253,-0.1065,4.6383
225.201,7.9254,-0.1066,4.6381
225.231,7.9254,-0.1065,4.6383
225.274,7.9255,-0.1067,4.638
225.313,7.9255,-0.1067,4.6381
225.361,7.9256,-0.1068,4.6379
225.373,7.9255,-0.1068,4.6379
225.406,7.9257,-0.107,4.6376
225.422,7.9256,-0.1069,4.6377
225.449,7.9258,-0.1072,4.6375
225.486,7.9257,-0.1072,4.6375
225.512,7.926,-0.1074,4.6372
225.535,7.9261,-0.1075,4.637
225.575,7.926,-0.1074,4.6371
225.601,7.9262,-0.1076,4.6369
225.62,7.9262,-0.1076,4.6369
225.649,7.9262,-0.1076,4.6368
225.691,7.9262,-0.1076,4.6368
225.714,7.9262,-0.1076,4.6369
225.747,7.9262,-0.1076,4.6369
225.762,7.9263,-0.1076,4.6368
225.806,7.9265,-0.1076,4.6367
225.832,7.9264,-0.1076,4.6368
225.867,7.9266,-0.1077,4.6366
225.918,7.9266,-0.1076,4.6366
225.947,7.9264,-0.1061,4.6379
225.988,7.9265,-0.1061,4.6379
226.026,7.9252,-0.1067,4.6382
226.034,7.9251,-0.1081,4.6371
226.048,7.9251,-0.1067,4.6382
226.089,7.9244,-0.1082,4.6374
226.133,7.9247,-0.1082,4.6372
226.165,7.9235,-0.108,4.6381
226.209,7.9236,-0.108,4.6381
226.238,7.9216,-0.1082,4.639
226.271,7.9219,-0.1082,4.6389
226.303,7.9212,-0.1084,4.6391
226.343,7.9212,-0.1083,4.6392
226.364,7.9229,-0.1075,4.6388
226.382,7.9214,-0.1072,4.64
226.428,7.9221,-0.1074,4.6394
226.482,7.9215,-0.1075,4.6397
226.513,7.9215,-0.11,4.6376
226.563,7.9215,-0.1099,4.6377
226.609,7.9206,-0.1132,4.6355
226.634,7.9206,-0.1132,4.6355
226.689,7.9199,-0.1148,4.6346
226.712,7.9199,-0.1148,4.6347
226.75,7.9196,-0.1152,4.6345
226.763,7.9197,-0.1151,4.6345
226.807,7.9196,-0.1154,4.6344
226.842,7.9196,-0.1153,4.6344
226.861,7.9195,-0.1159,4.634
226.9,7.9195,-0.1159,4.634
226.928,7.9194,-0.1166,4.6335
226.979,7.9194,-0.1167,4.6335
227.003,7.9192,-0.1172,4.6331
227.023,7.919,-0.1175,4.633
227.031,7.9192,-0.1172,4.6331
227.067,7.9189,-0.1177,4.6329
227.113,7.919,-0.1177,4.6329
227.126,7.9189,-0.118,4.6327
227.165,7.9189,-0.118,4.6327
227.195,7.9188,-0.1183,4.6324
227.219,7.9186,-0.1186,4.6323
227.253,7.9188,-0.1183,4.6324
227.286,7.9184,-0.1188,4.6323
227.319,7.9185,-0.1187,4.6323
227.35,7.9183,-0.1189,4.6323
227.385,7.9183,-0.1189,4.6323
227.411,7.9182,-0.119,4.6322
227.453,7.9181,-0.1191,4.6322
227.467,7.9182,-0.119,4.6322
227.513,7.9181,-0.1191,4.6322
227.541,7.9181,-0.1191,4.6322
227.577,7.9181,-0.1191,4.6322
227.598,7.9181,-0.1191,4.6322
227.635,7.9181,-0.1193,4.6321
227.675,7.9181,-0.1193,4.6321
227.706,7.918,-0.1195,4.6319
227.733,7.918,-0.1195,4.632
227.776,7.9182,-0.1191,4.6321
227.818,7.9181,-0.1192,4.6321
227.824,7.9182,-0.1205,4.6311
227.85,7.9192,-0.1216,4.6296
227.872,7.9182,-0.121,4.6306
227.917,7.9178,-0.1226,4.6295
227.943,7.918,-0.1227,4.6294
227.976,7.9183,-0.1245,4.6277
228.026,7.9183,-0.1243,4.6279
228.074,7.9171,-0.1261,4.6271
228.102,7.9173,-0.1258,4.6272
228.144,7.9166,-0.1271,4.6266
228.163,7.9167,-0.127,4.6266
228.189,7.9166,-0.13,4.6243
228.225,7.9166,-0.1299,4.6243
228.247,7.9151,-0.1308,4.6244
228.272,7.9146,-0.1302,4.6252
228.304,7.9149,-0.1306,4.6247
228.335,7.9141,-0.1298,4.6258
228.386,7.9144,-0.13,4.6255
228.44,7.9138,-0.1294,4.6263
228.481,7.9133,-0.1281,4.6277
228.514,7.9134,-0.1283,4.6275
228.532,7.9133,-0.1268,4.6287
228.557,7.9134,-0.1258,4.6295
228.573,7.9133,-0.1268,4.6288
228.625,7.9138,-0.1247,4.6301
228.661,7.9135,-0.1255,4.6297
228.695,7.9143,-0.1221,4.632
228.723,7.9141,-0.1231,4.6313
228.749,7.9146,-0.1209,4.6328
228.789,7.9146,-0.1209,4.6328
228.823,7.9147,-0.1243,4.63
228.865,7.9147,-0.1243,4.63
228.885,7.9151,-0.1268,4.6277
228.925,7.9151,-0.1274,4.6272
228.967,7.9157,-0.129,4.6256
229.007,7.9157,-0.1289,4.6257
229.043,7.9163,-0.1278,4.6262
229.081,7.9162,-0.128,4.6261
229.105,7.9168,-0.1271,4.6265
229.141,7.9168,-0.1271,4.6265
229.174,7.9173,-0.1272,4.6261
229.209,7.9172,-0.1272,4.6261
229.242,7.9174,-0.1278,4.6256
229.284,7.9174,-0.1278,4.6256
229.307,7.9173,-0.1283,4.6252
229.358,7.9173,-0.1283,4.6252
229.373,7.9174,-0.1285,4.625
229.407,7.9174,-0.1286,4.6249
229.421,7.9174,-0.1285,4.625
229.458,7.9175,-0.1287,4.6248
229.483,7.9174,-0.1286,4.6249
229.515,7.9176,-0.1288,4.6246
229.567,7.9175,-0.1288,4.6247
229.597,7.9175,-0.129,4.6246
229.625,7.9175,-0.1289,4.6246
229.656,7.9175,-0.129,4.6245
229.7,7.9175,-0.129,4.6245
229.732,7.9175,-0.129,4.6245
229.761,7.9175,-0.129,4.6245
229.797,7.9176,-0.1291,4.6244
229.83,7.9177,-0.1291,4.6243
229.851,7.9176,-0.1291,4.6244
229.878,7.9186,-0.1298,4.6233
229.909,7.9178,-0.1291,4.6243
229.94,7.9166,-0.13,4.6242
229.973,7.9173,-0.1297,4.6241
230.009,7.9163,-0.1307,4.6238
230.035,7.9151,-0.1322,4.6233
230.058,7.9164,-0.1307,4.6238
230.091,7.9139,-0.1347,4.622
230.116,7.9148,-0.1326,4.6232
230.147,7.9135,-0.1375,4.62
230.193,7.9135,-0.1364,4.6208
230.213,7.9129,-0.1396,4.6187
230.264,7.9131,-0.1409,4.6175
230.278,7.9138,-0.1433,4.6151
230.329,7.9135,-0.1438,4.6148
230.331,7.9133,-0.1434,4.6153
230.367,7.9139,-0.1453,4.6134
230.413,7.9136,-0.1449,4.6139
230.439,7.9145,-0.1453,4.6131
230.471,7.9144,-0.1453,4.6131
230.509,7.9146,-0.1446,4.6136
230.547,7.9146,-0.1447,4.6135
230.573,7.9143,-0.144,4.6142
230.611,7.9143,-0.144,4.6142
230.633,7.9137,-0.1439,4.6146
230.654,7.9136,-0.1442,4.6145
230.684,7.9137,-0.144,4.6146
230.723,7.9133,-0.1446,4.6144
230.748,7.9134,-0.1444,4.6144
230.776,7.913,-0.145,4.6142
230.828,7.913,-0.1449,4.6142
230.86,7.9127,-0.1453,4.6141
230.909,7.9127,-0.1454,4.6141
230.937,7.9121,-0.1458,4.6141
230.985,7.9122,-0.1457,4.6141
231.042,7.9118,-0.1457,4.6143
231.054,7.9119,-0.1457,4.6142
231.093,7.9116,-0.1455,4.6146
231.104,7.9117,-0.1456,4.6145
231.138,7.9115,-0.1454,4.6147
231.165,7.9115,-0.1455,4.6147
231.189,7.9114,-0.1454,4.6148
231.211,7.9113,-0.1453,4.6149
231.259,7.9114,-0.1454,4.6148
231.322,7.9112,-0.1452,4.6151
231.339,7.9113,-0.1453,4.615
231.402,7.9112,-0.1452,4.6151
231.43,7.9109,-0.1452,4.6152
231.452,7.911,-0.1452,4.6152
231.49,7.9108,-0.1452,4.6153
231.534,7.9109,-0.1452,4.6152
231.55,7.9108,-0.1452,4.6153
231.573,7.9108,-0.1451,4.6153
231.613,7.9108,-0.1452,4.6153
231.653,7.9108,-0.1452,4.6153
231.658,7.9108,-0.1452,4.6153
231.69,7.9108,-0.1452,4.6153
231.735,7.9108,-0.1452,4.6153
231.764,7.9112,-0.1453,4.615
231.792,7.9115,-0.1452,4.6148
231.826,7.91,-0.1462,4.615
231.853,7.9102,-0.1473,4.6139
231.869,7.9102,-0.146,4.615
231.913,7.909,-0.1486,4.6135
231.951,7.9095,-0.1478,4.6139
231.975,7.9082,-0.1498,4.613
232.018,7.9083,-0.1497,4.6131
232.048,7.9072,-0.1511,4.6127
232.119,7.9073,-0.151,4.6126
232.14,7.9071,-0.1521,4.6118
232.151,7.9072,-0.1519,4.612
232.193,7.9074,-0.1526,4.6113
232.227,7.9074,-0.1525,4.6114
232.26,7.909,-0.1502,4.6123
232.291,7.9093,-0.1498,4.6124
232.315,7.909,-0.1501,4.6123
232.341,7.9102,-0.1522,4.61
232.388,7.9099,-0.1506,4.6114
232.417,7.9089,-0.1545,4.6089
232.435,7.9095,-0.1534,4.6094
232.467,7.9079,-0.1564,4.6079
232.511,7.9081,-0.156,4.6081
232.551,7.9052,-0.1555,4.6102
232.58,7.9062,-0.1556,4.6096
232.605,7.9031,-0.1561,4.611
232.645,7.9034,-0.1558,4.611
232.664,7.9007,-0.1586,4.6104
232.679,7.9,-0.1576,4.6116
232.728,7.9006,-0.1586,4.6104
232.776,7.9015,-0.1561,4.6119
232.799,7.9006,-0.1552,4.6131
232.839,7.9029,-0.1571,4.6103
232.869,7.9005,-0.1551,4.6133
232.896,7.9066,-0.156,4.609
232.915,7.905,-0.1568,4.6093
232.947,7.9034,-0.1559,4.611
232.986,7.9042,-0.1554,4.6109
233.022,7.9038,-0.1552,4.6113
233.051,7.9047,-0.1553,4.6106
233.084,7.9038,-0.1552,4.6113
233.138,7.9045,-0.1552,4.6109
233.173,7.9033,-0.1532,4.6132
233.199,7.9036,-0.1537,4.6127
233.242,7.9005,-0.1526,4.6153
233.286,7.901,-0.1526,4.6151
233.326,7.8968,-0.1542,4.6162
233.35,7.8977,-0.1537,4.6161
233.386,7.8949,-0.1554,4.6164
233.403,7.8952,-0.1552,4.6163
233.446,7.8943,-0.1592,4.6137
233.469,7.8944,-0.1594,4.6134
233.488,7.8944,-0.1621,4.6112
233.514,7.8949,-0.1645,4.609
233.546,7.8947,-0.1632,4.6101
233.586,7.8947,-0.1658,4.6081
233.618,7.8948,-0.1656,4.6082
233.639,7.8947,-0.1662,4.6077
233.679,7.8947,-0.1662,4.6077
233.717,7.8948,-0.1662,4.6077
233.739,7.8947,-0.1663,4.6077
233.78,7.8948,-0.1662,4.6077
233.807,7.8945,-0.1665,4.6076
233.827,7.8946,-0.1663,4.6077
233.858,7.8944,-0.167,4.6073
233.905,7.8944,-0.1669,4.6073
233.916,7.8943,-0.1676,4.6069
233.952,7.8943,-0.1681,4.6065
233.985,7.8943,-0.1676,4.6069
234.04,7.8943,-0.1682,4.6064
234.074,7.8945,-0.1686,4.6059
234.11,7.8945,-0.1686,4.606
234.147,7.8947,-0.1691,4.6055
234.176,7.8947,-0.169,4.6055
234.207,7.8948,-0.1695,4.6051
234.229,7.8948,-0.1698,4.6048
234.263,7.8948,-0.1695,4.6051
234.311,7.8949,-0.1701,4.6045
234.339,7.8949,-0.17,4.6046
234.345,7.895,-0.1704,4.6042
234.385,7.895,-0.1703,4.6043
234.417,7.8951,-0.1707,4.6039
234.448,7.8952,-0.171,4.6036
234.463,7.8951,-0.1707,4.6039
234.5,7.8954,-0.1712,4.6033
234.543,7.8953,-0.171,4.6035
234.571,7.8955,-0.1715,4.603
234.603,7.8955,-0.1714,4.6032
234.633,7.8956,-0.1718,4.6027
234.681,7.8956,-0.1718,4.6027
234.713,7.8957,-0.172,4.6025
234.765,7.8956,-0.172,4.6026
234.795,7.8958,-0.1722,4.6023
234.818,7.8957,-0.1721,4.6024
234.846,7.8963,-0.1734,4.601
234.89,7.8963,-0.1734,4.601
234.927,7.895,-0.1733,4.6019
234.963,7.8954,-0.1729,4.602
234.991,7.8934,-0.1739,4.6024
235.018,7.8921,-0.174,4.603
235.041,7.893,-0.1739,4.6026
235.07,7.8909,-0.1742,4.6036
235.109,7.8913,-0.1735,4.6039
235.137,7.892,-0.1741,4.6029
235.174,7.8917,-0.1744,4.6029
235.206,7.892,-0.1741,4.6029
235.244,7.8923,-0.174,4.6029
235.283,7.892,-0.174,4.6031
235.317,7.892,-0.174,4.603
235.356,7.892,-0.1738,4.6032
235.384,7.892,-0.1738,4.6032
235.413,7.8922,-0.1736,4.6033
235.428,7.8922,-0.1735,4.6033
235.451,7.8922,-0.1736,4.6033
235.481,7.8921,-0.1735,4.6034
235.526,7.8922,-0.1735,4.6034
235.568,7.8921,-0.1737,4.6033
235.595,7.8921,-0.1736,4.6033
235.643,7.892,-0.1739,4.6032
235.674,7.892,-0.1738,4.6032
235.705,7.8921,-0.1741,4.6029
235.737,7.8921,-0.1741,4.6029
235.782,7.8922,-0.1743,4.6027
235.823,7.8922,-0.1743,4.6027
235.853,7.8923,-0.1746,4.6024
235.876,7.8923,-0.1745,4.6025
235.929,7.8923,-0.1748,4.6023
235.962,7.8923,-0.1747,4.6023
236.003,7.8924,-0.1749,4.6021
236.048,7.8924,-0.1749,4.6021
236.06,7.8925,-0.1752,4.6019
236.093,7.8924,-0.1751,4.6019
236.128,7.8925,-0.1753,4.6017
236.163,7.8925,-0.1753,4.6017
236.197,7.8926,-0.1754,4.6016
236.224,7.8926,-0.1754,4.6016
236.255,7.8926,-0.1756,4.6014
236.281,7.8926,-0.1755,4.6015
236.301,7.8927,-0.1756,4.6014
236.323,7.8929,-0.1756,4.6012
236.356,7.8928,-0.1756,4.6013
236.391,7.893,-0.1757,4.6011
236.427,7.893,-0.1757,4.6011
236.465,7.8932,-0.1758,4.6009
236.504,7.8932,-0.1758,4.6009
236.521,7.8933,-0.1758,4.6008
236.553,7.8934,-0.1758,4.6008
236.572,7.8933,-0.1758,4.6008
236.607,7.8935,-0.1759,4.6007
236.641,7.8934,-0.1758,4.6008
236.675,7.8935,-0.1759,4.6006
236.708,7.8935,-0.1759,4.6006
236.729,7.8936,-0.1759,4.6006
236.778,7.8936,-0.1759,4.6006
236.805,7.8936,-0.176,4.6005
236.822,7.8936,-0.1761,4.6004
236.859,7.8936,-0.176,4.6005
236.903,7.8936,-0.1762,4.6004
236.949,7.8936,-0.1762,4.6004
236.973,7.8934,-0.1763,4.6004
237.009,7.8934,-0.1763,4.6004
237.042,7.8933,-0.1763,4.6004
237.064,7.8934,-0.1763,4.6004
237.103,7.8934,-0.1764,4.6003
237.131,7.8934,-0.1765,4.6003
237.165,7.8934,-0.1767,4.6001
237.182,7.8933,-0.1768,4.6
237.214,7.8934,-0.1767,4.6001
237.25,7.8934,-0.177,4.5999
237.278,7.8933,-0.1769,4.5999
237.313,7.8935,-0.1771,4.5997
237.344,7.8935,-0.177,4.5998
237.368,7.8935,-0.1771,4.5996
237.421,7.8935,-0.1772,4.5996
237.443,7.8936,-0.1772,4.5995
237.483,7.8936,-0.1772,4.5995
237.5,7.8936,-0.1773,4.5995
237.543,7.8936,-0.1773,4.5995
237.558,7.8936,-0.1773,4.5994
237.582,7.8937,-0.1774,4.5994
237.631,7.8936,-0.1773,4.5994
237.658,7.8937,-0.1774,4.5994
237.69,7.8937,-0.1773,4.5994
237.738,7.8934,-0.1771,4.5998
237.77,7.8937,-0.1772,4.5995
237.776,7.893,-0.1783,4.599
237.866,7.8929,-0.1784,4.599
237.871,7.8908,-0.1792,4.5996
237.909,7.8907,-0.1792,4.5996
237.95,7.8898,-0.1789,4.6004
237.975,7.8898,-0.179,4.6003
238.003,7.8895,-0.1788,4.6007
238.039,7.8895,-0.1787,4.6007
238.066,7.8895,-0.1787,4.6008
238.082,7.8898,-0.1798,4.5997
238.11,7.8895,-0.1788,4.6007
238.166,7.8884,-0.1816,4.5991
238.199,7.889,-0.1808,4.5994
238.227,7.8864,-0.1851,4.5974
238.257,7.8867,-0.1843,4.5979
238.287,7.8848,-0.1872,4.5967
238.307,7.8832,-0.1892,4.596
238.331,7.8846,-0.1875,4.5966
238.366,7.8821,-0.1898,4.5962
238.402,7.8829,-0.19,4.5956
238.431,7.8852,-0.1903,4.594
238.467,7.8846,-0.1902,4.5944
238.504,7.8859,-0.1905,4.5934
238.534,7.8842,-0.1914,4.5936
238.556,7.8858,-0.1904,4.5935
238.6,7.8806,-0.1931,4.5944
238.622,7.8834,-0.1919,4.5938
238.66,7.8783,-0.1946,4.5947
238.679,7.8794,-0.1939,4.5945
238.723,7.876,-0.1944,4.5961
238.753,7.8761,-0.1944,4.596
238.784,7.8745,-0.1923,4.5987
238.82,7.8726,-0.1896,4.602
238.849,7.8746,-0.1927,4.5984
238.867,7.8706,-0.1875,4.6049
238.913,7.8723,-0.1895,4.6023
238.933,7.8692,-0.1849,4.6078
238.958,7.87,-0.1858,4.6067
238.977,7.8675,-0.1836,4.6099
239.016,7.8677,-0.1836,4.6097
239.073,7.8658,-0.1812,4.6128
239.108,7.8661,-0.1817,4.6122
239.139,7.8647,-0.1774,4.6165
239.172,7.8649,-0.1783,4.6157
239.197,7.8656,-0.1749,4.618
239.235,7.8657,-0.1749,4.618
239.245,7.8666,-0.1754,4.617
239.271,7.8691,-0.1742,4.6165
239.319,7.8694,-0.1743,4.6163
239.367,7.8678,-0.1748,4.6168
239.377,7.8684,-0.1743,4.6168
239.428,7.865,-0.1735,4.6195
239.466,7.865,-0.1735,4.6194
239.496,7.8622,-0.175,4.6199
239.522,7.8626,-0.1748,4.6199
239.536,7.8594,-0.1753,4.6214
239.589,7.8591,-0.1755,4.6214
239.62,7.858,-0.1764,4.6213
239.639,7.8575,-0.1774,4.6209
239.671,7.858,-0.1764,4.6213
239.751,7.8573,-0.1779,4.6205
239.768,7.8565,-0.1792,4.62
239.826,7.8566,-0.1792,4.62
239.846,7.8557,-0.18,4.6198
239.885,7.8559,-0.1798,4.6198
239.931,7.855,-0.1808,4.6196
239.97,7.8551,-0.1807,4.6196
239.998,7.8546,-0.1818,4.6191
240.012,7.8547,-0.1815,4.6192
240.059,7.8544,-0.1821,4.6188
240.091,7.8545,-0.1821,4.6189
240.102,7.8542,-0.1827,4.6185
240.137,7.8542,-0.1828,4.6184
240.162,7.8541,-0.1831,4.6183
240.18,7.8539,-0.1835,4.6181
240.213,7.8539,-0.1833,4.6182
240.234,7.8536,-0.1838,4.618
240.279,7.8536,-0.1838,4.618
240.308,7.8531,-0.184,4.6181
240.333,7.8527,-0.1843,4.6182
240.364,7.8531,-0.1841,4.6181
240.4,7.8524,-0.1846,4.6181
240.431,7.8525,-0.1844,4.6182
240.461,7.8522,-0.1849,4.6179
240.495,7.8522,-0.1849,4.618
240.539,7.8521,-0.1855,4.6176
240.571,7.8521,-0.1855,4.6176
240.597,7.852,-0.1858,4.6174
240.62,7.8519,-0.1859,4.6173
240.667,7.852,-0.1858,4.6174
240.72,7.8519,-0.186,4.6173
240.732,7.8518,-0.1862,4.6172
240.761,7.8518,-0.1863,4.6171
240.784,7.8518,-0.1862,4.6172
240.817,7.8518,-0.1865,4.6169
240.854,7.8518,-0.1864,4.617
240.895,7.8518,-0.1866,4.6168
240.929,7.8518,-0.1868,4.6167
240.943,7.8518,-0.1866,4.6169
241.018,7.8518,-0.1868,4.6167
241.025,7.8523,-0.1862,4.6168
241.037,7.8521,-0.1848,4.6181
241.083,7.8522,-0.1862,4.617
241.116,7.8508,-0.1839,4.6196
241.139,7.8515,-0.1844,4.6188
241.184,7.8487,-0.1822,4.6222
241.232,7.8488,-0.1823,4.622
241.24,7.846,-0.1805,4.6252
241.272,7.8456,-0.1804,4.6255
241.287,7.8441,-0.1785,4.6279
241.322,7.8413,-0.1781,4.6299
241.346,7.8418,-0.1783,4.6295
241.387,7.8409,-0.1773,4.6308
241.413,7.8411,-0.1774,4.6307
241.447,7.8404,-0.1777,4.6308
241.472,7.8404,-0.1777,4.6308
241.511,7.8406,-0.1785,4.6301
241.557,7.8406,-0.1786,4.63
241.588,7.8414,-0.179,4.6292
241.626,7.8413,-0.1789,4.6293
241.661,7.8418,-0.1791,4.6288
241.689,7.8417,-0.1791,4.6289
241.725,7.8418,-0.1791,4.6289
241.739,7.8417,-0.179,4.629
241.771,7.8418,-0.1791,4.6289
241.833,7.8416,-0.179,4.629
241.862,7.8416,-0.1791,4.629
241.894,7.8416,-0.1791,4.629
241.908,7.8416,-0.1792,4.6289
241.941,7.8417,-0.1792,4.6288
241.961,7.8417,-0.1792,4.6289
241.998,7.8416,-0.1793,4.6288
242.042,7.8417,-0.1792,4.6288
242.075,7.8415,-0.1793,4.6289
242.124,7.8415,-0.1793,4.6289
242.133,7.8414,-0.1794,4.6289
242.173,7.8411,-0.1795,4.629
242.186,7.8413,-0.1794,4.6289
242.211,7.841,-0.1794,4.629
242.254,7.8411,-0.1794,4.629
242.289,7.841,-0.1795,4.629
242.332,7.841,-0.1795,4.629
242.359,7.841,-0.1796,4.6289
242.395,7.841,-0.1796,4.6289
242.432,7.8409,-0.1797,4.6289
242.466,7.8409,-0.1797,4.6289
242.497,7.8409,-0.1797,4.6289
242.529,7.8409,-0.1797,4.6289
242.562,7.8408,-0.1799,4.6288
242.599,7.8408,-0.1799,4.6288
242.628,7.8408,-0.1801,4.6286
242.664,7.8408,-0.1801,4.6286
242.681,7.8407,-0.1802,4.6286
242.706,7.8407,-0.1801,4.6286
242.726,7.8408,-0.1802,4.6286
242.763,7.8406,-0.18,4.6288
242.797,7.8406,-0.1801,4.6288
242.818,7.8403,-0.18,4.629
242.878,7.8403,-0.18,4.6291
242.903,7.8401,-0.1799,4.6292
242.946,7.8401,-0.1799,4.6292
242.962,7.8399,-0.1798,4.6295
242.989,7.8397,-0.1798,4.6295
243.027,7.8398,-0.1798,4.6295
243.067,7.8397,-0.1798,4.6296
243.098,7.8397,-0.1798,4.6296
243.131,7.8396,-0.1798,4.6296
243.163,7.8396,-0.1798,4.6296
243.2,7.8395,-0.1799,4.6296
243.23,7.8395,-0.1799,4.6296
243.238,7.8395,-0.18,4.6295
243.268,7.8395,-0.1799,4.6296
243.306,7.8395,-0.18,4.6295
243.342,7.8393,-0.18,4.6296
243.38,7.8394,-0.18,4.6296
243.41,7.8393,-0.18,4.6296
243.429,7.8394,-0.18,4.6296
243.459,7.8393,-0.18,4.6296
243.503,7.8394,-0.18,4.6296
243.533,7.8394,-0.1801,4.6295
243.547,7.8393,-0.1801,4.6295
243.572,7.8393,-0.1801,4.6295
243.597,7.8393,-0.1801,4.6295
243.659,7.8393,-0.1801,4.6295
243.69,7.8393,-0.1801,4.6295
243.73,7.8393,-0.1801,4.6295
243.76,7.8396,-0.1789,4.6303
243.794,7.8395,-0.1792,4.6302
243.813,7.8398,-0.1788,4.6303
243.836,7.8392,-0.177,4.6321
243.879,7.8397,-0.1783,4.6308
243.927,7.8389,-0.1754,4.6336
243.937,7.839,-0.1761,4.6329
244.0,7.8386,-0.1743,4.6346
244.022,7.8386,-0.1744,4.6346
244.042,7.8386,-0.1737,4.6351
244.082,7.8386,-0.1737,4.6351
244.111,7.8391,-0.1733,4.6351
244.14,7.839,-0.1734,4.6351
244.187,7.8396,-0.1732,4.6349
244.196,7.8402,-0.1731,4.6346
244.216,7.8396,-0.1732,4.6349
244.254,7.8406,-0.1733,4.6342
244.285,7.8404,-0.1732,4.6345
244.314,7.8419,-0.1736,4.6332
244.352,7.8414,-0.1735,4.6336
244.386,7.8422,-0.1736,4.633
244.404,7.8419,-0.1731,4.6337
244.445,7.8422,-0.1736,4.633
244.489,7.8414,-0.1728,4.6341
244.521,7.8379,-0.1725,4.6365
244.565,7.8373,-0.1724,4.6369
244.617,7.8328,-0.1727,4.6393
244.664,7.8335,-0.1726,4.639
244.679,7.8322,-0.1741,4.6386
244.704,7.8324,-0.1745,4.6382
244.709,7.8329,-0.1783,4.6348
244.739,7.8321,-0.1796,4.6343
244.76,7.8331,-0.1792,4.6339
244.785,7.8303,-0.1761,4.6382
244.831,7.8306,-0.1777,4.6366
244.861,7.8274,-0.1719,4.6433
244.907,7.8273,-0.1716,4.6436
244.925,7.8267,-0.1696,4.6455
244.952,7.8268,-0.1649,4.6492
244.996,7.8267,-0.1675,4.6472
245.045,7.8272,-0.1617,4.6515
245.07,7.8272,-0.1629,4.6506
245.106,7.8286,-0.1605,4.6517
245.125,7.8282,-0.1608,4.6516
245.173,7.8304,-0.1605,4.6506
245.203,7.8299,-0.1605,4.6509
245.237,7.8322,-0.1612,4.6489
245.259,7.8319,-0.1611,4.6492
245.279,7.8349,-0.1606,4.6478
245.303,7.8372,-0.1609,4.6462
245.327,7.8352,-0.1603,4.6478
245.363,7.8397,-0.1608,4.6448
245.422,7.8386,-0.1611,4.6452
245.462,7.8426,-0.1579,4.6454
245.474,7.8424,-0.1585,4.645
245.531,7.8444,-0.1549,4.6467
245.542,7.8443,-0.1563,4.6457
245.559,7.8431,-0.152,4.6498
245.606,7.8432,-0.1519,4.6498
245.657,7.8419,-0.1495,4.6525
245.691,7.8414,-0.1463,4.6554
245.709,7.8421,-0.1496,4.6523
245.764,7.8411,-0.146,4.6559
245.768,7.8399,-0.1443,4.6579
245.782,7.8387,-0.1441,4.6588
245.827,7.8391,-0.1441,4.6585
245.85,7.8373,-0.1444,4.6594
245.908,7.8372,-0.1444,4.6594
245.935,7.8357,-0.1446,4.6602
245.978,7.8359,-0.1446,4.66
246.006,7.8346,-0.1443,4.661
246.035,7.8347,-0.1444,4.6609
246.072,7.8339,-0.144,4.6617
246.099,7.8333,-0.1439,4.6621
246.13,7.8339,-0.144,4.6617
246.178,7.8332,-0.1439,4.6622
246.192,7.8328,-0.1439,4.6625
246.212,7.8323,-0.144,4.6627
246.251,7.8323,-0.144,4.6627
246.279,7.8318,-0.1442,4.6628
246.297,7.8314,-0.1443,4.663
246.341,7.8317,-0.1442,4.6629
246.382,7.831,-0.1443,4.6632
246.402,7.8313,-0.1443,4.6631
246.45,7.8308,-0.1442,4.6634
246.458,7.8308,-0.1443,4.6633
246.49,7.8305,-0.1443,4.6635
246.553,7.8305,-0.1443,4.6635
246.595,7.8302,-0.1444,4.6636
246.611,7.8302,-0.1443,4.6636
246.649,7.8299,-0.1444,4.6638
246.669,7.8297,-0.1444,4.6639
246.7,7.8299,-0.1444,4.6638
246.768,7.8297,-0.1444,4.6639
246.802,7.8295,-0.1445,4.664
246.818,7.8296,-0.1445,4.6639
246.856,7.8294,-0.1445,4.664
246.87,7.8294,-0.1445,4.664
246.913,7.8293,-0.1446,4.664
246.931,7.8291,-0.1446,4.6641
246.956,7.8292,-0.1446,4.664
246.996,7.8289,-0.1446,4.6642
247.042,7.8289,-0.1446,4.6642
247.074,7.8288,-0.1446,4.6643
247.09,7.8288,-0.1446,4.6643
247.132,7.8284,-0.1447,4.6644
247.165,7.8284,-0.1447,4.6644
247.188,7.8283,-0.1448,4.6644
247.215,7.8282,-0.1449,4.6644
247.228,7.8283,-0.1448,4.6644
247.263,7.8281,-0.1449,4.6645
247.31,7.8282,-0.1449,4.6644
247.335,7.828,-0.1449,4.6645
247.367,7.828,-0.1449,4.6645
247.4,7.8279,-0.1449,4.6646
247.448,7.8279,-0.1449,4.6646
247.467,7.8277,-0.145,4.6646
247.543,7.8277,-0.145,4.6646
247.577,7.8273,-0.145,4.6648
247.599,7.8274,-0.145,4.6648
247.659,7.827,-0.1451,4.665
247.691,7.8271,-0.145,4.6649
247.734,7.8266,-0.1451,4.6652
247.735,7.8268,-0.1451,4.6651
247.803,7.8264,-0.1451,4.6653
247.841,7.826,-0.1452,4.6655
247.88,7.8261,-0.1452,4.6654
247.909,7.8258,-0.1452,4.6655
247.938,7.8258,-0.1452,4.6655
247.947,7.8257,-0.1453,4.6656
247.98,7.8256,-0.1452,4.6657
248.011,7.8256,-0.1452,4.6657
248.051,7.8256,-0.1453,4.6657
248.085,7.8256,-0.1452,4.6657
248.111,7.8256,-0.1453,4.6656
248.148,7.8256,-0.1453,4.6656
248.199,7.8255,-0.1453,4.6657
248.23,7.8256,-0.1453,4.6656
248.259,7.8254,-0.1454,4.6657
248.293,7.8254,-0.1454,4.6657
248.357,7.8253,-0.1454,4.6657
248.399,7.8253,-0.1454,4.6657
248.431,7.8252,-0.1454,4.6657
248.466,7.8252,-0.1454,4.6657
248.523,7.825,-0.1455,4.6659
248.566,7.8249,-0.1455,4.6659
248.594,7.8248,-0.1455,4.6659
248.622,7.8248,-0.1455,4.6659
248.656,7.8247,-0.1456,4.6659
248.682,7.8247,-0.1456,4.6659
248.708,7.8247,-0.1455,4.6659
248.781,7.8247,-0.1456,4.6659
248.823,7.8247,-0.1456,4.6659
248.845,7.8247,-0.1456,4.6659
248.891,7.8247,-0.1457,4.6658
248.92,7.8247,-0.1457,4.6658
248.95,7.8247,-0.1457,4.6659
248.998,7.8247,-0.1457,4.6659
249.012,7.8247,-0.1457,4.6659
249.026,7.8246,-0.1457,4.6658
249.06,7.8246,-0.1457,4.6659
249.098,7.8246,-0.1458,4.6659
249.131,7.8246,-0.1458,4.6658
249.159,7.8246,-0.1457,4.6658
249.208,7.8246,-0.1457,4.6658
249.24,7.8246,-0.1458,4.6658
249.294,7.8246,-0.1458,4.6658
249.345,7.8247,-0.1458,4.6658
249.363,7.8247,-0.1458,4.6658
249.396,7.8247,-0.1458,4.6658
249.407,7.8247,-0.1458,4.6657
249.432,7.8247,-0.1459,4.6657
249.463,7.8247,-0.1459,4.6657
249.491,7.8246,-0.1459,4.6658
249.536,7.8246,-0.1459,4.6657
249.575,7.8245,-0.1459,4.6658
249.6,7.8244,-0.1459,4.6658
249.614,7.8245,-0.1459,4.6658
249.657,7.8243,-0.1459,4.6659
249.682,7.8244,-0.1459,4.6659
249.722,7.8242,-0.1459,4.6659
249.773,7.8242,-0.1459,4.6659
249.816,7.824,-0.146,4.6661
249.844,7.824,-0.146,4.666
249.882,7.8238,-0.146,4.6661
249.904,7.8238,-0.146,4.6661
249.925,7.8237,-0.146,4.6662
249.954,7.8237,-0.146,4.6662
249.975,7.8237,-0.146,4.6662
250.001,7.8237,-0.146,4.6662
250.033,7.8237,-0.146,4.6662
250.065,7.8237,-0.146,4.6662
250.112,7.8237,-0.146,4.6662
250.135,7.8237,-0.146,4.6662
250.199,7.8237,-0.146,4.6662
250.234,7.8236,-0.1461,4.6662
250.244,7.8236,-0.1461,4.6662
250.276,7.8237,-0.1461,4.6662
250.307,7.8236,-0.1461,4.6662
250.336,7.8237,-0.1461,4.6662
250.36,7.8236,-0.1461,4.6662
250.391,7.8236,-0.1461,4.6662
250.414,7.8236,-0.1461,4.6662
250.47,7.8236,-0.1461,4.6662
250.499,7.8235,-0.1461,4.6662
250.544,7.8235,-0.1461,4.6662
250.577,7.8235,-0.1461,4.6662
250.594,7.8235,-0.1461,4.6662
250.62,7.8235,-0.1461,4.6662
250.658,7.8234,-0.1462,4.6663
250.672,7.8235,-0.1461,4.6662
250.714,7.8233,-0.1462,4.6663
250.741,7.8233,-0.1462,4.6663
250.779,7.8231,-0.1462,4.6664
250.827,7.8232,-0.1462,4.6663
250.83,7.823,-0.1462,4.6664
250.875,7.8229,-0.1462,4.6665
250.894,7.8228,-0.1462,4.6665
250.92,7.8228,-0.1462,4.6666
250.945,7.8228,-0.1463,4.6666
250.981,7.8227,-0.1463,4.6665
251.028,7.8227,-0.1463,4.6665
251.056,7.8228,-0.1463,4.6665
251.08,7.8228,-0.1463,4.6665
251.11,7.8228,-0.1463,4.6665
251.146,7.8228,-0.1463,4.6665
251.18,7.8228,-0.1463,4.6665
251.253,7.8228,-0.1464,4.6665
251.288,7.8228,-0.1464,4.6664
251.314,7.8228,-0.1464,4.6664
251.338,7.8228,-0.1464,4.6664
251.376,7.8228,-0.1464,4.6664
251.408,7.8228,-0.1464,4.6664
251.44,7.8228,-0.1464,4.6664
251.473,7.8227,-0.1465,4.6664
251.494,7.8227,-0.1465,4.6664
251.521,7.8227,-0.1465,4.6664
251.558,7.8227,-0.1465,4.6664
251.604,7.8227,-0.1465,4.6664
251.63,7.8227,-0.1465,4.6664
251.668,7.8227,-0.1465,4.6664
251.692,7.8227,-0.1465,4.6664
251.721,7.8227,-0.1465,4.6664
251.732,7.8227,-0.1465,4.6664
251.758,7.8227,-0.1465,4.6664
251.784,7.8227,-0.1465,4.6664
251.83,7.8227,-0.1465,4.6664
251.86,7.8227,-0.1465,4.6664
251.897,7.8226,-0.1465,4.6664
251.949,7.8226,-0.1465,4.6664
251.969,7.8226,-0.1466,4.6664
252.012,7.8226,-0.1466,4.6664
252.051,7.8224,-0.1465,4.6665
252.078,7.8224,-0.1466,4.6665
252.106,7.8223,-0.1465,4.6666
252.147,7.8222,-0.1465,4.6666
252.186,7.8222,-0.1466,4.6666
252.216,7.8222,-0.1466,4.6666
252.231,7.8222,-0.1466,4.6666
252.25,7.8222,-0.1466,4.6666
252.303,7.8222,-0.1466,4.6666
252.336,7.8222,-0.1466,4.6666
252.373,7.8222,-0.1466,4.6666
252.406,7.8222,-0.1466,4.6666
252.421,7.8222,-0.1467,4.6666
252.438,7.8222,-0.1466,4.6666
252.469,7.8222,-0.1467,4.6665
252.499,7.8222,-0.1467,4.6665
252.545,7.822,-0.1467,4.6666
252.569,7.8221,-0.1467,4.6666
252.623,7.8219,-0.1467,4.6667
252.651,7.8219,-0.1467,4.6667
252.687,7.8219,-0.1467,4.6667
252.764,7.8219,-0.1467,4.6667
252.771,7.8219,-0.1467,4.6667
252.79,7.8219,-0.1467,4.6667
252.831,7.8219,-0.1468,4.6667
252.882,7.8219,-0.1468,4.6667
252.91,7.8219,-0.1468,4.6666
252.926,7.8219,-0.1468,4.6667
252.965,7.8219,-0.1468,4.6667
252.997,7.8219,-0.1468,4.6667
253.038,7.8218,-0.1468,4.6667
253.061,7.8218,-0.1468,4.6667
253.08,7.8219,-0.1468,4.6666
253.129,7.8219,-0.1468,4.6666
253.165,7.8219,-0.1468,4.6666
253.185,7.8219,-0.1468,4.6666
253.227,7.822,-0.1468,4.6666
253.255,7.8219,-0.1468,4.6666
253.273,7.8219,-0.1468,4.6666
253.306,7.8229,-0.1462,4.6665
253.362,7.8229,-0.1462,4.6665
253.365,7.8234,-0.1454,4.6668
253.376,7.8243,-0.144,4.6674
253.403,7.8241,-0.1447,4.667
253.436,7.8251,-0.1423,4.6683
253.467,7.8248,-0.1429,4.668
253.5,7.8258,-0.1402,4.6696
253.546,7.8259,-0.1401,4.6696
253.563,7.8263,-0.138,4.671
253.589,7.8263,-0.1362,4.6725
253.618,7.8264,-0.1372,4.6716
253.64,7.8266,-0.1339,4.6741
253.689,7.8267,-0.1346,4.6736
253.704,7.8261,-0.1317,4.6763
253.759,7.8261,-0.1316,4.6763
253.763,7.8258,-0.1299,4.6779
253.797,7.8255,-0.1279,4.6796
253.814,7.8256,-0.1289,4.6787
253.855,7.8255,-0.1268,4.6805
253.887,7.8254,-0.1271,4.6804
253.921,7.8256,-0.1261,4.6811
253.961,7.8256,-0.1261,4.6811
253.976,7.8255,-0.1261,4.6811
254.03,7.8256,-0.1262,4.6809
254.054,7.8254,-0.1265,4.6809
254.072,7.8244,-0.127,4.681
254.096,7.8252,-0.1262,4.6812
254.126,7.823,-0.1285,4.6806
254.164,7.8234,-0.1287,4.6803
254.187,7.8221,-0.1265,4.6828
254.238,7.8225,-0.1268,4.6823
254.256,7.8243,-0.1238,4.6837
254.293,7.8266,-0.1189,4.6862
254.318,7.8252,-0.1222,4.6845
254.354,7.8282,-0.1163,4.6874
254.402,7.8278,-0.1169,4.6871
254.406,7.8295,-0.1156,4.6871
254.463,7.8296,-0.1156,4.6871
254.47,7.8306,-0.1154,4.6867
254.528,7.831,-0.1152,4.6866
254.537,7.8317,-0.1146,4.6866
254.561,7.8326,-0.1134,4.687
254.614,7.8324,-0.1137,4.6869
254.635,7.8334,-0.1121,4.6876
254.677,7.8341,-0.1111,4.688
254.719,7.8334,-0.112,4.6877
254.744,7.8348,-0.1102,4.6884
254.782,7.8344,-0.1108,4.6881
254.823,7.8355,-0.1093,4.6887
254.845,7.8351,-0.1097,4.6885
254.869,7.8362,-0.1084,4.689
254.909,7.836,-0.1086,4.6889
254.939,7.8369,-0.1075,4.6893
254.956,7.8368,-0.1077,4.6892
254.983,7.8373,-0.1069,4.6895
255.029,7.8374,-0.1069,4.6895
255.053,7.8377,-0.1064,4.6897
255.079,7.8381,-0.1058,4.6899
255.093,7.8379,-0.1062,4.6897
255.142,7.8384,-0.1055,4.69
255.167,7.8383,-0.1057,4.69
255.201,7.8385,-0.1053,4.6901
255.245,7.8385,-0.1053,4.6901
255.282,7.8385,-0.1049,4.6904
255.324,7.8385,-0.1049,4.6904
255.367,7.8387,-0.1046,4.6906
255.397,7.8386,-0.1047,4.6905
255.423,7.8388,-0.1042,4.6908
255.469,7.8388,-0.1042,4.6908
255.486,7.8389,-0.1039,4.691
255.523,7.8389,-0.1039,4.691
255.535,7.8389,-0.1036,4.6912
255.575,7.8391,-0.1033,4.6914
255.58,7.839,-0.1035,4.6913
255.615,7.8392,-0.1031,4.6914
255.672,7.8392,-0.1032,4.6914
255.699,7.8393,-0.1029,4.6916
255.758,7.8393,-0.1029,4.6916
255.762,7.8393,-0.1026,4.6918
255.774,7.8393,-0.1024,4.692
255.835,7.8393,-0.1025,4.6919
255.853,7.8393,-0.1023,4.692
255.874,7.8393,-0.1023,4.692
255.903,7.8394,-0.1023,4.692
255.941,7.8394,-0.1023,4.692
255.958,7.8393,-0.1021,4.6922
256.013,7.8393,-0.1021,4.6922
256.037,7.8394,-0.102,4.6922
256.081,7.8394,-0.102,4.6922
256.095,7.8395,-0.1019,4.6923
256.123,7.8394,-0.1018,4.6924
256.148,7.8394,-0.1019,4.6923
256.178,7.8393,-0.1016,4.6927
256.241,7.8393,-0.1016,4.6926
256.266,7.8393,-0.1014,4.6928
256.306,7.8393,-0.1014,4.6928
256.345,7.8393,-0.1014,4.6928
256.372,7.8393,-0.1014,4.6928
256.4,7.8392,-0.1013,4.6929
256.437,7.8392,-0.1013,4.6929
256.471,7.8393,-0.1013,4.6929
256.478,7.8392,-0.1012,4.693
256.51,7.8393,-0.1013,4.6929
256.541,7.8392,-0.1012,4.693
256.575,7.8393,-0.1012,4.693
256.618,7.8392,-0.1012,4.693
256.651,7.8392,-0.1012,4.693
256.701,7.8393,-0.1012,4.693
256.71,7.8393,-0.1012,4.693
256.723,7.8394,-0.1012,4.6929
256.763,7.8388,-0.1021,4.6925
256.784,7.8394,-0.1013,4.6928
256.817,7.8402,-0.1033,4.6907
256.873,7.8398,-0.1032,4.6911
256.895,7.8424,-0.1022,4.6903
256.937,7.8425,-0.1022,4.6902
256.971,7.8445,-0.1004,4.6905
257.025,7.8446,-0.1004,4.6905
257.062,7.8463,-0.0997,4.69
257.066,7.8457,-0.0998,4.6903
257.094,7.8472,-0.0992,4.6899
257.142,7.8471,-0.0993,4.6898
257.161,7.8471,-0.0991,4.69
257.188,7.8477,-0.0983,4.6903
257.224,7.8471,-0.0991,4.69
257.264,7.8481,-0.0975,4.6907
257.29,7.8478,-0.0978,4.6907
257.319,7.8492,-0.0964,4.691
257.358,7.849,-0.0965,4.691
257.388,7.8505,-0.0954,4.691
257.418,7.8506,-0.0954,4.691
257.449,7.8515,-0.0948,4.6909
257.479,7.8516,-0.0948,4.6909
257.509,7.852,-0.0946,4.6908
257.522,7.8522,-0.0947,4.6906
257.554,7.8521,-0.0946,4.6907
257.574,7.8524,-0.0946,4.6905
257.619,7.8523,-0.0946,4.6906
257.651,7.8527,-0.0945,4.6905
257.695,7.8527,-0.0945,4.6905
257.702,7.853,-0.0943,4.6905
257.737,7.8534,-0.094,4.6905
257.751,7.8532,-0.0941,4.6904
257.787,7.8537,-0.0937,4.6905
257.832,7.8536,-0.0937,4.6905
257.857,7.8539,-0.0936,4.6905
257.892,7.854,-0.0935,4.6905
257.904,7.8539,-0.0935,4.6905
257.941,7.8541,-0.0934,4.6905
257.975,7.854,-0.0934,4.6905
258.011,7.8541,-0.0934,4.6906
258.042,7.8541,-0.0934,4.6906
258.055,7.854,-0.0933,4.6906
258.102,7.854,-0.0933,4.6906
258.126,7.8541,-0.0934,4.6905
258.179,7.8541,-0.0934,4.6905
258.196,7.8542,-0.0933,4.6905
258.212,7.8543,-0.0933,4.6905
258.24,7.8543,-0.0933,4.6904
258.278,7.8545,-0.0935,4.6902
258.315,7.8543,-0.0933,4.6905
258.342,7.8542,-0.0937,4.6902
258.391,7.8543,-0.0936,4.6902
258.428,7.8551,-0.0932,4.6901
258.491,7.8553,-0.093,4.6901
258.515,7.8569,-0.0925,4.6895
258.551,7.8567,-0.0925,4.6897
258.558,7.8576,-0.0912,4.6902
258.589,7.8591,-0.091,4.6894
258.633,7.8579,-0.0911,4.6901
258.687,7.8593,-0.0909,4.6895
258.703,7.8593,-0.0908,4.6896
258.747,7.8593,-0.0908,4.6896
258.787,7.8593,-0.091,4.6894
258.814,7.8593,-0.091,4.6894
258.826,7.8596,-0.0912,4.6891
258.859,7.8601,-0.0912,4.6888
258.894,7.8598,-0.0912,4.689
258.926,7.8605,-0.091,4.6886
258.974,7.8604,-0.0911,4.6887
259.005,7.8607,-0.0908,4.6887
259.03,7.8607,-0.0907,4.6888
259.048,7.8607,-0.0908,4.6887
259.111,7.8608,-0.0907,4.6888
259.128,7.8608,-0.0908,4.6887
259.151,7.861,-0.091,4.6884
259.166,7.8608,-0.0908,4.6887
259.199,7.861,-0.091,4.6884
259.24,7.861,-0.091,4.6884
259.257,7.8611,-0.0909,4.6884
259.313,7.8611,-0.0909,4.6884
259.329,7.8611,-0.0908,4.6885
259.375,7.8611,-0.0908,4.6885
259.411,7.8612,-0.0909,4.6884
259.451,7.8612,-0.0909,4.6884
259.459,7.8606,-0.0911,4.6886
259.49,7.8623,-0.0916,4.6872
259.506,7.8611,-0.0918,4.6877
259.546,7.8644,-0.0909,4.6864
259.578,7.864,-0.091,4.6867
259.603,7.8666,-0.0906,4.6855
259.645,7.8666,-0.0906,4.6855
259.665,7.8686,-0.09,4.6848
259.699,7.8697,-0.0892,4.6847
259.73,7.8693,-0.0895,4.6847
259.765,7.8711,-0.0884,4.6846
259.797,7.8706,-0.0887,4.6847
259.828,7.8711,-0.0886,4.6844
259.862,7.8711,-0.0886,4.6844
259.883,7.871,-0.0891,4.6841
259.929,7.8709,-0.0894,4.6839
259.959,7.8704,-0.0902,4.6835
259.98,7.8705,-0.0903,4.6834
260.009,7.8705,-0.0902,4.6834
260.043,7.8707,-0.0908,4.6829
260.085,7.8706,-0.0907,4.683
260.109,7.8687,-0.0916,4.6834
260.148,7.8686,-0.0917,4.6834
260.205,7.8683,-0.0938,4.6818
260.22,7.8683,-0.0935,4.682
260.255,7.8677,-0.0965,4.6801
260.295,7.8677,-0.0962,4.6803
260.329,7.8668,-0.0961,4.6808
260.368,7.8668,-0.0964,4.6806
260.401,7.8719,-0.096,4.6779
260.409,7.8723,-0.0952,4.6784
260.45,7.8728,-0.0954,4.6779
260.478,7.873,-0.0943,4.6787
260.51,7.8728,-0.0947,4.6785
260.532,7.8734,-0.0926,4.6798
260.579,7.8736,-0.0923,4.6799
260.586,7.8746,-0.0908,4.6806
260.612,7.8747,-0.0894,4.6816
260.646,7.8748,-0.09,4.6811
260.678,7.8743,-0.0884,4.6827
260.737,7.8744,-0.0887,4.6824
260.739,7.8739,-0.0876,4.6836
260.781,7.874,-0.0876,4.6835
260.795,7.8736,-0.0869,4.6843
260.858,7.8736,-0.0865,4.6847
260.861,7.8736,-0.086,4.6851
260.879,7.8736,-0.0853,4.6857
260.927,7.8736,-0.0856,4.6854
260.95,7.8735,-0.0844,4.6864
260.986,7.8735,-0.0837,4.687
261.019,7.8736,-0.0843,4.6865
261.081,7.8735,-0.0835,4.6872
261.117,7.8732,-0.0828,4.6879
261.143,7.8732,-0.0828,4.6878
261.176,7.8731,-0.0825,4.6882
261.189,7.8728,-0.0822,4.6886
261.218,7.873,-0.0823,4.6884
261.253,7.8726,-0.082,4.6889
261.282,7.8727,-0.0821,4.6888
261.321,7.8726,-0.0817,4.6892
261.368,7.8726,-0.0817,4.6891
261.387,7.8726,-0.0812,4.6896
261.422,7.8726,-0.0812,4.6896
261.444,7.8725,-0.0808,4.6899
261.476,7.8725,-0.0805,4.6902
261.487,7.8725,-0.0808,4.69
261.521,7.8724,-0.0802,4.6904
261.555,7.8724,-0.0804,4.6903
261.602,7.8725,-0.0801,4.6905
261.639,7.8724,-0.0801,4.6905
261.673,7.8725,-0.08,4.6906
261.708,7.8725,-0.08,4.6906
261.735,7.8726,-0.0799,4.6906
261.792,7.8726,-0.0799,4.6906
261.838,7.8725,-0.0798,4.6907
261.861,7.8726,-0.0798,4.6907
261.896,7.8724,-0.0798,4.6907
261.922,7.8725,-0.0798,4.6907
261.96,7.8724,-0.0798,4.6908
261.988,7.8724,-0.0798,4.6908
262.029,7.8723,-0.0797,4.6909
262.046,7.8723,-0.0797,4.6909
262.071,7.8723,-0.0797,4.691
262.147,7.8723,-0.0796,4.691
262.154,7.8722,-0.0796,4.6911
262.198,7.8722,-0.0795,4.6911
262.242,7.8722,-0.0794,4.6912
262.267,7.8722,-0.0794,4.6912
262.303,7.8726,-0.0801,4.6904
262.352,7.8726,-0.0801,4.6904
262.38,7.875,-0.0844,4.6856
262.406,7.8747,-0.0838,4.6862
262.45,7.8799,-0.0913,4.6771
262.485,7.8798,-0.0911,4.6773
262.521,7.8846,-0.0987,4.6683
262.557,7.8846,-0.0987,4.6683
262.584,7.8945,-0.1157,4.6487
262.616,7.8944,-0.1156,4.6489
262.635,7.9013,-0.1276,4.6351
262.675,7.9084,-0.1389,4.6219
262.686,7.9039,-0.1321,4.63
262.731,7.9125,-0.1508,4.6097
262.766,7.9118,-0.1481,4.6124
262.795,7.9186,-0.1648,4.5948
262.831,7.9186,-0.1649,4.5947
262.86,7.9307,-0.1855,4.571
262.897,7.931,-0.187,4.5696
262.934,7.9358,-0.2077,4.55
262.971,7.936,-0.2082,4.5495
262.998,7.9482,-0.2273,4.5269
263.032,7.9474,-0.2262,4.5283
263.065,7.9595,-0.2411,4.509
263.084,7.9692,-0.254,4.493
263.12,7.9611,-0.2432,4.5064
263.181,7.9729,-0.257,4.4883
263.214,7.9794,-0.2641,4.4787
263.247,7.9788,-0.2633,4.4798
263.292,7.983,-0.2647,4.4762
263.313,7.9829,-0.2647,4.4762
263.339,7.9827,-0.264,4.4769
263.363,7.981,-0.2617,4.4798
263.403,7.9822,-0.263,4.478
263.489,7.9801,-0.2607,4.4811
263.514,7.9782,-0.2592,4.4835
263.543,7.9787,-0.2596,4.4828
263.625,7.9782,-0.2589,4.4837
263.632,7.9782,-0.259,4.4836
263.665,7.9782,-0.2587,4.4839
263.696,7.9782,-0.2588,4.4838
263.766,7.978,-0.2585,4.4841
263.768,7.9781,-0.2586,4.484
263.796,7.9783,-0.2598,4.4829
263.825,7.9781,-0.2595,4.4832
263.865,7.9823,-0.2631,4.4779
263.902,7.9811,-0.2621,4.4794
263.962,7.9885,-0.2709,4.4679
263.972,7.9863,-0.2683,4.4712
264.002,7.9957,-0.2809,4.4556
264.019,7.9933,-0.2775,4.4597
264.052,8.002,-0.2897,4.4448
264.101,8.0022,-0.29,4.4444
264.139,8.0124,-0.3022,4.4285
264.161,8.0117,-0.3013,4.4297
264.196,8.0254,-0.3161,4.4097
264.218,8.036,-0.3324,4.3902
264.25,8.0283,-0.3206,4.4043
264.323,8.0411,-0.3412,4.3801
264.376,8.0572,-0.3704,4.347
264.383,8.0567,-0.3695,4.3481
264.406,8.0653,-0.3884,4.3277
264.44,8.0705,-0.4001,4.3152
264.461,8.0661,-0.3902,4.3258
264.506,8.0804,-0.4161,4.2964
264.532,8.0738,-0.4058,4.3086
264.578,8.0916,-0.434,4.2754
264.598,8.0889,-0.4303,4.2799
264.629,8.1048,-0.4467,4.2573
264.664,8.1044,-0.4463,4.2578
264.7,8.1192,-0.4584,4.2394
264.743,8.1183,-0.4576,4.2406
264.779,8.1232,-0.4614,4.2347
264.801,8.1233,-0.4614,4.2346
264.814,8.1267,-0.4686,4.2267
264.837,8.1264,-0.4714,4.2246
264.864,8.1268,-0.469,4.2263
264.918,8.1249,-0.4716,4.2254
264.933,8.1254,-0.4718,4.2249
264.965,8.1243,-0.4698,4.2272
265.019,8.1245,-0.4703,4.2267
265.047,8.1237,-0.468,4.229
265.075,8.1237,-0.4681,4.2289
265.123,8.1232,-0.4676,4.2296
265.138,8.123,-0.4678,4.2296
265.167,8.1232,-0.4676,4.2296
265.206,8.1231,-0.4678,4.2295
265.232,8.123,-0.4678,4.2295
265.293,8.1232,-0.4677,4.2295
265.313,8.1232,-0.4678,4.2295
265.368,8.1233,-0.4676,4.2295
265.386,8.1233,-0.4677,4.2295
265.422,8.1233,-0.4677,4.2295
265.453,8.1233,-0.4677,4.2295
265.504,8.1236,-0.4695,4.2278
265.523,8.1235,-0.4688,4.2285
265.547,8.1283,-0.4724,4.2228
265.579,8.1269,-0.4716,4.2241
265.622,8.1342,-0.4779,4.2148
265.65,8.1335,-0.4773,4.2157
265.681,8.1426,-0.4873,4.2023
265.716,8.1418,-0.4864,4.2035
265.742,8.1466,-0.4925,4.1956
265.756,8.1502,-0.4972,4.1898
265.788,8.1474,-0.4938,4.1942
265.82,8.1574,-0.506,4.1784
265.854,8.1536,-0.5012,4.1845
265.888,8.168,-0.5184,4.1622
265.94,8.1669,-0.5171,4.1639
265.971,8.1801,-0.5377,4.1395
265.996,8.178,-0.5341,4.1435
266.016,8.1909,-0.5512,4.1222
266.044,8.1971,-0.5687,4.1044
266.074,8.1923,-0.5553,4.118
266.128,8.2019,-0.5781,4.094
266.142,8.2063,-0.5885,4.0829
266.163,8.2133,-0.6013,4.0685
266.214,8.2108,-0.5973,4.0732
266.249,8.225,-0.62,4.0465
266.284,8.222,-0.6154,4.052
266.313,8.2398,-0.6373,4.0238
266.366,8.2403,-0.6375,4.0233
266.381,8.2577,-0.6542,3.9996
266.409,8.2553,-0.6525,4.0024
266.437,8.2638,-0.6609,3.9906
266.5,8.2637,-0.6605,3.9909
266.502,8.2702,-0.6699,3.9796
266.521,8.2748,-0.6783,3.97
266.562,8.2728,-0.6743,3.9745
266.596,8.2761,-0.6815,3.9667
266.623,8.2759,-0.681,3.9672
266.643,8.277,-0.6849,3.9634
266.677,8.2771,-0.6853,3.963
266.722,8.277,-0.685,3.9633
266.767,8.2769,-0.6842,3.964
266.792,8.277,-0.6846,3.9637
266.828,8.2761,-0.6821,3.9662
266.88,8.2765,-0.683,3.9653
266.955,8.2755,-0.6813,3.9671
266.958,8.2758,-0.6817,3.9667
266.981,8.2754,-0.6813,3.9672
267.004,8.2756,-0.6817,3.9668
267.037,8.2759,-0.6819,3.9665
267.065,8.2756,-0.6817,3.9668
267.106,8.2761,-0.682,3.9663
267.127,8.276,-0.682,3.9664
267.166,8.276,-0.6821,3.9663
267.198,8.276,-0.682,3.9663
267.231,8.2767,-0.6841,3.9642
267.255,8.2766,-0.6838,3.9645
267.286,8.2791,-0.6866,3.9608
267.302,8.2803,-0.6879,3.9591
267.322,8.2801,-0.6877,3.9593
267.357,8.2892,-0.6989,3.9449
267.393,8.2858,-0.6948,3.9502
267.432,8.2959,-0.7072,3.9342
267.464,8.2939,-0.705,3.9372
267.496,8.3039,-0.718,3.9208
267.545,8.3039,-0.718,3.9208
267.578,8.312,-0.7295,3.9067
267.602,8.3135,-0.7321,3.9038
267.661,8.3217,-0.7477,3.8864
267.69,8.3201,-0.7447,3.8896
267.731,8.3316,-0.7672,3.8647
267.744,8.3309,-0.7657,3.8664
267.792,8.3457,-0.789,3.8388
267.827,8.3458,-0.7896,3.8383
267.842,8.3536,-0.8108,3.8166
267.894,8.3561,-0.8148,3.8119
267.924,8.3692,-0.8323,3.7901
267.949,8.3827,-0.8484,3.7691
267.967,8.3702,-0.8335,3.7885
268.004,8.3951,-0.8641,3.749
268.042,8.3881,-0.8549,3.7606
268.085,8.406,-0.8783,3.7312
268.11,8.4013,-0.8721,3.739
268.146,8.4199,-0.8902,3.7134
268.172,8.4174,-0.889,3.7158
268.205,8.4231,-0.8938,3.7085
268.238,8.424,-0.8965,3.7058
268.247,8.4233,-0.8941,3.7082
268.282,8.4238,-0.8954,3.7068
268.309,8.424,-0.8963,3.706
268.366,8.4233,-0.8945,3.7078
268.385,8.4234,-0.8947,3.7076
268.441,8.4217,-0.8899,3.7125
268.473,8.4215,-0.8887,3.7136
268.484,8.4215,-0.8882,3.714
268.509,8.4215,-0.8884,3.7139
268.553,8.4214,-0.8878,3.7144
268.581,8.4211,-0.8873,3.715
268.606,8.4214,-0.8877,3.7145
268.687,8.421,-0.8871,3.7152
268.728,8.42,-0.8856,3.7171
268.759,8.4203,-0.8861,3.7165
268.79,8.4194,-0.8848,3.718
268.813,8.4196,-0.8851,3.7176
268.862,8.419,-0.8842,3.7187
268.892,8.419,-0.8843,3.7186
268.906,8.4186,-0.8837,3.7193
268.929,8.4183,-0.8832,3.7199
268.952,8.4186,-0.8836,3.7194
268.986,8.418,-0.8827,3.7205
269.019,8.4182,-0.883,3.7201
269.059,8.4177,-0.8823,3.721
269.097,8.4178,-0.8824,3.7209
269.126,8.4193,-0.8838,3.7189
269.159,8.419,-0.8836,3.7192
269.184,8.4228,-0.887,3.7142
269.212,8.4267,-0.8919,3.7079
269.239,8.4229,-0.8871,3.7141
269.282,8.4284,-0.8942,3.7051
269.315,8.4343,-0.9021,3.6952
269.328,8.4404,-0.9114,3.6841
269.366,8.4352,-0.9035,3.6936
269.389,8.4472,-0.9198,3.6733
269.44,8.4449,-0.9171,3.6769
269.446,8.4566,-0.9296,3.6599
269.491,8.4679,-0.944,3.6416
269.519,8.4568,-0.9298,3.6596
269.586,8.4731,-0.9521,3.632
269.614,8.4868,-0.9722,3.6076
269.645,8.4869,-0.9724,3.6074
269.679,8.4978,-0.9949,3.5829
269.698,8.5025,-1.0067,3.5706
269.736,8.4987,-0.9965,3.581
269.784,8.5094,-1.0166,3.5585
269.803,8.5063,-1.0123,3.5638
269.829,8.5202,-1.0302,3.5412
269.866,8.5185,-1.0281,3.5438
269.945,8.5337,-1.0436,3.5224
269.957,8.5319,-1.0422,3.5245
269.96,8.5438,-1.0494,3.5117
270.013,8.5439,-1.0495,3.5116
270.048,8.5477,-1.0527,3.5068
270.066,8.5468,-1.0518,3.508
270.089,8.5471,-1.0513,3.5082
270.117,8.5458,-1.0489,3.5109
270.137,8.547,-1.0508,3.5087
270.174,8.545,-1.0472,3.5128
270.201,8.5453,-1.0479,3.512
270.225,8.5449,-1.0468,3.5132
270.279,8.5449,-1.0468,3.5132
270.286,8.5452,-1.0467,3.513
270.344,8.5452,-1.0467,3.513
270.387,8.5453,-1.0466,3.5131
270.425,8.5453,-1.0465,3.5132
270.46,8.545,-1.0462,3.5136
270.509,8.545,-1.0461,3.5137
270.536,8.5449,-1.0459,3.5139
270.551,8.5449,-1.0458,3.514
270.563,8.5449,-1.0458,3.514
270.604,8.5456,-1.0464,3.5131
270.639,8.545,-1.0458,3.5139
270.663,8.5487,-1.0486,3.5095
270.689,8.5521,-1.0511,3.5055
270.731,8.5489,-1.0487,3.5093
270.76,8.5563,-1.0553,3.4996
270.792,8.5539,-1.0529,3.5029
270.838,8.5602,-1.0607,3.4929
270.855,8.5581,-1.0578,3.4965
270.888,8.5652,-1.0675,3.4844
270.909,8.5641,-1.0661,3.4862
270.922,8.5706,-1.075,3.4752
270.992,8.571,-1.0754,3.4747
271.015,8.5834,-1.0882,3.457
271.064,8.5824,-1.0873,3.4583
271.082,8.5961,-1.1061,3.4351
271.104,8.6058,-1.1219,3.4166
271.151,8.5971,-1.1074,3.4334
271.191,8.6164,-1.1367,3.3984
271.224,8.6121,-1.1289,3.4072
271.252,8.6273,-1.1611,3.3722
271.284,8.6238,-1.1532,3.3807
271.314,8.6365,-1.18,3.3516
271.353,8.6351,-1.1768,3.355
271.374,8.6436,-1.1914,3.3382
271.412,8.6434,-1.1911,3.3385
271.443,8.6559,-1.206,3.3191
271.448,8.6694,-1.222,3.2983
271.48,8.6587,-1.2094,3.3147
271.506,8.6841,-1.2329,3.2808
271.548,8.6752,-1.2274,3.2904
271.569,8.6917,-1.2391,3.2712
271.616,8.6905,-1.2383,3.2726
271.636,8.6982,-1.2455,3.2623
271.665,8.7028,-1.2524,3.254
271.679,8.698,-1.2456,3.2623
271.719,8.7049,-1.2574,3.2487
271.777,8.7046,-1.2563,3.2498
271.823,8.7043,-1.2597,3.2472
271.853,8.7038,-1.2606,3.2467
271.896,8.7038,-1.2606,3.2468
271.952,8.7036,-1.2597,3.2476
271.979,8.7036,-1.2598,3.2476
272.01,8.7035,-1.2592,3.248
272.039,8.7035,-1.2593,3.248
272.059,8.7037,-1.2595,3.2477
272.114,8.7037,-1.2596,3.2476
272.147,8.7042,-1.2601,3.2469
272.204,8.7042,-1.2602,3.2469
272.257,8.7043,-1.2604,3.2466
272.281,8.7043,-1.2604,3.2467
272.329,8.7044,-1.2605,3.2465
272.345,8.7044,-1.2604,3.2466
272.397,8.7053,-1.2618,3.2449
272.418,8.7087,-1.2657,3.2398
272.452,8.7086,-1.2656,3.2399
272.486,8.7135,-1.2715,3.2323
272.509,8.7188,-1.2788,3.2232
272.531,8.7144,-1.2726,3.2308
272.578,8.7257,-1.2894,3.2106
272.588,8.7219,-1.2836,3.2175
272.617,8.7328,-1.3005,3.1975
272.657,8.7308,-1.2973,3.2013
272.693,8.7379,-1.3106,3.1862
272.74,8.7383,-1.3113,3.1854
272.768,8.7444,-1.3237,3.1719
272.807,8.7449,-1.3248,3.1707
272.834,8.7557,-1.3476,3.1459
272.87,8.756,-1.3481,3.1453
272.878,8.7677,-1.3633,3.1261
272.913,8.7753,-1.3853,3.1039
272.954,8.7713,-1.3772,3.1128
272.978,8.7834,-1.3992,3.0879
273.016,8.7831,-1.3987,3.0885
273.039,8.796,-1.4168,3.0663
273.084,8.7952,-1.4156,3.0678
273.12,8.8109,-1.4373,3.0409
273.15,8.8111,-1.4377,3.0405
273.16,8.8217,-1.4518,3.0228
273.209,8.8316,-1.4638,3.0074
273.22,8.8259,-1.4571,3.0161
273.244,8.8423,-1.4729,2.9937
273.287,8.8396,-1.4712,2.9966
273.315,8.8452,-1.475,2.9902
273.365,8.846,-1.4761,2.9889
273.381,8.8473,-1.4778,2.9867
273.402,8.8454,-1.4758,2.9894
273.438,8.8467,-1.4767,2.988
273.478,8.8446,-1.4734,2.9919
273.505,8.8446,-1.4737,2.9917
273.526,8.845,-1.471,2.9936
273.574,8.845,-1.471,2.9936
273.603,8.846,-1.4702,2.9937
273.62,8.8467,-1.4701,2.9934
273.643,8.8463,-1.4701,2.9936
273.679,8.847,-1.4699,2.9933
273.72,8.847,-1.4699,2.9933
273.76,8.8466,-1.4695,2.9938
273.781,8.8466,-1.4695,2.9938
273.801,8.8463,-1.4694,2.9941
273.834,8.8463,-1.4693,2.9942
273.856,8.8462,-1.4693,2.9942
273.903,8.848,-1.4715,2.9915
273.929,8.8472,-1.4706,2.9927
273.962,8.8517,-1.4746,2.9868
273.998,8.8541,-1.4776,2.9829
274.013,8.8521,-1.475,2.9862
274.061,8.8588,-1.4845,2.9745
274.115,8.8574,-1.4826,2.977
274.141,8.8659,-1.495,2.9618
274.158,8.8722,-1.5017,2.9527
274.188,8.8627,-1.4906,2.9674
274.257,8.8712,-1.5009,2.954
274.278,8.8875,-1.52,2.929
274.312,8.8856,-1.5175,2.9321
274.334,8.8984,-1.5361,2.9095
274.355,8.9091,-1.5511,2.8911
274.394,8.8988,-1.5373,2.9083
274.462,8.9183,-1.5691,2.8712
274.465,8.91,-1.5529,2.8891
274.494,8.9209,-1.5737,2.8658
274.507,8.9295,-1.5922,2.8459
274.527,8.9354,-1.6059,2.8313
274.57,8.9323,-1.5986,2.839
274.614,8.9427,-1.6172,2.8179
274.643,8.9404,-1.6142,2.8217
274.669,8.9548,-1.6304,2.8002
274.71,8.9544,-1.63,2.8006
274.736,8.968,-1.6466,2.7792
274.791,8.9696,-1.6476,2.7775
274.818,8.9868,-1.6609,2.7566
274.849,8.9929,-1.6666,2.7484
274.865,8.9855,-1.6599,2.7582
274.912,8.9981,-1.6733,2.7399
274.926,8.9944,-1.6682,2.7463
274.996,9.0014,-1.6784,2.7339
275.021,9.0036,-1.6832,2.7287
275.057,9.0036,-1.6831,2.7288
275.07,9.0037,-1.6844,2.7277
275.108,9.0041,-1.6843,2.7275
275.135,9.0038,-1.6843,2.7276
275.174,9.004,-1.6837,2.728
275.197,9.004,-1.684,2.7278
275.227,9.0036,-1.6832,2.7287
275.272,9.0036,-1.6832,2.7287
275.311,9.0032,-1.6832,2.7289
275.336,9.0032,-1.6832,2.7289
275.375,9.0034,-1.6835,2.7285
275.406,9.0034,-1.6835,2.7286
275.426,9.0037,-1.6837,2.7282
275.455,9.0038,-1.6837,2.7282
275.491,9.0038,-1.6837,2.7281
275.551,9.0038,-1.6837,2.7282
275.579,9.0037,-1.6836,2.7283
275.621,9.0036,-1.6836,2.7283
275.642,9.0036,-1.6836,2.7284
275.692,9.0036,-1.6836,2.7283
275.715,9.0038,-1.6839,2.7279
275.767,9.0039,-1.684,2.7279
275.804,9.0045,-1.687,2.7251
275.826,9.0045,-1.6864,2.7256
275.846,9.0082,-1.6913,2.7194
275.89,9.0085,-1.6918,2.7188
275.939,9.0166,-1.7024,2.7055
275.979,9.0163,-1.7019,2.7061
276.01,9.0256,-1.7158,2.6894
276.047,9.0253,-1.7154,2.6899
276.082,9.0351,-1.7315,2.6711
276.115,9.0348,-1.731,2.6717
276.167,9.0428,-1.7493,2.6521
276.188,9.0402,-1.7434,2.6585
276.215,9.0509,-1.7666,2.6335
276.239,9.062,-1.783,2.6137
276.27,9.0505,-1.7658,2.6343
276.336,9.0637,-1.7883,2.6084
276.355,9.0725,-1.8084,2.587
276.37,9.0807,-1.8205,2.5724
276.391,9.0735,-1.8101,2.585
276.421,9.0908,-1.8319,2.5573
276.454,9.0862,-1.8269,2.564
276.491,9.1024,-1.8455,2.5394
276.538,9.1003,-1.8429,2.5427
276.569,9.1127,-1.8549,2.5257
276.614,9.1112,-1.8539,2.5274
276.655,9.1195,-1.8601,2.5175
276.677,9.1187,-1.8598,2.5182
276.712,9.1219,-1.8591,2.5169
276.723,9.1211,-1.8579,2.5183
276.746,9.122,-1.8591,2.5168
276.796,9.1196,-1.8563,2.5205
276.831,9.12,-1.8567,2.5199
276.886,9.1186,-1.8552,2.522
276.901,9.119,-1.8556,2.5214
276.987,9.1188,-1.8543,2.5226
277.038,9.1188,-1.8544,2.5226
277.074,9.1192,-1.8529,2.5235
277.1,9.1192,-1.8527,2.5237
277.152,9.1191,-1.8527,2.5237
277.182,9.1187,-1.8543,2.5226
277.2,9.1194,-1.8555,2.5213
277.248,9.1187,-1.8543,2.5226
277.286,9.121,-1.8577,2.5185
277.334,9.1204,-1.8568,2.5197
277.355,9.1253,-1.8624,2.5123
277.377,9.1251,-1.8622,2.5125
277.427,9.134,-1.8736,2.498
277.461,9.1333,-1.8728,2.4991
277.498,9.143,-1.8868,2.4821
277.528,9.1422,-1.8856,2.4835
277.551,9.1497,-1.8959,2.4707
277.588,9.159,-1.9079,2.4555
277.612,9.1514,-1.8981,2.468
277.659,9.1651,-1.9151,2.4461
277.694,9.1773,-1.9307,2.4264
277.72,9.1861,-1.9489,2.4065
277.74,9.1803,-1.9356,2.4207
277.781,9.1908,-1.9536,2.4
277.82,9.1981,-1.9683,2.3838
277.843,9.2036,-1.9816,2.3698
277.863,9.2013,-1.9765,2.3753
277.883,9.2098,-1.9933,2.3567
277.933,9.2094,-1.9927,2.3574
277.959,9.2186,-2.0057,2.3415
277.986,9.2298,-2.0185,2.3246
278.01,9.2202,-2.008,2.3387
278.054,9.2358,-2.0234,2.317
278.077,9.2333,-2.0216,2.32
278.103,9.2442,-2.027,2.3092
278.15,9.2432,-2.0263,2.3103
278.181,9.2463,-2.0278,2.3072
278.209,9.2463,-2.0276,2.3074
278.222,9.2458,-2.0259,2.3091
278.248,9.2444,-2.0238,2.3116
278.295,9.2448,-2.0244,2.3109
278.324,9.2435,-2.0227,2.3131
278.362,9.2436,-2.0228,2.3129
278.4,9.2433,-2.0223,2.3134
278.43,9.2434,-2.0223,2.3134
278.477,9.2437,-2.0222,2.3133
278.515,9.2437,-2.0222,2.3133
278.553,9.2439,-2.0217,2.3136
278.599,9.2439,-2.0217,2.3136
278.626,9.2436,-2.0214,2.314
278.664,9.2437,-2.0215,2.3139
278.688,9.2436,-2.0215,2.3139
278.71,9.2436,-2.0215,2.3139
278.747,9.2455,-2.0233,2.3114
278.775,9.2457,-2.0236,2.311
278.817,9.2505,-2.0272,2.3053
278.821,9.2558,-2.0324,2.298
278.849,9.2516,-2.0284,2.3036
278.888,9.2608,-2.0371,2.2912
278.933,9.2582,-2.0348,2.2946
278.957,9.2649,-2.0425,2.2844
278.999,9.2641,-2.0412,2.2859
279.033,9.272,-2.0521,2.2724
279.06,9.2716,-2.0515,2.2732
279.098,9.2781,-2.0595,2.2629
279.13,9.2781,-2.0595,2.2629
279.14,9.2904,-2.0724,2.2452
279.202,9.3006,-2.0872,2.2272
279.209,9.2961,-2.08,2.2357
279.226,9.3105,-2.1006,2.2106
279.258,9.3082,-2.0986,2.2136
279.29,9.3192,-2.1177,2.1916
279.345,9.3193,-2.1179,2.1915
279.386,9.3297,-2.1409,2.1667
279.401,9.3374,-2.1554,2.1505
279.439,9.3294,-2.14,2.1676
279.464,9.3483,-2.1728,2.13
279.493,9.3418,-2.1623,2.1423
279.531,9.3616,-2.1886,2.1094
279.556,9.358,-2.1853,2.1143
279.584,9.3765,-2.2028,2.0892
279.624,9.3756,-2.202,2.0903
279.656,9.387,-2.2116,2.0759
279.7,9.3882,-2.2125,2.0744
279.736,9.394,-2.218,2.0665
279.741,9.3982,-2.2247,2.0586
279.768,9.3952,-2.2193,2.0648
279.803,9.4011,-2.2292,2.0534
279.844,9.4005,-2.2287,2.0541
279.877,9.401,-2.2329,2.0504
279.908,9.4008,-2.2322,2.0511
279.942,9.4013,-2.2331,2.0501
279.968,9.4013,-2.233,2.0501
280.006,9.4013,-2.2319,2.051
280.05,9.4013,-2.2318,2.0511
280.071,9.401,-2.2309,2.052
280.127,9.4009,-2.2307,2.0522
280.153,9.4007,-2.2305,2.0525
280.204,9.4006,-2.2305,2.0525
280.232,9.4008,-2.2307,2.0522
280.271,9.4007,-2.2307,2.0523
280.295,9.4012,-2.2311,2.0517
280.326,9.4012,-2.231,2.0518
280.364,9.4021,-2.2336,2.0491
280.378,9.4044,-2.2354,2.0463
280.392,9.4025,-2.234,2.0486
280.433,9.4103,-2.2421,2.0375
280.466,9.4082,-2.2397,2.0406
280.509,9.4162,-2.2495,2.028
280.558,9.4152,-2.2483,2.0296
280.591,9.4262,-2.2623,2.0118
280.618,9.4243,-2.2597,2.015
280.659,9.4333,-2.2725,1.9994
280.7,9.4335,-2.2727,1.9991
280.754,9.4436,-2.2895,1.9796
280.776,9.4395,-2.2826,1.9876
280.821,9.4533,-2.3054,1.961
280.844,9.4496,-2.2993,1.9681
280.867,9.4663,-2.3263,1.9364
280.895,9.4616,-2.3199,1.9444
280.924,9.4751,-2.3462,1.9153
280.959,9.4755,-2.347,1.9143
280.982,9.4854,-2.3645,1.8943
281.001,9.4949,-2.3777,1.8781
281.03,9.4875,-2.3679,1.8904
281.065,9.507,-2.393,1.8586
281.101,9.5024,-2.3871,1.8661
281.134,9.5204,-2.4099,1.837
281.173,9.5183,-2.4074,1.8404
281.206,9.5355,-2.4281,1.8134
281.232,9.533,-2.4253,1.8172
281.259,9.545,-2.4378,1.8
281.298,9.5508,-2.442,1.7932
281.316,9.5475,-2.4397,1.797
281.359,9.553,-2.4451,1.7894
281.386,9.5527,-2.4442,1.7903
281.425,9.5522,-2.4442,1.7906
281.458,9.5523,-2.4444,1.7904
281.486,9.5508,-2.441,1.794
281.509,9.5504,-2.4397,1.7953
281.533,9.5508,-2.4411,1.7939
281.573,9.5505,-2.4394,1.7954
281.607,9.5504,-2.4395,1.7954
281.642,9.5508,-2.4394,1.7953
281.695,9.5508,-2.4394,1.7953
281.742,9.5505,-2.4386,1.7961
281.766,9.5506,-2.4389,1.7958
281.799,9.5502,-2.4379,1.7969
281.818,9.5503,-2.4382,1.7965
281.862,9.5499,-2.4372,1.7975
281.885,9.55,-2.4375,1.7972
281.908,9.5498,-2.4367,1.798
281.973,9.5499,-2.4368,1.7979
282.004,9.5495,-2.4357,1.799
282.021,9.5496,-2.4359,1.7988
282.056,9.5491,-2.4351,1.7997
282.092,9.5491,-2.4352,1.7997
282.142,9.5489,-2.4343,1.8006
282.185,9.5489,-2.4344,1.8004
282.21,9.5483,-2.4335,1.8015
282.232,9.5485,-2.4338,1.8011
282.265,9.548,-2.433,1.8021
282.29,9.5481,-2.4331,1.802
282.317,9.5479,-2.4326,1.8025
282.361,9.5479,-2.4326,1.8025
282.407,9.5477,-2.4321,1.803
282.444,9.5477,-2.4322,1.803
282.473,9.5475,-2.4318,1.8034
282.511,9.5475,-2.4318,1.8033
282.533,9.5474,-2.4317,1.8035
282.573,9.5474,-2.4317,1.8035
282.591,9.5472,-2.4316,1.8037
282.615,9.5472,-2.4315,1.8038
282.644,9.5472,-2.4316,1.8037
282.688,9.5471,-2.4315,1.8038
282.717,9.5472,-2.4315,1.8038
282.743,9.5471,-2.4314,1.8039
282.773,9.5471,-2.4314,1.8039
282.788,9.5471,-2.4314,1.8039
282.821,9.5471,-2.4314,1.8039
282.859,9.5471,-2.4314,1.804
282.896,9.5471,-2.4313,1.804
282.928,9.5471,-2.4313,1.804
282.98,9.5471,-2.4313,1.8041
282.996,9.5471,-2.4313,1.804
283.019,9.547,-2.4312,1.8041
283.06,9.547,-2.4312,1.8041
283.09,9.547,-2.4312,1.8041
283.103,9.5471,-2.4312,1.8041
283.155,9.547,-2.4312,1.8041
283.175,9.5471,-2.4312,1.8041
283.203,9.5471,-2.4312,1.804
283.243,9.5471,-2.4312,1.8041
283.294,9.5471,-2.4312,1.8041
283.341,9.547,-2.4312,1.8042
283.357,9.547,-2.4312,1.8041
283.393,9.5471,-2.4311,1.8041
283.428,9.5471,-2.4311,1.8041
283.475,9.547,-2.4311,1.8042
283.502,9.5471,-2.4312,1.8041
283.549,9.547,-2.4311,1.8042
283.557,9.547,-2.4311,1.8042
283.592,9.5471,-2.4311,1.8042
283.621,9.5471,-2.4311,1.8042
283.663,9.5471,-2.4311,1.8042
283.7,9.5471,-2.4311,1.8042
283.742,9.5466,-2.4309,1.8046
283.775,9.5467,-2.4309,1.8045
283.789,9.5458,-2.4313,1.8048
283.827,9.545,-2.4295,1.8067
283.855,9.5456,-2.4307,1.8054
283.895,9.5443,-2.4275,1.8087
283.913,9.5447,-2.4288,1.8075
283.946,9.5442,-2.4253,1.8105
283.968,9.5441,-2.4261,1.81
284.002,9.5446,-2.423,1.8122
284.04,9.5446,-2.4228,1.8124
284.061,9.5452,-2.4207,1.8137
284.107,9.5453,-2.4201,1.8141
284.128,9.5459,-2.4183,1.8152
284.143,9.5464,-2.4164,1.8164
284.21,9.5462,-2.4174,1.8158
284.24,9.5479,-2.4143,1.8172
284.277,9.5475,-2.4149,1.817
284.29,9.5517,-2.4128,1.8162
284.357,9.5519,-2.4129,1.8161
284.38,9.5588,-2.4136,1.8115
284.409,9.5579,-2.4137,1.8119
284.439,9.5632,-2.4144,1.8083
284.474,9.5633,-2.4147,1.8079
284.528,9.5658,-2.4141,1.807
284.602,9.5659,-2.4141,1.8069
284.604,9.5675,-2.4099,1.8094
284.619,9.5671,-2.4111,1.8087
284.653,9.5694,-2.4084,1.8096
284.691,9.568,-2.4081,1.8106
284.7,9.572,-2.4081,1.8083
284.739,9.5721,-2.4077,1.8086
284.765,9.5732,-2.4052,1.81
284.79,9.5744,-2.4045,1.8099
284.826,9.5738,-2.4049,1.8098
284.861,9.5747,-2.4046,1.8096
284.898,9.5747,-2.4045,1.8097
284.919,9.5743,-2.4049,1.8096
284.97,9.5743,-2.4049,1.8096
285.001,9.5741,-2.4039,1.8105
285.033,9.5741,-2.4038,1.8106
285.061,9.5741,-2.403,1.8112
285.089,9.5741,-2.403,1.8113
285.102,9.574,-2.4025,1.8117
285.124,9.5737,-2.4017,1.8126
285.168,9.5739,-2.4022,1.812
285.202,9.5735,-2.4006,1.8135
285.232,9.5735,-2.4008,1.8134
285.253,9.5731,-2.3995,1.8148
285.278,9.5726,-2.3984,1.8159
285.319,9.573,-2.399,1.8152
285.357,9.5723,-2.3976,1.8167
285.39,9.5725,-2.398,1.8163
285.424,9.572,-2.3971,1.8173
285.465,9.572,-2.3971,1.8173
285.496,9.5717,-2.3968,1.8177
285.534,9.5717,-2.3968,1.8177
285.595,9.5714,-2.3963,1.8183
285.614,9.5714,-2.3965,1.8182
285.663,9.5714,-2.396,1.8185
285.677,9.5714,-2.3961,1.8184
285.713,9.5714,-2.3958,1.8188
285.744,9.5714,-2.3959,1.8187
285.794,9.5725,-2.3967,1.8174
285.822,9.5719,-2.3961,1.8182
285.846,9.5734,-2.396,1.8174
285.881,9.5731,-2.3961,1.8175
285.908,9.5741,-2.3978,1.8156
285.949,9.5741,-2.3978,1.8156
285.954,9.5754,-2.3984,1.8143
286.01,9.5762,-2.3996,1.8128
286.029,9.5758,-2.3988,1.8138
286.061,9.5764,-2.4002,1.8122
286.099,9.5764,-2.4001,1.8124
286.127,9.5773,-2.4005,1.8115
286.164,9.5773,-2.4004,1.8116
286.202,9.5775,-2.4003,1.8115
286.246,9.5775,-2.4003,1.8115
286.262,9.5766,-2.3993,1.8129
286.303,9.5766,-2.3993,1.8128
286.33,9.5767,-2.3993,1.8128
286.352,9.5759,-2.3993,1.8132
286.409,9.5765,-2.3993,1.8129
286.435,9.5752,-2.3998,1.8132
286.466,9.5749,-2.3996,1.8136
286.513,9.575,-2.3996,1.8135
286.549,9.5751,-2.4001,1.8131
286.57,9.5751,-2.4,1.8131
286.594,9.5753,-2.4014,1.8119
286.629,9.576,-2.4029,1.8103
286.658,9.5754,-2.4017,1.8116
286.714,9.5766,-2.4034,1.8095
286.733,9.5775,-2.4043,1.8082
286.752,9.5785,-2.4046,1.8074
286.777,9.578,-2.4046,1.8077
286.813,9.5789,-2.4047,1.8071
286.855,9.5789,-2.4045,1.8073
286.895,9.5785,-2.405,1.8071
286.93,9.5785,-2.405,1.8071
286.969,9.5796,-2.4053,1.8062
287.004,9.5795,-2.4053,1.8063
287.037,9.5777,-2.4067,1.8062
287.075,9.5777,-2.4066,1.8062
287.085,9.5746,-2.4091,1.8059
287.122,9.5717,-2.4102,1.8068
287.149,9.5737,-2.4096,1.8061
287.181,9.5694,-2.4111,1.8073
287.224,9.5699,-2.4112,1.8069
287.263,9.5679,-2.4148,1.8051
287.302,9.5681,-2.4144,1.8054
287.331,9.5691,-2.4163,1.8033
287.376,9.5689,-2.4163,1.8035
287.401,9.5711,-2.4149,1.8033
287.426,9.571,-2.415,1.8032
287.452,9.5725,-2.4132,1.8039
287.463,9.5733,-2.4113,1.8049
287.511,9.5729,-2.4122,1.8044
287.54,9.5726,-2.4097,1.8066
287.575,9.5731,-2.4104,1.8058
287.61,9.5732,-2.4067,1.8088
287.637,9.5731,-2.4071,1.8085
287.661,9.5767,-2.4053,1.8079
287.685,9.5808,-2.4025,1.8078
287.714,9.5782,-2.4044,1.8078
287.751,9.5838,-2.4014,1.807
287.789,9.5829,-2.4016,1.8074
287.841,9.5857,-2.401,1.8063
287.859,9.5847,-2.4011,1.8068
287.911,9.5878,-2.4007,1.8054
287.928,9.587,-2.4008,1.8057
287.952,9.5892,-2.4003,1.8048
287.994,9.5889,-2.4003,1.805
288.017,9.5904,-2.4001,1.8043
288.062,9.5904,-2.4001,1.8044
288.071,9.5911,-2.4,1.8041
288.1,9.5918,-2.3998,1.8038
288.132,9.5914,-2.3999,1.8039
288.153,9.5925,-2.3994,1.8037
288.201,9.5922,-2.3995,1.8038
288.229,9.5931,-2.3991,1.8036
288.274,9.5929,-2.3992,1.8037
288.307,9.5937,-2.399,1.8034
288.342,9.5937,-2.399,1.8034
288.388,9.5941,-2.3986,1.8035
288.391,9.5945,-2.3985,1.8033
288.414,9.5943,-2.3985,1.8034
288.437,9.595,-2.3982,1.8033
288.473,9.5948,-2.3983,1.8033
288.505,9.5955,-2.398,1.8032
288.534,9.5954,-2.3981,1.8032
288.56,9.596,-2.3976,1.8032
288.603,9.5961,-2.3976,1.8032
288.622,9.5966,-2.3973,1.8032
288.68,9.5966,-2.3972,1.8032
288.705,9.5969,-2.3968,1.8034
288.72,9.597,-2.3966,1.8035
288.758,9.5969,-2.3968,1.8034
288.782,9.5972,-2.3963,1.8036
288.824,9.5971,-2.3963,1.8037
288.837,9.5972,-2.3961,1.8038
288.897,9.5972,-2.3961,1.8039
288.919,9.5976,-2.3959,1.8038
288.969,9.5975,-2.3959,1.8038
288.991,9.5976,-2.3956,1.8039
289.012,9.5978,-2.3954,1.804
289.043,9.5978,-2.3955,1.804
289.08,9.5979,-2.3952,1.8042
289.11,9.5979,-2.3953,1.8041
289.151,9.598,-2.3949,1.8043
289.19,9.598,-2.395,1.8043
289.218,9.598,-2.3947,1.8045
289.235,9.5981,-2.3944,1.8046
289.252,9.598,-2.3947,1.8045
289.293,9.5983,-2.3942,1.8047
289.333,9.5982,-2.3944,1.8047
289.371,9.5983,-2.394,1.8049
289.389,9.5983,-2.3941,1.8048
289.423,9.5984,-2.3938,1.805
289.45,9.5984,-2.3938,1.805
289.476,9.5985,-2.3935,1.8052
289.519,9.5985,-2.3935,1.8052
289.539,9.5987,-2.3931,1.8054
289.561,9.5988,-2.3929,1.8055
289.594,9.5987,-2.393,1.8055
289.632,9.5988,-2.3927,1.8057
289.663,9.5987,-2.3928,1.8057
289.698,9.5988,-2.3924,1.8059
289.738,9.5989,-2.3924,1.806
289.757,9.5989,-2.3921,1.8061
289.786,9.5988,-2.3919,1.8063
289.806,9.5989,-2.3921,1.8062
289.84,9.5988,-2.3919,1.8064
289.875,9.5988,-2.3919,1.8064
289.917,9.5988,-2.3918,1.8065
289.951,9.5988,-2.3918,1.8065
289.976,9.5988,-2.3917,1.8065
290.001,9.5988,-2.3916,1.8066
290.022,9.5988,-2.3917,1.8065
290.064,9.5988,-2.3916,1.8066
290.093,9.5988,-2.3916,1.8066
290.114,9.5987,-2.3915,1.8067
290.17,9.5986,-2.3915,1.8068
290.202,9.598,-2.3919,1.8069
290.235,9.598,-2.3919,1.8069
290.272,9.5995,-2.3914,1.8064
290.297,9.6003,-2.3917,1.8057
290.322,9.5996,-2.3916,1.8062
290.362,9.6017,-2.3909,1.8056
290.38,9.601,-2.3914,1.8056
290.393,9.6036,-2.3883,1.8066
290.44,9.6034,-2.3886,1.8065
290.471,9.6059,-2.3859,1.8073
290.512,9.6065,-2.3854,1.8074
290.55,9.6082,-2.383,1.8084
290.566,9.6095,-2.3812,1.8092
290.588,9.6086,-2.3826,1.8086
290.622,9.613,-2.3792,1.809
290.682,9.6118,-2.3794,1.8095
290.711,9.6124,-2.3782,1.8101
290.735,9.6126,-2.3785,1.8098
290.767,9.6133,-2.3777,1.81
290.812,9.6133,-2.3777,1.81
290.821,9.614,-2.3776,1.8098
290.834,9.6144,-2.3778,1.8094
290.864,9.6142,-2.3777,1.8096
290.908,9.6149,-2.3784,1.8086
290.929,9.6147,-2.3782,1.8089
290.959,9.6151,-2.3791,1.8079
291.002,9.6151,-2.379,1.8079
291.035,9.6151,-2.3798,1.8073
291.05,9.6153,-2.3803,1.8068
291.063,9.6152,-2.3799,1.8072
291.105,9.6154,-2.3806,1.8065
291.141,9.6153,-2.3805,1.8066
291.171,9.6158,-2.3809,1.8061
291.201,9.6157,-2.3809,1.8061
291.221,9.6164,-2.3811,1.8055
291.271,9.6165,-2.3811,1.8054
291.298,9.617,-2.3814,1.805
291.311,9.6177,-2.3815,1.8044
291.353,9.6174,-2.3814,1.8047
291.385,9.6183,-2.3817,1.804
291.42,9.6182,-2.3816,1.8041
291.445,9.6188,-2.3819,1.8036
291.501,9.6189,-2.3819,1.8034
291.559,9.6193,-2.3822,1.803
291.569,9.6192,-2.3821,1.8031
291.598,9.6196,-2.3825,1.8026
291.648,9.6196,-2.3825,1.8026
291.685,9.6199,-2.3828,1.8022
291.708,9.6199,-2.3828,1.8022
291.741,9.6201,-2.3831,1.8018
291.775,9.6201,-2.3831,1.8018
291.807,9.6201,-2.3833,1.8016
291.846,9.62,-2.3834,1.8016
291.861,9.62,-2.3835,1.8015
291.89,9.62,-2.3837,1.8014
291.91,9.62,-2.3836,1.8014
291.956,9.6199,-2.3839,1.8012
291.987,9.6199,-2.3839,1.8013
292.014,9.6199,-2.384,1.8012
292.032,9.62,-2.3842,1.801
292.075,9.6199,-2.384,1.8012
292.111,9.62,-2.3843,1.8009
292.133,9.62,-2.3842,1.8009
292.178,9.6199,-2.3844,1.8008
292.206,9.6199,-2.3844,1.8008
292.243,9.6197,-2.3847,1.8007
292.267,9.6197,-2.3847,1.8007
292.302,9.6195,-2.3849,1.8007
292.33,9.6193,-2.385,1.8007
292.348,9.6195,-2.3849,1.8007
292.383,9.6192,-2.3851,1.8006
292.409,9.6193,-2.385,1.8007
292.437,9.6191,-2.3851,1.8006
292.476,9.6191,-2.3851,1.8006
292.517,9.6191,-2.3852,1.8006
292.532,9.6192,-2.3852,1.8006
292.558,9.6191,-2.3852,1.8006
292.59,9.6192,-2.3852,1.8006
292.625,9.6192,-2.3852,1.8006
292.654,9.6191,-2.3852,1.8006
292.708,9.6191,-2.3852,1.8006
292.727,9.6191,-2.3853,1.8005
292.762,9.6191,-2.3853,1.8006
292.797,9.6191,-2.3853,1.8005
292.832,9.6191,-2.3853,1.8005
292.873,9.6191,-2.3853,1.8005
292.896,9.6191,-2.3853,1.8005
292.947,9.6189,-2.3853,1.8007
292.974,9.6189,-2.3853,1.8007
293.015,9.6189,-2.3853,1.8007
293.042,9.6189,-2.3852,1.8007
293.082,9.6189,-2.3852,1.8007
293.12,9.6189,-2.3852,1.8007
293.144,9.619,-2.3851,1.8007
293.188,9.619,-2.3851,1.8007
293.234,9.619,-2.3852,1.8007
293.254,9.619,-2.3852,1.8007
293.302,9.6191,-2.3852,1.8006
293.328,9.6191,-2.3852,1.8007
293.361,9.6192,-2.3852,1.8006
293.397,9.6192,-2.3852,1.8006
293.424,9.6192,-2.3852,1.8006
293.444,9.6191,-2.3851,1.8006
293.461,9.6192,-2.3852,1.8006
293.51,9.6191,-2.3852,1.8006
293.535,9.6191,-2.3852,1.8006
293.566,9.619,-2.3852,1.8006
293.59,9.619,-2.3852,1.8007
293.636,9.619,-2.3852,1.8006
293.667,9.6189,-2.3852,1.8007
293.687,9.619,-2.3852,1.8007
293.715,9.6185,-2.3845,1.8015
293.749,9.6188,-2.3849,1.801
293.79,9.6189,-2.3843,1.8015
293.848,9.6189,-2.3844,1.8014
293.891,9.6172,-2.3837,1.803
293.903,9.6175,-2.3842,1.8024
293.93,9.6163,-2.3813,1.8054
293.962,9.6166,-2.3822,1.8045
293.977,9.6163,-2.3783,1.8079
294.029,9.6164,-2.3782,1.808
294.048,9.6172,-2.377,1.8085
294.076,9.6126,-2.3755,1.8123
294.103,9.6154,-2.3759,1.8104
294.131,9.609,-2.3744,1.8152
294.183,9.6095,-2.3746,1.8147
294.21,9.6073,-2.3741,1.8164
294.248,9.6074,-2.3741,1.8164
294.28,9.607,-2.3741,1.8166
294.329,9.6069,-2.3741,1.8166
294.332,9.6081,-2.3748,1.8154
294.388,9.6086,-2.375,1.815
294.432,9.611,-2.3761,1.8127
294.461,9.6111,-2.3761,1.8126
294.48,9.6132,-2.3778,1.8101
294.513,9.6133,-2.3778,1.81
294.544,9.6145,-2.3792,1.8082
294.558,9.6157,-2.3809,1.8061
294.589,9.6149,-2.3795,1.8077
294.618,9.6165,-2.3823,1.8044
294.662,9.6162,-2.3818,1.8051
294.691,9.6165,-2.3829,1.8039
294.722,9.6166,-2.383,1.8039
294.742,9.6179,-2.3825,1.8035
294.777,9.6168,-2.382,1.8046
294.795,9.6179,-2.3822,1.8038
294.839,9.6168,-2.3813,1.8052
294.882,9.6168,-2.3815,1.805
294.909,9.6172,-2.3803,1.8058
294.942,9.6171,-2.3804,1.8057
294.973,9.6177,-2.3795,1.8062
294.999,9.6177,-2.3795,1.8062
295.017,9.6179,-2.3788,1.8066
295.041,9.6179,-2.3783,1.807
295.078,9.6179,-2.3786,1.8068
295.11,9.6179,-2.378,1.8073
295.162,9.6179,-2.3781,1.8072
295.191,9.6179,-2.3777,1.8075
295.231,9.6179,-2.3777,1.8075
295.252,9.618,-2.3775,1.8077
295.266,9.618,-2.3772,1.8079
295.302,9.618,-2.3774,1.8077
295.339,9.6181,-2.377,1.808
295.375,9.6181,-2.3771,1.808
295.406,9.6181,-2.3769,1.8081
295.428,9.6181,-2.3769,1.8081
295.463,9.6181,-2.3767,1.8083
295.5,9.6181,-2.3767,1.8083
295.544,9.6182,-2.3764,1.8084
295.575,9.6182,-2.3764,1.8084
295.616,9.6184,-2.3764,1.8084
295.664,9.6183,-2.3764,1.8084
295.696,9.6183,-2.3764,1.8084
295.719,9.6183,-2.3764,1.8084
295.75,9.6183,-2.3763,1.8085
295.791,9.6183,-2.3763,1.8085
295.805,9.6183,-2.3761,1.8087
295.825,9.6183,-2.376,1.8088
295.845,9.6183,-2.3761,1.8087
295.885,9.6183,-2.3759,1.8088
295.944,9.6183,-2.3759,1.8088
295.985,9.6184,-2.3759,1.8088
296.001,9.6183,-2.3759,1.8088
296.042,9.6184,-2.3759,1.8088
296.07,9.6184,-2.3759,1.8088
296.099,9.6185,-2.3758,1.8088
296.137,9.6185,-2.3758,1.8088
296.152,9.6185,-2.3758,1.8088
296.175,9.6184,-2.3756,1.809
296.211,9.6185,-2.3757,1.8089
296.25,9.6186,-2.3756,1.8089
296.28,9.6186,-2.3756,1.8089
296.3,9.6186,-2.3755,1.809
296.325,9.6186,-2.3755,1.809
296.355,9.6186,-2.3755,1.809
296.39,9.6186,-2.3755,1.809
296.417,9.6186,-2.3755,1.809
296.465,9.6186,-2.3754,1.809
296.492,9.6186,-2.3754,1.809
296.52,9.6186,-2.3753,1.8091
296.565,9.6186,-2.3753,1.8091
296.588,9.6185,-2.3752,1.8093
296.628,9.6185,-2.3752,1.8093
296.633,9.6185,-2.375,1.8094
296.665,9.6185,-2.375,1.8095
296.696,9.6185,-2.375,1.8095
296.731,9.6185,-2.3749,1.8096
296.764,9.6185,-2.3749,1.8095
296.791,9.6185,-2.3748,1.8096
296.835,9.6185,-2.3748,1.8096
296.855,9.6185,-2.3747,1.8097
296.881,9.6185,-2.3747,1.8097
296.905,9.6185,-2.3747,1.8097
296.929,9.6185,-2.3746,1.8098
296.979,9.6185,-2.3746,1.8098
297.004,9.6185,-2.3746,1.8098
297.044,9.6185,-2.3746,1.8098
297.06,9.6185,-2.3746,1.8098
297.112,9.6185,-2.3746,1.8098
297.145,9.6185,-2.3746,1.8098
297.159,9.6185,-2.3745,1.8099
297.181,9.6185,-2.3745,1.8099
297.225,9.6184,-2.3744,1.81
297.249,9.6185,-2.3744,1.81
297.283,9.6184,-2.3743,1.8101
297.324,9.6184,-2.3743,1.8101
297.344,9.6184,-2.3743,1.8101
297.385,9.6184,-2.3742,1.8101
297.396,9.6185,-2.3742,1.8102
297.445,9.6185,-2.3742,1.8102
297.455,9.6185,-2.3742,1.8102
297.489,9.6185,-2.3741,1.8102
297.536,9.6185,-2.3741,1.8102
297.569,9.6185,-2.374,1.8103
297.597,9.6185,-2.374,1.8103
297.623,9.6184,-2.3739,1.8104
297.647,9.6185,-2.3738,1.8104
297.67,9.6185,-2.3739,1.8104
297.729,9.6185,-2.3738,1.8104
297.768,9.6185,-2.3738,1.8104
297.797,9.6185,-2.3737,1.8105
297.827,9.6185,-2.3737,1.8105
297.853,9.6185,-2.3737,1.8106
297.879,9.6185,-2.3736,1.8106
297.912,9.6185,-2.3737,1.8106
297.968,9.6185,-2.3736,1.8106
297.991,9.6185,-2.3735,1.8107
298.034,9.6184,-2.3735,1.8108
298.062,9.6184,-2.3734,1.8108
298.103,9.6184,-2.3734,1.8108
298.122,9.6185,-2.3734,1.8108
298.135,9.6185,-2.3734,1.8108
298.17,9.6185,-2.3734,1.8108
298.209,9.6184,-2.3733,1.8109
298.231,9.6184,-2.3733,1.8109
298.258,9.6184,-2.3733,1.8109
298.294,9.6184,-2.3733,1.8109
298.312,9.6184,-2.3732,1.811
298.37,9.6184,-2.3732,1.811
298.394,9.6184,-2.3732,1.811
298.403,9.6184,-2.3732,1.811
298.442,9.6184,-2.3732,1.811
298.458,9.6184,-2.3732,1.811
298.514,9.6184,-2.3732,1.811
298.538,9.6184,-2.3731,1.8111
298.581,9.6184,-2.3731,1.8111
298.603,9.6184,-2.3731,1.8111
298.659,9.6184,-2.3731,1.8111
298.673,9.6184,-2.3731,1.8111
298.704,9.6184,-2.3731,1.811
298.745,9.6184,-2.3731,1.8111
298.755,9.6185,-2.3731,1.811
298.808,9.6185,-2.3731,1.811
298.837,9.6185,-2.3732,1.811
298.875,9.6185,-2.3732,1.811
298.899,9.6184,-2.3732,1.811
298.921,9.6185,-2.3731,1.811
298.956,9.6184,-2.3731,1.811
298.986,9.6185,-2.3731,1.8111
299.015,9.6185,-2.3731,1.811
299.038,9.6185,-2.373,1.8111
299.082,9.6186,-2.3731,1.811
299.112,9.6185,-2.3731,1.8111
299.138,9.6185,-2.373,1.8111
299.156,9.6185,-2.3731,1.8111
299.201,9.6185,-2.3729,1.8112
299.231,9.6185,-2.373,1.8112
299.269,9.6185,-2.3728,1.8112
299.299,9.6185,-2.3729,1.8112
299.326,9.6185,-2.3727,1.8114
299.369,9.6185,-2.3727,1.8114
299.402,9.6185,-2.3727,1.8114
299.422,9.6185,-2.3727,1.8114
299.451,9.6185,-2.3727,1.8114
299.471,9.6185,-2.3727,1.8114
299.525,9.6185,-2.3727,1.8114
299.567,9.6185,-2.3726,1.8114
299.582,9.6185,-2.3727,1.8114
299.649,9.6185,-2.3726,1.8115
299.662,9.6185,-2.3726,1.8115
299.704,9.6185,-2.3726,1.8115
299.743,9.6185,-2.3726,1.8115
299.784,9.6185,-2.3726,1.8115
299.796,9.6184,-2.3726,1.8115
299.829,9.6184,-2.3726,1.8115
299.871,9.6184,-2.3726,1.8115
299.9,9.6184,-2.3725,1.8116
299.934,9.6184,-2.3725,1.8116
299.986,9.6184,-2.3724,1.8117
300.002,9.6184,-2.3724,1.8117
300.043,9.6184,-2.3724,1.8117
300.088,9.6184,-2.3724,1.8117
300.128,9.6185,-2.3725,1.8116
300.177,9.6185,-2.3725,1.8116
300.217,9.6185,-2.3724,1.8116
300.222,9.6185,-2.3724,1.8116
300.254,9.6185,-2.3725,1.8116
300.292,9.6185,-2.3725,1.8116
300.33,9.6185,-2.3724,1.8117
300.355,9.6185,-2.3724,1.8116
300.371,9.6185,-2.3723,1.8117
300.408,9.6185,-2.3723,1.8117
300.444,9.6185,-2.3722,1.8118
300.47,9.6184,-2.3721,1.8119
300.501,9.6185,-2.3722,1.8119
300.528,9.6184,-2.3721,1.812
300.565,9.6184,-2.3721,1.812
300.607,9.6185,-2.372,1.812
300.65,9.6185,-2.372,1.812
300.674,9.6185,-2.3721,1.8119
300.71,9.6185,-2.3721,1.8119
300.744,9.6185,-2.372,1.812
300.77,9.6185,-2.372,1.812
300.79,9.6184,-2.3719,1.8121
300.812,9.6184,-2.3719,1.8121
300.833,9.6184,-2.3719,1.8121
300.871,9.6185,-2.3719,1.812
300.909,9.6185,-2.3719,1.8121
300.958,9.6185,-2.372,1.812
300.987,9.6185,-2.372,1.812
301.005,9.6185,-2.3719,1.812
301.022,9.6185,-2.3719,1.812
301.079,9.6186,-2.372,1.812
301.131,9.6186,-2.3719,1.812
301.142,9.6186,-2.3719,1.812
301.203,9.6186,-2.3719,1.812
301.235,9.6186,-2.3719,1.812
301.263,9.6186,-2.3719,1.812
301.288,9.6186,-2.3719,1.812
301.348,9.6187,-2.3719,1.812
301.393,9.6187,-2.3719,1.812
301.408,9.6187,-2.3719,1.812
301.435,9.6186,-2.3719,1.812
301.485,9.6186,-2.3719,1.812
301.493,9.6186,-2.3718,1.812
301.509,9.6186,-2.3718,1.8121
301.542,9.6186,-2.3718,1.8121
301.619,9.6186,-2.3718,1.8121
301.632,9.6186,-2.3717,1.8122
301.669,9.6185,-2.3717,1.8122
301.687,9.6186,-2.3718,1.8121
301.722,9.6185,-2.3717,1.8122
301.751,9.6185,-2.3717,1.8122
301.791,9.6185,-2.3717,1.8122
301.816,9.6185,-2.3717,1.8122
301.861,9.6185,-2.3716,1.8122
301.876,9.6185,-2.3717,1.8122
301.922,9.6185,-2.3716,1.8122
301.93,9.6185,-2.3717,1.8122
301.963,9.6185,-2.3717,1.8122
302.002,9.6186,-2.3717,1.8122
302.042,9.6186,-2.3717,1.8122
302.074,9.6187,-2.3717,1.8121
302.115,9.6187,-2.3717,1.8121
302.157,9.6186,-2.3717,1.8121
302.192,9.6186,-2.3717,1.8121
302.22,9.6187,-2.3717,1.8121
302.28,9.6187,-2.3717,1.8121
302.327,9.6187,-2.3717,1.8121
302.351,9.6187,-2.3717,1.8121
302.401,9.6187,-2.3716,1.8122
302.439,9.619,-2.3722,1.8116
302.462,9.6189,-2.3721,1.8116
302.493,9.621,-2.374,1.8089
302.517,9.6227,-2.3774,1.8051
302.544,9.6215,-2.3743,1.8084
302.611,9.6231,-2.3808,1.8021
302.647,9.6258,-2.3943,1.7893
302.685,9.6253,-2.3917,1.7917
302.749,9.6305,-2.4098,1.7739
302.76,9.629,-2.4055,1.7782
302.792,9.6348,-2.4197,1.7632
302.814,9.6336,-2.4171,1.7661
302.85,9.6394,-2.4306,1.7516
302.893,9.6398,-2.4315,1.7506
302.919,9.6478,-2.4456,1.7345
302.945,9.6474,-2.4452,1.735
302.954,9.6556,-2.4537,1.7234
302.987,9.6638,-2.4674,1.7074
303.018,9.6585,-2.4583,1.7179
303.059,9.6659,-2.4752,1.6998
303.095,9.6646,-2.4712,1.7039
303.135,9.6722,-2.4881,1.6856
303.148,9.6771,-2.5033,1.6703
303.163,9.6724,-2.4887,1.6849
303.208,9.6857,-2.5187,1.6527
303.234,9.6796,-2.5123,1.6614
303.269,9.6918,-2.537,1.634
303.316,9.6892,-2.5315,1.64
303.342,9.693,-2.547,1.6252
303.38,9.693,-2.5471,1.6251
303.409,9.6989,-2.5553,1.615
303.453,9.6987,-2.5551,1.6153
303.491,9.708,-2.5625,1.6039
303.516,9.7081,-2.5625,1.6039
303.541,9.7134,-2.5637,1.5998
303.559,9.7155,-2.5626,1.5996
303.583,9.7139,-2.5637,1.5996
303.642,9.7159,-2.56,1.6015
303.671,9.7158,-2.5613,1.6005
303.693,9.7158,-2.5579,1.6033
303.739,9.7159,-2.5582,1.603
303.789,9.7146,-2.5543,1.607
303.813,9.7149,-2.5554,1.6058
303.842,9.7143,-2.5525,1.6086
303.876,9.7143,-2.5527,1.6084
303.935,9.7142,-2.5511,1.6098
303.955,9.7142,-2.5512,1.6098
304.009,9.714,-2.5498,1.611
304.025,9.714,-2.55,1.6108
304.065,9.7138,-2.5488,1.612
304.12,9.7138,-2.549,1.6118
304.154,9.7136,-2.548,1.6128
304.163,9.7136,-2.548,1.6128
304.197,9.7134,-2.547,1.6137
304.244,9.7135,-2.5472,1.6135
304.254,9.7136,-2.5468,1.6137
304.294,9.7136,-2.5468,1.6137
304.327,9.7171,-2.5501,1.609
304.357,9.7166,-2.5496,1.6098
304.395,9.7221,-2.5568,1.6006
304.432,9.7217,-2.5562,1.6015
304.46,9.728,-2.5663,1.5895
304.474,9.7341,-2.5766,1.5776
304.513,9.7288,-2.5677,1.5879
304.55,9.7404,-2.5875,1.565
304.606,9.7365,-2.5807,1.5728
304.641,9.7468,-2.599,1.5519
304.646,9.7443,-2.5945,1.557
304.681,9.7521,-2.6111,1.5389
304.71,9.7512,-2.6091,1.5411
304.774,9.7557,-2.6192,1.5302
304.806,9.7556,-2.619,1.5304
304.856,9.7792,-2.6686,1.4761
304.885,9.7691,-2.6474,1.4993
304.931,9.7862,-2.6822,1.461
304.941,9.7828,-2.6755,1.4684
304.968,9.7992,-2.7002,1.4387
305.007,9.7955,-2.6952,1.445
305.037,9.8167,-2.7196,1.4129
305.058,9.8127,-2.7151,1.4188
305.084,9.8309,-2.7354,1.3918
305.128,9.83,-2.7345,1.393
305.15,9.8407,-2.7487,1.3753
305.191,9.8447,-2.749,1.3728
305.209,9.8514,-2.7538,1.365
305.24,9.8546,-2.7589,1.359
305.278,9.8539,-2.7575,1.3606
305.294,9.8575,-2.7644,1.3529
305.339,9.8571,-2.7637,1.3537
305.361,9.8561,-2.7656,1.3527
305.406,9.8562,-2.7656,1.3527
305.429,9.8561,-2.7642,1.3539
305.479,9.8559,-2.7641,1.354
305.519,9.8547,-2.7628,1.3558
305.543,9.8549,-2.7629,1.3556
305.561,9.8537,-2.7625,1.3566
305.613,9.8533,-2.7624,1.3569
305.642,9.8528,-2.7624,1.3572
305.692,9.8522,-2.7622,1.3577
305.73,9.851,-2.762,1.3585
305.76,9.8512,-2.762,1.3584
305.783,9.8502,-2.7617,1.3591
305.805,9.8493,-2.7617,1.3597
305.838,9.8498,-2.7618,1.3594
305.876,9.8491,-2.7623,1.3594
305.917,9.8492,-2.762,1.3595
305.923,9.8492,-2.7635,1.3583
305.969,9.8491,-2.7635,1.3584
305.999,9.8512,-2.7657,1.3554
306.032,9.8512,-2.7657,1.3553
306.051,9.8554,-2.7692,1.35
306.076,9.8635,-2.7756,1.3403
306.105,9.8583,-2.7719,1.3462
306.135,9.8717,-2.7837,1.329
306.177,9.8701,-2.7821,1.3311
306.221,9.877,-2.7905,1.3204
306.254,9.8769,-2.7903,1.3206
306.264,9.8827,-2.7978,1.3111
306.295,9.891,-2.8074,1.2985
306.322,9.8846,-2.7997,1.3085
306.35,9.9025,-2.8222,1.2798
306.385,9.8988,-2.8161,1.287
306.413,9.9133,-2.8386,1.2602
306.459,9.9131,-2.8383,1.2606
306.478,9.9259,-2.8525,1.2416
306.523,9.9276,-2.8601,1.2343
306.551,9.936,-2.8753,1.217
306.563,9.9426,-2.8883,1.2026
306.627,9.939,-2.8812,1.2105
306.654,9.9528,-2.9029,1.1848
306.693,9.95,-2.8991,1.1894
306.724,9.9684,-2.9234,1.159
306.757,9.9675,-2.9222,1.1605
306.797,9.9859,-2.9427,1.1333
306.823,9.9825,-2.939,1.1383
306.868,9.9989,-2.9531,1.1174
306.882,9.9962,-2.9509,1.1208
306.908,10.0053,-2.9602,1.108
306.946,10.0087,-2.9685,1.0992
306.975,10.0061,-2.9614,1.1065
307.009,10.0104,-2.9714,1.0958
307.046,10.0097,-2.9699,1.0974
307.07,10.0096,-2.9738,1.0942
307.098,10.0093,-2.9735,1.0947
307.127,10.0092,-2.9728,1.0953
307.182,10.0092,-2.9729,1.0952
307.202,10.0087,-2.9716,1.0966
307.235,10.0087,-2.9716,1.0966
307.257,10.0085,-2.9713,1.0969
307.313,10.0085,-2.9715,1.0968
307.344,10.0085,-2.9713,1.0969
307.394,10.0087,-2.9716,1.0966
307.439,10.009,-2.9714,1.0965
307.463,10.009,-2.9715,1.0965
307.481,10.0092,-2.9715,1.0964
307.523,10.0092,-2.9715,1.0964
307.528,10.0104,-2.9739,1.0937
307.554,10.0142,-2.9774,1.0887
307.587,10.012,-2.9756,1.0914
307.611,10.0195,-2.982,1.082
307.661,10.0185,-2.9812,1.0832
307.709,10.0295,-2.9908,1.0691
307.761,10.0271,-2.9887,1.0722
307.802,10.0389,-3.002,1.0546
307.812,10.0359,-2.9981,1.0595
307.846,10.0439,-3.0066,1.048
307.871,10.0419,-3.0043,1.0511
307.896,10.0551,-3.0195,1.0311
307.95,10.0551,-3.0195,1.0311
307.975,10.067,-3.0382,1.009
308.01,10.0673,-3.0386,1.0085
308.023,10.0792,-3.0515,0.9911
308.056,10.0895,-3.072,0.9684
308.079,10.0848,-3.0588,0.982
308.133,10.0987,-3.0857,0.9518
308.171,10.0951,-3.0802,0.9584
308.204,10.1111,-3.1016,0.9317
308.238,10.1082,-3.098,0.9364
308.29,10.1262,-3.1177,0.9101
308.302,10.1244,-3.1158,0.9127
