time_s,x_m,y_m,dist_to_goal_m
0.103,0.0002,0.0001,11.3028
0.126,0.0003,0.0,11.3028
0.14,0.0003,0.0001,11.3028
0.18,0.0003,0.0,11.3028
0.196,0.0002,0.0001,11.3028
0.228,0.0003,0.0001,11.3028
0.25,0.0002,0.0001,11.3028
0.285,0.0003,0.0001,11.3028
0.303,0.0003,0.0001,11.3028
0.319,0.0002,-0.0,11.3028
0.382,0.0002,-0.0,11.3028
0.408,0.0002,-0.0,11.3028
0.462,0.0002,0.0,11.3028
0.5,0.0003,0.0001,11.3028
0.522,0.0003,0.0001,11.3028
0.541,0.0003,-0.0,11.3028
0.571,0.0002,-0.0,11.3028
0.613,0.0003,0.0,11.3028
0.634,0.0002,0.0001,11.3028
0.709,0.0002,-0.0,11.3028
0.736,0.0002,0.0,11.3028
0.764,0.0002,0.0001,11.3028
0.777,0.0003,-0.0,11.3028
0.849,0.0002,0.0,11.3028
0.864,0.0002,0.0,11.3028
0.906,0.0002,-0.0,11.3028
0.916,0.0002,0.0001,11.3028
0.948,0.0002,0.0,11.3028
0.978,0.0003,0.0,11.3027
1.011,0.0003,0.0,11.3027
1.054,0.0002,-0.0,11.3028
1.103,0.0002,-0.0,11.3028
1.148,0.0003,0.0001,11.3028
1.184,0.0002,0.0,11.3028
1.191,0.0003,0.0001,11.3028
1.208,0.0003,0.0001,11.3028
1.23,0.0003,-0.0,11.3028
1.285,0.0003,-0.0,11.3028
1.321,0.0002,0.0,11.3028
1.357,0.0003,0.0,11.3028
1.387,0.0004,0.0001,11.3027
1.445,0.0004,0.0001,11.3027
1.499,0.0004,-0.0,11.3026
1.501,0.0004,0.0,11.3026
1.532,0.0004,-0.0,11.3026
1.572,0.0004,-0.0,11.3026
1.602,0.0004,0.0001,11.3027
1.639,0.0004,0.0001,11.3027
1.686,0.0004,0.0,11.3026
1.728,0.0004,0.0,11.3026
1.759,0.0003,-0.0,11.3027
1.784,0.0004,-0.0,11.3026
1.833,0.0004,0.0,11.3027
1.894,0.0004,0.0,11.3027
1.929,0.0004,0.0,11.3026
1.944,0.0004,0.0,11.3027
1.981,0.0004,-0.0,11.3027
1.999,0.0004,0.0,11.3027
2.051,0.0004,0.0001,11.3027
2.069,0.0004,0.0,11.3027
2.117,0.0004,0.0001,11.3026
2.175,0.0004,0.0001,11.3026
2.21,0.0003,-0.0,11.3027
2.233,0.0004,-0.0,11.3026
2.261,0.0004,0.0,11.3027
2.272,0.0003,-0.0,11.3027
2.308,0.0004,0.0001,11.3026
2.327,0.0004,0.0001,11.3026
2.349,0.0004,0.0,11.3026
2.387,0.0004,-0.0,11.3026
2.409,0.0005,0.0,11.3026
2.462,0.0004,-0.0,11.3026
2.48,0.0004,-0.0,11.3026
2.518,0.0004,0.0001,11.3027
2.54,0.0004,0.0001,11.3026
2.572,0.0004,0.0001,11.3026
2.607,0.0004,0.0001,11.3026
2.658,0.0004,-0.0,11.3026
2.693,0.0004,-0.0,11.3026
2.719,0.0005,0.0,11.3026
2.745,0.0005,0.0,11.3026
2.795,0.0005,0.0001,11.3026
2.824,0.0005,0.0001,11.3026
2.883,0.0005,-0.0,11.3026
2.899,0.0005,0.0,11.3026
2.919,0.0004,0.0,11.3026
2.966,0.0004,0.0,11.3026
2.999,0.0005,0.0001,11.3026
3.03,0.0005,0.0001,11.3026
3.038,0.0005,0.0001,11.3026
3.079,0.0005,-0.0,11.3026
3.11,0.0005,0.0,11.3025
3.16,0.0004,-0.0,11.3026
3.18,0.0004,-0.0,11.3026
3.234,0.0004,0.0001,11.3027
3.237,0.0004,0.0001,11.3027
3.265,0.0004,0.0001,11.3026
3.323,0.0004,0.0001,11.3026
3.325,0.0004,-0.0,11.3026
3.342,0.0004,-0.0,11.3026
3.387,0.0004,-0.0,11.3026
3.414,0.0004,0.0001,11.3027
3.453,0.0004,0.0,11.3027
3.468,0.0005,0.0001,11.3026
3.555,0.0005,0.0001,11.3026
3.58,0.0005,0.0,11.3025
3.614,0.0005,0.0001,11.3025
3.658,0.0004,0.0001,11.3026
3.667,0.0005,0.0,11.3026
3.707,0.0005,0.0001,11.3026
3.735,0.0005,0.0001,11.3026
3.783,0.0005,0.0001,11.3026
3.8,0.0005,0.0001,11.3026
3.831,0.0005,0.0,11.3026
3.888,0.0005,0.0,11.3026
3.922,0.0005,0.0002,11.3026
3.956,0.0005,0.0001,11.3026
3.984,0.0005,0.0002,11.3026
4.039,0.0005,0.0002,11.3026
4.07,0.0004,0.0001,11.3026
4.108,0.0005,0.0001,11.3026
4.139,0.0003,0.0001,11.3027
4.152,0.0004,0.0001,11.3027
4.182,0.0004,0.0002,11.3027
4.236,0.0004,0.0002,11.3027
4.248,0.0005,0.0001,11.3026
4.281,0.0004,0.0001,11.3026
4.322,0.0004,0.0001,11.3026
4.361,0.0004,0.0001,11.3026
4.405,0.0004,0.0,11.3026
4.431,0.0005,0.0002,11.3026
4.446,0.0004,0.0001,11.3026
4.475,0.0005,0.0001,11.3026
4.506,0.0005,0.0001,11.3026
4.533,0.0004,0.0,11.3027
4.554,0.0004,0.0001,11.3026
4.577,0.0004,0.0,11.3027
4.615,0.0004,0.0001,11.3027
4.658,0.0004,0.0001,11.3027
4.679,0.0005,0.0001,11.3026
4.719,0.0005,0.0001,11.3026
4.758,0.0005,0.0,11.3026
4.778,0.0005,0.0001,11.3026
4.798,0.0004,0.0,11.3026
4.838,0.0004,0.0,11.3026
4.854,0.0004,0.0001,11.3026
4.882,0.0005,0.0001,11.3026
4.926,0.0005,0.0001,11.3026
4.961,0.0005,0.0001,11.3026
4.995,0.0005,0.0001,11.3026
5.029,0.0004,0.0,11.3026
5.062,0.0004,0.0,11.3026
5.094,0.0005,0.0001,11.3026
5.13,0.0005,0.0001,11.3026
5.145,0.0005,0.0002,11.3026
5.174,0.0005,0.0001,11.3026
5.205,0.0005,0.0002,11.3026
5.237,0.0004,0.0001,11.3026
5.282,0.0004,0.0001,11.3026
5.315,0.0004,0.0001,11.3027
5.339,0.0004,0.0001,11.3027
5.365,0.0004,0.0002,11.3026
5.411,0.0004,0.0001,11.3026
5.419,0.0004,0.0001,11.3027
5.451,0.0004,0.0001,11.3027
5.485,0.0004,0.0001,11.3027
5.531,0.0003,0.0001,11.3027
5.573,0.0003,0.0001,11.3027
5.612,0.0004,0.0002,11.3027
5.626,0.0004,0.0002,11.3027
5.67,0.0004,0.0001,11.3027
5.69,0.0004,0.0001,11.3027
5.718,0.0003,0.0001,11.3028
5.759,0.0003,0.0001,11.3028
5.794,0.0003,0.0002,11.3028
5.835,0.0003,0.0001,11.3028
5.878,0.0003,0.0001,11.3027
5.905,0.0003,0.0001,11.3028
5.942,0.0003,0.0001,11.3027
5.978,0.0003,0.0001,11.3027
5.994,0.0002,0.0001,11.3028
6.023,0.0002,0.0002,11.3029
6.051,0.0002,0.0001,11.3028
6.092,0.0002,0.0001,11.3028
6.109,0.0002,0.0002,11.3028
6.143,0.0003,0.0001,11.3028
6.18,0.0002,0.0001,11.3028
6.214,0.0002,0.0,11.3028
6.253,0.0002,0.0,11.3028
6.281,0.0002,0.0001,11.3028
6.31,0.0002,0.0001,11.3028
6.352,0.0003,0.0001,11.3028
6.36,0.0003,0.0001,11.3028
6.39,0.0003,0.0001,11.3028
6.435,0.0002,0.0,11.3028
6.463,0.0002,0.0,11.3028
6.501,0.0002,0.0001,11.3029
6.54,0.0002,0.0001,11.3029
6.583,0.0002,0.0001,11.3029
6.609,0.0002,0.0001,11.3029
6.638,0.0001,0.0,11.3029
6.678,0.0001,0.0,11.3029
6.698,0.0,0.0001,11.303
6.727,0.0001,0.0001,11.303
6.753,0.0,0.0,11.303
6.816,0.0001,0.0001,11.303
6.873,0.0001,0.0,11.3029
6.897,0.0001,0.0001,11.3029
6.939,0.0001,0.0,11.3029
6.956,0.0001,0.0,11.3029
6.991,0.0001,0.0001,11.3029
7.03,0.0001,0.0001,11.3029
7.058,0.0001,0.0001,11.3029
7.09,0.0001,0.0001,11.3029
7.119,0.0001,-0.0,11.3029
7.135,0.0002,0.0,11.3029
7.162,0.0001,-0.0,11.3029
7.2,0.0002,0.0001,11.3028
7.237,0.0002,0.0001,11.3028
7.276,0.0003,0.0001,11.3028
7.303,0.0003,0.0001,11.3028
7.33,0.0003,0.0001,11.3028
7.388,0.0003,0.0,11.3028
7.427,0.0002,0.0001,11.3028
7.445,0.0002,0.0001,11.3028
7.489,0.0003,0.0001,11.3028
7.519,0.0003,0.0001,11.3028
7.546,0.0003,0.0001,11.3027
7.565,0.0003,0.0,11.3027
7.59,0.0003,0.0001,11.3027
7.624,0.0003,0.0001,11.3027
7.663,0.0003,0.0,11.3027
7.67,0.0004,0.0001,11.3027
7.74,0.0003,0.0001,11.3027
7.778,0.0004,0.0,11.3027
7.79,0.0004,0.0001,11.3027
7.822,0.0003,0.0,11.3027
7.865,0.0003,0.0,11.3027
7.867,0.0003,0.0001,11.3027
7.931,0.0003,0.0001,11.3027
7.972,0.0004,0.0001,11.3026
8.003,0.0004,0.0001,11.3026
8.032,0.0004,0.0,11.3026
8.069,0.0004,0.0,11.3026
8.103,0.0003,0.0,11.3027
8.145,0.0003,0.0,11.3027
8.167,0.0004,0.0001,11.3026
8.212,0.0004,0.0001,11.3026
8.244,0.0004,0.0,11.3027
8.266,-0.0,-0.0024,11.3022
8.276,0.0004,0.0,11.3027
8.321,0.002,-0.002,11.3005
8.347,0.0015,-0.0023,11.3008
8.384,0.0027,-0.0017,11.2999
8.431,0.0025,-0.0018,11.3001
8.463,0.003,-0.0012,11.2998
8.501,0.003,-0.0012,11.2998
8.533,0.0029,-0.0003,11.3002
8.555,0.0025,0.0002,11.3007
8.57,0.0029,-0.0004,11.3002
8.634,0.0023,0.0002,11.3009
8.668,0.0012,0.0005,11.3021
8.688,-0.0017,0.0001,11.3046
8.717,0.001,0.0005,11.3023
8.75,-0.0032,0.0,11.3061
8.77,-0.0022,0.0,11.3051
8.806,-0.0046,-0.0004,11.3072
8.847,-0.0042,-0.0002,11.3069
8.857,-0.0061,-0.001,11.3084
8.908,-0.0064,-0.0012,11.3086
8.96,-0.0081,-0.0019,11.3099
8.974,-0.0078,-0.0017,11.3098
9.05,-0.0077,-0.0031,11.3092
9.064,-0.0078,-0.0027,11.3094
9.097,-0.0063,-0.0028,11.3079
9.127,-0.0065,-0.0029,11.3081
9.188,-0.003,-0.001,11.3055
9.215,-0.0038,-0.0015,11.3061
9.264,-0.0004,0.0007,11.3037
9.274,-0.0012,0.0002,11.3042
9.317,0.0012,0.0013,11.3024
9.33,0.0006,0.0011,11.3028
9.36,0.0037,0.0018,11.3001
9.422,0.0035,0.0018,11.3004
9.462,0.0046,0.0034,11.2999
9.482,0.0046,0.0033,11.2998
9.505,0.0055,0.0036,11.2991
9.543,0.0054,0.0035,11.2992
9.581,0.0066,0.0038,11.2982
9.599,0.0072,0.0039,11.2976
9.623,0.0064,0.0038,11.2983
9.671,0.0077,0.0037,11.2971
9.681,0.0073,0.0038,11.2975
9.727,0.0079,0.0035,11.2967
9.793,0.0078,0.0036,11.2969
9.822,0.0084,0.0035,11.2964
9.851,0.0082,0.0035,11.2966
9.901,0.009,0.0036,11.2958
9.915,0.0086,0.0036,11.2961
9.949,0.0094,0.0037,11.2955
9.995,0.0092,0.0037,11.2956
10.034,0.0102,0.0038,11.2947
10.048,0.0097,0.0037,11.2951
10.098,0.0104,0.0038,11.2946
10.121,0.0108,0.0038,11.2942
10.165,0.0108,0.0038,11.2942
10.202,0.0111,0.0037,11.2938
10.217,0.0112,0.0036,11.2937
10.249,0.0111,0.0036,11.2938
10.29,0.0113,0.0035,11.2935
10.315,0.0113,0.0035,11.2936
10.357,0.0114,0.0034,11.2935
10.383,0.0114,0.0034,11.2935
10.418,0.0116,0.0034,11.2933
10.466,0.0115,0.0034,11.2934
10.505,0.0118,0.0035,11.2931
10.543,0.0117,0.0034,11.2932
10.574,0.012,0.0038,11.2931
10.611,0.0119,0.0037,11.2931
10.631,0.0122,0.0042,11.293
10.668,0.0121,0.0041,11.2931
10.697,0.0123,0.0045,11.293
10.736,0.0123,0.0045,11.293
10.769,0.0124,0.0047,11.293
10.801,0.0124,0.0047,11.293
10.834,0.0124,0.0047,11.2929
10.877,0.0124,0.0047,11.2929
10.89,0.0125,0.0047,11.2928
10.903,0.0125,0.0046,11.2928
10.934,0.0125,0.0046,11.2928
10.969,0.0125,0.0047,11.2929
11.024,0.0125,0.0046,11.2929
11.059,0.0126,0.0048,11.2929
11.077,0.0126,0.0048,11.2929
11.094,0.0127,0.005,11.2928
11.148,0.0127,0.005,11.2928
11.184,0.0127,0.0052,11.2928
11.197,0.0127,0.0053,11.2929
11.218,0.0127,0.0052,11.2928
11.249,0.0128,0.0054,11.2928
11.29,0.0128,0.0054,11.2929
11.33,0.0128,0.0055,11.2929
11.363,0.0128,0.0055,11.2929
11.384,0.0129,0.0056,11.2929
11.441,0.0129,0.0056,11.2929
11.466,0.0129,0.0057,11.2929
11.506,0.0129,0.0057,11.2929
11.544,0.0129,0.006,11.2929
11.582,0.0129,0.006,11.2929
11.611,0.0132,0.0062,11.2928
11.645,0.0131,0.0062,11.2928
11.676,0.0132,0.0065,11.2928
11.701,0.0132,0.0065,11.2928
11.738,0.0132,0.0067,11.2929
11.753,0.0132,0.0069,11.293
11.798,0.0132,0.0068,11.2929
11.825,0.0133,0.007,11.2929
11.861,0.0132,0.007,11.293
11.903,0.0133,0.007,11.2929
11.928,0.0133,0.007,11.293
11.958,0.0135,0.007,11.2928
11.991,0.0136,0.007,11.2927
12.01,0.0135,0.007,11.2928
12.059,0.0136,0.007,11.2927
12.102,0.0136,0.007,11.2926
12.146,0.0136,0.007,11.2927
12.175,0.0136,0.0068,11.2926
12.22,0.0137,0.0069,11.2925
12.253,0.0136,0.0067,11.2925
12.286,0.0136,0.0067,11.2925
12.31,0.0136,0.0065,11.2925
12.327,0.0142,0.0059,11.2917
12.352,0.0136,0.0065,11.2925
12.379,0.0143,0.0077,11.2922
12.425,0.0151,0.006,11.2909
12.444,0.0144,0.0087,11.2925
12.49,0.0145,0.0087,11.2924
12.511,0.0147,0.0077,11.2919
12.55,0.0146,0.0077,11.2919
12.577,0.0149,0.0085,11.292
12.587,0.0147,0.0087,11.2922
12.63,0.0147,0.0086,11.2922
12.644,0.0149,0.0089,11.2921
12.709,0.0149,0.0089,11.2921
12.736,0.0147,0.0084,11.2921
12.758,0.0147,0.0085,11.2921
12.785,0.0145,0.0076,11.292
12.822,0.014,0.0068,11.2922
12.842,0.0145,0.0075,11.292
12.895,0.0134,0.0063,11.2926
12.917,0.0138,0.0067,11.2923
12.967,0.0123,0.0054,11.2933
12.979,0.0128,0.0058,11.293
13.011,0.0103,0.0045,11.2949
13.041,0.0107,0.0048,11.2947
13.079,0.0096,0.0056,11.2959
13.113,0.0097,0.0056,11.2959
13.153,0.0085,0.0068,11.2974
13.179,0.0087,0.0066,11.2971
13.208,0.0085,0.008,11.2978
13.251,0.0086,0.008,11.2977
13.271,0.0095,0.0087,11.2971
13.317,0.0095,0.0091,11.2972
13.341,0.0089,0.0086,11.2976
13.361,0.0086,0.0081,11.2977
13.394,0.0086,0.0083,11.2977
13.428,0.0079,0.0111,11.2994
13.47,0.0082,0.01,11.2987
13.502,0.0092,0.0143,11.2993
13.558,0.0091,0.014,11.2993
13.584,0.0099,0.0168,11.2995
13.608,0.0096,0.0161,11.2995
13.632,0.0106,0.018,11.2992
13.682,0.0106,0.0179,11.2992
13.734,0.0115,0.0193,11.2989
13.749,0.0112,0.0188,11.299
13.812,0.0119,0.0199,11.2988
13.824,0.0117,0.0197,11.2988
13.845,0.012,0.0205,11.2988
13.899,0.012,0.0204,11.2988
13.929,0.0122,0.0211,11.2988
13.964,0.0122,0.0209,11.2988
13.998,0.0124,0.0216,11.2988
14.029,0.0123,0.0215,11.2989
14.049,0.0127,0.0221,11.2987
14.068,0.013,0.0224,11.2985
14.093,0.0126,0.0221,11.2988
14.14,0.0134,0.0226,11.2982
14.172,0.0132,0.0225,11.2984
14.195,0.0137,0.0228,11.298
14.246,0.0136,0.0227,11.2981
14.286,0.0139,0.0228,11.2979
14.305,0.0138,0.0228,11.2979
14.343,0.014,0.0228,11.2977
14.405,0.014,0.0228,11.2977
14.408,0.0142,0.0228,11.2976
14.424,0.0143,0.023,11.2975
14.449,0.0142,0.0228,11.2976
14.483,0.0144,0.0231,11.2974
14.506,0.0143,0.023,11.2975
14.547,0.0147,0.0233,11.2972
14.582,0.0147,0.0232,11.2972
14.619,0.0151,0.0234,11.2969
14.663,0.0151,0.0234,11.2969
14.677,0.0153,0.0235,11.2967
14.714,0.0153,0.0235,11.2967
14.723,0.0155,0.0235,11.2966
14.755,0.0156,0.0235,11.2965
14.792,0.0155,0.0235,11.2965
14.808,0.0155,0.0235,11.2966
14.853,0.0156,0.0235,11.2965
14.883,0.0156,0.0236,11.2966
14.93,0.0156,0.0236,11.2966
14.958,0.0156,0.0237,11.2965
14.969,0.0156,0.0236,11.2965
14.995,0.0156,0.0237,11.2965
15.033,0.0158,0.0236,11.2963
15.08,0.0157,0.0236,11.2964
15.134,0.0158,0.0235,11.2963
15.146,0.0158,0.0235,11.2963
15.182,0.016,0.0235,11.2961
15.217,0.0159,0.0235,11.2962
15.242,0.0161,0.0235,11.296
15.283,0.0161,0.0235,11.296
15.324,0.0162,0.0235,11.2959
15.345,0.0162,0.0235,11.2959
15.368,0.0162,0.0235,11.2959
15.389,0.0163,0.0236,11.2958
15.422,0.0162,0.0235,11.2959
15.453,0.0164,0.0237,11.2958
15.489,0.0164,0.0236,11.2958
15.51,0.0164,0.0237,11.2958
15.568,0.0164,0.0237,11.2958
15.601,0.0164,0.0237,11.2958
15.631,0.0164,0.0237,11.2958
15.675,0.0164,0.0237,11.2958
15.714,0.0164,0.0237,11.2958
15.74,0.0165,0.0237,11.2957
15.781,0.0165,0.0237,11.2957
15.806,0.0166,0.0237,11.2956
15.848,0.0166,0.0237,11.2957
15.882,0.0166,0.0238,11.2957
15.928,0.0166,0.0238,11.2957
15.945,0.0166,0.0238,11.2956
15.979,0.0166,0.0237,11.2956
15.988,0.0166,0.0237,11.2956
16.01,0.0167,0.0237,11.2955
16.059,0.0166,0.0237,11.2956
16.089,0.0167,0.0237,11.2955
16.149,0.0167,0.0237,11.2955
16.195,0.0167,0.0238,11.2956
16.201,0.0167,0.0238,11.2956
16.239,0.0167,0.0223,11.2951
16.262,0.0168,0.0223,11.2949
16.275,0.0166,0.0234,11.2955
16.339,0.0167,0.0235,11.2955
16.341,0.0173,0.0242,11.2951
16.361,0.0184,0.0256,11.2946
16.406,0.018,0.0251,11.2947
16.445,0.0196,0.027,11.2939
16.479,0.0193,0.0267,11.2941
16.519,0.0211,0.0286,11.2931
16.552,0.0211,0.0286,11.2931
16.589,0.023,0.03,11.2918
16.61,0.0229,0.0299,11.2918
16.649,0.0247,0.0314,11.2907
16.671,0.0258,0.0324,11.29
16.691,0.0249,0.0315,11.2906
16.757,0.0262,0.0328,11.2897
16.791,0.0277,0.0341,11.2888
16.818,0.0275,0.0339,11.2889
16.84,0.0285,0.0344,11.2881
16.867,0.0294,0.0352,11.2876
16.9,0.0287,0.0344,11.288
16.938,0.0303,0.0363,11.2871
16.981,0.0299,0.0357,11.2873
17.006,0.0315,0.0378,11.2865
17.031,0.0312,0.0374,11.2867
17.056,0.0319,0.0387,11.2864
17.081,0.0312,0.041,11.2879
17.118,0.0324,0.039,11.2861
17.179,0.0315,0.0422,11.2881
17.205,0.0321,0.0455,11.2886
17.217,0.0324,0.0468,11.2888
17.244,0.0315,0.0459,11.2893
17.28,0.0333,0.0459,11.2877
17.315,0.0328,0.0465,11.2883
17.35,0.0335,0.0448,11.2871
17.396,0.0335,0.0451,11.2872
17.415,0.0336,0.0444,11.2868
17.447,0.0336,0.0444,11.2869
17.466,0.0333,0.0438,11.2869
17.492,0.0333,0.0428,11.2866
17.518,0.0334,0.0433,11.2867
17.564,0.0328,0.0431,11.2872
17.586,0.0329,0.043,11.287
17.6,0.0304,0.0422,11.2891
17.656,0.0303,0.0422,11.2892
17.666,0.0296,0.0427,11.29
17.7,0.0293,0.0436,11.2906
17.743,0.0295,0.043,11.2902
17.818,0.0294,0.0438,11.2906
17.862,0.0294,0.0441,11.2907
17.874,0.0294,0.044,11.2907
17.91,0.0292,0.0442,11.2909
17.939,0.0292,0.0442,11.2909
17.97,0.0291,0.0443,11.291
18.002,0.029,0.0444,11.2911
18.028,0.0291,0.0443,11.291
18.052,0.0291,0.0445,11.2911
18.088,0.029,0.0444,11.2911
18.119,0.029,0.0445,11.2912
18.158,0.029,0.0445,11.2912
18.176,0.0291,0.0446,11.2911
18.224,0.0291,0.0445,11.2912
18.254,0.029,0.0446,11.2912
18.292,0.029,0.0445,11.2912
18.317,0.029,0.0446,11.2912
18.357,0.029,0.0446,11.2912
18.386,0.029,0.0446,11.2912
18.42,0.029,0.0446,11.2912
18.461,0.029,0.0447,11.2913
18.49,0.029,0.0447,11.2913
18.517,0.029,0.0447,11.2913
18.544,0.0289,0.0447,11.2913
18.588,0.029,0.0447,11.2913
18.618,0.0289,0.0448,11.2914
18.652,0.0289,0.0447,11.2914
18.675,0.0289,0.0448,11.2914
18.707,0.0288,0.0447,11.2914
18.73,0.0289,0.0447,11.2913
18.781,0.0289,0.0447,11.2913
18.825,0.0289,0.0448,11.2914
18.841,0.0289,0.0448,11.2914
18.878,0.0289,0.0448,11.2914
18.926,0.0289,0.0448,11.2914
18.958,0.029,0.0448,11.2913
18.988,0.029,0.0448,11.2913
19.011,0.029,0.0448,11.2913
19.049,0.0289,0.0448,11.2914
19.068,0.0289,0.0448,11.2914
19.092,0.0289,0.0448,11.2914
19.116,0.0289,0.0449,11.2914
19.146,0.029,0.0448,11.2913
19.193,0.029,0.0448,11.2913
19.214,0.029,0.0449,11.2913
19.279,0.029,0.0449,11.2913
19.289,0.029,0.0449,11.2913
19.313,0.0289,0.0449,11.2914
19.34,0.029,0.0449,11.2914
19.364,0.0289,0.0449,11.2914
19.41,0.0289,0.0449,11.2914
19.448,0.0289,0.0449,11.2914
19.494,0.0289,0.0449,11.2914
19.517,0.0289,0.0449,11.2914
19.548,0.0289,0.0449,11.2914
19.58,0.029,0.0449,11.2914
19.599,0.029,0.0449,11.2913
19.631,0.029,0.0449,11.2914
19.683,0.029,0.0449,11.2914
19.726,0.029,0.045,11.2913
19.768,0.029,0.045,11.2913
19.805,0.029,0.045,11.2914
19.844,0.029,0.045,11.2914
19.882,0.029,0.0449,11.2913
19.914,0.029,0.0449,11.2913
19.936,0.029,0.045,11.2913
19.971,0.029,0.045,11.2913
19.983,0.029,0.045,11.2913
20.021,0.029,0.045,11.2913
20.045,0.029,0.045,11.2913
20.084,0.0291,0.045,11.2913
20.123,0.0291,0.0449,11.2913
20.152,0.0291,0.045,11.2913
20.193,0.0291,0.045,11.2913
20.228,0.0282,0.0457,11.2923
20.261,0.0283,0.0458,11.2923
20.301,0.0284,0.0463,11.2924
20.358,0.0285,0.0462,11.2923
20.385,0.028,0.0462,11.2927
20.41,0.0281,0.0462,11.2926
20.43,0.0278,0.046,11.2929
20.447,0.0274,0.0457,11.2931
20.48,0.0277,0.0459,11.2929
20.502,0.0271,0.0454,11.2932
20.555,0.0273,0.0456,11.2932
20.585,0.0269,0.0448,11.2933
20.613,0.027,0.045,11.2932
20.646,0.0269,0.0444,11.2931
20.697,0.0269,0.0445,11.2931
20.734,0.0269,0.0442,11.2931
20.749,0.0269,0.0442,11.2931
20.798,0.0269,0.0442,11.293
20.814,0.0269,0.0442,11.293
20.863,0.027,0.0444,11.2931
20.895,0.027,0.0444,11.2931
20.935,0.027,0.0446,11.2931
20.962,0.027,0.0446,11.2931
20.982,0.0271,0.0447,11.293
21.038,0.0271,0.0447,11.293
21.072,0.0275,0.0448,11.2927
21.101,0.0275,0.0448,11.2927
21.134,0.0277,0.0452,11.2926
21.181,0.0277,0.0451,11.2926
21.21,0.0276,0.0459,11.293
21.238,0.0276,0.0457,11.2929
21.272,0.0273,0.0468,11.2935
21.311,0.0273,0.0467,11.2935
21.335,0.0279,0.0485,11.2936
21.376,0.0278,0.0484,11.2936
21.406,0.0269,0.0503,11.2951
21.42,0.0262,0.0517,11.2964
21.448,0.0269,0.0503,11.2952
21.48,0.0255,0.0536,11.2977
21.528,0.0259,0.0526,11.297
21.562,0.025,0.055,11.2986
21.624,0.0251,0.0548,11.2984
21.655,0.025,0.0561,11.299
21.674,0.025,0.056,11.2989
21.718,0.0254,0.0568,11.2989
21.736,0.0263,0.0576,11.2983
21.76,0.0272,0.0576,11.2975
21.799,0.0264,0.0575,11.2981
21.837,0.028,0.0577,11.2967
21.866,0.0277,0.0577,11.297
21.897,0.0288,0.0581,11.2961
21.938,0.0288,0.058,11.2961
21.962,0.0292,0.0588,11.296
21.99,0.0293,0.0592,11.296
22.024,0.0292,0.0589,11.296
22.08,0.0293,0.06,11.2964
22.096,0.0293,0.0596,11.2962
22.128,0.0286,0.0619,11.2976
22.155,0.0288,0.0614,11.2973
22.191,0.0282,0.0645,11.2989
22.228,0.0282,0.0642,11.2988
22.27,0.0277,0.0677,11.3005
22.281,0.0276,0.0694,11.3012
22.321,0.0277,0.0675,11.3004
22.347,0.0265,0.0713,11.3029
22.374,0.0276,0.0695,11.3013
22.415,0.0261,0.0708,11.3031
22.427,0.0267,0.0714,11.3028
22.462,0.025,0.0685,11.3033
22.502,0.0249,0.0686,11.3035
22.543,0.0258,0.0702,11.3032
22.581,0.0256,0.0699,11.3032
22.619,0.0291,0.0759,11.3021
22.661,0.0279,0.0737,11.3025
22.696,0.0332,0.0792,11.2994
22.713,0.032,0.0781,11.3002
22.746,0.037,0.0799,11.296
22.791,0.0369,0.0799,11.2962
22.819,0.043,0.0815,11.291
22.853,0.0418,0.0814,11.2921
22.882,0.0449,0.0812,11.2891
22.925,0.0447,0.0812,11.2893
22.956,0.045,0.0812,11.2891
22.989,0.0449,0.0811,11.2891
23.021,0.0436,0.0821,11.2907
23.054,0.0437,0.0821,11.2905
23.091,0.0434,0.0821,11.2909
23.123,0.0439,0.0822,11.2904
23.156,0.0468,0.0839,11.2883
23.198,0.0468,0.0839,11.2883
23.218,0.0458,0.0837,11.2891
23.238,0.0461,0.0838,11.2889
23.267,0.0461,0.0833,11.2888
23.302,0.0471,0.0852,11.2884
23.322,0.0466,0.0846,11.2887
23.354,0.0485,0.0858,11.2874
23.407,0.0482,0.0857,11.2876
23.443,0.0496,0.086,11.2864
23.474,0.0495,0.086,11.2865
23.519,0.0502,0.0854,11.2856
23.552,0.0501,0.0855,11.2857
23.586,0.0505,0.0847,11.2852
23.617,0.0504,0.0848,11.2852
23.655,0.0509,0.0842,11.2846
23.698,0.0508,0.0843,11.2847
23.726,0.0517,0.0841,11.2838
23.757,0.0516,0.0841,11.2838
23.798,0.053,0.084,11.2825
23.824,0.0529,0.084,11.2827
23.86,0.0545,0.0839,11.2811
23.906,0.0544,0.0839,11.2812
23.944,0.0562,0.0838,11.2795
23.965,0.0558,0.0839,11.2798
23.988,0.0575,0.0838,11.2783
24.034,0.0575,0.0838,11.2783
24.063,0.0587,0.0836,11.2771
24.088,0.0597,0.0835,11.2761
24.122,0.059,0.0836,11.2768
24.174,0.0603,0.0835,11.2755
24.198,0.0617,0.0834,11.2742
24.228,0.0629,0.0833,11.273
24.24,0.0619,0.0834,11.274
24.275,0.0644,0.0832,11.2716
24.311,0.064,0.0832,11.272
24.359,0.066,0.0834,11.2701
24.405,0.0659,0.0834,11.2703
24.429,0.0678,0.0835,11.2685
24.474,0.0676,0.0835,11.2687
24.495,0.0691,0.0833,11.2673
24.527,0.069,0.0833,11.2673
24.562,0.0701,0.0826,11.266
24.601,0.0701,0.0827,11.2661
24.639,0.0713,0.0817,11.2646
24.668,0.0712,0.0818,11.2648
24.708,0.0723,0.0811,11.2634
24.742,0.0722,0.0811,11.2635
24.778,0.0732,0.0807,11.2625
24.791,0.0737,0.0805,11.2619
24.84,0.0732,0.0807,11.2625
24.892,0.0739,0.0803,11.2617
24.926,0.0746,0.0799,11.2609
24.947,0.0745,0.08,11.261
24.974,0.0749,0.0798,11.2606
25.022,0.0749,0.0798,11.2606
25.058,0.0753,0.0797,11.2601
25.089,0.0752,0.0797,11.2603
25.12,0.0756,0.0797,11.2599
25.166,0.0755,0.0797,11.2599
25.204,0.076,0.0794,11.2594
25.231,0.0759,0.0795,11.2596
25.261,0.0763,0.0793,11.2591
25.295,0.0762,0.0793,11.2591
25.315,0.0765,0.0792,11.2588
25.332,0.0767,0.0791,11.2586
25.356,0.0765,0.0792,11.2588
25.393,0.0759,0.0785,11.2591
25.429,0.0757,0.0789,11.2595
25.459,0.0764,0.0773,11.2583
25.502,0.0763,0.0773,11.2583
25.544,0.0767,0.0776,11.2581
25.605,0.0767,0.0776,11.2581
25.633,0.0776,0.0778,11.2573
25.656,0.0773,0.0778,11.2576
25.707,0.0795,0.0789,11.2559
25.721,0.0789,0.0786,11.2564
25.758,0.0797,0.0789,11.2557
25.792,0.0797,0.0789,11.2558
25.841,0.0798,0.0792,11.2558
25.856,0.0797,0.0791,11.2558
25.897,0.0802,0.0798,11.2556
25.929,0.0801,0.0798,11.2557
25.996,0.0807,0.0804,11.2554
26.003,0.0806,0.0803,11.2554
26.03,0.0811,0.0804,11.255
26.057,0.081,0.0804,11.255
26.083,0.0814,0.08,11.2546
26.108,0.0815,0.0797,11.2544
26.129,0.0814,0.0799,11.2545
26.199,0.0817,0.0795,11.2541
26.209,0.0816,0.0796,11.2543
26.244,0.082,0.0793,11.2537
26.27,0.0819,0.0794,11.2539
26.301,0.0824,0.0792,11.2533
26.347,0.0823,0.0792,11.2534
26.4,0.0829,0.0791,11.2529
26.42,0.0828,0.0791,11.2529
26.453,0.0834,0.079,11.2523
26.49,0.0833,0.079,11.2524
26.517,0.0837,0.0787,11.2519
26.56,0.0837,0.0787,11.2519
26.586,0.0839,0.0787,11.2517
26.608,0.0841,0.0787,11.2515
26.636,0.084,0.0787,11.2517
26.662,0.0843,0.0789,11.2514
26.7,0.0842,0.0788,11.2515
26.744,0.0845,0.0789,11.2512
26.771,0.0845,0.0789,11.2513
26.78,0.0847,0.0789,11.2511
26.834,0.0847,0.0789,11.2511
26.865,0.0848,0.0787,11.2509
26.907,0.0848,0.0788,11.2509
26.916,0.085,0.0787,11.2507
26.969,0.0851,0.0786,11.2506
26.997,0.0852,0.0785,11.2504
27.005,0.0854,0.0784,11.2502
27.028,0.0853,0.0784,11.2504
27.081,0.0855,0.0783,11.2501
27.116,0.0855,0.0783,11.2501
27.145,0.0857,0.0782,11.2499
27.183,0.0857,0.0782,11.2499
27.208,0.0859,0.0781,11.2497
27.227,0.086,0.0781,11.2496
27.256,0.0859,0.0781,11.2497
27.331,0.0861,0.0781,11.2495
27.34,0.086,0.0781,11.2495
27.363,0.0861,0.078,11.2494
27.399,0.0861,0.078,11.2494
27.43,0.0862,0.0779,11.2493
27.473,0.0862,0.0779,11.2493
27.506,0.0863,0.0778,11.2492
27.553,0.0863,0.0778,11.2492
27.577,0.0866,0.0778,11.2489
27.611,0.0866,0.0778,11.2489
27.643,0.0868,0.0778,11.2487
27.664,0.0868,0.0777,11.2487
27.684,0.0868,0.0778,11.2487
27.741,0.0868,0.0777,11.2486
27.782,0.0869,0.0776,11.2485
27.833,0.0869,0.0776,11.2485
27.871,0.087,0.0776,11.2484
27.919,0.087,0.0776,11.2484
27.948,0.0871,0.0775,11.2483
27.976,0.0871,0.0775,11.2483
28.005,0.0873,0.0774,11.2481
28.027,0.0872,0.0774,11.2482
28.042,0.0874,0.0773,11.248
28.062,0.0875,0.0773,11.2479
28.099,0.0874,0.0773,11.248
28.131,0.0875,0.0773,11.2479
28.173,0.0875,0.0773,11.2479
28.196,0.0869,0.078,11.2487
28.246,0.0865,0.0778,11.2489
28.281,0.0875,0.078,11.2482
28.301,0.0875,0.078,11.2482
28.322,0.0874,0.0778,11.2482
28.369,0.0878,0.0774,11.2476
28.388,0.0875,0.0776,11.248
28.44,0.0884,0.0772,11.247
28.458,0.0881,0.0773,11.2474
28.479,0.0891,0.0767,11.2462
28.528,0.089,0.0768,11.2463
28.571,0.0897,0.076,11.2454
28.6,0.0896,0.0761,11.2455
28.626,0.0901,0.0755,11.2448
28.702,0.0902,0.0755,11.2448
28.714,0.091,0.0748,11.2438
28.756,0.0909,0.0749,11.2439
28.758,0.0917,0.0744,11.243
28.792,0.0917,0.0744,11.2429
28.825,0.0924,0.0742,11.2422
28.859,0.0924,0.0742,11.2422
28.891,0.093,0.0741,11.2416
28.906,0.0937,0.074,11.241
28.941,0.0931,0.0741,11.2415
28.966,0.0942,0.0739,11.2404
29.0,0.094,0.0741,11.2406
29.032,0.0949,0.0736,11.2397
29.075,0.0948,0.0736,11.2397
29.114,0.0959,0.0739,11.2388
29.145,0.0959,0.0739,11.2388
29.17,0.0973,0.0741,11.2376
29.22,0.0973,0.0742,11.2376
29.243,0.0989,0.0748,11.2363
29.286,0.0989,0.0748,11.2363
29.294,0.1,0.0754,11.2356
29.321,0.1011,0.0762,11.2348
29.348,0.1004,0.0757,11.2352
29.381,0.102,0.0771,11.2342
29.43,0.1019,0.077,11.2343
29.452,0.1033,0.0783,11.2335
29.505,0.1033,0.0783,11.2334
29.535,0.1045,0.0797,11.2328
29.564,0.1045,0.0797,11.2328
29.598,0.1054,0.0811,11.2325
29.631,0.1054,0.0811,11.2325
29.65,0.1058,0.0823,11.2326
29.669,0.1063,0.0837,11.2326
29.698,0.1059,0.0827,11.2325
29.723,0.1064,0.085,11.2329
29.769,0.1063,0.0846,11.2328
29.795,0.1066,0.087,11.2334
29.833,0.1066,0.087,11.2334
29.851,0.1073,0.0897,11.2338
29.919,0.1077,0.0906,11.2337
29.926,0.109,0.0918,11.2329
29.947,0.1104,0.0928,11.232
29.988,0.1101,0.0925,11.2321
30.025,0.1101,0.09,11.2313
30.07,0.1101,0.091,11.2316
30.098,0.1095,0.0925,11.2327
30.126,0.1099,0.0917,11.232
30.16,0.1096,0.0953,11.2336
30.182,0.1114,0.0982,11.2329
30.223,0.1096,0.0952,11.2335
30.272,0.109,0.1009,11.2361
30.315,0.1105,0.0983,11.2338
30.38,0.1092,0.1038,11.2369
30.422,0.111,0.107,11.2364
30.455,0.1116,0.1067,11.2357
30.469,0.1112,0.1069,11.2362
30.504,0.1107,0.1065,11.2365
30.562,0.1106,0.1065,11.2366
30.602,0.1084,0.1072,11.2389
30.62,0.109,0.1069,11.2382
30.683,0.1066,0.108,11.2409
30.693,0.1048,0.1087,11.2428
30.715,0.1027,0.1092,11.245
30.761,0.1029,0.1092,11.2448
30.793,0.1006,0.1099,11.2471
30.833,0.1008,0.1098,11.2469
30.864,0.0984,0.1109,11.2496
30.899,0.0985,0.1109,11.2495
30.918,0.097,0.1116,11.2511
30.948,0.096,0.1121,11.2523
30.976,0.0964,0.1118,11.2518
31.012,0.0949,0.1124,11.2534
31.05,0.0953,0.1123,11.253
31.075,0.0942,0.1125,11.254
31.099,0.0943,0.1125,11.2539
31.119,0.0936,0.1124,11.2546
31.183,0.0935,0.1124,11.2547
31.189,0.0929,0.1123,11.2552
31.215,0.0925,0.1124,11.2557
31.233,0.0927,0.1123,11.2554
31.275,0.092,0.1125,11.2562
31.305,0.092,0.1125,11.2561
31.338,0.0915,0.1127,11.2567
31.378,0.0915,0.1127,11.2567
31.436,0.0907,0.1129,11.2575
31.471,0.0909,0.1129,11.2573
31.497,0.0903,0.113,11.2579
31.538,0.0903,0.113,11.2579
31.541,0.0903,0.113,11.2579
31.583,0.0904,0.1129,11.2578
31.595,0.0903,0.113,11.2579
31.622,0.0905,0.1124,11.2575
31.673,0.0904,0.1126,11.2576
31.715,0.091,0.1119,11.2569
31.727,0.0908,0.112,11.257
31.756,0.0915,0.1117,11.2563
31.816,0.0916,0.1117,11.2562
31.839,0.0922,0.1115,11.2556
31.878,0.0923,0.1114,11.2554
31.91,0.0928,0.1112,11.2549
31.971,0.0928,0.1112,11.2549
32.019,0.0931,0.1111,11.2546
32.028,0.093,0.1111,11.2547
32.048,0.0932,0.1111,11.2546
32.081,0.0932,0.1111,11.2546
32.1,0.0932,0.1111,11.2545
32.128,0.0933,0.1111,11.2545
32.149,0.0932,0.1111,11.2545
32.19,0.0936,0.1122,11.2546
32.219,0.0935,0.1121,11.2546
32.255,0.0937,0.1114,11.2542
32.303,0.0937,0.1117,11.2543
32.338,0.094,0.1114,11.2539
32.377,0.094,0.1114,11.2539
32.408,0.0941,0.11,11.2533
32.45,0.0941,0.11,11.2533
32.475,0.0943,0.1086,11.2526
32.537,0.0943,0.1087,11.2527
32.552,0.0943,0.1068,11.252
32.58,0.0943,0.1072,11.2521
32.611,0.0944,0.106,11.2516
32.627,0.0943,0.1057,11.2516
32.653,0.0944,0.106,11.2516
32.723,0.0942,0.1057,11.2517
32.758,0.0936,0.1059,11.2523
32.791,0.0937,0.1059,11.2522
32.83,0.0928,0.1065,11.2532
32.851,0.0918,0.1072,11.2544
32.87,0.0928,0.1066,11.2533
32.918,0.0904,0.1081,11.2561
32.935,0.0912,0.1076,11.2552
32.979,0.0889,0.1089,11.2577
33.009,0.0893,0.1086,11.2572
33.061,0.087,0.1099,11.2599
33.078,0.0871,0.1097,11.2597
33.131,0.083,0.1122,11.2644
33.153,0.0841,0.1116,11.2632
33.191,0.0796,0.1138,11.2682
33.223,0.0801,0.1136,11.2676
33.243,0.0768,0.1154,11.2714
33.27,0.0758,0.1157,11.2724
33.284,0.0764,0.1155,11.2718
33.32,0.0767,0.1159,11.2716
33.359,0.076,0.1159,11.2723
33.397,0.0788,0.1147,11.2693
33.414,0.0776,0.1157,11.2707
33.462,0.0806,0.1145,11.2675
33.478,0.0803,0.1144,11.2678
33.495,0.0818,0.1148,11.2665
33.535,0.0827,0.1142,11.2654
33.563,0.0821,0.1147,11.2662
33.599,0.084,0.1136,11.264
33.623,0.0836,0.1137,11.2644
33.656,0.0847,0.1134,11.2633
33.702,0.0846,0.1134,11.2634
33.727,0.0853,0.1132,11.2626
33.743,0.0858,0.113,11.2621
33.763,0.0854,0.1132,11.2626
33.791,0.0862,0.1128,11.2616
33.84,0.086,0.1129,11.2619
33.865,0.0867,0.1127,11.2611
33.912,0.0867,0.1127,11.2612
33.942,0.0872,0.1128,11.2607
33.959,0.0878,0.1126,11.2601
33.991,0.0872,0.1128,11.2607
34.024,0.0882,0.1125,11.2597
34.077,0.088,0.1126,11.2599
34.098,0.0887,0.1124,11.2592
34.124,0.0885,0.1125,11.2594
34.16,0.0891,0.1121,11.2587
34.19,0.089,0.1122,11.2588
34.222,0.0895,0.112,11.2583
34.258,0.0894,0.112,11.2583
34.277,0.0898,0.1119,11.258
34.31,0.0902,0.1117,11.2575
34.334,0.0898,0.1118,11.2579
34.378,0.0906,0.1116,11.2572
34.396,0.0904,0.1116,11.2573
34.436,0.0909,0.1115,11.2568
34.479,0.0909,0.1115,11.2568
34.519,0.0913,0.1113,11.2564
34.535,0.0912,0.1113,11.2565
34.573,0.0914,0.1113,11.2562
34.615,0.0914,0.1113,11.2563
34.644,0.0916,0.1113,11.2561
34.668,0.0916,0.1113,11.2561
34.702,0.0917,0.1113,11.256
34.749,0.0917,0.1113,11.256
34.789,0.0918,0.1112,11.2558
34.814,0.0918,0.1112,11.2559
34.853,0.0919,0.111,11.2557
34.884,0.0921,0.111,11.2555
34.898,0.0919,0.111,11.2557
34.941,0.0921,0.111,11.2555
34.968,0.0921,0.111,11.2555
34.996,0.091,0.1133,11.2573
35.021,0.0912,0.113,11.257
35.053,0.0932,0.1112,11.2546
35.094,0.0932,0.1112,11.2546
35.108,0.0937,0.112,11.2543
35.14,0.0942,0.1128,11.2542
35.174,0.0941,0.1123,11.2541
35.204,0.0946,0.1141,11.2542
35.242,0.0946,0.1137,11.2541
35.278,0.0948,0.1153,11.2545
35.353,0.0948,0.1151,11.2544
35.367,0.0942,0.1165,11.2555
35.424,0.0945,0.1162,11.2551
35.433,0.0931,0.1163,11.2565
35.464,0.0935,0.1164,11.2561
35.494,0.0922,0.1166,11.2574
35.527,0.0924,0.1165,11.2572
35.558,0.0923,0.1151,11.2568
35.607,0.0923,0.1153,11.2568
35.638,0.0936,0.1147,11.2555
35.664,0.0934,0.1148,11.2557
35.686,0.0944,0.1146,11.2546
35.733,0.0944,0.1146,11.2546
35.766,0.0951,0.1146,11.254
35.806,0.095,0.1146,11.254
35.835,0.0956,0.1145,11.2535
35.87,0.0956,0.1145,11.2535
35.913,0.0961,0.1145,11.253
35.947,0.096,0.1145,11.2531
35.982,0.0966,0.1143,11.2525
36.004,0.0969,0.1141,11.2521
36.024,0.0966,0.1143,11.2525
36.093,0.0969,0.1141,11.2521
36.13,0.0972,0.1137,11.2517
36.162,0.0972,0.1138,11.2517
36.189,0.0974,0.1135,11.2514
36.218,0.0974,0.1136,11.2515
36.249,0.0977,0.1134,11.2512
36.265,0.0978,0.1134,11.251
36.281,0.0977,0.1135,11.2512
36.319,0.098,0.1134,11.2509
36.351,0.0979,0.1134,11.2509
36.401,0.0982,0.1134,11.2507
36.428,0.0981,0.1134,11.2507
36.462,0.0985,0.1133,11.2504
36.495,0.0984,0.1133,11.2504
36.516,0.0986,0.1132,11.2503
36.55,0.0987,0.1131,11.2501
36.574,0.0986,0.1132,11.2502
36.612,0.0988,0.1131,11.25
36.661,0.0987,0.1131,11.2501
36.695,0.0987,0.1131,11.2501
36.722,0.0988,0.1131,11.25
36.765,0.0988,0.113,11.2499
36.793,0.0988,0.1131,11.25
36.832,0.099,0.1129,11.2497
36.859,0.099,0.1129,11.2497
36.905,0.0992,0.1129,11.2495
36.926,0.0992,0.1129,11.2495
36.983,0.0993,0.115,11.2502
37.002,0.0993,0.1148,11.2501
37.051,0.1008,0.1151,11.2489
37.079,0.1007,0.115,11.2488
37.121,0.1004,0.116,11.2496
37.167,0.1005,0.1159,11.2494
37.185,0.0989,0.1169,11.2513
37.204,0.0993,0.1166,11.2507
37.233,0.0975,0.1175,11.2528
37.281,0.0975,0.1175,11.2528
37.296,0.0959,0.1179,11.2544
37.308,0.0941,0.1183,11.2562
37.351,0.0954,0.1181,11.255
37.397,0.0933,0.1173,11.2566
37.421,0.0935,0.1178,11.2566
37.445,0.0938,0.1168,11.2559
37.482,0.0938,0.1168,11.256
37.506,0.0949,0.1163,11.2548
37.527,0.0958,0.116,11.2538
37.561,0.095,0.1163,11.2547
37.604,0.0964,0.1158,11.2532
37.624,0.0961,0.1159,11.2535
37.653,0.0968,0.1157,11.2528
37.691,0.0967,0.1158,11.2529
37.726,0.0972,0.1156,11.2524
37.756,0.0971,0.1156,11.2524
37.779,0.0974,0.1156,11.2522
37.808,0.0975,0.1157,11.2521
37.838,0.0974,0.1156,11.2522
37.919,0.0976,0.1158,11.2521
37.96,0.0979,0.1157,11.2517
37.986,0.0979,0.1157,11.2518
38.016,0.0981,0.1153,11.2514
38.045,0.0981,0.1154,11.2515
38.059,0.0983,0.115,11.2512
38.087,0.0985,0.1148,11.2509
38.11,0.0983,0.115,11.2511
38.148,0.0986,0.1147,11.2507
38.196,0.0985,0.1148,11.2508
38.231,0.0989,0.1147,11.2505
38.259,0.0988,0.1147,11.2506
38.294,0.0989,0.1148,11.2505
38.324,0.0989,0.1148,11.2505
38.356,0.0989,0.1147,11.2505
38.379,0.099,0.1147,11.2504
38.404,0.0989,0.1147,11.2505
38.466,0.099,0.1146,11.2503
38.496,0.0992,0.1145,11.2501
38.521,0.0992,0.1145,11.2501
38.543,0.0993,0.1144,11.25
38.573,0.0995,0.1144,11.2498
38.592,0.0993,0.1144,11.2499
38.625,0.0996,0.1143,11.2496
38.673,0.0995,0.1143,11.2497
38.707,0.0998,0.1142,11.2494
38.737,0.0998,0.1142,11.2495
38.768,0.0999,0.1141,11.2493
38.801,0.0999,0.1142,11.2493
38.834,0.0999,0.1141,11.2493
38.882,0.1,0.1142,11.2493
38.904,0.1,0.1142,11.2493
38.923,0.1,0.1142,11.2493
38.956,0.1,0.1142,11.2493
38.994,0.1,0.1142,11.2493
39.017,0.1,0.1142,11.2493
39.05,0.0999,0.1142,11.2493
39.097,0.0999,0.1142,11.2493
39.129,0.1,0.1142,11.2493
39.151,0.1,0.1142,11.2493
39.181,0.1,0.1142,11.2493
39.206,0.0999,0.1143,11.2494
39.239,0.1,0.1142,11.2493
39.278,0.0999,0.1143,11.2493
39.308,0.0999,0.1143,11.2493
39.33,0.1,0.1143,11.2492
39.378,0.1001,0.1142,11.2492
39.386,0.1,0.1143,11.2492
39.425,0.1001,0.1142,11.2492
39.449,0.1001,0.1142,11.2492
39.488,0.1001,0.1142,11.2492
39.535,0.1001,0.1142,11.2492
39.567,0.1002,0.1143,11.2491
39.582,0.1002,0.1142,11.2491
39.617,0.1003,0.1142,11.249
39.657,0.1003,0.1142,11.249
39.684,0.1002,0.1142,11.249
39.703,0.1003,0.1142,11.249
39.731,0.1002,0.1142,11.249
39.798,0.1003,0.1142,11.249
39.803,0.1003,0.1142,11.249
39.842,0.1003,0.1142,11.249
39.875,0.1003,0.1142,11.249
39.901,0.1004,0.1141,11.2489
39.948,0.1004,0.1141,11.2489
39.981,0.1004,0.1142,11.2488
39.998,0.1005,0.1142,11.2488
40.03,0.1005,0.1141,11.2488
40.06,0.1005,0.1141,11.2488
40.1,0.1005,0.1141,11.2487
40.142,0.1005,0.1141,11.2487
40.178,0.1005,0.1141,11.2488
40.221,0.1005,0.1141,11.2488
40.248,0.1005,0.1141,11.2487
40.311,0.1005,0.1141,11.2487
40.328,0.1005,0.114,11.2487
40.346,0.1005,0.114,11.2487
40.392,0.1006,0.114,11.2487
40.435,0.1006,0.114,11.2487
40.483,0.1005,0.114,11.2487
40.528,0.1006,0.114,11.2487
40.567,0.1006,0.114,11.2487
40.577,0.1006,0.114,11.2487
40.6,0.1005,0.114,11.2487
40.648,0.1005,0.114,11.2487
40.712,0.1006,0.114,11.2486
40.724,0.1006,0.114,11.2487
40.742,0.1006,0.114,11.2486
40.773,0.1006,0.114,11.2486
40.787,0.1006,0.114,11.2486
40.816,0.1006,0.114,11.2486
40.849,0.1006,0.114,11.2486
40.911,0.1006,0.114,11.2486
40.941,0.1007,0.1141,11.2485
40.959,0.1007,0.114,11.2485
40.991,0.1007,0.1141,11.2485
41.049,0.1007,0.114,11.2486
41.074,0.1007,0.1141,11.2486
41.093,0.1006,0.1141,11.2486
41.13,0.1007,0.1141,11.2486
41.157,0.1007,0.1141,11.2486
41.195,0.1007,0.1141,11.2486
41.23,0.1007,0.1141,11.2486
41.264,0.1007,0.1141,11.2486
41.283,0.1006,0.1141,11.2487
41.33,0.1006,0.1141,11.2487
41.356,0.1006,0.1142,11.2487
41.365,0.1006,0.1142,11.2487
41.403,0.1006,0.1142,11.2487
41.443,0.1005,0.1141,11.2487
41.501,0.1006,0.1141,11.2487
41.57,0.1006,0.1141,11.2487
41.58,0.1006,0.1141,11.2487
41.61,0.1006,0.1141,11.2487
41.66,0.1006,0.1141,11.2487
41.663,0.1006,0.1141,11.2487
41.691,0.1006,0.1141,11.2487
41.732,0.1006,0.1141,11.2487
41.764,0.1006,0.1141,11.2486
41.777,0.1006,0.1141,11.2486
41.821,0.1006,0.1141,11.2487
41.863,0.1007,0.1141,11.2486
41.92,0.1007,0.1141,11.2486
41.959,0.1007,0.1141,11.2485
41.974,0.1007,0.1141,11.2485
41.996,0.1007,0.1141,11.2485
42.03,0.1007,0.1141,11.2485
42.056,0.1007,0.1141,11.2485
42.106,0.1008,0.1141,11.2485
42.138,0.1007,0.1141,11.2486
42.178,0.1007,0.1141,11.2486
42.2,0.1007,0.1141,11.2485
42.213,0.1008,0.1141,11.2485
42.264,0.1008,0.1141,11.2485
42.306,0.1008,0.1141,11.2484
42.316,0.1008,0.1141,11.2485
42.352,0.1008,0.114,11.2485
42.386,0.1008,0.114,11.2485
42.414,0.1007,0.1141,11.2485
42.429,0.1008,0.1141,11.2485
42.47,0.1007,0.1141,11.2485
42.521,0.1008,0.1141,11.2485
42.552,0.1008,0.114,11.2484
42.582,0.1008,0.114,11.2484
42.604,0.1008,0.114,11.2484
42.654,0.1008,0.1141,11.2485
42.684,0.1008,0.1141,11.2484
42.721,0.1008,0.1141,11.2484
42.728,0.1008,0.1141,11.2484
42.769,0.1009,0.114,11.2484
42.795,0.1009,0.114,11.2483
42.813,0.1009,0.114,11.2484
42.887,0.1009,0.114,11.2483
42.91,0.1009,0.114,11.2484
42.943,0.1009,0.114,11.2484
42.97,0.1009,0.114,11.2483
43.003,0.1009,0.114,11.2483
43.043,0.1009,0.114,11.2483
43.071,0.1009,0.114,11.2483
43.098,0.1009,0.114,11.2483
43.113,0.1009,0.114,11.2484
43.146,0.1009,0.114,11.2484
43.166,0.101,0.114,11.2483
43.216,0.101,0.114,11.2483
43.231,0.101,0.114,11.2483
43.287,0.1009,0.114,11.2483
43.295,0.1009,0.114,11.2483
43.322,0.1009,0.114,11.2484
43.366,0.1009,0.114,11.2484
43.38,0.101,0.114,11.2483
43.424,0.1009,0.114,11.2483
43.445,0.101,0.114,11.2483
43.492,0.101,0.114,11.2483
43.532,0.101,0.114,11.2483
43.562,0.101,0.114,11.2483
43.59,0.101,0.114,11.2482
43.614,0.101,0.114,11.2482
43.63,0.101,0.114,11.2482
43.674,0.101,0.1139,11.2483
43.713,0.101,0.114,11.2482
43.732,0.1009,0.1139,11.2483
43.78,0.1009,0.1139,11.2483
43.816,0.101,0.114,11.2483
43.871,0.101,0.114,11.2483
43.895,0.101,0.1139,11.2482
43.939,0.101,0.1139,11.2482
43.961,0.1011,0.1139,11.2481
43.987,0.1011,0.1139,11.2481
44.021,0.1011,0.1139,11.2481
44.067,0.1011,0.1139,11.2481
44.094,0.1011,0.1139,11.2481
44.114,0.1011,0.1139,11.2481
44.14,0.1011,0.1139,11.2481
44.174,0.1011,0.1139,11.2481
44.206,0.1011,0.1139,11.2481
44.246,0.1011,0.1139,11.2481
44.262,0.1011,0.1139,11.2481
44.295,0.1012,0.1139,11.2481
44.343,0.1012,0.1139,11.2481
44.375,0.1011,0.1139,11.2481
44.413,0.1011,0.1139,11.2481
44.443,0.1011,0.1138,11.2481
44.487,0.1011,0.1138,11.2481
44.516,0.1011,0.1139,11.2481
44.55,0.1011,0.1139,11.2481
44.587,0.1011,0.1139,11.2481
44.606,0.1012,0.1138,11.248
44.627,0.1011,0.1139,11.2481
44.655,0.1011,0.1139,11.2481
44.703,0.1011,0.1138,11.2481
44.735,0.1011,0.114,11.2481
44.774,0.1011,0.1139,11.2481
44.806,0.1011,0.114,11.2481
44.828,0.1011,0.114,11.2482
44.853,0.1011,0.1139,11.2481
44.887,0.1011,0.1139,11.2481
44.891,0.1011,0.1139,11.2481
44.928,0.101,0.114,11.2482
44.955,0.1011,0.1139,11.2482
44.985,0.1011,0.114,11.2482
45.022,0.1011,0.114,11.2482
45.04,0.1011,0.1139,11.2482
45.093,0.1011,0.1139,11.2482
45.099,0.1011,0.1139,11.2482
45.141,0.1011,0.114,11.2482
45.175,0.1011,0.1139,11.2482
45.202,0.1011,0.114,11.2481
45.245,0.1011,0.114,11.2481
45.271,0.1011,0.114,11.2481
45.302,0.1011,0.114,11.2481
45.321,0.1011,0.114,11.2481
45.358,0.1011,0.114,11.2482
45.39,0.1011,0.114,11.2482
45.412,0.1011,0.1141,11.2482
45.466,0.1011,0.1141,11.2482
45.497,0.1012,0.114,11.2481
45.527,0.1012,0.114,11.2481
45.557,0.1012,0.1139,11.2481
45.582,0.1012,0.1139,11.248
45.621,0.1011,0.114,11.2481
45.674,0.1012,0.114,11.2481
45.677,0.1012,0.114,11.2481
45.696,0.1012,0.114,11.248
45.761,0.1012,0.114,11.248
45.792,0.1012,0.1139,11.248
45.849,0.1012,0.1139,11.248
45.93,0.1012,0.114,11.2481
45.958,0.1012,0.1139,11.248
45.97,0.1012,0.1139,11.2481
45.981,0.1012,0.114,11.2481
46.036,0.1012,0.1139,11.248
46.048,0.1012,0.1139,11.248
46.084,0.1012,0.1139,11.248
46.104,0.1012,0.1139,11.248
46.149,0.1012,0.114,11.248
46.171,0.1012,0.114,11.248
46.239,0.1012,0.114,11.248
46.254,0.1012,0.114,11.248
46.263,0.1013,0.1139,11.248
46.283,0.1012,0.114,11.248
46.321,0.1013,0.114,11.248
46.356,0.1012,0.114,11.2481
46.374,0.1012,0.114,11.2481
46.407,0.1012,0.114,11.2481
46.437,0.1012,0.114,11.2481
46.469,0.1012,0.114,11.248
46.511,0.1012,0.114,11.248
46.542,0.1018,0.1137,11.2474
46.557,0.105,0.1127,11.2441
46.588,0.1018,0.1137,11.2474
46.626,0.1101,0.1099,11.2383
46.659,0.1068,0.1113,11.2418
46.688,0.1165,0.1073,11.2314
46.716,0.1155,0.1077,11.2325
46.753,0.1327,0.101,11.214
46.805,0.1315,0.1014,11.2152
46.858,0.1563,0.0908,11.1883
46.88,0.1496,0.0937,11.1956
46.932,0.1719,0.0869,11.1723
46.942,0.1686,0.0875,11.1756
46.967,0.1868,0.0854,11.1579
47.002,0.186,0.0854,11.1586
47.028,0.2027,0.0817,11.1417
47.09,0.2067,0.0815,11.138
47.135,0.2374,0.0689,11.1048
47.156,0.231,0.0713,11.1115
47.192,0.2547,0.0635,11.0866
47.212,0.252,0.0644,11.0894
47.257,0.278,0.0538,11.0614
47.297,0.2747,0.0552,11.065
47.32,0.2968,0.0442,11.0404
47.351,0.2949,0.0451,11.0425
47.388,0.3068,0.0371,11.0286
47.423,0.3058,0.0377,11.0297
47.474,0.3123,0.0349,11.0226
47.51,0.3113,0.0352,11.0237
47.535,0.3122,0.0362,11.0232
47.574,0.3123,0.036,11.0231
47.599,0.3098,0.0356,11.0252
47.638,0.3102,0.0358,11.025
47.662,0.307,0.037,11.0283
47.679,0.3048,0.0391,11.0311
47.709,0.3068,0.0372,11.0285
47.757,0.3027,0.0408,11.0337
47.778,0.3039,0.0398,11.0322
47.814,0.301,0.0419,11.0357
47.847,0.3014,0.0417,11.0353
47.898,0.2997,0.0425,11.0371
47.922,0.2999,0.0424,11.0369
47.978,0.2984,0.0431,11.0385
48.019,0.2987,0.0429,11.0382
48.048,0.2977,0.0433,11.0392
48.086,0.2981,0.0432,11.0389
48.116,0.2972,0.0434,11.0398
48.133,0.2974,0.0434,11.0395
48.191,0.2967,0.0435,11.0403
48.208,0.2968,0.0435,11.0402
48.24,0.2962,0.0436,11.0408
48.268,0.2963,0.0436,11.0407
48.299,0.2963,0.042,11.0401
48.334,0.2963,0.0421,11.0401
48.371,0.2981,0.041,11.0381
48.404,0.2981,0.041,11.038
48.441,0.3057,0.039,11.0303
48.483,0.3049,0.0392,11.031
48.52,0.3184,0.035,11.017
48.557,0.316,0.0358,11.0194
48.596,0.3316,0.0309,11.0032
48.618,0.3286,0.0318,11.0063
48.652,0.3411,0.028,10.9933
48.725,0.3402,0.0283,10.9942
48.769,0.351,0.025,10.9829
48.804,0.3502,0.0253,10.9838
48.829,0.371,0.0168,10.9613
48.845,0.3986,0.0069,10.932
48.877,0.4181,0.0006,10.9115
48.904,0.4045,0.0052,10.9258
48.926,0.4414,-0.004,10.8882
48.987,0.4338,-0.0024,10.8958
49.007,0.4539,-0.0062,10.8757
49.042,0.451,-0.0057,10.8786
49.088,0.4749,-0.0117,10.8541
49.116,0.4709,-0.0106,10.8583
49.17,0.4916,-0.0174,10.8364
49.2,0.4886,-0.0162,10.8397
49.223,0.5016,-0.0229,10.8252
49.261,0.4988,-0.0214,10.8283
49.295,0.5053,-0.0249,10.821
49.315,0.5041,-0.0243,10.8223
49.351,0.5048,-0.0244,10.8216
49.38,0.5049,-0.0245,10.8215
49.407,0.5029,-0.0229,10.824
49.444,0.5029,-0.0228,10.824
49.489,0.5016,-0.0216,10.8256
49.503,0.5011,-0.021,10.8263
49.525,0.5016,-0.0215,10.8257
49.564,0.5012,-0.0211,10.8262
49.597,0.5011,-0.021,10.8263
49.653,0.5015,-0.0215,10.8258
49.681,0.5015,-0.0214,10.8258
49.724,0.5019,-0.0218,10.8252
49.746,0.5018,-0.0217,10.8254
49.774,0.5022,-0.0219,10.825
49.805,0.5021,-0.0219,10.825
49.854,0.5067,-0.0223,10.8206
49.878,0.5057,-0.0222,10.8216
49.919,0.5128,-0.0242,10.8142
49.948,0.512,-0.024,10.815
49.987,0.521,-0.0269,10.8056
50.002,0.5303,-0.0303,10.7957
50.021,0.5221,-0.0272,10.8045
50.078,0.5428,-0.0347,10.7825
50.092,0.535,-0.0319,10.7908
50.135,0.5527,-0.038,10.772
50.171,0.5518,-0.0378,10.7729
50.207,0.566,-0.0431,10.7578
50.228,0.5641,-0.0424,10.7599
50.287,0.5746,-0.0457,10.7488
50.326,0.5737,-0.0454,10.7498
50.388,0.5996,-0.0529,10.7229
50.414,0.6362,-0.0613,10.6857
50.432,0.6307,-0.0601,10.6913
50.459,0.6531,-0.0654,10.6685
50.495,0.654,-0.0655,10.6676
50.534,0.6707,-0.07,10.6504
50.55,0.6866,-0.0755,10.6336
50.584,0.6727,-0.0707,10.6483
50.629,0.6998,-0.0811,10.6192
50.649,0.6933,-0.0784,10.6263
50.671,0.7069,-0.0848,10.6112
50.718,0.7062,-0.0844,10.6121
50.757,0.7118,-0.0873,10.6058
50.792,0.7117,-0.0872,10.606
50.845,0.7138,-0.0867,10.6042
50.854,0.7136,-0.0869,10.6043
50.9,0.7121,-0.0853,10.6063
50.931,0.7127,-0.086,10.6054
50.962,0.7107,-0.0842,10.608
50.996,0.7108,-0.0843,10.6078
51.044,0.7103,-0.084,10.6084
51.07,0.7103,-0.084,10.6085
51.107,0.7109,-0.0843,10.6078
51.123,0.7114,-0.0847,10.6072
51.154,0.7109,-0.0843,10.6078
51.192,0.7116,-0.0847,10.607
51.229,0.7115,-0.0847,10.6071
51.277,0.7115,-0.0847,10.607
51.306,0.7116,-0.0847,10.607
51.339,0.7115,-0.0846,10.6071
51.356,0.7115,-0.0846,10.6071
51.39,0.7115,-0.0846,10.6071
51.422,0.7116,-0.0848,10.607
51.434,0.7115,-0.0846,10.6071
51.483,0.7116,-0.0848,10.607
51.516,0.7116,-0.0847,10.6069
51.546,0.7116,-0.0847,10.6069
51.562,0.7116,-0.0847,10.6069
51.615,0.7116,-0.0847,10.6069
51.642,0.7117,-0.0847,10.6069
51.687,0.7117,-0.0848,10.6068
51.713,0.7117,-0.0848,10.6068
51.752,0.7117,-0.0849,10.6068
51.765,0.7117,-0.0848,10.6068
51.804,0.7118,-0.0848,10.6068
51.85,0.7118,-0.0848,10.6068
51.884,0.7118,-0.0848,10.6067
51.909,0.7118,-0.0848,10.6068
51.95,0.7117,-0.0849,10.6068
52.001,0.7117,-0.0849,10.6068
52.06,0.7118,-0.0848,10.6068
52.063,0.7117,-0.0849,10.6068
52.087,0.7118,-0.0848,10.6067
52.11,0.7118,-0.0848,10.6068
52.147,0.7117,-0.0849,10.6068
52.175,0.7117,-0.0849,10.6068
52.209,0.7117,-0.0849,10.6068
52.263,0.7117,-0.0849,10.6068
52.283,0.7117,-0.0848,10.6068
52.339,0.7117,-0.0848,10.6068
52.342,0.7117,-0.0848,10.6069
52.394,0.7117,-0.0848,10.6068
52.429,0.7116,-0.0848,10.6069
52.461,0.7116,-0.0848,10.6069
52.476,0.7117,-0.0848,10.6069
52.505,0.7117,-0.0848,10.6068
52.54,0.7117,-0.0848,10.6068
52.578,0.7117,-0.0848,10.6068
52.608,0.7117,-0.0848,10.6069
52.637,0.7116,-0.0848,10.6069
52.684,0.7116,-0.0848,10.6069
52.715,0.7116,-0.0847,10.6069
52.767,0.7116,-0.0848,10.6069
52.788,0.7116,-0.0848,10.6069
52.821,0.7116,-0.0848,10.6069
52.857,0.7116,-0.0848,10.6069
52.893,0.7116,-0.0848,10.6069
52.914,0.7116,-0.0848,10.6069
52.981,0.7117,-0.0848,10.6069
53.059,0.7116,-0.0848,10.6069
53.079,0.7116,-0.0848,10.6069
53.142,0.7116,-0.0848,10.6069
53.171,0.7117,-0.0848,10.6068
53.194,0.7117,-0.0849,10.6068
53.214,0.7118,-0.0849,10.6067
53.25,0.7117,-0.0849,10.6068
53.284,0.7117,-0.0849,10.6068
53.312,0.7117,-0.0848,10.6068
53.36,0.7117,-0.0848,10.6069
53.372,0.7117,-0.0848,10.6068
53.415,0.7117,-0.0849,10.6068
53.442,0.7117,-0.0848,10.6068
53.475,0.7117,-0.0849,10.6068
53.519,0.7117,-0.0849,10.6068
53.552,0.7116,-0.0848,10.6069
53.573,0.7116,-0.0848,10.6069
53.589,0.7117,-0.0848,10.6068
53.626,0.7117,-0.0849,10.6068
53.644,0.7117,-0.0848,10.6068
53.682,0.7116,-0.0849,10.6069
53.729,0.7116,-0.0849,10.6068
53.744,0.7116,-0.0848,10.6069
53.805,0.7116,-0.0848,10.6069
53.843,0.7116,-0.0848,10.6069
53.877,0.7116,-0.0848,10.6069
53.911,0.7116,-0.0849,10.6069
53.936,0.7116,-0.0849,10.6069
53.976,0.7116,-0.0849,10.6069
53.997,0.7116,-0.0849,10.6069
54.028,0.7117,-0.0848,10.6069
54.07,0.7117,-0.0848,10.6069
54.102,0.7116,-0.0849,10.6069
54.146,0.7116,-0.0849,10.6069
54.181,0.7116,-0.0849,10.6069
54.192,0.7117,-0.0848,10.6068
54.217,0.7116,-0.0849,10.6069
54.246,0.7117,-0.0849,10.6068
54.28,0.7117,-0.0849,10.6068
54.31,0.7116,-0.0849,10.6069
54.353,0.7116,-0.0849,10.6069
54.388,0.7115,-0.0849,10.6069
54.417,0.7115,-0.0849,10.6069
54.44,0.7116,-0.0849,10.6069
54.46,0.7117,-0.0849,10.6068
54.489,0.7116,-0.0849,10.6069
54.524,0.7117,-0.0849,10.6068
54.566,0.7117,-0.0849,10.6068
54.59,0.7116,-0.0849,10.6069
54.64,0.7116,-0.0849,10.6069
54.672,0.7116,-0.0849,10.6068
54.702,0.7116,-0.0849,10.6068
54.714,0.7117,-0.0849,10.6068
54.737,0.7117,-0.0849,10.6068
54.782,0.7117,-0.0849,10.6068
54.819,0.7116,-0.085,10.6069
54.853,0.7116,-0.085,10.6068
54.891,0.7116,-0.0849,10.6068
54.926,0.7116,-0.0849,10.6068
54.952,0.7117,-0.0849,10.6068
54.989,0.7117,-0.0849,10.6068
55.007,0.7116,-0.0849,10.6068
55.03,0.7116,-0.0849,10.6069
55.064,0.7116,-0.0849,10.6069
55.096,0.7116,-0.0849,10.6069
55.128,0.7116,-0.0849,10.6069
55.159,0.7117,-0.0849,10.6068
55.212,0.7117,-0.0849,10.6068
55.239,0.7117,-0.0849,10.6068
55.267,0.7117,-0.0849,10.6068
55.289,0.7116,-0.0849,10.6068
55.308,0.7116,-0.0849,10.6069
55.34,0.7116,-0.0849,10.6069
55.378,0.7117,-0.0849,10.6068
55.41,0.7116,-0.0849,10.6069
55.447,0.7116,-0.0849,10.6069
55.49,0.7116,-0.0849,10.6069
55.547,0.7115,-0.0849,10.607
55.568,0.7115,-0.0849,10.607
55.613,0.7115,-0.0849,10.607
55.628,0.7115,-0.0849,10.607
55.677,0.7115,-0.0849,10.607
55.689,0.7115,-0.0849,10.607
55.713,0.7114,-0.0849,10.607
55.751,0.7114,-0.0849,10.607
55.788,0.7115,-0.0849,10.607
55.815,0.7114,-0.0849,10.607
55.835,0.7115,-0.0848,10.607
55.889,0.7115,-0.0848,10.607
55.914,0.7115,-0.0849,10.607
55.948,0.7114,-0.0849,10.607
55.962,0.7115,-0.0849,10.6069
56.007,0.7114,-0.0849,10.607
56.043,0.7114,-0.0849,10.6071
56.076,0.7115,-0.0849,10.607
56.121,0.7115,-0.0849,10.607
56.134,0.7115,-0.0849,10.6069
56.174,0.7115,-0.0849,10.607
56.21,0.7114,-0.0849,10.607
56.224,0.7115,-0.0848,10.607
56.253,0.7114,-0.0849,10.607
56.319,0.7115,-0.0848,10.607
56.338,0.7115,-0.0849,10.6069
56.387,0.7115,-0.0849,10.6069
56.393,0.7115,-0.0849,10.607
56.425,0.7115,-0.0849,10.607
56.452,0.7115,-0.0849,10.607
56.471,0.7115,-0.0849,10.607
56.538,0.7115,-0.0849,10.607
56.549,0.7115,-0.0849,10.6069
56.592,0.7115,-0.0849,10.6069
56.621,0.7114,-0.0849,10.607
56.644,0.7114,-0.0849,10.607
56.663,0.7114,-0.0849,10.607
56.702,0.7115,-0.0849,10.607
56.737,0.7114,-0.0849,10.607
56.772,0.7115,-0.0849,10.6069
56.808,0.7115,-0.0849,10.607
56.832,0.7117,-0.085,10.6068
56.871,0.7146,-0.0854,10.6039
56.883,0.7125,-0.0853,10.6059
56.914,0.7183,-0.0862,10.6001
56.947,0.7159,-0.0855,10.6026
56.971,0.7253,-0.0879,10.5931
57.014,0.7233,-0.0874,10.595
57.041,0.734,-0.0904,10.584
57.076,0.7346,-0.0906,10.5834
57.096,0.7439,-0.0935,10.5736
57.111,0.7565,-0.0976,10.5604
57.154,0.7492,-0.0952,10.5681
57.21,0.7686,-0.1013,10.5478
57.238,0.7667,-0.1005,10.5498
57.257,0.7791,-0.1049,10.5368
57.288,0.7797,-0.105,10.5361
57.318,0.7931,-0.1082,10.5224
57.334,0.8138,-0.1134,10.5012
57.36,0.8002,-0.1099,10.5152
57.389,0.8322,-0.1189,10.4821
57.433,0.8288,-0.1177,10.4857
57.468,0.8547,-0.1229,10.4597
57.506,0.8528,-0.1226,10.4616
57.528,0.8669,-0.1258,10.4473
57.572,0.8705,-0.1268,10.4436
57.599,0.89,-0.1324,10.4234
57.639,0.8919,-0.133,10.4213
57.656,0.9055,-0.1381,10.4068
57.674,0.9158,-0.1432,10.3953
57.744,0.9114,-0.1405,10.4004
57.778,0.924,-0.1481,10.386
57.802,0.9211,-0.146,10.3894
57.831,0.9265,-0.1491,10.3832
57.863,0.9257,-0.1488,10.3841
57.908,0.9263,-0.1486,10.3836
57.935,0.9264,-0.1487,10.3835
57.97,0.9242,-0.1477,10.3859
58.003,0.9247,-0.1479,10.3854
58.061,0.9224,-0.1472,10.3878
58.091,0.9229,-0.1473,10.3873
58.12,0.9225,-0.1476,10.3875
58.149,0.9225,-0.1476,10.3875
58.19,0.9229,-0.148,10.387
58.2,0.9229,-0.148,10.387
58.23,0.9233,-0.1483,10.3865
58.27,0.9234,-0.1483,10.3865
58.296,0.9236,-0.1484,10.3862
58.338,0.9245,-0.149,10.3852
58.35,0.9262,-0.1497,10.3833
58.385,0.9315,-0.1506,10.3781
58.405,0.9277,-0.1499,10.3818
58.438,0.938,-0.1526,10.3712
58.493,0.9359,-0.1519,10.3735
58.524,0.9472,-0.1551,10.3618
58.545,0.9472,-0.1551,10.3618
58.58,0.9587,-0.1592,10.3496
58.599,0.9705,-0.1634,10.3371
58.618,0.9615,-0.1602,10.3466
58.678,0.9807,-0.1671,10.3262
58.703,0.975,-0.1654,10.3321
58.735,0.9925,-0.1702,10.314
58.769,0.99,-0.1694,10.3167
58.783,1.0065,-0.175,10.2993
58.821,1.0088,-0.1758,10.2969
58.862,1.0321,-0.1831,10.2725
58.881,1.0525,-0.1882,10.2517
58.908,1.0321,-0.1831,10.2725
58.944,1.0718,-0.1933,10.2318
58.981,1.0631,-0.1912,10.2407
58.996,1.0837,-0.1961,10.2197
59.048,1.0837,-0.1961,10.2197
59.072,1.1004,-0.201,10.2023
59.096,1.1127,-0.2051,10.1894
59.123,1.1013,-0.2013,10.2014
59.17,1.1237,-0.2097,10.1775
59.186,1.1186,-0.2078,10.1829
59.232,1.1298,-0.2131,10.1706
59.26,1.129,-0.2127,10.1715
59.293,1.1334,-0.2143,10.1667
59.325,1.1334,-0.2143,10.1668
59.365,1.1334,-0.2136,10.167
59.416,1.1334,-0.2137,10.1669
59.466,1.1309,-0.212,10.17
59.488,1.1317,-0.2125,10.169
59.512,1.1305,-0.212,10.1703
59.533,1.1306,-0.212,10.1702
59.567,1.1308,-0.2121,10.17
59.611,1.1308,-0.2121,10.17
59.645,1.1313,-0.2124,10.1694
59.673,1.1314,-0.2124,10.1693
59.714,1.1316,-0.2125,10.1691
59.765,1.1316,-0.2125,10.1691
59.786,1.1318,-0.2123,10.169
59.802,1.1318,-0.2123,10.169
59.828,1.132,-0.2126,10.1687
59.853,1.1324,-0.2126,10.1683
59.88,1.1322,-0.2128,10.1685
59.934,1.1333,-0.2127,10.1674
59.968,1.1329,-0.2127,10.1679
59.995,1.1344,-0.2125,10.1665
60.04,1.1343,-0.2125,10.1666
60.063,1.1355,-0.2123,10.1656
60.077,1.1367,-0.2124,10.1644
60.12,1.136,-0.2123,10.1651
60.14,1.1378,-0.2125,10.1634
60.19,1.1373,-0.2124,10.1638
60.204,1.139,-0.2124,10.1622
60.246,1.1388,-0.2124,10.1624
60.277,1.1408,-0.2117,10.1608
60.333,1.1407,-0.2118,10.1609
60.35,1.1424,-0.2109,10.1596
60.39,1.1421,-0.2111,10.1598
60.431,1.1442,-0.2098,10.1583
60.451,1.1436,-0.2102,10.1587
60.486,1.1454,-0.2093,10.1574
60.508,1.1453,-0.2094,10.1575
60.549,1.1464,-0.2085,10.1567
60.585,1.1465,-0.2085,10.1567
60.619,1.1478,-0.2076,10.1558
60.66,1.1476,-0.2077,10.1559
60.71,1.1484,-0.2064,10.1556
60.737,1.1483,-0.2066,10.1557
60.776,1.1494,-0.2054,10.1551
60.819,1.1493,-0.2055,10.1551
60.855,1.1514,-0.2039,10.1537
60.872,1.1508,-0.2043,10.1541
60.895,1.1525,-0.2034,10.1529
60.926,1.1524,-0.2035,10.1529
60.963,1.1532,-0.203,10.1524
61.006,1.1538,-0.2028,10.1519
61.012,1.1546,-0.2025,10.1513
61.025,1.1553,-0.203,10.1505
61.068,1.1549,-0.2029,10.1509
61.112,1.1554,-0.2034,10.1502
61.139,1.1555,-0.2035,10.15
61.181,1.1541,-0.2024,10.1518
61.215,1.1542,-0.2027,10.1516
61.23,1.1536,-0.1998,10.1532
61.263,1.1534,-0.1988,10.1538
61.299,1.1535,-0.1996,10.1533
61.327,1.1511,-0.1963,10.1568
61.366,1.1518,-0.1981,10.1555
61.404,1.1507,-0.1935,10.1582
61.456,1.151,-0.1939,10.1578
61.478,1.1499,-0.1934,10.1589
61.499,1.1503,-0.1934,10.1586
61.52,1.1497,-0.1949,10.1586
61.566,1.1497,-0.1949,10.1586
61.591,1.1497,-0.1961,10.1582
61.631,1.1496,-0.1963,10.1582
61.644,1.1495,-0.1966,10.1582
61.677,1.1493,-0.1968,10.1583
61.696,1.1494,-0.1967,10.1582
61.72,1.1491,-0.1969,10.1584
61.774,1.1492,-0.1969,10.1583
61.819,1.1488,-0.197,10.1586
61.853,1.1489,-0.197,10.1586
61.897,1.148,-0.1959,10.1598
61.921,1.1482,-0.1961,10.1596
61.953,1.1487,-0.1972,10.1587
62.005,1.1487,-0.1971,10.1587
62.044,1.1484,-0.1978,10.1588
62.062,1.1485,-0.1976,10.1588
62.102,1.1481,-0.198,10.1589
62.134,1.1482,-0.1979,10.1589
62.168,1.1479,-0.1978,10.1592
62.221,1.148,-0.1978,10.1591
62.224,1.1473,-0.1976,10.1598
62.28,1.1473,-0.1975,10.1599
62.313,1.1458,-0.197,10.1615
62.341,1.146,-0.1971,10.1613
62.375,1.1437,-0.1967,10.1636
62.409,1.144,-0.1967,10.1633
62.44,1.1421,-0.1965,10.1651
62.47,1.1422,-0.1965,10.165
62.483,1.1387,-0.1972,10.168
62.517,1.1372,-0.1981,10.1691
62.546,1.1383,-0.1974,10.1683
62.595,1.1375,-0.1986,10.1686
62.602,1.1373,-0.1984,10.1689
62.639,1.1385,-0.1988,10.1676
62.667,1.1382,-0.1988,10.1679
62.699,1.1398,-0.1988,10.1664
62.733,1.1398,-0.1988,10.1664
62.76,1.141,-0.1987,10.1653
62.807,1.1413,-0.1987,10.165
62.818,1.1417,-0.1987,10.1647
62.843,1.1423,-0.1987,10.1641
62.878,1.142,-0.1987,10.1644
62.915,1.1425,-0.199,10.1638
62.96,1.1425,-0.199,10.1638
62.982,1.1427,-0.1992,10.1635
63.001,1.1429,-0.1995,10.1633
63.036,1.1427,-0.1993,10.1635
63.076,1.1432,-0.1996,10.163
63.11,1.1431,-0.1996,10.1631
63.143,1.1435,-0.1996,10.1627
63.215,1.1434,-0.1996,10.1627
63.257,1.1438,-0.1996,10.1624
63.259,1.1437,-0.1996,10.1625
63.296,1.144,-0.1996,10.1622
63.317,1.1439,-0.1996,10.1623
63.35,1.1441,-0.1996,10.1621
63.385,1.144,-0.1997,10.1621
63.41,1.144,-0.1996,10.1622
63.452,1.144,-0.1996,10.1622
63.472,1.1441,-0.1996,10.1621
63.492,1.1441,-0.1996,10.1621
63.523,1.1441,-0.1996,10.1621
63.59,1.1442,-0.1996,10.162
63.607,1.1442,-0.1996,10.162
63.624,1.1436,-0.1991,10.1627
63.67,1.1442,-0.1995,10.162
63.719,1.145,-0.1992,10.1614
63.742,1.1448,-0.1992,10.1616
63.752,1.1451,-0.1985,10.1616
63.786,1.1445,-0.198,10.1623
63.799,1.145,-0.1984,10.1617
63.844,1.143,-0.1975,10.1639
63.884,1.144,-0.1977,10.1629
63.917,1.1409,-0.1972,10.166
63.958,1.1414,-0.1973,10.1655
63.982,1.138,-0.1971,10.1687
64.011,1.138,-0.1971,10.1687
64.033,1.1357,-0.1969,10.1709
64.092,1.1354,-0.1968,10.1713
64.124,1.1336,-0.1965,10.173
64.153,1.1336,-0.1965,10.173
64.189,1.1321,-0.1964,10.1744
64.224,1.1304,-0.1958,10.1762
64.231,1.1315,-0.1961,10.1751
64.266,1.1303,-0.1949,10.1767
64.296,1.1302,-0.1954,10.1766
64.317,1.1309,-0.1939,10.1765
64.38,1.1308,-0.194,10.1765
64.411,1.1325,-0.1928,10.1754
64.442,1.1322,-0.193,10.1756
64.457,1.1338,-0.1923,10.1743
64.514,1.1339,-0.1923,10.1742
64.517,1.1351,-0.1918,10.1733
64.541,1.1361,-0.1909,10.1727
64.577,1.1356,-0.1914,10.173
64.616,1.1369,-0.1901,10.1723
64.657,1.1368,-0.1902,10.1723
64.689,1.1372,-0.1889,10.1724
64.738,1.1372,-0.1891,10.1724
64.774,1.1368,-0.1877,10.1732
64.799,1.137,-0.1881,10.1729
64.838,1.1359,-0.1865,10.1745
64.871,1.1361,-0.1868,10.1742
64.905,1.1346,-0.1852,10.1762
64.942,1.1345,-0.185,10.1763
64.971,1.1338,-0.1824,10.178
64.989,1.1339,-0.1829,10.1776
65.016,1.133,-0.1809,10.1793
65.067,1.133,-0.1809,10.1793
65.08,1.1321,-0.1796,10.1805
65.136,1.132,-0.1791,10.1808
65.153,1.1321,-0.1782,10.1811
65.175,1.1329,-0.1781,10.1804
65.21,1.1322,-0.1779,10.1811
65.243,1.134,-0.1778,10.1794
65.287,1.1336,-0.1778,10.1798
65.324,1.137,-0.1769,10.177
65.351,1.1366,-0.1771,10.1773
65.389,1.1398,-0.1757,10.1748
65.411,1.1398,-0.1757,10.1748
65.434,1.1419,-0.1743,10.1734
65.458,1.143,-0.1746,10.1723
65.489,1.1425,-0.1746,10.1727
65.524,1.1437,-0.1735,10.172
65.56,1.1434,-0.1742,10.172
65.573,1.1447,-0.1714,10.1718
65.626,1.1447,-0.1716,10.1717
65.671,1.145,-0.1695,10.1722
65.692,1.145,-0.1695,10.1722
65.719,1.1451,-0.1686,10.1724
65.738,1.1458,-0.1682,10.172
65.775,1.1452,-0.1684,10.1724
65.828,1.1465,-0.1679,10.1714
65.837,1.1462,-0.168,10.1717
65.867,1.1473,-0.1676,10.1708
65.889,1.1478,-0.1673,10.1704
65.923,1.1472,-0.1676,10.1708
65.96,1.1482,-0.167,10.1701
65.99,1.148,-0.1672,10.1703
66.028,1.1486,-0.1668,10.1699
66.046,1.1485,-0.1669,10.17
66.074,1.1489,-0.1666,10.1697
66.111,1.1489,-0.1666,10.1697
66.128,1.1492,-0.1665,10.1694
66.155,1.1495,-0.1665,10.1691
66.192,1.1493,-0.1665,10.1693
66.229,1.1498,-0.1665,10.1689
66.264,1.1496,-0.1665,10.169
66.288,1.1499,-0.1666,10.1687
66.315,1.1499,-0.1666,10.1688
66.338,1.15,-0.1667,10.1686
66.398,1.15,-0.1667,10.1686
66.426,1.15,-0.1668,10.1685
66.461,1.15,-0.1668,10.1685
66.474,1.1501,-0.1669,10.1685
66.513,1.1501,-0.167,10.1684
66.539,1.1501,-0.167,10.1684
66.575,1.1502,-0.1671,10.1682
66.619,1.1502,-0.1671,10.1683
66.662,1.1503,-0.1671,10.1681
66.689,1.1503,-0.1671,10.1682
66.724,1.1504,-0.1671,10.1681
66.749,1.1504,-0.1671,10.1681
66.787,1.1504,-0.1671,10.1681
66.823,1.1504,-0.1671,10.1681
66.85,1.1504,-0.1671,10.1681
66.884,1.1504,-0.1672,10.1681
66.91,1.1504,-0.1671,10.1681
66.94,1.1505,-0.1672,10.168
66.971,1.1504,-0.1672,10.168
67.002,1.1498,-0.1678,10.1684
67.024,1.1501,-0.1675,10.1682
67.057,1.1507,-0.1687,10.1672
67.102,1.1507,-0.1687,10.1672
67.137,1.1513,-0.1672,10.1672
67.178,1.1513,-0.1673,10.1672
67.196,1.1525,-0.1659,10.1666
67.222,1.153,-0.1631,10.1671
67.246,1.1527,-0.1656,10.1665
67.285,1.1529,-0.1636,10.1671
67.331,1.153,-0.1632,10.1671
67.359,1.1527,-0.1637,10.1672
67.39,1.1527,-0.1636,10.1672
67.409,1.1531,-0.1633,10.167
67.435,1.1529,-0.1633,10.1671
67.458,1.1531,-0.1633,10.167
67.493,1.1532,-0.1632,10.1669
67.535,1.1531,-0.1633,10.167
67.575,1.1535,-0.1632,10.1667
67.606,1.1534,-0.1632,10.1667
67.628,1.1539,-0.1632,10.1662
67.692,1.1539,-0.1632,10.1663
67.741,1.1543,-0.1632,10.1659
67.753,1.1541,-0.1631,10.1661
67.803,1.1545,-0.1633,10.1656
67.821,1.1544,-0.1632,10.1658
67.855,1.1548,-0.1635,10.1654
67.892,1.1547,-0.1634,10.1655
67.941,1.1549,-0.1639,10.1651
67.952,1.1548,-0.1637,10.1652
67.997,1.1548,-0.1643,10.165
68.032,1.1548,-0.1642,10.165
68.074,1.1549,-0.1646,10.1648
68.09,1.1549,-0.1645,10.1648
68.118,1.1551,-0.1647,10.1646
68.147,1.1551,-0.1647,10.1646
68.168,1.1552,-0.1646,10.1645
68.188,1.1552,-0.1646,10.1645
68.218,1.1552,-0.1646,10.1645
68.248,1.1553,-0.1646,10.1644
68.305,1.1553,-0.1646,10.1645
68.339,1.1554,-0.1647,10.1643
68.366,1.1554,-0.1647,10.1643
68.402,1.1555,-0.1647,10.1642
68.428,1.1555,-0.1647,10.1642
68.446,1.1555,-0.1647,10.1642
68.491,1.1555,-0.1646,10.1642
68.53,1.1555,-0.1646,10.1642
68.585,1.1556,-0.1647,10.1642
68.61,1.1556,-0.1647,10.1642
68.62,1.1556,-0.1647,10.1642
68.638,1.1556,-0.1647,10.1642
68.672,1.1559,-0.1647,10.1639
68.699,1.1558,-0.1647,10.1639
68.724,1.1573,-0.1664,10.1619
68.77,1.1575,-0.1664,10.1617
68.793,1.1611,-0.1671,10.1581
68.807,1.1679,-0.1681,10.1514
68.843,1.1637,-0.1676,10.1556
68.87,1.1755,-0.1693,10.1439
68.922,1.1738,-0.169,10.1456
68.933,1.1851,-0.1711,10.1343
68.963,1.1954,-0.1735,10.1239
68.989,1.1862,-0.1714,10.1332
69.016,1.2079,-0.1767,10.111
69.053,1.2023,-0.1753,10.1168
69.088,1.221,-0.1804,10.0975
69.115,1.2175,-0.1795,10.1011
69.154,1.2322,-0.1823,10.0864
69.198,1.2347,-0.1826,10.084
69.237,1.2475,-0.1852,10.0711
69.264,1.2485,-0.1852,10.0702
69.315,1.2741,-0.1888,10.0451
69.349,1.2776,-0.1896,10.0415
69.394,1.3045,-0.1888,10.0168
69.442,1.3028,-0.1893,10.0182
69.468,1.328,-0.1942,9.993
69.49,1.3218,-0.1928,9.9993
69.525,1.3442,-0.1988,9.9762
69.571,1.3448,-0.199,9.9755
69.586,1.3601,-0.2058,9.9589
69.616,1.3616,-0.206,9.9573
69.626,1.3686,-0.2094,9.9496
69.648,1.3746,-0.213,9.9427
69.692,1.3722,-0.2122,9.9452
69.726,1.3766,-0.2129,9.9409
69.764,1.3764,-0.2128,9.9411
69.794,1.3766,-0.213,9.9409
69.804,1.3756,-0.2122,9.9421
69.822,1.3766,-0.2131,9.9408
69.863,1.3736,-0.2115,9.9441
69.895,1.3747,-0.2119,9.943
69.925,1.3719,-0.2111,9.946
69.964,1.3721,-0.2111,9.9457
70.01,1.371,-0.211,9.9468
70.042,1.3709,-0.211,9.9469
70.081,1.3707,-0.2112,9.947
70.111,1.3707,-0.2112,9.947
70.18,1.3708,-0.2113,9.9469
70.203,1.3708,-0.2113,9.9469
70.246,1.3706,-0.2112,9.9471
70.268,1.3707,-0.2112,9.947
70.314,1.3707,-0.2115,9.9469
70.339,1.3706,-0.2114,9.947
70.386,1.373,-0.2135,9.944
70.41,1.3724,-0.213,9.9448
70.448,1.3779,-0.2149,9.9389
70.47,1.3766,-0.2146,9.9402
70.501,1.3852,-0.2168,9.9315
70.538,1.385,-0.2168,9.9316
70.572,1.3981,-0.2209,9.918
70.618,1.3979,-0.2208,9.9181
70.642,1.411,-0.2247,9.9046
70.67,1.4103,-0.2245,9.9053
70.697,1.4236,-0.2263,9.8922
70.745,1.4234,-0.2263,9.8925
70.787,1.4463,-0.2309,9.8695
70.813,1.4429,-0.2302,9.8729
70.844,1.4653,-0.2354,9.8502
70.875,1.4664,-0.2356,9.849
70.888,1.4849,-0.24,9.8302
70.911,1.5068,-0.243,9.8088
70.95,1.4979,-0.2433,9.817
70.985,1.5239,-0.2462,9.7918
71.021,1.5215,-0.2457,9.7942
71.039,1.5359,-0.2489,9.7796
71.088,1.5384,-0.2496,9.777
71.102,1.5519,-0.2535,9.763
71.129,1.5654,-0.2581,9.7487
71.165,1.5581,-0.2554,9.7566
71.193,1.5746,-0.2621,9.7388
71.234,1.5737,-0.2617,9.7398
71.266,1.5807,-0.2657,9.7317
71.293,1.5813,-0.266,9.7311
71.335,1.5833,-0.2662,9.7291
71.347,1.5828,-0.2649,9.7301
71.377,1.5833,-0.2661,9.7292
71.429,1.5817,-0.2642,9.7314
71.437,1.5823,-0.2648,9.7306
71.482,1.5797,-0.2631,9.7337
71.495,1.5802,-0.2634,9.7331
71.562,1.5789,-0.263,9.7344
71.591,1.5789,-0.263,9.7344
71.623,1.5793,-0.2636,9.7339
71.646,1.5793,-0.2636,9.7339
71.654,1.5798,-0.2641,9.7332
71.69,1.5801,-0.2642,9.7329
71.715,1.58,-0.2642,9.733
71.763,1.5802,-0.264,9.7328
71.802,1.5802,-0.264,9.7328
71.84,1.5805,-0.2639,9.7326
71.864,1.5805,-0.2638,9.7326
71.905,1.5808,-0.2636,9.7325
71.93,1.5808,-0.2636,9.7324
71.977,1.5813,-0.2627,9.7323
72.001,1.5813,-0.2627,9.7323
72.035,1.5822,-0.2625,9.7316
72.066,1.5823,-0.2625,9.7315
72.107,1.5833,-0.2619,9.7307
72.145,1.5834,-0.2619,9.7307
72.163,1.5846,-0.2617,9.7296
72.186,1.5857,-0.2616,9.7287
72.204,1.5847,-0.2616,9.7295
72.251,1.5869,-0.2614,9.7276
72.278,1.5864,-0.2615,9.728
72.306,1.5878,-0.2604,9.7271
72.342,1.5877,-0.2606,9.7272
72.377,1.5891,-0.2593,9.7264
72.418,1.589,-0.2594,9.7264
72.449,1.5901,-0.2586,9.7257
72.461,1.5911,-0.2581,9.725
72.481,1.5903,-0.2585,9.7255
72.519,1.5922,-0.2574,9.7242
72.545,1.5917,-0.2577,9.7245
72.581,1.5929,-0.2572,9.7236
72.609,1.5928,-0.2573,9.7237
72.646,1.5937,-0.2565,9.7231
72.691,1.5939,-0.2564,9.723
72.727,1.5947,-0.2557,9.7225
72.741,1.5954,-0.2551,9.7221
72.771,1.5948,-0.2556,9.7224
72.796,1.5962,-0.2541,9.7217
72.841,1.596,-0.2544,9.7218
72.873,1.5971,-0.2531,9.7213
72.922,1.597,-0.2531,9.7213
72.945,1.5977,-0.252,9.7211
72.97,1.5982,-0.2512,9.7209
73.013,1.5977,-0.252,9.7211
73.076,1.5983,-0.2511,9.7208
73.127,1.5994,-0.2506,9.72
73.142,1.5992,-0.2507,9.7202
73.184,1.6,-0.2505,9.7195
73.205,1.5998,-0.2505,9.7197
73.232,1.5987,-0.2509,9.7206
73.258,1.599,-0.2508,9.7204
73.303,1.5973,-0.2482,9.7229
73.323,1.5975,-0.2486,9.7226
73.357,1.5965,-0.2466,9.7242
73.404,1.5966,-0.2467,9.7242
73.422,1.5953,-0.244,9.7263
73.46,1.595,-0.244,9.7266
73.48,1.5941,-0.243,9.7278
73.494,1.5933,-0.244,9.7281
73.567,1.5937,-0.2431,9.7282
73.581,1.5933,-0.2452,9.7277
73.595,1.5934,-0.2451,9.7277
73.614,1.5933,-0.2462,9.7273
73.654,1.5932,-0.2465,9.7273
73.691,1.5933,-0.2464,9.7273
73.76,1.5929,-0.2463,9.7276
73.781,1.5931,-0.2464,9.7274
73.826,1.5929,-0.2464,9.7277
73.865,1.5926,-0.2467,9.7278
73.883,1.5926,-0.2466,9.7278
73.907,1.5923,-0.2469,9.728
73.954,1.5923,-0.2469,9.728
73.99,1.5919,-0.2468,9.7284
74.029,1.5919,-0.2468,9.7284
74.058,1.5916,-0.2469,9.7287
74.097,1.5916,-0.2469,9.7287
74.124,1.5913,-0.247,9.7289
74.16,1.5913,-0.2471,9.7289
74.196,1.5911,-0.2471,9.7291
74.198,1.5909,-0.247,9.7293
74.253,1.591,-0.247,9.7292
74.279,1.5912,-0.247,9.729
74.311,1.5912,-0.247,9.729
74.346,1.5956,-0.2451,9.7256
74.382,1.5951,-0.2453,9.726
74.428,1.6043,-0.2427,9.7185
74.457,1.6021,-0.2433,9.7203
74.502,1.6168,-0.2391,9.7083
74.535,1.6134,-0.24,9.711
74.56,1.6275,-0.2364,9.6993
74.623,1.6279,-0.2363,9.699
74.66,1.6461,-0.2326,9.6835
74.683,1.6429,-0.2332,9.6863
74.71,1.6593,-0.2298,9.6724
74.733,1.6583,-0.2301,9.6732
74.751,1.6708,-0.2268,9.6628
74.802,1.673,-0.2262,9.661
74.841,1.6899,-0.2211,9.6473
74.877,1.6877,-0.2218,9.6491
74.911,1.7015,-0.217,9.6381
74.938,1.7018,-0.2169,9.6379
74.95,1.7098,-0.2144,9.6315
75.005,1.7149,-0.2125,9.6275
75.026,1.7254,-0.213,9.6176
75.081,1.7297,-0.2125,9.6138
75.106,1.7386,-0.2203,9.6026
75.122,1.762,-0.233,9.5761
75.164,1.7491,-0.2314,9.5887
75.19,1.7811,-0.2351,9.5577
75.227,1.774,-0.2305,9.566
75.281,1.7918,-0.2369,9.5471
75.288,1.7896,-0.2376,9.5489
75.337,1.7986,-0.233,9.5423
75.366,1.7981,-0.2333,9.5426
75.401,1.8062,-0.226,9.538
75.454,1.807,-0.2247,9.5378
75.486,1.8092,-0.2165,9.5388
75.516,1.8089,-0.2187,9.5383
75.56,1.8074,-0.2133,9.5417
75.585,1.8082,-0.2147,9.5405
75.617,1.805,-0.2126,9.5442
75.643,1.8055,-0.2128,9.5437
75.672,1.8027,-0.213,9.5462
75.707,1.8027,-0.213,9.5462
75.751,1.8022,-0.213,9.5467
75.774,1.8022,-0.213,9.5466
75.821,1.8025,-0.2125,9.5465
75.851,1.8025,-0.2125,9.5466
75.874,1.8027,-0.2121,9.5466
75.916,1.8027,-0.212,9.5466
75.935,1.8026,-0.2119,9.5467
75.958,1.8035,-0.2124,9.5457
75.988,1.8038,-0.2128,9.5452
76.033,1.8036,-0.2117,9.5459
76.059,1.8035,-0.2121,9.5458
76.095,1.8033,-0.2103,9.5466
76.13,1.8034,-0.2102,9.5467
76.147,1.8035,-0.2082,9.5473
76.175,1.8035,-0.2069,9.5478
76.191,1.8035,-0.2075,9.5476
76.249,1.8034,-0.2034,9.5492
76.278,1.8034,-0.2044,9.5489
76.285,1.8034,-0.2008,9.5503
76.329,1.8034,-0.2009,9.5502
76.352,1.8035,-0.1985,9.551
76.375,1.804,-0.1963,9.5515
76.401,1.8037,-0.1978,9.5512
76.439,1.8047,-0.1942,9.5516
76.482,1.8044,-0.1949,9.5516
76.503,1.8054,-0.1918,9.5519
76.543,1.8053,-0.1922,9.5518
76.557,1.806,-0.19,9.552
76.604,1.8061,-0.1898,9.552
76.624,1.8068,-0.1885,9.5518
76.674,1.808,-0.1867,9.5514
76.692,1.8074,-0.1876,9.5517
76.718,1.809,-0.1857,9.5509
76.768,1.8088,-0.1859,9.551
76.801,1.8105,-0.1851,9.5498
76.83,1.8103,-0.1852,9.5499
76.874,1.8124,-0.1843,9.5483
76.903,1.8124,-0.1843,9.5483
76.93,1.8135,-0.184,9.5474
76.97,1.8136,-0.1839,9.5474
76.997,1.8149,-0.1836,9.5463
77.017,1.8157,-0.1834,9.5457
77.044,1.815,-0.1835,9.5462
77.083,1.8164,-0.1831,9.5451
77.12,1.8161,-0.1832,9.5454
77.151,1.8168,-0.1828,9.5448
77.182,1.8167,-0.1829,9.5449
77.204,1.8168,-0.1824,9.545
77.257,1.8169,-0.1819,9.5452
77.275,1.8168,-0.1824,9.545
77.333,1.8169,-0.1818,9.5452
77.365,1.817,-0.1811,9.5454
77.402,1.817,-0.1812,9.5453
77.435,1.8165,-0.1797,9.5463
77.462,1.8166,-0.1799,9.5461
77.492,1.8159,-0.1786,9.5473
77.511,1.8152,-0.1776,9.5483
77.536,1.8158,-0.1785,9.5474
77.57,1.8145,-0.1771,9.5492
77.61,1.8148,-0.1773,9.5488
77.643,1.8135,-0.1768,9.5502
77.683,1.8136,-0.1768,9.5501
77.708,1.8127,-0.1766,9.551
77.752,1.8128,-0.1767,9.5509
77.777,1.812,-0.1769,9.5516
77.819,1.812,-0.1769,9.5515
77.847,1.8115,-0.1761,9.5524
77.884,1.8115,-0.1762,9.5523
77.913,1.8106,-0.1754,9.5535
77.931,1.8092,-0.1769,9.5542
77.95,1.8102,-0.1754,9.5539
77.991,1.8063,-0.178,9.5564
78.014,1.8069,-0.1779,9.5559
78.039,1.8068,-0.1738,9.5576
78.1,1.8068,-0.1744,9.5573
78.12,1.8059,-0.1694,9.5601
78.136,1.8054,-0.1664,9.5617
78.175,1.8058,-0.1688,9.5604
78.212,1.8058,-0.1647,9.562
78.241,1.8055,-0.1654,9.5621
78.274,1.8067,-0.1629,9.5619
78.316,1.8065,-0.1634,9.5619
78.364,1.8074,-0.1611,9.562
78.374,1.8072,-0.1615,9.562
78.434,1.8074,-0.1597,9.5625
78.441,1.8074,-0.1599,9.5625
78.484,1.8069,-0.1587,9.5633
78.516,1.8069,-0.1588,9.5633
78.543,1.8063,-0.158,9.5641
78.593,1.8063,-0.158,9.5642
78.615,1.8058,-0.1571,9.565
78.642,1.8058,-0.1571,9.565
78.675,1.8053,-0.1562,9.5658
78.726,1.8053,-0.1562,9.5658
78.766,1.805,-0.1553,9.5665
78.789,1.8048,-0.1547,9.5668
78.811,1.805,-0.1553,9.5665
78.839,1.8048,-0.1541,9.5671
78.866,1.8048,-0.1545,9.5669
78.896,1.8048,-0.1536,9.5673
78.934,1.8048,-0.1538,9.5672
78.969,1.8047,-0.153,9.5676
79.016,1.8047,-0.1531,9.5676
79.037,1.8047,-0.1523,9.5678
79.078,1.8047,-0.1523,9.5679
79.128,1.8046,-0.1516,9.5683
79.153,1.8046,-0.1517,9.5682
79.2,1.8044,-0.1513,9.5685
79.222,1.8044,-0.1513,9.5685
79.269,1.804,-0.1508,9.5691
79.297,1.8041,-0.1509,9.569
79.327,1.8037,-0.1504,9.5696
79.368,1.8037,-0.1505,9.5695
79.395,1.8035,-0.1501,9.5699
79.431,1.8035,-0.1501,9.5699
79.453,1.8032,-0.1498,9.5702
79.496,1.8032,-0.1498,9.5702
79.53,1.803,-0.1496,9.5705
79.575,1.803,-0.1496,9.5705
79.61,1.8028,-0.1494,9.5708
79.641,1.8028,-0.1495,9.5707
79.672,1.8026,-0.1493,9.571
79.714,1.8026,-0.1493,9.571
79.745,1.8023,-0.1492,9.5713
79.783,1.8023,-0.1492,9.5713
79.803,1.8021,-0.1491,9.5715
79.818,1.802,-0.1492,9.5716
79.85,1.8021,-0.1491,9.5715
79.88,1.8018,-0.1492,9.5718
79.917,1.8019,-0.1492,9.5717
79.966,1.8015,-0.1491,9.5721
80.002,1.8016,-0.1491,9.572
80.025,1.8014,-0.149,9.5722
80.043,1.8014,-0.149,9.5722
80.076,1.8013,-0.149,9.5724
80.09,1.8013,-0.1489,9.5724
80.111,1.8013,-0.1489,9.5724
80.162,1.8013,-0.1488,9.5724
80.194,1.8013,-0.1489,9.5723
80.231,1.8013,-0.1487,9.5724
80.28,1.8013,-0.1488,9.5724
80.31,1.8012,-0.1487,9.5725
80.35,1.8012,-0.1487,9.5725
80.383,1.8009,-0.1487,9.5728
80.418,1.8009,-0.1487,9.5728
80.45,1.8007,-0.1486,9.573
80.487,1.8008,-0.1486,9.573
80.506,1.8006,-0.1477,9.5735
80.523,1.8009,-0.1482,9.573
80.56,1.8007,-0.1482,9.5731
80.627,1.8011,-0.1479,9.5729
80.651,1.8018,-0.1459,9.573
80.671,1.8017,-0.1463,9.573
80.688,1.8021,-0.1435,9.5737
80.752,1.8023,-0.1432,9.5737
80.798,1.8014,-0.1379,9.5765
80.848,1.8017,-0.139,9.5758
80.856,1.8007,-0.1345,9.5785
80.904,1.8007,-0.1345,9.5785
80.927,1.7999,-0.1306,9.5808
80.957,1.7999,-0.1306,9.5808
80.985,1.7994,-0.1281,9.5823
81.033,1.7993,-0.1279,9.5824
81.067,1.799,-0.1252,9.5837
81.108,1.7991,-0.125,9.5837
81.14,1.7989,-0.1233,9.5846
81.166,1.7989,-0.1228,9.5848
81.197,1.7989,-0.1232,9.5846
81.256,1.799,-0.1225,9.5848
81.302,1.7999,-0.1215,9.5843
81.325,1.7998,-0.1215,9.5844
81.36,1.8008,-0.1216,9.5835
81.391,1.8006,-0.1215,9.5837
81.438,1.8016,-0.1215,9.5828
81.457,1.8014,-0.1215,9.5829
81.492,1.8021,-0.1217,9.5822
81.531,1.802,-0.1217,9.5824
81.571,1.8024,-0.1223,9.5817
81.589,1.8024,-0.1222,9.5818
81.618,1.8026,-0.1228,9.5813
81.658,1.8026,-0.1227,9.5814
81.693,1.8029,-0.1229,9.5811
81.728,1.8028,-0.1229,9.5811
81.777,1.8031,-0.1229,9.5809
81.798,1.8031,-0.1229,9.5809
81.835,1.8032,-0.1228,9.5808
81.877,1.8032,-0.1228,9.5808
81.903,1.8033,-0.1229,9.5807
81.944,1.8033,-0.1229,9.5807
81.978,1.8034,-0.1229,9.5806
82.015,1.8034,-0.1229,9.5806
82.047,1.8035,-0.1229,9.5805
82.074,1.8035,-0.1229,9.5805
82.098,1.8036,-0.1231,9.5803
82.121,1.8037,-0.1233,9.5801
82.154,1.8036,-0.1231,9.5803
82.19,1.8037,-0.1234,9.5801
82.211,1.8037,-0.1234,9.5801
82.264,1.8038,-0.1235,9.58
82.29,1.8038,-0.1235,9.58
82.307,1.8039,-0.1234,9.58
82.361,1.8039,-0.1234,9.5799
82.418,1.804,-0.1235,9.5798
82.433,1.804,-0.1234,9.5799
82.463,1.804,-0.1234,9.5798
82.494,1.804,-0.1234,9.5798
82.518,1.804,-0.1234,9.5799
82.545,1.804,-0.1234,9.5798
82.584,1.804,-0.1234,9.5799
82.614,1.804,-0.1234,9.5799
82.643,1.804,-0.1234,9.5799
82.681,1.804,-0.1234,9.5799
82.714,1.804,-0.1234,9.5798
82.741,1.804,-0.1235,9.5798
82.773,1.804,-0.1235,9.5798
82.79,1.804,-0.1236,9.5798
82.819,1.8039,-0.1237,9.5798
82.858,1.804,-0.1236,9.5798
82.912,1.8039,-0.1237,9.5798
82.941,1.8039,-0.1236,9.5799
82.956,1.8039,-0.1236,9.5799
82.996,1.8039,-0.1236,9.5798
83.051,1.8039,-0.1236,9.5799
83.075,1.8038,-0.1235,9.58
83.097,1.8038,-0.1234,9.58
83.122,1.8038,-0.1235,9.58
83.157,1.8037,-0.1233,9.5801
83.211,1.8037,-0.1233,9.5801
83.246,1.8038,-0.1233,9.5801
83.292,1.8038,-0.1233,9.5801
83.314,1.8038,-0.1233,9.5801
83.34,1.8037,-0.1233,9.5801
83.369,1.8037,-0.1234,9.5801
83.415,1.8037,-0.1234,9.5801
83.444,1.8036,-0.1235,9.5801
83.474,1.8036,-0.1235,9.5801
83.504,1.8035,-0.1235,9.5802
83.525,1.8034,-0.1236,9.5803
83.557,1.8035,-0.1235,9.5803
83.592,1.8032,-0.1237,9.5804
83.623,1.8033,-0.1237,9.5804
83.664,1.8032,-0.1238,9.5804
83.678,1.8032,-0.1238,9.5804
83.705,1.8031,-0.1239,9.5804
83.75,1.8031,-0.1239,9.5804
83.767,1.8031,-0.124,9.5804
83.786,1.803,-0.1241,9.5805
83.814,1.803,-0.124,9.5805
83.845,1.8029,-0.1242,9.5805
83.907,1.8029,-0.1241,9.5805
83.921,1.8029,-0.1242,9.5805
83.955,1.8029,-0.1243,9.5805
83.976,1.8029,-0.1242,9.5805
84.01,1.8028,-0.1243,9.5806
84.035,1.8028,-0.1243,9.5806
84.067,1.8027,-0.1244,9.5806
84.109,1.8027,-0.1244,9.5806
84.126,1.8027,-0.1245,9.5806
84.184,1.8027,-0.1245,9.5806
84.212,1.8025,-0.1254,9.5804
84.23,1.8019,-0.1246,9.5813
84.262,1.8025,-0.1253,9.5805
84.314,1.8015,-0.1246,9.5816
84.319,1.8014,-0.1245,9.5818
84.363,1.8014,-0.1247,9.5817
84.406,1.8014,-0.1247,9.5817
84.436,1.8015,-0.1247,9.5816
84.469,1.8015,-0.1247,9.5816
84.51,1.8018,-0.1248,9.5813
84.573,1.8018,-0.1248,9.5813
84.602,1.8025,-0.1248,9.5806
84.624,1.8022,-0.1249,9.5809
84.648,1.803,-0.1246,9.5803
84.694,1.8028,-0.1247,9.5804
84.715,1.8031,-0.1246,9.5802
84.781,1.8031,-0.1246,9.5802
84.798,1.803,-0.1249,9.5802
84.818,1.803,-0.1248,9.5802
84.848,1.8029,-0.1253,9.5801
84.891,1.8029,-0.1253,9.5801
84.921,1.802,-0.1264,9.5805
84.958,1.8021,-0.1263,9.5804
84.996,1.8002,-0.127,9.5819
85.034,1.8003,-0.127,9.5819
85.084,1.7961,-0.1245,9.5867
85.105,1.7969,-0.1257,9.5854
85.126,1.7922,-0.1259,9.5898
85.171,1.7926,-0.1254,9.5896
85.204,1.79,-0.1294,9.5904
85.229,1.7902,-0.129,9.5904
85.259,1.7899,-0.1306,9.59
85.28,1.7908,-0.1304,9.5892
85.298,1.79,-0.1307,9.5899
85.352,1.7924,-0.1291,9.5883
85.381,1.7916,-0.1297,9.5887
85.395,1.7937,-0.1282,9.5874
85.441,1.7934,-0.1284,9.5876
85.481,1.7948,-0.1279,9.5865
85.506,1.7946,-0.1279,9.5867
85.551,1.7949,-0.1279,9.5865
85.563,1.7946,-0.128,9.5867
85.579,1.7946,-0.1273,9.5869
85.616,1.7959,-0.1267,9.586
85.646,1.7957,-0.1271,9.586
85.667,1.7958,-0.1261,9.5863
85.727,1.7958,-0.1261,9.5864
85.755,1.7957,-0.1258,9.5865
85.793,1.7957,-0.1258,9.5866
85.818,1.7956,-0.1252,9.5869
85.867,1.7955,-0.1251,9.587
85.886,1.7952,-0.1246,9.5874
85.908,1.795,-0.1242,9.5878
85.934,1.7952,-0.1245,9.5875
85.962,1.7949,-0.124,9.588
86.019,1.7949,-0.124,9.588
86.053,1.7948,-0.1238,9.5881
86.083,1.7948,-0.1238,9.5881
86.108,1.7948,-0.1237,9.5882
86.142,1.7948,-0.1237,9.5882
86.178,1.7948,-0.1235,9.5883
86.221,1.7948,-0.1235,9.5883
86.262,1.7947,-0.1235,9.5883
86.307,1.7947,-0.1235,9.5883
86.342,1.7947,-0.1235,9.5884
86.359,1.7947,-0.1235,9.5884
86.401,1.7946,-0.1235,9.5884
86.412,1.7948,-0.123,9.5885
86.439,1.7946,-0.1235,9.5884
86.487,1.7951,-0.1225,9.5884
86.529,1.7957,-0.1211,9.5883
86.554,1.7965,-0.1207,9.5878
86.577,1.7958,-0.1211,9.5883
86.615,1.7976,-0.1206,9.5868
86.637,1.7971,-0.1206,9.5873
86.667,1.7976,-0.121,9.5867
86.713,1.7977,-0.121,9.5866
86.758,1.7982,-0.1207,9.5862
86.775,1.7981,-0.1208,9.5863
86.787,1.7981,-0.1203,9.5865
86.852,1.7981,-0.1203,9.5865
86.877,1.7979,-0.1198,9.5869
86.91,1.7979,-0.1197,9.5869
86.942,1.7977,-0.1194,9.5871
86.994,1.7977,-0.1195,9.5871
87.012,1.7977,-0.1194,9.5872
87.045,1.7977,-0.1194,9.5872
87.078,1.7978,-0.1193,9.5872
87.107,1.7978,-0.1192,9.5872
87.117,1.7978,-0.1193,9.5872
87.146,1.7978,-0.1192,9.5872
87.192,1.7978,-0.1192,9.5872
87.231,1.7977,-0.1191,9.5873
87.26,1.7977,-0.1192,9.5873
87.289,1.7976,-0.1191,9.5874
87.325,1.7976,-0.1191,9.5874
87.354,1.7976,-0.119,9.5875
87.377,1.7976,-0.119,9.5875
87.402,1.7976,-0.119,9.5875
87.446,1.7976,-0.1189,9.5875
87.471,1.7976,-0.1189,9.5875
87.504,1.7975,-0.1189,9.5876
87.552,1.7975,-0.1189,9.5876
87.575,1.7975,-0.1188,9.5876
87.6,1.7975,-0.1188,9.5876
87.624,1.7976,-0.1188,9.5876
87.646,1.7976,-0.1188,9.5876
87.677,1.7976,-0.1188,9.5876
87.716,1.7976,-0.1187,9.5876
87.754,1.7976,-0.1187,9.5876
87.787,1.7975,-0.1187,9.5876
87.83,1.7975,-0.1187,9.5876
87.869,1.7974,-0.1187,9.5877
87.894,1.7974,-0.1187,9.5877
87.926,1.7974,-0.1187,9.5877
87.968,1.7974,-0.1187,9.5878
88.012,1.7973,-0.1187,9.5878
88.039,1.7973,-0.1187,9.5878
88.073,1.7973,-0.1187,9.5879
88.111,1.7973,-0.1187,9.5879
88.143,1.7972,-0.1187,9.5879
88.164,1.7972,-0.1187,9.5879
88.185,1.7983,-0.1183,9.5871
88.239,1.7983,-0.1185,9.587
88.243,1.7972,-0.1184,9.5881
88.267,1.7963,-0.118,9.589
88.299,1.7964,-0.1182,9.5888
88.32,1.796,-0.1177,9.5895
88.396,1.7959,-0.1176,9.5896
88.408,1.796,-0.1177,9.5895
88.445,1.7959,-0.1177,9.5896
88.476,1.7958,-0.1177,9.5896
88.497,1.796,-0.1178,9.5894
88.529,1.7959,-0.1177,9.5895
88.568,1.796,-0.1179,9.5894
88.589,1.796,-0.1179,9.5893
88.63,1.7961,-0.1179,9.5893
88.666,1.7961,-0.1179,9.5893
88.709,1.7965,-0.1177,9.589
88.73,1.7964,-0.1177,9.5891
88.768,1.7968,-0.1177,9.5887
88.794,1.7968,-0.1177,9.5887
88.826,1.797,-0.1177,9.5885
88.853,1.7974,-0.1179,9.5881
88.872,1.7971,-0.1177,9.5884
88.919,1.7975,-0.1182,9.5879
88.964,1.7975,-0.1181,9.5879
88.971,1.7977,-0.1188,9.5875
89.011,1.7976,-0.1188,9.5875
89.045,1.7978,-0.1191,9.5872
89.07,1.7978,-0.1191,9.5872
89.095,1.7978,-0.119,9.5872
89.115,1.7979,-0.1184,9.5874
89.152,1.7979,-0.1188,9.5873
89.184,1.7983,-0.1173,9.5875
89.217,1.7982,-0.1175,9.5875
89.257,1.7994,-0.1155,9.5872
89.293,1.7993,-0.1157,9.5872
89.321,1.7993,-0.114,9.5878
89.343,1.7993,-0.1124,9.5885
89.365,1.7993,-0.1136,9.588
89.407,1.7992,-0.1112,9.5891
89.435,1.7992,-0.112,9.5887
89.456,1.7992,-0.1102,9.5894
89.503,1.7992,-0.1102,9.5894
89.546,1.7993,-0.1091,9.5898
89.583,1.7993,-0.109,9.5898
89.599,1.8,-0.1084,9.5895
89.63,1.8004,-0.108,9.5892
89.658,1.8001,-0.1083,9.5894
89.709,1.8012,-0.1081,9.5885
89.721,1.8008,-0.1081,9.5888
89.756,1.8021,-0.1083,9.5875
89.785,1.8019,-0.1083,9.5877
89.817,1.8032,-0.1084,9.5865
89.852,1.8033,-0.1083,9.5864
89.863,1.8041,-0.1082,9.5857
89.941,1.8048,-0.1081,9.5851
89.973,1.8063,-0.1081,9.5838
89.988,1.8059,-0.1081,9.5841
90.018,1.8073,-0.108,9.5829
90.061,1.8073,-0.108,9.5829
90.077,1.8071,-0.1073,9.5833
90.105,1.8051,-0.1075,9.585
90.132,1.8063,-0.1068,9.5843
90.175,1.805,-0.107,9.5853
90.215,1.8053,-0.1078,9.5848
90.235,1.8061,-0.1046,9.5853
90.263,1.806,-0.1047,9.5854
90.297,1.8074,-0.1023,9.585
90.337,1.8078,-0.1023,9.5847
90.365,1.809,-0.1012,9.584
90.395,1.8109,-0.1018,9.582
90.414,1.8095,-0.1015,9.5834
90.444,1.8124,-0.1021,9.5804
90.475,1.812,-0.102,9.5809
90.512,1.8137,-0.1022,9.5793
90.557,1.8137,-0.1022,9.5793
90.601,1.8141,-0.1013,9.5792
90.619,1.8141,-0.1013,9.5792
90.63,1.8139,-0.1019,9.5792
90.658,1.8123,-0.1038,9.5799
90.687,1.8127,-0.1021,9.5802
90.726,1.8131,-0.1023,9.5798
90.777,1.8125,-0.1036,9.5798
90.837,1.8116,-0.1025,9.581
90.854,1.812,-0.1027,9.5806
90.895,1.8115,-0.1034,9.5808
90.911,1.8114,-0.103,9.581
90.948,1.811,-0.1027,9.5816
90.983,1.8109,-0.1027,9.5816
91.016,1.8135,-0.1003,9.5802
91.046,1.8138,-0.1002,9.58
91.075,1.8162,-0.0983,9.5786
91.118,1.8161,-0.0983,9.5786
91.158,1.8162,-0.0991,9.5782
91.197,1.8161,-0.0991,9.5783
91.232,1.8137,-0.0992,9.5804
91.265,1.814,-0.099,9.5803
91.297,1.8138,-0.0988,9.5805
91.324,1.8138,-0.0989,9.5805
91.364,1.8141,-0.0981,9.5805
91.41,1.8141,-0.0982,9.5805
91.449,1.8142,-0.0975,9.5807
91.477,1.8141,-0.0975,9.5807
91.496,1.8139,-0.0973,9.581
91.54,1.8138,-0.0973,9.5811
91.569,1.8135,-0.0974,9.5813
91.597,1.8134,-0.0974,9.5815
91.615,1.8135,-0.0974,9.5814
91.655,1.8134,-0.0972,9.5815
91.694,1.8134,-0.0973,9.5815
91.73,1.8134,-0.0971,9.5815
91.744,1.8134,-0.0972,9.5815
91.773,1.8134,-0.0972,9.5815
91.811,1.8134,-0.0972,9.5815
91.828,1.8132,-0.0973,9.5816
91.853,1.8132,-0.0974,9.5816
91.907,1.8132,-0.0974,9.5816
91.941,1.8132,-0.0973,9.5817
91.953,1.8132,-0.0973,9.5816
91.982,1.8133,-0.0973,9.5816
92.023,1.8133,-0.0973,9.5816
92.043,1.8132,-0.0973,9.5816
92.065,1.8132,-0.0974,9.5816
92.103,1.8132,-0.0973,9.5817
92.128,1.8132,-0.0974,9.5816
92.177,1.8132,-0.0974,9.5816
92.221,1.8123,-0.0977,9.5824
92.231,1.8125,-0.0977,9.5822
92.266,1.8128,-0.0977,9.5819
92.306,1.8127,-0.0977,9.5819
92.331,1.8128,-0.0976,9.5819
92.344,1.8134,-0.097,9.5816
92.377,1.8131,-0.0973,9.5818
92.407,1.8144,-0.0964,9.5809
92.453,1.814,-0.0967,9.5811
92.515,1.816,-0.096,9.5796
92.523,1.8156,-0.0961,9.58
92.56,1.8171,-0.0962,9.5785
92.603,1.8168,-0.0962,9.5788
92.632,1.8179,-0.0968,9.5776
92.659,1.8178,-0.0967,9.5777
92.688,1.8189,-0.0971,9.5765
92.71,1.8199,-0.0975,9.5755
92.732,1.819,-0.0972,9.5764
92.778,1.8211,-0.0976,9.5743
92.8,1.8203,-0.0975,9.575
92.837,1.8226,-0.0974,9.573
92.891,1.8222,-0.0975,9.5733
92.92,1.8245,-0.0972,9.5713
92.946,1.8242,-0.0973,9.5716
92.969,1.8259,-0.0973,9.57
93.001,1.8257,-0.0972,9.5702
93.021,1.8269,-0.0974,9.569
93.047,1.8279,-0.0975,9.5681
93.067,1.8272,-0.0974,9.5688
93.097,1.829,-0.098,9.5669
93.154,1.8286,-0.0979,9.5673
93.188,1.8299,-0.0983,9.5659
93.22,1.8299,-0.0983,9.566
93.239,1.8311,-0.0985,9.5648
93.293,1.8313,-0.0985,9.5646
93.321,1.8328,-0.0987,9.5631
93.354,1.8329,-0.0988,9.563
93.37,1.8336,-0.0988,9.5623
93.4,1.8348,-0.099,9.5612
93.434,1.8345,-0.0989,9.5615
93.488,1.8355,-0.099,9.5605
93.516,1.8353,-0.0989,9.5607
93.559,1.8365,-0.0988,9.5597
93.586,1.8362,-0.0988,9.5599
93.609,1.8375,-0.0983,9.5589
93.631,1.8373,-0.0984,9.5591
93.681,1.8388,-0.0974,9.5581
93.719,1.8386,-0.0975,9.5582
93.755,1.8394,-0.0978,9.5574
93.786,1.8392,-0.0978,9.5576
93.798,1.8399,-0.0965,9.5575
93.847,1.84,-0.0963,9.5574
93.896,1.8411,-0.0944,9.5572
93.925,1.8408,-0.0945,9.5574
93.961,1.8423,-0.0924,9.5569
93.99,1.8421,-0.0916,9.5574
94.008,1.8449,-0.0879,9.5563
94.033,1.8461,-0.0844,9.5566
94.072,1.8449,-0.0868,9.5567
94.12,1.846,-0.0838,9.5569
94.129,1.8455,-0.0831,9.5576
94.147,1.8445,-0.0832,9.5585
94.19,1.8447,-0.0831,9.5584
94.211,1.8464,-0.0849,9.5561
94.251,1.8445,-0.0835,9.5584
94.279,1.8462,-0.0844,9.5565
94.326,1.8439,-0.0844,9.5586
94.336,1.8441,-0.084,9.5585
94.384,1.844,-0.0826,9.5592
94.405,1.8438,-0.0831,9.5592
94.436,1.8445,-0.0815,9.5592
94.461,1.8453,-0.0803,9.5589
94.485,1.8445,-0.0814,9.5592
94.522,1.8462,-0.0796,9.5584
94.549,1.8457,-0.0799,9.5587
94.581,1.8469,-0.0791,9.558
94.627,1.8467,-0.0792,9.5581
94.654,1.8476,-0.0787,9.5575
94.679,1.8474,-0.0787,9.5576
94.698,1.8482,-0.0788,9.5569
94.73,1.8488,-0.0786,9.5564
94.766,1.8483,-0.0788,9.5568
94.807,1.8494,-0.0786,9.5559
94.826,1.8491,-0.0786,9.5561
94.862,1.8502,-0.0779,9.5554
94.897,1.85,-0.0782,9.5554
94.934,1.8515,-0.0771,9.5546
94.973,1.8514,-0.0772,9.5546
94.978,1.8526,-0.0758,9.554
95.035,1.853,-0.0754,9.5538
95.058,1.8535,-0.075,9.5535
95.071,1.8542,-0.0743,9.5531
95.114,1.8539,-0.0746,9.5533
95.152,1.8549,-0.0737,9.5528
95.197,1.8549,-0.0738,9.5528
95.239,1.856,-0.0729,9.552
95.279,1.8558,-0.0731,9.5522
95.354,1.8569,-0.0726,9.5513
95.428,1.8569,-0.0714,9.5518
95.432,1.8568,-0.0717,9.5518
95.456,1.8568,-0.0726,9.5514
95.486,1.8552,-0.0688,9.5544
95.513,1.8554,-0.0691,9.5542
95.531,1.8576,-0.0664,9.5532
95.585,1.8574,-0.0656,9.5537
95.602,1.8559,-0.062,9.5566
95.622,1.8577,-0.0589,9.5561
95.645,1.8553,-0.0601,9.5578
95.679,1.8558,-0.0577,9.5584
95.729,1.8558,-0.0577,9.5583
95.743,1.8552,-0.0584,9.5586
95.787,1.8546,-0.0597,9.5587
95.811,1.8551,-0.0586,9.5586
95.836,1.8541,-0.0608,9.5587
95.881,1.8543,-0.0604,9.5586
95.947,1.8537,-0.0609,9.559
95.984,1.8533,-0.0606,9.5595
96.021,1.8533,-0.0606,9.5595
96.056,1.8531,-0.0607,9.5596
96.088,1.853,-0.0608,9.5597
96.108,1.8528,-0.061,9.5598
96.131,1.8527,-0.061,9.5599
96.165,1.8527,-0.061,9.5598
96.206,1.8526,-0.0609,9.56
96.222,1.8526,-0.0609,9.56
96.249,1.8526,-0.0603,9.5603
96.299,1.8526,-0.0601,9.5603
96.329,1.8519,-0.0609,9.5607
96.35,1.8519,-0.0609,9.5607
96.368,1.8514,-0.061,9.5611
96.414,1.851,-0.0615,9.5612
96.425,1.8511,-0.0611,9.5612
96.462,1.851,-0.0622,9.5609
96.507,1.851,-0.062,9.561
96.534,1.8509,-0.0631,9.5607
96.574,1.8509,-0.063,9.5607
96.597,1.8505,-0.0642,9.5606
96.617,1.8502,-0.0651,9.5606
96.631,1.8506,-0.0645,9.5604
96.678,1.8501,-0.0649,9.5607
96.709,1.8501,-0.0645,9.5609
96.746,1.8498,-0.0655,9.5608
96.787,1.8498,-0.0654,9.5608
96.819,1.8498,-0.0655,9.5607
96.856,1.8498,-0.0655,9.5608
96.897,1.85,-0.0655,9.5606
96.929,1.8499,-0.0655,9.5606
96.953,1.8501,-0.0655,9.5605
96.996,1.8501,-0.0655,9.5605
97.022,1.85,-0.0654,9.5606
97.071,1.85,-0.0654,9.5606
97.096,1.8499,-0.0654,9.5606
97.146,1.8499,-0.0654,9.5606
97.183,1.8499,-0.0654,9.5606
97.219,1.8499,-0.0654,9.5606
97.241,1.8499,-0.0654,9.5607
97.275,1.8499,-0.0654,9.5607
97.324,1.8499,-0.066,9.5604
97.341,1.8497,-0.0662,9.5606
97.374,1.8498,-0.0662,9.5605
97.396,1.8495,-0.0662,9.5607
97.419,1.8498,-0.0662,9.5605
97.458,1.8488,-0.0664,9.5613
97.484,1.8492,-0.0663,9.5609
97.521,1.8482,-0.0665,9.5619
97.571,1.8482,-0.0665,9.5618
97.592,1.8479,-0.0665,9.562
97.632,1.8479,-0.0665,9.562
97.665,1.8481,-0.0663,9.5619
97.698,1.8481,-0.0663,9.5619
97.73,1.8482,-0.0663,9.5619
97.76,1.8482,-0.0663,9.5619
97.79,1.8482,-0.0663,9.5619
97.814,1.8481,-0.0662,9.562
97.854,1.8482,-0.0663,9.5619
97.89,1.8481,-0.0662,9.562
97.921,1.8481,-0.0662,9.562
97.974,1.8481,-0.0662,9.562
98.004,1.8481,-0.0662,9.562
98.028,1.8482,-0.0662,9.5619
98.051,1.8481,-0.0662,9.562
98.061,1.8484,-0.0655,9.562
98.127,1.8483,-0.0654,9.5621
98.157,1.848,-0.0657,9.5622
98.195,1.848,-0.0658,9.5622
98.226,1.8473,-0.0673,9.5623
98.284,1.8474,-0.0672,9.5623
98.313,1.8471,-0.067,9.5626
98.336,1.8471,-0.0668,9.5626
98.358,1.8469,-0.0674,9.5626
98.387,1.8469,-0.0673,9.5626
98.415,1.8469,-0.0674,9.5626
98.456,1.8469,-0.0673,9.5626
98.491,1.8471,-0.0673,9.5625
98.53,1.8471,-0.0673,9.5625
98.561,1.8471,-0.0673,9.5625
98.59,1.847,-0.0673,9.5626
98.611,1.8471,-0.0673,9.5625
98.641,1.847,-0.0672,9.5626
98.687,1.847,-0.0672,9.5626
98.724,1.8471,-0.0673,9.5625
98.743,1.847,-0.0673,9.5625
98.77,1.8471,-0.0673,9.5625
98.803,1.8471,-0.0672,9.5625
98.82,1.8471,-0.0673,9.5625
98.847,1.8469,-0.068,9.5624
98.892,1.8466,-0.0684,9.5625
98.909,1.8473,-0.0676,9.5622
98.96,1.8473,-0.0676,9.5622
98.993,1.8468,-0.0678,9.5626
99.03,1.8468,-0.0678,9.5626
99.065,1.846,-0.0678,9.5633
99.083,1.846,-0.0678,9.5632
99.106,1.846,-0.0678,9.5633
99.144,1.8463,-0.068,9.563
99.17,1.8461,-0.0679,9.5631
99.224,1.8464,-0.0679,9.5629
99.242,1.8464,-0.0679,9.5629
99.269,1.8465,-0.0678,9.5628
99.308,1.8465,-0.0678,9.5628
99.323,1.8464,-0.0678,9.5629
99.362,1.8464,-0.0679,9.5629
99.387,1.8464,-0.0678,9.5629
99.41,1.8464,-0.0678,9.5629
99.433,1.8464,-0.0679,9.5629
99.465,1.8464,-0.0678,9.5629
99.516,1.8464,-0.0678,9.5629
99.548,1.8465,-0.0678,9.5628
99.585,1.8465,-0.0678,9.5628
99.616,1.8465,-0.0678,9.5628
99.635,1.8465,-0.0678,9.5628
99.664,1.8465,-0.0678,9.5628
99.7,1.8465,-0.0677,9.5629
99.733,1.8465,-0.0678,9.5629
99.803,1.8465,-0.0677,9.5629
99.837,1.8466,-0.0678,9.5628
99.876,1.8466,-0.0678,9.5628
99.919,1.8466,-0.0677,9.5628
99.95,1.8466,-0.0677,9.5628
99.999,1.8465,-0.0677,9.5629
100.028,1.8465,-0.0677,9.5629
100.059,1.8465,-0.0678,9.5628
100.075,1.8465,-0.0677,9.5628
100.116,1.8465,-0.0677,9.5629
100.194,1.8465,-0.0677,9.5628
100.214,1.8465,-0.0676,9.5629
100.228,1.8465,-0.0676,9.5629
100.27,1.8466,-0.0677,9.5628
100.302,1.8466,-0.0677,9.5628
100.345,1.8466,-0.0676,9.5628
100.36,1.8466,-0.0676,9.5628
100.39,1.8466,-0.0676,9.5628
100.42,1.8466,-0.0676,9.5628
100.45,1.8467,-0.0676,9.5628
100.489,1.8467,-0.0676,9.5628
100.52,1.8468,-0.0676,9.5627
100.535,1.8469,-0.0675,9.5626
100.567,1.8468,-0.0676,9.5627
100.602,1.8468,-0.0675,9.5626
100.638,1.8468,-0.0675,9.5626
100.664,1.8469,-0.0675,9.5626
100.701,1.8469,-0.0675,9.5626
100.722,1.8469,-0.0676,9.5626
100.768,1.847,-0.0675,9.5625
100.788,1.8469,-0.0675,9.5626
100.818,1.847,-0.0674,9.5625
100.838,1.8469,-0.0675,9.5626
100.862,1.847,-0.0674,9.5625
100.921,1.847,-0.0674,9.5625
100.951,1.847,-0.0675,9.5625
100.977,1.8471,-0.0675,9.5624
101.003,1.847,-0.0675,9.5625
101.037,1.847,-0.0674,9.5625
101.061,1.847,-0.0674,9.5625
101.101,1.847,-0.0674,9.5626
101.128,1.847,-0.0674,9.5626
101.164,1.8469,-0.0675,9.5626
101.201,1.8469,-0.0674,9.5626
101.233,1.8469,-0.0674,9.5626
101.265,1.8469,-0.0674,9.5626
101.296,1.8469,-0.0674,9.5626
101.338,1.8469,-0.0674,9.5626
101.371,1.847,-0.0674,9.5626
101.401,1.847,-0.0674,9.5626
101.426,1.847,-0.0674,9.5625
101.456,1.847,-0.0674,9.5625
101.482,1.847,-0.0674,9.5625
101.513,1.8469,-0.0674,9.5626
101.554,1.847,-0.0674,9.5626
101.584,1.8469,-0.0674,9.5626
101.621,1.8469,-0.0674,9.5626
101.667,1.847,-0.0674,9.5625
101.691,1.847,-0.0674,9.5625
101.716,1.847,-0.0673,9.5625
101.76,1.847,-0.0673,9.5626
101.81,1.8469,-0.0674,9.5626
101.833,1.8469,-0.0674,9.5626
101.86,1.8469,-0.0674,9.5626
101.904,1.8469,-0.0674,9.5626
101.948,1.847,-0.0673,9.5626
101.982,1.847,-0.0673,9.5625
101.994,1.8469,-0.0673,9.5626
102.049,1.8469,-0.0673,9.5626
102.082,1.8468,-0.0674,9.5627
102.124,1.8468,-0.0674,9.5627
102.155,1.8469,-0.0673,9.5627
102.174,1.8469,-0.0673,9.5627
102.214,1.8469,-0.0673,9.5627
102.222,1.8469,-0.0673,9.5626
102.264,1.8469,-0.0673,9.5627
102.306,1.8469,-0.0674,9.5626
102.337,1.8469,-0.0674,9.5626
102.368,1.847,-0.0673,9.5626
102.404,1.847,-0.0674,9.5626
102.429,1.847,-0.0673,9.5626
102.464,1.847,-0.0673,9.5626
102.494,1.847,-0.0673,9.5626
102.514,1.847,-0.0674,9.5625
102.537,1.847,-0.0673,9.5626
102.588,1.847,-0.0673,9.5626
102.621,1.847,-0.0673,9.5626
102.676,1.847,-0.0673,9.5626
102.713,1.8469,-0.0673,9.5626
102.734,1.8469,-0.0673,9.5626
102.771,1.847,-0.0673,9.5626
102.81,1.847,-0.0673,9.5626
102.845,1.847,-0.0672,9.5626
102.87,1.847,-0.0672,9.5626
102.89,1.847,-0.0672,9.5626
102.926,1.847,-0.0672,9.5626
102.945,1.847,-0.0672,9.5626
102.984,1.847,-0.0673,9.5626
103.007,1.847,-0.0673,9.5626
103.047,1.847,-0.0672,9.5626
103.1,1.8471,-0.0673,9.5625
103.111,1.847,-0.0673,9.5626
103.162,1.847,-0.0673,9.5626
103.2,1.847,-0.0673,9.5626
103.207,1.847,-0.0673,9.5626
103.238,1.847,-0.0673,9.5626
103.274,1.847,-0.0672,9.5626
103.302,1.847,-0.0673,9.5626
103.334,1.847,-0.0672,9.5626
103.359,1.847,-0.0672,9.5626
103.392,1.8471,-0.0672,9.5626
103.436,1.847,-0.0672,9.5626
103.476,1.847,-0.0671,9.5626
103.51,1.847,-0.0671,9.5626
103.531,1.847,-0.0671,9.5626
103.552,1.847,-0.0671,9.5626
103.58,1.847,-0.0671,9.5627
103.622,1.847,-0.0671,9.5627
103.653,1.847,-0.0671,9.5627
103.68,1.847,-0.0672,9.5627
103.729,1.847,-0.0672,9.5626
103.778,1.8469,-0.0671,9.5627
103.798,1.8469,-0.0671,9.5627
103.818,1.8469,-0.0671,9.5628
103.839,1.8468,-0.0671,9.5628
103.873,1.8469,-0.0671,9.5628
103.939,1.8469,-0.0671,9.5627
103.956,1.8469,-0.0671,9.5628
103.982,1.8469,-0.0671,9.5628
104.012,1.8469,-0.0671,9.5628
104.039,1.8469,-0.067,9.5628
104.061,1.8469,-0.0671,9.5628
104.088,1.8468,-0.0671,9.5628
104.131,1.8468,-0.0671,9.5628
104.155,1.8468,-0.0671,9.5628
104.163,1.8468,-0.0671,9.5628
104.201,1.8468,-0.0671,9.5628
104.236,1.8468,-0.067,9.5628
104.278,1.8468,-0.067,9.5628
104.301,1.8468,-0.0671,9.5628
104.323,1.8469,-0.0671,9.5628
104.342,1.8468,-0.0671,9.5628
104.382,1.8469,-0.0671,9.5628
104.443,1.8469,-0.0671,9.5628
104.463,1.8469,-0.067,9.5628
104.499,1.8469,-0.067,9.5628
104.525,1.8469,-0.067,9.5628
104.556,1.8469,-0.067,9.5628
104.591,1.8469,-0.067,9.5628
104.618,1.8469,-0.067,9.5628
104.656,1.8469,-0.067,9.5628
104.667,1.8469,-0.067,9.5628
104.707,1.8469,-0.067,9.5628
104.765,1.8469,-0.067,9.5628
104.788,1.8469,-0.067,9.5628
104.81,1.8469,-0.067,9.5627
104.831,1.8469,-0.067,9.5628
104.866,1.847,-0.067,9.5627
104.905,1.847,-0.067,9.5627
104.94,1.8469,-0.067,9.5628
104.965,1.8469,-0.067,9.5628
104.99,1.8469,-0.0669,9.5628
105.035,1.8469,-0.0669,9.5628
105.072,1.8469,-0.067,9.5628
105.091,1.8469,-0.067,9.5628
105.136,1.8469,-0.067,9.5628
105.207,1.8469,-0.0669,9.5628
105.229,1.8469,-0.0669,9.5628
105.247,1.8469,-0.0669,9.5628
105.265,1.8469,-0.0669,9.5628
105.29,1.8469,-0.0669,9.5628
105.342,1.8469,-0.0669,9.5628
105.367,1.8469,-0.0669,9.5628
105.411,1.8469,-0.0669,9.5628
105.413,1.8469,-0.0668,9.5628
105.451,1.847,-0.0668,9.5628
105.472,1.8469,-0.0668,9.5628
105.501,1.8481,-0.0661,9.562
105.554,1.8477,-0.0665,9.5622
105.597,1.8553,-0.0639,9.5563
105.614,1.8523,-0.0648,9.5587
105.656,1.8617,-0.0628,9.5509
105.674,1.8595,-0.0631,9.5528
105.705,1.8694,-0.0613,9.5445
105.746,1.8689,-0.0615,9.5449
105.76,1.877,-0.0596,9.5381
105.798,1.8934,-0.0542,9.5254
105.822,1.8875,-0.056,9.53
105.868,1.9086,-0.0485,9.5137
105.897,1.903,-0.0506,9.518
105.938,1.9252,-0.0415,9.5013
105.975,1.9202,-0.0436,9.5051
106.007,1.9498,-0.0323,9.4826
106.044,1.9472,-0.0332,9.4846
106.083,1.973,-0.0241,9.4647
106.11,1.9696,-0.0254,9.4673
106.134,1.984,-0.0175,9.4574
106.165,1.9845,-0.0173,9.457
106.197,2.004,-0.0059,9.4439
106.207,2.0188,0.0006,9.4331
106.252,2.0094,-0.0044,9.4396
106.296,2.0305,0.0111,9.4267
106.329,2.0295,0.0081,9.4264
106.369,2.0354,0.0133,9.4232
106.407,2.0353,0.0133,9.4233
106.427,2.0445,0.0174,9.4166
106.449,2.0427,0.0165,9.4179
106.471,2.047,0.0155,9.4135
106.52,2.047,0.0155,9.4135
106.558,2.0462,0.0157,9.4143
106.597,2.0463,0.0157,9.4143
106.616,2.0446,0.0153,9.4157
106.679,2.0445,0.0152,9.4157
106.687,2.0432,0.0146,9.4166
106.72,2.0422,0.0139,9.4172
106.762,2.0426,0.0143,9.4171
106.808,2.0415,0.0132,9.4176
106.847,2.0417,0.0134,9.4175
106.867,2.0408,0.0126,9.418
106.885,2.0411,0.0128,9.4178
106.903,2.041,0.0117,9.4175
106.942,2.0414,0.012,9.4172
106.97,2.0409,0.0118,9.4176
107.011,2.0409,0.0118,9.4176
107.055,2.0405,0.0111,9.4177
107.085,2.0404,0.011,9.4177
107.109,2.0397,0.011,9.4183
107.159,2.0398,0.011,9.4182
107.177,2.0375,0.011,9.4204
107.199,2.0348,0.0113,9.4229
107.23,2.0366,0.0111,9.4212
107.273,2.0324,0.012,9.4254
107.321,2.0333,0.0117,9.4245
107.339,2.0302,0.0132,9.4279
107.377,2.0306,0.0129,9.4274
107.4,2.029,0.0149,9.4297
107.434,2.0291,0.0147,9.4296
107.471,2.0284,0.0168,9.431
107.502,2.0284,0.017,9.4311
107.524,2.0281,0.0192,9.4323
107.558,2.0276,0.0209,9.4334
107.573,2.028,0.0196,9.4326
107.64,2.0272,0.0216,9.4341
107.666,2.027,0.0229,9.4348
107.695,2.0271,0.0244,9.4353
107.706,2.0269,0.0231,9.435
107.745,2.0274,0.0251,9.4354
107.78,2.0273,0.0248,9.4354
107.819,2.0284,0.0255,9.4347
107.874,2.0282,0.0254,9.4348
107.885,2.0295,0.0253,9.4335
107.926,2.0295,0.0253,9.4336
107.941,2.0308,0.0255,9.4324
107.955,2.0318,0.026,9.4317
107.993,2.0311,0.0255,9.4322
108.028,2.0331,0.0267,9.4309
108.073,2.0324,0.0263,9.4314
108.113,2.0328,0.027,9.4313
108.131,2.0328,0.0269,9.4312
108.174,2.0324,0.0256,9.4311
108.211,2.0325,0.0259,9.4311
108.241,2.0323,0.0269,9.4317
108.278,2.0323,0.0269,9.4317
108.311,2.0342,0.0285,9.4306
108.334,2.0337,0.028,9.4308
108.375,2.0353,0.0307,9.4305
108.395,2.0358,0.0323,9.4307
108.414,2.0355,0.0313,9.4305
108.457,2.0361,0.0334,9.4309
108.492,2.0359,0.0329,9.4308
108.502,2.0363,0.0338,9.4309
108.545,2.0363,0.0338,9.4309
108.579,2.0369,0.034,9.4304
108.601,2.0369,0.034,9.4304
108.619,2.0374,0.0344,9.4302
108.649,2.0379,0.0348,9.4298
108.668,2.0376,0.0345,9.43
108.701,2.0384,0.0353,9.4296
108.751,2.0383,0.0352,9.4296
108.786,2.0389,0.0359,9.4294
108.828,2.0389,0.0359,9.4294
108.863,2.0395,0.0368,9.4293
108.896,2.0394,0.0367,9.4293
108.913,2.0399,0.0375,9.4291
108.956,2.04,0.0376,9.4291
108.985,2.0402,0.0379,9.429
109.0,2.0408,0.0385,9.4287
109.046,2.0406,0.0383,9.4289
109.092,2.0412,0.039,9.4285
109.133,2.0411,0.0388,9.4286
109.168,2.0418,0.0397,9.4284
109.194,2.0416,0.0394,9.4284
109.23,2.0421,0.0402,9.4283
109.271,2.042,0.0401,9.4283
109.289,2.0425,0.0407,9.4282
109.326,2.0424,0.0407,9.4282
109.359,2.043,0.0411,9.4278
109.403,2.0429,0.0411,9.4279
109.435,2.0433,0.0413,9.4276
109.469,2.0433,0.0413,9.4276
109.509,2.0436,0.0415,9.4275
109.527,2.0435,0.0414,9.4275
109.579,2.0437,0.0415,9.4273
109.597,2.0437,0.0415,9.4274
109.621,2.0438,0.0416,9.4273
109.672,2.0438,0.0416,9.4273
109.711,2.0439,0.0417,9.4273
109.742,2.0439,0.0416,9.4273
109.774,2.044,0.0417,9.4271
109.808,2.044,0.0417,9.4272
109.877,2.0441,0.0418,9.4271
109.894,2.0441,0.0418,9.4271
109.934,2.0443,0.0419,9.427
109.951,2.0443,0.0419,9.427
109.996,2.0446,0.042,9.4268
110.037,2.0445,0.042,9.4268
110.066,2.0446,0.0421,9.4268
110.099,2.0447,0.0421,9.4268
110.146,2.0447,0.0422,9.4267
110.184,2.0447,0.0422,9.4267
110.212,2.0448,0.0422,9.4266
110.232,2.0448,0.0422,9.4267
110.273,2.0456,0.0421,9.4259
110.293,2.0455,0.0421,9.4259
110.315,2.0478,0.0418,9.4238
110.34,2.0517,0.0414,9.4201
110.363,2.0487,0.0414,9.4228
110.399,2.0573,0.041,9.4148
110.451,2.056,0.041,9.416
110.479,2.0674,0.0403,9.4053
110.52,2.0677,0.0403,9.4051
110.549,2.0812,0.0395,9.3924
110.601,2.0812,0.0395,9.3924
110.64,2.1005,0.0381,9.3743
110.651,2.0952,0.0386,9.3794
110.686,2.1128,0.0373,9.3628
110.709,2.11,0.0375,9.3654
110.74,2.127,0.0357,9.3492
110.764,2.1407,0.0353,9.3367
110.779,2.1304,0.0353,9.3461
110.814,2.1554,0.036,9.3236
110.85,2.1501,0.0358,9.3284
110.896,2.1756,0.0386,9.3064
110.924,2.1719,0.0378,9.3094
110.949,2.199,0.0353,9.2838
110.983,2.2174,0.0372,9.2679
111.007,2.2107,0.0329,9.2722
111.077,2.2254,0.0377,9.2609
111.116,2.2519,0.0321,9.2345
111.14,2.2488,0.0327,9.2375
111.172,2.2733,0.0273,9.2131
111.187,2.2858,0.0242,9.2005
111.211,2.2746,0.0269,9.2118
111.25,2.3016,0.0181,9.1835
111.294,2.2963,0.0207,9.1895
111.339,2.3106,0.021,9.1766
111.355,2.3086,0.0197,9.1779
111.393,2.3146,0.0209,9.173
111.395,2.3152,0.0214,9.1727
111.422,2.315,0.0211,9.1727
111.459,2.3138,0.0192,9.173
111.493,2.3149,0.0195,9.1722
111.538,2.311,0.0199,9.1759
111.562,2.3122,0.0196,9.1746
111.593,2.3076,0.0209,9.1794
111.636,2.3077,0.0209,9.1792
111.66,2.304,0.0218,9.1829
111.677,2.302,0.0221,9.1849
111.711,2.3032,0.0219,9.1837
111.751,2.301,0.0225,9.186
111.786,2.3012,0.0224,9.1857
111.837,2.3004,0.0226,9.1866
111.867,2.3004,0.0226,9.1866
111.923,2.2993,0.0227,9.1876
111.935,2.2995,0.0227,9.1874
111.994,2.2983,0.0226,9.1885
112.032,2.299,0.0226,9.1879
112.089,2.2982,0.0226,9.1886
112.111,2.2972,0.0233,9.1898
112.146,2.2974,0.0231,9.1895
112.191,2.2961,0.0233,9.1907
112.222,2.2965,0.0233,9.1904
112.257,2.2967,0.0234,9.1903
112.279,2.2964,0.0233,9.1905
112.317,2.2975,0.0238,9.1897
112.352,2.2973,0.0237,9.1899
112.378,2.2982,0.0242,9.1892
112.423,2.2981,0.0241,9.1894
112.462,2.2991,0.0246,9.1886
112.487,2.2989,0.0245,9.1887
112.516,2.2996,0.025,9.1883
112.56,2.2996,0.025,9.1883
112.599,2.3003,0.0257,9.188
112.625,2.3003,0.0257,9.188
112.648,2.3007,0.0263,9.1878
112.662,2.3014,0.0268,9.1875
112.697,2.3009,0.0265,9.1877
112.726,2.302,0.0278,9.1873
112.768,2.3018,0.0273,9.1873
112.799,2.3025,0.029,9.1874
112.819,2.3024,0.0287,9.1874
112.857,2.303,0.0306,9.1876
112.908,2.303,0.0307,9.1877
112.954,2.3033,0.0334,9.1885
112.971,2.3033,0.0331,9.1884
112.995,2.3031,0.0355,9.1896
113.033,2.3031,0.0352,9.1895
113.067,2.3026,0.038,9.1912
113.118,2.3026,0.0376,9.1909
113.154,2.3045,0.0416,9.191
113.198,2.3041,0.0408,9.191
113.224,2.3048,0.0428,9.1912
113.248,2.3047,0.0425,9.1911
113.289,2.3052,0.0443,9.1915
113.322,2.3051,0.044,9.1914
113.367,2.3055,0.0455,9.1917
113.378,2.3055,0.0452,9.1916
113.414,2.3058,0.0463,9.1918
113.451,2.3058,0.0462,9.1918
113.493,2.3057,0.0474,9.1924
113.51,2.3057,0.0473,9.1923
113.555,2.3056,0.0486,9.193
113.58,2.3056,0.0485,9.1929
113.617,2.3054,0.0491,9.1934
113.643,2.3065,0.0449,9.1905
113.66,2.3055,0.049,9.1932
113.708,2.3037,0.0467,9.1938
113.736,2.3054,0.0454,9.1918
113.775,2.3014,0.0452,9.1953
113.799,2.3018,0.0453,9.195
113.846,2.2969,0.0451,9.1994
113.871,2.2974,0.045,9.1988
113.907,2.2932,0.0445,9.2024
113.957,2.2899,0.0432,9.2049
113.96,2.2928,0.0444,9.2028
113.982,2.2871,0.0398,9.2059
114.012,2.2875,0.0405,9.2059
114.05,2.2858,0.0405,9.2074
114.088,2.2859,0.0403,9.2072
114.116,2.2853,0.0382,9.2068
114.142,2.2854,0.0381,9.2068
114.165,2.2854,0.0377,9.2066
114.194,2.2849,0.037,9.2068
114.231,2.2852,0.0373,9.2066
114.26,2.284,0.0364,9.2073
114.285,2.2842,0.0364,9.2072
114.303,2.2824,0.036,9.2085
114.361,2.2823,0.036,9.2086
114.406,2.2799,0.0355,9.2106
114.429,2.2802,0.0355,9.2104
114.469,2.2772,0.0352,9.213
114.496,2.2774,0.0352,9.2128
114.538,2.2747,0.0355,9.2154
114.577,2.2747,0.0355,9.2153
114.62,2.2716,0.0353,9.2181
114.66,2.2719,0.0354,9.2178
114.691,2.2694,0.0351,9.2199
114.71,2.2694,0.0351,9.2199
114.743,2.2679,0.0349,9.2212
114.782,2.2679,0.0349,9.2212
114.807,2.2667,0.0347,9.2223
114.829,2.266,0.0346,9.2228
114.87,2.2665,0.0347,9.2224
114.909,2.2654,0.0344,9.2233
114.933,2.2656,0.0345,9.2231
114.965,2.2649,0.0343,9.2237
114.992,2.265,0.0343,9.2236
115.021,2.2644,0.0342,9.2241
115.07,2.2644,0.0342,9.2241
115.098,2.2637,0.034,9.2247
115.13,2.2638,0.0341,9.2246
115.189,2.2627,0.0338,9.2254
115.206,2.2629,0.0338,9.2253
115.245,2.2621,0.0334,9.2259
115.277,2.2622,0.0335,9.2258
115.326,2.2611,0.0329,9.2265
115.367,2.2614,0.0331,9.2263
115.413,2.2602,0.0325,9.2271
115.43,2.2605,0.0326,9.227
115.456,2.2596,0.0322,9.2276
115.489,2.2596,0.0323,9.2276
115.515,2.2588,0.0319,9.2282
115.542,2.2589,0.0319,9.2282
115.57,2.2582,0.0317,9.2286
115.593,2.258,0.0316,9.2287
115.617,2.2581,0.0316,9.2287
115.656,2.2598,0.0321,9.2273
115.684,2.2591,0.0323,9.228
115.717,2.2643,0.0334,9.2239
115.765,2.264,0.0333,9.2241
115.798,2.2677,0.0345,9.2213
115.814,2.2748,0.0372,9.2159
115.835,2.2694,0.0352,9.22
115.881,2.2828,0.0401,9.2099
115.905,2.2787,0.0385,9.213
115.931,2.2937,0.0442,9.2018
115.97,2.2923,0.0436,9.2029
115.994,2.3067,0.0483,9.1918
116.034,2.3088,0.049,9.1902
116.046,2.3192,0.0522,9.1822
116.079,2.3346,0.0569,9.1703
116.134,2.3245,0.0538,9.1781
116.208,2.3425,0.0592,9.1642
116.257,2.3692,0.0693,9.1445
116.308,2.3592,0.0654,9.1518
116.347,2.389,0.0833,9.1326
116.367,2.377,0.0748,9.1398
116.398,2.393,0.0864,9.1304
116.43,2.4139,0.0984,9.1168
116.458,2.4118,0.0973,9.1183
116.486,2.4257,0.1071,9.11
116.525,2.4271,0.1083,9.1093
116.544,2.4348,0.1106,9.1035
116.614,2.4405,0.1124,9.0991
116.62,2.447,0.1142,9.094
116.646,2.4574,0.1157,9.0853
116.671,2.4564,0.1146,9.0858
116.731,2.4622,0.1161,9.0812
116.773,2.4619,0.1161,9.0815
116.813,2.4625,0.1184,9.082
116.831,2.4624,0.1178,9.0818
116.873,2.4614,0.1205,9.0839
116.876,2.4619,0.1201,9.0833
116.922,2.4589,0.1216,9.0866
116.951,2.4593,0.1214,9.0862
116.987,2.4563,0.1215,9.0889
117.011,2.4564,0.1215,9.0889
117.036,2.4553,0.1213,9.0897
117.06,2.455,0.1208,9.0897
117.108,2.455,0.121,9.0898
117.134,2.4552,0.1201,9.0893
117.175,2.4551,0.1203,9.0895
117.229,2.4553,0.1196,9.089
117.231,2.4553,0.1196,9.089
117.249,2.4553,0.1193,9.0888
117.327,2.4553,0.1192,9.0888
117.37,2.4551,0.1191,9.0889
117.409,2.4551,0.1191,9.0889
117.444,2.4549,0.1189,9.089
117.455,2.455,0.1189,9.089
117.517,2.4549,0.1188,9.089
117.551,2.4561,0.1194,9.0881
117.576,2.4561,0.1194,9.0881
117.615,2.4584,0.1209,9.0867
117.625,2.4625,0.1224,9.0837
117.646,2.4594,0.1213,9.086
117.684,2.4707,0.1254,9.0777
117.71,2.4672,0.1242,9.0803
117.737,2.4795,0.1286,9.0712
117.787,2.4782,0.1281,9.0722
117.822,2.4916,0.1328,9.0623
117.861,2.493,0.1334,9.0613
117.872,2.504,0.1379,9.0534
117.914,2.5095,0.1406,9.0496
117.942,2.5167,0.1442,9.0448
117.956,2.528,0.15,9.0373
117.993,2.5216,0.1465,9.0414
118.026,2.5438,0.1592,9.0273
118.081,2.5372,0.1553,9.0314
118.108,2.5652,0.1699,9.013
118.135,2.562,0.1688,9.0153
118.153,2.5834,0.1852,9.0037
118.184,2.5951,0.192,8.9963
118.207,2.5856,0.1863,9.0022
118.248,2.6083,0.1993,8.9878
118.282,2.6025,0.1962,8.9916
118.308,2.6228,0.206,8.9779
118.342,2.6227,0.206,8.978
118.371,2.6384,0.2119,8.9668
118.402,2.6507,0.2151,8.9573
118.419,2.6434,0.2132,8.9629
118.454,2.6577,0.2162,8.9516
118.492,2.6552,0.2157,8.9536
118.528,2.6598,0.2175,8.9503
118.567,2.6597,0.2174,8.9504
118.596,2.6598,0.2184,8.9507
118.636,2.6594,0.2184,8.9511
118.654,2.6573,0.218,8.9528
118.705,2.6571,0.218,8.953
118.768,2.6546,0.2173,8.9548
118.784,2.6552,0.2175,8.9544
118.83,2.6548,0.2171,8.9546
118.846,2.6547,0.2171,8.9546
118.876,2.6558,0.217,8.9537
118.928,2.6558,0.217,8.9537
118.956,2.6585,0.217,8.9512
118.975,2.658,0.217,8.9517
119.007,2.6625,0.2178,8.948
119.063,2.6631,0.218,8.9476
119.087,2.6725,0.2221,8.9411
119.107,2.6724,0.222,8.9412
119.135,2.6818,0.226,8.9346
119.177,2.6863,0.2279,8.9315
119.215,2.6976,0.2327,8.9237
119.247,2.6992,0.2332,8.9225
119.27,2.7064,0.2363,8.9176
119.291,2.7157,0.2416,8.9118
119.313,2.7101,0.2385,8.9154
119.343,2.7298,0.2481,8.9023
119.39,2.7293,0.2479,8.9027
119.42,2.7479,0.2558,8.8899
119.444,2.7651,0.2641,8.8785
119.473,2.7547,0.259,8.8854
119.502,2.7831,0.2738,8.8671
119.539,2.7747,0.2686,8.8722
119.556,2.802,0.2838,8.8552
119.602,2.8025,0.2841,8.8549
119.642,2.819,0.2923,8.8443
119.679,2.8206,0.293,8.8432
119.701,2.8394,0.3014,8.8306
119.731,2.8593,0.3094,8.8168
119.759,2.8451,0.3039,8.8267
119.794,2.8758,0.3156,8.8053
119.834,2.8703,0.3128,8.8088
119.866,2.891,0.3205,8.7943
119.902,2.8894,0.3205,8.7957
119.929,2.8999,0.3245,8.7884
119.965,2.8998,0.3244,8.7884
119.992,2.9023,0.3247,8.7864
120.038,2.9019,0.3248,8.7868
120.087,2.8997,0.3241,8.7884
120.134,2.9001,0.3243,8.7881
120.165,2.8962,0.3218,8.7903
120.202,2.8969,0.3223,8.7899
120.245,2.8952,0.3205,8.7906
120.261,2.8955,0.3209,8.7906
120.304,2.8951,0.3199,8.7904
120.337,2.8951,0.32,8.7905
120.382,2.8948,0.3195,8.7905
120.389,2.8949,0.3196,8.7904
120.426,2.8944,0.3193,8.7907
120.462,2.8945,0.3193,8.7907
120.505,2.894,0.3192,8.791
120.532,2.8941,0.3192,8.791
120.57,2.8938,0.319,8.7911
120.596,2.8939,0.319,8.7911
120.615,2.8942,0.319,8.7908
120.66,2.8942,0.319,8.7907
120.672,2.896,0.3188,8.789
120.703,2.8999,0.3192,8.7859
120.747,2.8973,0.319,8.788
120.785,2.9066,0.3216,8.7811
120.818,2.9035,0.3205,8.7833
120.842,2.9159,0.325,8.7746
120.866,2.9151,0.3247,8.7751
120.896,2.9245,0.3286,8.7687
120.918,2.9328,0.3334,8.7638
120.943,2.9258,0.3292,8.7679
120.979,2.9428,0.3393,8.7579
121.006,2.9381,0.3368,8.7608
121.041,2.9557,0.3461,8.7499
121.077,2.9528,0.3447,8.7517
121.099,2.9703,0.3522,8.7401
121.135,2.9877,0.3595,8.7284
121.156,2.975,0.3541,8.7368
121.212,3.0054,0.3682,8.7172
121.231,2.9975,0.3642,8.7221
121.25,3.0267,0.378,8.7034
121.305,3.0252,0.3775,8.7044
121.34,3.0447,0.3907,8.694
121.366,3.0433,0.3897,8.6946
121.4,3.0556,0.3974,8.6877
121.432,3.0557,0.3974,8.6877
121.488,3.0731,0.4071,8.6773
121.499,3.0712,0.406,8.6784
121.543,3.084,0.413,8.6708
121.566,3.084,0.413,8.6708
121.583,3.088,0.4152,8.6684
121.612,3.0912,0.4167,8.6663
121.631,3.0894,0.4159,8.6676
121.678,3.0928,0.4166,8.6649
121.713,3.0926,0.4165,8.665
121.74,3.0926,0.4164,8.665
121.765,3.0921,0.4159,8.6651
121.781,3.0926,0.4164,8.665
121.821,3.0919,0.4157,8.6652
121.868,3.0919,0.4157,8.6652
121.915,3.0921,0.4157,8.6651
121.932,3.0926,0.4158,8.6647
121.96,3.0932,0.4158,8.6641
121.988,3.093,0.4158,8.6643
122.033,3.0937,0.4153,8.6635
122.065,3.0937,0.4153,8.6635
122.102,3.0952,0.4147,8.6619
122.15,3.0952,0.4147,8.6619
122.182,3.0963,0.4144,8.6608
122.221,3.0963,0.4144,8.6608
122.25,3.0979,0.4136,8.659
122.273,3.0979,0.4136,8.659
122.318,3.0989,0.4133,8.658
122.342,3.0991,0.4133,8.6578
122.37,3.1002,0.4137,8.6571
122.413,3.1003,0.4138,8.6571
122.446,3.101,0.4147,8.6568
122.487,3.1011,0.4147,8.6568
122.523,3.102,0.4159,8.6565
122.567,3.102,0.4159,8.6565
122.591,3.1036,0.417,8.6558
122.609,3.1034,0.4169,8.6559
122.654,3.1043,0.4175,8.6554
122.684,3.1044,0.4175,8.6553
122.716,3.1052,0.418,8.6549
122.771,3.1052,0.4181,8.6549
122.775,3.1055,0.4185,8.6548
122.8,3.1059,0.4188,8.6547
122.821,3.1058,0.4187,8.6547
122.853,3.106,0.4192,8.6548
122.9,3.1059,0.4192,8.6548
122.932,3.1055,0.4192,8.6552
122.946,3.104,0.4182,8.656
122.974,3.1051,0.4191,8.6555
123.011,3.1038,0.416,8.6551
123.042,3.1039,0.4171,8.6556
123.082,3.1037,0.4139,8.6542
123.126,3.1037,0.414,8.6542
123.159,3.1025,0.4142,8.6553
123.182,3.1026,0.4145,8.6554
123.213,3.1023,0.413,8.6549
123.255,3.1023,0.413,8.6549
123.294,3.102,0.4137,8.6555
123.322,3.102,0.4135,8.6554
123.359,3.1018,0.4129,8.6552
123.362,3.1022,0.4138,8.6553
123.392,3.1019,0.4132,8.6553
123.434,3.102,0.4129,8.6551
123.467,3.1019,0.4136,8.6555
123.501,3.1012,0.4121,8.6554
123.546,3.1018,0.4119,8.6548
123.57,3.1009,0.4106,8.6549
123.594,3.1007,0.4109,8.6553
123.615,3.1024,0.4113,8.654
123.648,3.1034,0.4129,8.6539
123.673,3.1028,0.4117,8.6538
123.705,3.104,0.4145,8.6542
123.735,3.1036,0.4135,8.654
123.791,3.1041,0.4163,8.655
123.83,3.1041,0.416,8.6549
123.849,3.1031,0.4178,8.6566
123.876,3.1023,0.4197,8.6582
123.894,3.1031,0.4179,8.6566
123.926,3.1014,0.4218,8.66
123.973,3.1015,0.4209,8.6594
124.015,3.1006,0.424,8.6619
124.043,3.1008,0.4234,8.6614
124.078,3.1003,0.4266,8.6634
124.108,3.1003,0.4268,8.6634
124.14,3.1009,0.429,8.6641
124.19,3.1008,0.4286,8.664
124.235,3.1015,0.4308,8.6645
124.239,3.1013,0.4304,8.6644
124.271,3.1022,0.4318,8.6643
124.302,3.1022,0.4317,8.6643
124.336,3.1031,0.4324,8.6638
124.374,3.103,0.4324,8.6639
124.402,3.1043,0.4328,8.663
124.426,3.1056,0.435,8.663
124.49,3.1042,0.4328,8.6631
124.544,3.1065,0.4349,8.6621
124.577,3.1079,0.4349,8.661
124.598,3.1079,0.4349,8.6609
124.626,3.1064,0.4341,8.6618
124.654,3.1064,0.4341,8.6618
124.691,3.106,0.4358,8.663
124.731,3.106,0.4357,8.663
124.736,3.1063,0.4385,8.6641
124.762,3.1067,0.4405,8.6648
124.797,3.1063,0.4395,8.6646
124.825,3.1066,0.4421,8.6656
124.866,3.1066,0.4419,8.6655
124.896,3.1067,0.4427,8.6659
124.929,3.1069,0.4432,8.6659
124.962,3.1067,0.4427,8.6659
125.012,3.1071,0.4436,8.6659
125.046,3.107,0.4433,8.6659
125.085,3.1072,0.4438,8.6659
125.112,3.1074,0.4441,8.666
125.144,3.1073,0.4441,8.666
125.158,3.1074,0.4443,8.6661
125.191,3.1074,0.4445,8.6661
125.229,3.1074,0.4444,8.6661
125.257,3.1074,0.4446,8.6662
125.28,3.1074,0.4446,8.6662
125.327,3.1075,0.4448,8.6662
125.351,3.1075,0.4448,8.6662
125.385,3.1076,0.445,8.6662
125.428,3.1076,0.445,8.6662
125.45,3.1077,0.4451,8.6662
125.464,3.1078,0.4452,8.6662
125.49,3.1077,0.4451,8.6662
125.532,3.1078,0.4451,8.6661
125.568,3.1078,0.4452,8.6662
125.602,3.108,0.4452,8.666
125.633,3.1079,0.4452,8.666
125.644,3.108,0.4453,8.666
125.707,3.108,0.4453,8.666
125.773,3.1081,0.4455,8.666
125.787,3.108,0.4454,8.6661
125.818,3.1082,0.4456,8.666
125.845,3.1081,0.4456,8.666
125.885,3.1083,0.4457,8.666
125.919,3.1082,0.4457,8.666
125.942,3.1083,0.4459,8.6661
125.979,3.1084,0.4461,8.6661
125.988,3.1083,0.4459,8.6661
126.019,3.1084,0.4462,8.6661
126.063,3.1084,0.4462,8.6661
126.088,3.1085,0.4464,8.6662
126.132,3.1085,0.4464,8.6662
126.149,3.1085,0.4465,8.6662
126.195,3.1085,0.4465,8.6662
126.218,3.1086,0.4466,8.6662
126.261,3.1086,0.4466,8.6662
126.297,3.1086,0.4467,8.6662
126.328,3.1086,0.4467,8.6662
126.366,3.1086,0.4466,8.6662
126.398,3.1086,0.4466,8.6662
126.42,3.1086,0.4466,8.6662
126.444,3.1085,0.4464,8.6662
126.467,3.1086,0.4466,8.6662
126.508,3.1095,0.4452,8.6647
126.553,3.1091,0.4452,8.6651
126.583,3.1107,0.4454,8.6637
126.613,3.1107,0.4454,8.6637
126.64,3.1122,0.4463,8.6629
126.664,3.1136,0.4469,8.662
126.689,3.1125,0.4465,8.6627
126.715,3.1153,0.4473,8.6607
126.756,3.1145,0.4472,8.6613
126.8,3.1168,0.4484,8.66
126.829,3.1166,0.4478,8.6599
126.878,3.1178,0.4488,8.6593
126.903,3.1176,0.4488,8.6595
126.95,3.1175,0.4488,8.6595
126.971,3.1176,0.4488,8.6595
127.001,3.117,0.4485,8.6599
127.031,3.1171,0.4486,8.6598
127.089,3.1167,0.4484,8.6601
127.091,3.1168,0.4485,8.66
127.122,3.1167,0.4484,8.6601
127.154,3.117,0.4484,8.6598
127.183,3.1169,0.4485,8.6599
127.247,3.1171,0.4485,8.6598
127.28,3.1172,0.4485,8.6597
127.307,3.1172,0.4485,8.6597
127.349,3.1171,0.4485,8.6598
127.391,3.1171,0.4485,8.6597
127.425,3.117,0.4485,8.6599
127.455,3.117,0.4485,8.6598
127.482,3.1169,0.4486,8.6599
127.516,3.1169,0.4486,8.6599
127.527,3.1169,0.4487,8.66
127.571,3.1169,0.4487,8.66
127.59,3.1169,0.4487,8.66
127.624,3.1169,0.4488,8.6601
127.66,3.1169,0.4488,8.6601
127.679,3.1169,0.4489,8.6601
127.734,3.1169,0.4489,8.6601
127.771,3.1167,0.4488,8.6603
127.819,3.1167,0.4488,8.6603
127.878,3.1164,0.4487,8.6604
127.888,3.1165,0.4487,8.6604
127.912,3.1163,0.4486,8.6606
127.967,3.1163,0.4486,8.6606
128.009,3.1162,0.4487,8.6606
128.04,3.1162,0.4487,8.6606
128.071,3.1162,0.4487,8.6606
128.101,3.1162,0.4487,8.6606
128.15,3.1161,0.4486,8.6606
128.162,3.1162,0.4486,8.6606
128.218,3.116,0.4486,8.6607
128.226,3.116,0.4486,8.6607
128.284,3.1162,0.4486,8.6606
128.312,3.1162,0.4487,8.6606
128.33,3.1156,0.4483,8.661
128.361,3.1156,0.4483,8.661
128.386,3.1155,0.4483,8.6611
128.429,3.1154,0.4484,8.6611
128.446,3.1154,0.4486,8.6613
128.468,3.1158,0.449,8.6611
128.512,3.1155,0.4488,8.6613
128.544,3.1162,0.4492,8.6609
128.584,3.1161,0.4492,8.661
128.618,3.1167,0.4494,8.6606
128.644,3.1167,0.4494,8.6606
128.691,3.1175,0.4496,8.6599
128.712,3.1174,0.4496,8.66
128.731,3.1182,0.4497,8.6593
128.775,3.1183,0.4497,8.6593
128.801,3.119,0.4497,8.6587
128.834,3.1197,0.4498,8.6582
128.855,3.1193,0.4498,8.6585
128.876,3.1204,0.4497,8.6575
128.909,3.1203,0.4497,8.6576
128.927,3.1214,0.45,8.6568
128.981,3.1214,0.45,8.6568
129.015,3.1225,0.4505,8.6561
129.032,3.1235,0.4509,8.6555
129.064,3.1228,0.4507,8.6559
129.108,3.1244,0.4515,8.6549
129.13,3.1241,0.4513,8.6551
129.17,3.1256,0.4521,8.6542
129.212,3.1256,0.4521,8.6542
129.244,3.1273,0.4531,8.6532
129.275,3.1273,0.4531,8.6532
129.303,3.1287,0.4536,8.6522
129.332,3.1288,0.4536,8.6522
129.358,3.1302,0.454,8.6512
129.397,3.1315,0.4545,8.6503
129.421,3.1306,0.4542,8.6509
129.446,3.1329,0.4549,8.6493
129.488,3.1324,0.4547,8.6496
129.531,3.1341,0.4553,8.6485
129.574,3.134,0.4553,8.6485
129.624,3.1361,0.4568,8.6475
129.638,3.1356,0.4564,8.6477
129.671,3.1369,0.4576,8.6472
129.685,3.1367,0.4574,8.6473
129.718,3.1378,0.4583,8.6468
129.758,3.1381,0.4589,8.6468
129.778,3.1378,0.4584,8.6468
129.822,3.1359,0.4561,8.6473
129.856,3.1375,0.4569,8.6463
129.908,3.1352,0.4569,8.6483
129.952,3.1331,0.4581,8.6507
129.982,3.1335,0.4579,8.6503
130.004,3.1324,0.4605,8.6525
130.051,3.1323,0.4615,8.6531
130.082,3.1314,0.4637,8.655
130.109,3.1312,0.4639,8.6553
130.16,3.1303,0.4658,8.657
130.186,3.1303,0.4658,8.657
130.193,3.1301,0.4652,8.6569
130.231,3.13,0.4645,8.6566
130.26,3.13,0.4649,8.6568
130.314,3.1298,0.4643,8.6566
130.324,3.1299,0.4643,8.6567
130.345,3.1297,0.4644,8.6568
130.416,3.1297,0.4644,8.6568
130.454,3.1293,0.4644,8.6572
130.499,3.1293,0.4644,8.6571
130.541,3.129,0.4644,8.6575
130.551,3.129,0.4644,8.6574
130.586,3.1287,0.4644,8.6577
130.612,3.1288,0.4644,8.6576
130.634,3.1287,0.4644,8.6577
130.67,3.1287,0.4644,8.6577
130.709,3.1286,0.4644,8.6577
130.721,3.1286,0.4644,8.6578
130.749,3.1286,0.4644,8.6577
130.783,3.1286,0.4644,8.6578
130.817,3.1286,0.4644,8.6578
130.863,3.1286,0.4644,8.6578
130.89,3.1286,0.4644,8.6578
130.917,3.1286,0.4644,8.6578
130.966,3.1286,0.4644,8.6578
130.984,3.1285,0.4645,8.6579
131.028,3.1285,0.4645,8.6579
131.056,3.1285,0.4644,8.6579
131.096,3.1285,0.4644,8.6579
131.119,3.1285,0.4644,8.6578
131.136,3.1285,0.4644,8.6579
131.162,3.1285,0.4644,8.6578
131.193,3.1285,0.4645,8.6579
131.221,3.1285,0.4645,8.6579
131.262,3.1285,0.4645,8.6579
131.287,3.1285,0.4645,8.6579
131.308,3.1285,0.4644,8.6579
131.358,3.1285,0.4644,8.6579
131.394,3.1285,0.4645,8.6579
131.42,3.1285,0.4645,8.6579
131.455,3.1285,0.4645,8.6579
131.505,3.1284,0.4645,8.658
131.546,3.1284,0.4645,8.658
131.58,3.1284,0.4645,8.6579
131.592,3.1284,0.4645,8.658
131.626,3.1285,0.4645,8.6579
131.671,3.1285,0.4645,8.6579
131.689,3.1284,0.4645,8.658
131.729,3.1284,0.4645,8.658
131.746,3.1284,0.4645,8.658
131.785,3.1283,0.4644,8.658
131.791,3.1284,0.4645,8.658
131.825,3.1284,0.4644,8.658
131.867,3.1284,0.4644,8.658
131.902,3.1284,0.4644,8.658
131.948,3.1284,0.4644,8.658
131.993,3.1284,0.4644,8.658
132.009,3.1284,0.4644,8.658
132.033,3.1284,0.4644,8.658
132.079,3.1284,0.4644,8.658
132.117,3.1284,0.4644,8.658
132.143,3.1284,0.4644,8.658
132.179,3.1284,0.4644,8.658
132.221,3.1284,0.4644,8.658
132.257,3.1283,0.465,8.6583
132.281,3.1283,0.4649,8.6583
132.311,3.1294,0.4641,8.657
132.334,3.1297,0.4645,8.6569
132.358,3.1294,0.4642,8.657
132.396,3.1298,0.4652,8.6571
132.428,3.1298,0.4649,8.657
132.459,3.13,0.4663,8.6576
132.499,3.13,0.4662,8.6575
132.525,3.1296,0.4678,8.6586
132.54,3.1291,0.4688,8.6595
132.585,3.1295,0.468,8.6588
132.619,3.1281,0.4702,8.6611
132.636,3.1286,0.4695,8.6603
132.672,3.1269,0.4715,8.6628
132.699,3.1271,0.4712,8.6625
132.738,3.1254,0.4733,8.6651
132.764,3.1253,0.4733,8.6651
132.788,3.1239,0.4754,8.6674
132.808,3.1223,0.4773,8.6697
132.841,3.1234,0.476,8.6681
132.868,3.1208,0.4795,8.6721
132.911,3.1211,0.479,8.6716
132.94,3.1201,0.4818,8.6739
132.992,3.12,0.482,8.6741
133.024,3.1182,0.4861,8.6777
133.054,3.1185,0.4855,8.6771
133.081,3.1169,0.4884,8.68
133.123,3.1167,0.4887,8.6803
133.148,3.1157,0.4904,8.682
133.166,3.1148,0.4918,8.6835
133.202,3.1153,0.4908,8.6826
133.24,3.1147,0.4927,8.684
133.283,3.1147,0.4924,8.6839
133.306,3.1153,0.4933,8.6838
133.34,3.1152,0.4932,8.6838
133.369,3.1165,0.4937,8.683
133.412,3.1168,0.4938,8.6828
133.445,3.1187,0.4942,8.6813
133.486,3.1186,0.4942,8.6814
133.507,3.1204,0.4942,8.6799
133.559,3.1207,0.4942,8.6796
133.607,3.1225,0.4943,8.6781
133.641,3.1222,0.4942,8.6783
133.688,3.1239,0.495,8.6773
133.703,3.1233,0.4947,8.6776
133.75,3.124,0.4952,8.6773
133.807,3.1241,0.4962,8.6777
133.823,3.1241,0.4961,8.6777
133.874,3.1237,0.4975,8.6787
133.885,3.1237,0.4974,8.6786
133.912,3.123,0.4993,8.6802
133.959,3.1227,0.5002,8.6809
133.978,3.1223,0.5017,8.682
134.003,3.1214,0.5035,8.6837
134.029,3.1217,0.5027,8.683
134.06,3.121,0.5057,8.6852
134.087,3.121,0.5052,8.6849
134.116,3.1211,0.5071,8.6858
134.144,3.1216,0.5084,8.686
134.172,3.1212,0.5079,8.6861
134.208,3.123,0.5095,8.6854
134.254,3.1222,0.509,8.6858
134.285,3.1239,0.5096,8.6846
134.321,3.124,0.51,8.6848
134.359,3.1248,0.5084,8.6832
134.382,3.125,0.5085,8.6831
134.401,3.1269,0.5097,8.6821
134.428,3.1288,0.5119,8.6815
134.465,3.1282,0.5111,8.6817
134.5,3.1311,0.5145,8.6809
134.529,3.1305,0.5138,8.6811
134.566,3.1333,0.5169,8.6803
134.604,3.1331,0.5167,8.6803
134.635,3.1359,0.5181,8.6786
134.667,3.1356,0.518,8.6788
134.695,3.1381,0.5183,8.6768
134.747,3.1379,0.5183,8.6769
134.791,3.1419,0.5186,8.6737
134.813,3.1415,0.5185,8.674
134.836,3.1446,0.5208,8.6725
134.869,3.1465,0.52,8.6705
134.886,3.1449,0.5207,8.6722
134.918,3.1465,0.5202,8.6705
134.957,3.1464,0.5204,8.6707
134.985,3.1456,0.5204,8.6714
135.023,3.1462,0.5202,8.6708
135.082,3.144,0.5226,8.6739
135.105,3.145,0.5222,8.6728
135.144,3.1464,0.5238,8.6724
135.173,3.1458,0.5235,8.6728
135.198,3.1464,0.5237,8.6725
135.242,3.1464,0.5237,8.6725
135.254,3.1468,0.5242,8.6723
135.291,3.147,0.5244,8.6722
135.312,3.1481,0.5256,8.6719
135.336,3.1493,0.5264,8.6713
135.366,3.1486,0.5262,8.6718
135.4,3.1506,0.527,8.6705
135.453,3.1503,0.5269,8.6707
135.486,3.1509,0.5266,8.67
135.524,3.1509,0.5267,8.67
135.562,3.1502,0.5251,8.6698
135.591,3.1503,0.5255,8.6699
135.613,3.1501,0.5241,8.6694
135.665,3.1501,0.524,8.6693
135.678,3.1505,0.5238,8.6689
135.734,3.1507,0.5238,8.6687
135.758,3.1526,0.5241,8.6672
135.793,3.1524,0.5241,8.6674
135.842,3.1542,0.5245,8.6661
135.866,3.1545,0.5245,8.6658
135.902,3.1563,0.525,8.6645
135.953,3.1564,0.525,8.6645
135.965,3.1578,0.5249,8.6632
136.014,3.1579,0.5249,8.6631
136.059,3.1591,0.5244,8.6618
136.085,3.1591,0.5244,8.6618
136.113,3.1599,0.524,8.6609
136.145,3.16,0.5239,8.6608
136.177,3.1611,0.5235,8.6596
136.202,3.1609,0.5235,8.6598
136.237,3.162,0.5233,8.6587
136.258,3.163,0.5232,8.6579
136.266,3.1622,0.5233,8.6586
136.33,3.1644,0.5232,8.6567
136.36,3.1634,0.5232,8.6575
136.393,3.1658,0.5233,8.6555
136.413,3.1655,0.5232,8.6558
136.438,3.1674,0.5235,8.6542
136.49,3.1674,0.5235,8.6542
136.505,3.1687,0.5234,8.6531
136.538,3.1697,0.5233,8.6521
136.55,3.169,0.5234,8.6528
136.587,3.1705,0.5229,8.6512
136.632,3.1703,0.5231,8.6515
136.655,3.171,0.5223,8.6506
136.718,3.171,0.5223,8.6506
136.747,3.1714,0.5219,8.6499
136.765,3.1714,0.522,8.65
136.782,3.1718,0.5217,8.6495
136.831,3.1719,0.5217,8.6495
136.854,3.1721,0.5216,8.6492
136.871,3.1724,0.5214,8.6489
136.906,3.1723,0.5215,8.649
136.951,3.1725,0.5213,8.6487
136.994,3.1725,0.5213,8.6487
137.029,3.1727,0.521,8.6484
137.051,3.1727,0.5211,8.6484
137.088,3.1729,0.5208,8.6481
137.107,3.1733,0.5209,8.6478
137.122,3.1729,0.5208,8.6481
137.189,3.1721,0.5209,8.6488
137.211,3.172,0.5193,8.6481
137.226,3.1723,0.5196,8.648
137.255,3.1724,0.5192,8.6478
137.286,3.1725,0.5201,8.6481
137.34,3.1725,0.5201,8.6481
137.361,3.173,0.5204,8.6478
137.407,3.173,0.5204,8.6478
137.438,3.1736,0.5213,8.6478
137.469,3.1735,0.5213,8.6479
137.499,3.1742,0.5216,8.6474
137.539,3.1743,0.5217,8.6474
137.574,3.1753,0.5217,8.6465
137.603,3.1753,0.5217,8.6465
137.632,3.1758,0.5226,8.6466
137.653,3.1761,0.5225,8.6462
137.684,3.1756,0.5225,8.6466
137.711,3.1762,0.5223,8.646
137.759,3.1761,0.5224,8.6462
137.809,3.1769,0.5221,8.6453
137.86,3.1769,0.5221,8.6453
137.879,3.1777,0.5215,8.6443
137.896,3.1774,0.5217,8.6447
137.932,3.1781,0.5213,8.6438
137.96,3.1781,0.5213,8.6439
137.999,3.1787,0.521,8.6432
138.031,3.1788,0.521,8.6431
138.061,3.1792,0.5207,8.6426
138.1,3.1794,0.5206,8.6424
138.133,3.1799,0.5203,8.6418
138.176,3.1799,0.5203,8.6419
138.221,3.1805,0.5199,8.6411
138.243,3.1804,0.52,8.6413
138.287,3.1808,0.5198,8.6408
138.317,3.1808,0.5198,8.6408
138.343,3.1812,0.5198,8.6404
138.376,3.1812,0.5198,8.6405
138.393,3.1816,0.5196,8.64
138.46,3.1817,0.5195,8.6399
138.487,3.1822,0.5191,8.6393
138.516,3.1822,0.5191,8.6393
138.539,3.1825,0.5188,8.6388
138.591,3.1826,0.5187,8.6387
138.617,3.183,0.5185,8.6382
138.663,3.1834,0.5184,8.6379
138.677,3.183,0.5184,8.6382
138.727,3.1835,0.5183,8.6377
138.775,3.184,0.5182,8.6373
138.792,3.184,0.5182,8.6373
138.814,3.1843,0.5181,8.6369
138.836,3.1847,0.518,8.6366
138.868,3.1844,0.5181,8.6368
138.904,3.1849,0.5178,8.6363
138.934,3.1848,0.5179,8.6364
138.96,3.1849,0.5176,8.6361
138.998,3.1849,0.5176,8.6361
139.014,3.185,0.5174,8.636
139.064,3.1851,0.5173,8.6358
139.081,3.1851,0.5174,8.6359
139.144,3.1851,0.5172,8.6358
139.189,3.185,0.517,8.6358
139.224,3.1849,0.5169,8.6358
139.232,3.185,0.517,8.6358
139.288,3.1848,0.5167,8.6358
139.291,3.1848,0.5168,8.6358
139.337,3.1848,0.5165,8.6357
139.367,3.1848,0.5165,8.6357
139.394,3.1849,0.5164,8.6356
139.412,3.1849,0.5164,8.6355
139.442,3.185,0.5164,8.6355
139.461,3.185,0.5164,8.6355
139.492,3.185,0.5163,8.6354
139.53,3.185,0.5165,8.6355
139.568,3.185,0.5165,8.6355
139.597,3.185,0.5164,8.6354
139.63,3.185,0.5164,8.6354
139.665,3.1851,0.5164,8.6354
139.71,3.1851,0.5164,8.6354
139.752,3.1852,0.5165,8.6353
139.783,3.1852,0.5165,8.6353
139.81,3.1854,0.5166,8.6352
139.851,3.1854,0.5166,8.6352
139.877,3.1854,0.5166,8.6352
139.923,3.1854,0.5166,8.6352
139.949,3.1855,0.5166,8.6351
139.985,3.1855,0.5166,8.6351
140.014,3.1856,0.5164,8.635
140.035,3.1856,0.5164,8.6349
140.072,3.1856,0.5164,8.635
140.108,3.1856,0.5164,8.6349
140.142,3.1856,0.5164,8.6349
140.197,3.1836,0.5147,8.6358
140.211,3.1851,0.5159,8.6352
140.25,3.1843,0.5142,8.635
140.257,3.1838,0.5143,8.6354
140.291,3.1842,0.5148,8.6353
140.334,3.1842,0.5148,8.6353
140.362,3.1842,0.5152,8.6355
140.406,3.1842,0.5152,8.6355
140.438,3.1843,0.5155,8.6356
140.467,3.1842,0.5155,8.6357
140.494,3.1843,0.5163,8.636
140.508,3.1857,0.5183,8.6358
140.556,3.1844,0.5166,8.6361
140.572,3.1859,0.5187,8.6359
140.614,3.1836,0.5175,8.6372
140.648,3.1859,0.5187,8.6358
140.714,3.1837,0.5176,8.6372
140.751,3.1842,0.5188,8.6374
140.773,3.184,0.5185,8.6374
140.814,3.1843,0.5192,8.6375
140.835,3.1842,0.5191,8.6375
140.868,3.1847,0.5193,8.6372
140.92,3.1846,0.5193,8.6373
140.953,3.1852,0.5189,8.6365
140.971,3.1851,0.519,8.6367
141.013,3.1856,0.5183,8.6359
141.046,3.1855,0.5184,8.6361
141.069,3.1858,0.518,8.6356
141.111,3.1858,0.5181,8.6356
141.157,3.1862,0.5176,8.635
141.2,3.1865,0.5171,8.6345
141.203,3.1862,0.5176,8.6351
141.248,3.1867,0.5167,8.6341
141.258,3.1866,0.517,8.6344
141.278,3.1869,0.5164,8.6338
141.325,3.1868,0.5165,8.6339
141.345,3.1872,0.5161,8.6334
141.412,3.1872,0.5161,8.6334
141.438,3.1876,0.5159,8.6329
141.462,3.1876,0.5159,8.633
141.496,3.188,0.5158,8.6326
141.542,3.1879,0.5158,8.6326
141.58,3.1883,0.5157,8.6322
141.6,3.1883,0.5157,8.6323
141.627,3.1885,0.5156,8.632
141.656,3.1887,0.5154,8.6318
141.667,3.1885,0.5155,8.632
141.7,3.1887,0.5153,8.6317
141.766,3.1887,0.5153,8.6317
141.784,3.1886,0.5153,8.6318
141.814,3.1887,0.5153,8.6317
141.851,3.1886,0.5151,8.6317
141.883,3.1886,0.5151,8.6317
141.931,3.1884,0.5149,8.6318
141.952,3.1884,0.5149,8.6318
142.015,3.188,0.5145,8.632
142.092,3.188,0.5146,8.6319
142.115,3.1876,0.5141,8.6321
142.133,3.1878,0.5143,8.632
142.175,3.1876,0.5139,8.632
142.224,3.1876,0.5141,8.6321
142.254,3.1876,0.5138,8.632
142.313,3.1876,0.5139,8.632
142.335,3.1878,0.5138,8.6317
142.373,3.1876,0.5138,8.6319
142.39,3.1878,0.5138,8.6317
142.432,3.1877,0.5137,8.6317
142.457,3.1877,0.5137,8.6317
142.491,3.1875,0.5136,8.6319
142.516,3.1875,0.5136,8.6319
142.54,3.1873,0.5136,8.632
142.58,3.1872,0.5135,8.6321
142.592,3.1873,0.5136,8.632
142.651,3.1871,0.5135,8.6322
142.684,3.1869,0.5136,8.6324
142.718,3.1869,0.5136,8.6324
142.735,3.1868,0.5136,8.6325
142.764,3.1867,0.5136,8.6325
142.792,3.1868,0.5136,8.6325
142.825,3.1867,0.5136,8.6326
142.852,3.1867,0.5135,8.6325
142.89,3.1867,0.5135,8.6326
142.922,3.1867,0.5135,8.6326
142.952,3.1867,0.5135,8.6325
142.988,3.1867,0.5135,8.6325
143.02,3.1867,0.5134,8.6325
143.044,3.1866,0.5134,8.6325
143.061,3.1867,0.5134,8.6325
143.097,3.1865,0.5135,8.6327
143.126,3.1865,0.5134,8.6326
143.155,3.1862,0.5135,8.6329
143.202,3.1862,0.5135,8.6329
143.211,3.1859,0.5134,8.6331
143.259,3.1858,0.5134,8.6332
143.281,3.1857,0.5134,8.6334
143.303,3.1855,0.5134,8.6335
143.327,3.1856,0.5134,8.6334
143.362,3.1855,0.5134,8.6335
143.409,3.1855,0.5134,8.6335
143.424,3.1855,0.5134,8.6335
143.471,3.1855,0.5133,8.6334
143.486,3.1855,0.5133,8.6334
143.508,3.1855,0.5133,8.6335
143.564,3.1855,0.5133,8.6335
143.6,3.1854,0.5133,8.6335
143.622,3.1854,0.5133,8.6335
143.661,3.1854,0.5133,8.6335
143.692,3.1854,0.5133,8.6335
143.725,3.1854,0.5133,8.6335
143.759,3.1854,0.5132,8.6335
143.774,3.1854,0.5133,8.6335
143.808,3.1854,0.5133,8.6335
143.835,3.1854,0.5133,8.6336
143.87,3.1854,0.5133,8.6335
143.908,3.1854,0.5133,8.6335
143.936,3.1855,0.5133,8.6335
143.974,3.1855,0.5133,8.6335
144.01,3.1854,0.5133,8.6335
144.023,3.1854,0.5133,8.6335
144.041,3.1854,0.5133,8.6335
144.072,3.1854,0.5133,8.6335
144.127,3.1854,0.5133,8.6335
144.15,3.1855,0.5132,8.6334
144.181,3.1855,0.5132,8.6334
144.209,3.1841,0.5137,8.6348
144.257,3.1842,0.5137,8.6348
144.28,3.1854,0.514,8.6339
144.3,3.1853,0.5139,8.6339
144.336,3.1854,0.5138,8.6338
144.366,3.1855,0.5136,8.6336
144.421,3.1854,0.5137,8.6337
144.455,3.1862,0.5132,8.6328
144.472,3.1861,0.5132,8.6329
144.502,3.1866,0.5127,8.6322
144.52,3.1871,0.5123,8.6316
144.542,3.1867,0.5127,8.6321
144.59,3.1876,0.5119,8.631
144.61,3.1874,0.5121,8.6312
144.643,3.1879,0.5117,8.6306
144.675,3.1878,0.5118,8.6307
144.691,3.1882,0.5117,8.6303
144.751,3.1882,0.5117,8.6303
144.787,3.1885,0.5117,8.6301
144.814,3.1884,0.5117,8.6301
144.837,3.189,0.5117,8.6296
144.873,3.1892,0.5117,8.6294
144.899,3.1897,0.5117,8.629
144.908,3.1904,0.5118,8.6285
144.951,3.1901,0.5117,8.6287
144.984,3.1911,0.5119,8.6279
145.031,3.1911,0.5119,8.6279
145.063,3.1918,0.5114,8.6271
145.088,3.1917,0.5115,8.6272
145.112,3.1925,0.5114,8.6265
145.179,3.1926,0.5114,8.6263
145.201,3.1938,0.5116,8.6254
145.242,3.1939,0.5116,8.6254
145.256,3.1949,0.5119,8.6246
145.277,3.1957,0.5124,8.6243
145.316,3.1952,0.5121,8.6245
145.356,3.1964,0.5132,8.6241
145.374,3.1962,0.5129,8.6241
145.41,3.1969,0.5141,8.624
145.442,3.197,0.5142,8.624
145.476,3.1973,0.5149,8.6241
145.5,3.1978,0.5156,8.624
145.518,3.1974,0.515,8.6241
145.559,3.1986,0.5165,8.6238
145.59,3.1983,0.5162,8.6239
145.627,3.1993,0.5176,8.6238
145.666,3.1993,0.5175,8.6238
145.684,3.1998,0.5189,8.624
145.716,3.2002,0.5205,8.6245
145.747,3.1999,0.5193,8.6241
145.812,3.2002,0.5212,8.6248
145.825,3.199,0.5232,8.6269
145.867,3.1986,0.5235,8.6274
145.897,3.1971,0.5257,8.6298
145.936,3.1976,0.5258,8.6294
145.97,3.1986,0.5293,8.6303
145.982,3.1994,0.5291,8.6296
146.039,3.1988,0.5292,8.6302
146.069,3.1997,0.53,8.6297
146.092,3.1999,0.5298,8.6295
146.129,3.2001,0.5307,8.6298
146.168,3.2001,0.5306,8.6298
146.186,3.1989,0.5311,8.631
146.239,3.1986,0.5313,8.6314
146.279,3.1963,0.532,8.6337
146.308,3.1964,0.532,8.6336
146.333,3.1946,0.5331,8.6357
146.371,3.1948,0.533,8.6355
146.403,3.1937,0.5336,8.6368
146.435,3.1936,0.5337,8.6369
146.471,3.1932,0.5341,8.6375
146.502,3.1932,0.5341,8.6375
146.534,3.1929,0.5347,8.638
146.575,3.1929,0.5347,8.6381
146.608,3.1925,0.5355,8.6387
146.643,3.1926,0.5354,8.6387
146.677,3.1921,0.5357,8.6392
146.725,3.1921,0.5357,8.6392
146.744,3.1916,0.5351,8.6393
146.78,3.1916,0.5351,8.6393
146.812,3.1904,0.5346,8.6401
146.847,3.1904,0.5346,8.6402
146.863,3.1897,0.5344,8.6406
146.885,3.1887,0.5335,8.641
146.917,3.1894,0.5342,8.6407
146.95,3.188,0.532,8.6408
146.995,3.1881,0.5322,8.6409
147.032,3.1878,0.5299,8.64
147.059,3.1878,0.5297,8.6398
147.086,3.1882,0.5273,8.6382
147.109,3.1885,0.526,8.6374
147.143,3.1885,0.5266,8.6376
147.21,3.1888,0.5264,8.6373
147.249,3.1892,0.528,8.6378
147.282,3.1891,0.528,8.6378
147.32,3.1875,0.5279,8.6392
147.348,3.1876,0.5279,8.6391
147.394,3.1859,0.5258,8.6395
147.414,3.1859,0.5257,8.6395
147.453,3.1848,0.5204,8.6377
147.467,3.1848,0.5201,8.6375
147.489,3.1859,0.5125,8.6327
147.528,3.1901,0.5094,8.6275
147.536,3.1884,0.5095,8.629
147.583,3.1901,0.5058,8.6257
147.624,3.191,0.5074,8.6257
147.663,3.1907,0.5061,8.6252
147.693,3.1911,0.5057,8.6248
147.726,3.1903,0.5076,8.6265
147.778,3.1903,0.5074,8.6263
147.811,3.1869,0.5101,8.6306
147.841,3.1874,0.5097,8.63
147.869,3.1859,0.5102,8.6315
147.918,3.1859,0.5102,8.6315
147.924,3.1857,0.5104,8.6318
147.945,3.1835,0.5101,8.6335
147.982,3.1841,0.5102,8.633
148.006,3.1827,0.5117,8.6351
148.056,3.1828,0.5113,8.6347
148.103,3.1821,0.5135,8.6365
148.121,3.1822,0.5133,8.6363
148.124,3.1815,0.5148,8.6377
148.184,3.1812,0.5151,8.6381
148.201,3.1802,0.5158,8.6393
148.233,3.1791,0.516,8.6403
148.258,3.18,0.5158,8.6395
148.288,3.1782,0.5161,8.6411
148.337,3.1785,0.5161,8.6409
148.366,3.1774,0.5161,8.6418
148.386,3.1775,0.5161,8.6417
148.406,3.177,0.5161,8.6422
148.462,3.1769,0.516,8.6423
148.49,3.1762,0.5159,8.6428
148.532,3.1761,0.5159,8.6428
148.545,3.1755,0.5157,8.6433
148.565,3.1748,0.5155,8.6438
148.598,3.1751,0.5156,8.6436
148.628,3.1741,0.5155,8.6444
148.664,3.1741,0.5155,8.6444
148.688,3.1736,0.5155,8.6448
148.744,3.1734,0.5154,8.6449
148.777,3.1732,0.5153,8.645
148.794,3.1734,0.5151,8.6448
148.816,3.1732,0.5152,8.645
148.855,3.1738,0.5152,8.6445
148.897,3.1735,0.5151,8.6447
148.957,3.1747,0.5163,8.6443
148.975,3.1742,0.5157,8.6444
149.024,3.1748,0.5166,8.6443
149.05,3.1747,0.5173,8.6447
149.101,3.1747,0.5173,8.6447
149.146,3.1739,0.5171,8.6453
149.167,3.1741,0.5172,8.6452
149.199,3.1737,0.5166,8.6453
149.225,3.1737,0.5167,8.6453
149.245,3.1737,0.5164,8.6452
149.287,3.1738,0.5166,8.6452
149.302,3.1737,0.5165,8.6452
149.348,3.1739,0.517,8.6453
149.396,3.1739,0.5168,8.6452
149.428,3.1737,0.5171,8.6455
149.449,3.1738,0.5171,8.6455
149.475,3.1735,0.5171,8.6457
149.504,3.1735,0.5171,8.6457
149.535,3.1735,0.517,8.6457
149.573,3.1735,0.517,8.6456
149.59,3.1737,0.5171,8.6456
149.618,3.1737,0.5171,8.6456
149.647,3.1737,0.5171,8.6455
149.677,3.1736,0.5172,8.6457
149.721,3.1736,0.5172,8.6456
149.752,3.1735,0.5172,8.6458
149.801,3.1735,0.5172,8.6458
149.841,3.1736,0.5173,8.6457
149.87,3.1736,0.5173,8.6457
149.907,3.1735,0.5173,8.6458
149.925,3.1735,0.5173,8.6458
149.942,3.1736,0.5173,8.6458
149.99,3.1734,0.5173,8.6459
150.013,3.1735,0.5173,8.6458
150.042,3.1734,0.5174,8.6459
150.083,3.1734,0.5173,8.6459
150.132,3.1735,0.5175,8.6459
150.161,3.1735,0.5174,8.6459
150.198,3.1735,0.5175,8.6459
150.211,3.1735,0.5175,8.6459
150.244,3.1735,0.5175,8.6459
150.286,3.1735,0.5175,8.6459
150.315,3.1735,0.5175,8.6459
150.374,3.1735,0.5175,8.6459
150.392,3.1735,0.5175,8.6459
150.426,3.1735,0.5175,8.6459
150.467,3.1736,0.5176,8.6459
150.493,3.1736,0.5176,8.6459
150.53,3.1736,0.5176,8.6459
150.554,3.1736,0.5176,8.6459
150.59,3.1736,0.5176,8.6459
150.64,3.1736,0.5176,8.6459
150.671,3.1736,0.5177,8.6459
150.699,3.1737,0.5177,8.6459
150.726,3.1737,0.5177,8.6459
150.778,3.1737,0.5177,8.6459
150.787,3.1737,0.5177,8.6459
150.849,3.1737,0.5177,8.6459
150.909,3.1737,0.5178,8.6459
150.913,3.1737,0.5178,8.6459
150.943,3.1737,0.5177,8.6459
150.975,3.1737,0.5177,8.6459
151.019,3.1737,0.5177,8.6459
151.052,3.1737,0.5177,8.6459
151.071,3.1736,0.5177,8.6459
151.092,3.1737,0.5177,8.6459
151.126,3.1736,0.5177,8.6459
151.158,3.1737,0.5177,8.6459
151.204,3.1737,0.5177,8.6459
151.261,3.1737,0.5177,8.6459
151.27,3.1737,0.5177,8.6459
151.291,3.1737,0.5177,8.6459
151.334,3.1737,0.5177,8.6459
151.356,3.1737,0.5177,8.6459
151.381,3.1737,0.5178,8.6459
151.411,3.1737,0.5178,8.6459
151.427,3.1737,0.5178,8.6459
151.469,3.1737,0.5178,8.6459
151.502,3.1737,0.5178,8.6459
151.53,3.1737,0.5178,8.6459
151.553,3.1737,0.5178,8.6459
151.602,3.1737,0.5178,8.6459
151.626,3.1737,0.5178,8.6459
151.65,3.1737,0.5178,8.6459
151.669,3.1737,0.5178,8.6459
151.701,3.1737,0.5178,8.6459
151.77,3.1737,0.5178,8.6459
151.808,3.1738,0.5179,8.6459
151.824,3.1738,0.5179,8.6459
151.851,3.1737,0.5179,8.6459
151.896,3.1737,0.5179,8.6459
151.929,3.1737,0.5179,8.646
151.956,3.1737,0.5179,8.646
151.998,3.1737,0.5179,8.6459
152.007,3.1738,0.5179,8.6459
152.034,3.1737,0.5179,8.6459
152.094,3.1738,0.518,8.6459
152.11,3.1738,0.5179,8.6459
152.158,3.1738,0.518,8.6459
152.19,3.1738,0.518,8.6459
152.223,3.1738,0.5179,8.6459
152.247,3.1738,0.5179,8.6459
152.29,3.1738,0.5179,8.6458
152.312,3.1738,0.5179,8.6459
152.35,3.1738,0.5179,8.6459
152.394,3.1738,0.5179,8.6459
152.419,3.1738,0.518,8.6459
152.44,3.1738,0.518,8.6459
152.464,3.1738,0.518,8.6459
152.48,3.1738,0.518,8.6459
152.557,3.1738,0.518,8.6459
152.601,3.1738,0.518,8.6459
152.615,3.1738,0.518,8.6459
152.641,3.1738,0.518,8.6459
152.669,3.1738,0.518,8.6459
152.703,3.1739,0.5181,8.6459
152.746,3.1739,0.5181,8.6459
152.79,3.1739,0.5181,8.6459
152.822,3.1739,0.5181,8.6459
152.855,3.1739,0.518,8.6458
152.885,3.1739,0.5181,8.6458
152.925,3.174,0.518,8.6457
152.951,3.174,0.518,8.6457
152.979,3.1741,0.5181,8.6457
153.01,3.1741,0.5181,8.6457
153.039,3.174,0.5181,8.6458
153.071,3.174,0.5181,8.6458
153.102,3.174,0.5181,8.6458
153.128,3.1741,0.5181,8.6457
153.148,3.1741,0.5181,8.6458
153.182,3.1741,0.5181,8.6457
153.221,3.1741,0.5181,8.6457
153.253,3.174,0.5181,8.6458
153.289,3.174,0.5181,8.6457
153.317,3.174,0.5181,8.6458
153.35,3.174,0.5181,8.6458
153.361,3.174,0.5182,8.6458
153.403,3.174,0.5182,8.6458
153.429,3.174,0.5182,8.6458
153.466,3.174,0.5182,8.6458
153.5,3.174,0.5182,8.6458
153.535,3.174,0.5182,8.6458
153.578,3.174,0.5182,8.6458
153.613,3.174,0.5182,8.6458
153.65,3.174,0.5182,8.6458
153.688,3.174,0.5182,8.6458
153.717,3.174,0.5182,8.6458
153.75,3.174,0.5182,8.6458
153.777,3.174,0.5182,8.6458
153.793,3.1741,0.5182,8.6458
153.827,3.174,0.5182,8.6458
153.865,3.1741,0.5182,8.6458
153.9,3.174,0.5182,8.6458
153.92,3.174,0.5182,8.6458
153.951,3.174,0.5182,8.6459
153.993,3.174,0.5182,8.6459
154.003,3.1741,0.5182,8.6458
154.047,3.1741,0.5183,8.6458
154.064,3.1741,0.5183,8.6458
154.091,3.1741,0.5183,8.6458
154.119,3.1741,0.5183,8.6458
154.151,3.174,0.5182,8.6458
154.188,3.174,0.5182,8.6458
154.229,3.174,0.5181,8.6458
154.257,3.174,0.5181,8.6458
154.301,3.174,0.5181,8.6457
154.345,3.174,0.5181,8.6457
154.37,3.174,0.5181,8.6458
154.404,3.174,0.5181,8.6458
154.42,3.174,0.5181,8.6458
154.446,3.174,0.5181,8.6458
154.477,3.174,0.5181,8.6458
154.508,3.174,0.5181,8.6458
154.561,3.174,0.5181,8.6458
154.583,3.174,0.518,8.6458
154.608,3.1739,0.518,8.6458
154.636,3.1739,0.518,8.6458
154.686,3.1739,0.518,8.6459
154.737,3.1739,0.518,8.6458
154.758,3.1739,0.5181,8.6459
154.793,3.1739,0.5181,8.6459
154.808,3.1739,0.5181,8.6459
154.83,3.1739,0.5181,8.6459
154.866,3.1739,0.5181,8.6459
154.88,3.1751,0.5187,8.6452
154.912,3.1739,0.5181,8.6459
154.951,3.1743,0.5194,8.6462
154.963,3.1743,0.519,8.646
155.002,3.1752,0.5218,8.6467
155.043,3.1752,0.5217,8.6466
155.055,3.1755,0.5248,8.6479
155.1,3.1756,0.5253,8.6481
155.121,3.1759,0.5274,8.6489
155.149,3.1762,0.5296,8.6497
155.181,3.176,0.5286,8.6494
155.206,3.1768,0.5312,8.6501
155.236,3.1765,0.5304,8.6499
155.269,3.1776,0.5327,8.6502
155.323,3.1777,0.5331,8.6502
155.369,3.1788,0.5346,8.6501
155.4,3.1789,0.5347,8.6501
155.456,3.1806,0.5359,8.6492
155.472,3.1804,0.5357,8.6493
155.507,3.1815,0.5371,8.649
155.568,3.1815,0.5371,8.6491
155.588,3.1826,0.5384,8.6487
155.612,3.1824,0.5381,8.6488
155.647,3.1836,0.539,8.6483
155.68,3.1834,0.539,8.6483
155.707,3.1845,0.5391,8.6474
155.738,3.1846,0.5391,8.6474
155.768,3.1858,0.5389,8.6462
155.826,3.186,0.5389,8.6461
155.848,3.1875,0.538,8.6444
155.879,3.1874,0.5381,8.6445
155.9,3.1884,0.537,8.6431
155.925,3.1892,0.5357,8.6418
155.945,3.1885,0.5368,8.6429
155.99,3.1897,0.5341,8.6405
156.021,3.1894,0.5349,8.6411
156.055,3.1901,0.5325,8.6393
156.086,3.1901,0.5327,8.6394
156.116,3.1906,0.5309,8.638
156.154,3.1907,0.5307,8.6379
156.179,3.191,0.5291,8.6368
156.2,3.1912,0.5275,8.6358
156.225,3.1911,0.5285,8.6364
156.264,3.1917,0.5263,8.6347
156.308,3.1912,0.527,8.6355
156.347,3.1926,0.5244,8.633
156.376,3.1925,0.5247,8.6332
156.403,3.191,0.5232,8.6338
156.458,3.1906,0.523,8.634
156.497,3.1873,0.5231,8.6369
156.535,3.1876,0.523,8.6366
156.558,3.1855,0.5245,8.6392
156.588,3.1855,0.5245,8.6392
156.614,3.1844,0.5251,8.6404
156.652,3.1844,0.5251,8.6404
156.69,3.1838,0.5249,8.6408
156.749,3.1838,0.5249,8.6408
156.78,3.1834,0.5245,8.641
156.797,3.1834,0.5246,8.641
156.834,3.1827,0.5245,8.6416
156.868,3.1828,0.5245,8.6415
156.899,3.1818,0.5246,8.6425
156.928,3.1818,0.5246,8.6424
156.939,3.181,0.5249,8.6432
156.979,3.1804,0.5252,8.6439
156.995,3.1807,0.525,8.6435
157.038,3.18,0.5253,8.6443
157.079,3.1801,0.5253,8.6442
157.112,3.1797,0.5253,8.6445
157.149,3.1797,0.5253,8.6445
157.176,3.1795,0.5252,8.6447
157.207,3.1795,0.5252,8.6447
157.232,3.1794,0.5251,8.6447
157.261,3.1793,0.525,8.6447
157.288,3.1794,0.5251,8.6447
157.322,3.1791,0.5249,8.6449
157.353,3.1792,0.525,8.6448
157.388,3.1789,0.5249,8.6451
157.427,3.1789,0.5249,8.6451
157.469,3.1786,0.5251,8.6453
157.495,3.1787,0.525,8.6453
157.542,3.1786,0.5252,8.6455
157.563,3.1786,0.5252,8.6455
157.583,3.1785,0.5252,8.6456
157.601,3.1785,0.5253,8.6456
157.633,3.1785,0.5253,8.6456
157.645,3.1784,0.5253,8.6457
157.699,3.1784,0.5253,8.6457
157.718,3.1782,0.5253,8.6458
157.771,3.1782,0.5253,8.6459
157.81,3.1781,0.5253,8.6459
157.876,3.1781,0.5253,8.6459
157.906,3.1778,0.5253,8.6462
157.935,3.1779,0.5253,8.6461
157.975,3.1777,0.5254,8.6464
158.001,3.1777,0.5254,8.6463
158.029,3.1777,0.5255,8.6463
158.044,3.1777,0.5255,8.6463
158.091,3.1777,0.5254,8.6463
158.137,3.1777,0.5254,8.6463
158.165,3.1777,0.5258,8.6465
158.19,3.1778,0.5258,8.6464
158.219,3.178,0.5253,8.6461
158.23,3.1792,0.5271,8.6459
158.255,3.1783,0.5256,8.6459
158.288,3.181,0.5283,8.6449
158.32,3.1805,0.528,8.6452
158.355,3.1823,0.5292,8.6443
158.394,3.1824,0.5292,8.6442
158.426,3.1831,0.5301,8.6441
158.479,3.1832,0.5303,8.6441
158.529,3.1834,0.5322,8.6449
158.563,3.1834,0.5324,8.645
158.605,3.1829,0.5358,8.6472
158.651,3.183,0.5353,8.6468
158.674,3.1832,0.5367,8.6474
158.702,3.1831,0.5364,8.6473
158.727,3.1831,0.5365,8.6473
158.746,3.1831,0.5366,8.6474
158.772,3.1827,0.5355,8.6472
158.832,3.1826,0.5353,8.6472
158.865,3.1822,0.5347,8.6472
158.892,3.1822,0.5347,8.6472
158.929,3.1816,0.5343,8.6475
158.954,3.1816,0.5343,8.6475
158.975,3.1809,0.5341,8.648
159.025,3.1809,0.5342,8.6481
159.055,3.1803,0.5343,8.6486
159.073,3.1798,0.5345,8.6492
159.094,3.1801,0.5344,8.6488
159.122,3.1794,0.5347,8.6496
159.163,3.1795,0.5347,8.6495
159.192,3.1793,0.5349,8.6498
159.246,3.1793,0.5349,8.6498
159.286,3.1791,0.535,8.65
159.318,3.1791,0.535,8.65
159.35,3.179,0.5351,8.6502
159.397,3.179,0.5351,8.6502
159.42,3.1788,0.5351,8.6503
159.434,3.1786,0.5352,8.6505
159.459,3.1788,0.5351,8.6504
159.487,3.1784,0.5351,8.6506
159.514,3.1785,0.5351,8.6506
159.553,3.1783,0.5349,8.6507
159.576,3.1783,0.5349,8.6507
159.606,3.1782,0.5347,8.6507
159.65,3.1782,0.5347,8.6507
159.675,3.178,0.5345,8.6507
159.696,3.1779,0.5343,8.6507
159.714,3.178,0.5344,8.6507
159.76,3.1778,0.5343,8.6508
159.79,3.1778,0.5343,8.6508
159.831,3.1778,0.5343,8.6508
159.87,3.1778,0.5343,8.6508
159.879,3.1777,0.5343,8.6509
159.908,3.1776,0.5342,8.6509
159.949,3.1776,0.5343,8.651
159.981,3.1774,0.5341,8.651
160.006,3.1774,0.5341,8.651
160.042,3.1773,0.5339,8.651
160.072,3.1773,0.5338,8.651
160.091,3.1773,0.5339,8.651
160.156,3.1772,0.5338,8.651
160.197,3.1771,0.5337,8.6511
160.25,3.1771,0.5337,8.6511
160.285,3.177,0.5338,8.6512
160.295,3.177,0.5338,8.6512
160.325,3.177,0.5338,8.6512
160.347,3.1769,0.5338,8.6513
160.394,3.177,0.5338,8.6513
160.397,3.1768,0.5337,8.6513
160.445,3.1769,0.5337,8.6513
160.476,3.1768,0.5336,8.6513
160.512,3.1768,0.5336,8.6513
160.546,3.1768,0.5335,8.6512
160.58,3.1768,0.5335,8.6512
160.611,3.1768,0.5334,8.6512
160.654,3.1767,0.5334,8.6512
160.688,3.1766,0.5334,8.6513
160.722,3.1766,0.5334,8.6513
160.75,3.1766,0.5333,8.6513
160.781,3.1766,0.5333,8.6513
160.811,3.1766,0.5332,8.6513
160.854,3.1766,0.5332,8.6513
160.88,3.1764,0.531,8.6503
160.925,3.1765,0.5311,8.6502
160.949,3.1774,0.5322,8.65
160.967,3.1788,0.5338,8.6497
161.014,3.1777,0.5326,8.65
161.043,3.1804,0.5349,8.6489
161.077,3.18,0.5346,8.6491
161.111,3.1822,0.5356,8.6477
161.152,3.1824,0.5356,8.6476
161.181,3.1838,0.5358,8.6464
161.21,3.1836,0.5358,8.6465
161.249,3.1849,0.5354,8.6452
161.283,3.1848,0.5355,8.6454
161.309,3.1855,0.5344,8.6442
161.355,3.1855,0.5345,8.6442
161.387,3.1862,0.5334,8.6431
161.412,3.1856,0.5338,8.6438
161.442,3.1868,0.5323,8.642
161.478,3.1868,0.5322,8.642
161.484,3.1859,0.5318,8.6425
161.519,3.1832,0.531,8.6444
161.539,3.1848,0.5313,8.6433
161.577,3.182,0.5321,8.646
161.626,3.1823,0.5316,8.6455
161.653,3.1807,0.5351,8.6487
161.695,3.1806,0.5353,8.6489
161.7,3.1803,0.5371,8.65
161.722,3.1801,0.5379,8.6506
161.778,3.1801,0.5375,8.6504
161.812,3.1799,0.5383,8.651
161.834,3.1799,0.5382,8.651
161.854,3.1796,0.5386,8.6514
161.902,3.1796,0.5387,8.6515
161.938,3.1795,0.5393,8.6519
161.983,3.1795,0.5394,8.6519
162.009,3.1792,0.5401,8.6525
162.046,3.1792,0.5401,8.6526
162.082,3.1788,0.5406,8.6531
162.097,3.1786,0.541,8.6535
162.127,3.1788,0.5407,8.6532
162.185,3.1785,0.5412,8.6537
162.216,3.178,0.5419,8.6545
162.262,3.1779,0.5419,8.6546
162.276,3.1776,0.5425,8.6552
162.301,3.1772,0.5429,8.6557
162.326,3.1775,0.5425,8.6552
162.368,3.1771,0.543,8.6559
162.393,3.1771,0.543,8.6558
162.433,3.1769,0.543,8.656
162.466,3.177,0.543,8.656
162.5,3.1768,0.5431,8.6561
162.548,3.1768,0.5431,8.6561
162.583,3.1769,0.5433,8.6562
162.617,3.1769,0.5433,8.6562
162.659,3.1769,0.5434,8.6563
162.678,3.1769,0.5434,8.6563
162.691,3.1768,0.5435,8.6563
162.721,3.1767,0.5435,8.6564
162.774,3.1768,0.5435,8.6564
162.812,3.1766,0.5436,8.6565
162.832,3.1767,0.5436,8.6565
162.885,3.1766,0.5436,8.6566
162.895,3.1766,0.5436,8.6566
162.921,3.1765,0.5436,8.6567
162.951,3.1765,0.5436,8.6567
162.963,3.1765,0.5436,8.6567
163.011,3.1765,0.5436,8.6567
163.049,3.1765,0.5436,8.6567
163.071,3.1765,0.5437,8.6567
163.151,3.1765,0.5437,8.6567
163.172,3.1764,0.5437,8.6568
163.195,3.1764,0.5437,8.6568
163.244,3.1765,0.5437,8.6567
163.27,3.18,0.5439,8.6538
163.295,3.1837,0.5434,8.6504
163.319,3.18,0.5439,8.6538
163.349,3.1907,0.543,8.6442
163.375,3.1855,0.5433,8.6487
163.404,3.2011,0.5423,8.6349
163.447,3.1972,0.5425,8.6383
163.47,3.2093,0.5412,8.6273
163.517,3.209,0.5412,8.6275
163.551,3.2199,0.5388,8.6169
163.59,3.22,0.5388,8.6168
163.621,3.2372,0.5366,8.6009
163.655,3.2399,0.5362,8.5985
163.667,3.2545,0.5333,8.5844
163.705,3.2738,0.5303,8.5664
163.733,3.267,0.531,8.5725
163.744,3.2939,0.5264,8.5471
163.806,3.2923,0.5268,8.5487
163.826,3.3167,0.5212,8.5249
163.848,3.3295,0.5185,8.5126
163.873,3.3187,0.521,8.5231
163.915,3.346,0.5179,8.4981
163.957,3.338,0.518,8.5051
163.992,3.3619,0.518,8.4846
164.01,3.3567,0.518,8.489
164.037,3.3741,0.518,8.4742
164.1,3.3741,0.518,8.4742
164.13,3.3868,0.5196,8.4641
164.15,3.3857,0.519,8.4648
164.185,3.3891,0.5214,8.4631
164.226,3.389,0.5215,8.4632
164.259,3.3872,0.522,8.465
164.287,3.3873,0.5221,8.465
164.32,3.3842,0.522,8.4676
164.358,3.3837,0.522,8.468
164.388,3.3816,0.5216,8.4696
164.443,3.3817,0.5216,8.4695
164.477,3.381,0.5218,8.4702
164.523,3.381,0.5217,8.4702
164.544,3.3804,0.5223,8.471
164.576,3.3806,0.5221,8.4708
164.615,3.3799,0.5225,8.4715
164.634,3.38,0.5224,8.4714
164.659,3.3804,0.5221,8.4709
164.728,3.3806,0.5221,8.4708
164.74,3.3856,0.5218,8.4663
164.77,3.3851,0.5219,8.4668
164.791,3.3926,0.5217,8.4602
164.822,3.4007,0.5211,8.4531
164.849,3.3934,0.5216,8.4596
164.876,3.4122,0.52,8.4427
164.914,3.4066,0.5206,8.4478
164.948,3.4231,0.5187,8.4327
164.977,3.4215,0.5189,8.4342
165.014,3.4355,0.5181,8.4218
165.051,3.439,0.5182,8.4189
165.07,3.4536,0.5184,8.4065
165.097,3.4723,0.5158,8.3892
165.126,3.4643,0.5173,8.3968
165.17,3.491,0.5131,8.3719
165.204,3.4876,0.5132,8.3749
165.238,3.5132,0.5095,8.3511
165.273,3.5177,0.5076,8.3464
165.323,3.5383,0.5015,8.3256
165.349,3.5383,0.5015,8.3256
165.398,3.558,0.4966,8.3063
165.412,3.5569,0.4969,8.3074
165.437,3.5777,0.4935,8.2879
165.472,3.5809,0.4929,8.2849
165.489,3.5982,0.4945,8.2711
165.517,3.6119,0.4945,8.2595
165.545,3.6048,0.4935,8.2649
165.586,3.6246,0.4971,8.25
165.619,3.6222,0.4967,8.2518
165.646,3.627,0.4977,8.2483
165.692,3.6278,0.4978,8.2477
165.712,3.6372,0.4965,8.2391
165.73,3.6391,0.4951,8.2367
165.756,3.6377,0.4964,8.2386
165.797,3.6404,0.494,8.235
165.824,3.6401,0.4941,8.2353
165.868,3.6397,0.4946,8.236
165.907,3.6398,0.4945,8.2358
165.946,3.6388,0.4953,8.2371
165.968,3.6389,0.4952,8.2369
166.022,3.6384,0.4955,8.2375
166.056,3.6384,0.4954,8.2374
166.105,3.6387,0.4953,8.2371
166.12,3.6386,0.4954,8.2373
166.172,3.639,0.4954,8.2369
166.209,3.6389,0.4953,8.237
166.231,3.639,0.4954,8.237
166.284,3.639,0.4954,8.237
166.298,3.6414,0.4948,8.2346
166.31,3.641,0.4949,8.235
166.344,3.6442,0.4939,8.2317
166.39,3.6443,0.494,8.2317
166.422,3.6525,0.494,8.2248
166.466,3.6542,0.4939,8.2233
166.504,3.6701,0.4928,8.2093
166.533,3.6681,0.493,8.211
166.556,3.6819,0.4913,8.1984
166.58,3.689,0.4897,8.1916
166.608,3.6827,0.4912,8.1977
166.64,3.6998,0.4881,8.1816
166.683,3.6949,0.4888,8.1861
166.705,3.7176,0.4861,8.1655
166.757,3.7151,0.4863,8.1678
166.815,3.7504,0.4809,8.135
166.827,3.7403,0.4827,8.1445
166.854,3.7702,0.4764,8.1159
166.924,3.7642,0.4788,8.1222
166.938,3.7943,0.4695,8.0919
166.968,3.7887,0.4708,8.0973
167.069,3.816,0.4658,8.0716
167.072,3.8132,0.4663,8.0742
167.078,3.8423,0.463,8.0479
167.1,3.8353,0.4637,8.0542
167.13,3.8615,0.4622,8.0314
167.158,3.8592,0.4621,8.0333
167.187,3.8855,0.4627,8.0115
167.214,3.8798,0.4625,8.0162
167.239,3.8901,0.4654,8.0091
167.282,3.8916,0.4654,8.0078
167.293,3.8966,0.464,8.0029
167.33,3.8978,0.4634,8.0016
167.355,3.8982,0.4634,8.0012
167.386,3.8951,0.4643,8.0042
167.423,3.8954,0.4642,8.0039
167.449,3.8928,0.4656,8.0069
167.502,3.8927,0.4657,8.007
167.529,3.8923,0.4664,8.0078
167.556,3.8925,0.4667,8.0078
167.582,3.8923,0.4665,8.0078
167.623,3.8924,0.4668,8.0079
167.659,3.8925,0.4668,8.0078
167.695,3.8919,0.4668,8.0083
167.728,3.892,0.4668,8.0083
167.748,3.8913,0.4668,8.0089
167.785,3.8913,0.4668,8.0089
167.808,3.8908,0.467,8.0094
167.833,3.8906,0.4673,8.0096
167.852,3.8907,0.467,8.0095
167.895,3.8922,0.4681,8.0087
167.948,3.8915,0.4672,8.0088
167.99,3.8975,0.4698,8.0052
168.013,3.897,0.4697,8.0056
168.035,3.9031,0.4701,8.0008
168.097,3.9031,0.4701,8.0008
168.126,3.9168,0.4692,7.9888
168.159,3.9149,0.4693,7.9904
168.209,3.9322,0.4682,7.9753
168.235,3.9274,0.4685,7.9795
168.263,3.9479,0.469,7.9626
168.277,3.9447,0.4688,7.9652
168.314,3.9659,0.469,7.9476
168.357,3.9635,0.4688,7.9494
168.39,3.989,0.4658,7.9264
168.449,3.9914,0.4652,7.9241
168.484,4.0304,0.4567,7.8869
168.506,4.0167,0.4607,7.9006
168.534,4.0472,0.4517,7.8701
168.57,4.0459,0.4521,7.8714
168.61,4.0644,0.4476,7.8535
168.632,4.0588,0.4482,7.8585
168.659,4.0833,0.4454,7.8366
168.676,4.105,0.444,7.8177
168.699,4.0872,0.4449,7.833
168.745,4.1219,0.4463,7.8049
168.768,4.1128,0.4456,7.8121
168.805,4.1354,0.4483,7.7947
168.85,4.1327,0.4475,7.7966
168.867,4.1421,0.4497,7.79
168.922,4.1424,0.4497,7.7897
168.933,4.1512,0.4484,7.7817
168.948,4.154,0.4471,7.7787
168.983,4.1521,0.4479,7.7806
169.028,4.1553,0.445,7.7764
169.052,4.155,0.4453,7.7768
169.089,4.1551,0.4451,7.7767
169.117,4.1551,0.4451,7.7767
169.123,4.1542,0.4457,7.7777
169.16,4.1533,0.446,7.7786
169.189,4.1537,0.4459,7.7782
169.231,4.1528,0.446,7.7791
169.263,4.1529,0.446,7.779
169.297,4.1526,0.4459,7.7791
169.332,4.1526,0.4459,7.7791
169.386,4.1525,0.446,7.7793
169.419,4.1525,0.446,7.7793
169.466,4.1526,0.4462,7.7793
169.498,4.1526,0.4462,7.7793
169.526,4.1525,0.4462,7.7794
169.537,4.1525,0.4462,7.7794
169.571,4.1529,0.4461,7.779
169.598,4.1529,0.4461,7.779
169.614,4.1555,0.4448,7.7761
169.637,4.1591,0.4452,7.7734
169.667,4.1564,0.445,7.7755
169.699,4.1658,0.4461,7.7683
169.753,4.1641,0.4458,7.7696
169.792,4.1766,0.4464,7.7595
169.801,4.1873,0.446,7.7504
169.837,4.1792,0.4463,7.7573
169.882,4.1979,0.4447,7.7409
169.911,4.1941,0.4454,7.7445
169.952,4.2051,0.4443,7.7347
169.977,4.2033,0.4444,7.7363
170.023,4.2233,0.4424,7.7185
170.049,4.2227,0.4425,7.7191
170.081,4.249,0.4393,7.6955
170.111,4.2474,0.4395,7.697
170.161,4.2735,0.4369,7.6739
170.19,4.2682,0.4373,7.6786
170.223,4.2971,0.4302,7.6507
170.249,4.2936,0.4312,7.6542
170.293,4.319,0.4276,7.6311
170.331,4.3114,0.4285,7.6379
170.37,4.3352,0.4278,7.6178
170.403,4.3307,0.4277,7.6215
170.442,4.3533,0.4284,7.6033
170.459,4.3489,0.4282,7.6069
170.495,4.3627,0.4306,7.5968
170.517,4.3608,0.4301,7.5981
170.543,4.3656,0.4317,7.5951
170.582,4.3657,0.4317,7.595
170.617,4.3647,0.4314,7.5957
170.661,4.3644,0.4313,7.5958
170.707,4.3615,0.4305,7.5978
170.749,4.3616,0.4305,7.5977
170.792,4.3604,0.4302,7.5985
170.806,4.3605,0.4302,7.5984
170.869,4.3597,0.4342,7.6013
170.872,4.3598,0.4338,7.6011
170.908,4.3584,0.4371,7.604
170.93,4.3585,0.4371,7.604
170.947,4.3597,0.4381,7.6035
170.971,4.3607,0.4383,7.6029
171.004,4.36,0.4384,7.6035
171.026,4.3644,0.4379,7.5996
171.082,4.3642,0.4379,7.5998
171.127,4.3729,0.4377,7.5925
171.15,4.3733,0.4377,7.5922
171.165,4.383,0.4377,7.5842
171.192,4.3905,0.437,7.5776
171.215,4.3853,0.4377,7.5823
171.276,4.3998,0.4365,7.5696
171.285,4.3952,0.4367,7.5736
171.313,4.4144,0.436,7.5574
171.359,4.4109,0.436,7.5603
171.397,4.434,0.4355,7.5411
171.429,4.4357,0.4355,7.5397
171.456,4.4565,0.4342,7.5219
171.49,4.4578,0.4341,7.5207
171.513,4.4777,0.4322,7.5034
171.538,4.5007,0.4292,7.4829
171.572,4.4855,0.4318,7.4968
171.608,4.5184,0.4245,7.4657
171.634,4.5151,0.4251,7.4688
171.667,4.5364,0.4218,7.4495
171.702,4.5349,0.4219,7.4508
171.744,4.5557,0.4208,7.4331
171.783,4.5561,0.4208,7.4328
171.816,4.5808,0.4198,7.4121
171.861,4.5826,0.4195,7.4105
171.897,4.6032,0.4194,7.3937
171.926,4.6022,0.4194,7.3945
171.966,4.6114,0.4208,7.3878
172.009,4.6117,0.4207,7.3874
172.034,4.6157,0.4203,7.384
172.061,4.6156,0.4203,7.3841
172.094,4.6138,0.4205,7.3857
172.134,4.6133,0.4205,7.3861
172.162,4.611,0.4204,7.3879
172.199,4.6111,0.4204,7.3879
172.248,4.6104,0.4203,7.3883
172.279,4.6104,0.4203,7.3883
172.307,4.6103,0.4206,7.3886
172.351,4.6103,0.4207,7.3887
172.389,4.6096,0.4214,7.3896
172.412,4.6097,0.4213,7.3895
172.445,4.6103,0.4217,7.3892
172.486,4.6103,0.4217,7.3892
172.508,4.6132,0.4223,7.3872
172.534,4.6182,0.4224,7.3832
172.566,4.6143,0.4223,7.3863
172.616,4.6249,0.422,7.3776
172.63,4.6215,0.4222,7.3804
172.657,4.6344,0.421,7.3692
172.696,4.6333,0.4212,7.3702
172.719,4.6463,0.4199,7.359
172.76,4.6462,0.4199,7.3591
172.792,4.6625,0.4197,7.3458
172.824,4.6617,0.4197,7.3464
172.863,4.6799,0.4198,7.3317
172.908,4.6842,0.4196,7.3281
172.924,4.7069,0.4161,7.3077
172.962,4.709,0.4158,7.3058
173.006,4.7309,0.4135,7.2867
173.036,4.7504,0.4081,7.2679
173.062,4.7329,0.4129,7.2847
173.121,4.7639,0.4043,7.2547
173.159,4.7861,0.3989,7.2336
173.18,4.7812,0.4,7.2382
173.216,4.8039,0.3986,7.2191
173.247,4.8018,0.3985,7.2207
173.278,4.8263,0.3987,7.2011
173.31,4.8278,0.3986,7.1998
173.354,4.8495,0.4025,7.1847
173.381,4.8478,0.4021,7.1859
173.428,4.8575,0.4052,7.18
173.443,4.864,0.4059,7.1752
173.459,4.8574,0.4052,7.18
173.502,4.8689,0.4044,7.1704
173.54,4.8675,0.4047,7.1716
173.581,4.8702,0.4022,7.168
173.602,4.8697,0.4032,7.169
173.631,4.8697,0.4024,7.1685
173.663,4.8698,0.4024,7.1684
173.689,4.8689,0.4026,7.1692
173.738,4.8689,0.4026,7.1693
173.767,4.8674,0.4028,7.1706
173.815,4.8673,0.4028,7.1706
173.861,4.8663,0.4025,7.1713
173.887,4.8663,0.4026,7.1713
173.908,4.8657,0.4025,7.1718
173.93,4.8654,0.4025,7.172
173.958,4.8656,0.4025,7.1718
173.986,4.8656,0.4025,7.1718
174.02,4.8654,0.4025,7.172
174.059,4.8672,0.4004,7.1693
174.084,4.8671,0.4007,7.1696
174.096,4.8713,0.4007,7.1662
174.143,4.8711,0.4006,7.1663
174.166,4.879,0.4011,7.1603
174.223,4.8811,0.4013,7.1587
174.255,4.8912,0.4016,7.1508
174.301,4.8945,0.4014,7.148
174.329,4.9062,0.3998,7.1377
174.368,4.907,0.3996,7.1369
174.411,4.9243,0.397,7.1216
174.44,4.9224,0.3973,7.1233
174.458,4.9436,0.3946,7.1047
174.487,4.9609,0.3925,7.0897
174.517,4.946,0.3943,7.1026
174.573,4.9699,0.3912,7.0817
174.612,4.9972,0.3865,7.0571
174.639,5.0163,0.3815,7.0389
174.655,4.9987,0.386,7.0556
174.693,5.0334,0.3786,7.0235
174.718,5.0235,0.38,7.0323
174.747,5.0517,0.377,7.008
174.814,5.0471,0.3774,7.0119
174.85,5.0775,0.3748,6.9862
174.863,5.0714,0.3753,6.9913
174.902,5.0955,0.3744,6.9717
174.93,5.0981,0.3744,6.9697
174.967,5.1172,0.3764,6.9558
174.997,5.1145,0.3763,6.9579
175.011,5.1204,0.3782,6.9543
175.066,5.1211,0.3781,6.9537
175.095,5.1239,0.3777,6.9513
175.142,5.1237,0.3778,6.9515
175.206,5.1197,0.3795,6.9557
175.223,5.1211,0.3789,6.9542
175.256,5.119,0.3799,6.9565
175.281,5.1191,0.3798,6.9564
175.311,5.119,0.3801,6.9566
175.361,5.119,0.3801,6.9566
175.396,5.1189,0.3802,6.9568
175.424,5.1189,0.3802,6.9568
175.487,5.1186,0.3803,6.9571
175.497,5.1186,0.3803,6.9571
175.512,5.1183,0.3804,6.9573
175.573,5.1183,0.3804,6.9574
175.647,5.1178,0.3807,6.958
175.665,5.1179,0.3806,6.9578
175.738,5.1194,0.3808,6.9567
175.778,5.1209,0.3811,6.9557
175.819,5.1272,0.382,6.9514
175.853,5.1266,0.382,6.9518
175.886,5.1353,0.3818,6.9448
175.916,5.1348,0.3818,6.9452
175.944,5.1442,0.3812,6.9375
176.025,5.1478,0.381,6.9344
176.047,5.1558,0.3809,6.9281
176.09,5.1573,0.3811,6.927
176.115,5.1864,0.3816,6.9045
176.141,5.1744,0.3816,6.9139
176.233,5.1975,0.3807,6.8951
176.248,5.226,0.3779,6.871
176.263,5.2265,0.3778,6.8706
176.292,5.2441,0.3738,6.8543
176.325,5.246,0.3734,6.8526
176.355,5.263,0.3715,6.8381
176.412,5.2651,0.3714,6.8364
176.441,5.2849,0.3644,6.8166
176.463,5.2829,0.3654,6.8187
176.479,5.2946,0.3636,6.8085
176.527,5.2955,0.3637,6.8078
176.563,5.3065,0.3651,6.8001
176.576,5.3181,0.3663,6.7918
176.61,5.3118,0.3659,6.7964
176.648,5.3263,0.3683,6.7867
176.672,5.3246,0.3678,6.7877
176.692,5.3311,0.3679,6.7827
176.746,5.3314,0.368,6.7825
176.778,5.3319,0.3692,6.7829
176.817,5.3319,0.3692,6.7829
176.846,5.3303,0.3707,6.785
176.887,5.3285,0.3709,6.7866
176.905,5.3301,0.3708,6.7853
176.95,5.3279,0.3709,6.7871
176.978,5.3267,0.3709,6.788
176.992,5.3264,0.3709,6.7882
177.05,5.3265,0.3709,6.7882
177.11,5.3262,0.3709,6.7884
177.136,5.3257,0.3711,6.7889
177.206,5.3257,0.3711,6.7889
177.226,5.3246,0.3712,6.7899
177.239,5.3248,0.3712,6.7897
177.267,5.3237,0.3713,6.7906
177.302,5.3237,0.3713,6.7906
177.327,5.324,0.3713,6.7904
177.354,5.3255,0.3699,6.7883
177.373,5.3242,0.3713,6.7902
177.406,5.3293,0.3701,6.7855
177.441,5.3269,0.3698,6.7871
177.505,5.3367,0.3694,6.7792
177.531,5.335,0.3695,6.7807
177.569,5.3477,0.3688,6.7703
177.592,5.3467,0.3688,6.7711
177.614,5.3565,0.3686,6.7633
177.649,5.372,0.3667,6.7501
177.669,5.364,0.368,6.7571
177.692,5.3835,0.3658,6.7407
177.746,5.3809,0.3659,6.7428
177.782,5.4014,0.3653,6.7264
177.807,5.4023,0.3653,6.7257
177.851,5.4262,0.3636,6.7061
177.903,5.4286,0.3636,6.7043
177.938,5.4592,0.3609,6.6789
177.95,5.4494,0.3614,6.6868
178.004,5.4729,0.3552,6.6647
178.023,5.4791,0.3539,6.6592
178.035,5.493,0.3507,6.6464
178.079,5.4888,0.3513,6.65
178.115,5.5074,0.3499,6.6347
178.142,5.5056,0.3499,6.6361
178.192,5.5246,0.3498,6.6215
178.217,5.525,0.3498,6.6212
178.252,5.5352,0.353,6.6154
178.285,5.5352,0.353,6.6154
178.326,5.5404,0.3544,6.6123
178.354,5.5402,0.3543,6.6124
178.381,5.5403,0.3548,6.6126
178.397,5.538,0.3547,6.6143
178.431,5.5396,0.3547,6.6131
178.467,5.5365,0.3541,6.6151
178.508,5.5368,0.3542,6.6149
178.54,5.536,0.3539,6.6153
178.572,5.536,0.3539,6.6153
178.606,5.5362,0.3543,6.6154
178.643,5.5362,0.3544,6.6155
178.669,5.5363,0.3546,6.6156
178.69,5.5362,0.3548,6.6158
178.723,5.5363,0.3547,6.6156
178.769,5.5358,0.3547,6.6161
178.779,5.5359,0.3548,6.616
178.815,5.5354,0.3546,6.6163
178.851,5.5354,0.3546,6.6163
178.875,5.5365,0.3536,6.6148
178.897,5.5395,0.3542,6.6129
178.918,5.5367,0.3538,6.6147
178.959,5.5464,0.3552,6.6083
178.986,5.5431,0.3545,6.6103
179.026,5.5541,0.3565,6.6031
179.08,5.5537,0.3565,6.6034
179.115,5.5676,0.357,6.5931
179.135,5.5654,0.3571,6.5949
179.158,5.5777,0.3561,6.5848
179.2,5.5776,0.3561,6.5849
179.216,5.586,0.3559,6.5784
179.242,5.604,0.3567,6.5651
179.271,5.5923,0.3561,6.5737
179.306,5.6227,0.3548,6.5496
179.337,5.6132,0.3564,6.5579
179.374,5.6429,0.3526,6.5328
179.412,5.6385,0.3529,6.5364
179.437,5.6625,0.3506,6.5166
179.487,5.6645,0.3495,6.5144
179.528,5.6869,0.3442,6.4939
179.558,5.6867,0.344,6.4939
179.582,5.6943,0.3408,6.4861
179.602,5.7118,0.3402,6.4724
179.638,5.7028,0.3404,6.4794
179.66,5.7272,0.3407,6.4611
179.698,5.7217,0.3401,6.4649
179.715,5.7377,0.3426,6.4544
179.771,5.7362,0.342,6.4551
179.795,5.7432,0.3453,6.4521
179.834,5.7433,0.3453,6.452
179.858,5.7465,0.3459,6.4499
179.878,5.7453,0.3462,6.451
179.902,5.7466,0.3459,6.4499
179.938,5.7432,0.3462,6.4526
179.963,5.7443,0.3463,6.4518
180.002,5.742,0.3461,6.4535
180.042,5.7421,0.3462,6.4534
180.067,5.7418,0.3462,6.4536
180.116,5.7418,0.3462,6.4536
180.149,5.7417,0.3466,6.454
180.191,5.7418,0.3466,6.454
180.239,5.7413,0.3469,6.4546
180.272,5.7414,0.3469,6.4545
180.292,5.7408,0.3471,6.455
180.314,5.7408,0.3471,6.455
180.351,5.7404,0.3473,6.4554
180.392,5.7404,0.3473,6.4554
180.428,5.7427,0.3479,6.4541
180.467,5.7427,0.3479,6.4541
180.522,5.7505,0.3492,6.4491
180.536,5.7497,0.349,6.4496
180.584,5.7579,0.3501,6.4441
180.603,5.7571,0.3501,6.4446
180.648,5.7676,0.3493,6.4362
180.672,5.7667,0.3494,6.437
180.714,5.778,0.3486,6.4279
180.745,5.778,0.3486,6.4279
180.781,5.7878,0.3496,6.4213
180.806,5.792,0.3498,6.4182
180.849,5.811,0.3498,6.4039
180.875,5.8158,0.3492,6.4
180.902,5.8356,0.3472,6.3838
180.926,5.8526,0.3458,6.3702
180.952,5.8393,0.3467,6.3807
180.976,5.8621,0.3436,6.3616
181.078,5.8621,0.3436,6.3616
181.088,5.8976,0.3327,6.3279
181.106,5.8889,0.3357,6.3364
181.138,5.9046,0.3298,6.3207
181.163,5.9033,0.3303,6.322
181.191,5.9273,0.3286,6.303
181.236,5.9296,0.3286,6.3013
181.247,5.948,0.328,6.2872
181.271,5.9652,0.3306,6.2763
181.294,5.959,0.3278,6.2789
181.334,5.9795,0.333,6.2673
181.364,5.9759,0.3324,6.2695
181.39,5.9877,0.3353,6.2628
181.436,5.9864,0.3351,6.2636
181.466,5.996,0.3355,6.2568
181.483,6.0033,0.3349,6.2509
181.513,5.9984,0.3355,6.255
181.557,6.0053,0.3335,6.2485
181.603,6.0048,0.3343,6.2495
181.63,6.0057,0.3334,6.2482
181.65,6.0058,0.3333,6.248
181.684,6.0051,0.3337,6.2488
181.722,6.0052,0.3336,6.2487
181.757,6.0041,0.3339,6.2497
181.792,6.0042,0.3339,6.2497
181.813,6.0038,0.3339,6.25
181.839,6.0039,0.3338,6.2498
181.856,6.0037,0.3339,6.2499
181.891,6.0043,0.3338,6.2495
181.944,6.0041,0.3338,6.2496
181.968,6.0046,0.3339,6.2493
182.013,6.0046,0.3339,6.2493
182.043,6.0052,0.3323,6.2478
182.072,6.005,0.3326,6.2481
182.089,6.0057,0.3326,6.2476
182.11,6.0058,0.3324,6.2474
182.156,6.0054,0.3326,6.2479
182.19,6.0062,0.3319,6.2468
182.206,6.0062,0.332,6.2469
182.228,6.0064,0.3316,6.2464
182.289,6.0064,0.3316,6.2464
182.316,6.0043,0.3318,6.2481
182.383,6.0042,0.3319,6.2482
182.416,6.001,0.3335,6.2517
182.447,6.0018,0.333,6.2508
182.466,5.9992,0.3344,6.2536
182.496,5.9996,0.3342,6.2532
182.528,5.9979,0.3351,6.2551
182.582,5.9978,0.3351,6.2552
182.605,5.9965,0.3362,6.2569
182.638,5.9966,0.3361,6.2567
182.682,5.9962,0.3366,6.2574
182.716,5.9962,0.3365,6.2573
182.75,5.9967,0.337,6.2572
182.774,5.9967,0.3369,6.2572
182.804,5.9977,0.3377,6.257
182.841,5.9977,0.3377,6.257
182.879,5.9994,0.3379,6.2559
182.904,5.9993,0.3379,6.2559
182.923,6.0007,0.3378,6.2548
182.973,6.0013,0.3377,6.2543
182.989,6.0024,0.3373,6.2532
183.013,6.0039,0.3369,6.2519
183.047,6.0029,0.3372,6.2528
183.063,6.0042,0.336,6.251
183.114,6.0039,0.3361,6.2514
183.134,6.0056,0.3351,6.2494
183.194,6.0058,0.335,6.2492
183.229,6.0073,0.3337,6.2472
183.244,6.0081,0.3334,6.2464
183.268,6.0074,0.3337,6.2471
183.303,6.0074,0.3322,6.2461
183.341,6.0078,0.3331,6.2464
183.378,6.0091,0.3309,6.2439
183.402,6.0088,0.3309,6.2443
183.44,6.0099,0.331,6.2434
183.475,6.0098,0.3309,6.2435
183.507,6.012,0.3324,6.2429
183.535,6.0116,0.3322,6.243
183.572,6.0146,0.3326,6.2411
183.625,6.0147,0.3326,6.241
183.671,6.0155,0.3335,6.241
183.683,6.0154,0.3334,6.241
183.714,6.0162,0.3344,6.2411
183.751,6.0162,0.3344,6.2411
183.766,6.0169,0.3352,6.2412
183.797,6.0174,0.3357,6.2411
183.825,6.017,0.3354,6.2411
183.873,6.018,0.336,6.2409
183.905,6.0178,0.3358,6.2409
183.956,6.0187,0.3365,6.2407
183.988,6.0185,0.3363,6.2407
184.016,6.0192,0.3368,6.2405
184.056,6.0192,0.3368,6.2405
184.082,6.0197,0.3372,6.2404
184.124,6.0197,0.3372,6.2404
184.146,6.0201,0.3375,6.2404
184.188,6.0201,0.3376,6.2404
184.216,6.0208,0.338,6.2402
184.235,6.0208,0.338,6.2402
184.269,6.0214,0.3383,6.2399
184.291,6.022,0.3386,6.2397
184.339,6.0216,0.3384,6.2398
184.377,6.0223,0.3387,6.2396
184.393,6.0227,0.3389,6.2394
184.402,6.0233,0.3392,6.2391
184.46,6.0232,0.3391,6.2392
184.486,6.024,0.3395,6.2388
184.529,6.024,0.3395,6.2388
184.554,6.0247,0.3399,6.2385
184.58,6.0253,0.34,6.2382
184.621,6.0248,0.3399,6.2385
184.65,6.0259,0.3401,6.2378
184.665,6.0257,0.3401,6.2379
184.714,6.0264,0.3402,6.2376
184.735,6.0263,0.3402,6.2376
184.769,6.0268,0.3405,6.2374
184.799,6.0268,0.3405,6.2374
184.832,6.0271,0.3406,6.2372
184.869,6.0272,0.3405,6.2372
184.886,6.0273,0.3406,6.2371
184.904,6.0275,0.3409,6.2372
184.941,6.0275,0.3408,6.2372
184.969,6.0276,0.3411,6.2372
185.018,6.0276,0.3411,6.2372
185.058,6.0278,0.3413,6.2373
185.08,6.0278,0.3413,6.2373
185.121,6.0278,0.3413,6.2373
185.161,6.0278,0.3414,6.2373
185.175,6.028,0.3416,6.2373
185.21,6.0281,0.3419,6.2374
185.249,6.028,0.3417,6.2374
185.268,6.0284,0.3422,6.2374
185.305,6.0283,0.3421,6.2374
185.338,6.0286,0.3424,6.2374
185.383,6.0286,0.3424,6.2374
185.407,6.0288,0.3423,6.2372
185.439,6.0288,0.3423,6.2372
185.467,6.029,0.3424,6.2371
185.516,6.029,0.3424,6.2371
185.553,6.0291,0.3426,6.2372
185.59,6.0291,0.3427,6.2372
185.623,6.0292,0.3429,6.2373
185.648,6.0292,0.3429,6.2373
185.675,6.0293,0.3431,6.2374
185.716,6.0294,0.3433,6.2375
185.735,6.0293,0.3431,6.2374
185.81,6.0294,0.3434,6.2375
185.858,6.0296,0.3437,6.2375
185.889,6.0296,0.3436,6.2375
185.912,6.0298,0.3439,6.2375
185.929,6.0298,0.3438,6.2375
185.959,6.0299,0.3439,6.2375
185.986,6.03,0.3441,6.2375
186.009,6.0299,0.3439,6.2375
186.035,6.03,0.3442,6.2376
186.08,6.03,0.3442,6.2376
186.114,6.0301,0.3443,6.2376
186.166,6.0301,0.3443,6.2376
186.207,6.0302,0.3444,6.2376
186.21,6.0302,0.3444,6.2376
186.246,6.0303,0.3444,6.2375
186.274,6.0303,0.3444,6.2375
186.304,6.0303,0.3445,6.2376
186.321,6.0304,0.3447,6.2377
186.348,6.0303,0.3446,6.2377
186.38,6.0305,0.345,6.2378
186.411,6.0304,0.3449,6.2378
186.456,6.0305,0.3451,6.2379
186.485,6.0305,0.3451,6.2378
186.51,6.0306,0.3451,6.2378
186.534,6.0306,0.3451,6.2378
186.57,6.0306,0.3451,6.2378
186.599,6.0305,0.3451,6.2378
186.622,6.0306,0.3451,6.2378
186.65,6.0304,0.3451,6.2379
186.688,6.0304,0.3451,6.2379
186.712,6.0301,0.3451,6.2381
186.77,6.0301,0.3451,6.2381
186.804,6.0299,0.3451,6.2382
186.844,6.0299,0.3451,6.2382
186.869,6.0297,0.3449,6.2383
186.91,6.0295,0.3448,6.2384
186.917,6.0297,0.3449,6.2383
186.949,6.0292,0.3447,6.2386
186.974,6.0292,0.3448,6.2385
187.012,6.0289,0.3447,6.2388
187.051,6.0289,0.3447,6.2388
187.062,6.0286,0.3447,6.239
187.102,6.0285,0.3448,6.2391
187.143,6.0286,0.3447,6.239
187.178,6.0284,0.3447,6.2391
187.213,6.0284,0.3448,6.2391
187.238,6.0283,0.3448,6.2392
187.267,6.0284,0.3448,6.2392
187.296,6.0283,0.3448,6.2392
187.327,6.0283,0.3448,6.2392
187.36,6.0284,0.3447,6.2391
187.373,6.0279,0.3449,6.2397
187.407,6.0284,0.3447,6.2392
187.444,6.0282,0.3433,6.2383
187.477,6.0273,0.3441,6.2395
187.502,6.0286,0.3439,6.2384
187.553,6.0286,0.3439,6.2384
187.604,6.0286,0.3447,6.2389
187.642,6.0287,0.3446,6.2388
187.672,6.0254,0.3461,6.2423
187.715,6.026,0.3459,6.2417
187.762,6.0232,0.346,6.2438
187.817,6.0238,0.346,6.2434
187.828,6.0219,0.347,6.2455
187.831,6.0223,0.3467,6.245
187.863,6.0217,0.3474,6.2459
187.908,6.0219,0.3474,6.2458
187.94,6.0216,0.3462,6.2451
187.97,6.0216,0.3462,6.2452
187.996,6.0231,0.346,6.2439
188.062,6.0231,0.346,6.2439
188.092,6.026,0.3462,6.2419
188.125,6.0257,0.3462,6.2421
188.144,6.0268,0.346,6.2412
188.171,6.028,0.3451,6.2397
188.192,6.0276,0.3454,6.2402
188.248,6.0274,0.3436,6.2391
188.272,6.0279,0.3447,6.2395
188.297,6.0265,0.3418,6.2386
188.344,6.0265,0.3419,6.2386
188.381,6.0259,0.3417,6.2389
188.398,6.026,0.3416,6.2388
188.43,6.0263,0.3424,6.2391
188.476,6.0263,0.3424,6.2391
188.51,6.0272,0.3439,6.2394
188.547,6.0272,0.3438,6.2394
188.595,6.0285,0.3459,6.2399
188.614,6.0283,0.3456,6.2398
188.643,6.0291,0.3467,6.2399
188.704,6.029,0.3466,6.2399
188.738,6.03,0.3472,6.2396
188.75,6.0297,0.347,6.2397
188.783,6.0303,0.3473,6.2395
188.812,6.0303,0.3473,6.2395
188.847,6.0309,0.3479,6.2394
188.885,6.0309,0.3478,6.2394
188.933,6.0316,0.3484,6.2393
188.958,6.0317,0.3485,6.2393
188.979,6.0323,0.349,6.2392
189.008,6.0323,0.349,6.2392
189.031,6.0326,0.3492,6.2391
189.059,6.0331,0.3495,6.2389
189.075,6.0328,0.3493,6.239
189.112,6.0335,0.3496,6.2387
189.159,6.0333,0.3496,6.2388
189.198,6.0339,0.3499,6.2386
189.228,6.0338,0.3499,6.2386
189.248,6.0344,0.3502,6.2385
189.273,6.0348,0.3504,6.2383
189.31,6.0346,0.3503,6.2384
189.347,6.0352,0.3504,6.238
189.381,6.0351,0.3504,6.2381
189.418,6.0355,0.3503,6.2377
189.447,6.0355,0.3503,6.2377
189.483,6.0357,0.3502,6.2375
189.489,6.0357,0.3501,6.2374
189.513,6.0357,0.3502,6.2375
189.555,6.0359,0.3501,6.2373
189.593,6.0358,0.3501,6.2374
189.628,6.0361,0.35,6.2371
189.664,6.036,0.3501,6.2371
189.712,6.0364,0.35,6.2369
189.733,6.0364,0.35,6.2369
189.753,6.0367,0.3502,6.2368
189.789,6.0367,0.3502,6.2368
189.807,6.0369,0.3504,6.2367
189.832,6.0371,0.3504,6.2366
189.862,6.037,0.3504,6.2367
189.913,6.0372,0.3504,6.2365
189.936,6.0372,0.3504,6.2365
189.986,6.0373,0.3504,6.2364
190.007,6.0373,0.3504,6.2365
190.041,6.0374,0.3504,6.2364
190.067,6.0374,0.3505,6.2364
190.114,6.0376,0.3506,6.2364
190.152,6.0377,0.3507,6.2364
190.175,6.0376,0.3506,6.2364
190.209,6.0379,0.3508,6.2363
190.229,6.0378,0.3507,6.2363
190.273,6.038,0.351,6.2363
190.302,6.038,0.351,6.2363
190.312,6.0382,0.3511,6.2363
190.366,6.0382,0.3511,6.2363
190.389,6.0384,0.3512,6.2362
190.425,6.0384,0.3512,6.2362
190.462,6.0384,0.3512,6.2361
190.508,6.0385,0.3512,6.2362
190.555,6.0386,0.3513,6.2361
190.579,6.0386,0.3513,6.2361
190.603,6.0387,0.3514,6.2361
190.629,6.0387,0.3514,6.2361
190.648,6.0388,0.3514,6.236
190.684,6.0389,0.3515,6.236
190.716,6.039,0.3515,6.236
190.747,6.0391,0.3517,6.236
190.759,6.039,0.3516,6.236
190.791,6.0392,0.3517,6.2359
190.827,6.0392,0.3517,6.2359
190.861,6.0393,0.3518,6.2359
190.907,6.0393,0.3518,6.2359
190.924,6.0394,0.3518,6.2358
190.971,6.0394,0.3518,6.2359
190.999,6.0396,0.3519,6.2358
191.047,6.0396,0.3519,6.2358
191.067,6.0397,0.3519,6.2357
191.083,6.0398,0.352,6.2357
191.114,6.0398,0.3519,6.2357
191.143,6.0398,0.352,6.2357
191.19,6.0398,0.352,6.2357
191.208,6.0398,0.3521,6.2358
191.245,6.0398,0.3521,6.2357
191.266,6.0398,0.3521,6.2358
191.298,6.0399,0.3521,6.2357
191.337,6.0399,0.3521,6.2357
191.356,6.0399,0.3521,6.2357
191.409,6.0399,0.3521,6.2357
191.452,6.04,0.3521,6.2356
191.482,6.04,0.3521,6.2356
191.522,6.04,0.352,6.2356
191.543,6.04,0.352,6.2355
191.547,6.04,0.352,6.2355
191.579,6.04,0.3521,6.2356
191.62,6.0401,0.352,6.2355
191.648,6.04,0.3522,6.2356
191.679,6.04,0.3522,6.2356
191.712,6.0401,0.3522,6.2356
191.733,6.0401,0.3522,6.2356
191.76,6.0401,0.3522,6.2356
191.801,6.0401,0.3522,6.2356
191.836,6.0401,0.3522,6.2356
191.868,6.0401,0.3522,6.2356
191.901,6.0401,0.3522,6.2356
191.929,6.0402,0.3522,6.2356
191.953,6.0402,0.3523,6.2356
191.982,6.0402,0.3522,6.2356
191.994,6.0402,0.3522,6.2355
192.057,6.0402,0.3522,6.2356
192.075,6.0402,0.3523,6.2356
192.112,6.0403,0.3523,6.2355
192.165,6.0403,0.3523,6.2355
192.21,6.0403,0.3523,6.2355
192.236,6.04,0.3514,6.2351
192.258,6.0397,0.3514,6.2354
192.267,6.0401,0.3514,6.2351
192.318,6.0398,0.3518,6.2356
192.32,6.0397,0.3517,6.2356
192.366,6.0404,0.3524,6.2355
192.393,6.0403,0.3523,6.2356
192.427,6.0412,0.3531,6.2354
192.464,6.0414,0.3532,6.2353
192.503,6.0428,0.354,6.2349
192.527,6.0427,0.354,6.2349
192.58,6.0439,0.3546,6.2345
192.588,6.044,0.3547,6.2344
192.614,6.0452,0.3552,6.2339
192.643,6.0465,0.3556,6.2332
192.665,6.046,0.3554,6.2335
192.701,6.0479,0.3562,6.2326
192.747,6.0476,0.3561,6.2327
192.783,6.0493,0.3569,6.232
192.816,6.0495,0.357,6.2319
192.842,6.0507,0.3574,6.2314
192.86,6.0519,0.3578,6.2308
192.891,6.0512,0.3575,6.2311
192.924,6.0532,0.3584,6.2302
192.958,6.0528,0.3583,6.2304
192.989,6.0546,0.3589,6.2296
193.022,6.0546,0.3589,6.2296
193.052,6.0558,0.3598,6.2292
193.08,6.0572,0.3608,6.229
193.099,6.0562,0.36,6.2291
193.146,6.0589,0.3619,6.2285
193.175,6.0583,0.3616,6.2287
193.213,6.0581,0.362,6.2291
193.235,6.059,0.3616,6.2282
193.273,6.0594,0.3647,6.2301
193.305,6.0593,0.3647,6.23
193.343,6.0602,0.3685,6.232
193.382,6.0604,0.3686,6.2319
193.427,6.0625,0.3695,6.231
193.452,6.0623,0.3695,6.2311
193.483,6.0628,0.3698,6.231
193.512,6.0628,0.3698,6.231
193.558,6.0639,0.37,6.2303
193.572,6.0639,0.3699,6.2303
193.59,6.061,0.3693,6.232
193.629,6.0594,0.3701,6.2337
193.668,6.0605,0.3695,6.2324
193.685,6.0584,0.3709,6.235
193.729,6.0587,0.3707,6.2345
193.768,6.0578,0.3713,6.2357
193.801,6.0574,0.3716,6.2362
193.811,6.0578,0.3713,6.2356
193.869,6.0574,0.3719,6.2364
193.896,6.0573,0.3722,6.2366
193.917,6.0572,0.3722,6.2367
193.95,6.0573,0.3722,6.2367
193.993,6.0573,0.3721,6.2366
194.027,6.0573,0.3721,6.2366
194.054,6.0573,0.3722,6.2366
194.102,6.0573,0.3722,6.2366
194.135,6.0572,0.3722,6.2368
194.156,6.0572,0.3722,6.2367
194.183,6.0571,0.3723,6.2368
194.215,6.0571,0.3723,6.2368
194.248,6.0571,0.3723,6.2369
194.294,6.0571,0.3723,6.2369
194.311,6.0571,0.3723,6.2369
194.328,6.057,0.3724,6.237
194.359,6.0571,0.3723,6.2369
194.392,6.057,0.3724,6.237
194.447,6.057,0.3724,6.237
194.472,6.0569,0.3724,6.2371
194.505,6.0569,0.3724,6.2371
194.518,6.0569,0.3724,6.2371
194.563,6.0569,0.3725,6.2371
194.579,6.0568,0.3725,6.2372
194.605,6.0569,0.3725,6.2372
194.635,6.0568,0.3725,6.2372
194.683,6.0568,0.3725,6.2372
194.722,6.0568,0.3725,6.2372
194.735,6.0568,0.3725,6.2372
194.782,6.0568,0.3725,6.2372
194.803,6.0568,0.3726,6.2373
194.846,6.0568,0.3726,6.2373
194.85,6.0568,0.3726,6.2373
194.885,6.0568,0.3726,6.2373
194.93,6.0568,0.3726,6.2373
194.969,6.0568,0.3726,6.2373
195.005,6.0568,0.3726,6.2373
195.049,6.0568,0.3727,6.2373
195.083,6.0568,0.3727,6.2373
195.106,6.0568,0.3727,6.2374
195.137,6.0568,0.3727,6.2374
195.175,6.0568,0.3727,6.2374
195.2,6.0568,0.3727,6.2374
195.238,6.0568,0.3727,6.2373
195.267,6.0568,0.3727,6.2374
195.302,6.0568,0.3727,6.2374
195.319,6.0568,0.3727,6.2374
195.351,6.0568,0.3727,6.2374
195.401,6.0568,0.3727,6.2374
195.424,6.0568,0.3727,6.2374
195.429,6.0568,0.3727,6.2374
195.464,6.0568,0.3727,6.2374
195.495,6.0568,0.3727,6.2373
195.537,6.0568,0.3727,6.2373
195.561,6.0568,0.3727,6.2373
195.61,6.0568,0.3727,6.2373
195.635,6.0568,0.3727,6.2373
195.653,6.0568,0.3727,6.2373
195.687,6.0568,0.3727,6.2373
195.727,6.0568,0.3727,6.2373
195.759,6.0569,0.3727,6.2373
195.802,6.0568,0.3727,6.2373
195.834,6.0568,0.3727,6.2373
195.868,6.0569,0.3727,6.2373
195.888,6.0568,0.3727,6.2373
195.91,6.0569,0.3727,6.2373
195.949,6.0568,0.3727,6.2374
195.989,6.0568,0.3727,6.2374
196.033,6.0568,0.3728,6.2374
196.044,6.0568,0.3728,6.2374
196.069,6.0568,0.3727,6.2374
196.1,6.0568,0.3728,6.2374
196.125,6.0568,0.3727,6.2374
196.149,6.0568,0.3728,6.2374
196.202,6.0568,0.3728,6.2374
196.226,6.0561,0.3735,6.2384
196.257,6.0563,0.3734,6.2382
196.269,6.0563,0.3736,6.2384
196.313,6.0561,0.374,6.2387
196.336,6.0562,0.3737,6.2384
196.369,6.0556,0.374,6.2391
196.411,6.0558,0.374,6.239
196.438,6.0549,0.3738,6.2395
196.487,6.0549,0.3738,6.2395
196.534,6.0539,0.3737,6.2402
196.56,6.0541,0.3737,6.24
196.6,6.0532,0.3736,6.2406
196.632,6.0533,0.3736,6.2405
196.674,6.0526,0.3736,6.241
196.698,6.0527,0.3736,6.2409
196.731,6.0523,0.3739,6.2415
196.752,6.0523,0.3739,6.2414
196.793,6.052,0.3744,6.242
196.819,6.0519,0.3744,6.2421
196.852,6.0517,0.3742,6.2422
196.867,6.0512,0.374,6.2423
196.889,6.0516,0.3742,6.2422
196.932,6.0508,0.3739,6.2425
196.973,6.051,0.3739,6.2424
197.003,6.0505,0.3739,6.2428
197.043,6.0505,0.3739,6.2428
197.086,6.05,0.3747,6.2437
197.102,6.05,0.3746,6.2436
197.139,6.0493,0.3755,6.2448
197.156,6.0491,0.3766,6.2456
197.179,6.0492,0.3756,6.2449
197.225,6.0491,0.3782,6.2467
197.252,6.0493,0.3774,6.246
197.285,6.0483,0.3807,6.2491
197.318,6.0485,0.3799,6.2483
197.348,6.0472,0.3828,6.2512
197.373,6.0464,0.385,6.2534
197.41,6.0472,0.3829,6.2514
197.462,6.0462,0.3864,6.2544
197.478,6.0463,0.3854,6.2537
197.517,6.047,0.3865,6.2539
197.542,6.0466,0.3864,6.2542
197.581,6.0486,0.3862,6.2526
197.612,6.0484,0.3863,6.2528
197.652,6.0504,0.3858,6.251
197.675,6.0503,0.3858,6.2511
197.71,6.0532,0.3858,6.2489
197.743,6.0527,0.3858,6.2493
197.773,6.0554,0.386,6.2475
197.817,6.0553,0.386,6.2475
197.847,6.0569,0.3861,6.2465
197.876,6.0568,0.3861,6.2465
197.91,6.0574,0.3862,6.2461
197.936,6.057,0.3864,6.2466
197.964,6.0574,0.3862,6.2462
198.022,6.0556,0.3868,6.2479
198.035,6.0564,0.3866,6.2471
198.086,6.0554,0.3885,6.2491
198.106,6.0554,0.3894,6.2498
198.108,6.055,0.3925,6.2523
198.142,6.0549,0.3927,6.2524
198.167,6.0549,0.3949,6.254
198.212,6.0547,0.3981,6.2563
198.228,6.0547,0.3966,6.2552
198.264,6.0549,0.3998,6.2572
198.293,6.0549,0.3994,6.257
198.333,6.055,0.4008,6.2579
198.369,6.0549,0.4006,6.2578
198.416,6.0562,0.3997,6.2563
198.448,6.0561,0.4,6.2566
198.475,6.0564,0.398,6.2549
198.501,6.0568,0.3982,6.2548
198.532,6.0591,0.3995,6.2541
198.552,6.0628,0.4017,6.2529
198.567,6.0599,0.4001,6.2538
198.609,6.0661,0.4036,6.2517
198.655,6.065,0.4031,6.2522
198.722,6.0713,0.4051,6.249
198.755,6.0694,0.4048,6.2502
198.785,6.0759,0.4047,6.2453
198.818,6.0742,0.4043,6.2463
198.845,6.0804,0.4037,6.2414
198.871,6.0792,0.4047,6.2429
198.901,6.0811,0.4024,6.24
198.941,6.0811,0.4024,6.24
198.997,6.0815,0.4024,6.2397
199.012,6.0814,0.4022,6.2396
199.048,6.0801,0.4026,6.2408
199.059,6.0804,0.4026,6.2407
199.077,6.0834,0.4023,6.2382
199.118,6.0843,0.4026,6.2378
199.147,6.0843,0.4018,6.2373
199.203,6.0845,0.4027,6.2378
199.251,6.0852,0.4016,6.2364
199.261,6.0865,0.4014,6.2354
199.282,6.0858,0.4015,6.236
199.325,6.0873,0.4008,6.2344
199.368,6.0872,0.401,6.2346
199.421,6.0868,0.3993,6.2338
199.468,6.0869,0.3999,6.2341
199.492,6.0864,0.3985,6.2334
199.546,6.0866,0.3987,6.2335
199.584,6.0874,0.3976,6.2321
199.618,6.0867,0.3979,6.2328
199.639,6.0877,0.3975,6.2318
199.661,6.0891,0.3972,6.2306
199.681,6.0906,0.3971,6.2294
199.709,6.0895,0.3972,6.2303
199.762,6.0914,0.397,6.2288
199.775,6.0922,0.3968,6.2281
199.795,6.0934,0.3966,6.227
199.84,6.0933,0.3966,6.2272
199.871,6.0945,0.3963,6.226
199.918,6.0946,0.3963,6.226
199.954,6.096,0.3956,6.2245
199.979,6.0959,0.3956,6.2246
200.014,6.097,0.3949,6.2233
200.048,6.0971,0.3948,6.2232
200.071,6.0983,0.3939,6.2217
200.124,6.0996,0.3932,6.2202
200.133,6.0988,0.3937,6.2212
200.165,6.1014,0.3925,6.2184
200.204,6.101,0.3926,6.2188
200.254,6.1033,0.3917,6.2165
200.274,6.1027,0.392,6.2171
200.311,6.1044,0.3909,6.2152
200.331,6.1041,0.3911,6.2155
200.367,6.1049,0.39,6.2142
200.401,6.1049,0.3901,6.2143
200.44,6.1053,0.3894,6.2135
200.461,6.1053,0.3894,6.2135
200.497,6.1058,0.3889,6.2128
200.52,6.1063,0.3885,6.2121
200.54,6.1059,0.3888,6.2127
200.582,6.1067,0.388,6.2115
200.607,6.1065,0.3882,6.2118
200.645,6.1071,0.3873,6.2107
200.676,6.1071,0.3874,6.2108
200.711,6.1075,0.3866,6.21
200.747,6.1075,0.3866,6.21
200.776,6.1079,0.386,6.2092
200.813,6.108,0.3859,6.2091
200.842,6.1083,0.3854,6.2085
200.859,6.1086,0.385,6.208
200.895,6.1085,0.3853,6.2083
200.923,6.1088,0.3846,6.2076
200.964,6.1088,0.3847,6.2077
200.983,6.1089,0.3842,6.2073
201.025,6.1089,0.3842,6.2073
201.056,6.109,0.3839,6.207
201.096,6.109,0.3838,6.207
201.155,6.1091,0.3836,6.2068
201.166,6.1093,0.3834,6.2065
201.191,6.1091,0.3836,6.2067
201.237,6.1093,0.3834,6.2064
201.272,6.1095,0.3833,6.2063
201.312,6.1095,0.3833,6.2063
201.346,6.1096,0.3832,6.2061
201.373,6.1097,0.3832,6.2061
201.393,6.1097,0.3831,6.206
201.413,6.109,0.3831,6.2065
201.445,6.1097,0.383,6.2059
201.49,6.1079,0.3816,6.2062
201.505,6.1081,0.3826,6.2067
201.531,6.1083,0.3814,6.2058
201.583,6.1084,0.3814,6.2058
201.603,6.1084,0.3819,6.2061
201.654,6.1084,0.3819,6.2061
201.687,6.1086,0.3818,6.2059
201.692,6.109,0.3819,6.2057
201.724,6.1087,0.3819,6.2059
201.77,6.1097,0.3821,6.2053
201.802,6.1096,0.3821,6.2053
201.83,6.1102,0.3822,6.205
201.863,6.1109,0.3821,6.2044
201.881,6.1105,0.3822,6.2048
201.924,6.1135,0.3825,6.2028
201.946,6.1136,0.383,6.2031
201.968,6.1115,0.3811,6.2033
202.018,6.1116,0.3813,6.2034
202.061,6.1117,0.3818,6.2037
202.105,6.1117,0.3817,6.2036
202.152,6.1123,0.3827,6.2038
202.167,6.1119,0.3824,6.2039
202.219,6.1126,0.3826,6.2035
202.256,6.1132,0.3821,6.2028
202.285,6.1133,0.3815,6.2022
202.307,6.1131,0.3821,6.2028
202.347,6.1136,0.3809,6.2016
202.37,6.1134,0.3813,6.202
202.418,6.1137,0.3806,6.2013
202.443,6.1139,0.3803,6.201
202.465,6.1142,0.3799,6.2005
202.499,6.1141,0.3801,6.2007
202.539,6.1143,0.3795,6.2001
202.578,6.1143,0.3795,6.2001
202.59,6.1143,0.379,6.1998
202.636,6.1143,0.3789,6.1997
202.65,6.1143,0.3786,6.1995
202.68,6.1144,0.3782,6.1992
202.71,6.1144,0.3784,6.1993
202.735,6.1146,0.3778,6.1987
202.785,6.1146,0.3779,6.1988
202.823,6.1149,0.3773,6.1982
202.85,6.1151,0.377,6.1978
202.866,6.1149,0.3773,6.1982
202.94,6.1153,0.3769,6.1977
202.985,6.1157,0.3766,6.1972
203.007,6.1156,0.3767,6.1973
203.032,6.1157,0.3765,6.197
203.072,6.1157,0.3765,6.197
203.105,6.1156,0.3764,6.197
203.15,6.1156,0.3763,6.197
203.185,6.1155,0.3763,6.197
203.214,6.1155,0.3763,6.197
203.248,6.1153,0.3762,6.1971
203.274,6.1153,0.3762,6.1971
203.304,6.115,0.3762,6.1973
203.366,6.115,0.3762,6.1974
203.4,6.1148,0.3761,6.1974
203.42,6.1149,0.3761,6.1974
203.444,6.1148,0.376,6.1974
203.496,6.1148,0.376,6.1974
203.522,6.1145,0.3759,6.1975
203.552,6.1145,0.3759,6.1975
203.568,6.1141,0.3759,6.1978
203.59,6.1139,0.3759,6.1979
203.615,6.1141,0.3759,6.1978
203.641,6.1138,0.3758,6.1979
203.695,6.1138,0.3758,6.1979
203.72,6.1138,0.3758,6.1979
203.746,6.1139,0.3757,6.1978
203.79,6.1138,0.3757,6.1979
203.843,6.1139,0.3757,6.1978
203.869,6.1141,0.3755,6.1976
203.911,6.1141,0.3755,6.1976
203.945,6.114,0.3753,6.1975
203.969,6.114,0.3754,6.1975
204.007,6.1139,0.3753,6.1976
204.036,6.1139,0.3753,6.1976
204.083,6.1139,0.3753,6.1976
204.094,6.1139,0.3753,6.1975
204.11,6.1139,0.3753,6.1976
204.167,6.1139,0.3752,6.1975
204.197,6.1139,0.3752,6.1975
204.232,6.1139,0.3752,6.1974
204.261,6.1139,0.3752,6.1974
204.303,6.1139,0.3751,6.1974
204.317,6.1139,0.3751,6.1974
204.345,6.114,0.3751,6.1973
204.386,6.114,0.375,6.1973
204.422,6.1141,0.375,6.1972
204.451,6.1141,0.375,6.1972
204.481,6.1141,0.375,6.1972
204.513,6.1141,0.375,6.1972
204.53,6.1141,0.375,6.1972
204.56,6.1141,0.3749,6.1971
204.611,6.1141,0.3749,6.1971
204.638,6.1141,0.3748,6.197
204.681,6.1141,0.3748,6.197
204.708,6.1142,0.3747,6.197
204.745,6.1142,0.3747,6.197
204.783,6.1142,0.3747,6.1969
204.807,6.1142,0.3747,6.1969
204.837,6.1143,0.3746,6.1968
204.86,6.1142,0.3746,6.1968
204.894,6.1143,0.3746,6.1968
204.924,6.1142,0.3746,6.1968
204.967,6.1142,0.3746,6.1968
204.993,6.1142,0.3746,6.1968
205.028,6.1142,0.3746,6.1968
205.056,6.1143,0.3745,6.1967
205.098,6.1143,0.3745,6.1967
205.12,6.1142,0.3744,6.1967
205.15,6.1142,0.3744,6.1967
205.163,6.1142,0.3744,6.1967
205.2,6.1142,0.3745,6.1968
205.225,6.1142,0.3745,6.1968
205.277,6.1142,0.3745,6.1967
205.307,6.1142,0.3745,6.1967
205.322,6.1142,0.3744,6.1967
205.355,6.1142,0.3744,6.1967
205.389,6.1141,0.3744,6.1967
205.419,6.1142,0.3744,6.1967
205.454,6.1142,0.3745,6.1968
205.491,6.1141,0.3745,6.1968
205.513,6.1142,0.3744,6.1967
205.547,6.1141,0.3744,6.1968
205.584,6.1141,0.3744,6.1968
205.61,6.1141,0.3744,6.1968
205.655,6.1141,0.3744,6.1968
205.676,6.1141,0.3744,6.1968
205.734,6.1141,0.3744,6.1968
205.757,6.1142,0.3743,6.1967
205.769,6.1141,0.3743,6.1967
205.792,6.1142,0.3743,6.1967
205.862,6.1141,0.3743,6.1967
205.886,6.1141,0.3743,6.1967
205.9,6.1141,0.3743,6.1967
205.928,6.1141,0.3743,6.1967
205.962,6.1141,0.3743,6.1967
205.991,6.1141,0.3743,6.1967
206.024,6.1141,0.3743,6.1967
206.082,6.1141,0.3743,6.1967
206.129,6.1141,0.3743,6.1967
206.154,6.1141,0.3743,6.1967
206.187,6.1142,0.3743,6.1967
206.237,6.1141,0.3743,6.1967
206.27,6.1129,0.376,6.1987
206.293,6.1128,0.3756,6.1985
206.32,6.1131,0.3759,6.1986
206.36,6.1131,0.376,6.1986
206.403,6.1139,0.3756,6.1978
206.433,6.1139,0.3756,6.1978
206.448,6.1145,0.3754,6.1972
206.473,6.1152,0.3753,6.1966
206.512,6.1148,0.3754,6.197
206.565,6.1155,0.3753,6.1963
206.616,6.1164,0.375,6.1956
206.647,6.1163,0.3751,6.1957
206.686,6.1173,0.3747,6.1946
206.71,6.1172,0.3747,6.1947
206.74,6.1183,0.3745,6.1938
206.78,6.1182,0.3745,6.1938
206.807,6.1196,0.3743,6.1927
206.85,6.1197,0.3743,6.1927
206.883,6.1206,0.374,6.1917
206.918,6.1206,0.374,6.1918
206.935,6.1215,0.3737,6.1909
206.965,6.1221,0.3733,6.1902
206.985,6.1216,0.3736,6.1908
207.026,6.123,0.3733,6.1895
207.056,6.1226,0.3733,6.1899
207.089,6.1242,0.3735,6.1889
207.128,6.124,0.3735,6.1889
207.151,6.1253,0.3736,6.1881
207.196,6.1263,0.374,6.1876
207.219,6.1255,0.3737,6.188
207.267,6.1266,0.3741,6.1875
207.298,6.1274,0.3748,6.1874
207.333,6.128,0.3752,6.1873
207.35,6.1274,0.3748,6.1874
207.396,6.1281,0.3754,6.1873
207.407,6.1286,0.3758,6.1873
207.466,6.129,0.3762,6.1872
207.474,6.1295,0.3767,6.1872
207.494,6.1305,0.3778,6.1873
207.534,6.1301,0.3775,6.1873
207.565,6.1316,0.3793,6.1874
207.628,6.1316,0.3793,6.1875
207.643,6.1316,0.3806,6.1884
207.659,6.1306,0.3827,6.1905
207.68,6.1307,0.3814,6.1896
207.727,6.1339,0.3849,6.1896
207.748,6.134,0.3839,6.1889
207.773,6.135,0.3864,6.1899
207.812,6.1351,0.386,6.1896
207.858,6.1357,0.3865,6.1895
207.895,6.1356,0.3864,6.1894
207.917,6.1358,0.3855,6.1887
207.951,6.135,0.3853,6.1891
207.962,6.1355,0.3854,6.1888
208.007,6.1338,0.3858,6.1904
208.031,6.1342,0.3856,6.1899
208.072,6.1324,0.3863,6.1917
208.1,6.1326,0.3863,6.1916
208.127,6.1318,0.3865,6.1923
208.17,6.131,0.3864,6.1928
208.219,6.1317,0.3865,6.1924
208.266,6.1308,0.3863,6.1929
208.302,6.1303,0.3861,6.193
208.329,6.1304,0.3861,6.193
208.359,6.1302,0.386,6.1931
208.367,6.1301,0.3861,6.1932
208.393,6.1302,0.386,6.1931
208.438,6.1296,0.3864,6.1938
208.47,6.1299,0.3862,6.1934
208.503,6.129,0.3859,6.1939
208.524,6.1292,0.386,6.1939
208.565,6.1283,0.385,6.1937
208.585,6.1275,0.3841,6.1937
208.603,6.1284,0.385,6.1937
208.644,6.127,0.3835,6.1937
208.661,6.1274,0.384,6.1938
208.7,6.1268,0.3832,6.1936
208.736,6.127,0.3832,6.1935
208.781,6.1261,0.383,6.194
208.818,6.1262,0.3831,6.194
208.871,6.1252,0.3821,6.194
208.903,6.1254,0.3822,6.194
208.927,6.124,0.3813,6.1943
208.946,6.1243,0.3815,6.1942
208.974,6.1238,0.3808,6.1942
209.01,6.1238,0.3808,6.1942
209.031,6.123,0.38,6.1942
209.062,6.122,0.377,6.1929
209.083,6.1228,0.3793,6.1938
209.12,6.1213,0.3716,6.1897
209.18,6.1213,0.373,6.1906
209.219,6.123,0.3634,6.1827
209.24,6.1226,0.3655,6.1845
209.28,6.1232,0.3613,6.1812
209.32,6.1232,0.3614,6.1812
209.354,6.1248,0.3662,6.1833
209.376,6.1248,0.3661,6.1833
209.419,6.1248,0.3668,6.1838
209.448,6.1248,0.3668,6.1837
209.498,6.1233,0.3666,6.1847
209.531,6.1235,0.3666,6.1846
209.581,6.1226,0.3678,6.1861
209.601,6.1227,0.3675,6.1858
209.633,6.1223,0.3679,6.1864
209.654,6.1224,0.3679,6.1863
209.702,6.1223,0.3676,6.1862
209.71,6.1223,0.3677,6.1862
209.744,6.1223,0.3673,6.1859
209.789,6.1223,0.3673,6.186
209.828,6.1222,0.367,6.1858
209.866,6.1222,0.367,6.1858
209.887,6.1223,0.367,6.1858
209.914,6.1224,0.3671,6.1857
209.926,6.1227,0.3676,6.1859
209.991,6.1221,0.3675,6.1862
210.008,6.1221,0.3675,6.1863
210.034,6.1223,0.3688,6.187
210.058,6.1221,0.3682,6.1867
210.078,6.1224,0.3694,6.1873
210.135,6.1224,0.3694,6.1873
210.139,6.1218,0.3708,6.1887
210.196,6.1219,0.3707,6.1885
210.219,6.1224,0.3703,6.188
210.259,6.1216,0.3696,6.188
210.27,6.122,0.3699,6.1879
210.312,6.1209,0.3692,6.1883
210.351,6.121,0.3692,6.1882
210.388,6.1203,0.3693,6.1888
210.424,6.1203,0.3693,6.1887
210.447,6.12,0.3695,6.1891
210.48,6.12,0.3695,6.1891
210.526,6.12,0.3694,6.1891
210.578,6.12,0.3694,6.1891
210.596,6.12,0.3693,6.189
210.644,6.12,0.3693,6.189
210.669,6.1199,0.3693,6.1891
210.694,6.1199,0.3693,6.1891
210.72,6.1198,0.3694,6.1892
210.763,6.1198,0.3694,6.1892
210.801,6.1192,0.3688,6.1892
210.831,6.1191,0.3688,6.1892
210.866,6.1197,0.369,6.189
210.91,6.1197,0.3689,6.1889
210.935,6.119,0.3685,6.1892
210.963,6.1181,0.3676,6.1892
210.982,6.1188,0.3683,6.1892
211.015,6.1167,0.3672,6.19
211.054,6.1174,0.3677,6.1898
211.072,6.1154,0.3665,6.1904
211.124,6.1155,0.3665,6.1903
211.175,6.115,0.3672,6.1912
211.191,6.115,0.3669,6.191
211.233,6.115,0.3678,6.1916
211.267,6.115,0.3677,6.1915
211.289,6.115,0.3681,6.1918
211.321,6.115,0.3681,6.1918
211.332,6.115,0.3681,6.1918
211.362,6.115,0.3681,6.1917
211.402,6.115,0.3681,6.1918
211.443,6.115,0.3682,6.1918
211.464,6.115,0.3681,6.1918
211.5,6.1151,0.3683,6.1919
211.531,6.1151,0.3683,6.1919
211.55,6.1151,0.3685,6.192
211.57,6.1151,0.3686,6.192
211.62,6.1151,0.3685,6.192
211.657,6.1152,0.3687,6.1921
211.674,6.1152,0.3687,6.192
211.699,6.1152,0.3689,6.1922
211.731,6.1152,0.3689,6.1922
211.753,6.1153,0.369,6.1922
211.811,6.1153,0.369,6.1922
211.821,6.1153,0.369,6.1922
211.839,6.1154,0.3691,6.1921
211.87,6.1154,0.3691,6.1922
211.901,6.1155,0.3691,6.1921
211.943,6.1155,0.3691,6.1921
211.964,6.1155,0.3692,6.1922
212.019,6.1155,0.3692,6.1922
212.056,6.1155,0.3691,6.1922
212.068,6.1156,0.3691,6.1921
212.096,6.1155,0.3691,6.1922
212.128,6.1156,0.3692,6.1921
212.177,6.1156,0.3692,6.1921
212.226,6.1155,0.3692,6.1922
212.242,6.1155,0.3692,6.1922
212.279,6.1155,0.3692,6.1922
212.303,6.1155,0.3692,6.1922
212.359,6.1156,0.3692,6.1921
212.38,6.1156,0.3692,6.1921
212.42,6.1157,0.3693,6.1921
212.44,6.1156,0.3693,6.1921
212.476,6.1156,0.3693,6.1922
212.51,6.1156,0.3693,6.1921
212.522,6.1157,0.3692,6.1921
212.546,6.1157,0.3693,6.1921
212.574,6.1157,0.3693,6.1921
212.615,6.1157,0.3694,6.1922
212.645,6.1157,0.3694,6.1922
212.685,6.1157,0.3694,6.1922
212.717,6.1157,0.3694,6.1922
212.75,6.1158,0.3693,6.1921
212.792,6.1158,0.3693,6.1921
212.822,6.1158,0.3694,6.1921
212.848,6.1159,0.3694,6.1921
212.871,6.1159,0.3694,6.1921
212.897,6.1159,0.3694,6.1921
212.918,6.1159,0.3694,6.1921
212.951,6.1159,0.3694,6.192
213.011,6.1159,0.3694,6.192
213.013,6.116,0.3695,6.192
213.065,6.116,0.3695,6.192
213.081,6.116,0.3695,6.1921
213.11,6.1159,0.3695,6.1921
213.135,6.1159,0.3695,6.1921
213.16,6.1159,0.3695,6.1921
213.199,6.1159,0.3695,6.1921
213.227,6.1159,0.3695,6.1921
213.275,6.1159,0.3695,6.1921
213.306,6.116,0.3696,6.1921
213.35,6.116,0.3696,6.1921
213.357,6.116,0.3696,6.1921
213.386,6.116,0.3696,6.1921
213.41,6.116,0.3696,6.1921
213.454,6.116,0.3696,6.1921
213.478,6.116,0.3696,6.1921
213.497,6.116,0.3697,6.1922
213.551,6.116,0.3697,6.1922
213.561,6.116,0.3697,6.1922
213.61,6.1161,0.3697,6.1921
213.638,6.116,0.3697,6.1921
213.656,6.1161,0.3697,6.1921
213.703,6.1161,0.3697,6.1921
213.739,6.1162,0.3697,6.1921
213.766,6.1161,0.3697,6.1921
213.792,6.1162,0.3698,6.1921
213.832,6.1162,0.3698,6.1921
213.865,6.1162,0.3697,6.1921
213.894,6.1162,0.3698,6.1921
213.912,6.1162,0.3697,6.1921
213.95,6.1162,0.3698,6.1921
213.981,6.1162,0.3698,6.1921
214.026,6.1162,0.3698,6.1921
214.062,6.1162,0.3698,6.1921
214.095,6.1162,0.3698,6.1921
214.103,6.1162,0.3698,6.1921
214.134,6.1161,0.3698,6.1921
214.179,6.1162,0.3698,6.1921
214.201,6.1162,0.3698,6.1921
214.244,6.1162,0.3699,6.1921
214.267,6.1162,0.3699,6.1921
214.302,6.1161,0.3698,6.1921
214.326,6.1162,0.3698,6.1921
214.351,6.1162,0.3698,6.1921
214.405,6.1162,0.3698,6.1921
214.434,6.1162,0.3699,6.1922
214.479,6.1162,0.3699,6.1922
214.499,6.1162,0.37,6.1922
214.536,6.1162,0.3699,6.1922
214.57,6.1162,0.3699,6.1922
214.615,6.1162,0.3699,6.1921
214.629,6.1162,0.3699,6.1922
214.645,6.1162,0.37,6.1922
214.673,6.1162,0.37,6.1922
214.71,6.1162,0.37,6.1922
214.761,6.1162,0.37,6.1922
214.795,6.1162,0.3699,6.1922
214.819,6.1162,0.3699,6.1922
214.84,6.1163,0.3699,6.1921
214.887,6.1163,0.3699,6.1922
214.908,6.1163,0.37,6.1922
214.953,6.1163,0.37,6.1922
214.974,6.1162,0.37,6.1922
214.993,6.1163,0.37,6.1922
215.053,6.1163,0.37,6.1922
215.089,6.1163,0.37,6.1921
215.111,6.1163,0.37,6.1921
215.131,6.1163,0.37,6.1922
215.161,6.1163,0.37,6.1922
215.222,6.1163,0.3701,6.1922
215.276,6.1163,0.37,6.1921
215.304,6.1163,0.37,6.1922
215.327,6.1163,0.37,6.1922
215.346,6.1163,0.37,6.1921
215.387,6.1164,0.3701,6.1922
215.421,6.1164,0.37,6.1921
215.449,6.1164,0.37,6.1921
215.477,6.1163,0.37,6.1922
215.527,6.1164,0.3701,6.1922
215.557,6.1164,0.3701,6.1922
215.591,6.1164,0.3701,6.1922
215.628,6.1164,0.3702,6.1922
215.639,6.1164,0.3701,6.1922
215.659,6.1164,0.3702,6.1922
215.699,6.1164,0.3701,6.1922
215.741,6.1164,0.3701,6.1922
215.755,6.1164,0.3702,6.1922
215.797,6.1164,0.3702,6.1922
215.815,6.1164,0.3703,6.1923
215.849,6.1164,0.3703,6.1923
215.878,6.1164,0.3703,6.1923
215.925,6.1164,0.3703,6.1923
215.949,6.1164,0.3703,6.1923
215.978,6.1164,0.3703,6.1923
216.015,6.1164,0.3703,6.1923
216.043,6.1165,0.3704,6.1923
216.062,6.1165,0.3703,6.1923
216.099,6.1165,0.3704,6.1923
216.152,6.1165,0.3703,6.1923
216.161,6.1165,0.3703,6.1922
216.186,6.1165,0.3703,6.1922
216.22,6.1165,0.3703,6.1922
216.277,6.1165,0.3704,6.1923
216.293,6.1164,0.3704,6.1923
216.337,6.1165,0.3704,6.1923
216.373,6.1165,0.3704,6.1923
216.414,6.1166,0.3703,6.1922
216.441,6.1165,0.3703,6.1922
216.476,6.1166,0.3704,6.1922
216.503,6.1166,0.3704,6.1922
216.542,6.1166,0.3704,6.1923
216.551,6.1166,0.3704,6.1922
216.588,6.1166,0.3704,6.1922
216.628,6.1166,0.3704,6.1922
216.659,6.1166,0.3704,6.1922
216.693,6.1166,0.3704,6.1922
216.736,6.1166,0.3704,6.1922
216.769,6.1166,0.3705,6.1923
216.791,6.1166,0.3705,6.1923
216.834,6.1166,0.3705,6.1922
216.861,6.1166,0.3704,6.1922
216.888,6.1166,0.3705,6.1922
216.925,6.1166,0.3705,6.1922
216.97,6.1184,0.3713,6.1915
216.988,6.118,0.3711,6.1917
217.02,6.1165,0.3712,6.1929
217.045,6.1167,0.3717,6.1931
217.078,6.1165,0.3711,6.1928
217.111,6.1175,0.3731,6.1934
217.153,6.1171,0.3723,6.1932
217.173,6.118,0.373,6.193
217.212,6.1179,0.3729,6.193
217.241,6.1188,0.3737,6.1929
217.271,6.1189,0.3739,6.1929
217.303,6.12,0.3747,6.1927
217.32,6.1205,0.3742,6.192
217.377,6.12,0.3746,6.1926
217.405,6.1217,0.3752,6.1918
217.425,6.1211,0.3748,6.192
217.459,6.122,0.3746,6.1912
217.509,6.1219,0.3747,6.1913
217.511,6.1224,0.3746,6.1909
217.551,6.1224,0.3745,6.1908
217.582,6.1226,0.3741,6.1904
217.612,6.1228,0.3736,6.1899
217.63,6.1227,0.3738,6.1902
217.664,6.1231,0.3727,6.1891
217.699,6.123,0.3731,6.1894
217.72,6.1232,0.3718,6.1884
217.764,6.1232,0.3718,6.1884
217.786,6.1235,0.3709,6.1876
217.833,6.1235,0.3707,6.1874
217.854,6.1235,0.3697,6.1867
217.875,6.1235,0.3691,6.1863
217.896,6.1235,0.3695,6.1866
217.934,6.1235,0.3683,6.1858
217.979,6.1235,0.3686,6.186
218.01,6.1235,0.3678,6.1854
218.05,6.1235,0.3677,6.1853
218.083,6.1236,0.3673,6.185
218.102,6.1236,0.3673,6.185
218.117,6.1235,0.3673,6.1851
218.178,6.1234,0.3671,6.185
218.214,6.1223,0.3666,6.1855
218.253,6.1221,0.3667,6.1857
218.277,6.1215,0.3679,6.1869
218.328,6.1214,0.368,6.1871
218.362,6.1217,0.3694,6.1878
218.39,6.1216,0.3692,6.1878
218.413,6.1221,0.3703,6.1881
218.465,6.1221,0.3705,6.1883
218.495,6.1227,0.3714,6.1885
218.526,6.1227,0.3715,6.1885
218.552,6.1231,0.3723,6.1888
218.596,6.1233,0.3734,6.1895
218.608,6.1232,0.3728,6.1891
218.647,6.123,0.3743,6.1902
218.679,6.1231,0.3742,6.1901
218.699,6.1228,0.374,6.1902
218.75,6.1227,0.374,6.1903
218.776,6.1224,0.3739,6.1904
218.815,6.1221,0.3739,6.1907
218.818,6.1215,0.3739,6.191
218.845,6.1208,0.3737,6.1914
218.892,6.121,0.3738,6.1913
218.899,6.12,0.3733,6.1917
218.949,6.12,0.3733,6.1917
218.958,6.1193,0.3729,6.192
219.011,6.1192,0.3728,6.192
219.041,6.1185,0.3725,6.1923
219.061,6.1178,0.3722,6.1926
219.091,6.1183,0.3724,6.1924
219.125,6.1171,0.3718,6.1928
219.156,6.1173,0.3719,6.1928
219.201,6.1163,0.3714,6.1931
219.24,6.1162,0.3714,6.1931
219.272,6.1155,0.371,6.1934
219.314,6.1155,0.371,6.1935
219.343,6.115,0.371,6.1938
219.395,6.115,0.371,6.1938
219.408,6.1147,0.371,6.194
219.449,6.1147,0.371,6.194
219.475,6.1145,0.371,6.1942
219.509,6.1142,0.371,6.1944
219.524,6.1144,0.371,6.1942
219.554,6.1139,0.371,6.1946
219.59,6.114,0.371,6.1945
219.623,6.1134,0.3711,6.195
219.671,6.1135,0.3711,6.1949
219.719,6.1128,0.3713,6.1955
219.738,6.1129,0.3712,6.1955
219.764,6.1125,0.3714,6.1959
219.782,6.1123,0.3715,6.1961
219.809,6.1125,0.3714,6.1959
219.861,6.1121,0.3715,6.1962
219.892,6.1122,0.3715,6.1962
219.918,6.1118,0.3715,6.1965
219.961,6.1118,0.3715,6.1965
219.994,6.1114,0.3714,6.1967
220.018,6.1114,0.3714,6.1967
220.064,6.111,0.3714,6.197
220.098,6.111,0.3714,6.197
220.142,6.1106,0.3715,6.1973
220.168,6.1106,0.3715,6.1973
220.2,6.1104,0.3715,6.1975
220.235,6.1104,0.3715,6.1975
220.267,6.1101,0.3714,6.1976
220.294,6.1101,0.3714,6.1976
220.333,6.1097,0.3711,6.1977
220.369,6.1097,0.3711,6.1977
220.403,6.1094,0.3709,6.1978
220.45,6.1093,0.3709,6.1978
220.484,6.1091,0.3708,6.198
220.507,6.1091,0.3708,6.198
220.557,6.1089,0.371,6.1983
220.591,6.1089,0.371,6.1983
220.607,6.1087,0.3711,6.1984
220.637,6.1087,0.3711,6.1985
220.651,6.1084,0.3712,6.1987
220.687,6.1082,0.3711,6.1989
220.713,6.1083,0.3712,6.1988
220.743,6.1079,0.3712,6.1991
220.782,6.108,0.3712,6.199
220.799,6.1076,0.3712,6.1993
220.851,6.1076,0.3712,6.1993
220.884,6.107,0.3714,6.1998
220.927,6.107,0.3714,6.1999
220.949,6.1065,0.3716,6.2004
220.991,6.1063,0.3716,6.2005
221.015,6.1057,0.3718,6.2011
221.06,6.1051,0.372,6.2017
221.067,6.1056,0.3718,6.2012
221.107,6.1043,0.3721,6.2023
221.141,6.1047,0.372,6.202
221.172,6.1038,0.3722,6.2027
221.203,6.1039,0.3721,6.2026
221.23,6.1033,0.3722,6.2031
221.279,6.1033,0.3722,6.2031
221.308,6.103,0.3722,6.2033
221.336,6.1028,0.3722,6.2035
221.351,6.103,0.3722,6.2033
221.386,6.1027,0.3723,6.2036
221.433,6.1027,0.3723,6.2036
221.45,6.1026,0.3721,6.2035
221.499,6.1026,0.3721,6.2036
221.529,6.1021,0.3716,6.2035
221.558,6.1022,0.3716,6.2035
221.585,6.1023,0.3716,6.2034
221.616,6.1024,0.3715,6.2033
221.643,6.1028,0.3714,6.2029
221.68,6.1033,0.3711,6.2024
221.712,6.103,0.3713,6.2027
221.769,6.1037,0.3709,6.2019
221.801,6.104,0.3706,6.2015
221.809,6.1042,0.3705,6.2012
221.837,6.1041,0.3706,6.2014
221.887,6.1044,0.3703,6.201
221.914,6.1044,0.3703,6.201
221.938,6.1044,0.3701,6.2008
221.982,6.1044,0.3701,6.2008
222.02,6.1045,0.3697,6.2005
222.046,6.1045,0.3697,6.2006
222.092,6.1046,0.3697,6.2005
222.108,6.1047,0.3697,6.2004
222.138,6.1046,0.3697,6.2005
222.211,6.1048,0.3697,6.2003
222.241,6.1048,0.3695,6.2002
222.259,6.1048,0.3695,6.2002
222.276,6.1048,0.3693,6.2
222.324,6.1049,0.3693,6.2
222.334,6.1048,0.3693,6.2
222.379,6.1048,0.3692,6.2
222.391,6.1049,0.3692,6.1999
222.442,6.1047,0.3692,6.2
222.464,6.1047,0.3692,6.2001
222.503,6.1047,0.3692,6.2
222.549,6.1047,0.3692,6.2
222.556,6.1047,0.3692,6.2
222.579,6.1047,0.3691,6.1999
222.603,6.1047,0.3691,6.2
222.634,6.1047,0.369,6.1999
222.672,6.1047,0.369,6.1999
222.699,6.1046,0.3689,6.1999
222.738,6.1046,0.3689,6.1999
222.756,6.1046,0.3689,6.1999
222.776,6.1045,0.3689,6.2
222.822,6.1045,0.3689,6.1999
222.847,6.1045,0.3688,6.2
222.88,6.1045,0.3688,6.2
222.903,6.1044,0.3688,6.2
222.946,6.1044,0.3688,6.2
222.955,6.1043,0.3688,6.2
222.986,6.1042,0.3687,6.2001
223.011,6.1043,0.3688,6.2001
223.041,6.1041,0.3681,6.1998
223.1,6.1039,0.3682,6.1999
223.116,6.1046,0.3681,6.1994
223.16,6.105,0.3685,6.1994
223.181,6.1061,0.3694,6.1992
223.208,6.1088,0.3708,6.1982
223.236,6.1075,0.3703,6.1987
223.288,6.1109,0.3713,6.1969
223.334,6.1106,0.3712,6.1971
223.356,6.1132,0.3716,6.1956
223.402,6.1132,0.3716,6.1955
223.424,6.1148,0.372,6.1947
223.46,6.115,0.372,6.1945
223.47,6.1157,0.3723,6.1942
223.491,6.1165,0.3727,6.1938
223.509,6.1161,0.3724,6.194
223.547,6.1169,0.373,6.1938
223.581,6.1169,0.373,6.1937
223.612,6.1171,0.3733,6.1939
223.654,6.1171,0.3734,6.1939
223.677,6.117,0.3735,6.1941
223.698,6.1168,0.3735,6.1942
223.73,6.117,0.3735,6.1941
223.771,6.1164,0.3733,6.1943
223.805,6.1166,0.3734,6.1942
223.832,6.1159,0.373,6.1945
223.881,6.1159,0.373,6.1945
223.929,6.1151,0.3726,6.1948
223.957,6.1151,0.3726,6.1948
223.981,6.1142,0.3724,6.1954
224.031,6.1141,0.3725,6.1954
224.052,6.1132,0.3726,6.1962
224.084,6.1131,0.3725,6.1962
224.106,6.1127,0.372,6.1962
224.129,6.1126,0.3711,6.1957
224.151,6.1126,0.3717,6.196
224.184,6.1122,0.3704,6.1954
224.231,6.1123,0.3704,6.1953
224.258,6.1121,0.3707,6.1957
224.298,6.1121,0.3708,6.1957
224.321,6.1131,0.3709,6.1952
224.342,6.1118,0.3731,6.1976
224.362,6.1118,0.3724,6.197
224.406,6.111,0.3737,6.1986
224.449,6.1114,0.3735,6.1981
224.482,6.1094,0.3742,6.2001
224.508,6.1095,0.3742,6.2
224.544,6.1078,0.3744,6.2014
224.569,6.1077,0.3744,6.2014
224.627,6.1062,0.375,6.2029
224.657,6.1063,0.375,6.2029
224.689,6.1054,0.3755,6.2039
224.714,6.1055,0.3754,6.2038
224.756,6.1046,0.3757,6.2046
224.77,6.1043,0.3761,6.205
224.791,6.1046,0.3758,6.2047
224.827,6.1041,0.3769,6.2058
224.858,6.1041,0.3767,6.2056
224.906,6.104,0.3777,6.2064
224.951,6.104,0.3775,6.2062
224.98,6.1038,0.3786,6.2072
225.006,6.1039,0.3784,6.207
225.021,6.1038,0.3793,6.2076
225.051,6.1038,0.3799,6.2081
225.074,6.1038,0.3794,6.2077
225.121,6.1039,0.3805,6.2084
225.128,6.1038,0.3802,6.2082
225.177,6.1039,0.381,6.2087
225.205,6.1038,0.3809,6.2087
225.234,6.1038,0.3814,6.2091
225.291,6.1038,0.3814,6.2091
225.318,6.1037,0.3816,6.2093
225.354,6.1037,0.3816,6.2093
225.378,6.1035,0.3818,6.2095
225.396,6.1033,0.382,6.2099
225.42,6.1035,0.3818,6.2096
225.474,6.1031,0.3825,6.2104
225.491,6.1031,0.3823,6.2102
225.522,6.1026,0.3832,6.2111
225.556,6.1026,0.3832,6.2111
225.569,6.1012,0.3837,6.2125
225.598,6.0993,0.3834,6.2137
225.64,6.1002,0.3835,6.2131
225.653,6.102,0.3842,6.2123
225.713,6.1015,0.3837,6.2123
225.732,6.1044,0.3868,6.2124
225.783,6.1045,0.387,6.2124
225.818,6.1085,0.3915,6.2126
225.85,6.1081,0.3911,6.2126
225.885,6.1105,0.3936,6.2126
225.905,6.112,0.3949,6.2124
225.932,6.1108,0.3938,6.2126
225.993,6.1124,0.3954,6.2124
226.038,6.1132,0.396,6.2122
226.056,6.1131,0.3959,6.2123
226.089,6.1137,0.3965,6.2123
226.121,6.1137,0.3965,6.2123
226.147,6.114,0.3973,6.2126
226.161,6.1144,0.3979,6.2127
226.207,6.1141,0.3975,6.2126
226.243,6.1147,0.3985,6.213
226.264,6.1146,0.3984,6.2129
226.289,6.1149,0.3989,6.213
226.338,6.1149,0.3989,6.213
226.365,6.1152,0.3993,6.2132
226.397,6.1152,0.3993,6.2132
226.417,6.1154,0.3996,6.2132
226.443,6.1155,0.3999,6.2133
226.468,6.1155,0.3997,6.2132
226.506,6.1157,0.4,6.2133
226.558,6.1156,0.4,6.2133
226.577,6.1157,0.4001,6.2133
226.596,6.1157,0.4003,6.2134
226.626,6.1157,0.4001,6.2133
226.661,6.1158,0.4005,6.2136
226.687,6.1157,0.4004,6.2135
226.718,6.1158,0.4007,6.2136
226.752,6.1158,0.4007,6.2136
226.792,6.116,0.4008,6.2136
226.82,6.116,0.4008,6.2136
226.852,6.1162,0.4009,6.2136
226.883,6.1162,0.401,6.2136
226.903,6.1162,0.401,6.2136
226.953,6.1163,0.4011,6.2136
226.986,6.1162,0.4011,6.2136
227.048,6.1163,0.4011,6.2136
227.05,6.1163,0.4011,6.2136
227.085,6.1163,0.4011,6.2136
227.102,6.1163,0.4011,6.2136
227.129,6.1164,0.4012,6.2136
227.174,6.1164,0.4012,6.2136
227.211,6.1164,0.4012,6.2136
227.265,6.1164,0.4012,6.2136
227.3,6.1165,0.4013,6.2136
227.325,6.1165,0.4013,6.2136
227.359,6.1166,0.4013,6.2135
227.392,6.1166,0.4013,6.2135
227.441,6.1167,0.4013,6.2134
227.466,6.1167,0.4013,6.2134
227.505,6.1209,0.3983,6.2083
227.58,6.1205,0.3987,6.2089
227.598,6.1278,0.393,6.1997
227.62,6.1259,0.3944,6.202
227.648,6.1365,0.3872,6.1893
227.687,6.1354,0.3879,6.1907
227.714,6.1485,0.3792,6.1752
227.737,6.148,0.3796,6.1758
227.753,6.1597,0.3714,6.1617
227.806,6.1623,0.3692,6.1583
227.84,6.1724,0.3598,6.1445
227.861,6.1831,0.3526,6.1318
227.884,6.1744,0.3583,6.142
227.925,6.196,0.3448,6.1171
227.95,6.1901,0.3487,6.1239
227.994,6.2093,0.3365,6.1017
228.027,6.208,0.3373,6.1032
228.067,6.225,0.3302,6.086
228.107,6.2268,0.3292,6.0841
228.134,6.2485,0.3201,6.0621
228.16,6.2451,0.3216,6.0656
228.173,6.2603,0.3072,6.0447
228.229,6.2612,0.3079,6.0444
228.252,6.2739,0.3031,6.032
228.278,6.2815,0.2969,6.0222
228.298,6.276,0.3017,6.0295
228.328,6.2891,0.2894,6.0115
228.377,6.2876,0.2912,6.0139
228.413,6.2959,0.2798,6.0
228.455,6.2961,0.2798,5.9999
228.504,6.3001,0.2751,5.9938
228.52,6.2991,0.2761,5.9951
228.558,6.3007,0.2766,5.9943
228.585,6.3006,0.2761,5.9941
228.603,6.3004,0.2784,5.9958
228.662,6.3003,0.2786,5.996
228.692,6.299,0.282,5.9993
228.721,6.299,0.2819,5.9992
228.758,6.2985,0.2835,6.0007
228.798,6.2984,0.2835,6.0007
228.826,6.2982,0.2838,6.0011
228.906,6.2982,0.2837,6.0011
228.911,6.2981,0.2836,6.001
228.913,6.2981,0.2835,6.001
228.929,6.2981,0.2835,6.001
228.967,6.2981,0.2836,6.0011
229.014,6.2981,0.2835,6.001
229.039,6.2981,0.2836,6.0011
229.07,6.298,0.2836,6.0011
229.101,6.298,0.2837,6.0012
229.146,6.298,0.2836,6.0012
229.173,6.2998,0.2831,5.9995
229.221,6.3001,0.283,5.9992
229.261,6.3055,0.2793,5.9927
229.298,6.3053,0.2795,5.9931
229.328,6.313,0.2737,5.9835
229.358,6.3126,0.274,5.984
229.397,6.3227,0.2658,5.971
229.424,6.3228,0.2657,5.9709
229.463,6.3359,0.2557,5.9545
229.494,6.3362,0.2555,5.9541
229.532,6.3484,0.2474,5.9397
229.591,6.3502,0.2459,5.9374
229.611,6.3648,0.2366,5.9204
229.643,6.3627,0.2378,5.9228
229.677,6.3791,0.2286,5.9046
229.71,6.3806,0.2277,5.9029
229.746,6.4023,0.2136,5.8775
229.777,6.4037,0.2109,5.8747
229.802,6.4252,0.2013,5.8526
229.826,6.4364,0.1939,5.8393
229.902,6.4284,0.199,5.8486
229.927,6.4501,0.1851,5.8234
229.949,6.4444,0.1889,5.8302
229.978,6.467,0.1727,5.8026
230.005,6.4632,0.1755,5.8073
230.035,6.4758,0.165,5.791
230.068,6.4754,0.1654,5.7915
230.116,6.4821,0.1568,5.7807
230.137,6.4816,0.1575,5.7816
230.17,6.4838,0.1559,5.7789
230.209,6.4838,0.1559,5.7789
230.234,6.4834,0.1563,5.7794
230.251,6.4823,0.1584,5.7817
230.287,6.4831,0.1574,5.7804
230.317,6.4811,0.1598,5.7835
230.358,6.4815,0.1593,5.7829
230.39,6.4805,0.1603,5.7843
230.407,6.4806,0.1603,5.7842
230.423,6.4806,0.1601,5.7841
230.472,6.4806,0.16,5.784
230.5,6.4807,0.1597,5.7838
230.554,6.4808,0.1594,5.7835
230.586,6.4808,0.1593,5.7834
230.623,6.4808,0.1593,5.7834
230.682,6.481,0.1591,5.7832
230.71,6.4809,0.1592,5.7832
230.73,6.4827,0.1569,5.7804
230.756,6.4831,0.1566,5.7798
230.789,6.4881,0.1522,5.7732
230.822,6.4884,0.152,5.7729
230.861,6.4952,0.1474,5.7648
230.889,6.4994,0.1444,5.7597
230.924,6.506,0.1393,5.7514
230.943,6.5171,0.1316,5.7381
230.975,6.5114,0.1354,5.7448
231.011,6.5241,0.1262,5.7293
231.05,6.5234,0.1267,5.7302
231.068,6.5343,0.1203,5.7179
231.11,6.5357,0.1196,5.7165
231.153,6.5555,0.1069,5.6934
231.193,6.5549,0.1073,5.6941
231.236,6.5787,0.0913,5.666
231.254,6.5779,0.0919,5.6669
231.277,6.6001,0.0796,5.6425
231.304,6.6148,0.0704,5.6256
231.343,6.6031,0.0779,5.6391
231.416,6.6218,0.0657,5.6173
231.45,6.6465,0.0477,5.5871
231.461,6.6417,0.0512,5.593
231.492,6.6628,0.0351,5.5665
231.547,6.6629,0.035,5.5664
231.577,6.6813,0.0203,5.5431
231.594,6.6824,0.0193,5.5415
231.618,6.6904,0.0108,5.5298
231.667,6.6937,0.0088,5.5261
231.676,6.6966,0.0068,5.5227
231.703,6.6982,0.0043,5.5198
231.744,6.6983,0.0047,5.52
231.78,6.6987,0.0045,5.5195
231.804,6.6987,0.0045,5.5195
231.822,6.6967,0.0061,5.5221
231.861,6.6943,0.0079,5.5251
231.878,6.6957,0.0069,5.5234
231.916,6.6926,0.0093,5.5273
231.973,6.693,0.009,5.5268
231.983,6.6918,0.0099,5.5283
232.032,6.6914,0.01,5.5286
232.04,6.6917,0.01,5.5284
232.102,6.6913,0.01,5.5287
232.142,6.691,0.0099,5.5288
232.199,6.691,0.01,5.5289
232.227,6.6905,0.0104,5.5295
232.246,6.6906,0.0103,5.5294
232.271,6.6901,0.0107,5.53
232.295,6.6901,0.0107,5.53
232.313,6.6897,0.0109,5.5305
232.348,6.6893,0.0114,5.5311
232.379,6.6894,0.0114,5.531
232.415,6.689,0.0113,5.5312
232.45,6.689,0.0113,5.5312
232.473,6.6893,0.0112,5.5309
232.521,6.6893,0.0112,5.5309
232.534,6.6897,0.011,5.5305
232.586,6.6899,0.0108,5.5303
232.597,6.6902,0.0106,5.5299
232.616,6.6906,0.0102,5.5293
232.657,6.6906,0.0103,5.5294
232.702,6.691,0.0099,5.5288
232.748,6.6909,0.0099,5.5288
232.755,6.6915,0.0097,5.5284
232.787,6.6919,0.0096,5.5279
232.804,6.6915,0.0098,5.5284
232.858,6.6924,0.0095,5.5276
232.885,6.6922,0.0095,5.5277
232.915,6.693,0.0095,5.5271
232.943,6.6929,0.0095,5.5272
232.973,6.6938,0.0089,5.5261
233.004,6.694,0.0089,5.526
233.034,6.695,0.009,5.5254
233.049,6.6959,0.0093,5.5249
233.076,6.6955,0.0092,5.5252
233.138,6.697,0.0102,5.5248
233.174,6.6966,0.0099,5.5249
233.201,6.6976,0.011,5.5249
233.224,6.6975,0.0109,5.5249
233.245,6.6983,0.0119,5.525
233.286,6.6985,0.012,5.525
233.302,6.699,0.0127,5.5251
233.323,6.6994,0.0136,5.5255
233.35,6.6991,0.0132,5.5254
233.391,6.6998,0.0147,5.5259
233.42,6.6996,0.0144,5.5258
233.456,6.7005,0.0161,5.5264
233.496,6.7006,0.0164,5.5266
233.502,6.7012,0.0175,5.5269
233.542,6.702,0.0204,5.5285
233.563,6.7018,0.0186,5.5273
233.619,6.7048,0.022,5.5276
233.645,6.7041,0.0218,5.528
233.685,6.7057,0.024,5.5284
233.716,6.7057,0.0239,5.5283
233.753,6.7055,0.022,5.5271
233.789,6.7055,0.022,5.5271
233.815,6.7032,0.0239,5.5301
233.835,6.7014,0.0252,5.5322
233.862,6.7029,0.0246,5.5308
233.904,6.6969,0.0286,5.5378
233.928,6.699,0.0266,5.5349
233.973,6.6953,0.0289,5.5392
234.0,6.6961,0.0291,5.5388
234.041,6.6908,0.0252,5.5398
234.065,6.6911,0.0257,5.5399
234.099,6.6897,0.0256,5.5408
234.132,6.6898,0.0257,5.5408
234.151,6.6895,0.0247,5.5404
234.182,6.6894,0.0241,5.54
234.211,6.6895,0.0244,5.5401
234.247,6.6888,0.024,5.5403
234.279,6.689,0.024,5.5402
234.313,6.6877,0.0242,5.5412
234.347,6.6876,0.0242,5.5413
234.37,6.686,0.0244,5.5426
234.385,6.6841,0.0247,5.5442
234.421,6.6851,0.0245,5.5433
234.455,6.6821,0.0251,5.5458
234.493,6.6827,0.025,5.5454
234.54,6.6804,0.0258,5.5476
234.558,6.6805,0.0258,5.5474
234.587,6.679,0.0269,5.5493
234.622,6.6788,0.0271,5.5496
234.637,6.6781,0.0279,5.5507
234.667,6.6766,0.0294,5.5528
234.691,6.6772,0.0288,5.5519
234.733,6.6752,0.0306,5.5547
234.763,6.6754,0.0304,5.5544
234.789,6.6736,0.0318,5.5566
234.834,6.6732,0.032,5.557
234.871,6.672,0.0326,5.5583
234.92,6.6717,0.0327,5.5585
234.976,6.67,0.033,5.56
234.979,6.6702,0.033,5.5599
234.989,6.6689,0.0331,5.5609
235.044,6.6687,0.0331,5.561
235.07,6.668,0.0332,5.5615
235.087,6.6671,0.0333,5.5623
235.118,6.6676,0.0332,5.5619
235.178,6.6665,0.0335,5.5628
235.187,6.6666,0.0335,5.5628
235.22,6.6659,0.0336,5.5633
235.256,6.6659,0.0336,5.5633
235.272,6.6649,0.0351,5.5651
235.324,6.6652,0.0343,5.5643
235.358,6.665,0.0349,5.5649
235.403,6.6649,0.0348,5.5649
235.436,6.6642,0.0343,5.565
235.467,6.6642,0.0342,5.565
235.48,6.6642,0.0336,5.5646
235.515,6.6647,0.0328,5.5636
235.544,6.6643,0.0331,5.5641
235.594,6.6655,0.0321,5.5625
235.608,6.6652,0.0323,5.5629
235.644,6.6666,0.0316,5.5614
235.678,6.6665,0.0317,5.5616
235.717,6.6676,0.0313,5.5605
235.755,6.6677,0.0312,5.5604
235.807,6.6685,0.0309,5.5595
235.822,6.6685,0.0309,5.5596
235.859,6.6685,0.0308,5.5595
235.896,6.6685,0.0308,5.5595
235.954,6.6683,0.0309,5.5598
235.977,6.6683,0.0309,5.5598
236.014,6.6675,0.0311,5.5604
236.055,6.6677,0.0311,5.5603
236.11,6.6652,0.032,5.5627
236.118,6.6662,0.0317,5.5618
236.155,6.6643,0.0323,5.5636
236.169,6.6634,0.0326,5.5644
236.192,6.661,0.0337,5.5669
236.24,6.6616,0.0333,5.5662
236.27,6.6588,0.0348,5.5693
236.308,6.6585,0.0351,5.5696
236.342,6.6569,0.0352,5.5709
236.374,6.6561,0.0355,5.5717
236.393,6.6554,0.0361,5.5725
236.413,6.6554,0.0362,5.5726
236.443,6.6552,0.0363,5.5729
236.476,6.6574,0.0357,5.5709
236.532,6.6572,0.0358,5.5711
236.594,6.6626,0.0342,5.5661
236.601,6.6609,0.0346,5.5676
236.629,6.6657,0.0336,5.5635
236.655,6.6652,0.0337,5.5639
236.694,6.6686,0.0332,5.5611
236.744,6.6686,0.0332,5.5611
236.763,6.6717,0.0333,5.559
236.821,6.6717,0.0333,5.559
236.848,6.675,0.0329,5.5564
236.88,6.6743,0.0331,5.557
236.904,6.6754,0.0329,5.5561
236.936,6.6754,0.0328,5.5561
236.981,6.6762,0.0321,5.555
237.003,6.6762,0.0321,5.555
237.029,6.6772,0.0319,5.5542
237.077,6.6774,0.0319,5.554
237.08,6.6782,0.0317,5.5533
237.111,6.679,0.0313,5.5525
237.148,6.6789,0.0314,5.5526
237.185,6.6796,0.0309,5.5517
237.226,6.6795,0.0309,5.5518
237.258,6.6804,0.0305,5.5509
237.303,6.6804,0.0304,5.5508
237.335,6.6812,0.0298,5.5498
237.359,6.6812,0.0299,5.5499
237.383,6.6819,0.0295,5.5491
237.404,6.6825,0.0293,5.5485
237.429,6.6821,0.0295,5.5489
237.468,6.6833,0.029,5.5478
237.503,6.6831,0.0291,5.548
237.539,6.6839,0.0288,5.5472
237.57,6.6838,0.0288,5.5472
237.615,6.6843,0.0285,5.5467
237.656,6.6843,0.0286,5.5468
237.682,6.6845,0.0283,5.5464
237.709,6.6845,0.0283,5.5464
237.739,6.6847,0.028,5.5461
237.784,6.6847,0.0281,5.5461
237.808,6.685,0.028,5.5459
237.831,6.685,0.028,5.5459
237.854,6.6852,0.0279,5.5457
237.881,6.6852,0.0279,5.5456
237.899,6.6852,0.0279,5.5456
237.946,6.6854,0.0279,5.5455
237.997,6.6853,0.0279,5.5456
238.0,6.6854,0.0278,5.5454
238.067,6.6854,0.0277,5.5454
238.098,6.6856,0.0277,5.5452
238.147,6.6856,0.0277,5.5452
238.162,6.6857,0.0277,5.5452
238.198,6.6857,0.0277,5.5451
238.242,6.6858,0.0277,5.545
238.279,6.6859,0.0277,5.545
238.305,6.686,0.0276,5.5448
238.343,6.6861,0.0276,5.5448
238.377,6.6862,0.0275,5.5447
238.389,6.6863,0.0274,5.5445
238.404,6.6862,0.0274,5.5446
238.467,6.6864,0.0272,5.5443
238.49,6.6864,0.0272,5.5443
238.505,6.6864,0.0271,5.5442
238.546,6.6864,0.0271,5.5442
238.568,6.6864,0.0271,5.5442
238.616,6.6864,0.0271,5.5442
238.649,6.6866,0.0271,5.5441
238.683,6.6866,0.0271,5.5441
238.707,6.6867,0.027,5.544
238.721,6.6868,0.0269,5.5439
238.768,6.6867,0.027,5.5439
238.811,6.6877,0.0274,5.5435
238.824,6.6877,0.0274,5.5435
238.852,6.6874,0.0286,5.5445
238.899,6.6875,0.0288,5.5446
238.913,6.6879,0.0294,5.5448
238.935,6.6883,0.0303,5.5451
238.963,6.6881,0.0299,5.5449
239.0,6.6884,0.0308,5.5454
239.034,6.6884,0.0307,5.5454
239.066,6.6883,0.0311,5.5457
239.119,6.6883,0.0312,5.5458
239.121,6.688,0.0315,5.5462
239.159,6.6874,0.0319,5.5469
239.178,6.6877,0.0317,5.5466
239.223,6.6865,0.0326,5.5481
239.278,6.6865,0.0327,5.5481
239.347,6.6841,0.0337,5.5505
239.349,6.6846,0.0334,5.55
239.388,6.6834,0.0356,5.5524
239.403,6.6834,0.0352,5.5521
239.426,6.6825,0.0373,5.5542
239.475,6.6826,0.0374,5.5543
239.516,6.6817,0.0414,5.5576
239.554,6.6819,0.041,5.5573
239.571,6.6826,0.0425,5.5578
239.6,6.6828,0.0424,5.5576
239.638,6.6839,0.0418,5.5563
239.67,6.6855,0.0407,5.5544
239.683,6.6842,0.0416,5.556
239.727,6.6871,0.0399,5.5528
239.752,6.6862,0.0404,5.5538
239.801,6.6881,0.0399,5.5521
239.834,6.6878,0.0397,5.5521
239.872,6.6899,0.0396,5.5506
239.917,6.6897,0.0396,5.5507
239.923,6.6925,0.0409,5.5496
239.979,6.6929,0.0411,5.5495
239.982,6.6939,0.0418,5.5493
239.998,6.6952,0.0427,5.549
240.051,6.6945,0.0423,5.5492
240.112,6.6962,0.0433,5.5488
240.15,6.6976,0.0441,5.5483
240.174,6.6976,0.0441,5.5483
240.214,6.6984,0.0442,5.5478
240.242,6.6984,0.0442,5.5478
240.267,6.6991,0.0442,5.5473
240.286,6.6997,0.0441,5.5468
240.303,6.6992,0.0441,5.5472
240.344,6.7003,0.0442,5.5464
240.374,6.7002,0.0441,5.5465
240.414,6.7009,0.0443,5.5462
240.45,6.7008,0.0443,5.5462
240.488,6.7015,0.0443,5.5457
240.512,6.7015,0.0443,5.5457
240.534,6.7019,0.0442,5.5454
240.557,6.7023,0.0442,5.545
240.587,6.7021,0.0442,5.5452
240.616,6.7026,0.0441,5.5448
240.666,6.7025,0.0441,5.5449
240.677,6.7029,0.044,5.5445
240.724,6.703,0.044,5.5445
240.757,6.7032,0.044,5.5443
240.768,6.7035,0.0439,5.5441
240.797,6.7033,0.044,5.5442
240.832,6.7036,0.0439,5.5439
240.872,6.7036,0.0439,5.544
240.899,6.7038,0.044,5.5439
240.931,6.704,0.0439,5.5437
240.964,6.7039,0.044,5.5438
241.001,6.7042,0.0438,5.5435
241.012,6.7041,0.0439,5.5436
241.052,6.7043,0.0438,5.5433
241.096,6.7043,0.0438,5.5434
241.145,6.7045,0.0438,5.5433
241.17,6.7045,0.0438,5.5433
241.204,6.7048,0.0439,5.5431
241.259,6.7048,0.0439,5.5431
241.277,6.7049,0.0439,5.5431
241.31,6.7048,0.0439,5.5431
241.326,6.7049,0.0439,5.543
241.368,6.7049,0.0439,5.5431
241.401,6.7049,0.0439,5.5431
241.449,6.7049,0.0439,5.5431
241.473,6.7064,0.0428,5.5412
241.509,6.7064,0.0427,5.5411
241.546,6.7106,0.0395,5.5359
241.561,6.7106,0.0396,5.536
241.58,6.7184,0.0347,5.527
241.633,6.7233,0.0317,5.5214
241.651,6.7295,0.028,5.5144
241.661,6.7407,0.0217,5.5021
241.701,6.7375,0.0235,5.5056
241.723,6.7527,0.0179,5.4909
241.787,6.7548,0.0171,5.4889
241.812,6.7622,0.0136,5.4812
241.823,6.7803,0.0054,5.4626
241.874,6.7723,0.0094,5.471
241.921,6.7977,-0.0085,5.4405
241.935,6.7935,-0.0046,5.4462
241.965,6.8143,-0.0134,5.4254
241.978,6.8269,-0.0227,5.4099
242.008,6.816,-0.0148,5.4231
242.061,6.843,-0.0342,5.3904
242.073,6.8362,-0.0292,5.3988
242.108,6.8578,-0.0465,5.3713
242.142,6.8564,-0.0453,5.3732
242.175,6.8722,-0.0583,5.3528
242.202,6.8727,-0.0587,5.3522
242.223,6.8813,-0.07,5.3381
242.249,6.8904,-0.0727,5.3298
242.271,6.8852,-0.073,5.3332
242.305,6.8956,-0.0764,5.3235
242.342,6.8944,-0.0756,5.3249
242.363,6.8953,-0.0789,5.3219
242.418,6.8953,-0.0789,5.3219
242.428,6.8945,-0.0785,5.3228
242.468,6.8921,-0.0762,5.3261
242.492,6.8937,-0.0779,5.3237
242.55,6.8901,-0.0745,5.3287
242.575,6.8876,-0.0723,5.332
242.596,6.8854,-0.0704,5.3349
242.633,6.8859,-0.0709,5.3342
242.668,6.8842,-0.0693,5.3365
242.701,6.8843,-0.0694,5.3364
242.749,6.8834,-0.0688,5.3374
242.77,6.883,-0.0686,5.3379
242.792,6.8834,-0.0688,5.3374
242.858,6.8827,-0.0684,5.3382
242.886,6.8819,-0.068,5.3391
242.939,6.8819,-0.0681,5.339
242.967,6.8812,-0.0676,5.3398
242.991,6.8812,-0.0676,5.3398
243.027,6.8809,-0.0678,5.3399
243.054,6.8809,-0.0678,5.3399
243.099,6.882,-0.0694,5.3381
243.126,6.8821,-0.0695,5.3378
243.147,6.8856,-0.0716,5.3339
243.19,6.8913,-0.0755,5.3272
243.209,6.8879,-0.0731,5.3312
243.266,6.8976,-0.0797,5.3198
243.277,6.8942,-0.0774,5.3237
243.318,6.9076,-0.0851,5.3089
243.334,6.9045,-0.0834,5.3122
243.367,6.917,-0.0895,5.2992
243.405,6.9182,-0.0903,5.2977
243.414,6.9281,-0.0959,5.2868
243.44,6.9406,-0.1038,5.2725
243.479,6.9332,-0.0991,5.281
243.513,6.9578,-0.1152,5.2523
243.548,6.9532,-0.1122,5.2576
243.579,6.9748,-0.1249,5.2336
243.614,6.9762,-0.1263,5.2316
243.62,6.9905,-0.138,5.2132
243.678,7.0098,-0.1463,5.1938
243.686,7.0007,-0.1419,5.2033
243.718,7.0195,-0.1522,5.1828
243.77,7.0165,-0.1505,5.1861
243.791,7.0338,-0.161,5.1666
243.838,7.0337,-0.161,5.1667
243.864,7.0479,-0.1702,5.1502
243.897,7.0502,-0.1718,5.1474
243.922,7.0586,-0.179,5.1364
243.946,7.0635,-0.1839,5.1295
243.977,7.0611,-0.1806,5.1335
243.995,7.0665,-0.1874,5.1249
244.052,7.0657,-0.1868,5.1259
244.065,7.0676,-0.1879,5.1238
244.128,7.0677,-0.1876,5.1239
244.149,7.0665,-0.1863,5.1256
244.186,7.0664,-0.1862,5.1258
244.224,7.0654,-0.1843,5.1279
244.242,7.0654,-0.1842,5.1279
244.278,7.065,-0.1836,5.1286
244.289,7.065,-0.1836,5.1287
244.326,7.065,-0.1835,5.1287
244.369,7.0652,-0.1839,5.1283
244.394,7.0651,-0.1838,5.1284
244.43,7.0654,-0.1842,5.1279
244.496,7.0654,-0.1842,5.1279
244.507,7.0656,-0.1843,5.1278
244.536,7.0656,-0.1843,5.1278
244.568,7.0656,-0.1842,5.1278
244.605,7.0656,-0.1842,5.1278
244.628,7.0661,-0.1846,5.1272
244.674,7.0662,-0.1847,5.127
244.707,7.0697,-0.1878,5.1224
244.749,7.0702,-0.1882,5.1218
244.778,7.0763,-0.1921,5.1147
244.803,7.0841,-0.1968,5.1059
244.815,7.0776,-0.1929,5.1133
244.855,7.0935,-0.2033,5.0947
244.896,7.0909,-0.2014,5.0979
244.915,7.1053,-0.2111,5.0809
244.941,7.1032,-0.2098,5.0834
244.966,7.1138,-0.2164,5.0713
245.015,7.1171,-0.219,5.0671
245.023,7.1224,-0.2225,5.0609
245.061,7.1357,-0.2302,5.0462
245.102,7.1325,-0.2283,5.0498
245.139,7.1537,-0.2411,5.0258
245.159,7.1498,-0.2391,5.03
245.193,7.1711,-0.2514,5.0064
245.245,7.1726,-0.2518,5.0051
245.292,7.1944,-0.2624,4.9824
245.298,7.1939,-0.2622,4.9829
245.329,7.2078,-0.2692,4.9682
245.376,7.2112,-0.2713,4.9643
245.382,7.2232,-0.279,4.9505
245.422,7.237,-0.2886,4.9341
245.431,7.2274,-0.2816,4.9458
245.488,7.2455,-0.2952,4.9235
245.524,7.243,-0.2934,4.9265
245.551,7.2497,-0.301,4.9164
245.581,7.2497,-0.301,4.9164
245.621,7.2515,-0.3026,4.914
245.666,7.2515,-0.3026,4.914
245.692,7.2512,-0.3013,4.9151
245.718,7.2507,-0.3014,4.9154
245.754,7.2499,-0.3,4.917
245.772,7.2487,-0.2988,4.9187
245.792,7.2492,-0.2994,4.9179
245.83,7.2484,-0.2986,4.919
245.862,7.2485,-0.2986,4.919
245.889,7.2485,-0.2989,4.9187
245.941,7.2486,-0.299,4.9186
245.958,7.2488,-0.2995,4.9181
245.99,7.2489,-0.2997,4.9178
246.007,7.2488,-0.2996,4.918
246.043,7.2489,-0.2997,4.9179
246.08,7.2489,-0.2998,4.9178
246.113,7.2488,-0.2997,4.918
246.144,7.2488,-0.2997,4.918
246.171,7.2489,-0.2997,4.9179
246.221,7.2488,-0.2999,4.9178
246.233,7.248,-0.3006,4.9178
246.271,7.2487,-0.3019,4.9164
246.286,7.2487,-0.3017,4.9165
246.323,7.2481,-0.3025,4.9164
246.358,7.2482,-0.3022,4.9165
246.389,7.2481,-0.3034,4.9157
246.428,7.2481,-0.3035,4.9156
246.463,7.248,-0.3042,4.9152
246.488,7.248,-0.3042,4.9152
246.525,7.2484,-0.3047,4.9146
246.561,7.2484,-0.3048,4.9145
246.594,7.2486,-0.3049,4.9143
246.622,7.2489,-0.305,4.914
246.64,7.2493,-0.305,4.9137
246.657,7.2497,-0.3051,4.9134
246.703,7.2497,-0.3051,4.9134
246.73,7.2505,-0.3053,4.9127
246.77,7.2505,-0.3053,4.9127
246.789,7.2512,-0.3055,4.912
246.815,7.2524,-0.3058,4.9111
246.841,7.2518,-0.3056,4.9116
246.869,7.2533,-0.3056,4.9106
246.902,7.2531,-0.3056,4.9107
246.919,7.2543,-0.3055,4.9099
246.98,7.2545,-0.3055,4.9098
246.987,7.2553,-0.3054,4.9093
247.017,7.2557,-0.3053,4.9091
247.046,7.2556,-0.3053,4.9092
247.092,7.256,-0.305,4.9092
247.117,7.2559,-0.305,4.9092
247.141,7.2552,-0.3042,4.9103
247.203,7.255,-0.3042,4.9104
247.233,7.2521,-0.3045,4.9122
247.26,7.2515,-0.3049,4.9123
247.286,7.2485,-0.3073,4.9126
247.338,7.2488,-0.3056,4.9136
247.369,7.248,-0.3054,4.9144
247.373,7.2469,-0.3043,4.9159
247.402,7.2472,-0.3055,4.9148
247.443,7.2442,-0.3051,4.9171
247.476,7.2452,-0.3046,4.9168
247.517,7.2458,-0.3065,4.915
247.544,7.2459,-0.3065,4.915
247.588,7.2465,-0.3047,4.9159
247.61,7.2465,-0.3046,4.9159
247.629,7.2459,-0.3063,4.9151
247.678,7.2458,-0.3066,4.9149
247.725,7.2456,-0.3065,4.9152
247.745,7.2456,-0.3063,4.9153
247.768,7.2457,-0.3063,4.9153
247.794,7.2463,-0.3053,4.9156
247.837,7.2461,-0.3056,4.9155
247.858,7.2466,-0.3046,4.9159
247.91,7.2466,-0.3046,4.9159
247.92,7.2466,-0.3042,4.9162
247.957,7.2465,-0.3041,4.9163
247.989,7.2462,-0.304,4.9165
248.009,7.2462,-0.3039,4.9166
248.039,7.2461,-0.304,4.9167
248.079,7.2462,-0.3038,4.9168
248.101,7.2462,-0.3038,4.9167
248.124,7.2462,-0.3037,4.9168
248.181,7.2462,-0.3037,4.9168
248.206,7.2461,-0.3036,4.9169
248.247,7.2461,-0.3036,4.9169
248.271,7.246,-0.3036,4.9171
248.293,7.2459,-0.3035,4.9171
248.323,7.2459,-0.3036,4.9171
248.359,7.2459,-0.3035,4.9172
248.387,7.2459,-0.3035,4.9172
248.427,7.2458,-0.3034,4.9173
248.466,7.2458,-0.3034,4.9173
248.485,7.2449,-0.304,4.9175
248.538,7.2449,-0.3039,4.9176
248.546,7.2456,-0.3032,4.9175
248.562,7.2456,-0.3028,4.9178
248.588,7.2456,-0.303,4.9178
248.607,7.2463,-0.3025,4.9177
248.658,7.2463,-0.3024,4.9176
248.675,7.2476,-0.3021,4.917
248.724,7.2478,-0.3021,4.9169
248.742,7.2488,-0.3018,4.9164
248.769,7.2498,-0.3018,4.9157
248.822,7.2497,-0.3019,4.9157
248.861,7.2507,-0.3021,4.9149
248.878,7.2505,-0.302,4.9151
248.928,7.2514,-0.3023,4.9143
248.959,7.2514,-0.3023,4.9142
248.994,7.2521,-0.3025,4.9136
249.02,7.2523,-0.3026,4.9134
249.038,7.2526,-0.3029,4.9129
249.061,7.2531,-0.3033,4.9124
249.089,7.2527,-0.3031,4.9128
249.142,7.2534,-0.3037,4.9118
249.168,7.2534,-0.3036,4.9119
249.204,7.2536,-0.3041,4.9114
249.237,7.2536,-0.3041,4.9114
249.278,7.2535,-0.3048,4.911
249.319,7.2535,-0.3049,4.9109
249.351,7.2526,-0.3055,4.9111
249.379,7.2528,-0.3054,4.911
249.415,7.2516,-0.3062,4.9114
249.442,7.2516,-0.3061,4.9113
249.468,7.2508,-0.3068,4.9114
249.502,7.2507,-0.307,4.9113
249.528,7.2503,-0.3072,4.9114
249.543,7.2503,-0.3076,4.9112
249.581,7.2503,-0.3075,4.9112
249.611,7.2504,-0.3078,4.9109
249.649,7.2504,-0.3077,4.911
249.666,7.2509,-0.308,4.9104
249.721,7.251,-0.308,4.9103
249.746,7.2515,-0.3082,4.9099
249.781,7.2517,-0.3083,4.9096
249.803,7.2517,-0.3083,4.9097
249.843,7.2518,-0.3086,4.9093
249.88,7.2518,-0.3085,4.9095
249.908,7.2514,-0.3091,4.9093
249.94,7.2514,-0.3091,4.9093
249.977,7.2508,-0.3102,4.909
250.02,7.2508,-0.3101,4.909
250.071,7.2499,-0.3096,4.91
250.096,7.2502,-0.3098,4.9096
250.141,7.2499,-0.3095,4.91
250.148,7.25,-0.3098,4.9098
250.165,7.2499,-0.3096,4.91
250.231,7.2489,-0.3103,4.9102
250.27,7.2489,-0.3076,4.9121
250.296,7.2489,-0.3077,4.9121
250.317,7.251,-0.3039,4.9134
250.357,7.251,-0.3038,4.9134
250.369,7.2513,-0.3039,4.9132
250.392,7.2508,-0.3045,4.913
250.425,7.2511,-0.3042,4.9131
250.467,7.2513,-0.3047,4.9126
250.491,7.2511,-0.3047,4.9127
250.526,7.251,-0.3047,4.9128
250.568,7.2509,-0.3048,4.9128
250.593,7.2507,-0.3053,4.9126
250.62,7.2499,-0.3057,4.9128
250.645,7.2506,-0.3054,4.9126
250.678,7.2487,-0.3054,4.9138
250.713,7.2492,-0.3055,4.9134
250.753,7.2475,-0.3049,4.915
250.779,7.2476,-0.3049,4.9149
250.817,7.2465,-0.3044,4.9161
250.853,7.2465,-0.3043,4.9161
250.868,7.2461,-0.3042,4.9165
250.895,7.246,-0.304,4.9167
250.911,7.246,-0.3041,4.9166
250.956,7.2458,-0.3039,4.9169
250.991,7.2459,-0.304,4.9168
251.028,7.2457,-0.3039,4.9171
251.051,7.2457,-0.3039,4.917
251.082,7.2452,-0.3036,4.9175
251.117,7.2453,-0.3036,4.9175
251.151,7.245,-0.3034,4.9178
251.198,7.245,-0.3034,4.9179
251.224,7.2447,-0.3031,4.9183
251.284,7.2445,-0.3028,4.9186
251.33,7.2442,-0.3026,4.919
251.351,7.2443,-0.3026,4.9189
251.368,7.2444,-0.3027,4.9188
251.405,7.2444,-0.3027,4.9187
251.441,7.2474,-0.304,4.9158
251.466,7.2508,-0.3076,4.9108
251.49,7.2478,-0.3042,4.9153
251.519,7.255,-0.3133,4.9038
251.555,7.2535,-0.3113,4.9063
251.584,7.2611,-0.3196,4.895
251.621,7.2622,-0.3206,4.8935
251.648,7.2682,-0.3273,4.8845
251.69,7.2744,-0.3312,4.8774
251.711,7.2826,-0.3365,4.868
251.736,7.2955,-0.344,4.8537
251.766,7.2892,-0.3402,4.8607
251.798,7.3088,-0.3526,4.8383
251.834,7.3062,-0.3509,4.8413
251.874,7.3244,-0.3627,4.8202
251.904,7.324,-0.3624,4.8208
251.918,7.3388,-0.3736,4.8025
251.971,7.3421,-0.3765,4.7981
251.973,7.3489,-0.3841,4.7879
252.011,7.3615,-0.3932,4.7727
252.039,7.3558,-0.3893,4.7794
252.072,7.374,-0.4018,4.7578
252.104,7.3725,-0.4004,4.7599
252.127,7.3955,-0.4061,4.7401
252.171,7.3956,-0.4059,4.7402
252.202,7.4083,-0.4103,4.7283
252.256,7.41,-0.4103,4.7271
252.274,7.4137,-0.4113,4.7239
252.313,7.4146,-0.4119,4.7229
252.318,7.4171,-0.4132,4.7203
252.352,7.416,-0.4132,4.721
252.383,7.4162,-0.4133,4.7207
252.426,7.4143,-0.4111,4.7237
252.468,7.4143,-0.4111,4.7237
252.501,7.4131,-0.4086,4.7264
252.54,7.413,-0.4084,4.7265
252.563,7.413,-0.4076,4.7271
252.631,7.413,-0.4074,4.7273
252.639,7.4131,-0.4072,4.7273
252.672,7.4131,-0.4071,4.7274
252.679,7.413,-0.4071,4.7274
252.744,7.4128,-0.407,4.7277
252.77,7.4126,-0.4069,4.7279
252.784,7.4125,-0.4067,4.7282
252.815,7.4126,-0.4068,4.728
252.893,7.4128,-0.4067,4.728
252.896,7.4126,-0.4067,4.7281
252.92,7.4154,-0.4075,4.7256
252.969,7.4156,-0.4076,4.7254
252.994,7.4218,-0.4089,4.7202
253.029,7.4219,-0.409,4.7201
253.07,7.431,-0.4126,4.7112
253.095,7.4307,-0.4125,4.7115
253.11,7.4374,-0.4162,4.7043
253.145,7.4444,-0.42,4.6968
253.182,7.4404,-0.4178,4.7011
253.199,7.4516,-0.4228,4.6898
253.235,7.4499,-0.4221,4.6915
253.268,7.468,-0.4289,4.6742
253.319,7.4667,-0.4286,4.6754
253.354,7.4872,-0.4405,4.6528
253.385,7.488,-0.4409,4.6519
253.414,7.5054,-0.451,4.6328
253.459,7.5057,-0.4518,4.6319
253.491,7.5226,-0.468,4.6086
253.531,7.5229,-0.4682,4.6083
253.562,7.5326,-0.4781,4.5945
253.599,7.5347,-0.4794,4.5921
253.629,7.5474,-0.4877,4.5774
253.661,7.5523,-0.4912,4.5715
253.696,7.5721,-0.497,4.554
253.73,7.572,-0.4972,4.5538
253.767,7.5834,-0.5023,4.5424
253.786,7.5894,-0.502,4.5387
253.803,7.5858,-0.5027,4.5406
253.855,7.5925,-0.5035,4.5355
253.894,7.5917,-0.5033,4.5362
253.941,7.5911,-0.5012,4.5382
253.948,7.5918,-0.502,4.5371
253.982,7.5887,-0.4986,4.5417
254.027,7.5888,-0.4987,4.5416
254.057,7.5873,-0.4966,4.5441
254.087,7.5874,-0.4967,4.5439
254.126,7.5871,-0.4961,4.5446
254.15,7.5871,-0.4961,4.5446
254.175,7.5869,-0.4958,4.545
254.217,7.5868,-0.4956,4.5452
254.276,7.5862,-0.495,4.5461
254.302,7.5862,-0.495,4.546
254.327,7.5858,-0.4945,4.5467
254.359,7.5858,-0.4945,4.5467
254.398,7.5856,-0.4939,4.5473
254.437,7.5856,-0.4938,4.5474
254.475,7.5853,-0.4933,4.5478
254.524,7.5853,-0.4933,4.5479
254.566,7.586,-0.4923,4.5482
254.61,7.5859,-0.4925,4.5482
254.644,7.5847,-0.4927,4.5487
254.68,7.5852,-0.4925,4.5486
254.709,7.5846,-0.4906,4.5504
254.728,7.5846,-0.4913,4.5498
254.752,7.5842,-0.4886,4.5521
254.781,7.5841,-0.486,4.5542
254.808,7.5842,-0.4884,4.5524
254.862,7.5841,-0.4851,4.5549
254.892,7.5842,-0.482,4.5571
254.935,7.5842,-0.4819,4.5571
254.974,7.5845,-0.4791,4.559
255.004,7.5845,-0.4792,4.559
255.032,7.5847,-0.4771,4.5604
255.054,7.5849,-0.4756,4.5614
255.079,7.5848,-0.4766,4.5607
255.112,7.585,-0.4737,4.5628
255.136,7.585,-0.4744,4.5622
255.169,7.585,-0.472,4.564
255.209,7.585,-0.4725,4.5636
255.222,7.5852,-0.4703,4.5651
255.274,7.5852,-0.4703,4.5651
255.304,7.5858,-0.4688,4.5659
255.349,7.5859,-0.4686,4.566
255.359,7.5867,-0.4674,4.5663
255.384,7.5898,-0.4653,4.5659
255.408,7.5883,-0.4661,4.5663
255.44,7.5976,-0.4632,4.5623
255.482,7.5955,-0.4637,4.5632
255.516,7.6013,-0.4596,4.5625
255.552,7.6019,-0.4592,4.5624
255.587,7.6056,-0.4588,4.5602
255.637,7.6056,-0.4578,4.561
255.64,7.6056,-0.4582,4.5608
255.67,7.6052,-0.4574,4.5616
255.708,7.6054,-0.4576,4.5613
255.724,7.604,-0.4568,4.5628
255.772,7.604,-0.4568,4.5629
255.807,7.6019,-0.4558,4.565
255.858,7.6018,-0.4556,4.5652
255.89,7.6001,-0.4528,4.5685
255.918,7.6001,-0.4529,4.5683
255.955,7.6023,-0.4494,4.5695
255.995,7.6025,-0.4491,4.5696
256.027,7.6039,-0.4484,4.5693
256.055,7.6038,-0.4484,4.5693
256.076,7.6055,-0.4448,4.5709
256.099,7.6065,-0.4399,4.5739
256.143,7.6058,-0.4435,4.5716
256.187,7.607,-0.4374,4.5755
256.231,7.6072,-0.4341,4.5778
256.251,7.6072,-0.4341,4.5778
256.28,7.6071,-0.4339,4.5781
256.303,7.6068,-0.434,4.5782
256.328,7.6071,-0.4339,4.5781
256.375,7.6065,-0.4338,4.5785
256.427,7.6066,-0.4339,4.5784
256.45,7.6066,-0.4335,4.5787
256.483,7.6065,-0.4335,4.5787
256.514,7.6066,-0.4333,4.5788
256.566,7.6066,-0.4333,4.5788
256.579,7.6065,-0.4333,4.5789
256.621,7.6065,-0.4333,4.5789
256.646,7.6065,-0.4333,4.5789
256.677,7.6065,-0.4332,4.5789
256.702,7.6065,-0.4333,4.5789
256.735,7.6066,-0.4332,4.5789
256.758,7.6066,-0.4332,4.5789
256.793,7.6065,-0.4332,4.5789
256.841,7.6065,-0.4332,4.5789
256.876,7.6065,-0.4332,4.5789
256.897,7.6065,-0.4332,4.5789
256.942,7.6066,-0.4332,4.5789
256.968,7.6066,-0.4332,4.5789
256.998,7.6077,-0.4326,4.5786
257.014,7.6098,-0.4316,4.5781
257.043,7.6086,-0.4321,4.5784
257.087,7.6133,-0.4309,4.5762
257.116,7.6117,-0.4311,4.5771
257.15,7.6166,-0.4309,4.5741
257.198,7.6172,-0.4309,4.5737
257.228,7.6248,-0.4297,4.5696
257.254,7.6314,-0.4271,4.5672
257.268,7.6251,-0.4296,4.5695
257.308,7.6414,-0.4232,4.5637
257.355,7.6349,-0.4257,4.566
257.399,7.6608,-0.4192,4.5541
257.422,7.6527,-0.4209,4.5581
257.448,7.6799,-0.4184,4.5424
257.473,7.6726,-0.4187,4.5469
257.497,7.6977,-0.4166,4.5323
257.536,7.6972,-0.4166,4.5326
257.562,7.718,-0.4169,4.519
257.603,7.7203,-0.4168,4.5176
257.631,7.7443,-0.4156,4.5032
257.657,7.7474,-0.4173,4.4999
257.675,7.7619,-0.4188,4.4895
257.705,7.7769,-0.4182,4.4805
257.749,7.7669,-0.4191,4.4861
257.766,7.7941,-0.4158,4.4714
257.801,7.7912,-0.4162,4.473
257.828,7.8139,-0.4129,4.4613
257.864,7.815,-0.4127,4.4607
257.887,7.8331,-0.4104,4.4513
257.923,7.8485,-0.4057,4.4452
257.948,7.8387,-0.4087,4.4491
257.982,7.8559,-0.4024,4.4433
258.039,7.8561,-0.4025,4.4431
258.058,7.862,-0.4013,4.4403
258.091,7.8624,-0.4013,4.4401
258.118,7.8654,-0.4016,4.4381
258.133,7.8628,-0.402,4.4393
258.166,7.865,-0.4017,4.4382
258.199,7.8603,-0.4026,4.4404
258.234,7.861,-0.4029,4.4397
258.27,7.8589,-0.4013,4.4422
258.307,7.859,-0.4013,4.4422
258.36,7.8588,-0.3993,4.4439
258.384,7.8589,-0.3986,4.4444
258.403,7.8588,-0.3995,4.4437
258.464,7.8585,-0.3985,4.4447
258.476,7.8588,-0.3986,4.4444
258.539,7.8579,-0.3987,4.4449
258.569,7.8584,-0.3986,4.4447
258.602,7.8576,-0.3987,4.4452
258.627,7.8578,-0.3987,4.445
258.656,7.8575,-0.3986,4.4452
258.688,7.8573,-0.3985,4.4454
258.726,7.8572,-0.3985,4.4455
258.759,7.8577,-0.3997,4.4443
258.791,7.8574,-0.3995,4.4446
258.828,7.8569,-0.3983,4.4459
258.876,7.8569,-0.3981,4.446
258.916,7.8572,-0.396,4.4474
258.954,7.8572,-0.396,4.4474
258.982,7.8575,-0.3939,4.449
259.013,7.8576,-0.393,4.4496
259.038,7.8579,-0.3913,4.4508
259.076,7.8579,-0.3911,4.4509
259.11,7.8585,-0.3888,4.4523
259.14,7.8592,-0.3871,4.4532
259.175,7.8586,-0.3885,4.4525
259.187,7.8599,-0.3857,4.4538
259.218,7.8596,-0.3863,4.4536
259.262,7.8607,-0.3841,4.4546
259.289,7.8607,-0.3843,4.4545
259.333,7.8617,-0.3826,4.4553
259.382,7.8619,-0.3821,4.4555
259.422,7.8634,-0.3813,4.4552
259.463,7.8631,-0.3813,4.4553
259.482,7.8649,-0.3806,4.4548
259.505,7.8646,-0.3808,4.4548
259.546,7.8659,-0.3807,4.4541
259.576,7.866,-0.3807,4.4541
259.6,7.8668,-0.381,4.4533
259.641,7.8669,-0.3811,4.4531
259.671,7.8677,-0.3818,4.4522
259.715,7.8678,-0.3818,4.4521
259.744,7.8686,-0.3823,4.4512
259.765,7.8685,-0.3822,4.4513
259.785,7.8688,-0.3828,4.4506
259.847,7.8689,-0.3831,4.4504
259.877,7.8689,-0.3837,4.4499
259.914,7.8689,-0.3837,4.4499
259.941,7.8689,-0.3848,4.4491
259.978,7.8689,-0.3849,4.4489
259.99,7.8686,-0.3858,4.4484
260.027,7.8683,-0.3872,4.4476
260.055,7.8685,-0.3865,4.448
260.099,7.8678,-0.3886,4.4468
260.134,7.8679,-0.3883,4.4469
260.138,7.8673,-0.3902,4.4458
260.189,7.8672,-0.3906,4.4455
260.21,7.8668,-0.3918,4.4448
260.234,7.8661,-0.3933,4.4441
260.266,7.8665,-0.3925,4.4445
260.31,7.8652,-0.395,4.4433
260.333,7.8655,-0.3945,4.4435
260.373,7.8641,-0.3968,4.4425
260.408,7.8644,-0.3963,4.4428
260.43,7.8632,-0.3982,4.4421
260.466,7.8633,-0.3981,4.4421
260.505,7.8618,-0.3994,4.4419
260.547,7.8618,-0.3995,4.4419
260.56,7.8605,-0.3998,4.4424
260.591,7.8586,-0.3993,4.444
260.624,7.8597,-0.3996,4.4431
260.689,7.855,-0.3976,4.4476
260.711,7.853,-0.3965,4.4497
260.738,7.8507,-0.391,4.4554
260.752,7.8522,-0.3945,4.4518
260.783,7.8488,-0.3892,4.458
260.828,7.8498,-0.3887,4.4578
260.854,7.8521,-0.3892,4.456
260.891,7.8531,-0.3897,4.455
260.917,7.8572,-0.39,4.4522
260.944,7.8612,-0.3887,4.4508
260.972,7.8587,-0.3901,4.4512
260.996,7.8622,-0.3878,4.4509
261.041,7.8619,-0.3876,4.4511
261.062,7.8637,-0.3859,4.4514
261.1,7.8637,-0.3859,4.4514
261.116,7.8643,-0.3825,4.4536
261.184,7.8644,-0.3813,4.4546
261.191,7.8644,-0.379,4.4564
261.207,7.8637,-0.3759,4.4593
261.235,7.8638,-0.3764,4.4588
261.264,7.8634,-0.3723,4.4623
261.301,7.8632,-0.3724,4.4624
261.331,7.8624,-0.3692,4.4653
261.377,7.8622,-0.3673,4.4669
261.402,7.8613,-0.3645,4.4697
261.436,7.8603,-0.3623,4.472
261.458,7.8608,-0.3634,4.4708
261.502,7.8592,-0.3605,4.4742
261.533,7.8593,-0.3607,4.4739
261.567,7.8581,-0.3589,4.4761
261.594,7.858,-0.3587,4.4763
261.633,7.8571,-0.3576,4.4777
261.664,7.857,-0.3575,4.4779
261.67,7.8565,-0.3567,4.4788
261.708,7.8556,-0.3562,4.4798
261.742,7.8558,-0.3563,4.4796
261.778,7.8546,-0.3558,4.4807
261.818,7.8548,-0.3558,4.4805
261.869,7.8527,-0.355,4.4825
261.918,7.853,-0.3551,4.4822
261.965,7.8509,-0.3542,4.4843
261.976,7.8509,-0.3542,4.4842
262.008,7.8497,-0.3536,4.4855
262.031,7.8498,-0.3536,4.4853
262.061,7.8491,-0.3531,4.4862
262.098,7.8491,-0.3531,4.4862
262.13,7.8486,-0.3529,4.4866
262.159,7.8486,-0.3529,4.4867
262.192,7.8482,-0.3529,4.4869
262.229,7.8481,-0.3529,4.487
262.269,7.8478,-0.3527,4.4873
262.303,7.8477,-0.3527,4.4874
262.33,7.8473,-0.3526,4.4877
262.351,7.8469,-0.3524,4.4881
262.365,7.8472,-0.3525,4.4878
262.416,7.8467,-0.3522,4.4884
262.469,7.8467,-0.3523,4.4883
262.488,7.8464,-0.352,4.4887
262.516,7.8464,-0.352,4.4887
262.549,7.8462,-0.3517,4.4891
262.584,7.8462,-0.3518,4.4891
262.61,7.846,-0.3517,4.4893
262.626,7.8456,-0.3516,4.4895
262.644,7.8459,-0.3516,4.4893
262.688,7.8453,-0.3516,4.4897
262.726,7.8453,-0.3516,4.4897
262.755,7.8449,-0.3517,4.4899
262.785,7.8449,-0.3517,4.4899
262.807,7.8445,-0.3517,4.4902
262.839,7.8441,-0.3516,4.4905
262.861,7.8443,-0.3516,4.4903
262.89,7.8437,-0.3515,4.4908
262.941,7.8437,-0.3515,4.4907
262.971,7.8433,-0.3514,4.4911
263.012,7.8433,-0.3514,4.4911
263.049,7.843,-0.3515,4.4912
263.082,7.843,-0.3515,4.4913
263.113,7.8427,-0.3514,4.4915
263.143,7.8427,-0.3514,4.4915
263.166,7.8425,-0.3513,4.4916
263.183,7.8423,-0.3513,4.4918
263.216,7.8424,-0.3513,4.4918
263.255,7.842,-0.3514,4.4919
263.286,7.8421,-0.3513,4.4919
263.314,7.8419,-0.3514,4.492
263.338,7.8418,-0.3514,4.4921
263.374,7.8416,-0.3514,4.4922
263.407,7.8416,-0.3514,4.4922
263.436,7.8414,-0.3514,4.4923
263.455,7.8413,-0.3514,4.4924
263.485,7.8413,-0.3514,4.4923
263.513,7.8412,-0.3514,4.4924
263.546,7.8412,-0.3514,4.4924
263.583,7.8411,-0.3513,4.4925
263.615,7.841,-0.3513,4.4926
263.63,7.8409,-0.3512,4.4928
263.659,7.8409,-0.3511,4.4929
263.697,7.8409,-0.3511,4.4929
263.723,7.8407,-0.3511,4.493
263.76,7.8407,-0.3511,4.493
263.789,7.8405,-0.3512,4.493
263.848,7.8403,-0.3512,4.4931
263.883,7.8401,-0.3512,4.4933
263.92,7.8401,-0.3512,4.4933
263.954,7.8401,-0.3512,4.4933
263.996,7.8401,-0.3512,4.4932
264.029,7.8401,-0.3511,4.4933
264.066,7.8401,-0.3511,4.4933
264.085,7.8401,-0.3511,4.4933
264.109,7.8402,-0.3511,4.4933
264.14,7.8402,-0.3511,4.4933
264.195,7.8401,-0.3511,4.4933
264.22,7.8402,-0.3511,4.4933
264.245,7.8401,-0.3511,4.4934
264.26,7.8401,-0.3511,4.4933
264.289,7.8388,-0.3507,4.4944
264.345,7.8389,-0.351,4.4942
264.391,7.8396,-0.3502,4.4944
264.414,7.8395,-0.3502,4.4944
264.457,7.8411,-0.3488,4.4945
264.476,7.8415,-0.3485,4.4945
264.499,7.8429,-0.3475,4.4944
264.532,7.8447,-0.3464,4.4943
264.55,7.8439,-0.3468,4.4944
264.578,7.8465,-0.3455,4.4938
264.624,7.8461,-0.3456,4.4939
264.648,7.8479,-0.3452,4.4932
264.693,7.8482,-0.3451,4.4931
264.714,7.8492,-0.3448,4.4927
264.746,7.8499,-0.3445,4.4925
264.774,7.8495,-0.3446,4.4926
264.809,7.8504,-0.3439,4.4927
264.836,7.8502,-0.3439,4.4927
264.874,7.8509,-0.3433,4.4928
264.92,7.851,-0.3431,4.4929
264.951,7.8515,-0.3417,4.4937
264.968,7.8529,-0.3407,4.4936
265.017,7.8516,-0.3416,4.4937
265.083,7.8534,-0.3394,4.4943
265.12,7.8541,-0.3355,4.497
265.148,7.8538,-0.3371,4.4959
265.199,7.8543,-0.3342,4.4979
265.232,7.8547,-0.332,4.4994
265.274,7.8546,-0.3318,4.4996
265.305,7.8544,-0.3304,4.5009
265.342,7.8543,-0.3302,4.5011
265.363,7.8533,-0.3291,4.5026
265.404,7.8532,-0.3291,4.5026
265.44,7.8513,-0.3271,4.5053
265.474,7.8512,-0.3271,4.5054
265.503,7.8489,-0.3267,4.5072
265.557,7.8489,-0.3267,4.5071
265.603,7.8526,-0.3246,4.5066
265.611,7.8513,-0.3256,4.5066
265.645,7.8563,-0.3221,4.5062
265.682,7.856,-0.3223,4.5063
265.726,7.8594,-0.3207,4.5055
265.761,7.8593,-0.3207,4.5055
265.822,7.862,-0.3195,4.5049
265.852,7.8614,-0.3197,4.505
265.884,7.8624,-0.3192,4.5048
265.906,7.8628,-0.3185,4.5051
265.927,7.8633,-0.3178,4.5053
265.978,7.8631,-0.3181,4.5053
266.021,7.8638,-0.3172,4.5055
266.037,7.8637,-0.3174,4.5055
266.06,7.8641,-0.3169,4.5056
266.092,7.8641,-0.3169,4.5056
266.137,7.8644,-0.3166,4.5057
266.166,7.8646,-0.3164,4.5057
266.193,7.8644,-0.3166,4.5056
266.24,7.8648,-0.3163,4.5057
266.266,7.8651,-0.3161,4.5056
266.295,7.8653,-0.3159,4.5057
266.306,7.8651,-0.3161,4.5056
266.366,7.8656,-0.3158,4.5056
266.378,7.8655,-0.3158,4.5056
266.398,7.8656,-0.3157,4.5057
266.439,7.8656,-0.3157,4.5057
266.478,7.8655,-0.3157,4.5057
266.5,7.8654,-0.3158,4.5057
266.512,7.8655,-0.3158,4.5057
266.549,7.8653,-0.3158,4.5057
266.59,7.8654,-0.3158,4.5057
266.634,7.8654,-0.3158,4.5057
266.66,7.8653,-0.3158,4.5057
266.693,7.8653,-0.3158,4.5057
266.73,7.8653,-0.3158,4.5057
266.758,7.8653,-0.3158,4.5057
266.77,7.8648,-0.3159,4.506
266.801,7.8653,-0.3158,4.5057
266.827,7.8654,-0.3155,4.5059
266.874,7.8651,-0.3157,4.5059
266.92,7.8661,-0.3151,4.5058
266.953,7.8661,-0.3151,4.5058
266.977,7.8666,-0.3149,4.5056
267.01,7.8667,-0.3149,4.5056
267.033,7.8674,-0.3148,4.5053
267.049,7.8683,-0.3137,4.5055
267.087,7.8679,-0.3142,4.5054
267.12,7.8694,-0.3151,4.5038
267.142,7.8694,-0.3151,4.5038
267.16,7.8697,-0.3154,4.5033
267.22,7.8697,-0.3154,4.5033
267.233,7.8704,-0.3151,4.5032
267.263,7.8704,-0.3148,4.5035
267.288,7.8705,-0.3149,4.5033
267.316,7.87,-0.3148,4.5037
267.351,7.8701,-0.3148,4.5036
267.384,7.8698,-0.3147,4.5038
267.414,7.8698,-0.3147,4.5038
267.43,7.8698,-0.3147,4.5039
267.494,7.8699,-0.3147,4.5038
267.538,7.87,-0.3147,4.5037
267.577,7.87,-0.3147,4.5037
267.61,7.87,-0.3148,4.5037
267.646,7.87,-0.3148,4.5037
267.668,7.8699,-0.3148,4.5037
267.681,7.8699,-0.3147,4.5038
267.702,7.8699,-0.3148,4.5038
267.741,7.8699,-0.3147,4.5039
267.772,7.8699,-0.3147,4.5038
267.82,7.8699,-0.3147,4.5038
267.856,7.8699,-0.3147,4.5038
267.878,7.8699,-0.3148,4.5038
267.89,7.8698,-0.3148,4.5038
267.916,7.8699,-0.3148,4.5038
267.946,7.8698,-0.3147,4.5038
268.01,7.8698,-0.3147,4.5038
268.045,7.8698,-0.3147,4.5038
268.097,7.8698,-0.3147,4.5038
268.105,7.8698,-0.3148,4.5038
268.145,7.8698,-0.3148,4.5038
268.175,7.8698,-0.3148,4.5038
268.183,7.8698,-0.3147,4.5038
268.211,7.8698,-0.3148,4.5038
268.253,7.8681,-0.3159,4.504
268.297,7.8682,-0.3158,4.504
268.316,7.8697,-0.3147,4.5039
268.345,7.8698,-0.3147,4.5039
268.365,7.8695,-0.3148,4.504
268.41,7.8694,-0.315,4.5039
268.422,7.8691,-0.3152,4.5039
268.455,7.8696,-0.3158,4.5031
268.476,7.8693,-0.3155,4.5035
268.511,7.8704,-0.3159,4.5026
268.558,7.8704,-0.3159,4.5025
268.605,7.8719,-0.316,4.5015
268.636,7.8718,-0.316,4.5016
268.66,7.8732,-0.3161,4.5007
268.694,7.8732,-0.3161,4.5007
268.73,7.8744,-0.3162,4.4999
268.774,7.8745,-0.3162,4.4998
268.813,7.8755,-0.3162,4.4992
268.85,7.8756,-0.3162,4.4992
268.882,7.8767,-0.3163,4.4984
268.91,7.8769,-0.3163,4.4983
268.938,7.8779,-0.3165,4.4974
268.973,7.8782,-0.3166,4.4973
268.995,7.8788,-0.3168,4.4967
269.011,7.8794,-0.3172,4.496
269.044,7.8793,-0.3171,4.4962
269.07,7.8799,-0.3173,4.4957
269.124,7.8799,-0.3173,4.4957
269.148,7.8802,-0.3177,4.4951
269.195,7.8802,-0.3178,4.495
269.212,7.8803,-0.3184,4.4945
269.259,7.8805,-0.3185,4.4944
269.29,7.8805,-0.3187,4.4942
269.321,7.8805,-0.3189,4.494
269.33,7.8805,-0.3188,4.4941
269.386,7.8808,-0.3191,4.4937
269.403,7.8806,-0.3191,4.4938
269.448,7.8812,-0.3192,4.4934
269.475,7.8812,-0.3192,4.4934
269.498,7.8817,-0.3191,4.4931
269.55,7.8819,-0.3191,4.493
269.581,7.883,-0.3188,4.4926
269.611,7.883,-0.3188,4.4926
269.64,7.8838,-0.3186,4.4923
269.662,7.8847,-0.3184,4.4918
269.69,7.8842,-0.3184,4.4922
269.734,7.8852,-0.3182,4.4917
269.774,7.8851,-0.3183,4.4917
269.814,7.8858,-0.3177,4.4918
269.829,7.8857,-0.3178,4.4918
269.861,7.8862,-0.3174,4.4918
269.886,7.8862,-0.3174,4.4918
269.926,7.8863,-0.3174,4.4917
269.947,7.886,-0.3175,4.4918
269.984,7.8862,-0.3174,4.4917
270.026,7.8856,-0.3175,4.492
270.06,7.8858,-0.3175,4.4919
270.097,7.886,-0.319,4.4906
270.114,7.8857,-0.3181,4.4914
270.141,7.8845,-0.3164,4.4936
270.176,7.8846,-0.3167,4.4933
270.189,7.8841,-0.3151,4.4949
270.226,7.8837,-0.3139,4.4961
270.25,7.8839,-0.3148,4.4952
270.284,7.8829,-0.3125,4.4976
270.323,7.8832,-0.3129,4.4972
270.36,7.8816,-0.3113,4.4994
270.393,7.8817,-0.3113,4.4993
270.425,7.8797,-0.3108,4.501
270.451,7.8798,-0.3108,4.5009
270.491,7.8779,-0.3101,4.5026
270.517,7.8779,-0.3101,4.5026
270.551,7.8772,-0.3089,4.5039
270.599,7.8772,-0.3086,4.5042
270.619,7.8769,-0.3077,4.505
270.635,7.8765,-0.3076,4.5055
270.659,7.8768,-0.3076,4.5052
270.695,7.8758,-0.3076,4.5059
270.739,7.876,-0.3076,4.5057
270.755,7.8753,-0.3073,4.5064
270.791,7.8754,-0.3073,4.5063
270.829,7.8754,-0.307,4.5066
270.865,7.8756,-0.3067,4.5067
270.884,7.8757,-0.3065,4.5068
270.91,7.8756,-0.3064,4.507
270.944,7.8756,-0.3064,4.5069
270.964,7.8753,-0.3064,4.5071
271.013,7.8752,-0.3064,4.5072
271.055,7.8749,-0.3061,4.5075
271.103,7.8749,-0.3061,4.5076
271.124,7.8747,-0.3059,4.5078
271.13,7.8746,-0.3057,4.5081
271.147,7.8747,-0.3057,4.508
271.212,7.8743,-0.3055,4.5084
271.218,7.8744,-0.3056,4.5083
271.26,7.874,-0.3056,4.5085
271.297,7.874,-0.3056,4.5086
271.311,7.8737,-0.3055,4.5088
271.344,7.8737,-0.3053,4.509
271.364,7.8736,-0.3054,4.5089
271.394,7.8737,-0.3049,4.5092
271.43,7.8737,-0.305,4.5092
271.464,7.8737,-0.3048,4.5094
271.495,7.8732,-0.3051,4.5094
271.507,7.8736,-0.3048,4.5094
271.554,7.8723,-0.3056,4.5096
271.578,7.8728,-0.3053,4.5095
271.615,7.8721,-0.3056,4.5097
271.672,7.8721,-0.3056,4.5097
271.706,7.8728,-0.305,4.5098
271.734,7.8726,-0.3051,4.5097
271.74,7.873,-0.305,4.5096
271.799,7.873,-0.3051,4.5095
271.842,7.8726,-0.3057,4.5093
271.867,7.8725,-0.3059,4.5093
271.904,7.8721,-0.3063,4.5092
271.942,7.8721,-0.3063,4.5092
271.974,7.8725,-0.3061,4.5091
272.008,7.8725,-0.3061,4.5091
272.051,7.8728,-0.3059,4.509
272.089,7.8728,-0.3059,4.509
272.119,7.8728,-0.3059,4.509
272.158,7.8728,-0.3059,4.509
272.185,7.8729,-0.3058,4.5091
272.216,7.8729,-0.3058,4.5091
272.233,7.8728,-0.3058,4.5091
272.251,7.8728,-0.3059,4.509
272.279,7.8728,-0.3059,4.5091
272.311,7.8727,-0.306,4.509
272.355,7.8727,-0.306,4.509
272.38,7.8728,-0.3059,4.509
272.446,7.8728,-0.3059,4.509
272.504,7.8727,-0.306,4.509
272.52,7.8727,-0.3059,4.509
272.567,7.8721,-0.3071,4.5085
272.586,7.8723,-0.3068,4.5086
272.632,7.8718,-0.3092,4.507
272.654,7.8719,-0.3086,4.5074
272.672,7.8713,-0.3105,4.5063
272.706,7.8714,-0.3103,4.5064
272.742,7.8709,-0.3112,4.506
272.785,7.8709,-0.3113,4.5059
272.82,7.8704,-0.3115,4.506
272.844,7.8701,-0.3115,4.5062
272.889,7.8701,-0.3114,4.5063
272.929,7.8701,-0.3114,4.5063
272.942,7.87,-0.3119,4.506
272.968,7.8677,-0.3121,4.5072
272.989,7.8704,-0.3135,4.5044
273.026,7.8669,-0.3098,4.5095
273.07,7.867,-0.3099,4.5094
273.094,7.8651,-0.3092,4.5111
273.141,7.8653,-0.3097,4.5106
273.171,7.8616,-0.3079,4.5143
273.206,7.862,-0.308,4.514
273.227,7.857,-0.3068,4.5179
273.27,7.8558,-0.3066,4.5188
273.302,7.8528,-0.3062,4.521
273.336,7.8524,-0.3061,4.5213
273.371,7.8502,-0.3067,4.5222
273.395,7.85,-0.3069,4.5222
273.423,7.8498,-0.3071,4.5221
273.442,7.8497,-0.3068,4.5224
273.474,7.8498,-0.3069,4.5223
273.515,7.8488,-0.3066,4.5231
273.559,7.8491,-0.3067,4.5229
273.594,7.8472,-0.3053,4.5252
273.621,7.8471,-0.3052,4.5252
273.647,7.8468,-0.3025,4.5276
273.696,7.8462,-0.3032,4.5274
273.73,7.8432,-0.3032,4.5292
273.764,7.843,-0.3032,4.5294
273.784,7.8419,-0.3025,4.5305
273.811,7.8414,-0.3019,4.5313
273.825,7.8416,-0.3023,4.5309
273.868,7.8415,-0.3016,4.5315
273.909,7.8415,-0.3016,4.5315
273.944,7.8417,-0.3016,4.5314
273.985,7.8417,-0.3016,4.5314
274.018,7.8422,-0.3019,4.5309
274.058,7.8422,-0.3019,4.5309
274.082,7.8428,-0.3023,4.5302
274.122,7.8436,-0.3024,4.5297
274.147,7.8432,-0.3039,4.5286
274.181,7.8431,-0.3041,4.5286
274.222,7.8438,-0.304,4.5282
274.256,7.8438,-0.304,4.5282
274.268,7.8443,-0.3043,4.5277
274.296,7.8448,-0.3049,4.5269
274.316,7.8445,-0.3047,4.5272
274.369,7.8449,-0.3043,4.5273
274.39,7.8443,-0.304,4.5279
274.415,7.8462,-0.3055,4.5256
274.461,7.8463,-0.3056,4.5254
274.486,7.8465,-0.3061,4.5249
274.502,7.8468,-0.3063,4.5245
274.54,7.8466,-0.3062,4.5247
274.58,7.8472,-0.3067,4.524
274.623,7.8472,-0.3066,4.524
274.649,7.8479,-0.3071,4.5233
274.693,7.8479,-0.3071,4.5233
274.735,7.8487,-0.3074,4.5225
274.759,7.8486,-0.3073,4.5227
274.776,7.8493,-0.3076,4.522
274.832,7.8493,-0.3076,4.522
274.865,7.8498,-0.3073,4.5219
274.884,7.8498,-0.3073,4.5219
274.911,7.8496,-0.3067,4.5226
274.928,7.8491,-0.3061,4.5233
274.956,7.8493,-0.3064,4.5229
275.002,7.8485,-0.3064,4.5234
275.043,7.8487,-0.3062,4.5235
275.077,7.8471,-0.3084,4.5227
275.093,7.8473,-0.3082,4.5228
275.124,7.847,-0.3076,4.5234
275.165,7.8469,-0.3075,4.5235
275.177,7.8468,-0.3078,4.5234
275.204,7.8473,-0.3072,4.5236
275.227,7.8469,-0.3077,4.5234
275.271,7.8486,-0.3069,4.523
275.302,7.8482,-0.307,4.5231
275.318,7.8496,-0.306,4.5231
275.372,7.8496,-0.306,4.5231
275.39,7.8499,-0.3055,4.5233
275.42,7.8495,-0.305,4.5239
275.433,7.8498,-0.3054,4.5234
275.469,7.8484,-0.3046,4.5249
275.505,7.8487,-0.3047,4.5246
275.539,7.847,-0.3045,4.5259
275.579,7.8471,-0.3045,4.5258
275.612,7.846,-0.3043,4.5267
275.641,7.8459,-0.3043,4.5267
275.663,7.845,-0.3043,4.5273
275.695,7.8441,-0.3047,4.5275
275.724,7.8446,-0.3045,4.5273
275.759,7.8434,-0.3049,4.5277
275.792,7.8436,-0.3049,4.5276
275.806,7.8429,-0.305,4.528
275.87,7.8429,-0.305,4.528
275.89,7.8426,-0.305,4.5282
275.904,7.8423,-0.3051,4.5282
275.934,7.8424,-0.3051,4.5282
275.976,7.8424,-0.305,4.5283
276.001,7.8424,-0.3051,4.5283
276.023,7.8424,-0.305,4.5282
276.077,7.8424,-0.305,4.5283
276.082,7.8424,-0.305,4.5283
276.123,7.8424,-0.305,4.5282
276.133,7.8424,-0.305,4.5283
276.175,7.8424,-0.3051,4.5282
276.207,7.8424,-0.3051,4.5282
276.26,7.8438,-0.3042,4.5281
276.29,7.8438,-0.3041,4.5281
276.315,7.8436,-0.3035,4.5287
276.35,7.8438,-0.3033,4.5287
276.375,7.845,-0.303,4.5283
276.407,7.846,-0.303,4.5276
276.426,7.8454,-0.303,4.528
276.46,7.8479,-0.3032,4.5263
276.483,7.8473,-0.3032,4.5267
276.522,7.8497,-0.3037,4.5249
276.563,7.8497,-0.3037,4.5249
276.584,7.8515,-0.3039,4.5236
276.626,7.8519,-0.3039,4.5233
276.644,7.8529,-0.3042,4.5225
276.678,7.8541,-0.3046,4.5214
276.707,7.8536,-0.3044,4.5219
276.744,7.8549,-0.305,4.5207
276.762,7.8547,-0.3049,4.5209
276.801,7.8557,-0.3056,4.5197
276.841,7.8557,-0.3056,4.5197
276.869,7.8566,-0.3062,4.5187
276.893,7.8572,-0.3068,4.5178
276.918,7.8568,-0.3064,4.5184
276.958,7.858,-0.3076,4.5167
277.001,7.8576,-0.3074,4.5171
277.035,7.8587,-0.3084,4.5157
277.087,7.8587,-0.3084,4.5156
277.123,7.8597,-0.3095,4.5142
277.158,7.8595,-0.3093,4.5145
277.189,7.8604,-0.3104,4.513
277.207,7.8603,-0.3102,4.5133
277.242,7.8609,-0.3111,4.5122
277.265,7.8609,-0.311,4.5122
277.29,7.8613,-0.3118,4.5113
277.349,7.8613,-0.3118,4.5113
277.376,7.8616,-0.3125,4.5106
277.419,7.8616,-0.3126,4.5105
277.427,7.8618,-0.3128,4.5103
277.452,7.8615,-0.3132,4.5102
277.477,7.8618,-0.3129,4.5102
277.519,7.8612,-0.3127,4.5107
277.557,7.8612,-0.3129,4.5106
277.592,7.8616,-0.3119,4.5111
277.621,7.8616,-0.3119,4.5111
277.66,7.8619,-0.3097,4.5127
277.686,7.8619,-0.3092,4.513
277.71,7.862,-0.3075,4.5143
277.734,7.8622,-0.3056,4.5157
277.758,7.862,-0.3063,4.5152
277.8,7.8626,-0.304,4.5167
277.825,7.8625,-0.3044,4.5165
277.84,7.8631,-0.3029,4.5174
277.886,7.8634,-0.3017,4.5181
277.912,7.8633,-0.3024,4.5176
277.951,7.8638,-0.3008,4.5185
277.978,7.8637,-0.3011,4.5183
278.023,7.8637,-0.3004,4.5189
278.058,7.8638,-0.3005,4.5188
278.092,7.8635,-0.2999,4.5194
278.122,7.8636,-0.2996,4.5196
278.15,7.8616,-0.2987,4.5216
278.19,7.8611,-0.2986,4.522
278.23,7.8614,-0.2961,4.5237
278.271,7.8614,-0.296,4.5238
278.309,7.8653,-0.2928,4.524
278.348,7.8652,-0.2928,4.524
278.361,7.8676,-0.2918,4.5234
278.394,7.8687,-0.2914,4.5231
278.413,7.8712,-0.2913,4.5216
278.434,7.8745,-0.2907,4.52
278.466,7.8734,-0.2913,4.5202
278.51,7.8792,-0.2929,4.5155
278.542,7.8788,-0.2926,4.516
278.576,7.8808,-0.293,4.5144
278.605,7.8808,-0.293,4.5144
278.627,7.8812,-0.2938,4.5135
278.651,7.8831,-0.2921,4.5138
278.689,7.8828,-0.2931,4.5131
278.735,7.884,-0.2909,4.5142
278.761,7.8837,-0.291,4.5142
278.793,7.8874,-0.2909,4.5121
278.818,7.8874,-0.2909,4.5121
278.839,7.8872,-0.2904,4.5126
278.876,7.8865,-0.29,4.5134
278.92,7.8869,-0.2901,4.513
278.947,7.8869,-0.2896,4.5134
278.968,7.8868,-0.2897,4.5134
279.008,7.8885,-0.2881,4.5137
279.033,7.8883,-0.2883,4.5137
279.077,7.8909,-0.2868,4.5133
279.097,7.8909,-0.2868,4.5133
279.135,7.8924,-0.2861,4.5129
279.185,7.8925,-0.2861,4.5129
279.206,7.8936,-0.2862,4.5122
279.232,7.8936,-0.2862,4.5122
279.262,7.8939,-0.2865,4.5117
279.308,7.8939,-0.2866,4.5116
279.344,7.8945,-0.287,4.511
279.381,7.8945,-0.2869,4.5109
279.39,7.8951,-0.287,4.5106
279.424,7.8955,-0.2871,4.5102
279.446,7.8952,-0.287,4.5105
279.488,7.8961,-0.287,4.51
279.503,7.8959,-0.287,4.5101
279.53,7.8964,-0.287,4.5098
279.58,7.8964,-0.287,4.5098
279.595,7.8966,-0.2871,4.5095
279.636,7.8969,-0.2872,4.5094
279.651,7.8967,-0.2871,4.5095
279.69,7.8971,-0.2871,4.5093
279.716,7.897,-0.2871,4.5093
279.752,7.8973,-0.2871,4.5092
279.786,7.8973,-0.2871,4.5092
279.81,7.8975,-0.287,4.5091
279.864,7.8976,-0.287,4.5091
279.895,7.8978,-0.287,4.5089
279.936,7.8978,-0.287,4.5089
279.964,7.8981,-0.2871,4.5087
280.011,7.8981,-0.2871,4.5087
280.042,7.8984,-0.2871,4.5085
280.067,7.8988,-0.2871,4.5083
280.084,7.8985,-0.2871,4.5084
280.11,7.899,-0.2872,4.5081
280.15,7.899,-0.2872,4.5081
280.17,7.8993,-0.2873,4.5078
280.218,7.8993,-0.2873,4.5078
280.234,7.8997,-0.2874,4.5075
280.268,7.9,-0.2874,4.5073
280.284,7.8998,-0.2874,4.5075
280.321,7.9004,-0.2875,4.507
280.366,7.9002,-0.2874,4.5072
280.389,7.9008,-0.2874,4.5068
280.44,7.9008,-0.2874,4.5068
280.463,7.901,-0.2874,4.5066
280.509,7.9011,-0.2874,4.5066
280.542,7.9014,-0.2875,4.5064
280.58,7.9014,-0.2875,4.5064
280.596,7.9015,-0.2876,4.5062
280.623,7.9017,-0.2876,4.5061
280.656,7.9016,-0.2876,4.5062
280.702,7.9018,-0.2878,4.5059
280.712,7.9018,-0.2877,4.5059
280.752,7.902,-0.2879,4.5057
280.782,7.902,-0.2879,4.5057
280.821,7.9021,-0.288,4.5056
280.846,7.9021,-0.288,4.5055
280.882,7.9022,-0.288,4.5055
280.926,7.9022,-0.288,4.5055
280.955,7.9022,-0.288,4.5055
280.987,7.9022,-0.288,4.5055
281.023,7.9022,-0.288,4.5055
281.034,7.9018,-0.2877,4.506
281.064,7.9023,-0.288,4.5055
281.108,7.9016,-0.289,4.505
281.137,7.9012,-0.2889,4.5054
281.168,7.9016,-0.2893,4.5048
281.202,7.9016,-0.2893,4.5048
281.223,7.902,-0.2897,4.5042
281.261,7.9022,-0.2898,4.5041
281.286,7.9026,-0.2899,4.5038
281.308,7.9035,-0.2903,4.5028
281.345,7.9031,-0.2901,4.5033
281.374,7.9047,-0.2909,4.5017
281.41,7.9048,-0.2909,4.5016
281.438,7.9057,-0.2918,4.5004
281.48,7.9075,-0.2923,4.4989
281.494,7.9084,-0.2924,4.4982
281.517,7.9084,-0.2924,4.4982
281.571,7.9084,-0.2922,4.4984
281.574,7.9085,-0.2926,4.498
281.639,7.9085,-0.2926,4.498
281.663,7.9087,-0.2929,4.4977
281.703,7.9087,-0.293,4.4976
281.738,7.9089,-0.2932,4.4974
281.775,7.9089,-0.2932,4.4973
281.787,7.909,-0.2934,4.4971
281.807,7.9092,-0.2936,4.4968
281.839,7.9092,-0.2935,4.4969
281.872,7.9095,-0.2938,4.4965
281.911,7.9094,-0.2937,4.4966
281.942,7.9097,-0.2939,4.4963
281.983,7.9097,-0.2939,4.4963
281.985,7.9099,-0.2939,4.4961
282.045,7.91,-0.294,4.4961
282.072,7.9103,-0.2941,4.4958
282.088,7.9106,-0.294,4.4956
282.138,7.9104,-0.2941,4.4957
282.193,7.911,-0.294,4.4954
282.212,7.9109,-0.294,4.4954
282.234,7.9114,-0.2941,4.4951
282.261,7.9113,-0.294,4.4952
282.298,7.9116,-0.2941,4.495
282.348,7.9116,-0.2941,4.495
282.366,7.9118,-0.2941,4.4948
282.417,7.9118,-0.2941,4.4948
282.432,7.9119,-0.2942,4.4947
282.473,7.9119,-0.2942,4.4947
282.475,7.912,-0.2943,4.4945
282.528,7.9121,-0.2943,4.4945
282.542,7.9122,-0.2944,4.4944
282.588,7.9123,-0.2946,4.4942
282.601,7.9123,-0.2945,4.4942
282.639,7.9124,-0.2947,4.494
282.7,7.9123,-0.2947,4.494
282.737,7.9125,-0.295,4.4937
282.76,7.9125,-0.295,4.4937
282.784,7.9126,-0.2952,4.4935
282.797,7.9127,-0.2954,4.4933
282.823,7.9126,-0.2952,4.4935
282.866,7.9127,-0.2955,4.4931
282.89,7.9127,-0.2955,4.4932
282.925,7.9128,-0.2955,4.4931
282.97,7.9128,-0.2955,4.4931
282.98,7.9129,-0.2956,4.493
283.038,7.9129,-0.2956,4.493
283.043,7.913,-0.2957,4.4928
283.085,7.9131,-0.2958,4.4928
283.1,7.913,-0.2957,4.4928
283.133,7.9131,-0.2958,4.4926
283.191,7.9132,-0.2958,4.4926
283.199,7.9132,-0.2959,4.4926
283.223,7.9132,-0.2959,4.4925
283.248,7.9132,-0.2959,4.4926
283.284,7.9132,-0.296,4.4925
283.33,7.9132,-0.2959,4.4925
283.362,7.913,-0.2959,4.4927
283.395,7.913,-0.2959,4.4927
283.426,7.913,-0.2958,4.4928
283.467,7.913,-0.2958,4.4928
283.485,7.9128,-0.2959,4.4928
283.511,7.9128,-0.296,4.4928
283.545,7.9128,-0.2959,4.4928
283.585,7.9127,-0.296,4.4928
283.602,7.9127,-0.296,4.4928
283.639,7.9126,-0.2959,4.4929
283.666,7.9126,-0.2959,4.4929
283.701,7.9127,-0.2959,4.4928
283.729,7.9127,-0.2959,4.4928
283.745,7.9129,-0.296,4.4926
283.775,7.9131,-0.2961,4.4925
283.805,7.9129,-0.2961,4.4926
283.868,7.9132,-0.2962,4.4923
283.886,7.9131,-0.2962,4.4924
283.923,7.9134,-0.2963,4.4922
283.94,7.9133,-0.2963,4.4922
283.96,7.9134,-0.2964,4.4921
284.018,7.9135,-0.2964,4.492
284.057,7.9137,-0.2963,4.4919
284.094,7.9137,-0.2963,4.4919
284.118,7.9141,-0.2962,4.4918
284.138,7.9143,-0.2961,4.4917
284.2,7.9142,-0.2962,4.4918
284.242,7.914,-0.2963,4.4918
284.252,7.9143,-0.2962,4.4917
284.322,7.9139,-0.2962,4.4919
284.362,7.9137,-0.2961,4.4921
284.388,7.9137,-0.2961,4.4921
284.424,7.914,-0.2964,4.4916
284.445,7.914,-0.2964,4.4917
284.466,7.9144,-0.2966,4.4912
284.526,7.9145,-0.2966,4.4912
284.551,7.9151,-0.2966,4.4908
284.58,7.9151,-0.2966,4.4908
284.611,7.9158,-0.2968,4.4902
284.66,7.9159,-0.2968,4.4902
284.692,7.9167,-0.2971,4.4895
284.717,7.9168,-0.2971,4.4894
284.732,7.9176,-0.2975,4.4887
284.783,7.918,-0.2977,4.4882
284.801,7.9184,-0.2979,4.4879
284.818,7.9192,-0.2983,4.487
284.869,7.919,-0.2983,4.4872
284.899,7.9199,-0.2987,4.4863
284.938,7.9199,-0.2987,4.4863
284.959,7.9209,-0.2991,4.4854
285.001,7.921,-0.2992,4.4853
285.046,7.9221,-0.2997,4.4842
285.073,7.9222,-0.2997,4.4842
285.102,7.9235,-0.2998,4.4832
285.133,7.9246,-0.3,4.4824
285.158,7.924,-0.2999,4.4829
285.211,7.9255,-0.3,4.4819
285.241,7.9268,-0.3,4.4811
285.311,7.9273,-0.3001,4.4808
285.335,7.9286,-0.3001,4.4799
285.356,7.9285,-0.3001,4.48
285.368,7.9294,-0.2999,4.4796
285.423,7.9295,-0.2999,4.4796
285.454,7.9301,-0.2996,4.4795
285.466,7.9306,-0.2988,4.4798
285.501,7.9302,-0.2994,4.4796
285.563,7.9311,-0.298,4.4802
285.58,7.9309,-0.2983,4.48
285.614,7.9317,-0.2966,4.4809
285.633,7.9317,-0.2967,4.4809
285.656,7.9323,-0.2957,4.4813
285.711,7.9321,-0.2952,4.4817
285.746,7.9311,-0.293,4.4842
285.777,7.9313,-0.2927,4.4843
285.796,7.9328,-0.2906,4.4851
285.809,7.9338,-0.2893,4.4855
285.867,7.9336,-0.2896,4.4854
285.869,7.9343,-0.289,4.4854
285.912,7.9343,-0.289,4.4854
285.944,7.9335,-0.2888,4.4861
285.969,7.9324,-0.2893,4.4863
286.002,7.9334,-0.2889,4.486
286.055,7.9314,-0.2894,4.4869
286.087,7.9299,-0.289,4.4881
286.101,7.9282,-0.2884,4.4895
286.129,7.9294,-0.2888,4.4885
286.166,7.9269,-0.2881,4.4906
286.193,7.9275,-0.2882,4.4901
286.239,7.9261,-0.2883,4.4909
286.279,7.9261,-0.2883,4.4909
286.31,7.9249,-0.2886,4.4913
286.34,7.9247,-0.2887,4.4914
286.375,7.9235,-0.2891,4.4918
286.401,7.9234,-0.2891,4.4919
286.434,7.9227,-0.2894,4.492
286.443,7.9222,-0.2899,4.492
286.466,7.9225,-0.2895,4.4921
286.5,7.9215,-0.2903,4.4921
286.549,7.9216,-0.2903,4.4921
286.582,7.921,-0.2906,4.4922
286.612,7.9209,-0.2906,4.4922
286.643,7.9203,-0.2912,4.492
286.691,7.9202,-0.2914,4.492
286.723,7.9189,-0.2922,4.4921
286.753,7.9188,-0.2923,4.4921
286.776,7.9183,-0.2927,4.492
286.799,7.9177,-0.2935,4.4918
286.839,7.9181,-0.293,4.4919
286.866,7.9169,-0.294,4.4918
286.91,7.9171,-0.2939,4.4918
286.939,7.9167,-0.2943,4.4917
286.971,7.9167,-0.2943,4.4917
287.005,7.9161,-0.2947,4.4918
287.018,7.9154,-0.2955,4.4916
287.044,7.916,-0.2948,4.4917
287.09,7.9143,-0.2955,4.4922
287.103,7.9147,-0.2956,4.4919
287.134,7.9141,-0.2956,4.4923
287.181,7.9141,-0.2956,4.4923
287.212,7.9126,-0.2963,4.4925
287.25,7.9122,-0.2968,4.4925
287.275,7.9103,-0.301,4.4903
287.316,7.9105,-0.3024,4.489
287.33,7.9132,-0.3053,4.485
287.347,7.9136,-0.305,4.485
287.402,7.9142,-0.3046,4.485
287.43,7.9136,-0.3049,4.4851
287.468,7.9135,-0.305,4.4852
287.484,7.9152,-0.3019,4.4866
287.526,7.9152,-0.3012,4.4871
287.548,7.9164,-0.299,4.4881
287.58,7.9162,-0.2978,4.4893
287.62,7.9165,-0.2985,4.4885
287.63,7.9151,-0.2974,4.4902
287.673,7.9152,-0.2974,4.4902
287.703,7.9132,-0.2967,4.4919
287.737,7.9118,-0.2974,4.4922
287.75,7.913,-0.2969,4.4919
287.785,7.911,-0.2995,4.491
287.811,7.9113,-0.2984,4.4917
287.843,7.911,-0.3007,4.4901
287.891,7.911,-0.3006,4.4901
287.953,7.9106,-0.3016,4.4896
287.981,7.9107,-0.3014,4.4896
288.007,7.9109,-0.3006,4.4902
288.022,7.9108,-0.3008,4.4901
288.072,7.9109,-0.2987,4.4917
288.092,7.9113,-0.297,4.4928
288.108,7.9109,-0.2986,4.4918
288.139,7.9128,-0.2972,4.4917
288.182,7.9128,-0.297,4.4919
288.2,7.9099,-0.2957,4.4947
288.242,7.9104,-0.2963,4.4939
288.267,7.9088,-0.2937,4.497
288.32,7.9088,-0.2937,4.497
288.343,7.9082,-0.2907,4.4997
288.363,7.9104,-0.2893,4.4995
288.404,7.9087,-0.29,4.5
288.438,7.9136,-0.2876,4.499
288.46,7.9118,-0.2885,4.4993
288.483,7.9161,-0.2859,4.4989
288.509,7.9158,-0.2863,4.4987
288.542,7.9181,-0.2837,4.4994
288.594,7.9183,-0.2834,4.4995
288.604,7.9186,-0.283,4.4996
288.632,7.9174,-0.2836,4.4999
288.667,7.9184,-0.2831,4.4997
288.704,7.9152,-0.2851,4.5
288.721,7.9156,-0.2848,4.5
288.753,7.9139,-0.2863,4.4998
288.797,7.9138,-0.2865,4.4997
288.821,7.9142,-0.2871,4.499
288.868,7.9146,-0.2871,4.4988
288.904,7.9165,-0.2864,4.4982
288.942,7.9169,-0.2863,4.498
288.983,7.9192,-0.2842,4.4984
289.019,7.9191,-0.2843,4.4983
289.057,7.9202,-0.2829,4.4988
289.083,7.9202,-0.2829,4.4988
289.103,7.9188,-0.2831,4.4994
289.12,7.9169,-0.2844,4.4996
289.16,7.918,-0.2836,4.4995
289.213,7.9155,-0.2855,4.4994
289.241,7.9158,-0.2853,4.4995
289.288,7.9155,-0.2865,4.4987
289.312,7.9155,-0.2865,4.4987
289.338,7.9174,-0.2859,4.498
289.389,7.9174,-0.2859,4.498
289.426,7.9198,-0.2841,4.498
289.443,7.9194,-0.2846,4.4979
289.456,7.9209,-0.2829,4.4983
289.508,7.9209,-0.283,4.4983
289.556,7.9199,-0.283,4.4988
289.579,7.9199,-0.2831,4.4988
289.6,7.918,-0.284,4.4991
289.611,7.9167,-0.2852,4.4991
289.649,7.9175,-0.2844,4.4991
289.716,7.9163,-0.2858,4.4988
289.719,7.9163,-0.2857,4.4989
289.752,7.9168,-0.2859,4.4984
289.776,7.9168,-0.2859,4.4984
289.803,7.9184,-0.2851,4.4981
289.837,7.9194,-0.2841,4.4983
289.85,7.9189,-0.2849,4.498
289.889,7.9205,-0.2829,4.4986
289.941,7.9199,-0.2833,4.4986
289.987,7.92,-0.2826,4.4991
289.991,7.9201,-0.2826,4.499
290.048,7.9184,-0.2834,4.4994
290.069,7.9184,-0.2834,4.4994
290.115,7.9168,-0.2848,4.4993
290.149,7.9169,-0.2847,4.4993
290.183,7.9172,-0.2852,4.4988
290.219,7.9172,-0.2852,4.4988
290.242,7.919,-0.2844,4.4983
290.292,7.9195,-0.2841,4.4983
290.337,7.9207,-0.2824,4.4989
290.367,7.9207,-0.2825,4.4988
290.395,7.9212,-0.2816,4.4992
290.427,7.9212,-0.2816,4.4993
290.469,7.9191,-0.2825,4.4998
290.493,7.9193,-0.2824,4.4997
290.52,7.9177,-0.2837,4.4996
290.554,7.9177,-0.2837,4.4996
290.607,7.9175,-0.2843,4.4992
290.632,7.9175,-0.2843,4.4992
290.664,7.9191,-0.2837,4.4988
290.688,7.919,-0.2838,4.4988
290.719,7.9204,-0.2828,4.4987
290.758,7.9204,-0.2825,4.4989
290.783,7.9212,-0.2814,4.4994
290.82,7.9211,-0.2811,4.4997
290.847,7.9216,-0.2811,4.4994
290.905,7.9201,-0.2814,4.5
290.92,7.9188,-0.2822,4.5002
290.939,7.9178,-0.283,4.5001
290.968,7.9183,-0.2826,4.5001
290.993,7.9178,-0.2834,4.4998
291.055,7.9178,-0.2834,4.4998
291.063,7.9188,-0.283,4.4995
291.118,7.9192,-0.2827,4.4995
291.168,7.9209,-0.2816,4.4994
291.198,7.9209,-0.2816,4.4994
291.231,7.9219,-0.28,4.5001
291.264,7.922,-0.28,4.5001
291.292,7.9207,-0.2801,4.5007
291.335,7.9203,-0.2803,4.5007
291.374,7.9185,-0.2815,4.5009
291.4,7.9182,-0.2817,4.5009
291.416,7.9176,-0.2822,4.5008
291.442,7.9179,-0.2824,4.5005
291.47,7.9177,-0.2824,4.5006
291.513,7.9189,-0.2819,4.5003
291.541,7.9188,-0.282,4.5004
291.558,7.9206,-0.281,4.5
291.605,7.9206,-0.2808,4.5002
291.631,7.9214,-0.2796,4.5007
291.659,7.9215,-0.2792,4.501
291.685,7.9215,-0.2795,4.5007
291.76,7.9209,-0.2793,4.5013
291.77,7.9193,-0.2802,4.5014
291.786,7.9181,-0.2813,4.5013
291.818,7.9188,-0.2806,4.5014
291.865,7.918,-0.2819,4.5009
291.881,7.9179,-0.2817,4.5011
291.932,7.9186,-0.2817,4.5007
291.96,7.9186,-0.2817,4.5007
292.004,7.9207,-0.2805,4.5003
292.04,7.921,-0.2804,4.5003
292.061,7.9222,-0.2786,4.501
292.12,7.9223,-0.2784,4.5011
292.159,7.9225,-0.2778,4.5015
292.178,7.9225,-0.2778,4.5015
292.214,7.9204,-0.2788,4.5019
292.23,7.9202,-0.2789,4.502
292.255,7.9189,-0.2799,4.502
292.276,7.9184,-0.2805,4.5018
292.317,7.9184,-0.2803,4.5019
292.362,7.9186,-0.2806,4.5016
292.383,7.9186,-0.2807,4.5015
292.417,7.9203,-0.2798,4.5012
292.455,7.9204,-0.2797,4.5012
292.465,7.9212,-0.2787,4.5015
292.49,7.9225,-0.2775,4.5017
292.525,7.9216,-0.2783,4.5016
292.558,7.9221,-0.2772,4.5022
292.589,7.9223,-0.2771,4.5021
292.622,7.9206,-0.2779,4.5025
292.658,7.9208,-0.2778,4.5025
292.683,7.9192,-0.279,4.5025
292.722,7.919,-0.2792,4.5024
292.742,7.9188,-0.2796,4.5023
292.773,7.9193,-0.2796,4.5019
292.803,7.9191,-0.2798,4.5019
292.825,7.921,-0.2787,4.5016
292.86,7.9205,-0.279,4.5017
292.89,7.9218,-0.2777,4.502
292.928,7.9219,-0.2776,4.502
292.95,7.9228,-0.2766,4.5023
292.979,7.9222,-0.2764,4.5028
293.034,7.9225,-0.2764,4.5026
293.102,7.9211,-0.2769,4.503
293.13,7.9193,-0.2782,4.503
293.186,7.9195,-0.2781,4.503
293.2,7.9195,-0.2787,4.5025
293.233,7.9195,-0.2787,4.5025
293.264,7.9209,-0.278,4.5023
293.309,7.9221,-0.2771,4.5023
293.311,7.9212,-0.2778,4.5022
293.344,7.9229,-0.2758,4.5028
293.372,7.9225,-0.2764,4.5026
293.4,7.9232,-0.2753,4.5031
293.446,7.9233,-0.2753,4.503
293.481,7.9216,-0.276,4.5035
293.503,7.9218,-0.2759,4.5035
293.527,7.9199,-0.2773,4.5035
293.583,7.9195,-0.2776,4.5035
293.604,7.9195,-0.2781,4.503
293.653,7.9197,-0.2781,4.5029
293.68,7.9211,-0.2775,4.5026
293.713,7.9214,-0.2773,4.5026
293.747,7.9228,-0.2765,4.5023
293.812,7.923,-0.2759,4.5027
293.84,7.924,-0.2745,4.5033
293.866,7.9238,-0.2747,4.5032
293.888,7.9227,-0.2748,4.5037
293.914,7.9213,-0.2758,4.5038
293.941,7.9225,-0.2749,4.5038
293.974,7.9202,-0.2767,4.5038
294.011,7.9204,-0.2765,4.5038
294.039,7.9202,-0.2769,4.5036
294.069,7.9203,-0.277,4.5034
294.11,7.9216,-0.2762,4.5033
294.132,7.9217,-0.2762,4.5033
294.163,7.923,-0.2754,4.5031
294.2,7.923,-0.2751,4.5034
294.244,7.9243,-0.2736,4.5038
294.269,7.9243,-0.2736,4.5038
294.311,7.9227,-0.274,4.5044
294.354,7.9226,-0.274,4.5044
294.385,7.9207,-0.2754,4.5045
294.422,7.9206,-0.2754,4.5045
294.451,7.9203,-0.2762,4.5041
294.469,7.9211,-0.276,4.5038
294.502,7.9205,-0.2763,4.5039
294.533,7.9228,-0.2752,4.5034
294.572,7.9222,-0.2753,4.5036
294.603,7.9237,-0.2739,4.5038
294.644,7.9238,-0.2739,4.5038
294.669,7.9251,-0.2725,4.5042
294.712,7.9251,-0.2724,4.5043
294.757,7.9237,-0.2725,4.505
294.776,7.9235,-0.2726,4.505
294.811,7.9214,-0.2742,4.5051
294.848,7.9213,-0.2743,4.5051
294.874,7.9208,-0.275,4.5048
294.934,7.9208,-0.275,4.5047
294.96,7.9222,-0.2742,4.5045
294.973,7.9222,-0.2743,4.5045
294.995,7.9239,-0.2734,4.5041
295.067,7.9239,-0.2729,4.5046
295.109,7.9251,-0.2713,4.5052
295.129,7.9249,-0.2715,4.5051
295.177,7.9238,-0.2714,4.5058
295.202,7.9239,-0.2714,4.5057
295.231,7.9215,-0.2729,4.506
295.262,7.9216,-0.2729,4.506
295.3,7.9208,-0.2737,4.5057
295.31,7.921,-0.2739,4.5054
295.327,7.9209,-0.2739,4.5056
295.36,7.9227,-0.2732,4.505
295.408,7.9224,-0.2735,4.505
295.442,7.9242,-0.2726,4.5046
295.467,7.9242,-0.2726,4.5047
295.483,7.925,-0.2714,4.5051
295.507,7.9251,-0.2706,4.5057
295.547,7.9254,-0.2708,4.5054
295.582,7.9238,-0.2709,4.5062
295.605,7.9242,-0.2708,4.5061
295.642,7.9219,-0.2721,4.5064
295.689,7.9216,-0.2724,4.5063
295.71,7.9211,-0.2731,4.506
295.746,7.9213,-0.2733,4.5058
295.771,7.9212,-0.2733,4.5059
295.807,7.923,-0.2726,4.5053
295.835,7.9228,-0.2727,4.5054
295.879,7.9243,-0.2715,4.5054
295.91,7.9243,-0.2715,4.5054
295.947,7.9258,-0.2699,4.5058
295.969,7.9256,-0.2701,4.5058
295.993,7.9251,-0.2697,4.5064
296.014,7.9232,-0.2704,4.507
296.054,7.9244,-0.2698,4.5067
296.091,7.9219,-0.2715,4.5069
296.111,7.9224,-0.271,4.5069
296.14,7.9216,-0.2721,4.5066
296.198,7.9216,-0.2721,4.5066
296.22,7.9228,-0.2718,4.5061
296.248,7.9231,-0.2717,4.506
296.279,7.9248,-0.271,4.5055
296.311,7.925,-0.2708,4.5056
296.336,7.9259,-0.2697,4.5059
296.353,7.9262,-0.269,4.5064
296.391,7.9264,-0.2692,4.506
296.425,7.9248,-0.2694,4.5068
296.451,7.9253,-0.2691,4.5067
296.48,7.9228,-0.2707,4.507
296.535,7.9225,-0.271,4.507
296.569,7.9219,-0.2719,4.5065
296.598,7.922,-0.2719,4.5065
296.609,7.9228,-0.2719,4.506
296.649,7.9244,-0.2712,4.5056
296.702,7.9234,-0.2716,4.5059
296.736,7.9255,-0.2706,4.5055
296.774,7.9269,-0.269,4.5059
296.813,7.9273,-0.2687,4.5059
296.845,7.9262,-0.2684,4.5068
296.881,7.9262,-0.2684,4.5068
296.915,7.9236,-0.2699,4.5072
296.955,7.9233,-0.2701,4.5072
296.989,7.9225,-0.2708,4.5071
297.008,7.9224,-0.2712,4.5068
297.018,7.9225,-0.2714,4.5066
297.049,7.9241,-0.2709,4.506
297.079,7.9234,-0.2712,4.5063
297.112,7.926,-0.2702,4.5054
297.152,7.9259,-0.2703,4.5055
297.179,7.9279,-0.2682,4.506
297.217,7.9279,-0.2682,4.506
297.245,7.9278,-0.2676,4.5065
297.263,7.9263,-0.2682,4.5069
297.3,7.9271,-0.2678,4.5067
297.362,7.9249,-0.2692,4.507
297.369,7.9239,-0.27,4.5069
297.396,7.9235,-0.2707,4.5065
297.435,7.9235,-0.2707,4.5066
297.456,7.9243,-0.2707,4.5061
297.505,7.9243,-0.2707,4.5061
297.516,7.926,-0.2699,4.5057
297.573,7.9267,-0.2698,4.5054
297.614,7.9274,-0.2688,4.5058
297.62,7.9286,-0.2678,4.5058
297.662,7.9283,-0.2682,4.5057
297.692,7.9276,-0.2676,4.5066
297.733,7.9275,-0.2676,4.5066
297.765,7.9257,-0.2686,4.5069
297.807,7.9252,-0.269,4.5069
297.854,7.9241,-0.2703,4.5066
297.886,7.9241,-0.2702,4.5066
297.915,7.9245,-0.2704,4.5062
297.938,7.9246,-0.2704,4.5062
297.978,7.9272,-0.2692,4.5056
297.996,7.927,-0.2692,4.5056
298.02,7.9283,-0.2678,4.506
298.069,7.9287,-0.2675,4.5061
298.112,7.9284,-0.2667,4.5068
298.149,7.9281,-0.2668,4.507
298.174,7.9261,-0.2677,4.5074
298.221,7.9258,-0.2679,4.5074
298.258,7.9243,-0.2694,4.5072
298.303,7.9243,-0.2694,4.5071
298.344,7.9249,-0.2697,4.5065
298.365,7.925,-0.2697,4.5065
298.404,7.9278,-0.2685,4.5058
298.446,7.9274,-0.2686,4.5059
298.455,7.9287,-0.267,4.5065
298.476,7.9295,-0.266,4.5068
298.502,7.929,-0.2666,4.5066
298.573,7.929,-0.2659,4.5072
298.586,7.9274,-0.2665,4.5076
298.617,7.9254,-0.2679,4.5077
298.641,7.9262,-0.2672,4.5078
298.683,7.9247,-0.269,4.5072
298.709,7.9247,-0.2687,4.5075
298.73,7.9254,-0.2691,4.5067
298.772,7.9252,-0.2691,4.5068
298.798,7.9275,-0.2682,4.5062
298.838,7.9279,-0.268,4.5061
298.864,7.9291,-0.2667,4.5065
298.892,7.9303,-0.2654,4.5068
298.911,7.9298,-0.266,4.5066
298.948,7.9297,-0.2651,4.5073
298.989,7.9301,-0.265,4.5072
299.021,7.9277,-0.2661,4.5078
299.054,7.9277,-0.2661,4.5078
299.113,7.9255,-0.2679,4.5076
299.171,7.9255,-0.2679,4.5076
299.198,7.9265,-0.2683,4.5067
299.221,7.926,-0.2683,4.5069
299.264,7.9287,-0.2673,4.5062
299.281,7.9281,-0.2675,4.5064
299.314,7.9301,-0.266,4.5064
299.335,7.9311,-0.2651,4.5065
299.35,7.9302,-0.2658,4.5065
299.386,7.9306,-0.2646,4.5072
299.411,7.931,-0.2646,4.507
299.451,7.9286,-0.2656,4.5076
299.478,7.9289,-0.2654,4.5076
299.513,7.9267,-0.2672,4.5075
299.545,7.9266,-0.2673,4.5075
299.551,7.9263,-0.2681,4.507
299.599,7.9266,-0.2682,4.5067
299.616,7.9272,-0.2681,4.5065
299.644,7.9292,-0.2672,4.506
299.679,7.9284,-0.2675,4.5062
299.712,7.9304,-0.266,4.5062
299.748,7.9305,-0.266,4.5062
299.77,7.9318,-0.2646,4.5065
299.822,7.9319,-0.2644,4.5066
299.849,7.931,-0.2644,4.5072
299.866,7.9289,-0.2654,4.5076
299.901,7.9297,-0.265,4.5075
299.948,7.9271,-0.267,4.5074
299.967,7.9274,-0.2667,4.5074
299.996,7.9268,-0.2679,4.5069
300.041,7.9269,-0.268,4.5068
300.062,7.9276,-0.2678,4.5064
300.081,7.9296,-0.267,4.5059
300.112,7.9286,-0.2673,4.5062
300.152,7.9308,-0.2658,4.5061
300.191,7.9306,-0.2661,4.506
300.198,7.9322,-0.2644,4.5064
300.237,7.9318,-0.2642,4.5069
300.264,7.9322,-0.2643,4.5065
300.334,7.9306,-0.2646,4.5073
300.356,7.9284,-0.266,4.5074
300.37,7.9272,-0.2672,4.5072
300.392,7.9278,-0.2665,4.5073
300.441,7.9274,-0.2679,4.5065
300.475,7.9272,-0.2677,4.5067
300.504,7.929,-0.2671,4.5061
300.545,7.9287,-0.2673,4.5062
300.581,7.9314,-0.2661,4.5056
300.605,7.9314,-0.2661,4.5056
300.648,7.9329,-0.264,4.5063
300.678,7.9329,-0.264,4.5063
300.712,7.9326,-0.2635,4.507
300.751,7.932,-0.2636,4.5072
300.782,7.9299,-0.2647,4.5075
300.807,7.9296,-0.265,4.5075
300.836,7.9281,-0.2662,4.5074
300.85,7.928,-0.2669,4.5069
300.891,7.9279,-0.2667,4.5071
300.937,7.9293,-0.2664,4.5066
300.953,7.9287,-0.2667,4.5067
300.988,7.9314,-0.2655,4.5061
301.038,7.9313,-0.2654,4.5061
301.101,7.9333,-0.2628,4.5071
301.119,7.9326,-0.2635,4.5069
301.179,7.9325,-0.2627,4.5076
301.213,7.9295,-0.2644,4.508
301.241,7.93,-0.2642,4.508
301.278,7.9284,-0.2657,4.5076
301.298,7.9285,-0.2657,4.5076
301.305,7.9291,-0.2662,4.5069
301.351,7.9303,-0.2656,4.5066
301.383,7.9294,-0.266,4.5068
301.405,7.9318,-0.2645,4.5066
301.444,7.9317,-0.2647,4.5065
301.484,7.9333,-0.2629,4.507
301.529,7.9331,-0.2631,4.507
301.553,7.9333,-0.2623,4.5075
301.601,7.933,-0.2623,4.5077
301.625,7.9301,-0.2637,4.5083
301.674,7.9303,-0.2635,4.5083
301.7,7.9287,-0.2649,4.5081
301.724,7.9285,-0.2651,4.5081
301.74,7.9288,-0.2656,4.5075
301.772,7.93,-0.2651,4.5072
301.798,7.929,-0.2655,4.5075
301.816,7.9321,-0.2643,4.5066
301.862,7.9317,-0.2644,4.5067
301.886,7.9331,-0.2628,4.5072
301.953,7.9337,-0.2622,4.5073
301.985,7.9336,-0.2617,4.5078
302.024,7.9336,-0.2617,4.5078
302.048,7.9316,-0.2625,4.5083
302.074,7.9311,-0.2628,4.5084
302.109,7.9295,-0.2643,4.5081
302.147,7.9292,-0.2645,4.5081
302.188,7.9293,-0.2654,4.5074
302.213,7.9292,-0.2653,4.5075
302.238,7.9311,-0.2645,4.507
302.288,7.9317,-0.2643,4.5068
302.297,7.9329,-0.2635,4.5067
302.316,7.934,-0.262,4.5073
302.347,7.9335,-0.2626,4.5072
302.382,7.9345,-0.2611,4.5077
302.409,7.9345,-0.2611,4.5077
302.434,7.933,-0.2615,4.5083
302.494,7.9325,-0.2617,4.5084
302.496,7.9306,-0.2631,4.5084
302.533,7.9296,-0.2642,4.5082
302.563,7.9299,-0.2638,4.5083
302.582,7.9296,-0.2649,4.5076
302.639,7.9296,-0.2648,4.5077
302.655,7.9313,-0.2642,4.5071
302.719,7.9318,-0.264,4.507
302.749,7.9336,-0.2626,4.507
302.781,7.9349,-0.2611,4.5075
302.801,7.9339,-0.2622,4.5072
302.861,7.935,-0.2607,4.5077
302.893,7.9338,-0.2609,4.5083
302.928,7.9331,-0.2612,4.5085
302.959,7.931,-0.2627,4.5085
302.994,7.9305,-0.2631,4.5084
303.017,7.9301,-0.264,4.5081
303.034,7.9305,-0.2642,4.5076
303.079,7.9302,-0.2642,4.5078
303.111,7.9324,-0.2634,4.5071
303.137,7.9317,-0.2636,4.5073
303.152,7.9338,-0.2624,4.5071
303.219,7.9338,-0.2624,4.5071
303.243,7.9355,-0.2607,4.5075
303.254,7.9349,-0.2605,4.508
303.282,7.9355,-0.2606,4.5075
303.307,7.9331,-0.2613,4.5084
303.346,7.9339,-0.2608,4.5083
303.387,7.9311,-0.2627,4.5084
303.417,7.9314,-0.2625,4.5085
303.453,7.9307,-0.2637,4.508
303.492,7.9307,-0.2637,4.508
303.531,7.9323,-0.2629,4.5076
303.57,7.9322,-0.263,4.5076
303.6,7.9344,-0.2619,4.5072
303.63,7.9344,-0.2618,4.5072
303.665,7.936,-0.2603,4.5075
303.696,7.9362,-0.2601,4.5075
303.715,7.9357,-0.2598,4.5081
303.751,7.9338,-0.2607,4.5085
303.773,7.9347,-0.2601,4.5084
303.807,7.9318,-0.2622,4.5084
303.862,7.9319,-0.2621,4.5084
303.89,7.9315,-0.2634,4.5076
303.914,7.9314,-0.2632,4.5079
303.955,7.9327,-0.263,4.5073
303.97,7.9325,-0.2631,4.5074
304.027,7.9349,-0.262,4.5068
304.037,7.9349,-0.262,4.5068
304.06,7.9358,-0.2606,4.5074
304.088,7.9364,-0.2597,4.5077
304.108,7.9365,-0.2599,4.5075
304.145,7.9354,-0.2598,4.5082
304.182,7.9356,-0.2598,4.5082
304.207,7.9331,-0.2611,4.5085
304.246,7.9327,-0.2614,4.5085
304.287,7.9315,-0.2629,4.5081
304.319,7.9315,-0.2629,4.508
304.34,7.9318,-0.2633,4.5076
304.364,7.9335,-0.2624,4.5072
304.388,7.9324,-0.263,4.5075
304.426,7.9354,-0.2615,4.5069
304.468,7.935,-0.2619,4.5068
304.504,7.9369,-0.26,4.5072
304.535,7.9369,-0.26,4.5072
304.55,7.9368,-0.2593,4.5078
304.579,7.9352,-0.2599,4.5083
304.62,7.9359,-0.2595,4.5082
304.662,7.933,-0.2614,4.5084
304.688,7.9333,-0.2611,4.5084
304.717,7.9323,-0.2623,4.5081
304.762,7.9323,-0.2625,4.5079
304.789,7.9331,-0.2624,4.5076
304.825,7.9329,-0.2624,4.5076
304.844,7.935,-0.2615,4.5071
304.879,7.9361,-0.2605,4.5073
304.904,7.9355,-0.2614,4.5069
304.936,7.9375,-0.2591,4.5075
304.961,7.937,-0.2595,4.5075
304.999,7.9366,-0.2589,4.5082
305.045,7.9368,-0.2589,4.5081
305.081,7.9346,-0.2599,4.5086
305.117,7.9344,-0.2601,4.5086
305.14,7.9327,-0.2617,4.5083
305.159,7.9327,-0.2617,4.5083
305.178,7.9328,-0.2621,4.5079
305.239,7.9332,-0.2621,4.5077
305.247,7.9345,-0.2614,4.5075
305.275,7.9361,-0.2604,4.5073
305.296,7.9356,-0.261,4.5072
305.329,7.9373,-0.2589,4.5078
305.371,7.9374,-0.2588,4.5078
305.394,7.9375,-0.2582,4.5083
305.443,7.9371,-0.2582,4.5085
305.457,7.9362,-0.2585,4.5088
305.489,7.934,-0.2599,4.509
305.517,7.9347,-0.2593,4.509
305.557,7.933,-0.261,4.5087
305.588,7.933,-0.2609,4.5087
305.601,7.9332,-0.2616,4.5081
305.66,7.9334,-0.2616,4.508
305.7,7.9352,-0.2607,4.5076
305.733,7.936,-0.2604,4.5074
305.774,7.9378,-0.2587,4.5077
305.818,7.9378,-0.2587,4.5077
305.838,7.9388,-0.2574,4.5081
305.88,7.9388,-0.2574,4.5081
305.902,7.937,-0.2579,4.5088
305.923,7.935,-0.2593,4.5089
305.946,7.9364,-0.2584,4.5088
305.992,7.9339,-0.2605,4.5086
306.009,7.9344,-0.2599,4.5087
306.045,7.9341,-0.2609,4.5082
306.091,7.9342,-0.2609,4.5081
306.14,7.9361,-0.2599,4.5077
306.159,7.936,-0.26,4.5077
306.199,7.9377,-0.2584,4.508
306.228,7.9388,-0.2573,4.5082
306.243,7.9377,-0.2585,4.508
306.296,7.9386,-0.2572,4.5085
306.313,7.9375,-0.2574,4.5089
306.337,7.9354,-0.2587,4.5092
306.4,7.9364,-0.2579,4.5091
306.414,7.934,-0.2601,4.5089
306.435,7.9344,-0.2597,4.5089
306.461,7.9342,-0.2607,4.5082
306.509,7.9342,-0.2607,4.5082
306.557,7.9357,-0.2601,4.5078
306.577,7.936,-0.2599,4.5078
306.611,7.9379,-0.2589,4.5075
306.639,7.9381,-0.2587,4.5075
306.67,7.9398,-0.2571,4.5078
306.709,7.94,-0.2569,4.5079
306.753,7.9387,-0.2569,4.5086
306.805,7.9383,-0.2571,4.5087
306.845,7.9355,-0.2592,4.5087
306.868,7.9355,-0.2592,4.5087
306.898,7.9349,-0.2601,4.5083
306.927,7.9349,-0.2602,4.5082
306.956,7.9358,-0.26,4.5079
306.996,7.9362,-0.2597,4.5078
307.011,7.938,-0.2591,4.5073
307.035,7.939,-0.2576,4.5079
307.071,7.9383,-0.2585,4.5076
