time_s,x_m,y_m,dist_to_goal_m
0.144,-0.0002,0.0,5.382
0.15,-0.0002,0.0,5.382
0.17,-0.0002,0.0,5.3819
0.184,-0.0002,0.0,5.382
0.224,-0.0002,0.0,5.382
0.231,-0.0002,0.0,5.382
0.26,-0.0002,0.0001,5.382
0.287,-0.0002,0.0,5.382
0.33,-0.0002,0.0,5.382
0.358,-0.0002,0.0,5.382
0.365,-0.0002,0.0,5.382
0.418,-0.0002,0.0,5.382
0.452,-0.0002,0.0,5.382
0.482,-0.0001,0.0001,5.382
0.493,-0.0002,0.0001,5.382
0.532,-0.0001,0.0001,5.3819
0.581,-0.0001,0.0001,5.3819
0.606,-0.0001,0.0,5.3819
0.646,-0.0001,0.0,5.3819
0.683,-0.0001,0.0001,5.3819
0.742,-0.0001,0.0001,5.3819
0.764,-0.0,0.0001,5.3819
0.793,-0.0,0.0001,5.3819
0.847,-0.0001,0.0,5.3819
0.853,-0.0001,0.0,5.3819
0.898,-0.0001,0.0001,5.3819
0.924,-0.0001,0.0001,5.3819
0.958,-0.0,0.0001,5.3819
1.009,-0.0,0.0001,5.3819
1.053,-0.0,0.0,5.3818
1.08,-0.0,0.0,5.3818
1.109,-0.0,0.0,5.3818
1.146,-0.0,0.0,5.3818
1.173,-0.0,0.0001,5.3819
1.206,-0.0,0.0001,5.3819
1.253,-0.0,0.0001,5.3819
1.269,-0.0,0.0001,5.3819
1.303,-0.0001,0.0001,5.3819
1.341,-0.0001,0.0001,5.3819
1.377,-0.0001,0.0002,5.3819
1.426,-0.0001,0.0002,5.382
1.45,-0.0,0.0002,5.3819
1.479,-0.0001,0.0002,5.3819
1.511,-0.0,0.0001,5.3819
1.561,-0.0,0.0001,5.3819
1.618,-0.0,0.0002,5.3819
1.747,-0.0,0.0002,5.3819
1.774,-0.0,0.0002,5.3819
1.84,-0.0,0.0001,5.3819
1.919,-0.0,0.0002,5.3819
2.029,-0.0,0.0002,5.3819
2.049,-0.0,0.0002,5.3819
2.132,-0.0,0.0002,5.3819
2.223,-0.0,0.0002,5.3819
2.358,-0.0001,0.0002,5.3819
2.416,-0.0001,0.0001,5.3819
2.537,-0.0001,0.0002,5.3819
2.56,-0.0001,0.0001,5.3819
2.624,-0.0001,0.0001,5.3819
2.676,-0.0001,0.0001,5.3819
2.709,-0.0001,0.0001,5.3819
2.772,-0.0001,0.0001,5.3819
2.841,0.0,0.0,5.3818
2.873,0.0,0.0,5.3818
2.898,0.0,-0.0,5.3818
3.017,-0.0,-0.0,5.3818
3.067,0.0,-0.0,5.3818
3.081,-0.0,0.0,5.3818
3.248,-0.0,-0.0,5.3818
3.313,-0.0,-0.0001,5.3818
3.351,-0.0001,0.0001,5.3819
3.404,-0.0001,0.0,5.3818
3.429,-0.0,-0.0001,5.3818
3.432,-0.0,0.0,5.3818
3.54,-0.0,-0.0,5.3818
3.584,0.0001,0.0,5.3817
3.622,0.0001,0.0,5.3817
3.637,0.0,-0.0,5.3817
3.658,0.0,-0.0,5.3818
3.692,0.0,-0.0,5.3817
3.793,-0.0,0.0,5.3818
3.888,-0.0,-0.0,5.3818
3.989,0.0,-0.0,5.3818
4.08,-0.0,-0.0001,5.3818
4.157,-0.0001,-0.0,5.3818
4.234,-0.0001,-0.0,5.3818
4.292,-0.0,-0.0001,5.3818
4.319,-0.0001,0.0,5.3819
4.403,-0.0001,0.0,5.3819
4.446,-0.0001,0.0001,5.3819
4.47,-0.0,-0.0001,5.3818
4.492,-0.0,-0.0001,5.3818
4.552,-0.0,-0.0,5.3818
4.618,-0.0001,-0.0001,5.3818
4.676,-0.0001,-0.0001,5.3819
4.746,-0.0001,-0.0,5.3819
4.788,-0.0,-0.0,5.3818
5.01,-0.0001,-0.0001,5.3818
5.017,-0.0002,-0.0,5.3819
5.054,-0.0001,-0.0,5.3818
5.058,-0.0001,-0.0,5.3818
5.07,-0.0001,-0.0001,5.3818
5.108,-0.0001,-0.0001,5.3818
5.132,-0.0001,-0.0001,5.3819
5.145,-0.0001,-0.0001,5.3819
5.185,-0.0001,-0.0,5.3819
5.199,-0.0001,-0.0,5.3819
5.227,-0.0,-0.0001,5.3818
5.265,-0.0,-0.0,5.3818
5.287,-0.0001,-0.0001,5.3818
5.329,-0.0001,-0.0001,5.3818
5.358,-0.0001,0.0,5.3819
5.386,-0.0,0.0,5.3818
5.4,-0.0001,0.0,5.3819
5.436,-0.0,-0.0,5.3818
5.465,-0.0,0.0,5.3818
5.506,-0.0,-0.0,5.3818
5.543,-0.0,-0.0,5.3818
5.58,-0.0,0.0,5.3818
5.615,-0.0,0.0,5.3818
5.645,-0.0,-0.0,5.3818
5.673,-0.0,-0.0,5.3818
5.705,-0.0,-0.0001,5.3818
5.729,-0.0001,-0.0,5.3818
5.742,-0.0,-0.0,5.3818
5.775,-0.0,0.0,5.3818
5.821,-0.0,-0.0,5.3818
5.845,-0.0,0.0001,5.3818
5.884,-0.0,0.0001,5.3819
5.902,-0.0,0.0,5.3818
5.954,0.0,0.0,5.3818
5.979,-0.0,0.0,5.3818
6.038,-0.0,0.0,5.3818
6.043,-0.0,0.0001,5.3818
6.064,0.0,0.0,5.3818
6.099,0.0,0.0001,5.3818
6.124,0.0,-0.0,5.3818
6.166,0.0,-0.0,5.3818
6.195,0.0,-0.0,5.3818
6.219,0.0001,0.0,5.3817
6.243,0.0,-0.0,5.3818
6.275,0.0001,0.0,5.3817
6.325,0.0001,0.0,5.3817
6.348,0.0001,0.0,5.3817
6.387,0.0001,0.0,5.3817
6.416,0.0,0.0,5.3817
6.43,-0.0,0.0,5.3818
6.449,0.0,0.0,5.3818
6.487,-0.0001,0.0001,5.3819
6.527,-0.0,0.0001,5.3818
6.56,-0.0001,0.0,5.3818
6.588,-0.0001,0.0,5.3818
6.619,-0.0001,-0.0,5.3818
6.642,-0.0001,-0.0,5.3819
6.67,-0.0001,-0.0,5.3819
6.706,-0.0001,0.0001,5.3819
6.733,-0.0002,0.0,5.3819
6.768,-0.0001,0.0001,5.3819
6.799,-0.0001,0.0001,5.3819
6.838,-0.0001,-0.0,5.3819
6.867,-0.0001,-0.0,5.3819
6.884,-0.0001,0.0,5.3819
6.907,-0.0001,0.0001,5.3819
6.943,-0.0001,0.0,5.3819
6.98,-0.0001,0.0001,5.3819
7.009,-0.0001,0.0001,5.3819
7.039,-0.0001,0.0,5.3819
7.091,-0.0001,0.0,5.3819
7.114,-0.0001,0.0,5.3819
7.13,-0.0001,0.0001,5.3819
7.155,-0.0001,0.0,5.3819
7.187,-0.0001,0.0001,5.3819
7.223,-0.0001,0.0001,5.3819
7.254,-0.0001,0.0,5.3819
7.299,-0.0001,0.0,5.3819
7.332,-0.0001,0.0001,5.3819
7.362,-0.0001,0.0001,5.3819
7.406,-0.0001,0.0001,5.3819
7.435,-0.0001,0.0002,5.382
7.473,-0.0001,0.0001,5.3819
7.5,-0.0001,0.0001,5.3819
7.537,-0.0001,0.0001,5.3819
7.566,-0.0001,0.0001,5.3819
7.591,-0.0002,0.0001,5.382
7.632,-0.0002,0.0001,5.382
7.663,-0.0002,0.0001,5.382
7.704,-0.0002,0.0001,5.382
7.725,-0.0002,0.0001,5.382
7.769,-0.0002,0.0,5.382
7.785,-0.0002,0.0001,5.382
7.803,-0.0002,0.0001,5.3821
7.847,-0.0002,0.0001,5.382
7.889,-0.0002,0.0001,5.382
7.951,-0.0002,0.0001,5.382
7.996,-0.0002,0.0001,5.382
8.012,-0.0002,0.0001,5.382
8.046,-0.0002,0.0001,5.382
8.059,-0.0002,0.0001,5.382
8.09,-0.0001,0.0001,5.382
8.127,-0.0001,0.0001,5.382
8.144,-0.0001,0.0001,5.3819
8.167,-0.0002,-0.0,5.382
8.206,-0.0002,0.0,5.382
8.224,-0.0002,0.0,5.382
8.292,-0.0002,0.0,5.382
8.319,-0.0002,0.0001,5.382
8.348,-0.0002,0.0001,5.382
8.39,-0.0001,0.0001,5.3819
8.42,-0.0001,0.0001,5.3819
8.456,-0.0001,0.0,5.3819
8.484,-0.0001,0.0,5.3819
8.514,-0.0002,0.0001,5.382
8.551,-0.0002,0.0001,5.382
8.585,-0.0002,0.0001,5.382
8.608,-0.0002,0.0001,5.382
8.621,-0.0002,0.0,5.3819
8.687,-0.0002,0.0,5.3819
8.73,-0.0003,0.0,5.382
8.783,-0.0002,0.0,5.382
8.81,-0.0002,0.0001,5.382
8.877,-0.0002,0.0001,5.382
8.894,-0.0002,-0.0,5.382
8.913,-0.0002,0.0,5.382
8.949,-0.0003,0.0,5.382
8.986,-0.0003,0.0,5.382
9.018,-0.0003,0.0,5.382
9.052,-0.0003,0.0,5.382
9.082,-0.0003,-0.0,5.382
9.116,-0.0003,-0.0,5.382
9.13,-0.0003,-0.0,5.382
9.17,-0.0004,0.0,5.3821
9.193,-0.0003,-0.0,5.382
9.24,-0.0004,0.0,5.3821
9.256,-0.0004,0.0,5.3821
9.285,-0.0004,-0.0,5.3821
9.315,-0.0004,0.0,5.3821
9.353,-0.0004,-0.0001,5.3821
9.38,-0.0003,-0.0,5.3821
9.403,-0.0004,-0.0001,5.3821
9.43,-0.0003,0.0,5.3821
9.477,-0.0003,-0.0,5.3821
9.506,-0.0003,-0.0,5.3821
9.542,-0.0003,-0.0,5.3821
9.577,-0.0003,-0.0001,5.382
9.609,-0.0003,-0.0001,5.382
9.639,-0.0002,-0.0,5.382
9.669,-0.0002,-0.0,5.382
9.701,-0.0001,0.0,5.3819
9.741,-0.0001,0.0,5.3819
9.774,-0.0001,-0.0001,5.3819
9.822,-0.0001,-0.0001,5.3819
9.849,-0.0002,-0.0,5.3819
9.879,-0.0002,-0.0,5.3819
9.911,-0.0002,0.0,5.382
9.929,-0.0002,-0.0,5.382
9.977,-0.0002,0.0,5.382
10.012,-0.0002,-0.0001,5.382
10.059,-0.0002,-0.0001,5.382
10.086,-0.0002,-0.0,5.382
10.115,-0.0002,-0.0,5.382
10.143,-0.0002,0.0,5.382
10.181,-0.0002,0.0,5.382
10.23,-0.0002,-0.0,5.382
10.251,-0.0002,-0.0,5.382
10.284,-0.0002,-0.0001,5.382
10.306,-0.0002,-0.0001,5.382
10.343,-0.0003,-0.0001,5.382
10.364,0.0014,-0.0014,5.3799
10.399,-0.0002,-0.0001,5.382
10.441,0.0014,-0.0014,5.3799
10.475,0.003,-0.001,5.3787
10.52,0.0028,-0.001,5.3788
10.556,0.0047,-0.0003,5.3774
10.575,0.0064,0.0005,5.3763
10.602,0.0046,-0.0004,5.3775
10.658,0.0067,0.0015,5.3765
10.683,0.0068,0.0009,5.3762
10.739,0.0071,0.003,5.3768
10.741,0.0069,0.0023,5.3767
10.786,0.0092,0.0058,5.3762
10.812,0.0089,0.0055,5.3763
10.852,0.01,0.0096,5.3772
10.887,0.0099,0.0087,5.3769
10.945,0.0106,0.0135,5.3784
10.962,0.0102,0.0116,5.3779
10.987,0.0109,0.0162,5.3794
10.998,0.0108,0.015,5.3789
11.03,0.0116,0.0184,5.3797
11.086,0.0116,0.0182,5.3797
11.136,0.0129,0.0213,5.38
11.169,0.0124,0.0203,5.3799
11.182,0.0139,0.0237,5.3801
11.22,0.0136,0.0231,5.3801
11.246,0.0149,0.025,5.3798
11.287,0.0148,0.0249,5.3798
11.334,0.0158,0.0251,5.379
11.356,0.0157,0.0251,5.3791
11.387,0.0142,0.024,5.38
11.42,0.0143,0.024,5.3799
11.456,0.0146,0.0205,5.3781
11.504,0.0145,0.0206,5.3782
11.554,0.0113,0.0183,5.38
11.568,0.013,0.0186,5.3786
11.595,0.0131,0.0173,5.3779
11.627,0.0127,0.0175,5.3783
11.656,0.0146,0.0184,5.3771
11.683,0.0161,0.0206,5.3767
11.704,0.0147,0.0188,5.3772
11.741,0.0166,0.0223,5.3771
11.764,0.0164,0.0215,5.3769
11.797,0.0168,0.0236,5.3775
11.844,0.0168,0.0233,5.3773
11.863,0.0165,0.0243,5.378
11.908,0.0165,0.0244,5.3781
11.919,0.0163,0.0249,5.3785
11.952,0.016,0.0252,5.3789
11.984,0.0161,0.0251,5.3787
12.006,0.0159,0.0257,5.3792
12.058,0.0159,0.0258,5.3792
12.094,0.0159,0.0263,5.3795
12.123,0.016,0.0267,5.3796
12.146,0.0159,0.0263,5.3795
12.183,0.016,0.027,5.3797
12.218,0.016,0.0268,5.3797
12.258,0.0161,0.0273,5.3798
12.262,0.016,0.0272,5.3798
12.305,0.0161,0.0276,5.3799
12.334,0.0161,0.0275,5.3799
12.363,0.0161,0.0278,5.38
12.4,0.0161,0.0278,5.38
12.432,0.0162,0.028,5.38
12.479,0.0162,0.028,5.38
12.515,0.0162,0.0282,5.3801
12.551,0.0162,0.0281,5.3801
12.581,0.0161,0.0283,5.3802
12.617,0.0161,0.0282,5.3802
12.65,0.0161,0.0283,5.3802
12.689,0.0161,0.0283,5.3802
12.72,0.0161,0.0284,5.3802
12.758,0.0161,0.0283,5.3802
12.79,0.0161,0.0284,5.3803
12.832,0.0161,0.0284,5.3803
12.866,0.0161,0.0284,5.3803
12.92,0.0161,0.0284,5.3803
12.955,0.0161,0.0284,5.3803
12.968,0.0161,0.0284,5.3803
13.044,0.016,0.0284,5.3804
13.046,0.016,0.0284,5.3803
13.086,0.0161,0.0284,5.3803
13.111,0.016,0.0284,5.3803
13.169,0.0161,0.0284,5.3803
13.175,0.0161,0.0284,5.3803
13.236,0.016,0.0285,5.3804
13.237,0.016,0.0284,5.3803
13.285,0.016,0.0285,5.3804
13.311,0.016,0.0285,5.3804
13.344,0.016,0.0285,5.3804
13.375,0.016,0.0285,5.3804
13.403,0.016,0.0284,5.3804
13.445,0.016,0.0284,5.3804
13.459,0.016,0.0284,5.3804
13.483,0.016,0.0285,5.3804
13.528,0.016,0.0285,5.3804
13.568,0.0161,0.0285,5.3803
13.592,0.0161,0.0285,5.3803
13.622,0.0161,0.0285,5.3803
13.662,0.0161,0.0285,5.3803
13.687,0.0161,0.0285,5.3803
13.728,0.0161,0.0285,5.3803
13.75,0.0162,0.0285,5.3803
13.773,0.0162,0.0285,5.3802
13.807,0.0162,0.0285,5.3803
13.843,0.0163,0.0286,5.3802
13.882,0.0162,0.0285,5.3802
13.915,0.0162,0.0286,5.3803
13.936,0.0162,0.0286,5.3803
13.961,0.0162,0.0286,5.3803
14.01,0.0162,0.0286,5.3803
14.019,0.0162,0.0286,5.3803
14.068,0.0162,0.0286,5.3803
14.085,0.0162,0.0286,5.3803
14.112,0.0162,0.0286,5.3802
14.14,0.0162,0.0286,5.3803
14.168,0.0162,0.0286,5.3802
14.207,0.0162,0.0286,5.3802
14.235,0.0161,0.0281,5.3801
14.269,0.0159,0.0272,5.3799
14.303,0.0149,0.0278,5.3811
14.337,0.0148,0.0278,5.3812
14.373,0.0147,0.0281,5.3814
14.388,0.015,0.0289,5.3814
14.446,0.0149,0.0285,5.3814
14.466,0.0156,0.0299,5.3814
14.504,0.0155,0.0298,5.3814
14.535,0.0167,0.0312,5.381
14.574,0.0166,0.0311,5.3811
14.612,0.018,0.0324,5.3804
14.649,0.0178,0.0322,5.3805
14.676,0.0191,0.0332,5.3798
14.699,0.0202,0.0338,5.3791
14.726,0.0191,0.0332,5.3798
14.758,0.0211,0.0341,5.3784
14.793,0.0203,0.0339,5.379
14.841,0.022,0.0344,5.3778
14.863,0.0215,0.0342,5.3781
14.898,0.0227,0.0346,5.3772
14.923,0.0225,0.0346,5.3774
14.95,0.0236,0.0348,5.3765
14.997,0.0237,0.0348,5.3764
15.015,0.0245,0.0352,5.3759
15.038,0.0255,0.0355,5.3751
15.059,0.0249,0.0353,5.3756
15.091,0.0263,0.0358,5.3746
15.122,0.026,0.0356,5.3748
15.161,0.0268,0.0357,5.3741
15.201,0.0267,0.0357,5.3741
15.224,0.0269,0.0352,5.3738
15.263,0.0269,0.0352,5.3738
15.299,0.0266,0.0343,5.3736
15.309,0.0265,0.033,5.3731
15.339,0.0266,0.034,5.3735
15.381,0.0264,0.0313,5.3724
15.405,0.0265,0.032,5.3727
15.456,0.0263,0.0296,5.3717
15.498,0.0263,0.0297,5.3718
15.556,0.026,0.0278,5.3712
15.57,0.026,0.0284,5.3715
15.616,0.0265,0.0278,5.3707
15.628,0.0263,0.0278,5.3709
15.652,0.0265,0.0283,5.3709
15.696,0.0265,0.0283,5.3709
15.724,0.0281,0.0297,5.3702
15.772,0.028,0.0296,5.3702
15.798,0.0293,0.031,5.3698
15.824,0.0294,0.0311,5.3697
15.844,0.03,0.032,5.3695
15.87,0.0304,0.0329,5.3696
15.89,0.0302,0.0324,5.3696
15.931,0.0307,0.0333,5.3695
15.967,0.0307,0.0332,5.3694
16.0,0.0305,0.0333,5.3697
16.054,0.0305,0.0333,5.3697
16.081,0.0316,0.0335,5.3688
16.106,0.0314,0.0333,5.3689
16.136,0.0314,0.033,5.3688
16.173,0.0313,0.0325,5.3686
16.204,0.0281,0.0277,5.3693
16.255,0.0281,0.0275,5.3692
16.273,0.0269,0.03,5.3714
16.288,0.0273,0.0328,5.3723
16.334,0.0264,0.0316,5.3726
16.352,0.0274,0.0347,5.3731
16.397,0.0274,0.0344,5.3729
16.417,0.0263,0.0381,5.3756
16.458,0.0269,0.0388,5.3754
16.477,0.0265,0.0383,5.3755
16.516,0.0267,0.0387,5.3755
16.537,0.0271,0.0392,5.3754
16.561,0.0262,0.0388,5.376
16.608,0.0264,0.0389,5.3759
16.654,0.0252,0.0384,5.3767
16.692,0.0254,0.0384,5.3766
16.748,0.0246,0.0384,5.3773
16.756,0.024,0.0386,5.3779
16.769,0.0245,0.0385,5.3774
16.816,0.024,0.0385,5.3779
16.854,0.0234,0.0386,5.3784
16.891,0.0234,0.0386,5.3784
16.918,0.0231,0.0384,5.3786
16.934,0.0229,0.0384,5.3788
16.963,0.0231,0.0384,5.3787
16.995,0.0226,0.0385,5.3791
17.025,0.0227,0.0384,5.3789
17.069,0.0223,0.0385,5.3794
17.087,0.0224,0.0385,5.3793
17.117,0.022,0.0385,5.3796
17.155,0.022,0.0385,5.3796
17.193,0.0218,0.0385,5.3798
17.227,0.0218,0.0385,5.3798
17.246,0.0217,0.0385,5.3799
17.276,0.0217,0.0386,5.3799
17.297,0.0217,0.0385,5.3799
17.344,0.0217,0.0385,5.3799
17.365,0.0217,0.0385,5.3799
17.397,0.0217,0.0385,5.3799
17.443,0.0217,0.0385,5.3799
17.489,0.0216,0.0386,5.38
17.512,0.0216,0.0386,5.38
17.552,0.0215,0.0386,5.3801
17.574,0.0215,0.0386,5.3801
17.598,0.0214,0.0386,5.3802
17.62,0.0214,0.0386,5.3802
17.651,0.0214,0.0385,5.3802
17.691,0.0214,0.0386,5.3802
17.712,0.0214,0.0386,5.3802
17.759,0.0214,0.0387,5.3802
17.786,0.0214,0.0387,5.3802
17.812,0.0214,0.0386,5.3803
17.842,0.0214,0.0386,5.3802
17.891,0.0213,0.0386,5.3803
17.91,0.0213,0.0386,5.3803
17.943,0.0213,0.0387,5.3804
17.979,0.0212,0.0387,5.3804
18.004,0.0212,0.0387,5.3804
18.023,0.0211,0.0387,5.3805
18.058,0.0212,0.0387,5.3805
18.085,0.0211,0.0386,5.3805
18.136,0.0211,0.0386,5.3805
18.151,0.0212,0.0387,5.3805
18.185,0.0211,0.0387,5.3805
18.218,0.0212,0.0387,5.3805
18.239,0.0224,0.0388,5.3794
18.295,0.0226,0.0389,5.3792
18.301,0.0198,0.0387,5.3817
18.342,0.02,0.0387,5.3815
18.352,0.0194,0.0388,5.3821
18.413,0.0194,0.0389,5.3821
18.458,0.0196,0.0388,5.3819
18.469,0.0195,0.0389,5.382
18.486,0.0196,0.0388,5.3819
18.521,0.0195,0.0392,5.3822
18.555,0.0195,0.0391,5.3821
18.583,0.0191,0.0396,5.3827
18.635,0.0192,0.0396,5.3826
18.648,0.019,0.0403,5.3831
18.687,0.0189,0.0405,5.3833
18.709,0.0186,0.0413,5.384
18.73,0.018,0.0427,5.3851
18.757,0.0183,0.0418,5.3844
18.807,0.0173,0.0442,5.3864
18.849,0.0175,0.0438,5.3861
18.859,0.0168,0.0457,5.3875
18.9,0.0168,0.046,5.3877
18.934,0.0164,0.0473,5.3886
18.953,0.0161,0.0488,5.3896
18.993,0.0163,0.048,5.3891
19.023,0.0158,0.0499,5.3903
19.062,0.0159,0.0498,5.3902
19.085,0.0157,0.0514,5.3912
19.136,0.0157,0.0516,5.3912
19.169,0.0154,0.0533,5.3923
19.2,0.0154,0.053,5.3921
19.229,0.0157,0.0543,5.3924
19.274,0.0157,0.0542,5.3924
19.341,0.0166,0.055,5.392
19.346,0.0165,0.055,5.392
19.377,0.0178,0.0554,5.3911
19.411,0.0176,0.0554,5.3912
19.446,0.0189,0.0555,5.3902
19.492,0.0188,0.0555,5.3903
19.524,0.0199,0.0561,5.3896
19.552,0.0197,0.056,5.3897
19.579,0.0205,0.0566,5.3893
19.606,0.0205,0.0566,5.3893
19.622,0.021,0.0573,5.3891
19.655,0.0218,0.0576,5.3886
19.679,0.0214,0.0573,5.3887
19.703,0.0227,0.0588,5.3883
19.741,0.0224,0.058,5.3882
19.766,0.0227,0.0614,5.3895
19.815,0.0227,0.0612,5.3895
19.837,0.0229,0.0638,5.3904
19.861,0.0233,0.0658,5.391
19.883,0.023,0.0645,5.3907
19.91,0.0238,0.0672,5.3912
19.956,0.0237,0.067,5.3912
19.987,0.0244,0.0688,5.3915
20.027,0.0243,0.0686,5.3914
20.067,0.0255,0.0707,5.3914
20.104,0.0257,0.0707,5.3912
20.131,0.0245,0.0686,5.3912
20.156,0.0231,0.0694,5.3929
20.182,0.0245,0.0686,5.3912
20.211,0.0239,0.0718,5.3933
20.256,0.0237,0.0715,5.3933
20.294,0.0255,0.0748,5.3932
20.318,0.0252,0.0741,5.3932
20.346,0.027,0.0759,5.3924
20.371,0.027,0.0759,5.3924
20.395,0.0294,0.077,5.3908
20.424,0.0314,0.0776,5.3893
20.447,0.0297,0.0771,5.3906
20.484,0.033,0.0783,5.3882
20.521,0.0325,0.078,5.3885
20.551,0.0344,0.0795,5.3875
20.594,0.034,0.0792,5.3877
20.63,0.0344,0.0816,5.3885
20.674,0.0344,0.0816,5.3885
20.696,0.0345,0.0819,5.3885
20.703,0.0348,0.0823,5.3884
20.744,0.0345,0.0821,5.3886
20.777,0.0342,0.0819,5.3888
20.814,0.0347,0.0821,5.3884
20.832,0.035,0.083,5.3886
20.885,0.035,0.083,5.3886
20.925,0.0361,0.0839,5.3881
20.945,0.0359,0.0838,5.3882
20.973,0.0369,0.0827,5.3868
21.003,0.0368,0.0827,5.3868
21.023,0.0364,0.0802,5.386
21.051,0.0367,0.0786,5.3851
21.091,0.0367,0.0794,5.3854
21.123,0.035,0.0761,5.3854
21.155,0.0353,0.0764,5.3853
21.183,0.0337,0.0744,5.3858
21.235,0.0337,0.0745,5.3858
21.27,0.0362,0.0738,5.3833
21.295,0.037,0.0738,5.3826
21.319,0.0362,0.0738,5.3833
21.369,0.0371,0.074,5.3826
21.4,0.0385,0.0765,5.3825
21.44,0.0385,0.0766,5.3825
21.455,0.039,0.0787,5.3831
21.484,0.0392,0.0797,5.3834
21.517,0.0391,0.0789,5.3831
21.557,0.0393,0.0801,5.3834
21.577,0.0394,0.0806,5.3836
21.594,0.0394,0.081,5.3838
21.627,0.0394,0.0808,5.3837
21.665,0.0394,0.0812,5.3838
21.697,0.0394,0.0812,5.3838
21.726,0.0395,0.0814,5.3839
21.767,0.0395,0.0814,5.3839
21.783,0.0396,0.0817,5.3839
21.814,0.0396,0.0819,5.3841
21.845,0.0396,0.0818,5.384
21.907,0.0394,0.082,5.3842
21.952,0.0395,0.082,5.3842
21.978,0.0393,0.0822,5.3844
22.005,0.0393,0.0821,5.3844
22.064,0.0392,0.0824,5.3846
22.079,0.0392,0.0823,5.3846
22.126,0.0392,0.0825,5.3847
22.146,0.0392,0.0825,5.3847
22.174,0.0392,0.0826,5.3847
22.218,0.0392,0.0826,5.3847
22.227,0.0391,0.0826,5.3848
22.255,0.0377,0.0813,5.3855
22.291,0.0377,0.081,5.3852
22.321,0.0367,0.0833,5.3872
22.358,0.0368,0.0829,5.387
22.381,0.037,0.0839,5.3872
22.421,0.0369,0.0838,5.3873
22.469,0.038,0.0848,5.3868
22.482,0.0378,0.0847,5.3869
22.522,0.0393,0.0855,5.3859
22.566,0.0394,0.0856,5.3859
22.608,0.0413,0.0863,5.3845
22.639,0.0409,0.0862,5.3849
22.663,0.0429,0.0866,5.3833
22.694,0.0427,0.0866,5.3834
22.711,0.0447,0.0868,5.3818
22.737,0.046,0.0868,5.3806
22.764,0.0449,0.0868,5.3816
22.82,0.0473,0.0867,5.3795
22.837,0.0468,0.0868,5.3799
22.895,0.0483,0.0866,5.3785
22.912,0.0481,0.0866,5.3786
22.93,0.0493,0.0867,5.3776
22.959,0.0502,0.0868,5.3769
22.979,0.0494,0.0867,5.3775
23.009,0.0513,0.0866,5.3759
23.066,0.0509,0.0867,5.3762
23.09,0.0522,0.0864,5.3749
23.127,0.0522,0.0864,5.375
23.172,0.0529,0.0859,5.3741
23.193,0.0527,0.0861,5.3744
23.234,0.0533,0.0853,5.3734
23.262,0.0533,0.0854,5.3735
23.306,0.0538,0.0842,5.3725
23.32,0.0538,0.0844,5.3727
23.35,0.0538,0.0834,5.3722
23.386,0.0534,0.0826,5.3721
23.389,0.0537,0.0834,5.3722
23.466,0.0533,0.0822,5.372
23.497,0.0529,0.081,5.3719
23.518,0.0526,0.0802,5.3717
23.546,0.0529,0.081,5.3719
23.602,0.0526,0.0801,5.3716
23.629,0.0529,0.0798,5.3713
23.68,0.0529,0.0798,5.3713
23.706,0.0531,0.0799,5.3711
23.722,0.0535,0.08,5.3708
23.767,0.0532,0.0798,5.371
23.82,0.0542,0.0802,5.3703
23.844,0.0538,0.0801,5.3706
23.879,0.0547,0.0801,5.3698
23.903,0.0545,0.0801,5.37
23.936,0.0547,0.0797,5.3696
23.997,0.0547,0.0798,5.3697
24.029,0.0539,0.0788,5.3699
24.048,0.0542,0.0792,5.3698
24.079,0.0518,0.0769,5.3709
24.113,0.0524,0.0775,5.3706
24.15,0.0505,0.0755,5.3714
24.179,0.0507,0.0756,5.3713
24.229,0.0461,0.0733,5.3743
24.268,0.0476,0.0741,5.3733
24.29,0.0507,0.0754,5.3712
24.309,0.0487,0.0753,5.3728
24.343,0.0518,0.0794,5.3721
24.391,0.0515,0.0785,5.3718
24.415,0.0535,0.0833,5.3724
24.449,0.0537,0.083,5.372
24.485,0.0553,0.0849,5.3715
24.521,0.0553,0.0849,5.3715
24.542,0.0536,0.0846,5.3729
24.567,0.0542,0.084,5.3721
24.596,0.0536,0.0846,5.3729
24.63,0.0536,0.0846,5.3729
24.67,0.0542,0.0841,5.3722
24.698,0.0533,0.0847,5.3732
24.74,0.0533,0.0847,5.3732
24.783,0.054,0.0861,5.3732
24.793,0.0542,0.0862,5.3731
24.817,0.0554,0.0874,5.3726
24.873,0.0559,0.0879,5.3723
24.914,0.0575,0.0894,5.3717
24.953,0.0576,0.0895,5.3716
24.982,0.0589,0.0906,5.371
25.034,0.059,0.0907,5.3709
25.061,0.0602,0.0916,5.3703
25.079,0.06,0.0915,5.3705
25.111,0.0618,0.0903,5.3683
25.161,0.0616,0.0904,5.3685
25.203,0.061,0.0896,5.3687
25.22,0.0612,0.0896,5.3685
25.292,0.0609,0.0898,5.3688
25.321,0.0609,0.0897,5.3688
25.376,0.0598,0.0908,5.3703
25.41,0.0594,0.0909,5.3706
25.423,0.0596,0.0909,5.3705
25.471,0.0592,0.091,5.3709
25.531,0.0592,0.091,5.3709
25.568,0.0591,0.0911,5.3711
25.589,0.0591,0.091,5.371
25.634,0.059,0.0914,5.3713
25.657,0.059,0.0913,5.3712
25.692,0.0588,0.0916,5.3716
25.709,0.0588,0.0915,5.3715
25.756,0.0586,0.0917,5.3718
25.778,0.0586,0.0917,5.3718
25.806,0.0584,0.0918,5.3719
25.824,0.0585,0.0919,5.3719
25.837,0.0585,0.0918,5.3719
25.872,0.0586,0.0919,5.3719
25.915,0.0585,0.0919,5.3719
25.955,0.0585,0.0919,5.3719
25.979,0.0585,0.0919,5.3719
26.007,0.0584,0.092,5.3721
26.037,0.0582,0.0921,5.3723
26.058,0.0584,0.092,5.3721
26.1,0.058,0.0921,5.3725
26.131,0.0581,0.0921,5.3724
26.166,0.0579,0.0921,5.3726
26.206,0.0579,0.0921,5.3726
26.243,0.0577,0.0921,5.3727
26.265,0.058,0.0923,5.3726
26.3,0.057,0.0927,5.3737
26.337,0.0573,0.0927,5.3734
26.359,0.0561,0.0927,5.3744
26.38,0.0557,0.0922,5.3746
26.405,0.0561,0.0926,5.3744
26.441,0.0555,0.0912,5.3743
26.473,0.0556,0.0917,5.3745
26.495,0.0554,0.0903,5.3739
26.566,0.0555,0.0904,5.3739
26.607,0.0557,0.0894,5.3732
26.621,0.0557,0.0895,5.3733
26.66,0.0559,0.0889,5.3728
26.679,0.0559,0.0889,5.3728
26.692,0.0561,0.0886,5.3726
26.758,0.0561,0.0886,5.3725
26.773,0.0561,0.0884,5.3724
26.809,0.056,0.0883,5.3725
26.829,0.0561,0.0884,5.3724
26.855,0.0559,0.0883,5.3726
26.902,0.0559,0.0883,5.3725
26.927,0.0557,0.0885,5.3728
26.979,0.0558,0.0885,5.3728
26.996,0.0557,0.0885,5.3729
27.048,0.0557,0.0885,5.3729
27.08,0.0553,0.089,5.3734
27.093,0.0553,0.089,5.3734
27.106,0.0553,0.0897,5.3737
27.14,0.0548,0.0911,5.3748
27.159,0.0554,0.09,5.3738
27.194,0.0543,0.0926,5.376
27.25,0.0545,0.0919,5.3754
27.287,0.0539,0.0944,5.3772
27.336,0.0539,0.0941,5.3771
27.376,0.0537,0.097,5.3786
27.399,0.0537,0.0962,5.3782
27.434,0.0536,0.0983,5.3793
27.448,0.0536,0.098,5.3791
27.47,0.0536,0.0993,5.3797
27.512,0.0535,0.0997,5.38
27.538,0.0536,0.0993,5.3797
27.569,0.0535,0.1011,5.3807
27.598,0.0536,0.1,5.3801
27.633,0.054,0.1014,5.3804
27.657,0.0542,0.102,5.3805
27.68,0.0541,0.1002,5.3797
27.742,0.0541,0.1002,5.3798
27.779,0.0551,0.1007,5.3791
27.814,0.055,0.1006,5.3791
27.844,0.0558,0.1007,5.3784
27.871,0.0558,0.1007,5.3784
27.901,0.0563,0.1,5.3777
27.945,0.0563,0.1,5.3777
27.979,0.0564,0.0992,5.3772
28.016,0.0564,0.0992,5.3772
28.051,0.0565,0.0988,5.3769
28.08,0.0565,0.0988,5.3769
28.104,0.0567,0.0984,5.3766
28.125,0.057,0.0983,5.3763
28.166,0.0568,0.0984,5.3765
28.213,0.0573,0.0982,5.376
28.228,0.0572,0.0982,5.3761
28.265,0.0575,0.0981,5.3758
28.297,0.0574,0.0981,5.3758
28.328,0.0576,0.0978,5.3755
28.357,0.0576,0.0979,5.3755
28.38,0.0578,0.0976,5.3753
28.396,0.0578,0.0973,5.3751
28.433,0.0577,0.0975,5.3753
28.48,0.058,0.0971,5.3749
28.5,0.0579,0.0972,5.375
28.53,0.0582,0.097,5.3746
28.576,0.0582,0.097,5.3746
28.623,0.0585,0.0968,5.3742
28.64,0.0585,0.0968,5.3743
28.659,0.0587,0.0967,5.374
28.725,0.0587,0.0967,5.374
28.728,0.0589,0.0966,5.3738
28.743,0.059,0.0966,5.3737
28.782,0.0589,0.0966,5.3738
28.81,0.0591,0.0964,5.3736
28.857,0.0591,0.0965,5.3736
28.896,0.0591,0.0962,5.3734
28.926,0.0591,0.0962,5.3734
28.954,0.0593,0.0959,5.3732
28.975,0.0595,0.0959,5.373
29.015,0.0593,0.0959,5.3732
29.072,0.0595,0.0959,5.3729
29.098,0.0598,0.0957,5.3726
29.132,0.0597,0.0958,5.3727
29.165,0.0599,0.0957,5.3725
29.194,0.06,0.0957,5.3724
29.21,0.0599,0.0957,5.3725
29.25,0.06,0.0958,5.3724
29.276,0.06,0.0957,5.3724
29.309,0.0601,0.0959,5.3724
29.339,0.06,0.0958,5.3724
29.369,0.06,0.096,5.3725
29.414,0.0601,0.096,5.3725
29.426,0.0602,0.096,5.3724
29.489,0.0602,0.0961,5.3724
29.492,0.0602,0.0961,5.3724
29.512,0.0601,0.0961,5.3724
29.543,0.0602,0.0961,5.3724
29.591,0.0601,0.0961,5.3725
29.626,0.0601,0.0961,5.3725
29.65,0.0597,0.0956,5.3726
29.672,0.0603,0.0959,5.3722
29.689,0.0592,0.0955,5.3731
29.739,0.0604,0.0967,5.3725
29.762,0.0603,0.0963,5.3724
29.802,0.0614,0.0978,5.3721
29.825,0.0613,0.0976,5.3721
29.849,0.0623,0.0993,5.372
29.89,0.0632,0.1003,5.3717
29.916,0.0627,0.0998,5.372
29.954,0.0639,0.101,5.3715
29.979,0.0636,0.1007,5.3716
30.014,0.0644,0.1018,5.3714
30.046,0.0642,0.1016,5.3715
30.087,0.0647,0.1022,5.3713
30.125,0.0647,0.1022,5.3713
30.142,0.0651,0.1027,5.3712
30.161,0.0644,0.1034,5.3721
30.211,0.0652,0.1031,5.3713
30.271,0.0635,0.1032,5.3729
30.278,0.0639,0.1034,5.3725
30.286,0.0626,0.1021,5.3731
30.336,0.0629,0.1023,5.3729
30.363,0.0627,0.1042,5.374
30.399,0.0637,0.1062,5.3741
30.417,0.0627,0.1042,5.374
30.483,0.0638,0.1064,5.3741
30.535,0.065,0.1084,5.374
30.56,0.0647,0.1079,5.374
30.601,0.0656,0.1089,5.3736
30.615,0.0654,0.1088,5.3737
30.642,0.066,0.109,5.3734
30.677,0.0659,0.109,5.3734
30.72,0.0664,0.1092,5.3731
30.753,0.0663,0.1092,5.3732
30.783,0.0666,0.1094,5.373
30.816,0.0668,0.1095,5.3729
30.826,0.0666,0.1094,5.373
30.901,0.0668,0.1095,5.3729
30.941,0.0669,0.1097,5.3729
30.975,0.0669,0.1097,5.3729
31.013,0.067,0.11,5.373
31.039,0.0669,0.1099,5.3729
31.081,0.067,0.1102,5.373
31.104,0.067,0.1101,5.373
31.135,0.0671,0.1103,5.373
31.172,0.0671,0.1103,5.373
31.197,0.067,0.1104,5.3731
31.244,0.067,0.1104,5.3731
31.278,0.0672,0.1105,5.373
31.324,0.0671,0.1105,5.3731
31.348,0.0672,0.1106,5.373
31.373,0.0672,0.1106,5.373
31.39,0.0672,0.1107,5.3731
31.417,0.0671,0.1107,5.3731
31.439,0.0672,0.1107,5.3731
31.47,0.0671,0.1107,5.3732
31.531,0.0671,0.1107,5.3732
31.571,0.0667,0.1096,5.373
31.602,0.0668,0.1099,5.3731
31.647,0.0661,0.11,5.3738
31.66,0.0662,0.1099,5.3736
31.691,0.0664,0.1101,5.3735
31.724,0.0664,0.11,5.3735
31.764,0.0674,0.1107,5.3729
31.796,0.0673,0.1107,5.373
31.818,0.0671,0.1107,5.3732
31.837,0.069,0.1114,5.3718
31.868,0.0673,0.1105,5.3729
31.93,0.0695,0.1118,5.3716
31.955,0.0694,0.1117,5.3716
31.996,0.0692,0.1115,5.3717
32.01,0.0693,0.1116,5.3717
32.055,0.0686,0.1114,5.3722
32.094,0.0687,0.1114,5.3721
32.123,0.0682,0.1115,5.3726
32.157,0.0683,0.1115,5.3725
32.189,0.0682,0.1118,5.3727
32.203,0.0683,0.1119,5.3727
32.227,0.0682,0.1118,5.3727
32.258,0.0682,0.1118,5.3727
32.286,0.0683,0.1119,5.3727
32.32,0.0681,0.1114,5.3726
32.369,0.0682,0.1117,5.3727
32.392,0.0676,0.1099,5.3724
32.43,0.0674,0.1101,5.3727
32.461,0.0679,0.1101,5.3723
32.475,0.0676,0.1112,5.3729
32.508,0.0679,0.1103,5.3723
32.548,0.0672,0.1121,5.3738
32.58,0.0675,0.1118,5.3733
32.608,0.0659,0.1117,5.3747
32.646,0.0662,0.1118,5.3745
32.675,0.0653,0.1121,5.3755
32.735,0.0653,0.1121,5.3755
32.763,0.0648,0.1121,5.3759
32.781,0.0648,0.1121,5.3758
32.814,0.0648,0.1122,5.376
32.867,0.0647,0.1122,5.376
32.934,0.0648,0.1123,5.376
32.968,0.0648,0.1123,5.376
32.989,0.0648,0.1122,5.3759
33.006,0.0648,0.1123,5.3759
33.037,0.0648,0.1122,5.3759
33.061,0.0648,0.1122,5.3759
33.083,0.0647,0.1122,5.376
33.121,0.0647,0.1122,5.376
33.142,0.0647,0.1122,5.376
33.225,0.0647,0.1122,5.376
33.257,0.0646,0.1121,5.376
33.276,0.0647,0.1122,5.376
33.305,0.0646,0.1121,5.376
33.339,0.0646,0.1121,5.376
33.364,0.0647,0.1122,5.376
33.399,0.0647,0.1122,5.376
33.422,0.0647,0.1122,5.376
33.455,0.0647,0.1121,5.376
33.467,0.0647,0.1122,5.376
33.499,0.0645,0.1121,5.3761
33.541,0.0646,0.1121,5.3761
33.568,0.0645,0.1122,5.3761
33.597,0.0646,0.1121,5.3761
33.615,0.0645,0.1121,5.3761
33.657,0.0646,0.1121,5.3761
33.689,0.0646,0.1121,5.3761
33.722,0.0645,0.1121,5.3761
33.754,0.0645,0.1121,5.3761
33.775,0.0645,0.1121,5.3761
33.826,0.0645,0.1121,5.3761
33.85,0.0646,0.1121,5.3761
33.895,0.0646,0.1121,5.3761
33.917,0.0646,0.1121,5.376
33.931,0.0645,0.1121,5.3761
33.961,0.0646,0.1121,5.376
34.005,0.0645,0.1121,5.3761
34.039,0.0645,0.1121,5.3761
34.077,0.0645,0.1121,5.3761
34.121,0.0645,0.1121,5.3761
34.151,0.0645,0.1121,5.3761
34.176,0.0645,0.1121,5.3761
34.212,0.0645,0.112,5.3761
34.239,0.0645,0.1121,5.3761
34.288,0.0645,0.112,5.3762
34.329,0.0645,0.1121,5.3761
34.381,0.0645,0.112,5.3761
34.385,0.0645,0.112,5.3761
34.41,0.0645,0.112,5.3761
34.47,0.0645,0.112,5.3761
34.497,0.0645,0.1121,5.3762
34.54,0.0645,0.1121,5.3762
34.576,0.0645,0.1121,5.3761
34.609,0.0645,0.1121,5.3761
34.633,0.0645,0.1121,5.3761
34.681,0.0645,0.1121,5.3761
34.731,0.0644,0.1121,5.3762
34.749,0.0645,0.1121,5.3762
34.784,0.0644,0.1121,5.3762
34.793,0.0644,0.1121,5.3762
34.822,0.0644,0.1121,5.3762
34.868,0.0644,0.1121,5.3762
34.888,0.0644,0.1121,5.3762
34.921,0.0644,0.1121,5.3763
34.959,0.0643,0.1121,5.3763
34.993,0.0644,0.1121,5.3762
35.026,0.0644,0.1121,5.3763
35.087,0.0643,0.1121,5.3763
35.1,0.0644,0.1121,5.3763
35.134,0.0643,0.1121,5.3763
35.164,0.0643,0.1121,5.3763
35.203,0.0643,0.1121,5.3763
35.245,0.0643,0.1121,5.3763
35.299,0.0643,0.1121,5.3763
35.302,0.0643,0.1121,5.3763
35.336,0.0643,0.1121,5.3763
35.369,0.0643,0.1121,5.3763
35.393,0.0644,0.1121,5.3763
35.435,0.0644,0.1121,5.3763
35.475,0.0644,0.1121,5.3762
35.493,0.0644,0.112,5.3762
35.513,0.0644,0.1121,5.3762
35.549,0.0643,0.1121,5.3763
35.582,0.0644,0.112,5.3762
35.608,0.0643,0.1121,5.3763
35.652,0.0643,0.1121,5.3763
35.69,0.0644,0.112,5.3762
35.731,0.0644,0.112,5.3762
35.756,0.0644,0.112,5.3762
35.789,0.0644,0.112,5.3762
35.821,0.0643,0.112,5.3762
35.87,0.0643,0.112,5.3762
35.896,0.0643,0.112,5.3763
35.949,0.0643,0.112,5.3763
35.981,0.0643,0.112,5.3762
36.002,0.0643,0.112,5.3762
36.039,0.0643,0.112,5.3763
36.073,0.0643,0.112,5.3763
36.095,0.0643,0.112,5.3762
36.131,0.0643,0.112,5.3762
36.143,0.0643,0.112,5.3762
36.179,0.0644,0.1119,5.3762
36.2,0.0644,0.112,5.3762
36.228,0.0643,0.1119,5.3763
36.286,0.0643,0.1119,5.3762
36.32,0.0643,0.112,5.3763
36.353,0.0643,0.112,5.3763
36.381,0.0643,0.1119,5.3762
36.444,0.0643,0.1119,5.3762
36.464,0.0642,0.1119,5.3763
36.496,0.0642,0.1119,5.3763
36.523,0.0642,0.112,5.3764
36.558,0.0642,0.112,5.3764
36.585,0.0642,0.112,5.3763
36.643,0.0642,0.112,5.3763
36.66,0.0642,0.1119,5.3763
36.699,0.0642,0.1119,5.3763
36.73,0.0642,0.112,5.3764
36.769,0.0642,0.112,5.3764
36.798,0.0642,0.1121,5.3764
36.831,0.0641,0.112,5.3764
36.849,0.0642,0.1121,5.3764
36.887,0.0641,0.112,5.3764
36.921,0.0641,0.112,5.3764
36.968,0.0641,0.112,5.3764
36.991,0.0641,0.112,5.3764
37.019,0.0641,0.112,5.3764
37.048,0.0641,0.112,5.3764
37.066,0.0641,0.112,5.3764
37.114,0.0641,0.112,5.3764
37.151,0.064,0.112,5.3765
37.183,0.064,0.112,5.3765
37.215,0.064,0.112,5.3766
37.229,0.064,0.112,5.3765
37.257,0.064,0.112,5.3766
37.294,0.064,0.112,5.3765
37.329,0.064,0.112,5.3765
37.366,0.0639,0.112,5.3766
37.4,0.0639,0.112,5.3766
37.424,0.0639,0.112,5.3766
37.445,0.064,0.1121,5.3765
37.466,0.0639,0.112,5.3766
37.508,0.064,0.112,5.3765
37.524,0.064,0.112,5.3765
37.569,0.064,0.112,5.3766
37.599,0.064,0.112,5.3766
37.625,0.0639,0.112,5.3766
37.664,0.0639,0.112,5.3766
37.677,0.064,0.112,5.3766
37.707,0.0639,0.112,5.3766
37.747,0.0639,0.112,5.3766
37.778,0.0639,0.112,5.3766
37.827,0.0639,0.112,5.3766
37.858,0.0639,0.112,5.3766
37.88,0.0638,0.112,5.3767
37.904,0.0639,0.112,5.3766
37.947,0.0638,0.1121,5.3767
37.978,0.0639,0.112,5.3766
38.0,0.0639,0.112,5.3766
38.022,0.0639,0.112,5.3766
38.049,0.0638,0.112,5.3767
38.082,0.0638,0.112,5.3767
38.106,0.0638,0.1121,5.3767
38.158,0.0638,0.1121,5.3767
38.215,0.0639,0.112,5.3766
38.249,0.0639,0.112,5.3766
38.285,0.0638,0.1119,5.3767
38.324,0.0638,0.112,5.3767
38.359,0.0638,0.112,5.3767
38.383,0.0638,0.112,5.3767
38.414,0.0638,0.112,5.3767
38.458,0.0638,0.112,5.3767
38.482,0.0638,0.1119,5.3767
38.527,0.0638,0.1119,5.3767
38.55,0.0638,0.1119,5.3767
38.581,0.0638,0.1119,5.3767
38.597,0.0638,0.1119,5.3766
38.618,0.0638,0.1119,5.3766
38.668,0.0639,0.1119,5.3766
38.677,0.0638,0.1119,5.3766
38.722,0.0638,0.1119,5.3766
38.743,0.0638,0.1118,5.3766
38.774,0.0638,0.1119,5.3767
38.798,0.0638,0.1119,5.3766
38.835,0.0638,0.1119,5.3766
38.873,0.0638,0.1119,5.3767
38.902,0.0638,0.1118,5.3766
38.937,0.0638,0.1118,5.3766
38.967,0.0638,0.1118,5.3766
39.008,0.0638,0.1118,5.3766
39.049,0.0638,0.1119,5.3767
39.081,0.0638,0.1119,5.3767
39.112,0.0638,0.1118,5.3766
39.145,0.0638,0.1118,5.3766
39.175,0.0638,0.1118,5.3767
39.195,0.0637,0.1119,5.3767
39.232,0.0638,0.1118,5.3767
39.257,0.0637,0.1119,5.3767
39.285,0.0637,0.1119,5.3767
39.307,0.0637,0.1119,5.3767
39.364,0.0637,0.1119,5.3767
39.378,0.0637,0.1119,5.3767
39.401,0.0636,0.1118,5.3768
39.432,0.0637,0.1118,5.3767
39.462,0.0637,0.1119,5.3768
39.5,0.0636,0.1118,5.3768
39.523,0.0637,0.1119,5.3767
39.562,0.0637,0.1119,5.3767
39.593,0.0637,0.1118,5.3767
39.619,0.0636,0.1118,5.3768
39.65,0.0637,0.1118,5.3767
39.698,0.0637,0.1118,5.3768
39.72,0.0636,0.1118,5.3768
39.746,0.0637,0.1119,5.3767
39.779,0.0637,0.1119,5.3767
39.815,0.0637,0.1118,5.3767
39.857,0.0637,0.1118,5.3767
39.904,0.0637,0.1118,5.3767
39.955,0.0637,0.1118,5.3767
40.015,0.0637,0.1118,5.3767
40.076,0.0637,0.1118,5.3767
40.081,0.0637,0.1118,5.3767
40.083,0.0637,0.1118,5.3767
40.14,0.0637,0.1118,5.3767
40.162,0.0636,0.1118,5.3768
40.203,0.0636,0.1118,5.3768
40.237,0.0637,0.1118,5.3767
40.276,0.0637,0.1118,5.3767
40.313,0.0638,0.1117,5.3766
40.337,0.0638,0.1117,5.3766
40.363,0.0637,0.1117,5.3767
40.416,0.0637,0.1117,5.3767
40.445,0.0641,0.11,5.3755
40.481,0.064,0.1106,5.3759
40.513,0.0667,0.1084,5.3724
40.543,0.0666,0.1085,5.3726
40.566,0.0731,0.1066,5.3659
40.608,0.0816,0.1052,5.3578
40.621,0.0739,0.1064,5.3652
40.657,0.0915,0.1019,5.3476
40.697,0.0861,0.1037,5.3531
40.729,0.1009,0.0982,5.3375
40.766,0.1002,0.0986,5.3383
40.8,0.1155,0.0912,5.3213
40.82,0.128,0.0855,5.3076
40.845,0.1155,0.0912,5.3213
40.907,0.132,0.084,5.3033
40.936,0.1489,0.0787,5.286
40.984,0.1494,0.0782,5.2853
41.021,0.1708,0.0734,5.2642
41.073,0.1676,0.0739,5.2672
41.098,0.195,0.065,5.2389
41.126,0.191,0.0678,5.2437
41.142,0.2158,0.0635,5.2198
41.154,0.2274,0.0597,5.2078
41.195,0.2162,0.0635,5.2195
41.236,0.2408,0.053,5.1928
41.269,0.2347,0.0561,5.1997
41.315,0.2566,0.0433,5.1743
41.337,0.2523,0.0462,5.1795
41.363,0.2664,0.0352,5.1619
41.411,0.2656,0.0358,5.1628
41.444,0.272,0.031,5.155
41.457,0.2711,0.0314,5.1559
41.486,0.2731,0.0315,5.1542
41.539,0.2733,0.0316,5.1541
41.569,0.2728,0.0341,5.1557
41.599,0.2727,0.034,5.1557
41.658,0.2701,0.0359,5.1589
41.665,0.2686,0.037,5.1608
41.701,0.2702,0.0358,5.1588
41.74,0.2677,0.0372,5.1617
41.755,0.2683,0.0371,5.1611
41.795,0.2673,0.037,5.162
41.817,0.2674,0.0371,5.1619
41.861,0.2672,0.0367,5.1619
41.893,0.2672,0.0368,5.1619
41.932,0.2672,0.0367,5.1619
41.966,0.2672,0.0367,5.1619
41.994,0.2671,0.0369,5.1621
42.038,0.2671,0.0369,5.162
42.059,0.267,0.0369,5.1622
42.079,0.267,0.0369,5.1622
42.127,0.2669,0.0368,5.1622
42.158,0.2669,0.0368,5.1622
42.183,0.2679,0.035,5.1604
42.225,0.2681,0.035,5.1603
42.246,0.2725,0.0331,5.1555
42.278,0.2789,0.0307,5.1488
42.301,0.2735,0.0328,5.1545
42.341,0.2875,0.0275,5.1396
42.364,0.2804,0.0302,5.1472
42.396,0.2968,0.0226,5.1292
42.435,0.296,0.0231,5.1301
42.459,0.3058,0.0186,5.1193
42.507,0.3093,0.0169,5.1155
42.523,0.3203,0.012,5.1034
42.553,0.3301,0.0089,5.0933
42.577,0.3228,0.0109,5.1007
42.648,0.3453,0.0035,5.0774
42.674,0.3418,0.0047,5.081
42.697,0.3652,-0.004,5.0564
42.711,0.3625,-0.0032,5.0591
42.758,0.3839,-0.0139,5.0352
42.762,0.4035,-0.0196,5.0153
42.791,0.3856,-0.0158,5.0328
42.813,0.4117,-0.024,5.0059
42.881,0.409,-0.0227,5.009
42.942,0.431,-0.0343,4.9841
42.945,0.4299,-0.0336,4.9854
42.948,0.4459,-0.0439,4.9664
42.969,0.4562,-0.0507,4.9541
43.021,0.4504,-0.0468,4.9611
43.058,0.4631,-0.0575,4.9448
43.088,0.4606,-0.0551,4.9481
43.131,0.4671,-0.0593,4.9404
43.161,0.467,-0.0593,4.9406
43.202,0.468,-0.0575,4.9404
43.222,0.4679,-0.0581,4.9403
43.256,0.4669,-0.0566,4.9419
43.291,0.4669,-0.0566,4.9419
43.337,0.4647,-0.0545,4.9448
43.375,0.4652,-0.0548,4.9442
43.383,0.4643,-0.0544,4.9452
43.43,0.4643,-0.0544,4.9452
43.485,0.4646,-0.0549,4.9447
43.509,0.4645,-0.0549,4.9448
43.539,0.4648,-0.0551,4.9445
43.567,0.4648,-0.0551,4.9445
43.587,0.4648,-0.0549,4.9445
43.607,0.4646,-0.0551,4.9446
43.636,0.4646,-0.0552,4.9446
43.666,0.4648,-0.0551,4.9445
43.694,0.4647,-0.0549,4.9446
43.719,0.4652,-0.0552,4.9441
43.766,0.465,-0.0551,4.9443
43.804,0.466,-0.0551,4.9434
43.837,0.4659,-0.0552,4.9434
43.864,0.467,-0.055,4.9425
43.902,0.4672,-0.0549,4.9424
43.916,0.4685,-0.0548,4.9414
43.943,0.4698,-0.0547,4.9402
43.974,0.469,-0.0547,4.9409
44.019,0.4711,-0.0545,4.9392
44.062,0.4707,-0.0546,4.9395
44.08,0.4723,-0.0544,4.9382
44.107,0.4734,-0.054,4.9374
44.135,0.4723,-0.0544,4.9382
44.218,0.4738,-0.0538,4.9371
44.244,0.4759,-0.0529,4.9357
44.275,0.4755,-0.0531,4.936
44.3,0.4774,-0.0523,4.9348
44.334,0.4772,-0.0524,4.9349
44.377,0.4787,-0.0515,4.9339
44.419,0.4788,-0.0515,4.9339
44.464,0.4803,-0.05,4.9333
44.469,0.4799,-0.0504,4.9334
44.494,0.4812,-0.0491,4.9329
44.559,0.4809,-0.0496,4.9329
44.572,0.482,-0.0485,4.9326
44.602,0.4819,-0.0485,4.9326
44.617,0.4827,-0.0476,4.9323
44.669,0.4835,-0.0469,4.932
44.675,0.483,-0.0473,4.9322
44.706,0.4841,-0.046,4.9318
44.756,0.484,-0.0463,4.9319
44.783,0.4851,-0.0451,4.9314
44.822,0.4851,-0.0451,4.9314
44.853,0.4858,-0.0438,4.9314
44.891,0.4858,-0.0438,4.9314
44.925,0.4877,-0.0427,4.9303
44.974,0.4878,-0.0426,4.9303
45.003,0.4883,-0.0448,4.9287
45.049,0.4882,-0.0444,4.9291
45.088,0.4863,-0.0437,4.931
45.107,0.4869,-0.0438,4.9305
45.14,0.4856,-0.0418,4.9326
45.157,0.4866,-0.0397,4.9327
45.179,0.4856,-0.0417,4.9326
45.211,0.4848,-0.0389,4.9347
45.263,0.4858,-0.0402,4.9331
45.299,0.4842,-0.0362,4.9365
45.329,0.4847,-0.0371,4.9356
45.379,0.4834,-0.0358,4.9374
45.396,0.4837,-0.036,4.937
45.432,0.4827,-0.0376,4.9371
45.466,0.4829,-0.0371,4.9372
45.493,0.482,-0.0387,4.9372
45.524,0.4822,-0.0385,4.9372
45.575,0.4816,-0.0388,4.9375
45.6,0.4816,-0.0388,4.9375
45.617,0.4811,-0.0388,4.9379
45.638,0.4809,-0.0389,4.9381
45.675,0.4811,-0.0388,4.938
45.712,0.4806,-0.039,4.9383
45.736,0.4807,-0.0389,4.9383
45.761,0.4804,-0.039,4.9385
45.817,0.4804,-0.039,4.9385
45.846,0.4801,-0.0389,4.9388
45.895,0.4802,-0.0389,4.9387
45.938,0.4798,-0.0389,4.939
45.97,0.4798,-0.0389,4.939
46.056,0.4798,-0.039,4.939
46.097,0.4798,-0.039,4.9391
46.132,0.4798,-0.0389,4.9391
46.208,0.4798,-0.0389,4.9391
46.244,0.4798,-0.0389,4.9391
46.273,0.4798,-0.0389,4.9391
46.306,0.4798,-0.0388,4.9391
46.335,0.4798,-0.0389,4.9391
46.366,0.4798,-0.0388,4.9391
46.385,0.4798,-0.0388,4.9391
46.415,0.4795,-0.0392,4.9391
46.441,0.4797,-0.039,4.9391
46.478,0.4793,-0.0392,4.9393
46.51,0.4794,-0.0392,4.9393
46.541,0.4785,-0.0391,4.9401
46.57,0.4787,-0.0391,4.94
46.597,0.4783,-0.0386,4.9405
46.615,0.4775,-0.0385,4.9412
46.668,0.4782,-0.0384,4.9407
46.715,0.4766,-0.0396,4.9416
46.728,0.4772,-0.0389,4.9414
46.757,0.4759,-0.0407,4.9416
46.786,0.4761,-0.0403,4.9416
46.816,0.4754,-0.0418,4.9415
46.846,0.4755,-0.0416,4.9415
46.88,0.4752,-0.0427,4.9413
46.911,0.475,-0.0433,4.9411
46.933,0.4752,-0.0427,4.9413
46.971,0.4752,-0.0434,4.941
46.995,0.4751,-0.0433,4.941
47.046,0.4752,-0.0433,4.941
47.064,0.4752,-0.0433,4.941
47.126,0.4757,-0.0433,4.9405
47.149,0.4756,-0.0433,4.9406
47.18,0.476,-0.0437,4.9401
47.21,0.476,-0.0437,4.9401
47.254,0.4765,-0.0445,4.9393
47.294,0.4764,-0.0443,4.9394
47.332,0.4768,-0.0458,4.9384
47.347,0.4767,-0.0453,4.9387
47.394,0.4769,-0.0468,4.9378
47.411,0.4769,-0.0466,4.9379
47.435,0.477,-0.0477,4.9373
47.453,0.477,-0.0482,4.937
47.486,0.4769,-0.0478,4.9373
47.53,0.4773,-0.0488,4.9365
47.562,0.4771,-0.0484,4.9368
47.59,0.4774,-0.0495,4.9361
47.621,0.4774,-0.0493,4.9362
47.654,0.4776,-0.0502,4.9355
47.702,0.4776,-0.0501,4.9356
47.714,0.478,-0.051,4.9348
47.77,0.4779,-0.051,4.9349
47.809,0.4786,-0.0522,4.9337
47.837,0.4785,-0.0521,4.9338
47.862,0.4788,-0.0524,4.9334
47.897,0.4788,-0.0524,4.9334
47.935,0.4787,-0.0526,4.9334
47.974,0.4788,-0.0526,4.9334
48.011,0.4787,-0.0522,4.9336
48.048,0.4787,-0.0523,4.9336
48.074,0.4787,-0.0522,4.9336
48.105,0.4787,-0.0522,4.9337
48.147,0.4785,-0.053,4.9334
48.189,0.4785,-0.0529,4.9334
48.21,0.4773,-0.0532,4.9344
48.235,0.4759,-0.0532,4.9356
48.282,0.4766,-0.0533,4.9349
48.313,0.4743,-0.0525,4.9373
48.344,0.4754,-0.053,4.9361
48.371,0.4723,-0.0517,4.9395
48.412,0.4731,-0.052,4.9386
48.461,0.4692,-0.051,4.9425
48.473,0.4706,-0.0514,4.9411
48.506,0.4678,-0.0514,4.9436
48.527,0.4683,-0.0512,4.9432
48.544,0.4671,-0.0516,4.9441
48.584,0.4668,-0.0516,4.9444
48.635,0.4671,-0.0516,4.9441
48.677,0.4666,-0.0514,4.9446
48.686,0.4667,-0.0516,4.9444
48.716,0.4665,-0.0509,4.945
48.745,0.4665,-0.0511,4.9448
48.784,0.4662,-0.0507,4.9453
48.825,0.4663,-0.0507,4.9452
48.853,0.4662,-0.0509,4.9452
48.895,0.4662,-0.0509,4.9452
48.941,0.4659,-0.0513,4.9453
48.958,0.4659,-0.0512,4.9453
48.977,0.466,-0.0514,4.9452
49.053,0.4659,-0.0514,4.9452
49.071,0.4658,-0.0509,4.9456
49.103,0.4658,-0.0509,4.9456
49.133,0.4658,-0.0507,4.9457
49.145,0.4678,-0.0551,4.9418
49.166,0.4658,-0.0507,4.9457
49.199,0.4659,-0.0541,4.944
49.23,0.4667,-0.0547,4.9429
49.266,0.4652,-0.0537,4.9447
49.325,0.4655,-0.0538,4.9445
49.349,0.4637,-0.0528,4.9465
49.379,0.4641,-0.0531,4.946
49.429,0.4631,-0.052,4.9474
49.453,0.4632,-0.0522,4.9472
49.495,0.4632,-0.0516,4.9475
49.518,0.4632,-0.0516,4.9475
49.547,0.4635,-0.0508,4.9476
49.567,0.4639,-0.0503,4.9475
49.6,0.4635,-0.0508,4.9476
49.664,0.4641,-0.0499,4.9476
49.692,0.4644,-0.0485,4.948
49.724,0.4644,-0.0486,4.9479
49.746,0.4646,-0.048,4.948
49.767,0.4648,-0.0477,4.948
49.807,0.4646,-0.0477,4.9481
49.845,0.4648,-0.0477,4.948
49.874,0.4648,-0.0476,4.948
49.932,0.465,-0.0482,4.9476
49.961,0.4649,-0.0481,4.9477
49.994,0.4654,-0.0487,4.947
50.017,0.4653,-0.0486,4.9471
50.044,0.4657,-0.0491,4.9465
50.082,0.4657,-0.0491,4.9465
50.129,0.4661,-0.0496,4.9459
50.165,0.466,-0.0495,4.946
50.206,0.4663,-0.0498,4.9457
50.226,0.4662,-0.0497,4.9458
50.267,0.4665,-0.0505,4.9452
50.288,0.4664,-0.0502,4.9454
50.317,0.4666,-0.051,4.9448
50.349,0.4666,-0.0509,4.9449
50.39,0.4669,-0.0517,4.9442
50.433,0.4669,-0.0516,4.9443
50.456,0.4672,-0.0524,4.9436
50.49,0.4672,-0.0523,4.9437
50.522,0.4657,-0.0536,4.9444
50.576,0.466,-0.0534,4.9442
50.579,0.4663,-0.053,4.9441
50.6,0.4655,-0.0543,4.9442
50.632,0.4662,-0.0532,4.9441
50.657,0.4632,-0.0567,4.9451
50.692,0.4641,-0.0564,4.9444
50.741,0.4622,-0.0558,4.9464
50.763,0.4612,-0.0541,4.9481
50.821,0.4623,-0.0559,4.9462
50.879,0.4611,-0.0535,4.9485
50.908,0.4611,-0.0519,4.9492
50.924,0.461,-0.0522,4.9491
50.959,0.4616,-0.0519,4.9488
51.006,0.4614,-0.0519,4.9489
51.052,0.4617,-0.052,4.9486
51.075,0.4617,-0.052,4.9487
51.097,0.4617,-0.0517,4.9488
51.124,0.4617,-0.0518,4.9488
51.146,0.4615,-0.0515,4.949
51.17,0.4615,-0.0512,4.9492
51.194,0.4615,-0.0515,4.949
51.228,0.4615,-0.0511,4.9492
51.255,0.4615,-0.0512,4.9492
51.302,0.4616,-0.051,4.9493
51.353,0.4615,-0.051,4.9493
51.375,0.4616,-0.0508,4.9494
51.409,0.4616,-0.0508,4.9493
51.434,0.4615,-0.0507,4.9494
51.47,0.4615,-0.0507,4.9494
51.509,0.4614,-0.0495,4.9501
51.539,0.4615,-0.0497,4.95
51.583,0.4606,-0.0482,4.9514
51.631,0.4606,-0.0482,4.9514
51.657,0.4611,-0.0471,4.9515
51.696,0.4611,-0.0472,4.9515
51.716,0.4613,-0.0465,4.9517
51.75,0.4613,-0.0465,4.9517
51.801,0.4615,-0.0461,4.9517
51.824,0.4615,-0.0461,4.9517
51.835,0.4616,-0.0456,4.9518
51.859,0.4617,-0.0451,4.9519
51.892,0.4617,-0.0454,4.9518
51.938,0.4616,-0.0442,4.9525
51.952,0.4616,-0.0446,4.9522
51.972,0.4614,-0.0432,4.9531
52.029,0.4614,-0.0432,4.9531
52.055,0.4615,-0.0414,4.9539
52.078,0.4617,-0.0396,4.9546
52.104,0.4615,-0.0412,4.954
52.158,0.4611,-0.0378,4.956
52.182,0.4614,-0.0388,4.9553
52.225,0.4601,-0.0356,4.9579
52.24,0.4605,-0.0365,4.9571
52.273,0.46,-0.0344,4.9586
52.313,0.46,-0.0347,4.9585
52.326,0.4596,-0.033,4.9596
52.379,0.4596,-0.0327,4.9598
52.408,0.4597,-0.031,4.9605
52.454,0.4597,-0.031,4.9605
52.491,0.4607,-0.0299,4.9602
52.514,0.4605,-0.0301,4.9602
52.544,0.4613,-0.0291,4.96
52.59,0.4613,-0.029,4.96
52.606,0.4619,-0.0281,4.96
52.632,0.4628,-0.0276,4.9594
52.66,0.4622,-0.0278,4.9598
52.694,0.4637,-0.0274,4.9587
52.735,0.4633,-0.0275,4.959
52.765,0.4647,-0.027,4.958
52.799,0.4654,-0.0267,4.9576
52.804,0.4647,-0.027,4.958
52.838,0.4657,-0.0259,4.9577
52.892,0.4656,-0.0262,4.9576
52.925,0.4659,-0.0242,4.9583
52.951,0.4658,-0.0252,4.9579
52.988,0.4658,-0.0214,4.9598
53.024,0.4658,-0.0218,4.9596
53.06,0.4657,-0.0184,4.9614
53.088,0.4657,-0.0187,4.9612
53.126,0.4663,-0.0152,4.9623
53.159,0.4661,-0.0158,4.9622
53.191,0.4657,-0.0129,4.964
53.2,0.4648,-0.0137,4.9644
53.228,0.4658,-0.0129,4.9639
53.266,0.4661,-0.0135,4.9633
53.292,0.465,-0.0144,4.9639
53.328,0.4675,-0.012,4.9628
53.364,0.4669,-0.0129,4.963
53.393,0.4693,-0.0096,4.9624
53.437,0.4694,-0.0096,4.9624
53.483,0.4718,-0.0074,4.9614
53.514,0.4716,-0.0075,4.9614
53.541,0.4741,-0.0056,4.9602
53.584,0.4741,-0.0056,4.9602
53.612,0.4759,-0.0039,4.9595
53.651,0.4758,-0.0039,4.9595
53.683,0.4771,-0.0027,4.959
53.723,0.4771,-0.0026,4.959
53.755,0.4782,-0.0012,4.9587
53.778,0.478,-0.0015,4.9588
53.798,0.4787,-0.0005,4.9586
53.854,0.4788,-0.0005,4.9586
53.88,0.4792,-0.0001,4.9584
53.902,0.4795,0.0002,4.9583
53.939,0.4793,-0.0,4.9583
53.99,0.4798,0.0005,4.9582
54.01,0.4796,0.0003,4.9582
54.048,0.4801,0.0007,4.958
54.086,0.48,0.0006,4.9581
54.12,0.4805,0.0012,4.9579
54.18,0.4805,0.0011,4.9579
54.219,0.481,0.0016,4.9576
54.246,0.4807,0.0014,4.9578
54.285,0.4811,0.0016,4.9576
54.318,0.4814,0.0015,4.9573
54.346,0.4814,0.0016,4.9573
54.38,0.4815,0.0015,4.9571
54.427,0.4815,0.0015,4.9572
54.486,0.4816,0.0015,4.9571
54.496,0.4816,0.0015,4.9571
54.534,0.4817,0.0014,4.957
54.564,0.4817,0.0015,4.957
54.596,0.4818,0.0014,4.9569
54.619,0.4818,0.0014,4.9569
54.657,0.4815,0.0019,4.9574
54.672,0.4824,0.0013,4.9563
54.695,0.4815,0.0019,4.9574
54.732,0.4826,0.0019,4.9564
54.77,0.4824,0.0016,4.9565
54.796,0.4831,0.0024,4.9562
54.848,0.483,0.0023,4.9562
54.892,0.484,0.0035,4.956
54.932,0.4838,0.0032,4.956
54.944,0.4847,0.0042,4.9557
55.019,0.4847,0.0042,4.9557
55.03,0.4854,0.0055,4.9557
55.061,0.4853,0.0052,4.9556
55.115,0.4856,0.0064,4.956
55.131,0.4855,0.006,4.9559
55.19,0.4852,0.0065,4.9564
55.211,0.485,0.0065,4.9566
55.253,0.4851,0.0064,4.9564
55.276,0.485,0.0065,4.9566
55.308,0.4855,0.0064,4.9561
55.328,0.4853,0.0064,4.9562
55.361,0.4861,0.0065,4.9557
55.411,0.486,0.0065,4.9557
55.448,0.4868,0.0066,4.955
55.467,0.4867,0.0066,4.9551
55.501,0.4873,0.0065,4.9546
55.513,0.4875,0.0065,4.9544
55.571,0.4874,0.0065,4.9545
55.597,0.4876,0.0064,4.9542
55.62,0.4876,0.0064,4.9543
55.657,0.4877,0.0063,4.9541
55.675,0.4877,0.0063,4.9542
55.713,0.4878,0.0062,4.954
55.762,0.4878,0.0062,4.954
55.801,0.4877,0.0063,4.9541
55.817,0.4877,0.0062,4.9541
55.849,0.4876,0.0063,4.9541
55.868,0.4877,0.0062,4.954
55.89,0.4877,0.0062,4.9541
55.956,0.4878,0.0062,4.954
56.006,0.4879,0.006,4.9538
56.019,0.4879,0.0059,4.9537
56.046,0.4879,0.006,4.9538
56.073,0.4879,0.0058,4.9537
56.1,0.4879,0.0058,4.9537
56.132,0.4878,0.0057,4.9537
56.166,0.4878,0.0058,4.9538
56.198,0.4878,0.0056,4.9537
56.254,0.4878,0.0057,4.9537
56.299,0.4876,0.0056,4.9539
56.319,0.4877,0.0056,4.9538
56.346,0.4876,0.0055,4.9538
56.376,0.4876,0.0055,4.9538
56.414,0.4876,0.0054,4.9537
56.443,0.4876,0.0053,4.9537
56.494,0.4876,0.0052,4.9537
56.53,0.4876,0.0052,4.9537
56.567,0.4875,0.0052,4.9537
56.597,0.4875,0.0052,4.9537
56.64,0.4876,0.0051,4.9536
56.657,0.4875,0.0051,4.9537
56.686,0.4875,0.0051,4.9537
56.706,0.488,0.0049,4.9532
56.736,0.4875,0.0051,4.9537
56.78,0.4897,0.0037,4.9511
56.797,0.4887,0.0045,4.9524
56.83,0.4928,0.0027,4.9479
56.866,0.492,0.0029,4.9487
56.891,0.4997,0.0005,4.9408
56.909,0.5091,-0.0023,4.9313
56.93,0.5004,0.0003,4.9401
56.973,0.5199,-0.0058,4.9201
57.002,0.5149,-0.0041,4.9253
57.026,0.5318,-0.0092,4.9081
57.086,0.5274,-0.008,4.9125
57.096,0.5466,-0.0127,4.8935
57.145,0.5457,-0.0126,4.8943
57.169,0.563,-0.0134,4.8788
57.208,0.5622,-0.0133,4.8796
57.247,0.5866,-0.0177,4.8562
57.293,0.5848,-0.0172,4.858
57.322,0.6138,-0.0237,4.8296
57.364,0.6139,-0.0238,4.8295
57.395,0.6331,-0.0316,4.809
57.43,0.6309,-0.0307,4.8112
57.463,0.66,-0.0441,4.7794
57.498,0.6536,-0.0411,4.7865
57.53,0.6761,-0.0522,4.7614
57.574,0.6743,-0.0513,4.7634
57.598,0.6869,-0.0615,4.7474
57.617,0.6961,-0.0614,4.7395
57.638,0.6891,-0.0604,4.746
57.675,0.7014,-0.0626,4.7343
57.708,0.6984,-0.0627,4.7368
57.741,0.701,-0.0627,4.7346
57.791,0.7018,-0.0622,4.7341
57.821,0.6995,-0.0635,4.7355
57.839,0.6997,-0.0634,4.7353
57.871,0.6972,-0.0625,4.7379
57.92,0.697,-0.0623,4.7382
57.941,0.6933,-0.0601,4.7425
57.988,0.6934,-0.0602,4.7424
58.005,0.6913,-0.0589,4.7448
58.053,0.6909,-0.0587,4.7453
58.081,0.6899,-0.0581,4.7465
58.085,0.6891,-0.0576,4.7474
58.13,0.6894,-0.0577,4.7471
58.157,0.6884,-0.0572,4.7482
58.199,0.6885,-0.0573,4.7481
58.232,0.6878,-0.057,4.7488
58.27,0.6879,-0.057,4.7488
58.3,0.6881,-0.0578,4.7482
58.32,0.6888,-0.0585,4.7472
58.354,0.688,-0.0579,4.7482
58.393,0.6924,-0.0596,4.7436
58.42,0.6903,-0.059,4.7457
58.448,0.6983,-0.0613,4.7376
58.484,0.6957,-0.0605,4.7403
58.508,0.7068,-0.0644,4.7287
58.555,0.7062,-0.0641,4.7293
58.581,0.7194,-0.0687,4.7157
58.621,0.7176,-0.0681,4.7175
58.667,0.7356,-0.0723,4.6998
58.69,0.7318,-0.0715,4.7035
58.731,0.7523,-0.0769,4.683
58.776,0.7496,-0.0761,4.6857
58.798,0.7769,-0.0852,4.6576
58.832,0.7739,-0.0842,4.6607
58.858,0.8017,-0.0931,4.6322
58.921,0.7969,-0.0914,4.6372
58.937,0.8289,-0.0993,4.6055
58.971,0.8254,-0.0987,4.6088
58.988,0.8439,-0.103,4.5908
59.005,0.8572,-0.1069,4.5772
59.034,0.8457,-0.1035,4.5889
59.075,0.8732,-0.1121,4.5608
59.109,0.867,-0.11,4.5672
59.15,0.8888,-0.1195,4.5437
59.176,0.8848,-0.1171,4.5483
59.212,0.8976,-0.1232,4.5342
59.269,0.8978,-0.1233,4.5339
59.305,0.9029,-0.1276,4.5273
59.325,0.9025,-0.1272,4.5279
59.354,0.903,-0.127,4.5276
59.405,0.903,-0.1271,4.5276
59.439,0.8995,-0.1247,4.5318
59.462,0.9002,-0.1251,4.531
59.494,0.8977,-0.1231,4.5342
59.516,0.898,-0.1233,4.5338
59.549,0.897,-0.1225,4.5351
59.568,0.8971,-0.1225,4.5349
59.613,0.897,-0.1224,4.5351
59.64,0.8974,-0.1226,4.5347
59.654,0.8972,-0.1226,4.5348
59.694,0.8976,-0.1229,4.5343
59.744,0.8976,-0.1229,4.5343
59.763,0.8977,-0.123,4.5342
59.808,0.8976,-0.123,4.5343
59.831,0.8976,-0.1229,4.5344
59.875,0.8976,-0.1229,4.5344
59.898,0.8994,-0.1235,4.5325
59.943,0.8994,-0.1235,4.5325
59.953,0.9024,-0.1246,4.5293
59.988,0.9086,-0.1268,4.5229
60.025,0.9051,-0.1256,4.5264
60.073,0.9181,-0.1297,4.5132
60.096,0.9149,-0.1287,4.5164
60.138,0.9319,-0.1345,4.4989
60.154,0.9284,-0.1333,4.5026
60.174,0.9449,-0.1386,4.4856
60.242,0.9446,-0.1385,4.4859
60.284,0.9629,-0.1449,4.4669
60.302,0.9566,-0.143,4.4733
60.327,0.9769,-0.1495,4.4525
60.377,0.9741,-0.1487,4.4553
60.412,1.0023,-0.1575,4.4265
60.445,0.999,-0.1566,4.4299
60.468,1.022,-0.1621,4.4073
60.505,1.0242,-0.1623,4.4053
60.538,1.0423,-0.1668,4.3875
60.583,1.0456,-0.1674,4.3843
60.592,1.0519,-0.1682,4.3786
60.614,1.0698,-0.1731,4.3607
60.642,1.0642,-0.1715,4.3663
60.671,1.0851,-0.1774,4.3453
60.709,1.0842,-0.1771,4.3462
60.738,1.0999,-0.1837,4.3294
60.756,1.1057,-0.1872,4.3226
60.789,1.1001,-0.184,4.329
60.817,1.1098,-0.1898,4.3177
60.853,1.1083,-0.189,4.3195
60.882,1.1109,-0.19,4.3167
60.938,1.1108,-0.19,4.3168
60.962,1.1093,-0.189,4.3186
60.997,1.1095,-0.1891,4.3184
61.017,1.1077,-0.1878,4.3206
61.044,1.1069,-0.1873,4.3215
61.089,1.1075,-0.1876,4.3209
61.143,1.1069,-0.1874,4.3215
61.147,1.1069,-0.1873,4.3216
61.181,1.1074,-0.1878,4.3208
61.213,1.1074,-0.1878,4.3209
61.249,1.1079,-0.1884,4.3201
61.281,1.1079,-0.1883,4.3202
61.308,1.108,-0.1885,4.32
61.323,1.1082,-0.1885,4.3197
61.352,1.108,-0.1885,4.32
61.411,1.1083,-0.1886,4.3196
61.438,1.112,-0.19,4.3158
61.485,1.112,-0.19,4.3158
61.519,1.1195,-0.1924,4.3081
61.57,1.1198,-0.1925,4.3078
61.58,1.1277,-0.1947,4.3
61.583,1.1382,-0.1978,4.2893
61.608,1.1312,-0.1956,4.2964
61.642,1.1495,-0.2018,4.2776
61.695,1.1458,-0.2007,4.2813
61.72,1.1612,-0.2056,4.2656
61.763,1.1614,-0.2057,4.2654
61.799,1.1703,-0.2089,4.2561
61.801,1.1841,-0.2128,4.2422
61.828,1.1744,-0.21,4.2521
61.858,1.2013,-0.2186,4.2246
61.915,1.1911,-0.2151,4.2351
61.943,1.2237,-0.225,4.2022
61.984,1.2217,-0.2245,4.2041
62.031,1.2519,-0.2341,4.1733
62.043,1.2486,-0.2334,4.1766
62.069,1.269,-0.239,4.1562
62.099,1.2892,-0.246,4.1354
62.113,1.2722,-0.24,4.153
62.16,1.3083,-0.2527,4.1156
62.188,1.298,-0.2489,4.1264
62.227,1.3278,-0.2611,4.0946
62.254,1.3227,-0.2588,4.1002
62.299,1.3445,-0.2676,4.077
62.311,1.354,-0.2723,4.0665
62.341,1.3436,-0.2672,4.078
62.412,1.3555,-0.2726,4.065
62.439,1.3613,-0.2751,4.0588
62.461,1.3613,-0.2753,4.0586
62.501,1.3614,-0.2748,4.0588
62.537,1.3614,-0.2748,4.0589
62.573,1.3577,-0.2738,4.0625
62.613,1.3579,-0.2739,4.0622
62.642,1.3545,-0.2733,4.0655
62.649,1.3528,-0.2732,4.067
62.682,1.3537,-0.2732,4.0662
62.751,1.3523,-0.2732,4.0675
62.803,1.3516,-0.2732,4.068
62.825,1.3517,-0.2732,4.0679
62.857,1.3514,-0.2731,4.0683
62.931,1.3514,-0.2731,4.0682
62.979,1.3506,-0.273,4.069
62.998,1.351,-0.273,4.0686
63.022,1.3502,-0.273,4.0693
63.045,1.3505,-0.273,4.0691
63.094,1.3501,-0.273,4.0693
63.133,1.3506,-0.2736,4.0687
63.163,1.3505,-0.2735,4.0687
63.178,1.3526,-0.2764,4.0655
63.239,1.3537,-0.2768,4.0643
63.253,1.358,-0.2783,4.0598
63.276,1.3628,-0.28,4.0549
63.311,1.3617,-0.2796,4.056
63.346,1.3735,-0.2844,4.0435
63.373,1.3709,-0.2833,4.0462
63.389,1.3835,-0.2874,4.0334
63.451,1.3841,-0.2876,4.0327
63.476,1.3957,-0.2901,4.0216
63.511,1.3951,-0.29,4.0222
63.526,1.4084,-0.2939,4.0088
63.555,1.4227,-0.2993,3.9939
63.578,1.4104,-0.2945,4.0068
63.608,1.4409,-0.3066,3.9746
63.645,1.4325,-0.3033,3.9834
63.676,1.4599,-0.3129,3.9551
63.724,1.4583,-0.3125,3.9567
63.733,1.4807,-0.3197,3.9339
63.787,1.4839,-0.3201,3.931
63.799,1.5021,-0.3222,3.9144
63.829,1.5145,-0.3244,3.9028
63.864,1.5067,-0.3226,3.9104
63.893,1.5228,-0.3263,3.8948
63.941,1.5222,-0.3263,3.8953
63.971,1.5403,-0.331,3.8775
64.032,1.5397,-0.3309,3.8781
64.092,1.5531,-0.3361,3.8641
64.123,1.5501,-0.3346,3.8674
64.128,1.5558,-0.3373,3.861
64.148,1.5547,-0.3368,3.8622
64.194,1.5569,-0.3382,3.8597
64.215,1.5566,-0.338,3.8601
64.222,1.5558,-0.3382,3.8606
64.322,1.5556,-0.3381,3.8609
64.341,1.5546,-0.3377,3.8619
64.353,1.5548,-0.3378,3.8617
64.392,1.5548,-0.3378,3.8616
64.408,1.5548,-0.3377,3.8617
64.457,1.5554,-0.3383,3.8609
64.494,1.5554,-0.3383,3.8609
64.519,1.5558,-0.3388,3.8602
64.557,1.5558,-0.3388,3.8603
64.588,1.558,-0.3398,3.8579
64.635,1.5581,-0.3399,3.8577
64.678,1.5644,-0.3408,3.852
64.715,1.5644,-0.3408,3.8519
64.744,1.5739,-0.3434,3.8425
64.795,1.5725,-0.343,3.844
64.81,1.586,-0.3468,3.8305
64.863,1.5862,-0.3469,3.8303
64.906,1.6052,-0.3535,3.8108
64.912,1.5999,-0.3516,3.8162
64.935,1.6208,-0.3588,3.7948
65.001,1.6194,-0.3583,3.7962
65.031,1.6377,-0.3638,3.7779
65.05,1.6339,-0.3627,3.7817
65.07,1.6498,-0.3673,3.7659
65.152,1.6526,-0.3679,3.7632
65.166,1.6787,-0.3725,3.7388
65.223,1.6763,-0.372,3.741
65.27,1.7055,-0.3786,3.713
65.279,1.7018,-0.3778,3.7166
65.319,1.7227,-0.3845,3.6955
65.339,1.7197,-0.3835,3.6985
65.376,1.7421,-0.3933,3.6744
65.427,1.7398,-0.3922,3.6769
65.45,1.7577,-0.4017,3.6567
65.481,1.7551,-0.4002,3.6597
65.498,1.7658,-0.4062,3.6475
65.534,1.7704,-0.408,3.6427
65.548,1.7663,-0.4064,3.647
65.574,1.7722,-0.4076,3.6414
65.622,1.7713,-0.4079,3.6419
65.658,1.7727,-0.4058,3.642
65.687,1.7728,-0.4065,3.6415
65.726,1.7709,-0.4046,3.6442
65.76,1.7693,-0.4031,3.6463
65.763,1.771,-0.4046,3.644
65.829,1.7688,-0.4028,3.6468
65.862,1.7682,-0.4028,3.6474
65.91,1.7681,-0.4028,3.6474
65.944,1.7683,-0.4034,3.647
65.969,1.7683,-0.4035,3.6469
66.004,1.7687,-0.4038,3.6464
66.042,1.7687,-0.4038,3.6464
66.098,1.7683,-0.4041,3.6466
66.109,1.7685,-0.4039,3.6465
66.161,1.7692,-0.4058,3.6449
66.187,1.7691,-0.4057,3.6451
66.211,1.7692,-0.4065,3.6445
66.23,1.7692,-0.4071,3.6441
66.262,1.7692,-0.4066,3.6445
66.305,1.7693,-0.4077,3.6438
66.326,1.7693,-0.4074,3.6439
66.361,1.7697,-0.4081,3.6432
66.393,1.7696,-0.4081,3.6433
66.455,1.7705,-0.4084,3.6424
66.458,1.7704,-0.4084,3.6425
66.494,1.7712,-0.4084,3.6418
66.536,1.7712,-0.4084,3.6418
66.584,1.772,-0.4085,3.641
66.615,1.7719,-0.4085,3.6412
66.634,1.7724,-0.4086,3.6407
66.673,1.7724,-0.4086,3.6407
66.705,1.7729,-0.4084,3.6404
66.748,1.773,-0.4084,3.6403
66.788,1.7738,-0.4079,3.6399
66.813,1.7736,-0.408,3.64
66.84,1.7745,-0.4076,3.6395
66.897,1.7745,-0.4076,3.6395
66.922,1.7751,-0.4072,3.6392
66.943,1.775,-0.4072,3.6393
66.971,1.774,-0.4069,3.6403
66.997,1.7725,-0.4082,3.6408
67.029,1.7735,-0.4069,3.6407
67.074,1.7713,-0.4099,3.6409
67.087,1.7718,-0.4092,3.6409
67.122,1.7698,-0.4112,3.6414
67.162,1.7691,-0.4124,3.6414
67.19,1.7676,-0.4126,3.6425
67.242,1.7676,-0.4126,3.6425
67.288,1.767,-0.4117,3.6434
67.313,1.7674,-0.4122,3.6428
67.337,1.7655,-0.4126,3.6442
67.363,1.7658,-0.4124,3.6441
67.394,1.767,-0.4128,3.6428
67.443,1.767,-0.4128,3.6429
67.475,1.7655,-0.4123,3.6444
67.51,1.7652,-0.4126,3.6445
67.546,1.764,-0.4144,3.6445
67.573,1.764,-0.4144,3.6445
67.594,1.7638,-0.415,3.6443
67.625,1.765,-0.4142,3.6438
67.654,1.7637,-0.415,3.6444
67.687,1.7658,-0.4134,3.6435
67.719,1.7655,-0.4138,3.6436
67.753,1.766,-0.4126,3.6438
67.794,1.766,-0.4128,3.6437
67.828,1.7655,-0.4122,3.6445
67.857,1.7656,-0.4122,3.6444
67.87,1.7651,-0.4121,3.6449
67.9,1.7647,-0.412,3.6452
67.935,1.765,-0.4121,3.6449
67.974,1.7645,-0.4118,3.6455
67.991,1.7646,-0.4119,3.6453
68.032,1.7644,-0.4115,3.6457
68.057,1.7644,-0.4116,3.6457
68.089,1.7644,-0.4113,3.6459
68.128,1.7644,-0.4113,3.6459
68.15,1.7643,-0.4114,3.6459
68.19,1.7642,-0.4114,3.646
68.203,1.7643,-0.4114,3.6459
68.244,1.7641,-0.4113,3.6461
68.285,1.7641,-0.4114,3.646
68.311,1.764,-0.4112,3.6462
68.334,1.764,-0.4112,3.6462
68.358,1.764,-0.4112,3.6463
68.428,1.7639,-0.4112,3.6463
68.456,1.7638,-0.4112,3.6464
68.487,1.7638,-0.4112,3.6464
68.523,1.7639,-0.4106,3.6466
68.558,1.764,-0.4107,3.6466
68.595,1.7647,-0.4111,3.6457
68.611,1.7651,-0.4106,3.6456
68.63,1.7647,-0.4112,3.6457
68.678,1.7657,-0.4096,3.6457
68.698,1.7653,-0.4103,3.6457
68.743,1.7659,-0.4083,3.6462
68.761,1.7658,-0.409,3.646
68.807,1.7664,-0.407,3.6466
68.82,1.7665,-0.4053,3.6474
68.859,1.7664,-0.407,3.6466
68.91,1.7666,-0.405,3.6476
68.926,1.7672,-0.4033,3.648
68.945,1.7673,-0.4013,3.649
68.976,1.7673,-0.4028,3.6482
69.009,1.7677,-0.3991,3.6498
69.069,1.7676,-0.3998,3.6495
69.127,1.7695,-0.395,3.6506
69.158,1.7686,-0.3969,3.6503
69.188,1.7712,-0.3928,3.6505
69.196,1.77,-0.3943,3.6506
69.266,1.7719,-0.3919,3.6504
69.295,1.7736,-0.3903,3.6498
69.32,1.7735,-0.3904,3.6499
69.341,1.7746,-0.3894,3.6495
69.374,1.7757,-0.3884,3.6492
69.408,1.7748,-0.3892,3.6494
69.44,1.7765,-0.3879,3.6487
69.461,1.7761,-0.3881,3.6489
69.524,1.7772,-0.3881,3.6481
69.547,1.7771,-0.388,3.6482
69.572,1.7781,-0.3887,3.647
69.598,1.7789,-0.3895,3.6458
69.626,1.7782,-0.3887,3.6469
69.671,1.7802,-0.3903,3.6444
69.695,1.7794,-0.3899,3.6452
69.746,1.7814,-0.391,3.6429
69.768,1.7811,-0.3908,3.6433
69.809,1.7831,-0.3916,3.6412
69.819,1.7826,-0.3915,3.6417
69.843,1.7842,-0.3909,3.6406
69.874,1.7845,-0.3907,3.6405
69.898,1.7842,-0.3909,3.6406
69.933,1.7843,-0.3905,3.6409
69.993,1.7842,-0.3903,3.641
70.027,1.7851,-0.3893,3.6408
70.059,1.785,-0.3896,3.6408
70.115,1.7892,-0.3889,3.6377
70.132,1.7879,-0.3889,3.6388
70.166,1.791,-0.3887,3.6363
70.174,1.7903,-0.3888,3.6368
70.205,1.7921,-0.389,3.6352
70.243,1.7919,-0.389,3.6354
70.27,1.7925,-0.3898,3.6344
70.315,1.7925,-0.3898,3.6344
70.348,1.7932,-0.3908,3.6333
70.383,1.7931,-0.3907,3.6334
70.423,1.7942,-0.3913,3.6322
70.464,1.7941,-0.3913,3.6322
70.498,1.7955,-0.3919,3.6308
70.526,1.7953,-0.3918,3.631
70.551,1.7963,-0.3922,3.6299
70.577,1.797,-0.3925,3.6292
70.61,1.7965,-0.3923,3.6297
70.677,1.7975,-0.3928,3.6287
70.711,1.7984,-0.3932,3.6276
70.733,1.7982,-0.3931,3.6278
70.772,1.799,-0.3933,3.627
70.803,1.799,-0.3933,3.6271
70.834,1.7998,-0.3936,3.6262
70.883,1.7997,-0.3935,3.6264
70.891,1.8003,-0.3939,3.6256
70.952,1.8004,-0.394,3.6255
71.012,1.8008,-0.3946,3.6249
71.032,1.8006,-0.3944,3.6251
71.088,1.8007,-0.3947,3.6248
71.111,1.8007,-0.395,3.6247
71.154,1.8007,-0.395,3.6247
71.192,1.8009,-0.3952,3.6244
71.222,1.8009,-0.3952,3.6244
71.231,1.8013,-0.3953,3.6241
71.297,1.8013,-0.3953,3.624
71.333,1.8018,-0.3955,3.6235
71.355,1.8017,-0.3955,3.6236
71.371,1.8021,-0.3957,3.6231
71.414,1.8021,-0.3957,3.6231
71.427,1.8023,-0.3958,3.6229
71.464,1.8025,-0.3959,3.6227
71.484,1.8024,-0.3958,3.6228
71.516,1.8026,-0.396,3.6225
71.563,1.8026,-0.396,3.6226
71.614,1.8029,-0.3961,3.6223
71.643,1.8028,-0.3961,3.6223
71.686,1.8032,-0.396,3.622
71.758,1.8031,-0.396,3.6221
71.811,1.8034,-0.3962,3.6218
71.835,1.8034,-0.3961,3.6219
71.893,1.8035,-0.3962,3.6217
71.922,1.8034,-0.3962,3.6217
71.945,1.8035,-0.3962,3.6217
71.965,1.8035,-0.3962,3.6217
72.001,1.8035,-0.3963,3.6216
72.027,1.8035,-0.3963,3.6217
72.06,1.8035,-0.3964,3.6216
72.079,1.8035,-0.3963,3.6216
72.15,1.8025,-0.3959,3.6227
72.181,1.8024,-0.3982,3.6215
72.206,1.8023,-0.3976,3.6219
72.233,1.8034,-0.3985,3.6205
72.254,1.8043,-0.3984,3.6198
72.272,1.8034,-0.3985,3.6206
72.316,1.8052,-0.3984,3.619
72.349,1.8048,-0.3985,3.6193
72.383,1.8057,-0.3973,3.6193
72.425,1.8057,-0.3978,3.619
72.477,1.8052,-0.397,3.6199
72.493,1.807,-0.3967,3.6185
72.522,1.8037,-0.3973,3.6209
72.542,1.8043,-0.3972,3.6205
72.608,1.805,-0.3965,3.6203
72.623,1.8046,-0.3967,3.6205
72.659,1.8058,-0.3967,3.6195
72.696,1.8057,-0.3967,3.6196
72.722,1.8064,-0.3971,3.6189
72.741,1.8062,-0.3974,3.6188
72.76,1.8064,-0.3971,3.6188
72.803,1.806,-0.3977,3.6188
72.822,1.8061,-0.3975,3.6188
72.869,1.806,-0.3979,3.6187
72.905,1.806,-0.3978,3.6187
72.924,1.8061,-0.3981,3.6185
72.964,1.8061,-0.398,3.6185
72.977,1.8063,-0.3983,3.6182
73.007,1.8064,-0.3983,3.6181
73.041,1.8063,-0.3983,3.6182
73.074,1.8066,-0.3984,3.6179
73.108,1.8066,-0.3984,3.6179
73.137,1.807,-0.3984,3.6176
73.199,1.807,-0.3984,3.6176
73.244,1.8075,-0.3986,3.6171
73.258,1.8074,-0.3985,3.6172
73.286,1.8076,-0.3987,3.6169
73.331,1.8076,-0.3987,3.6169
73.365,1.8078,-0.3988,3.6167
73.396,1.8078,-0.3988,3.6167
73.427,1.8079,-0.3989,3.6166
73.47,1.8079,-0.3989,3.6166
73.498,1.8079,-0.399,3.6165
73.528,1.8079,-0.399,3.6165
73.562,1.808,-0.3991,3.6164
73.599,1.808,-0.3991,3.6164
73.625,1.808,-0.3991,3.6164
73.671,1.808,-0.3991,3.6164
73.693,1.808,-0.3991,3.6164
73.758,1.808,-0.3991,3.6164
73.781,1.808,-0.3991,3.6164
73.804,1.808,-0.3991,3.6164
73.849,1.808,-0.3992,3.6163
73.894,1.808,-0.3992,3.6163
73.93,1.808,-0.3993,3.6163
73.95,1.808,-0.3993,3.6163
73.965,1.808,-0.3994,3.6162
73.999,1.808,-0.3994,3.6162
74.036,1.808,-0.3994,3.6162
74.084,1.8079,-0.3994,3.6163
74.104,1.8076,-0.3993,3.6166
74.132,1.8084,-0.3994,3.6158
74.154,1.8079,-0.3995,3.6162
74.192,1.8087,-0.3996,3.6155
74.229,1.8086,-0.3995,3.6156
74.255,1.8093,-0.3997,3.615
74.28,1.8099,-0.3998,3.6144
74.311,1.8093,-0.3997,3.615
74.382,1.8101,-0.4,3.6141
74.409,1.8113,-0.4002,3.613
74.448,1.8111,-0.4002,3.6132
74.479,1.812,-0.4005,3.6122
74.499,1.8119,-0.4004,3.6124
74.528,1.8127,-0.4008,3.6115
74.603,1.8128,-0.4008,3.6114
74.65,1.8135,-0.4017,3.6103
74.676,1.8133,-0.4013,3.6107
74.704,1.814,-0.4023,3.6096
74.729,1.8138,-0.402,3.6099
74.747,1.8146,-0.4029,3.6087
74.787,1.8145,-0.4029,3.6089
74.802,1.816,-0.4035,3.6073
74.824,1.8174,-0.4042,3.6057
74.856,1.8165,-0.4037,3.6068
74.902,1.8188,-0.4049,3.6041
74.957,1.8182,-0.4046,3.6048
74.995,1.8209,-0.4062,3.6017
75.005,1.8199,-0.4056,3.6029
75.055,1.8221,-0.4068,3.6004
75.071,1.8219,-0.4067,3.6006
75.107,1.8232,-0.4075,3.599
75.143,1.8242,-0.408,3.5979
75.171,1.8234,-0.4076,3.5989
75.216,1.8245,-0.4082,3.5975
75.238,1.8258,-0.4092,3.596
75.283,1.8258,-0.4093,3.5959
75.314,1.8272,-0.4105,3.594
75.341,1.827,-0.4104,3.5943
75.369,1.8282,-0.4112,3.5929
75.391,1.8295,-0.4118,3.5915
75.42,1.8282,-0.4112,3.5928
75.464,1.8306,-0.4124,3.5902
75.515,1.83,-0.4121,3.5909
75.561,1.8324,-0.4123,3.5887
75.579,1.8315,-0.4124,3.5895
75.618,1.8329,-0.4122,3.5884
75.631,1.8333,-0.4121,3.5881
75.641,1.834,-0.4124,3.5873
75.691,1.8338,-0.4121,3.5877
75.704,1.8363,-0.4111,3.5862
75.768,1.8362,-0.4113,3.5861
75.778,1.8363,-0.4112,3.5861
75.806,1.8387,-0.4097,3.585
75.848,1.8368,-0.4111,3.5858
75.856,1.8408,-0.4081,3.5841
75.911,1.84,-0.4081,3.5848
75.936,1.8423,-0.4069,3.5835
75.979,1.8423,-0.407,3.5835
76.007,1.845,-0.4035,3.5832
76.053,1.845,-0.4035,3.5832
76.082,1.8465,-0.3996,3.5842
76.122,1.8465,-0.3995,3.5843
76.152,1.8477,-0.399,3.5836
76.187,1.8476,-0.3989,3.5837
76.213,1.8466,-0.3986,3.5847
76.233,1.8449,-0.3968,3.5872
76.249,1.846,-0.3987,3.5851
76.299,1.8417,-0.3954,3.5905
76.321,1.843,-0.3962,3.589
76.345,1.8402,-0.3939,3.5926
76.387,1.8403,-0.3941,3.5924
76.41,1.8391,-0.3921,3.5946
76.47,1.839,-0.3919,3.5948
76.488,1.8383,-0.3906,3.5961
76.513,1.8376,-0.3898,3.5971
76.536,1.8381,-0.3904,3.5963
76.576,1.8371,-0.3892,3.5979
76.609,1.8371,-0.3893,3.5978
76.643,1.8362,-0.3885,3.5989
76.667,1.8364,-0.3886,3.5988
76.703,1.8358,-0.388,3.5996
76.75,1.8356,-0.3878,3.5998
76.786,1.8349,-0.387,3.6009
76.834,1.835,-0.3871,3.6008
76.86,1.8343,-0.3864,3.6017
76.911,1.8344,-0.3865,3.6016
76.945,1.8339,-0.3859,3.6024
76.96,1.8339,-0.386,3.6023
77.006,1.8334,-0.3854,3.6031
77.038,1.8335,-0.3854,3.603
77.074,1.833,-0.385,3.6036
77.105,1.833,-0.385,3.6036
77.124,1.8327,-0.3847,3.6041
77.171,1.8327,-0.3847,3.604
77.204,1.8324,-0.3844,3.6044
77.218,1.8323,-0.3842,3.6047
77.248,1.8324,-0.3843,3.6045
77.283,1.8321,-0.384,3.6049
77.318,1.8322,-0.3841,3.6048
77.354,1.8319,-0.3839,3.6051
77.375,1.832,-0.3839,3.6051
77.396,1.8318,-0.3837,3.6053
77.452,1.8318,-0.3837,3.6053
77.485,1.8317,-0.3835,3.6055
77.521,1.8317,-0.3836,3.6055
77.549,1.8316,-0.3835,3.6056
77.583,1.8316,-0.3835,3.6057
77.608,1.8314,-0.3834,3.6059
77.631,1.8313,-0.3832,3.606
77.67,1.8314,-0.3833,3.6059
77.698,1.8312,-0.383,3.6062
77.737,1.8312,-0.3831,3.6061
77.761,1.8311,-0.3829,3.6063
77.804,1.8311,-0.3829,3.6063
77.837,1.831,-0.3828,3.6065
77.88,1.831,-0.3828,3.6064
77.912,1.831,-0.3828,3.6065
77.956,1.831,-0.3828,3.6065
77.998,1.831,-0.3827,3.6065
78.014,1.831,-0.3827,3.6065
78.039,1.831,-0.3827,3.6066
78.069,1.831,-0.3827,3.6066
78.109,1.831,-0.3827,3.6066
78.119,1.8309,-0.3826,3.6066
78.142,1.8309,-0.3827,3.6066
78.179,1.8309,-0.3826,3.6067
78.211,1.8309,-0.3826,3.6067
78.252,1.8298,-0.3835,3.6071
78.317,1.8298,-0.3832,3.6072
78.331,1.8289,-0.3838,3.6077
78.365,1.829,-0.3838,3.6076
78.392,1.8286,-0.3847,3.6074
78.407,1.8276,-0.385,3.608
78.438,1.8284,-0.3848,3.6075
78.454,1.8264,-0.3851,3.6089
78.498,1.8269,-0.3852,3.6086
78.523,1.8252,-0.385,3.61
78.586,1.8252,-0.385,3.61
78.62,1.8235,-0.3848,3.6115
78.662,1.8236,-0.3848,3.6114
78.71,1.822,-0.3854,3.6125
78.721,1.8226,-0.385,3.6121
78.746,1.8201,-0.3866,3.6133
78.769,1.8213,-0.386,3.6127
78.795,1.8205,-0.3885,3.6119
78.855,1.8201,-0.3884,3.6124
78.859,1.8204,-0.3881,3.6122
78.91,1.8205,-0.3882,3.6121
78.915,1.8211,-0.3891,3.6111
78.949,1.8219,-0.3881,3.611
78.969,1.8216,-0.3886,3.611
79.003,1.8224,-0.387,3.6112
79.045,1.8223,-0.3872,3.6112
79.068,1.8218,-0.3858,3.6124
79.133,1.8219,-0.3857,3.6123
79.171,1.8201,-0.3824,3.6157
79.203,1.8201,-0.3825,3.6156
79.235,1.8175,-0.3843,3.6168
79.271,1.8173,-0.3844,3.6168
79.305,1.8156,-0.3851,3.6179
79.346,1.8157,-0.385,3.6179
79.363,1.8154,-0.3859,3.6176
79.403,1.8154,-0.3872,3.6169
79.421,1.8154,-0.3863,3.6174
79.463,1.816,-0.3884,3.6157
79.492,1.8155,-0.3878,3.6165
79.505,1.8177,-0.3883,3.6143
79.537,1.8173,-0.3884,3.6146
79.57,1.819,-0.3876,3.6137
79.616,1.819,-0.3876,3.6137
79.629,1.8196,-0.3863,3.6139
79.651,1.8206,-0.3839,3.6145
79.69,1.82,-0.3856,3.614
79.727,1.8205,-0.3812,3.6161
79.756,1.8206,-0.3822,3.6154
79.789,1.8207,-0.3791,3.6171
79.812,1.8212,-0.3787,3.6169
79.852,1.8208,-0.379,3.6171
79.887,1.8222,-0.3772,3.6169
79.915,1.8216,-0.3778,3.6171
79.95,1.8234,-0.3766,3.6163
79.977,1.823,-0.3768,3.6165
80.008,1.8238,-0.3766,3.616
80.037,1.8237,-0.3766,3.616
80.061,1.823,-0.3765,3.6166
80.087,1.822,-0.3769,3.6173
80.126,1.8229,-0.3766,3.6167
80.17,1.8212,-0.3771,3.6178
80.19,1.8216,-0.377,3.6175
80.225,1.8209,-0.3771,3.6181
80.268,1.821,-0.377,3.618
80.281,1.8208,-0.3771,3.6181
80.315,1.8208,-0.3771,3.6181
80.336,1.8208,-0.3771,3.6181
80.366,1.8207,-0.377,3.6183
80.38,1.8208,-0.3771,3.6181
80.417,1.8208,-0.3755,3.619
80.462,1.8199,-0.3766,3.6192
80.493,1.8214,-0.3756,3.6185
80.541,1.8214,-0.3758,3.6184
80.577,1.8212,-0.3747,3.6191
80.598,1.8211,-0.3757,3.6186
80.614,1.8213,-0.3747,3.6191
80.673,1.8212,-0.3761,3.6183
80.702,1.8203,-0.3766,3.6188
80.727,1.8203,-0.3765,3.6189
80.741,1.8203,-0.3766,3.6188
80.786,1.8202,-0.3761,3.6192
80.813,1.8203,-0.3762,3.6191
80.85,1.82,-0.3759,3.6195
80.88,1.8201,-0.376,3.6193
80.923,1.8199,-0.3759,3.6195
80.951,1.8199,-0.3759,3.6195
80.98,1.8198,-0.3759,3.6196
81.015,1.8199,-0.3758,3.6196
81.026,1.8198,-0.3759,3.6196
81.065,1.8199,-0.3758,3.6196
81.098,1.8199,-0.3758,3.6196
81.137,1.82,-0.3757,3.6196
81.168,1.82,-0.3757,3.6196
81.187,1.82,-0.3756,3.6196
81.238,1.82,-0.3756,3.6196
81.274,1.8199,-0.3756,3.6197
81.297,1.8199,-0.3756,3.6197
81.332,1.82,-0.3756,3.6197
81.375,1.82,-0.3756,3.6197
81.423,1.82,-0.3755,3.6197
81.439,1.82,-0.3755,3.6197
81.455,1.82,-0.3755,3.6197
81.474,1.82,-0.3755,3.6197
81.532,1.82,-0.3755,3.6197
81.553,1.82,-0.3755,3.6197
81.615,1.82,-0.3755,3.6197
81.65,1.8201,-0.3754,3.6197
81.67,1.8201,-0.3754,3.6197
81.693,1.8201,-0.3754,3.6196
81.718,1.8201,-0.3754,3.6197
81.751,1.8201,-0.3755,3.6196
81.779,1.8201,-0.3755,3.6196
81.807,1.82,-0.3754,3.6197
81.824,1.8201,-0.3753,3.6198
81.865,1.82,-0.3754,3.6197
81.933,1.8201,-0.3752,3.6197
81.97,1.8202,-0.3753,3.6196
81.991,1.8202,-0.3753,3.6197
82.035,1.8202,-0.3753,3.6196
82.075,1.8202,-0.3753,3.6196
82.087,1.8202,-0.3753,3.6196
82.145,1.8203,-0.3753,3.6196
82.174,1.8203,-0.3752,3.6196
82.213,1.8203,-0.3752,3.6196
82.229,1.8214,-0.3746,3.619
82.285,1.8212,-0.3747,3.6191
82.321,1.821,-0.3738,3.6199
82.362,1.8209,-0.3738,3.6199
82.41,1.8234,-0.3714,3.6192
82.432,1.8229,-0.3719,3.6193
82.467,1.825,-0.3694,3.619
82.508,1.8251,-0.3694,3.619
82.548,1.8262,-0.3681,3.6187
82.58,1.8264,-0.3679,3.6187
82.629,1.8274,-0.366,3.619
82.658,1.8272,-0.3664,3.6189
82.726,1.8283,-0.3642,3.6192
82.736,1.8279,-0.3651,3.6191
82.773,1.8286,-0.3638,3.6192
82.818,1.8296,-0.3625,3.6191
82.853,1.8295,-0.3627,3.6191
82.886,1.8305,-0.3615,3.619
82.913,1.8304,-0.3616,3.619
82.954,1.8317,-0.3603,3.6187
83.003,1.8315,-0.3605,3.6188
83.043,1.8323,-0.3598,3.6184
83.045,1.8322,-0.3599,3.6185
83.079,1.8328,-0.3595,3.6182
83.113,1.8328,-0.3595,3.6182
83.143,1.8336,-0.3587,3.6181
83.186,1.8336,-0.3587,3.6181
83.22,1.8346,-0.3581,3.6176
83.242,1.8351,-0.3584,3.617
83.267,1.8346,-0.3581,3.6176
83.3,1.8362,-0.3583,3.6161
83.337,1.8358,-0.3582,3.6165
83.375,1.8367,-0.3586,3.6155
83.419,1.8366,-0.3585,3.6157
83.458,1.8375,-0.3596,3.6143
83.475,1.8373,-0.3594,3.6146
83.494,1.8381,-0.3602,3.6135
83.54,1.8381,-0.3603,3.6134
83.58,1.8386,-0.3608,3.6127
83.619,1.8386,-0.3608,3.6128
83.672,1.8386,-0.3613,3.6125
83.68,1.8386,-0.3612,3.6125
83.719,1.8386,-0.362,3.6121
83.745,1.8386,-0.362,3.6121
83.777,1.8385,-0.3628,3.6116
83.789,1.8384,-0.3637,3.6112
83.808,1.8385,-0.3631,3.6115
83.843,1.8386,-0.3644,3.6106
83.885,1.8386,-0.3642,3.6108
83.922,1.8386,-0.365,3.6103
83.951,1.8386,-0.365,3.6103
83.971,1.8385,-0.3652,3.6103
84.003,1.8383,-0.3651,3.6105
84.03,1.8384,-0.3652,3.6103
84.061,1.8381,-0.3647,3.611
84.089,1.8381,-0.3649,3.6108
84.117,1.8377,-0.3637,3.6119
84.167,1.8377,-0.3641,3.6115
84.196,1.8376,-0.3617,3.6131
84.259,1.8376,-0.3615,3.6131
84.299,1.8375,-0.3581,3.6151
84.314,1.8375,-0.3587,3.6148
84.344,1.8375,-0.3571,3.6158
84.382,1.8376,-0.3571,3.6156
84.424,1.8348,-0.3575,3.6177
84.475,1.8347,-0.3575,3.6177
84.501,1.8317,-0.3552,3.6215
84.531,1.8322,-0.3561,3.6206
84.564,1.8335,-0.3533,3.6212
84.606,1.8335,-0.3533,3.6212
84.64,1.8358,-0.35,3.6212
84.659,1.8356,-0.3503,3.6211
84.684,1.8388,-0.3484,3.6196
84.707,1.8427,-0.3467,3.6174
84.737,1.8391,-0.3483,3.6194
84.789,1.8469,-0.3467,3.6139
84.816,1.8446,-0.3468,3.6158
84.874,1.847,-0.347,3.6138
84.906,1.8491,-0.347,3.612
84.934,1.8494,-0.3465,3.612
84.965,1.8502,-0.3447,3.6125
85.003,1.85,-0.3444,3.6127
85.024,1.8505,-0.3433,3.613
85.045,1.8513,-0.3422,3.613
85.075,1.8511,-0.3426,3.6129
85.1,1.8518,-0.3416,3.6129
85.153,1.8517,-0.3417,3.6129
85.182,1.8516,-0.3408,3.6135
85.215,1.8515,-0.3407,3.6136
85.249,1.8501,-0.3395,3.6155
85.301,1.8502,-0.3395,3.6154
85.342,1.8512,-0.3364,3.6164
85.369,1.8511,-0.3365,3.6164
85.402,1.8518,-0.3353,3.6166
85.436,1.8518,-0.3353,3.6166
85.488,1.8528,-0.3344,3.6162
85.509,1.8528,-0.3343,3.6163
85.534,1.8533,-0.3337,3.6162
85.571,1.8533,-0.3337,3.6162
85.608,1.854,-0.3333,3.6159
85.662,1.8539,-0.3333,3.6159
85.701,1.8551,-0.3327,3.6153
85.727,1.8548,-0.3329,3.6155
85.764,1.8557,-0.3323,3.6151
85.784,1.8555,-0.3325,3.6152
85.812,1.8562,-0.3321,3.6147
85.845,1.8562,-0.3321,3.6148
85.877,1.8567,-0.3319,3.6145
85.889,1.8571,-0.3317,3.6143
85.918,1.8568,-0.3318,3.6144
85.932,1.8574,-0.3315,3.6142
85.995,1.8573,-0.3315,3.6142
86.024,1.8575,-0.3313,3.6141
86.071,1.8575,-0.3313,3.6141
86.102,1.8578,-0.3313,3.614
86.135,1.8577,-0.3313,3.614
86.156,1.8579,-0.3312,3.6139
86.207,1.8579,-0.3312,3.6139
86.257,1.8581,-0.331,3.6138
86.273,1.8581,-0.331,3.6138
86.313,1.8583,-0.3309,3.6137
86.344,1.8583,-0.3309,3.6138
86.369,1.8584,-0.3308,3.6137
86.404,1.8584,-0.3308,3.6137
86.436,1.8584,-0.3307,3.6137
86.477,1.8584,-0.3307,3.6137
86.519,1.8586,-0.3307,3.6136
86.545,1.8586,-0.3307,3.6136
86.57,1.8587,-0.3307,3.6135
86.614,1.8587,-0.3306,3.6135
86.64,1.8588,-0.3305,3.6136
86.684,1.8588,-0.3305,3.6136
86.707,1.8589,-0.3305,3.6135
86.718,1.8589,-0.3304,3.6135
86.761,1.8589,-0.3305,3.6135
86.786,1.8589,-0.3303,3.6136
86.838,1.8589,-0.3303,3.6136
86.866,1.859,-0.3302,3.6136
86.878,1.859,-0.3302,3.6136
86.905,1.859,-0.3302,3.6136
86.94,1.859,-0.3302,3.6136
86.975,1.859,-0.3302,3.6136
87.013,1.8591,-0.3302,3.6135
87.045,1.8591,-0.3302,3.6135
87.078,1.8591,-0.3302,3.6135
87.126,1.8591,-0.3302,3.6135
87.161,1.8591,-0.3302,3.6135
87.189,1.8591,-0.3302,3.6135
87.224,1.8591,-0.3302,3.6135
87.264,1.8591,-0.3302,3.6135
87.305,1.8591,-0.3302,3.6135
87.328,1.8591,-0.3302,3.6135
87.366,1.8591,-0.3302,3.6135
87.403,1.8591,-0.3302,3.6135
87.415,1.8591,-0.3302,3.6135
87.461,1.8591,-0.3302,3.6135
87.501,1.8591,-0.3302,3.6135
87.542,1.8591,-0.3302,3.6135
87.564,1.8591,-0.3302,3.6135
87.602,1.8591,-0.3302,3.6135
87.627,1.8591,-0.3302,3.6135
87.665,1.8592,-0.3302,3.6135
87.687,1.8591,-0.3302,3.6135
87.7,1.8591,-0.3302,3.6135
87.745,1.8591,-0.3302,3.6135
87.777,1.8591,-0.3302,3.6135
87.835,1.8591,-0.3302,3.6135
87.879,1.8591,-0.3303,3.6135
87.92,1.8591,-0.3302,3.6135
87.936,1.8591,-0.3303,3.6134
87.978,1.8591,-0.3303,3.6135
88.006,1.8591,-0.3302,3.6135
88.028,1.8591,-0.3302,3.6135
88.057,1.8591,-0.3302,3.6135
88.09,1.8591,-0.3302,3.6135
88.13,1.8591,-0.3303,3.6135
88.172,1.8591,-0.3302,3.6135
88.207,1.8594,-0.3297,3.6136
88.236,1.8593,-0.3298,3.6136
88.268,1.8603,-0.3305,3.6123
88.296,1.8601,-0.3306,3.6124
88.327,1.8608,-0.3315,3.6114
88.34,1.8623,-0.3322,3.6098
88.387,1.8611,-0.3316,3.6111
88.4,1.8634,-0.3325,3.6087
88.461,1.8631,-0.3324,3.609
88.511,1.8652,-0.3333,3.6067
88.522,1.8644,-0.3329,3.6076
88.557,1.8662,-0.3337,3.6056
88.584,1.866,-0.3336,3.6059
88.604,1.8672,-0.3349,3.6042
88.648,1.8676,-0.3359,3.6033
88.699,1.8672,-0.335,3.6041
88.731,1.8682,-0.3369,3.6022
88.758,1.8677,-0.3361,3.603
88.799,1.8682,-0.3371,3.6021
88.829,1.8682,-0.3381,3.6015
88.841,1.8679,-0.3392,3.6011
88.872,1.8681,-0.3383,3.6014
88.885,1.8671,-0.3397,3.6015
88.941,1.8673,-0.3401,3.6011
88.964,1.8654,-0.342,3.6016
89.005,1.8639,-0.344,3.6016
89.026,1.8656,-0.3425,3.6011
89.077,1.8635,-0.3446,3.6016
89.112,1.8619,-0.3455,3.6024
89.141,1.8619,-0.3456,3.6024
89.175,1.8625,-0.3467,3.6012
89.224,1.8626,-0.3466,3.6012
89.256,1.8647,-0.3458,3.5999
89.288,1.8644,-0.3459,3.6001
89.321,1.8654,-0.3451,3.5997
89.347,1.8653,-0.3452,3.5997
89.379,1.8655,-0.3448,3.5999
89.422,1.8655,-0.3447,3.5999
89.458,1.8649,-0.3445,3.6005
89.506,1.865,-0.3445,3.6004
89.539,1.864,-0.3442,3.6014
89.581,1.8642,-0.3442,3.6013
89.61,1.8635,-0.3437,3.6021
89.635,1.8636,-0.3438,3.6019
89.639,1.8631,-0.3434,3.6026
89.69,1.8631,-0.3434,3.6026
89.706,1.8628,-0.3431,3.603
89.735,1.8626,-0.3429,3.6033
89.791,1.8627,-0.343,3.6031
89.805,1.8624,-0.3426,3.6036
89.879,1.8624,-0.3426,3.6036
89.895,1.8623,-0.3424,3.6038
89.926,1.8623,-0.3424,3.6038
89.935,1.8622,-0.3423,3.604
89.969,1.8621,-0.3423,3.604
89.985,1.8622,-0.3423,3.604
90.017,1.862,-0.3422,3.6042
90.058,1.8621,-0.3423,3.6041
90.074,1.862,-0.3421,3.6043
90.126,1.862,-0.3421,3.6042
90.14,1.8619,-0.342,3.6044
90.216,1.8619,-0.342,3.6044
90.251,1.8618,-0.342,3.6045
90.32,1.8618,-0.342,3.6045
90.347,1.8617,-0.3418,3.6047
90.364,1.8617,-0.3419,3.6046
90.426,1.8616,-0.3417,3.6048
90.472,1.8614,-0.3417,3.605
90.499,1.8615,-0.3417,3.6049
90.571,1.8612,-0.3415,3.6053
90.583,1.8613,-0.3416,3.6051
90.631,1.8612,-0.3415,3.6053
90.657,1.8612,-0.3415,3.6053
90.698,1.8612,-0.3415,3.6053
90.715,1.8611,-0.3415,3.6054
90.752,1.8611,-0.3415,3.6054
90.807,1.861,-0.3413,3.6055
90.841,1.861,-0.3414,3.6055
90.876,1.861,-0.3413,3.6056
90.896,1.861,-0.3413,3.6056
90.926,1.8608,-0.3412,3.6057
90.965,1.8608,-0.3412,3.6057
90.997,1.8607,-0.3411,3.6059
91.017,1.8607,-0.3412,3.6059
91.034,1.8606,-0.3411,3.606
91.093,1.8606,-0.341,3.606
91.141,1.8605,-0.341,3.6061
91.16,1.8603,-0.341,3.6063
91.197,1.8605,-0.341,3.6061
91.256,1.8603,-0.341,3.6063
91.305,1.8603,-0.3409,3.6064
91.328,1.8603,-0.3409,3.6064
91.347,1.8603,-0.3409,3.6063
91.391,1.8603,-0.3409,3.6063
91.426,1.8602,-0.3409,3.6064
91.449,1.8602,-0.3409,3.6064
91.468,1.8602,-0.3409,3.6064
91.51,1.8602,-0.3409,3.6064
91.544,1.8602,-0.341,3.6064
91.599,1.8602,-0.341,3.6064
91.602,1.8602,-0.341,3.6064
91.613,1.8601,-0.341,3.6065
91.652,1.8601,-0.341,3.6064
91.683,1.8601,-0.3409,3.6065
91.732,1.8601,-0.3409,3.6065
91.755,1.8601,-0.3409,3.6065
91.814,1.8601,-0.3409,3.6065
91.854,1.86,-0.341,3.6065
91.878,1.8601,-0.341,3.6065
91.903,1.86,-0.3409,3.6066
91.925,1.8601,-0.3409,3.6066
91.951,1.86,-0.3409,3.6066
91.989,1.86,-0.3409,3.6065
92.019,1.86,-0.3409,3.6065
92.064,1.86,-0.341,3.6065
92.096,1.86,-0.341,3.6065
92.112,1.8599,-0.341,3.6066
92.145,1.8599,-0.341,3.6066
92.163,1.86,-0.3409,3.6066
92.184,1.86,-0.3409,3.6066
92.223,1.86,-0.3409,3.6066
92.256,1.8599,-0.341,3.6066
92.298,1.8599,-0.341,3.6066
92.326,1.8599,-0.341,3.6066
92.355,1.8599,-0.341,3.6066
92.37,1.8599,-0.3409,3.6067
92.396,1.8599,-0.3409,3.6067
92.443,1.8599,-0.3409,3.6067
92.484,1.8598,-0.3409,3.6067
92.534,1.8599,-0.3409,3.6067
92.555,1.8598,-0.341,3.6067
92.601,1.8598,-0.341,3.6067
92.655,1.8598,-0.3409,3.6068
92.696,1.8598,-0.3409,3.6068
92.726,1.8598,-0.341,3.6067
92.75,1.8598,-0.341,3.6068
92.792,1.8598,-0.341,3.6067
92.83,1.8598,-0.3409,3.6068
92.845,1.8598,-0.3409,3.6068
92.878,1.8598,-0.3409,3.6067
92.897,1.8598,-0.341,3.6067
92.919,1.8598,-0.3409,3.6067
92.968,1.8597,-0.341,3.6067
93.01,1.8598,-0.341,3.6067
93.05,1.8597,-0.3409,3.6068
93.07,1.8597,-0.3409,3.6068
93.107,1.8597,-0.3409,3.6068
93.115,1.8597,-0.341,3.6068
93.159,1.8597,-0.3409,3.6068
93.201,1.8596,-0.341,3.6068
93.205,1.8597,-0.341,3.6068
93.251,1.8596,-0.341,3.6069
93.271,1.8596,-0.341,3.6068
93.329,1.8596,-0.3409,3.6068
93.339,1.8596,-0.341,3.6068
93.361,1.8597,-0.341,3.6068
93.41,1.8596,-0.341,3.6068
93.433,1.8596,-0.341,3.6069
93.489,1.8596,-0.341,3.6069
93.493,1.8596,-0.341,3.6069
93.539,1.8596,-0.3409,3.6069
93.569,1.8596,-0.3409,3.6069
93.61,1.8596,-0.341,3.6069
93.622,1.8596,-0.341,3.6069
93.642,1.8596,-0.341,3.6069
93.69,1.8596,-0.341,3.6069
93.718,1.8595,-0.3409,3.607
93.762,1.8595,-0.3409,3.607
93.79,1.8596,-0.3409,3.607
93.832,1.8595,-0.3409,3.607
93.852,1.8596,-0.3409,3.607
93.883,1.8595,-0.341,3.607
93.896,1.8595,-0.3409,3.607
93.932,1.8595,-0.3409,3.607
93.966,1.8595,-0.3409,3.607
93.997,1.8595,-0.3409,3.607
94.046,1.8595,-0.3409,3.607
94.08,1.8594,-0.3409,3.607
94.108,1.8594,-0.3409,3.607
94.136,1.8594,-0.3409,3.6071
94.182,1.8594,-0.3409,3.6071
94.228,1.8594,-0.3408,3.6071
94.252,1.8594,-0.3408,3.6071
94.276,1.8594,-0.3409,3.6071
94.29,1.8594,-0.341,3.607
94.313,1.8594,-0.3409,3.6071
94.354,1.8593,-0.341,3.6071
94.403,1.8593,-0.341,3.6071
94.421,1.8594,-0.341,3.6071
94.455,1.8594,-0.341,3.6071
94.475,1.8594,-0.341,3.607
94.515,1.8594,-0.341,3.607
94.533,1.8594,-0.341,3.607
94.567,1.8594,-0.341,3.607
94.626,1.8594,-0.341,3.607
94.667,1.8594,-0.341,3.6071
94.683,1.8593,-0.341,3.6071
94.726,1.8594,-0.341,3.607
94.762,1.8594,-0.341,3.607
94.78,1.8594,-0.3411,3.607
94.817,1.8594,-0.3411,3.607
94.831,1.8593,-0.3411,3.607
94.895,1.8593,-0.3411,3.607
94.924,1.8594,-0.3411,3.607
94.963,1.8594,-0.3411,3.607
95.01,1.8594,-0.3411,3.607
95.03,1.8594,-0.3411,3.607
95.046,1.8593,-0.3412,3.607
95.062,1.8593,-0.3412,3.607
95.113,1.8593,-0.3412,3.607
95.167,1.8594,-0.3411,3.607
95.172,1.8594,-0.3411,3.607
95.185,1.8595,-0.3417,3.6066
95.236,1.8595,-0.3415,3.6067
95.249,1.8589,-0.3435,3.6059
95.295,1.8587,-0.3437,3.606
95.318,1.8593,-0.3463,3.6041
95.332,1.8617,-0.3517,3.5989
95.369,1.8603,-0.3482,3.6022
95.409,1.8647,-0.3592,3.5923
95.443,1.8639,-0.3573,3.594
95.478,1.8688,-0.3707,3.5823
95.509,1.8688,-0.3708,3.5822
95.536,1.8729,-0.3828,3.572
95.553,1.8765,-0.3942,3.5626
95.594,1.8742,-0.3867,3.5686
95.625,1.878,-0.4056,3.5548
95.668,1.8775,-0.4016,3.5575
95.7,1.881,-0.4273,3.5401
95.737,1.8799,-0.4197,3.5453
95.766,1.8861,-0.4452,3.5258
95.799,1.8848,-0.4432,3.528
95.823,1.8884,-0.4695,3.5104
95.865,1.8906,-0.4835,3.5008
95.883,1.8884,-0.4698,3.5102
95.914,1.8956,-0.4993,3.4879
95.942,1.8922,-0.4887,3.4966
95.972,1.9014,-0.5163,3.4737
96.008,1.8994,-0.5103,3.4786
96.038,1.9059,-0.5306,3.4621
96.084,1.9059,-0.5302,3.4624
96.119,1.913,-0.5447,3.4485
96.136,1.9115,-0.5415,3.4515
96.168,1.9166,-0.5484,3.4434
96.231,1.9167,-0.5484,3.4434
96.252,1.9174,-0.5477,3.4431
96.288,1.9174,-0.5478,3.4431
96.316,1.9166,-0.5447,3.4454
96.333,1.9158,-0.543,3.4471
96.393,1.9165,-0.5443,3.4458
96.442,1.9155,-0.5425,3.4476
96.489,1.915,-0.5412,3.4487
96.526,1.915,-0.5415,3.4485
96.581,1.9153,-0.541,3.4485
96.585,1.9152,-0.5411,3.4486
96.647,1.9152,-0.5407,3.4488
96.669,1.9153,-0.5409,3.4487
96.713,1.9148,-0.5403,3.4493
96.734,1.915,-0.5405,3.4491
96.78,1.9135,-0.5421,3.4495
96.8,1.9143,-0.541,3.4494
96.833,1.9144,-0.5444,3.4475
96.847,1.9138,-0.5429,3.4488
96.902,1.9162,-0.5483,3.4438
96.922,1.9154,-0.5466,3.4455
96.934,1.9188,-0.5549,3.4381
96.984,1.9214,-0.5625,3.4317
97.01,1.919,-0.556,3.4373
97.039,1.9251,-0.5746,3.4221
97.08,1.9224,-0.5655,3.4293
97.116,1.928,-0.5849,3.4141
97.131,1.927,-0.5816,3.4168
97.165,1.9336,-0.5995,3.4016
97.233,1.9326,-0.5971,3.4037
97.251,1.9441,-0.6282,3.3774
97.265,1.9415,-0.6197,3.3841
97.286,1.9485,-0.6463,3.3641
97.335,1.9479,-0.6444,3.3656
97.376,1.9539,-0.6738,3.3451
97.4,1.9532,-0.6675,3.3489
97.428,1.9571,-0.6912,3.3333
97.47,1.9571,-0.6906,3.3336
97.484,1.9579,-0.7035,3.3262
97.504,1.9608,-0.715,3.3178
97.559,1.9584,-0.7057,3.3246
97.576,1.9654,-0.7306,3.3059
97.628,1.9648,-0.7299,3.3068
97.648,1.973,-0.7406,3.2942
97.689,1.9724,-0.7393,3.2954
97.717,1.9775,-0.7462,3.2875
97.729,1.9784,-0.7469,3.2864
97.779,1.9777,-0.7463,3.2873
97.829,1.9786,-0.7461,3.2866
97.874,1.9776,-0.7431,3.289
97.885,1.9778,-0.7436,3.2885
97.919,1.9769,-0.7423,3.29
97.961,1.9769,-0.7423,3.29
97.994,1.9768,-0.7418,3.2903
98.027,1.9768,-0.7418,3.2903
98.043,1.9772,-0.7416,3.2901
98.101,1.9774,-0.7415,3.29
98.16,1.9785,-0.7411,3.2892
98.181,1.9784,-0.7412,3.2893
98.224,1.9795,-0.741,3.2885
98.26,1.9794,-0.741,3.2886
98.288,1.979,-0.7401,3.2894
98.327,1.9791,-0.7403,3.2891
98.374,1.9795,-0.7382,3.2899
98.392,1.9794,-0.7383,3.2899
98.423,1.9784,-0.7362,3.2918
98.446,1.9784,-0.7362,3.2918
98.486,1.9784,-0.7343,3.2928
98.546,1.9784,-0.7345,3.2927
98.573,1.9788,-0.733,3.2931
98.59,1.9787,-0.7333,3.2931
98.622,1.9799,-0.7324,3.2925
98.658,1.9798,-0.7324,3.2926
98.695,1.9811,-0.7318,3.2918
98.728,1.9812,-0.7317,3.2917
98.765,1.9831,-0.7307,3.2906
98.814,1.9829,-0.7308,3.2907
98.848,1.9847,-0.7298,3.2897
98.882,1.9847,-0.7298,3.2897
98.912,1.9872,-0.7296,3.2877
98.932,1.9869,-0.7296,3.2879
98.961,1.9901,-0.7305,3.2847
98.999,1.9927,-0.7303,3.2826
99.039,1.991,-0.7307,3.2838
99.084,1.9933,-0.7305,3.2819
99.121,1.9953,-0.7312,3.2799
99.159,1.9952,-0.7312,3.28
99.191,1.9955,-0.7306,3.28
99.239,1.9955,-0.7304,3.2801
99.26,1.9958,-0.7293,3.2804
99.298,1.9958,-0.7293,3.2804
99.327,1.9955,-0.729,3.2809
99.366,1.9955,-0.729,3.2809
99.387,1.9953,-0.729,3.2811
99.418,1.9954,-0.7291,3.2809
99.436,1.9953,-0.729,3.2811
99.491,1.9957,-0.729,3.2806
99.522,1.9973,-0.7285,3.2796
99.547,1.9986,-0.7278,3.2788
99.576,1.9975,-0.7284,3.2795
99.62,2.0,-0.7271,3.278
99.651,1.9991,-0.7276,3.2785
99.682,2.0021,-0.726,3.2767
99.709,2.0017,-0.7262,3.277
99.738,2.0043,-0.725,3.2754
99.751,2.0062,-0.724,3.2742
99.776,2.0048,-0.7247,3.2751
99.81,2.0079,-0.7233,3.2732
99.853,2.0071,-0.7237,3.2736
99.893,2.009,-0.723,3.2724
99.931,2.0088,-0.7231,3.2726
99.953,2.0114,-0.7253,3.2692
99.994,2.0114,-0.7253,3.2692
100.021,2.0093,-0.7237,3.2718
100.073,2.0094,-0.7238,3.2717
100.101,2.0133,-0.7257,3.2673
100.128,2.0131,-0.7257,3.2675
100.144,2.0172,-0.7247,3.2645
100.188,2.0189,-0.7232,3.2639
100.207,2.0177,-0.7247,3.2641
100.26,2.0205,-0.7221,3.2631
100.284,2.0201,-0.7225,3.2632
100.31,2.0199,-0.721,3.2641
100.354,2.02,-0.7211,3.264
100.393,2.0187,-0.72,3.2657
100.429,2.019,-0.7203,3.2653
100.46,2.0181,-0.7194,3.2665
100.495,2.0182,-0.7195,3.2664
100.52,2.0179,-0.7191,3.2668
100.524,2.018,-0.7189,3.2669
100.561,2.0179,-0.7191,3.2668
100.588,2.0181,-0.7187,3.2668
100.626,2.0181,-0.7188,3.2668
100.658,2.0182,-0.7184,3.2669
100.691,2.0182,-0.7184,3.2669
100.721,2.0182,-0.7182,3.2671
100.734,2.018,-0.7181,3.2673
100.757,2.0181,-0.7182,3.2671
100.793,2.0179,-0.7179,3.2674
100.822,2.018,-0.718,3.2673
100.865,2.0179,-0.718,3.2674
100.905,2.0179,-0.718,3.2674
100.944,2.018,-0.718,3.2673
100.973,2.018,-0.718,3.2673
100.998,2.0181,-0.7179,3.2673
101.044,2.0181,-0.7179,3.2673
101.073,2.018,-0.7178,3.2674
101.111,2.018,-0.7178,3.2674
101.147,2.018,-0.7178,3.2674
101.176,2.018,-0.7178,3.2674
101.193,2.018,-0.7178,3.2674
101.256,2.018,-0.7178,3.2674
101.323,2.018,-0.7178,3.2674
101.329,2.0183,-0.7181,3.267
101.333,2.0182,-0.718,3.2671
101.372,2.021,-0.7198,3.2638
101.396,2.0204,-0.7195,3.2645
101.445,2.022,-0.7217,3.2619
101.485,2.0218,-0.7213,3.2623
101.542,2.0292,-0.727,3.2531
101.568,2.0271,-0.7255,3.2556
101.59,2.0367,-0.7328,3.2437
101.65,2.034,-0.7307,3.247
101.66,2.0469,-0.7392,3.2316
101.684,2.0431,-0.7368,3.2361
101.715,2.0577,-0.7456,3.2191
101.748,2.0568,-0.745,3.2201
101.777,2.0743,-0.759,3.1979
101.801,2.074,-0.7587,3.1983
101.825,2.0868,-0.7727,3.1801
101.865,2.1013,-0.785,3.1614
101.882,2.0927,-0.7769,3.1729
101.911,2.1127,-0.8034,3.1421
101.951,2.1085,-0.7986,3.1481
102.002,2.1234,-0.8194,3.1246
102.03,2.1205,-0.8148,3.1296
102.062,2.1348,-0.8316,3.1087
102.098,2.1353,-0.8322,3.1079
102.138,2.1585,-0.8543,3.0766
102.181,2.1556,-0.8516,3.0806
102.223,2.1831,-0.869,3.048
102.25,2.1784,-0.8645,3.0543
102.284,2.1964,-0.8744,3.0338
102.322,2.1955,-0.8739,3.0349
102.348,2.2049,-0.8807,3.0233
102.392,2.2051,-0.8808,3.0231
102.439,2.2113,-0.888,3.0141
102.458,2.2127,-0.8896,3.0121
102.484,2.2146,-0.8931,3.0086
102.524,2.2146,-0.8925,3.009
102.558,2.2154,-0.894,3.0075
102.576,2.2149,-0.8933,3.0083
102.602,2.2154,-0.894,3.0075
102.643,2.2143,-0.8925,3.0092
102.671,2.2147,-0.893,3.0086
102.723,2.2138,-0.892,3.0099
102.746,2.2138,-0.892,3.0099
102.774,2.2137,-0.8919,3.0101
102.809,2.2137,-0.8919,3.0101
102.834,2.2139,-0.892,3.0098
102.864,2.2139,-0.892,3.0098
102.903,2.2142,-0.8922,3.0095
102.935,2.2142,-0.8922,3.0095
102.943,2.2143,-0.8923,3.0093
102.983,2.2138,-0.8933,3.0092
103.023,2.2142,-0.8926,3.0092
103.053,2.2147,-0.8946,3.0078
103.087,2.2142,-0.8942,3.0084
103.122,2.2156,-0.8953,3.0067
103.144,2.2154,-0.8951,3.0069
103.178,2.2168,-0.8963,3.0051
103.199,2.2178,-0.8969,3.004
103.209,2.2169,-0.8963,3.0051
103.242,2.219,-0.8974,3.0027
103.282,2.2185,-0.8972,3.0032
103.301,2.2199,-0.8976,3.0017
103.354,2.2198,-0.8976,3.0019
103.408,2.2203,-0.8977,3.0014
103.426,2.2202,-0.8977,3.0015
103.46,2.2196,-0.8967,3.0025
103.496,2.2197,-0.8969,3.0023
103.542,2.2191,-0.8951,3.0038
103.57,2.2191,-0.8954,3.0036
103.6,2.2185,-0.894,3.0048
103.625,2.2185,-0.8941,3.0048
103.647,2.2178,-0.8933,3.0058
103.672,2.2176,-0.8926,3.0063
103.707,2.2179,-0.8931,3.0058
103.771,2.2176,-0.8924,3.0064
103.785,2.2176,-0.8925,3.0063
103.823,2.2182,-0.8923,3.006
103.847,2.218,-0.8923,3.0061
103.879,2.2194,-0.8929,3.0046
103.906,2.2192,-0.8928,3.0048
103.925,2.2201,-0.8939,3.0035
103.955,2.2212,-0.895,3.0019
103.981,2.2204,-0.8941,3.0031
104.011,2.2215,-0.8961,3.0012
104.06,2.2213,-0.8956,3.0016
104.085,2.2206,-0.8971,3.0015
104.124,2.2207,-0.897,3.0014
104.158,2.2187,-0.8984,3.0025
104.191,2.2188,-0.8982,3.0024
104.211,2.2175,-0.8999,3.0027
104.277,2.2168,-0.8997,3.0034
104.312,2.2161,-0.9003,3.0037
104.337,2.217,-0.9008,3.0027
104.349,2.2161,-0.9004,3.0037
104.391,2.2191,-0.9006,3.001
104.419,2.2184,-0.9011,3.0014
104.462,2.2206,-0.8995,3.0003
104.48,2.2203,-0.8997,3.0004
104.513,2.2215,-0.8986,2.9999
104.558,2.2217,-0.8984,2.9999
104.581,2.2224,-0.8974,2.9997
104.622,2.2224,-0.8974,2.9997
104.647,2.2228,-0.8966,2.9998
104.672,2.2231,-0.8963,2.9997
104.705,2.2228,-0.8966,2.9998
104.758,2.2234,-0.896,2.9996
104.772,2.2232,-0.8962,2.9997
104.812,2.2239,-0.8956,2.9994
104.846,2.2237,-0.8958,2.9995
104.864,2.2243,-0.8954,2.9992
104.894,2.2242,-0.8954,2.9992
104.916,2.2247,-0.8952,2.9989
104.98,2.2247,-0.8951,2.9989
105.004,2.2252,-0.8948,2.9986
105.037,2.2252,-0.8948,2.9986
105.067,2.2257,-0.8945,2.9983
105.115,2.2257,-0.8945,2.9983
105.138,2.2263,-0.8943,2.998
105.174,2.2263,-0.8943,2.998
105.2,2.2268,-0.894,2.9976
105.248,2.2269,-0.894,2.9976
105.294,2.2274,-0.8938,2.9973
105.331,2.2273,-0.8938,2.9973
105.365,2.2276,-0.8937,2.9972
105.403,2.2276,-0.8937,2.9972
105.436,2.2276,-0.8936,2.9972
105.461,2.2276,-0.8936,2.9972
105.497,2.2276,-0.8936,2.9972
105.526,2.2276,-0.8936,2.9972
105.547,2.2277,-0.8936,2.9971
105.568,2.2278,-0.8936,2.997
105.59,2.2277,-0.8936,2.9971
105.626,2.2279,-0.8935,2.9969
105.669,2.2279,-0.8936,2.997
105.703,2.2281,-0.8935,2.9968
105.74,2.228,-0.8935,2.9969
105.776,2.2282,-0.8935,2.9968
105.817,2.2282,-0.8935,2.9968
105.849,2.2284,-0.8933,2.9967
105.883,2.2284,-0.8933,2.9967
105.911,2.2286,-0.8932,2.9966
105.952,2.2286,-0.8931,2.9966
105.968,2.2287,-0.8931,2.9965
105.981,2.2288,-0.8931,2.9964
106.027,2.2287,-0.8931,2.9965
106.059,2.2288,-0.8931,2.9964
106.1,2.2288,-0.8931,2.9964
106.113,2.2288,-0.8931,2.9964
106.135,2.2289,-0.8931,2.9963
106.166,2.2288,-0.8931,2.9964
106.217,2.229,-0.893,2.9963
106.219,2.2289,-0.8931,2.9963
106.254,2.2291,-0.8929,2.9962
106.287,2.2291,-0.8929,2.9963
106.311,2.2292,-0.8928,2.9963
106.354,2.2291,-0.8928,2.9963
106.367,2.2292,-0.8928,2.9962
106.417,2.2292,-0.8928,2.9962
106.437,2.2292,-0.8928,2.9962
106.453,2.2293,-0.8929,2.9961
106.493,2.2293,-0.8928,2.9961
106.515,2.2293,-0.8928,2.9961
106.563,2.2293,-0.8928,2.9961
106.59,2.2293,-0.8928,2.9961
106.631,2.2294,-0.8925,2.9962
106.647,2.2292,-0.8939,2.9956
106.664,2.2299,-0.8947,2.9947
106.711,2.2295,-0.8945,2.9951
106.74,2.2308,-0.8953,2.9936
106.779,2.2308,-0.8953,2.9936
106.829,2.2324,-0.8954,2.9922
106.839,2.2335,-0.8954,2.9912
106.858,2.2326,-0.8954,2.992
106.9,2.2341,-0.8952,2.9908
106.93,2.2339,-0.8954,2.9909
106.966,2.2339,-0.8938,2.9917
107.0,2.234,-0.8943,2.9913
107.041,2.2337,-0.8918,2.9929
107.077,2.2337,-0.892,2.9928
107.089,2.2338,-0.8901,2.9936
107.111,2.2336,-0.8901,2.9938
107.145,2.234,-0.8898,2.9937
107.177,2.2338,-0.889,2.9942
107.211,2.2338,-0.8896,2.9939
107.245,2.2344,-0.8885,2.994
107.269,2.2341,-0.8886,2.9942
107.306,2.2356,-0.8888,2.9928
107.353,2.2357,-0.8888,2.9927
107.379,2.2372,-0.8896,2.991
107.421,2.2371,-0.8896,2.9911
107.439,2.2377,-0.8901,2.9903
107.468,2.2379,-0.8904,2.9899
107.504,2.2378,-0.8902,2.9902
107.542,2.2382,-0.8907,2.9896
107.568,2.238,-0.8905,2.9898
107.603,2.2388,-0.8908,2.989
107.638,2.2385,-0.8908,2.9892
107.676,2.2393,-0.8909,2.9885
107.694,2.2393,-0.8909,2.9885
107.736,2.2399,-0.8911,2.988
107.778,2.24,-0.8911,2.9878
107.815,2.2403,-0.8913,2.9874
107.837,2.2403,-0.8913,2.9875
107.863,2.2406,-0.8914,2.9871
107.892,2.2408,-0.8915,2.9869
107.919,2.2406,-0.8914,2.9871
107.975,2.2408,-0.8915,2.9869
108.01,2.2411,-0.8916,2.9866
108.042,2.2411,-0.8916,2.9866
108.063,2.2412,-0.8916,2.9865
108.084,2.2412,-0.8918,2.9864
108.13,2.2412,-0.8917,2.9865
108.16,2.2411,-0.8919,2.9864
108.184,2.2411,-0.8918,2.9864
108.207,2.2411,-0.8919,2.9865
108.254,2.2411,-0.8919,2.9865
108.281,2.2411,-0.8919,2.9865
108.3,2.241,-0.892,2.9865
108.328,2.241,-0.8919,2.9865
108.366,2.2409,-0.892,2.9866
108.398,2.241,-0.892,2.9865
108.444,2.2409,-0.892,2.9866
108.478,2.2409,-0.892,2.9866
108.51,2.2409,-0.8921,2.9865
108.541,2.2409,-0.8921,2.9865
108.569,2.241,-0.8921,2.9865
108.614,2.241,-0.8921,2.9865
108.641,2.241,-0.8921,2.9865
108.672,2.241,-0.8921,2.9865
108.696,2.2409,-0.8921,2.9865
108.743,2.2409,-0.8921,2.9865
108.786,2.2409,-0.8921,2.9865
108.822,2.2409,-0.8921,2.9865
108.852,2.241,-0.8922,2.9864
108.881,2.241,-0.8922,2.9864
108.919,2.2413,-0.8939,2.9853
108.952,2.2413,-0.8941,2.9852
108.984,2.2423,-0.8977,2.9824
108.998,2.2441,-0.9042,2.9776
109.02,2.2432,-0.901,2.98
109.063,2.2466,-0.9132,2.9709
109.091,2.246,-0.9113,2.9723
109.11,2.2492,-0.9226,2.9639
109.166,2.25,-0.9256,2.9616
109.18,2.2525,-0.9346,2.955
109.204,2.2553,-0.9486,2.9455
109.246,2.2542,-0.9409,2.9504
109.287,2.2622,-0.96,2.9339
109.322,2.258,-0.9544,2.9402
109.363,2.2664,-0.9748,2.9229
109.388,2.2654,-0.9711,2.9256
109.414,2.2754,-0.993,2.9061
109.469,2.2758,-0.9944,2.9051
109.532,2.2879,-1.0313,2.8765
109.569,2.2815,-1.0156,2.8897
109.591,2.2892,-1.0374,2.8725
109.626,2.295,-1.0663,2.8535
109.66,2.294,-1.0614,2.8567
109.695,2.2985,-1.0882,2.8401
109.755,2.2985,-1.0882,2.8401
109.781,2.2994,-1.1035,2.8322
109.8,2.2992,-1.1015,2.8333
109.842,2.3018,-1.1113,2.8264
109.903,2.3014,-1.1103,2.8273
109.915,2.3028,-1.1122,2.8252
109.938,2.3025,-1.1121,2.8255
109.982,2.3027,-1.1115,2.8256
110.023,2.3029,-1.1119,2.8252
110.063,2.3005,-1.1084,2.8289
110.086,2.3008,-1.1092,2.8283
110.151,2.2995,-1.1062,2.8308
110.155,2.2996,-1.1064,2.8307
110.19,2.2992,-1.1045,2.8319
110.253,2.2993,-1.1046,2.8318
110.274,2.2982,-1.1035,2.8333
110.302,2.2984,-1.1036,2.833
110.331,2.2979,-1.1031,2.8337
110.357,2.2978,-1.1026,2.834
110.405,2.2979,-1.1031,2.8337
110.44,2.2977,-1.1021,2.8343
110.449,2.2978,-1.1025,2.8341
110.494,2.2976,-1.1018,2.8345
110.506,2.2977,-1.1019,2.8344
110.545,2.2962,-1.103,2.8353
110.567,2.2973,-1.1027,2.8344
110.6,2.2965,-1.1045,2.8343
110.623,2.2977,-1.1089,2.8312
110.639,2.2965,-1.1047,2.8342
110.668,2.299,-1.1135,2.8279
110.713,2.2983,-1.111,2.8297
110.756,2.3017,-1.124,2.8206
110.788,2.3009,-1.1212,2.8227
110.846,2.3055,-1.1364,2.8116
110.864,2.3045,-1.1333,2.8139
110.911,2.3102,-1.1469,2.8026
110.918,2.3098,-1.1461,2.8034
110.968,2.3162,-1.161,2.7909
110.984,2.3157,-1.1599,2.7918
111.023,2.3231,-1.1837,2.7745
111.067,2.3224,-1.1814,2.7762
111.097,2.332,-1.2098,2.755
111.128,2.331,-1.2071,2.7571
111.171,2.343,-1.2387,2.7325
111.216,2.3409,-1.2332,2.7368
111.233,2.3488,-1.2541,2.7207
111.279,2.3489,-1.2542,2.7206
111.315,2.3557,-1.2728,2.7065
111.349,2.3547,-1.2697,2.7087
111.379,2.3613,-1.2912,2.6937
111.417,2.3604,-1.288,2.6958
111.486,2.3637,-1.3074,2.6847
111.506,2.363,-1.3015,2.6878
111.545,2.364,-1.3111,2.6829
111.566,2.3639,-1.3095,2.6837
111.598,2.3646,-1.311,2.6824
111.622,2.3644,-1.3112,2.6825
111.694,2.3646,-1.308,2.6837
111.696,2.3645,-1.3092,2.6832
111.731,2.3648,-1.306,2.6843
111.769,2.3648,-1.3062,2.6842
111.812,2.365,-1.305,2.6845
111.842,2.365,-1.305,2.6845
111.879,2.3649,-1.3053,2.6844
111.903,2.3649,-1.3054,2.6844
111.947,2.3648,-1.3059,2.6844
111.976,2.3647,-1.3059,2.6844
112.01,2.3647,-1.3061,2.6843
112.045,2.3647,-1.3061,2.6843
112.079,2.3648,-1.3062,2.6842
112.118,2.3648,-1.3062,2.6842
112.152,2.3651,-1.3062,2.6839
112.183,2.3651,-1.3062,2.6839
112.222,2.3654,-1.3065,2.6835
112.226,2.3657,-1.3069,2.6831
112.248,2.3654,-1.3066,2.6835
112.285,2.3664,-1.3073,2.6822
112.31,2.3663,-1.3072,2.6825
112.354,2.367,-1.3077,2.6816
112.387,2.3668,-1.3076,2.6818
112.405,2.3678,-1.3083,2.6806
112.458,2.3678,-1.3083,2.6806
112.489,2.3682,-1.3094,2.6798
112.499,2.369,-1.3101,2.6788
112.519,2.3683,-1.3095,2.6796
112.552,2.37,-1.3111,2.6775
112.593,2.3697,-1.3109,2.6778
112.632,2.3711,-1.3117,2.6762
112.681,2.371,-1.3116,2.6763
112.711,2.3728,-1.3123,2.6744
112.745,2.373,-1.3124,2.6741
112.774,2.3745,-1.3131,2.6726
112.813,2.3743,-1.313,2.6727
112.839,2.3765,-1.314,2.6703
112.882,2.3764,-1.314,2.6704
112.931,2.3775,-1.3146,2.6691
112.935,2.3791,-1.3156,2.6673
112.953,2.3781,-1.3151,2.6684
112.983,2.3805,-1.3164,2.6657
113.02,2.3799,-1.3161,2.6664
113.04,2.3816,-1.3169,2.6645
113.09,2.3815,-1.3169,2.6645
113.128,2.3835,-1.318,2.6623
113.168,2.3833,-1.3178,2.6626
113.219,2.3856,-1.3185,2.6602
113.23,2.3853,-1.3184,2.6605
113.266,2.387,-1.3191,2.6587
113.299,2.3867,-1.319,2.6589
113.337,2.3883,-1.3196,2.6573
113.376,2.388,-1.3195,2.6575
113.412,2.389,-1.3212,2.656
113.446,2.389,-1.3209,2.6561
113.471,2.3888,-1.3194,2.6569
113.503,2.3894,-1.3182,2.6568
113.515,2.3888,-1.3193,2.6569
113.545,2.3907,-1.3163,2.6565
113.587,2.3905,-1.3169,2.6564
113.614,2.3897,-1.3151,2.6579
113.657,2.3899,-1.3156,2.6575
113.722,2.3919,-1.3118,2.6572
113.726,2.3917,-1.3121,2.6572
113.753,2.3914,-1.31,2.6584
113.795,2.3914,-1.31,2.6584
113.817,2.3896,-1.3101,2.6601
113.838,2.3885,-1.3104,2.6609
113.865,2.3891,-1.3102,2.6604
113.906,2.388,-1.3106,2.6612
113.95,2.3882,-1.3106,2.6611
113.98,2.3877,-1.3106,2.6615
114.023,2.3878,-1.3106,2.6614
114.063,2.3874,-1.3105,2.6619
114.075,2.3875,-1.3106,2.6617
114.105,2.3872,-1.3104,2.6621
114.138,2.3872,-1.3104,2.6621
114.162,2.387,-1.3102,2.6623
114.183,2.3869,-1.31,2.6625
114.212,2.387,-1.3102,2.6624
114.254,2.3868,-1.3099,2.6627
114.301,2.3868,-1.3099,2.6626
114.335,2.3867,-1.3098,2.6627
114.362,2.3868,-1.3098,2.6627
114.405,2.3868,-1.3098,2.6627
114.434,2.3868,-1.3098,2.6627
114.474,2.3867,-1.3097,2.6628
114.508,2.3867,-1.3097,2.6628
114.54,2.3867,-1.3096,2.6629
114.567,2.3867,-1.3096,2.6629
114.617,2.3861,-1.3089,2.6637
114.631,2.3863,-1.3092,2.6634
114.663,2.3859,-1.3085,2.6641
114.703,2.3859,-1.3085,2.6641
114.716,2.3857,-1.3075,2.6646
114.744,2.3853,-1.3066,2.6654
114.773,2.3859,-1.3074,2.6646
114.816,2.3838,-1.3058,2.6671
114.859,2.3844,-1.3062,2.6664
114.884,2.382,-1.3053,2.6689
114.921,2.3819,-1.3052,2.6691
114.947,2.3808,-1.3051,2.6701
114.971,2.3808,-1.3051,2.6701
115.018,2.3798,-1.3048,2.6712
115.059,2.3798,-1.3048,2.6712
115.101,2.3795,-1.3048,2.6714
115.122,2.3796,-1.3048,2.6713
115.147,2.3798,-1.3052,2.671
115.191,2.3798,-1.3052,2.671
115.228,2.3795,-1.3053,2.6712
115.242,2.3791,-1.3057,2.6714
115.259,2.3794,-1.3053,2.6713
115.297,2.3782,-1.3061,2.672
115.334,2.3787,-1.3059,2.6717
115.379,2.3773,-1.3065,2.6727
115.407,2.3775,-1.3063,2.6726
115.43,2.3766,-1.3068,2.6732
115.476,2.3766,-1.3067,2.6732
115.501,2.3759,-1.3073,2.6737
115.545,2.3759,-1.3073,2.6736
115.567,2.3754,-1.3078,2.6739
115.602,2.3754,-1.3078,2.6739
115.629,2.3751,-1.308,2.674
115.642,2.3747,-1.3083,2.6743
115.679,2.375,-1.3082,2.6741
115.703,2.3743,-1.3085,2.6746
115.746,2.3745,-1.3084,2.6745
115.76,2.374,-1.3085,2.6749
115.825,2.3739,-1.3085,2.675
115.867,2.3735,-1.3088,2.6752
115.894,2.3735,-1.3088,2.6752
115.917,2.3731,-1.3095,2.6753
115.951,2.373,-1.3096,2.6753
115.983,2.3722,-1.3113,2.6754
116.003,2.3719,-1.313,2.6749
116.031,2.372,-1.3117,2.6753
116.084,2.3721,-1.3141,2.6743
116.106,2.3721,-1.3137,2.6745
116.137,2.3723,-1.3158,2.6734
116.167,2.3723,-1.3157,2.6734
116.18,2.3726,-1.317,2.6726
116.209,2.3721,-1.3169,2.6731
116.233,2.3723,-1.317,2.6729
116.29,2.3715,-1.3142,2.6747
116.307,2.372,-1.3155,2.6738
116.349,2.3711,-1.3146,2.675
116.376,2.3711,-1.3144,2.675
116.4,2.3699,-1.3159,2.6755
116.453,2.3697,-1.316,2.6757
116.485,2.3683,-1.3157,2.677
116.512,2.3681,-1.3168,2.6768
116.551,2.3685,-1.3156,2.677
116.594,2.3682,-1.3168,2.6767
116.624,2.3693,-1.3164,2.6759
116.663,2.3692,-1.3165,2.676
116.701,2.3713,-1.3149,2.6747
116.734,2.3713,-1.315,2.6747
116.743,2.373,-1.3122,2.6742
116.779,2.3746,-1.3107,2.6734
116.808,2.3737,-1.3119,2.6737
116.833,2.3753,-1.3087,2.6736
116.86,2.3752,-1.3094,2.6734
116.88,2.3769,-1.3076,2.6726
116.925,2.3757,-1.3059,2.6744
116.958,2.3768,-1.3066,2.6731
117.011,2.3781,-1.3044,2.6728
117.028,2.3764,-1.3055,2.6739
117.075,2.379,-1.3014,2.6733
117.083,2.3786,-1.3028,2.6731
117.117,2.38,-1.3006,2.6727
117.158,2.3807,-1.3004,2.6722
117.173,2.3796,-1.2978,2.6742
117.234,2.3796,-1.2978,2.6742
117.257,2.3776,-1.2987,2.6756
117.285,2.378,-1.2985,2.6754
117.316,2.3766,-1.3,2.6761
117.33,2.376,-1.3008,2.6763
117.364,2.3764,-1.3002,2.6761
117.401,2.3759,-1.3013,2.6762
117.437,2.3759,-1.3011,2.6762
117.466,2.376,-1.3014,2.676
117.503,2.376,-1.3014,2.676
117.535,2.3761,-1.3015,2.6759
117.577,2.3761,-1.3015,2.6759
117.597,2.3761,-1.3015,2.6759
117.638,2.376,-1.3016,2.676
117.648,2.376,-1.3016,2.6759
117.692,2.3758,-1.3018,2.676
117.721,2.3759,-1.3017,2.676
117.759,2.3758,-1.3019,2.676
117.802,2.3758,-1.3019,2.676
117.85,2.3757,-1.3022,2.6759
117.859,2.3758,-1.3021,2.6759
117.883,2.3757,-1.3024,2.6759
117.93,2.3757,-1.3024,2.6759
117.961,2.3755,-1.3026,2.676
117.991,2.3755,-1.3025,2.676
118.031,2.3753,-1.3028,2.676
118.064,2.3753,-1.3028,2.676
118.091,2.3751,-1.303,2.6761
118.112,2.375,-1.3031,2.6762
118.151,2.3751,-1.303,2.6761
118.208,2.375,-1.3031,2.6762
118.235,2.375,-1.3031,2.6762
118.281,2.375,-1.3031,2.6762
118.322,2.3751,-1.3031,2.6761
118.355,2.3751,-1.3031,2.6761
118.405,2.375,-1.3031,2.6762
118.439,2.375,-1.3031,2.6762
118.481,2.375,-1.303,2.6762
118.511,2.375,-1.303,2.6762
118.539,2.375,-1.3031,2.6762
118.558,2.3751,-1.303,2.6762
118.582,2.375,-1.3031,2.6762
118.632,2.3751,-1.303,2.6762
118.669,2.3751,-1.303,2.6762
118.71,2.3751,-1.303,2.6762
118.751,2.3743,-1.3037,2.6766
118.771,2.3746,-1.3034,2.6765
118.811,2.3733,-1.3034,2.6777
118.842,2.3736,-1.3035,2.6773
118.894,2.3722,-1.3036,2.6786
118.919,2.3723,-1.3036,2.6785
118.959,2.3712,-1.3043,2.6792
118.997,2.3714,-1.3041,2.6791
119.023,2.3705,-1.3046,2.6797
119.054,2.3707,-1.3045,2.6795
119.08,2.3696,-1.3044,2.6805
119.127,2.3697,-1.3045,2.6805
119.165,2.3683,-1.3036,2.682
119.192,2.3686,-1.3038,2.6817
119.216,2.3674,-1.3028,2.6832
119.247,2.3662,-1.3015,2.6849
119.27,2.3673,-1.3026,2.6834
119.32,2.365,-1.3,2.6866
119.345,2.3657,-1.3009,2.6856
119.389,2.3641,-1.2983,2.6881
119.413,2.3643,-1.2987,2.6878
119.433,2.3632,-1.2967,2.6896
119.473,2.3631,-1.2964,2.6898
119.503,2.3623,-1.2941,2.6914
119.544,2.3618,-1.2923,2.6928
119.552,2.3624,-1.2942,2.6914
119.589,2.3614,-1.2904,2.6939
119.616,2.3616,-1.2915,2.6932
119.645,2.361,-1.2886,2.695
119.682,2.3612,-1.2893,2.6945
119.719,2.3605,-1.2868,2.6962
119.759,2.3606,-1.2872,2.6959
119.809,2.3601,-1.2849,2.6974
119.825,2.3601,-1.2852,2.6972
119.849,2.3595,-1.2834,2.6985
119.89,2.3596,-1.2836,2.6984
119.896,2.3591,-1.2823,2.6994
119.93,2.359,-1.2814,2.6999
119.976,2.359,-1.2822,2.6995
120.016,2.359,-1.2812,2.7
120.049,2.3591,-1.2804,2.7001
120.061,2.3596,-1.2798,2.6999
120.096,2.3593,-1.2802,2.7001
120.135,2.3601,-1.2794,2.6997
120.159,2.3598,-1.2795,2.6999
120.204,2.3605,-1.2793,2.6994
120.239,2.3604,-1.2793,2.6995
120.272,2.3608,-1.2792,2.6991
120.294,2.3608,-1.2792,2.6992
120.324,2.3612,-1.2789,2.6989
120.356,2.3614,-1.2782,2.699
120.386,2.3612,-1.2788,2.6989
120.436,2.3614,-1.2779,2.6991
120.47,2.3617,-1.2767,2.6994
120.507,2.3617,-1.2767,2.6994
120.526,2.3623,-1.2752,2.6994
120.572,2.3621,-1.2726,2.7008
120.585,2.3623,-1.2747,2.6997
120.623,2.3619,-1.27,2.7021
120.671,2.3619,-1.2707,2.7017
120.693,2.362,-1.2675,2.703
120.731,2.3619,-1.2682,2.7027
120.764,2.3628,-1.2657,2.7031
120.8,2.3627,-1.2659,2.7031
120.841,2.3641,-1.2647,2.7023
120.861,2.3638,-1.2649,2.7025
120.905,2.3625,-1.2662,2.7031
120.922,2.3627,-1.266,2.703
120.952,2.3618,-1.2644,2.7045
120.972,2.3625,-1.2617,2.705
121.007,2.3619,-1.2639,2.7046
121.046,2.3645,-1.2602,2.7039
121.062,2.3633,-1.2599,2.7051
121.107,2.3653,-1.258,2.7041
121.147,2.3654,-1.2578,2.7041
121.159,2.3654,-1.2585,2.7038
121.227,2.3655,-1.2578,2.704
121.264,2.3674,-1.2573,2.7025
121.29,2.3672,-1.2573,2.7027
121.314,2.3686,-1.257,2.7016
121.342,2.3691,-1.2569,2.7011
121.362,2.3687,-1.257,2.7015
121.423,2.3695,-1.2567,2.7008
121.46,2.3706,-1.2561,2.7002
121.491,2.3705,-1.2561,2.7002
121.523,2.371,-1.2558,2.6999
121.557,2.3711,-1.2558,2.6999
121.595,2.3715,-1.2555,2.6996
121.644,2.3714,-1.2555,2.6996
121.669,2.3717,-1.2552,2.6995
121.744,2.3717,-1.2552,2.6995
121.783,2.372,-1.2549,2.6994
121.815,2.3719,-1.255,2.6994
121.865,2.372,-1.2549,2.6994
121.917,2.3721,-1.255,2.6993
121.92,2.372,-1.255,2.6993
121.961,2.372,-1.2551,2.6993
121.983,2.372,-1.2551,2.6993
122.011,2.372,-1.2551,2.6993
122.054,2.372,-1.2551,2.6993
122.081,2.3721,-1.255,2.6992
122.125,2.3721,-1.255,2.6992
122.157,2.3722,-1.2549,2.6992
122.194,2.3722,-1.2549,2.6992
122.228,2.3722,-1.2546,2.6993
122.265,2.3722,-1.2547,2.6993
122.304,2.3724,-1.2545,2.6992
122.332,2.3724,-1.2545,2.6992
122.366,2.3725,-1.2545,2.6991
122.402,2.3725,-1.2545,2.6991
122.423,2.3726,-1.2544,2.6991
122.449,2.3726,-1.2544,2.699
122.467,2.3726,-1.2544,2.6991
122.499,2.3728,-1.2545,2.6989
122.553,2.3727,-1.2544,2.6989
122.582,2.3728,-1.2546,2.6988
122.607,2.3728,-1.2545,2.6988
122.651,2.3728,-1.2547,2.6987
122.685,2.3728,-1.2546,2.6987
122.71,2.3731,-1.2553,2.6982
122.724,2.3738,-1.2552,2.6977
122.748,2.3732,-1.2554,2.6981
122.783,2.3747,-1.2547,2.697
122.829,2.3744,-1.2549,2.6972
122.861,2.3756,-1.2543,2.6964
122.892,2.3753,-1.2544,2.6966
122.922,2.3764,-1.2539,2.6959
122.972,2.3764,-1.2539,2.6959
123.018,2.3772,-1.2538,2.6952
123.043,2.3771,-1.2539,2.6952
123.067,2.3778,-1.2531,2.695
123.103,2.3773,-1.2538,2.695
123.117,2.3778,-1.2531,2.695
123.156,2.3776,-1.2541,2.6947
123.179,2.3773,-1.254,2.695
123.223,2.3779,-1.2542,2.6943
123.247,2.3777,-1.2541,2.6945
123.284,2.3783,-1.2544,2.6939
123.305,2.3783,-1.2544,2.694
123.325,2.3786,-1.2545,2.6936
123.376,2.3787,-1.2545,2.6935
123.391,2.379,-1.2544,2.6933
123.405,2.3792,-1.2544,2.6931
123.457,2.3791,-1.2544,2.6932
123.488,2.3796,-1.2542,2.6928
123.521,2.3796,-1.2542,2.6928
123.547,2.3797,-1.2541,2.6928
123.589,2.3797,-1.2541,2.6928
123.599,2.3797,-1.254,2.6928
123.628,2.3797,-1.2539,2.6929
123.653,2.3797,-1.254,2.6928
123.685,2.3796,-1.254,2.6929
123.72,2.3797,-1.254,2.6929
123.754,2.3796,-1.254,2.6929
123.799,2.3796,-1.254,2.6929
123.84,2.3796,-1.2541,2.6929
123.867,2.3796,-1.2541,2.6929
123.899,2.3795,-1.2541,2.693
123.933,2.3795,-1.2541,2.693
123.95,2.3795,-1.254,2.693
123.968,2.3795,-1.254,2.693
124.01,2.3795,-1.254,2.693
124.044,2.3794,-1.254,2.6931
124.083,2.3794,-1.254,2.6931
124.108,2.3793,-1.254,2.6932
124.163,2.3793,-1.254,2.6932
124.199,2.3794,-1.2541,2.693
124.232,2.3794,-1.2541,2.6931
124.265,2.3795,-1.2541,2.693
124.296,2.3795,-1.2541,2.693
124.337,2.3796,-1.2541,2.6929
124.366,2.3796,-1.2541,2.6929
124.394,2.3796,-1.2541,2.6928
124.443,2.3796,-1.2541,2.6929
124.481,2.3796,-1.2542,2.6928
124.507,2.3797,-1.2542,2.6928
124.516,2.3795,-1.2542,2.6929
124.558,2.3794,-1.2542,2.693
124.57,2.3795,-1.2542,2.6929
124.637,2.3794,-1.2542,2.693
124.659,2.3793,-1.2543,2.6931
124.683,2.3792,-1.2543,2.6932
124.711,2.3792,-1.2543,2.6932
124.768,2.379,-1.2543,2.6933
124.789,2.3791,-1.2543,2.6933
124.817,2.3789,-1.2543,2.6934
124.841,2.3789,-1.2544,2.6934
124.877,2.3788,-1.2544,2.6935
124.924,2.3788,-1.2544,2.6935
124.95,2.3788,-1.2544,2.6935
124.967,2.3787,-1.2543,2.6936
124.996,2.3788,-1.2544,2.6935
125.021,2.3788,-1.2542,2.6936
125.063,2.3788,-1.2542,2.6936
125.101,2.3788,-1.2541,2.6936
125.145,2.3788,-1.2541,2.6936
125.173,2.3789,-1.2541,2.6935
125.197,2.3789,-1.2541,2.6935
125.227,2.3789,-1.2541,2.6935
125.24,2.3789,-1.2542,2.6935
125.265,2.3789,-1.2541,2.6935
125.3,2.3789,-1.2542,2.6935
125.338,2.3789,-1.2542,2.6935
125.379,2.3788,-1.2542,2.6935
125.416,2.3789,-1.2542,2.6935
125.448,2.3788,-1.2541,2.6936
125.473,2.3788,-1.2541,2.6936
125.495,2.3788,-1.2541,2.6936
125.563,2.3788,-1.2541,2.6936
125.577,2.3789,-1.2541,2.6935
125.596,2.3788,-1.2542,2.6936
125.631,2.3788,-1.2541,2.6935
125.665,2.3788,-1.2541,2.6936
125.693,2.3788,-1.2541,2.6936
125.729,2.3788,-1.2541,2.6936
125.759,2.3788,-1.2541,2.6936
125.791,2.3788,-1.2541,2.6936
125.825,2.3788,-1.2541,2.6936
125.861,2.3788,-1.2541,2.6936
125.911,2.3788,-1.2541,2.6936
125.914,2.3788,-1.254,2.6936
125.938,2.3788,-1.254,2.6937
125.979,2.3788,-1.254,2.6936
126.025,2.3787,-1.254,2.6937
126.028,2.3787,-1.254,2.6937
126.057,2.3787,-1.254,2.6937
126.109,2.3787,-1.254,2.6938
126.133,2.3787,-1.254,2.6937
126.183,2.3787,-1.254,2.6937
126.213,2.3787,-1.2538,2.6938
126.254,2.3788,-1.2538,2.6938
126.292,2.379,-1.2544,2.6933
126.323,2.3789,-1.2543,2.6934
126.362,2.379,-1.2547,2.6932
126.401,2.3791,-1.2545,2.6932
126.446,2.3791,-1.2533,2.6937
126.462,2.3791,-1.2535,2.6935
126.496,2.3784,-1.254,2.694
126.527,2.3785,-1.2539,2.6939
126.574,2.3784,-1.2543,2.6939
126.603,2.3784,-1.2543,2.6938
126.633,2.3788,-1.254,2.6936
126.647,2.3789,-1.2538,2.6936
126.671,2.3788,-1.2539,2.6936
126.708,2.3789,-1.2536,2.6937
126.745,2.3789,-1.2537,2.6937
126.778,2.379,-1.2535,2.6937
126.804,2.379,-1.2534,2.6938
126.829,2.379,-1.2535,2.6937
126.868,2.3789,-1.2533,2.6938
126.891,2.379,-1.2533,2.6938
126.963,2.379,-1.2533,2.6938
126.969,2.379,-1.2533,2.6938
126.989,2.379,-1.2533,2.6937
127.046,2.379,-1.2533,2.6937
127.095,2.3791,-1.2533,2.6936
127.123,2.3791,-1.2533,2.6937
127.164,2.3792,-1.2532,2.6936
127.171,2.3792,-1.2533,2.6936
127.234,2.3792,-1.2532,2.6936
127.236,2.3792,-1.2532,2.6936
127.278,2.3792,-1.2532,2.6936
127.313,2.3792,-1.2532,2.6936
127.367,2.3792,-1.2531,2.6937
127.371,2.3792,-1.2531,2.6936
127.413,2.3792,-1.2531,2.6937
127.449,2.3792,-1.2531,2.6937
127.477,2.3788,-1.2515,2.6947
127.515,2.3788,-1.2515,2.6948
127.55,2.3794,-1.2536,2.6933
127.568,2.3796,-1.2531,2.6933
127.591,2.3794,-1.2535,2.6933
127.631,2.3794,-1.2534,2.6934
127.671,2.3797,-1.2531,2.6933
127.713,2.3792,-1.2532,2.6936
127.738,2.3793,-1.2531,2.6936
127.782,2.3789,-1.2525,2.6942
127.81,2.3789,-1.2525,2.6942
127.812,2.3785,-1.2527,2.6945
127.833,2.3781,-1.2533,2.6946
127.882,2.3781,-1.2532,2.6946
127.924,2.3785,-1.2532,2.6942
127.944,2.3784,-1.2533,2.6943
127.976,2.3788,-1.2533,2.6939
128.002,2.3788,-1.2533,2.694
128.042,2.3793,-1.253,2.6937
128.076,2.3792,-1.2531,2.6937
128.112,2.3793,-1.2531,2.6936
128.145,2.3793,-1.253,2.6936
128.183,2.3793,-1.2529,2.6936
128.221,2.3793,-1.2529,2.6936
128.256,2.3794,-1.2527,2.6937
128.272,2.3794,-1.2526,2.6937
128.302,2.3794,-1.2527,2.6937
128.331,2.3795,-1.2526,2.6936
128.362,2.3794,-1.2526,2.6937
128.409,2.3795,-1.2528,2.6936
128.433,2.3795,-1.2527,2.6936
128.46,2.3794,-1.2529,2.6936
128.493,2.3794,-1.2529,2.6936
128.517,2.3793,-1.253,2.6937
128.562,2.3792,-1.2531,2.6937
128.585,2.3791,-1.2533,2.6937
128.626,2.3791,-1.2533,2.6937
128.656,2.379,-1.2533,2.6937
128.685,2.379,-1.2533,2.6938
128.714,2.379,-1.2533,2.6937
128.749,2.3791,-1.2533,2.6937
128.769,2.379,-1.2533,2.6937
128.804,2.3791,-1.2533,2.6937
128.867,2.3791,-1.2533,2.6937
128.926,2.3791,-1.2533,2.6937
128.936,2.3791,-1.2533,2.6937
128.985,2.3791,-1.2533,2.6937
129.028,2.3791,-1.2532,2.6937
129.054,2.3791,-1.2532,2.6937
129.126,2.3793,-1.2525,2.6939
129.143,2.3791,-1.2525,2.694
129.165,2.3796,-1.2539,2.693
129.191,2.3794,-1.2538,2.6932
129.213,2.3799,-1.2534,2.6929
129.233,2.3797,-1.2531,2.6932
129.284,2.3801,-1.2533,2.6927
129.308,2.3797,-1.2525,2.6935
129.341,2.3797,-1.2529,2.6933
129.364,2.3791,-1.2526,2.694
129.409,2.3792,-1.2526,2.6939
129.441,2.3783,-1.2533,2.6944
129.464,2.3784,-1.2532,2.6944
129.5,2.3786,-1.2532,2.6942
129.523,2.379,-1.2531,2.6939
129.541,2.3787,-1.2532,2.6941
129.583,2.3792,-1.253,2.6937
129.609,2.3791,-1.2531,2.6938
129.666,2.3795,-1.2528,2.6936
129.688,2.3795,-1.2528,2.6936
129.713,2.3796,-1.2526,2.6935
129.73,2.3796,-1.2525,2.6936
129.753,2.3796,-1.2526,2.6936
129.794,2.3795,-1.2525,2.6936
129.836,2.3796,-1.2525,2.6936
129.879,2.3794,-1.2526,2.6937
129.903,2.3794,-1.2526,2.6937
129.961,2.3792,-1.2527,2.6938
129.983,2.3793,-1.2526,2.6938
130.017,2.379,-1.2527,2.694
130.044,2.3791,-1.2527,2.6939
130.096,2.379,-1.2526,2.6941
130.14,2.379,-1.2526,2.694
130.148,2.3789,-1.2526,2.6941
130.186,2.379,-1.2526,2.6941
130.212,2.379,-1.2526,2.6941
130.255,2.379,-1.2526,2.6941
130.283,2.3789,-1.2526,2.6941
130.314,2.3789,-1.2526,2.6941
130.332,2.3789,-1.2526,2.6942
130.355,2.3789,-1.2526,2.6942
130.389,2.3789,-1.2526,2.6942
130.425,2.3789,-1.2526,2.6942
130.445,2.3789,-1.2526,2.6942
130.462,2.3789,-1.2527,2.6941
130.518,2.3789,-1.2527,2.6941
130.555,2.3791,-1.2531,2.6937
130.574,2.3795,-1.2528,2.6936
130.6,2.3791,-1.2532,2.6937
130.643,2.3793,-1.2525,2.6938
130.677,2.3796,-1.2525,2.6936
130.712,2.3792,-1.2523,2.694
130.749,2.3792,-1.2523,2.694
130.774,2.3785,-1.2525,2.6946
130.822,2.3785,-1.2525,2.6946
130.857,2.3778,-1.2532,2.6949
130.876,2.3779,-1.2531,2.6949
130.908,2.3783,-1.2529,2.6946
130.951,2.3783,-1.2529,2.6946
130.996,2.3785,-1.2527,2.6944
131.013,2.3785,-1.2528,2.6945
131.064,2.3786,-1.2526,2.6944
131.091,2.3786,-1.2526,2.6944
131.134,2.3787,-1.2525,2.6944
131.161,2.3787,-1.2526,2.6944
131.181,2.3786,-1.2525,2.6945
131.215,2.3786,-1.2525,2.6945
131.255,2.3787,-1.2524,2.6945
131.266,2.3786,-1.2523,2.6945
131.294,2.3787,-1.2523,2.6945
131.316,2.3786,-1.2523,2.6946
131.363,2.3786,-1.2523,2.6946
131.4,2.3785,-1.2523,2.6946
131.452,2.3786,-1.2523,2.6946
131.474,2.3785,-1.2523,2.6946
131.506,2.3785,-1.2523,2.6946
131.539,2.3786,-1.2523,2.6945
131.578,2.3786,-1.2523,2.6945
131.623,2.3786,-1.2523,2.6945
131.655,2.3786,-1.2523,2.6945
131.681,2.3786,-1.2524,2.6945
131.72,2.3786,-1.2524,2.6945
131.756,2.3788,-1.2529,2.6942
131.782,2.3786,-1.2525,2.6944
131.808,2.379,-1.2521,2.6943
131.83,2.3786,-1.2519,2.6947
131.86,2.379,-1.252,2.6943
131.889,2.3786,-1.2515,2.6949
131.93,2.3786,-1.2517,2.6948
131.956,2.3777,-1.2519,2.6956
131.992,2.3772,-1.2524,2.6958
132.007,2.3777,-1.2518,2.6956
132.067,2.3777,-1.252,2.6955
132.074,2.3772,-1.2523,2.6958
132.13,2.3778,-1.252,2.6955
132.16,2.3782,-1.2519,2.6951
132.189,2.3783,-1.2519,2.695
132.201,2.3782,-1.252,2.6951
132.234,2.3784,-1.2519,2.6949
132.271,2.3783,-1.252,2.6949
132.288,2.3784,-1.2519,2.6949
132.35,2.3784,-1.2519,2.6949
132.389,2.3783,-1.2517,2.6951
132.411,2.3783,-1.2518,2.6951
132.441,2.3783,-1.2517,2.6951
132.492,2.3783,-1.2517,2.6951
132.529,2.3783,-1.2516,2.6951
132.568,2.3783,-1.2516,2.6951
132.591,2.3783,-1.2517,2.6951
132.624,2.3783,-1.2517,2.6951
132.653,2.3783,-1.2517,2.6951
132.695,2.3783,-1.2517,2.6951
132.72,2.3784,-1.2518,2.695
132.754,2.3784,-1.2518,2.695
132.769,2.3778,-1.25,2.6963
132.793,2.3787,-1.2524,2.6945
132.843,2.3785,-1.2509,2.6953
132.873,2.3789,-1.2522,2.6943
132.928,2.3789,-1.2522,2.6943
132.956,2.379,-1.2516,2.6945
132.98,2.379,-1.2517,2.6944
133.015,2.379,-1.2512,2.6947
133.058,2.3789,-1.2511,2.6948
133.088,2.3784,-1.2512,2.6952
133.109,2.3784,-1.2512,2.6952
133.122,2.378,-1.2518,2.6954
133.16,2.3783,-1.2519,2.695
133.189,2.378,-1.2518,2.6953
133.224,2.3785,-1.252,2.6947
133.252,2.3784,-1.252,2.6949
133.289,2.3789,-1.2521,2.6944
133.335,2.3788,-1.2521,2.6945
133.362,2.3793,-1.2518,2.6942
133.417,2.3793,-1.2518,2.6942
133.472,2.3794,-1.2516,2.6942
133.486,2.3794,-1.2516,2.6941
133.523,2.3793,-1.2514,2.6943
133.539,2.3794,-1.2515,2.6942
133.573,2.3794,-1.2514,2.6943
133.606,2.3794,-1.2514,2.6943
133.619,2.3794,-1.2513,2.6943
133.68,2.3794,-1.2513,2.6943
133.704,2.3794,-1.2513,2.6943
133.716,2.3793,-1.2512,2.6944
133.761,2.3794,-1.2513,2.6943
133.796,2.3792,-1.2513,2.6945
133.814,2.3793,-1.2512,2.6944
133.847,2.3791,-1.2514,2.6945
133.884,2.3792,-1.2513,2.6945
133.916,2.3789,-1.2515,2.6946
133.948,2.3789,-1.2515,2.6946
133.971,2.3787,-1.2516,2.6948
134.018,2.3787,-1.2516,2.6948
134.033,2.3786,-1.2515,2.6949
134.046,2.3785,-1.2516,2.695
134.09,2.3785,-1.2515,2.695
134.129,2.3783,-1.2516,2.6951
134.168,2.3784,-1.2516,2.6951
134.193,2.3783,-1.2516,2.6951
134.226,2.3783,-1.2517,2.6951
134.255,2.3783,-1.2517,2.6951
134.296,2.3783,-1.2516,2.6952
134.349,2.3779,-1.2503,2.6961
134.373,2.378,-1.2508,2.6957
134.406,2.3786,-1.2523,2.6946
134.446,2.3785,-1.252,2.6948
134.47,2.3791,-1.2517,2.6944
134.529,2.3791,-1.2517,2.6944
134.579,2.3784,-1.2511,2.6953
134.592,2.3786,-1.2512,2.695
134.628,2.3775,-1.2512,2.696
134.67,2.3777,-1.2512,2.6958
134.699,2.377,-1.2518,2.6962
134.743,2.377,-1.2518,2.6962
134.774,2.3775,-1.2517,2.6958
134.794,2.3774,-1.2517,2.6959
134.821,2.3777,-1.2518,2.6956
134.846,2.3777,-1.2518,2.6956
134.866,2.378,-1.2516,2.6954
134.897,2.3781,-1.2513,2.6955
134.927,2.3781,-1.2514,2.6954
134.976,2.3782,-1.2512,2.6954
135.015,2.3782,-1.2512,2.6954
135.062,2.378,-1.2512,2.6956
135.085,2.378,-1.2512,2.6955
135.117,2.378,-1.2512,2.6956
135.145,2.378,-1.2512,2.6956
135.163,2.3781,-1.2512,2.6955
135.195,2.3782,-1.2512,2.6954
135.232,2.3781,-1.2512,2.6955
135.288,2.3783,-1.2512,2.6953
135.336,2.3784,-1.2512,2.6952
135.346,2.3784,-1.2512,2.6952
135.375,2.3783,-1.2512,2.6953
135.416,2.3783,-1.2512,2.6953
135.465,2.3781,-1.2512,2.6955
135.51,2.3781,-1.2512,2.6955
135.535,2.378,-1.2513,2.6955
135.555,2.378,-1.2513,2.6955
135.576,2.3781,-1.2513,2.6955
135.603,2.3781,-1.2512,2.6955
135.632,2.3781,-1.2512,2.6955
135.678,2.3782,-1.2512,2.6954
135.703,2.3782,-1.2512,2.6954
135.741,2.3781,-1.2513,2.6954
135.778,2.3782,-1.2507,2.6956
135.808,2.3787,-1.2511,2.695
135.833,2.3789,-1.2508,2.6949
135.856,2.3788,-1.251,2.695
135.89,2.3787,-1.2508,2.6951
135.922,2.3789,-1.2508,2.695
135.98,2.3783,-1.25,2.6959
136.005,2.3784,-1.2503,2.6956
136.035,2.3775,-1.2502,2.6964
136.067,2.3776,-1.2502,2.6963
136.109,2.3771,-1.2507,2.6966
136.121,2.3774,-1.2507,2.6963
136.167,2.3772,-1.2508,2.6965
136.218,2.3779,-1.2507,2.6959
136.247,2.3775,-1.2507,2.6962
136.265,2.378,-1.2508,2.6958
136.291,2.3782,-1.2508,2.6956
136.332,2.3783,-1.2507,2.6955
136.346,2.3786,-1.2503,2.6955
136.368,2.3786,-1.2502,2.6954
136.398,2.3787,-1.2503,2.6954
136.434,2.3786,-1.2502,2.6955
136.469,2.3786,-1.2502,2.6955
136.5,2.3785,-1.2502,2.6956
136.54,2.3785,-1.2502,2.6956
136.575,2.3785,-1.2503,2.6955
136.612,2.3785,-1.2503,2.6955
136.631,2.3784,-1.2504,2.6955
136.676,2.3784,-1.2504,2.6955
136.701,2.3784,-1.2505,2.6955
136.719,2.3784,-1.2505,2.6955
136.757,2.3784,-1.2505,2.6955
136.795,2.3786,-1.2505,2.6954
136.837,2.3785,-1.2505,2.6954
136.851,2.3786,-1.2504,2.6954
136.891,2.3786,-1.2504,2.6953
136.922,2.3786,-1.2504,2.6954
136.961,2.3786,-1.2504,2.6954
136.986,2.3784,-1.2504,2.6955
137.035,2.3784,-1.2504,2.6955
137.067,2.3784,-1.2505,2.6955
137.107,2.3784,-1.2505,2.6955
137.139,2.3785,-1.2505,2.6954
137.181,2.3785,-1.2505,2.6954
137.215,2.3785,-1.2505,2.6954
137.241,2.3785,-1.2505,2.6954
137.268,2.3785,-1.2506,2.6954
137.293,2.3777,-1.2487,2.6969
137.316,2.3786,-1.2506,2.6953
137.368,2.3788,-1.2512,2.6949
137.38,2.3783,-1.2502,2.6957
137.414,2.3791,-1.2506,2.6949
137.452,2.3791,-1.2506,2.6949
137.492,2.3795,-1.2502,2.6947
137.514,2.3794,-1.2502,2.6947
137.55,2.3787,-1.25,2.6955
137.566,2.3786,-1.2495,2.6958
137.602,2.3787,-1.2495,2.6956
137.631,2.378,-1.2498,2.6962
137.671,2.3782,-1.2497,2.696
137.708,2.3778,-1.2504,2.6961
137.741,2.3778,-1.2504,2.6962
137.765,2.3783,-1.2505,2.6957
137.8,2.3783,-1.2505,2.6957
137.819,2.3785,-1.2505,2.6954
137.842,2.3789,-1.2505,2.6951
137.876,2.3786,-1.2506,2.6953
137.901,2.3791,-1.2502,2.695
137.947,2.379,-1.2505,2.695
137.975,2.3793,-1.25,2.6949
137.997,2.3793,-1.25,2.6949
138.03,2.3793,-1.25,2.6949
138.067,2.3793,-1.2499,2.6949
138.093,2.3793,-1.25,2.6949
138.126,2.3794,-1.2499,2.6949
138.175,2.3794,-1.2499,2.6949
138.199,2.3794,-1.2498,2.6949
138.226,2.3794,-1.2498,2.6949
138.254,2.3796,-1.2498,2.6948
138.303,2.3796,-1.2498,2.6948
138.345,2.3796,-1.2497,2.6948
138.37,2.3796,-1.2497,2.6948
138.403,2.3797,-1.2497,2.6947
138.434,2.3797,-1.2497,2.6947
138.47,2.3795,-1.2497,2.6948
138.499,2.3795,-1.2497,2.6948
138.566,2.3793,-1.2498,2.695
138.568,2.3793,-1.2498,2.695
138.606,2.3791,-1.2499,2.6951
138.622,2.3789,-1.25,2.6953
138.646,2.3791,-1.2499,2.6951
138.678,2.3787,-1.25,2.6954
138.723,2.3789,-1.25,2.6953
138.756,2.3786,-1.25,2.6955
138.787,2.3787,-1.25,2.6955
138.815,2.3785,-1.2501,2.6956
138.855,2.3785,-1.2501,2.6956
138.879,2.3785,-1.2502,2.6956
138.9,2.3785,-1.2503,2.6956
138.923,2.3785,-1.2502,2.6956
138.947,2.3784,-1.2503,2.6956
138.984,2.3785,-1.2503,2.6956
139.017,2.3784,-1.2502,2.6957
139.059,2.3784,-1.2502,2.6957
139.079,2.3776,-1.2481,2.6973
139.101,2.3786,-1.2509,2.6952
139.14,2.3782,-1.249,2.6963
139.183,2.379,-1.2503,2.6951
139.21,2.3788,-1.2506,2.6951
139.266,2.3793,-1.2499,2.6949
139.299,2.3793,-1.25,2.695
139.329,2.3787,-1.2494,2.6957
139.348,2.3788,-1.2495,2.6956
139.376,2.3781,-1.2495,2.6962
139.406,2.3781,-1.2496,2.6962
139.432,2.3776,-1.2501,2.6964
139.452,2.3779,-1.2502,2.6961
139.496,2.3776,-1.2503,2.6964
139.534,2.3782,-1.2502,2.6958
139.587,2.3781,-1.2502,2.6959
139.596,2.3786,-1.2501,2.6955
139.622,2.3785,-1.2501,2.6956
139.631,2.379,-1.2499,2.6953
139.692,2.379,-1.2499,2.6953
139.711,2.3791,-1.2497,2.6952
139.722,2.3792,-1.2497,2.6951
139.759,2.3792,-1.2497,2.6952
139.794,2.3793,-1.2496,2.6951
139.834,2.3793,-1.2496,2.6951
139.862,2.3794,-1.2495,2.6951
139.899,2.3794,-1.2495,2.6951
139.934,2.3795,-1.2494,2.695
139.98,2.3795,-1.2494,2.695
140.013,2.3795,-1.2492,2.6951
140.045,2.3795,-1.2493,2.6951
140.065,2.3795,-1.2492,2.6951
140.121,2.3795,-1.2492,2.6951
140.135,2.3796,-1.2491,2.6951
140.159,2.3795,-1.2491,2.6951
140.176,2.3796,-1.2491,2.6951
140.22,2.3794,-1.2492,2.6952
140.263,2.3794,-1.2492,2.6952
140.291,2.3792,-1.2494,2.6952
140.311,2.3793,-1.2494,2.6952
140.33,2.3791,-1.2496,2.6953
140.395,2.379,-1.2496,2.6953
140.422,2.3788,-1.2496,2.6955
140.455,2.3788,-1.2496,2.6955
140.475,2.3787,-1.2496,2.6956
140.503,2.3786,-1.2496,2.6958
140.531,2.3786,-1.2496,2.6957
140.564,2.3785,-1.2497,2.6958
140.592,2.3785,-1.2497,2.6958
140.613,2.3784,-1.2497,2.6958
140.666,2.3785,-1.2497,2.6958
140.686,2.3785,-1.2494,2.6959
140.73,2.3781,-1.2482,2.6968
140.75,2.3787,-1.25,2.6955
140.771,2.3791,-1.2497,2.6952
140.799,2.3789,-1.2502,2.6952
140.837,2.3794,-1.2496,2.6949
140.87,2.3794,-1.2497,2.695
140.884,2.3789,-1.2495,2.6955
140.953,2.3789,-1.2494,2.6956
140.965,2.3786,-1.2492,2.6959
141.0,2.3779,-1.2492,2.6966
141.006,2.3782,-1.2491,2.6963
141.045,2.3772,-1.2497,2.6969
141.077,2.3775,-1.2494,2.6968
141.126,2.3774,-1.2499,2.6967
141.149,2.3774,-1.2499,2.6967
141.174,2.3778,-1.2499,2.6964
141.198,2.3781,-1.2498,2.6961
141.228,2.3779,-1.2498,2.6962
141.26,2.3784,-1.2498,2.6958
141.286,2.3783,-1.2498,2.6959
141.319,2.3787,-1.2496,2.6956
141.361,2.3787,-1.2497,2.6956
141.383,2.3789,-1.2495,2.6955
141.411,2.379,-1.2494,2.6955
141.464,2.3789,-1.2495,2.6955
141.472,2.379,-1.2493,2.6955
141.51,2.379,-1.2493,2.6955
141.543,2.3791,-1.2493,2.6954
141.58,2.3791,-1.2493,2.6955
141.605,2.3792,-1.2493,2.6954
141.62,2.3792,-1.2493,2.6953
141.672,2.3791,-1.2493,2.6954
141.704,2.3793,-1.2493,2.6953
141.723,2.3793,-1.2493,2.6953
141.764,2.3793,-1.2492,2.6953
141.796,2.3793,-1.2492,2.6953
141.829,2.3792,-1.2491,2.6954
141.865,2.3792,-1.2491,2.6954
141.896,2.379,-1.249,2.6956
141.927,2.3789,-1.2491,2.6957
141.963,2.379,-1.249,2.6956
142.001,2.3789,-1.2491,2.6957
142.039,2.3787,-1.2493,2.6958
142.075,2.3787,-1.2493,2.6958
142.104,2.3786,-1.2494,2.6959
142.138,2.3786,-1.2494,2.6959
142.157,2.3784,-1.2494,2.696
142.217,2.3784,-1.2494,2.696
142.225,2.3784,-1.2494,2.696
142.279,2.3784,-1.2495,2.696
142.285,2.3784,-1.2495,2.696
142.319,2.3783,-1.2494,2.6961
142.344,2.3784,-1.2494,2.696
142.403,2.3784,-1.2493,2.6961
142.426,2.3783,-1.2493,2.6961
142.456,2.3784,-1.2494,2.696
142.498,2.3784,-1.2493,2.696
142.571,2.3783,-1.2494,2.6961
142.573,2.3783,-1.2494,2.6961
