elapsed_s,x_m,y_m,yaw_rad,stamp_ns,frame,episode_time_s
0.1729886240000269,0.2087285965681076,0.1817786991596222,-0.18397147016222948,1789294620828555375,odom,-2.4710035100001733
0.2253332620002766,0.20867113769054413,0.18182873725891113,-0.1839114825929289,1789294620939389020,odom,-2.4186588719999236
0.2765993990001334,0.20874133706092834,0.18181587755680084,-0.18414317319600693,1789294620991796761,odom,-2.3673927350000668
0.3371251429998665,0.2087336927652359,0.181772843003273,-0.18422104259792932,1789294621055357247,odom,-2.3068669910003337
0.39220635299989226,0.20866654813289642,0.1818082630634308,-0.18408583722550684,1789294621105129987,odom,-2.251785781000308
0.4463529390000076,0.208594411611557,0.1818622499704361,-0.18405965536647673,1789294621158478290,odom,-2.1976391950001926
0.4978412600003139,0.2086368054151535,0.18184475600719452,-0.18434748847083668,1789294621215072661,odom,-2.1461508739998862
0.5572679269998844,0.208657369017601,0.18178699910640717,-0.18434654086907973,1789294621269135982,odom,-2.086724207000316
0.6127879350001422,0.20865218341350555,0.18175368010997772,-0.18417676480558012,1789294621315257579,odom,-2.031204199000058
0.6639996060002886,0.20860783755779266,0.1818234920501709,-0.18423735570580727,1789294621385287314,odom,-1.9799925279999115
0.7170275630001015,0.2086302787065506,0.18182991445064545,-0.18434686281441037,1789294621425189048,odom,-1.9269645710000987
0.7696503219999613,0.20864908397197723,0.1817883402109146,-0.18442530597808546,1789294621483607560,odom,-1.8743418120002389
0.8262249250001332,0.2086317092180252,0.1817570924758911,-0.18434689191985537,1789294621537551909,odom,-1.817767209000067
0.8782310229998984,0.20860505104064941,0.18177790939807892,-0.1840272082412271,1789294621588584453,odom,-1.7657611110003018
0.9414497540001321,0.20865264534950256,0.18179601430892944,-0.18430105316694734,1789294621653300076,odom,-1.702542380000068
0.9921439360000477,0.20867367088794708,0.18176622688770294,-0.1844931507869458,1789294621711797744,odom,-1.6518481980001525
1.0494627570001285,0.20864327251911163,0.18173763155937195,-0.1841883691189753,1789294621761900931,odom,-1.5945293770000717
1.102303570999993,0.208624467253685,0.18177755177021027,-0.1841399462215956,1789294621825273066,odom,-1.541688563000207
1.1582522339999741,0.20860879123210907,0.18179570138454437,-0.18427522673954128,1789294621858604461,odom,-1.485739900000226
1.2134045810003045,0.20868034660816193,0.1817973405122757,-0.1843950404649407,1789294621932070523,odom,-1.4305875529998957
1.2665795830002935,0.20868636667728424,0.18176737427711487,-0.18427685439973857,1789294621985237151,odom,-1.3774125509999067
1.3281940990000294,0.2086247354745865,0.1817760318517685,-0.18417527820064866,1789294622045109063,odom,-1.3157980350001708
1.3793198799999118,0.20864522457122803,0.18183112144470215,-0.18426599124819631,1789294622101923495,odom,-1.2646722540002884
1.4327505700002803,0.20864646136760712,0.181815505027771,-0.1845007910034801,1789294622155618459,odom,-1.21124156399992
1.487942535000002,0.20863676071166992,0.18179956078529358,-0.18445957422835213,1789294622198254615,odom,-1.1560495990001982
1.5394255119999798,0.20859083533287048,0.1818086802959442,-0.18414515264155454,1789294622258365422,odom,-1.1045666220002204
1.602234597000006,0.20856505632400513,0.18183551728725433,-0.18426047929024283,1789294622323293954,odom,-1.0417575370001941
1.6529664760000742,0.20862971246242523,0.18185491859912872,-0.18451254696931402,1789294622375279694,odom,-0.991025658000126
1.7191546500002914,0.20865431427955627,0.1818099468946457,-0.18444035542094903,1789294622431832581,odom,-0.9248374839999087
1.7725225540002612,0.208611398935318,0.18185436725616455,-0.1841564637763837,1789294622495032578,odom,-0.871469579999939
1.8332144159999189,0.2086484581232071,0.18191179633140564,-0.1842252601277832,1789294622548187047,odom,-0.8107777180002813
1.8937743690003117,0.20874248445034027,0.1818932443857193,-0.18447940228029078,1789294622611574202,odom,-0.7502177649998885
1.9450749400002678,0.20870546996593475,0.1818302869796753,-0.1843972100338841,1789294622668231755,odom,-0.6989171939999324
2.000282169000002,0.20864227414131165,0.18184007704257965,-0.18427363574197936,1789294622718289166,odom,-0.6437099650001983
2.0534088809999957,0.20860406756401062,0.18191881477832794,-0.18424685976141694,1789294622771912366,odom,-0.5905832530002044
2.1062779839999166,0.20862549543380737,0.18187843263149261,-0.18458885001880523,1789294622826050073,odom,-0.5377141500002836
2.1615841930001807,0.20864740014076233,0.18184827268123627,-0.18461738309196243,1789294622878503114,odom,-0.4824079410000195
2.2176925409999058,0.20853674411773682,0.18183119595050812,-0.1843101681400707,1789294622931710034,odom,-0.4262995930002944
2.274061313999937,0.2084784209728241,0.18187090754508972,-0.184317204227283,1789294622979188472,odom,-0.36993082000026334
2.329064152000228,0.20849351584911346,0.18190881609916687,-0.18450470626761153,1789294623041563302,odom,-0.31492798199997196
2.386604900000293,0.20854896306991577,0.1818503588438034,-0.18461270678127198,1789294623095092565,odom,-0.25738723399990704
2.4477069200002006,0.20851005613803864,0.18182964622974396,-0.1843959905441988,1789294623164955169,odom,-0.19628521399999954
2.4996222630002194,0.20846787095069885,0.18187014758586884,-0.18423616280789606,1789294623211874515,odom,-0.14436987099998078
2.5602467620001335,0.2085140496492386,0.1818881779909134,-0.18446250823740118,1789294623275904685,odom,-0.08374537200006671
2.61498280800015,0.20853035151958466,0.1818181872367859,-0.18462383455936177,1789294623324898272,odom,-0.02900932600005035
2.6729083049999645,0.2085752636194229,0.181806281208992,-0.18442260909680236,1789294623388213187,odom,0.02891617099976429
2.7285074199999144,0.20848186314105988,0.18186232447624207,-0.1842743021529603,1789294623451759606,odom,0.08451528599971425
2.7894840590001877,0.20848336815834045,0.18188856542110443,-0.18443211303292548,1789294623500517398,odom,0.14549192499998753
2.8420786249998855,0.208530992269516,0.18183575570583344,-0.18449616978742323,1789294623561586171,odom,0.19808649099968534
2.893249750999985,0.20857559144496918,0.18182405829429626,-0.18433504952075977,1789294623601464063,odom,0.24925761699978466
2.958359137000116,0.20858481526374817,0.18187962472438812,-0.18423747967267426,1789294623661567241,odom,0.3143670029999157
3.0260037130001365,0.20858128368854523,0.18192481994628906,-0.18443952773201544,1789294623728356391,odom,0.3820115789999363
3.082861813999898,0.2086109071969986,0.18184679746627808,-0.18458574330645547,1789294623800256997,odom,0.43886967999969784
3.1375695060000908,0.2086106538772583,0.18183408677577972,-0.18442115155557956,1789294623848273068,odom,0.4935773719998906
3.1923664179998923,0.20860080420970917,0.18191152811050415,-0.18436526680167897,1789294623908311158,odom,0.5483742839996921
3.244433125999876,0.20860789716243744,0.1819567233324051,-0.1846030263164381,1789294623954733401,odom,0.600440991999676
3.2968393340001967,0.20863550901412964,0.18190409243106842,-0.18468374710749969,1789294624018066197,odom,0.6528471999999965
3.348273253000116,0.20859186351299286,0.18188273906707764,-0.18447040338796025,1789294624066187888,odom,0.7042811189999156
3.410807384000236,0.20855814218521118,0.18192410469055176,-0.1845341372626453,1789294624126676351,odom,0.766815250000036
3.46374772199988,0.20860809087753296,0.18197646737098694,-0.18455948802102487,1789294624181603700,odom,0.8197555879996798
3.5149065919999884,0.20868441462516785,0.18195728957653046,-0.1848080595333529,1789294624231527835,odom,0.8709144579997883
3.569694831000106,0.20865771174430847,0.18191541731357574,-0.1847442717285924,1789294624290527135,odom,0.925702696999906
3.6282955189999484,0.2086028903722763,0.18194366991519928,-0.18457672656954907,1789294624348156243,odom,0.9843033849997482
3.6803804350001883,0.20860134065151215,0.18198005855083466,-0.18463349312668692,1789294624394348651,odom,1.0363883009999881
3.7364949910001997,0.20866934955120087,0.18195925652980804,-0.18493790367241403,1789294624448349744,odom,1.0925028569999995
3.7991456069999003,0.20865318179130554,0.1819169819355011,-0.18477616410729344,1789294624508203536,odom,1.1551534729997002
3.855279492000136,0.20858313143253326,0.18192557990550995,-0.1846618352896286,1789294624574797421,odom,1.211287357999936
3.909228950999932,0.20863692462444305,0.1819666475057602,-0.18470532232053732,1789294624631548911,odom,1.2652368169997317
3.970832619000248,0.20868678390979767,0.18193304538726807,-0.18491218238786994,1789294624688110143,odom,1.326840485000048
4.022041379000257,0.20869240164756775,0.18189910054206848,-0.1849201735565453,1789294624744859487,odom,1.3780492450000565
4.074308126000233,0.2086891084909439,0.18190082907676697,-0.18480574377205192,1789294624788006097,odom,1.4303159920000326
4.1281086520002646,0.20865687727928162,0.18195496499538422,-0.18475483773715803,1789294624841703683,odom,1.4841165180000644
4.186422929999935,0.20865505933761597,0.18197506666183472,-0.18509906336146453,1789294624901716739,odom,1.542430795999735
4.259185245000026,0.20869091153144836,0.18192626535892487,-0.18495965085156274,1789294624961495191,odom,1.6151931109998259
4.315272824000203,0.2085959017276764,0.18193739652633667,-0.18481890488126973,1789294625031549245,odom,1.6712806900000032
4.373725955000282,0.208586648106575,0.18197880685329437,-0.18504748713159258,1789294625081475049,odom,1.7297338210000817
4.430036068999925,0.20864567160606384,0.1819576621055603,-0.18525743708700004,1789294625142711669,odom,1.786043934999725
4.49015536800016,0.2086942195892334,0.18191641569137573,-0.18524306027342397,1789294625195886880,odom,1.8461632339999596
4.542840561000048,0.20863637328147888,0.18195228278636932,-0.1851324902984014,1789294625264765292,odom,1.898848426999848
4.6052840010002,0.2086801677942276,0.1820078343153,-0.18523875892612976,1789294625318262845,odom,1.961291867
4.657779619999928,0.20870140194892883,0.1819903552532196,-0.1854720958668477,1789294625375273972,odom,2.0137874859997282
4.708916952999971,0.2086958885192871,0.1819433867931366,-0.18524312296733675,1789294625421328574,odom,2.0649248189997707
4.7611830589999045,0.2087521255016327,0.18195852637290955,-0.1850153787053177,1789294625481358558,odom,2.1171909249997043
4.812217221000083,0.20877891778945923,0.1819966584444046,-0.18509025633910411,1789294625528144866,odom,2.1682250869998825
4.875797980000243,0.208838552236557,0.18200381100177765,-0.18525043350927212,1789294625593766957,odom,2.231805846000043
4.933713748000173,0.20878897607326508,0.1819652020931244,-0.18518375551478816,1789294625654745370,odom,2.2897216139999728
4.991947831000289,0.20871540904045105,0.18199005722999573,-0.18509942310264735,1789294625706904441,odom,2.3479556970000885
5.057947487000092,0.20871807634830475,0.18199856579303741,-0.18517784943036433,1789294625764688998,odom,2.413955352999892
5.135216290000244,0.20871277153491974,0.18198440968990326,-0.18548704402110855,1789294625824790746,odom,2.491224156000044
5.185983209999904,0.2086227834224701,0.18193134665489197,-0.18533694679769472,1789294625897552520,odom,2.5419910759997038
5.245159757000238,0.20855672657489777,0.18195413053035736,-0.1852037125248751,1789294625967948943,odom,2.6011676230000376
5.312810796000122,0.20858652889728546,0.18199193477630615,-0.18537984961937004,1789294626018253356,odom,2.6688186619999215
5.370780935000312,0.2086869180202484,0.1819799542427063,-0.18547128623161613,1789294626092076808,odom,2.7267888010001116
5.422508366999864,0.20866474509239197,0.1819516271352768,-0.18529126682896385,1789294626138139993,odom,2.7785162329996638
5.481337190999966,0.20862862467765808,0.18197621405124664,-0.18533420851191765,1789294626197952062,odom,2.837345056999766
5.531873415000064,0.20868027210235596,0.18202880024909973,-0.1855997582394118,1789294626254669696,odom,2.8878812809998635
5.587038467000184,0.20872849225997925,0.18199722468852997,-0.185597681939377,1789294626304670840,odom,2.943046332999984
5.641975479999928,0.208778515458107,0.18194450438022614,-0.18548185283002558,1789294626361664563,odom,2.997983345999728
5.6948889999998755,0.2087363451719284,0.18197719752788544,-0.18536288204995358,1789294626408751756,odom,3.0508968659996754
5.762739407000026,0.20869174599647522,0.18202605843544006,-0.18552988394431788,1789294626464505940,odom,3.1187472729998262
5.816915208999944,0.2087336927652359,0.18199382722377777,-0.18579430678072348,1789294626524596005,odom,3.172923074999744
5.882254299000124,0.20873624086380005,0.18195009231567383,-0.18556738371409653,1789294626588905126,odom,3.2382621649999237
5.9398722020000605,0.20869296789169312,0.18196836113929749,-0.18559144323193852,1789294626658007413,odom,3.2958800679998603
5.991431501000079,0.2087608128786087,0.18201950192451477,-0.18569909844272844,1789294626714678794,odom,3.347439366999879
6.044966578000185,0.20881827175617218,0.1819664090871811,-0.18587029590194853,1789294626763676434,odom,3.400974443999985
6.113733975000287,0.20877091586589813,0.18193133175373077,-0.18585374313298017,1789294626814518243,odom,3.4697418410000864
6.165463104000082,0.20871388912200928,0.1819709986448288,-0.18579406733787532,1789294626874860555,odom,3.521470969999882
6.2244044750000285,0.2088066190481186,0.1820012480020523,-0.1859881652088036,1789294626938241511,odom,3.5804123409998283
6.277041666000059,0.20883703231811523,0.18198460340499878,-0.18602303225306233,1789294626974681884,odom,3.633049531999859
6.334293731999878,0.2088000327348709,0.18192170560359955,-0.1859741532532682,1789294627041661054,odom,3.690301597999678
6.3921549070000765,0.2087751030921936,0.1819453239440918,-0.1857804503955282,1789294627101108342,odom,3.7481627729998763
6.443239694000113,0.20883876085281372,0.1819731891155243,-0.18594411794359586,1789294627164517194,odom,3.7992475599999125
6.495646478000253,0.20887044072151184,0.18194594979286194,-0.18608329706537508,1789294627217921525,odom,3.8516543440000532
6.553018227999928,0.2088281661272049,0.18190935254096985,-0.18597000036129155,1789294627274673730,odom,3.909026093999728
6.605826337000053,0.2087598443031311,0.18192638456821442,-0.18575293300726542,1789294627328309327,odom,3.961834202999853
6.657838931000242,0.20876242220401764,0.1819567233324051,-0.18569699629889969,1789294627364626676,odom,4.013846797000042
6.712272502999895,0.20882181823253632,0.181961789727211,-0.1858912579202709,1789294627414506465,odom,4.0682803689996945
6.764616980000028,0.20881247520446777,0.18194666504859924,-0.18600261557345346,1789294627464548379,odom,4.120624845999828
6.816155798000182,0.20877458155155182,0.18191978335380554,-0.18572034226887857,1789294627531221658,odom,4.1721636639999815
6.885763768000288,0.20799502730369568,0.18078044056892395,-0.1753775462519748,1789294627588060885,odom,4.241771634000088
6.94659483400028,0.20912069082260132,0.18184909224510193,-0.15308905957173966,1789294627657790452,odom,4.3026027000000795
7.005454921999899,0.20921222865581512,0.1825326383113861,-0.13922896480992064,1789294627711798936,odom,4.361462787999699
7.073452885000279,0.20938850939273834,0.18386881053447723,-0.12202795007366571,1789294627777836591,odom,4.429460751000079
7.12516566100021,0.20958146452903748,0.18481901288032532,-0.10450507416359342,1789294627847959786,odom,4.48117352700001
7.179075855000065,0.20975328981876373,0.1854008436203003,-0.09180748576634573,1789294627897883206,odom,4.5350837209998645
7.229844504000084,0.21011361479759216,0.18577039241790771,-0.08109468354887318,1789294627944552689,odom,4.585852369999884
7.284531715999947,0.21058109402656555,0.1863926202058792,-0.067805668011969,1789294628004675418,odom,4.640539581999747
7.3400926530002835,0.21097217500209808,0.1870843470096588,-0.05736941326095825,1789294628054462701,odom,4.696100519000083
7.398519863000274,0.21131888031959534,0.18781721591949463,-0.04522344661670261,1789294628108532458,odom,4.754527729000074
7.453957916000036,0.2116858810186386,0.1883109211921692,-0.03276202225856901,1789294628161258965,odom,4.809965781999836
7.515516239000135,0.2120688110589981,0.18904544413089752,-0.018488956725074276,1789294628221388846,odom,4.871524104999935
7.569034004000059,0.21265628933906555,0.19006042182445526,-0.002529776457659048,1789294628287754565,odom,4.925041869999859
7.624227760999929,0.2131364792585373,0.1907641440629959,0.010511746829455633,1789294628341104775,odom,4.980235626999729
7.678543249000086,0.21349124610424042,0.1911517232656479,0.01991658223518558,1789294628381285459,odom,5.034551114999886
7.732371424000121,0.21421320736408234,0.1919146478176117,0.03654111499476497,1789294628454400330,odom,5.088379289999921
7.788223731000016,0.2147248536348343,0.1923084706068039,0.04798801494510803,1789294628504500895,odom,5.144231596999816
7.839991517000271,0.21518446505069733,0.19281066954135895,0.05895300232993588,1789294628551337272,odom,5.195999383000071
7.898279490000277,0.21589983999729156,0.19296807050704956,0.07348483052855863,1789294628618132859,odom,5.254287356000077
7.949214640000264,0.21620170772075653,0.19300119578838348,0.0865226841937992,1789294628671419173,odom,5.305222506000064
8.00334900200005,0.21662215888500214,0.1931157112121582,0.09668318824879056,1789294628715519696,odom,5.35935686799985
8.058171802000288,0.21719101071357727,0.19330258667469025,0.11249669045583695,1789294628777671367,odom,5.414179668000088
8.117017842000223,0.21763871610164642,0.1935063898563385,0.12266234207555239,1789294628835721761,odom,5.473025708000023
8.170011941000212,0.21812929213047028,0.19387641549110413,0.1384124237796333,1789294628888156205,odom,5.5260198070000115
8.222235166000246,0.2183709442615509,0.1941874772310257,0.15049270363646672,1789294628942152768,odom,5.578243032000046
8.2773788100003,0.21837306022644043,0.19451534748077393,0.16523804262205372,1789294628991040021,odom,5.6333866760001
8.345949431999998,0.21828314661979675,0.1948077529668808,0.181405362678057,1789294629054411918,odom,5.7019572979997974
8.402338749000137,0.21801318228244781,0.19520923495292664,0.19927171754851108,1789294629124326259,odom,5.758346614999937
8.466871955999977,0.2170444130897522,0.19583740830421448,0.2147856605699239,1789294629181613952,odom,5.822879821999777
8.525436866000291,0.21902717649936676,0.19745996594429016,0.2385891187344784,1789294629240989238,odom,5.881444732000091
8.579296178000277,0.21933388710021973,0.20000800490379333,0.27849938957639264,1789294629300943166,odom,5.935304044000077
8.633780279999883,0.22041316330432892,0.20409969985485077,0.3092937315198113,1789294629351418286,odom,5.9897881459996825
8.685315514000195,0.2213013768196106,0.2054174542427063,0.32612679509883064,1789294629405740291,odom,6.041323379999994
8.737553299999945,0.219942107796669,0.20550736784934998,0.32105121515714635,1789294629451150685,odom,6.093561165999745
8.789056341000105,0.21949009597301483,0.20404520630836487,0.3211891851586239,1789294629511036902,odom,6.145064206999905
8.845417849000114,0.21847817301750183,0.20300550758838654,0.3221509592921254,1789294629568037539,odom,6.201425714999914
8.906805990000066,0.21742625534534454,0.20310458540916443,0.3204257641808158,1789294629614288360,odom,6.262813855999866
8.96046734399988,0.21578221023082733,0.20351162552833557,0.3185000804435301,1789294629674919635,odom,6.31647520999968
9.012473281999974,0.21397480368614197,0.20367513597011566,0.3163326567042615,1789294629735411912,odom,6.368481147999773
9.074117398999988,0.21257217228412628,0.20357981324195862,0.31432654180482134,1789294629777638942,odom,6.430125264999788
9.125982213000043,0.210851788520813,0.20351071655750275,0.31197133299012014,1789294629838544398,odom,6.481990078999843
9.178004439000233,0.20927794277668,0.20352745056152344,0.3088044779952769,1789294629897677928,odom,6.534012305000033
9.239693166000052,0.2081073671579361,0.20340599119663239,0.30461123004375656,1789294629950954944,odom,6.595701031999852
9.291568795999865,0.2067769467830658,0.20307926833629608,0.29857145203835217,1789294630011046439,odom,6.647576661999665
9.347200231999977,0.2058575302362442,0.20278915762901306,0.2935947036951587,1789294630063850432,odom,6.703208097999777
9.401151035000112,0.20522500574588776,0.2026614248752594,0.2893024354807316,1789294630111081868,odom,6.757158900999912
9.460522757000035,0.20427705347537994,0.20219013094902039,0.28319002060518467,1789294630178078204,odom,6.816530622999835
9.519355836000159,0.20386779308319092,0.20199529826641083,0.2801189306123167,1789294630230852395,odom,6.875363701999959
9.576542652000171,0.20385496318340302,0.20209626853466034,0.2764161417053556,1789294630294298678,odom,6.932550517999971
9.628873913000007,0.20417819917201996,0.20204922556877136,0.2738049530574509,1789294630351416617,odom,6.984881778999807
9.682632166000076,0.20438925921916962,0.2020140290260315,0.2730757276311303,1789294630391020566,odom,7.038640031999876
9.739913449000142,0.20472155511379242,0.20197346806526184,0.27202670395092543,1789294630450906545,odom,7.095921314999941
9.792143554000177,0.20496831834316254,0.2021014243364334,0.2714708196975454,1789294630508245736,odom,7.1481514199999765
9.850509546000012,0.2051917016506195,0.2021903097629547,0.2710959867342703,1789294630568118363,odom,7.206517411999812
9.901240529000006,0.20529446005821228,0.20220613479614258,0.27110664867064643,1789294630624315053,odom,7.257248394999806
9.958301677000236,0.20533519983291626,0.20223939418792725,0.2709518880263129,1789294630678110867,odom,7.314309543000036
10.02561110500028,0.2054096758365631,0.20229454338550568,0.27061664734854074,1789294630730813533,odom,7.38161897100008
10.078430542000206,0.20573072135448456,0.20217065513134003,0.28084745332203775,1789294630790842801,odom,7.434438408000005
10.139665493999928,0.2062550187110901,0.20236745476722717,0.30252475495366926,1789294630854221135,odom,7.495673359999728
10.192906353000126,0.20630882680416107,0.20238934457302094,0.31566113001467067,1789294630914442330,odom,7.548914218999926
10.252752747000159,0.20651362836360931,0.20231209695339203,0.32538868210660576,1789294630966626912,odom,7.6087606129999585
10.308935912999914,0.20643948018550873,0.20211416482925415,0.3326754732124575,1789294631010818273,odom,7.664943778999714
10.37008033400025,0.20623135566711426,0.2018170952796936,0.3468902243023711,1789294631084411651,odom,7.726088200000049
10.421380136000153,0.20681443810462952,0.20163550972938538,0.35482015484222645,1789294631144163876,odom,7.777388001999952
10.47467488500024,0.20539793372154236,0.20064502954483032,0.3470777062052175,1789294631197522431,odom,7.83068275100004
10.536270457000228,0.20475156605243683,0.20039798319339752,0.3426483282766809,1789294631250943213,odom,7.892278323000028
10.59005747900028,0.204811692237854,0.20075468719005585,0.3402746857497917,1789294631300840646,odom,7.946065345000079
10.642305856999883,0.20510047674179077,0.2011997401714325,0.338123707570398,1789294631345512896,odom,7.998313722999683
10.698224567000125,0.20569705963134766,0.20179149508476257,0.3363214326591216,1789294631415210753,odom,8.054232432999925
10.769511440000315,0.20583771169185638,0.2018285095691681,0.3357490637921965,1789294631447666436,odom,8.125519306000115
10.825823890000265,0.205672949552536,0.2017444372177124,0.336032563114047,1789294631548556119,odom,8.181831756000065
10.889979708000283,0.20553407073020935,0.2018229365348816,0.33572460502226303,1789294631587332517,odom,8.245987574000083
10.947228349999932,0.20547382533550262,0.20188266038894653,0.3351748326642761,1789294631669060975,odom,8.303236215999732
10.999209648000033,0.2055031955242157,0.20188263058662415,0.3352378150325653,1789294631707505732,odom,8.355217513999833
11.052815159000147,0.20555026829242706,0.20187963545322418,0.3351042478425299,1789294631747585088,odom,8.408823024999947
11.103958092000084,0.20551876723766327,0.20193378627300262,0.3351588503120359,1789294631804171592,odom,8.459965957999884
11.162493241999982,0.20543964207172394,0.20193658769130707,0.33502025752762876,1789294631871412068,odom,8.518501107999782
11.214587439000297,0.20545750856399536,0.20190386474132538,0.3349338881548858,1789294631930853158,odom,8.570595305000097
11.265600159000314,0.20549330115318298,0.2019108533859253,0.33511828829344004,1789294631984269887,odom,8.621608025000114
11.317898651000178,0.2055017501115799,0.20196615159511566,0.3349747742632685,1789294632034155398,odom,8.673906516999978
11.382131367000056,0.20546695590019226,0.20198017358779907,0.334911582928485,1789294632081081897,odom,8.738139232999856
11.444364048999887,0.20550817251205444,0.2019311487674713,0.33464094372861825,1789294632143895656,odom,8.800371914999687
11.495326495999961,0.20547877252101898,0.20193110406398773,0.33471579212829666,1789294632217749625,odom,8.851334361999761
11.554366526000194,0.2054862678050995,0.20199455320835114,0.33476565057343205,1789294632271103412,odom,8.910374391999994
11.611713443000099,0.2055187225341797,0.20200391113758087,0.3345782824383771,1789294632331111461,odom,8.967721308999899
11.665657846000158,0.2055296003818512,0.20196080207824707,0.33454064951112994,1789294632384247094,odom,9.021665711999958
11.717239898000116,0.20551031827926636,0.20198774337768555,0.3346325626931149,1789294632440346509,odom,9.073247763999916
11.77080067199995,0.2055017203092575,0.20207566022872925,0.33467087881026114,1789294632490930110,odom,9.12680853799975
11.821710316999997,0.20553548634052277,0.2020820826292038,0.33457241327500054,1789294632532953053,odom,9.177718182999797
11.887646259000121,0.2055846005678177,0.20207396149635315,0.33451914570301816,1789294632577596932,odom,9.243654124999921
11.953831009000169,0.20556001365184784,0.20202408730983734,0.3345245840753478,1789294632644437104,odom,9.309838874999969
12.011643381999875,0.20550952851772308,0.20213523507118225,0.334506356402055,1789294632721109897,odom,9.367651247999675
12.062773483,0.20545952022075653,0.2021367996931076,0.3344099702977288,1789294632757576972,odom,9.4187813489998
12.116163146999952,0.20550715923309326,0.20206119120121002,0.3342834223857494,1789294632837193280,odom,9.472171012999752
12.168590634999873,0.2054983526468277,0.2021026462316513,0.3343160797295388,1789294632887251883,odom,9.524598500999673
12.224333786999978,0.2054567039012909,0.20219412446022034,0.33437548121492666,1789294632944226771,odom,9.580341652999778
12.279934181000044,0.20548102259635925,0.20220893621444702,0.3342285695990224,1789294632975436955,odom,9.635942046999844
12.341675774000123,0.20550435781478882,0.20214633643627167,0.33411794643976606,1789294633058599740,odom,9.697683639999923
12.393986266999946,0.2055351436138153,0.202171191573143,0.3342257504805461,1789294633104279786,odom,9.749994132999745
12.446046829999887,0.205518439412117,0.20223280787467957,0.33431104233819353,1789294633164021283,odom,9.802054695999686
12.497687860000042,0.20553112030029297,0.20223937928676605,0.3340920873587039,1789294633220759183,odom,9.853695725999842
12.558433194999907,0.20557129383087158,0.202209934592247,0.333990622327516,1789294633267185479,odom,9.914441060999707
12.615317697000137,0.2055920660495758,0.20222780108451843,0.33418620518233594,1789294633333859712,odom,9.971325562999937
12.675722189000226,0.20551174879074097,0.20227450132369995,0.33407077817103664,1789294633394779712,odom,10.031730055000025
12.730076238000038,0.20565268397331238,0.20199446380138397,0.33408845123817643,1789294633441477328,odom,10.086084103999838
12.781598896000105,0.20567786693572998,0.20201583206653595,0.3481534302810431,1789294633495622664,odom,10.137606761999905
12.833335641000303,0.20636174082756042,0.2023523449897766,0.36256933876440695,1789294633543761283,odom,10.189343507000103
12.884573233000083,0.20690588653087616,0.20220422744750977,0.37371562559905935,1789294633600566655,odom,10.240581098999883
12.938588806000098,0.20783808827400208,0.20233379304409027,0.38816246324422565,1789294633660499602,odom,10.294596671999898
12.992557913999917,0.2085394412279129,0.20208899676799774,0.3981800349118319,1789294633714149981,odom,10.348565779999717
13.043132444000094,0.20896898210048676,0.2019258290529251,0.40664771720612036,1789294633754889995,odom,10.399140309999893
13.110024418000194,0.20934908092021942,0.20169809460639954,0.4179172193635165,1789294633811009198,odom,10.466032283999994
13.162235930999941,0.20954468846321106,0.20167872309684753,0.4268593359688532,1789294633863899022,odom,10.51824379699974
13.225227517999883,0.20945437252521515,0.20150499045848846,0.43618834818598584,1789294633930534631,odom,10.581235383999683
13.280142641000111,0.20944847166538239,0.2013162225484848,0.44334512393639036,1789294633997179538,odom,10.636150506999911
13.334367118000046,0.20957861840724945,0.20120316743850708,0.44991185069926,1789294634053820401,odom,10.690374983999845
13.38839974800021,0.2095218449831009,0.20090684294700623,0.45552466695577226,1789294634097292691,odom,10.74440761400001
13.44833344000017,0.20970958471298218,0.20027108490467072,0.46471686625862746,1789294634170499354,odom,10.80434130599997
13.509170362000077,0.2096100002527237,0.1987469345331192,0.4822901615950841,1789294634224296122,odom,10.865178227999877
13.562502840999969,0.2094062864780426,0.19789762794971466,0.49378052816880796,1789294634278821498,odom,10.918510706999768
13.621884002000115,0.20883283019065857,0.1968393474817276,0.5075953612222224,1789294634337150842,odom,10.977891867999915
13.686176112999874,0.20899388194084167,0.1973894089460373,0.5210944093224822,1789294634393940717,odom,11.042183978999674
13.740816987000017,0.2094258815050125,0.19880561530590057,0.5366183150168856,1789294634450420886,odom,11.096824852999816
13.801974368000174,0.20980794727802277,0.20060057938098907,0.5520187764136415,1789294634510787517,odom,11.157982233999974
13.854395039999872,0.21041685342788696,0.20153678953647614,0.566567094546522,1789294634575679809,odom,11.210402905999672
13.906238316999861,0.2104158252477646,0.20237228274345398,0.5770419842844797,1789294634620556861,odom,11.262246182999661
13.958504583999911,0.21040233969688416,0.20346203446388245,0.5893744243743548,1789294634674014359,odom,11.314512449999711
14.011776772000303,0.21051989495754242,0.20365537703037262,0.5983357624542593,1789294634720483094,odom,11.367784638000103
14.066734297000039,0.21019165217876434,0.20450860261917114,0.6102668467842265,1789294634780576735,odom,11.422742162999839
14.117728425000223,0.21016624569892883,0.20549634099006653,0.622812096347765,1789294634840428859,odom,11.473736291000023
14.174407384000006,0.2101975530385971,0.20604443550109863,0.6317421138301305,1789294634894292384,odom,11.530415249999805
14.23205187900021,0.21003422141075134,0.20640890300273895,0.6391681143064494,1789294634937714368,odom,11.58805974500001
14.289604115000202,0.20967735350131989,0.20664358139038086,0.6494258481213777,1789294635001012116,odom,11.645611981000002
14.3488440240003,0.2095225751399994,0.2063758820295334,0.6611623891237993,1789294635064099818,odom,11.7048518900001
14.406519720000233,0.20980753004550934,0.2065616101026535,0.6761915821404101,1789294635123936206,odom,11.762527586000033
14.466256445999989,0.2098218947649002,0.20743903517723083,0.6888832190913093,1789294635181135446,odom,11.822264311999788
14.523103666000225,0.209320068359375,0.2082245945930481,0.6992092520435087,1789294635227113038,odom,11.879111532000024
14.583604866000314,0.20906133949756622,0.2104058414697647,0.7141255786013775,1789294635297113925,odom,11.939612732000114
14.636374412999885,0.2087693065404892,0.2122403234243393,0.7283741138372722,1789294635350363522,odom,11.992382278999685
14.69054455200012,0.20919282734394073,0.2124447375535965,0.7466931299798943,1789294635407011777,odom,12.04655241799992
14.766748198000187,0.20804648101329803,0.21329765021800995,0.7690269399812192,1789294635473671227,odom,12.122756063999987
14.818854171000112,0.20483478903770447,0.21458758413791656,0.7890174582731823,1789294635533973962,odom,12.174862036999912
14.877978428000006,0.20528265833854675,0.21750526130199432,0.8182440219005848,1789294635594017774,odom,12.233986293999806
14.930769257000065,0.2027595490217209,0.21885356307029724,0.8536234613173594,1789294635644411117,odom,12.286777122999865
14.98981629500031,0.20211072266101837,0.221883162856102,0.8774064455189259,1789294635703630000,odom,12.34582416100011
15.048640349999914,0.20065975189208984,0.22214405238628387,0.8746650771865873,1789294635767051726,odom,12.404648215999714
15.107491990000199,0.2006765604019165,0.2209373563528061,0.873803916514268,1789294635827178746,odom,12.463499855999999
15.160949527999946,0.20108698308467865,0.21919740736484528,0.8748199239802349,1789294635880410701,odom,12.516957393999746
15.21590106900021,0.20089027285575867,0.21800202131271362,0.8736075209051237,1789294635927050620,odom,12.57190893500001
15.26736679700025,0.1999756246805191,0.2171599566936493,0.8706489837841027,1789294635987396985,odom,12.62337466300005
15.324755923999874,0.1992092728614807,0.2167089432477951,0.8702856376741624,1789294636034117013,odom,12.680763789999673
15.38190449800004,0.1982281506061554,0.21591094136238098,0.8696615184566815,1789294636098400622,odom,12.73791236399984
15.434294704999957,0.19778147339820862,0.21518471837043762,0.8688431188216367,1789294636157415181,odom,12.790302570999756
15.495514776000164,0.19758854806423187,0.21473273634910583,0.8681010701467344,1789294636203837424,odom,12.851522641999964
15.550547440000173,0.1975073367357254,0.21447435021400452,0.8672459303011439,1789294636253645688,odom,12.906555305999973
15.60216824500003,0.19744612276554108,0.2142198234796524,0.8662634681867419,1789294636305417090,odom,12.95817611099983
15.670127391000278,0.19733841717243195,0.21404768526554108,0.8657730869762745,1789294636380413562,odom,13.026135257000078
15.722368279999955,0.19723618030548096,0.21382969617843628,0.8648786210396205,1789294636444464475,odom,13.078376145999755
15.776668214999972,0.1972394585609436,0.21366548538208008,0.8644710784388023,1789294636491120845,odom,13.132676080999772
15.829176346000168,0.19716162979602814,0.21350717544555664,0.8638836852533873,1789294636537302762,odom,13.185184211999967
15.881350290000228,0.19703392684459686,0.21340788900852203,0.863626146998035,1789294636600496560,odom,13.237358156000028
15.934460553000008,0.19693037867546082,0.2133392095565796,0.8634360469481187,1789294636656837254,odom,13.290468418999808
15.98897591900004,0.1968802809715271,0.21331466734409332,0.8631235219957675,1789294636703619033,odom,13.34498378499984
16.04281103800031,0.19687321782112122,0.21330274641513824,0.8630709952591927,1789294636757046491,odom,13.398818904000109
16.102892382999926,0.19690699875354767,0.21337342262268066,0.8631828868080749,1789294636816882878,odom,13.458900248999726
16.155845584999952,0.196895569562912,0.21347536146640778,0.8631291958211255,1789294636877021104,odom,13.511853450999752
16.21432239600017,0.19689303636550903,0.213490292429924,0.8630201274081913,1789294636923714190,odom,13.57033026199997
16.26720311600002,0.1968671828508377,0.2134017050266266,0.8629229476590349,1789294636983893662,odom,13.623210981999819
16.32144893700024,0.1968322992324829,0.21338744461536407,0.8627801765031403,1789294637040111571,odom,13.677456803000041
16.37483191299998,0.19682329893112183,0.21340377628803253,0.8626097805167668,1789294637087794810,odom,13.73083977899978
16.427933983999992,0.1968604475259781,0.21342156827449799,0.8625305426167562,1789294637150109797,odom,13.783941849999792
16.48062467999989,0.19693024456501007,0.21342578530311584,0.8621835918528743,1789294637200159579,odom,13.836632545999692
16.53758169699995,0.1969090700149536,0.21342039108276367,0.8622738037296693,1789294637254154473,odom,13.89358956299975
16.597647297000094,0.19676297903060913,0.21334771811962128,0.8624173796539484,1789294637310114890,odom,13.953655162999894
16.660510656000042,0.19664281606674194,0.2132701575756073,0.8623601410675075,1789294637370199233,odom,14.016518521999842
16.714288748999934,0.19663642346858978,0.21326228976249695,0.8623359570386403,1789294637423639565,odom,14.070296614999734
16.765913426000225,0.19706839323043823,0.21288573741912842,0.8494977645073009,1789294637484073907,odom,14.121921292000025
16.822393146000195,0.19696246087551117,0.21265773475170135,0.8314148870630442,1789294637543788939,odom,14.178401011999995
16.874725175000094,0.19692330062389374,0.21265849471092224,0.8229060651138039,1789294637580189019,odom,14.230733040999894
16.93443582000009,0.19746612012386322,0.2118922621011734,0.8035121451575709,1789294637653619796,odom,14.29044368599989
16.99651428800007,0.19795379042625427,0.2114401012659073,0.7917483616688895,1789294637712310344,odom,14.352522153999871
17.055340902999887,0.19818271696567535,0.21095342934131622,0.7797965450258385,1789294637776732951,odom,14.411348768999687
17.112613001000227,0.19853685796260834,0.21031823754310608,0.7692492237441271,1789294637830209523,odom,14.468620867000027
17.171212729000217,0.19890476763248444,0.2096589058637619,0.7600662538110329,1789294637876899510,odom,14.527220595000017
17.22303216399996,0.19941110908985138,0.20863328874111176,0.7469924981176784,1789294637943383723,odom,14.57904002999976
17.275204571999893,0.19974122941493988,0.2078472524881363,0.7386166630717251,1789294637985665112,odom,14.631212437999693
17.327578394000284,0.20001734793186188,0.20715422928333282,0.7289407024053953,1789294638043537408,odom,14.683586260000084
17.378146460000153,0.2001660019159317,0.2066410332918167,0.7217865256028613,1789294638095330983,odom,14.734154325999953
17.432000012000117,0.20024576783180237,0.2063385397195816,0.7145322169477824,1789294638146884948,odom,14.788007877999917
17.485779673000252,0.20023590326309204,0.20608468353748322,0.7067606645947436,1789294638206870824,odom,14.841787539000052
17.537772139000026,0.20013031363487244,0.2058178186416626,0.7014589775272205,1789294638246727258,odom,14.893780004999826
17.60238560400012,0.19973470270633698,0.20541326701641083,0.6941630557915696,1789294638306828767,odom,14.958393469999919
17.66603362900014,0.19870536029338837,0.20488813519477844,0.6861005063047614,1789294638380001574,odom,15.02204149499994
17.722071094000057,0.19749189913272858,0.20435474812984467,0.67822855451644,1789294638440391332,odom,15.078078959999857
17.77351070900022,0.19616100192070007,0.2038833498954773,0.6708903164871286,1789294638493560821,odom,15.12951857500002
17.82730147500024,0.1944463551044464,0.2033192217350006,0.6621353496990839,1789294638550262481,odom,15.18330934100004
17.882257432000188,0.19252456724643707,0.20282039046287537,0.6521186016564048,1789294638603383571,odom,15.238265297999988
17.940719266000087,0.19059865176677704,0.20206120610237122,0.6440428835699052,1789294638643453151,odom,15.296727131999887
17.994789177000257,0.18754856288433075,0.20089654624462128,0.6293835110620899,1789294638710892230,odom,15.350797043000057
18.048711211999944,0.1847541481256485,0.19974832236766815,0.6181417650655502,1789294638763522893,odom,15.404719077999744
18.10016097100015,0.1819504201412201,0.19852778315544128,0.6074893978801137,1789294638820038348,odom,15.45616883699995
18.159167560000242,0.17941990494728088,0.1976393312215805,0.598261293579816,1789294638873352796,odom,15.515175426000042
18.21444995999991,0.17677585780620575,0.1966961920261383,0.5895919853863589,1789294638933332950,odom,15.57045782599971
18.268929389000277,0.17442473769187927,0.19600820541381836,0.5823001343985732,1789294638983692676,odom,15.624937255000077
18.32258773400008,0.17289400100708008,0.1952846497297287,0.573713606744603,1789294639043417245,odom,15.67859559999988
18.380181796000215,0.1722893863916397,0.195137158036232,0.5659048561374231,1789294639097018271,odom,15.736189662000015
18.43724873500014,0.17248736321926117,0.1951785832643509,0.5587946578583611,1789294639153455525,odom,15.793256600999939
18.501896218000184,0.17298083007335663,0.19548198580741882,0.5528400909459166,1789294639206680327,odom,15.857904083999983
18.56042867899987,0.17342603206634521,0.1962198168039322,0.5453819283130814,1789294639273391992,odom,15.91643654499967
18.614663267000196,0.1733923703432083,0.19681908190250397,0.5394358182499611,1789294639333313971,odom,15.970671132999996
18.671412437000072,0.17318429052829742,0.19706502556800842,0.5349521543087937,1789294639390114575,odom,16.02742030299987
18.72508841400031,0.17290161550045013,0.19713398814201355,0.5306814302655632,1789294639439982205,odom,16.08109628000011
18.779053554000257,0.1726285219192505,0.19703494012355804,0.5260643528355622,1789294639496624976,odom,16.135061420000056
18.833663355000226,0.1723628044128418,0.19687974452972412,0.5229375686443257,1789294639551079780,odom,16.189671221000026
18.893321646000004,0.1720820665359497,0.19681350886821747,0.5182702494135045,1789294639609930783,odom,16.249329511999804
18.94753943400019,0.17188838124275208,0.1966971457004547,0.5135731466015621,1789294639666729718,odom,16.30354729999999
18.99995466600012,0.17173637449741364,0.19665192067623138,0.510706283512531,1789294639706664353,odom,16.35596253199992
19.056141928000216,0.1712622046470642,0.19651660323143005,0.5071911079905848,1789294639760037690,odom,16.412149794000015
19.108503014000235,0.17028149962425232,0.1963171511888504,0.5023171917848969,1789294639830601006,odom,16.464510880000034
19.16550889600012,0.16902734339237213,0.19607433676719666,0.49781629931917554,1789294639886659652,odom,16.52151676199992
19.219442163000167,0.16759327054023743,0.19578832387924194,0.49183407016063285,1789294639936703711,odom,16.575450028999967
19.275478699999894,0.16626222431659698,0.19610364735126495,0.47889680235840454,1789294639997273236,odom,16.631486565999694
19.336180417999913,0.16455933451652527,0.19608770310878754,0.4656782640858046,1789294640046597749,odom,16.692188283999712
19.387564895000196,0.162442147731781,0.19574740529060364,0.4531923584733989,1789294640101573497,odom,16.743572760999996
19.445484023000063,0.1607331782579422,0.19550929963588715,0.44263092405017856,1789294640156826049,odom,16.801491888999863
19.496562249999897,0.15893326699733734,0.19568660855293274,0.4324690167643124,1789294640209955245,odom,16.852570115999697
19.55610296900022,0.15878841280937195,0.1959300935268402,0.4187723621184008,1789294640269963771,odom,16.91211083500002
19.61338370800013,0.15930435061454773,0.1965499073266983,0.4100617359672845,1789294640316589147,odom,16.96939157399993
19.672725060000175,0.1606518179178238,0.19798016548156738,0.3977058463886109,1789294640383247405,odom,17.028732925999975
19.726770490000035,0.1620050072669983,0.1996871829032898,0.385910098968136,1789294640446642905,odom,17.082778355999835
19.77747142399994,0.16340793669223785,0.20166315138339996,0.37578438648857326,1789294640500208646,odom,17.13347928999974
19.83285059500031,0.16419026255607605,0.20306460559368134,0.3679155356686013,1789294640539813786,odom,17.18885846100011
19.891746108000007,0.16483615338802338,0.2049502283334732,0.3574160317740239,1789294640597141772,odom,17.247753973999806
19.949377067000114,0.16547782719135284,0.20681042969226837,0.34411122421916485,1789294640663745671,odom,17.305384932999914
20.003834062999886,0.16600261628627777,0.20787563920021057,0.3335177214970237,1789294640717994958,odom,17.359841928999685
20.054908418000196,0.16653744876384735,0.20880906283855438,0.3218829707620888,1789294640777611047,odom,17.410916283999995
20.10938067899997,0.16687050461769104,0.20931026339530945,0.314006614124395,1789294640816456347,odom,17.46538854499977
20.164978385000268,0.1673555225133896,0.2099047154188156,0.3007888688029844,1789294640883240252,odom,17.520986251000068
20.219550841,0.16763491928577423,0.21035388112068176,0.28991019183592226,1789294640940085917,odom,17.5755587069998
20.2713419239999,0.1676609218120575,0.21083728969097137,0.2808391946177153,1789294640986640483,odom,17.6273497899997
20.324283860999913,0.16765595972537994,0.21155530214309692,0.27079747748802346,1789294641039949685,odom,17.680291726999712
20.395979131999866,0.16758385300636292,0.21211911737918854,0.2600206717594681,1789294641093131333,odom,17.751986997999666
20.454648846000055,0.16724441945552826,0.21256062388420105,0.2462216506309449,1789294641166482001,odom,17.810656711999854
20.50925291900012,0.16677437722682953,0.21266598999500275,0.23550689576610342,1789294641226417333,odom,17.86526078499992
20.564872194000145,0.16615045070648193,0.2122136652469635,0.22269669345102353,1789294641286517411,odom,17.920880059999945
20.621063263999986,0.16474886238574982,0.21138231456279755,0.21090208908151378,1789294641325293332,odom,17.977071129999786
20.67420459999994,0.16400191187858582,0.21369633078575134,0.19467173788610373,1789294641376352340,odom,18.03021246599974
20.73104430000012,0.16185449063777924,0.21475133299827576,0.1795168266082745,1789294641434553891,odom,18.08705216599992
20.78512390800006,0.15938690304756165,0.21647152304649353,0.15859534476781792,1789294641500658780,odom,18.14113177399986
20.841090267000254,0.15872174501419067,0.21855248510837555,0.13858143838125345,1789294641559729129,odom,18.197098133000054
20.896381851000115,0.15891820192337036,0.21977834403514862,0.11976070112518933,1789294641615414172,odom,18.252389716999915
20.952310512000167,0.16011616587638855,0.21939322352409363,0.10253105641906181,1789294641666535169,odom,18.308318377999967
21.015439832000084,0.16077546775341034,0.2188749760389328,0.08383175023296996,1789294641713225633,odom,18.371447697999884
21.07770979399993,0.16074655950069427,0.22186677157878876,0.05589086253893196,1789294641789764672,odom,18.43371765999973
21.129501292999976,0.1604689508676529,0.22427143156528473,0.04212275198031318,1789294641836545497,odom,18.485509158999776
21.18041666599993,0.1604965776205063,0.2282494753599167,0.02170989515443451,1789294641896361619,odom,18.536424531999728
21.236213131000113,0.16096919775009155,0.22980906069278717,0.00829368226661881,1789294641943923741,odom,18.592220996999913
21.290288643000167,0.1620291769504547,0.23090125620365143,-0.009822571409693837,1789294642009773999,odom,18.646296508999967
21.34224433899999,0.1632869988679886,0.23120473325252533,-0.01976283788884622,1789294642046335250,odom,18.69825220499979
21.397430799000176,0.16490155458450317,0.23255601525306702,-0.03718040193268753,1789294642119704753,odom,18.753438664999976
21.457221095000023,0.1657123565673828,0.2338854968547821,-0.04872259619878418,1789294642166577607,odom,18.813228960999822
21.52035892599997,0.1669348031282425,0.23635181784629822,-0.06530343728200108,1789294642229717046,odom,18.87636679199977
21.572371104000013,0.16799679398536682,0.23843280971050262,-0.08001589350144887,1789294642283272057,odom,18.928378969999812
21.633310237999922,0.16929617524147034,0.2406168431043625,-0.0973269489322445,1789294642346988469,odom,18.98931810399972
21.687221328000305,0.1705489307641983,0.2423871010541916,-0.11289776597285425,1789294642403014928,odom,19.043229194000105
21.739162431000295,0.17119000852108002,0.2435683012008667,-0.12580449878934002,1789294642449729472,odom,19.095170297000095
21.791934986999877,0.17164172232151031,0.2448982149362564,-0.14387022594724475,1789294642510549575,odom,19.147942852999677
21.847326350999992,0.171249121427536,0.24540691077709198,-0.16008614502381918,1789294642566290408,odom,19.203334216999792
21.90471109300006,0.16941852867603302,0.24510836601257324,-0.17892575503624966,1789294642624286681,odom,19.26071895899986
21.955371097999887,0.16787606477737427,0.244007870554924,-0.19855676488332963,1789294642676496297,odom,19.311378963999687
22.00858642000003,0.16946852207183838,0.2425454556941986,-0.19977767129674007,1789294642709690362,odom,19.36459428599983
22.060116246000234,0.17023833096027374,0.24204137921333313,-0.19392048666794384,1789294642769794017,odom,19.416124112000034
22.11686173499993,0.16979709267616272,0.24198374152183533,-0.18902956928991427,1789294642829580098,odom,19.47286960099973
22.185057271999995,0.17068977653980255,0.2427423596382141,-0.18589535644338853,1789294642870640784,odom,19.541065137999794
22.236710237999887,0.1715615689754486,0.2446150779724121,-0.17809646957657485,1789294642949855119,odom,19.592718103999687
22.295309612999972,0.1712682694196701,0.24571719765663147,-0.1723415056114794,1789294643009824782,odom,19.651317478999772
22.35160484700009,0.17041823267936707,0.24558617174625397,-0.16819545044808765,1789294643059800654,odom,19.70761271299989
22.40706632499996,0.16991117596626282,0.24563530087471008,-0.16782755909628913,1789294643126358539,odom,19.76307419099976
22.462511065999934,0.16993068158626556,0.2468104213476181,-0.16758233762634975,1789294643177686006,odom,19.818518931999733
22.523821861000215,0.1704512983560562,0.2487434297800064,-0.16700986914362306,1789294643233622580,odom,19.879829727000015
22.592447300000003,0.17176088690757751,0.2507994472980499,-0.16498729922363395,1789294643299624711,odom,19.948455165999803
22.64441938100026,0.1733412742614746,0.2526388168334961,-0.1618203941036695,1789294643362956315,odom,20.00042724700006
22.70216170399999,0.17436863481998444,0.2536541819572449,-0.15952594374622878,1789294643410307914,odom,20.05816956999979
22.772782345999985,0.1754917949438095,0.2546188533306122,-0.15648015653780675,1789294643474346667,odom,20.128790211999785
22.836558055000296,0.1766483634710312,0.25505101680755615,-0.15405170473513333,1789294643546281844,odom,20.192565921000096
22.88757688800024,0.17753279209136963,0.25522857904434204,-0.15359683212770153,1789294643599632293,odom,20.24358475400004
22.93850346199997,0.17834998667240143,0.2553200423717499,-0.15320801863677433,1789294643653328925,odom,20.29451132799977
22.994695780000256,0.17919707298278809,0.25546854734420776,-0.15238910211242,1789294643713552981,odom,20.350703646000056
23.055008844999975,0.17977339029312134,0.2555926740169525,-0.15174989121034166,1789294643769512921,odom,20.411016710999775
23.10864392500025,0.18020859360694885,0.25567957758903503,-0.15126450309142483,1789294643829684525,odom,20.46465179100005
23.160210007999922,0.18054834008216858,0.25566941499710083,-0.15130481174423224,1789294643883354693,odom,20.51621787399972
23.225214270999913,0.18073320388793945,0.25563088059425354,-0.15121840449387972,1789294643929799109,odom,20.581222136999713
23.277758402000018,0.18091736733913422,0.255580872297287,-0.15111757515987215,1789294643977221042,odom,20.633766267999818
23.329814453999916,0.18112434446811676,0.25563088059425354,-0.15066887294526315,1789294644046268969,odom,20.685822319999716
23.38248866999993,0.1813194453716278,0.2556745409965515,-0.15057178782025765,1789294644099483281,odom,20.73849653599973
23.44657456599998,0.1815849393606186,0.2557019591331482,-0.1503013312025549,1789294644159521848,odom,20.80258243199978
23.498518805000003,0.18186047673225403,0.25564998388290405,-0.1499037179564931,1789294644219542056,odom,20.854526670999803
23.548985299999913,0.18198829889297485,0.25563108921051025,-0.1496822188726434,1789294644253168612,odom,20.904993165999713
23.611060502999862,0.18220971524715424,0.25562870502471924,-0.14961213658893682,1789294644319576770,odom,20.967068368999662
23.66874183200025,0.18243083357810974,0.2556566894054413,-0.14936959327113727,1789294644389533072,odom,21.02474969800005
23.72454917699997,0.1825726479291916,0.25567522644996643,-0.14904778882792452,1789294644436110526,odom,21.08055704299977
23.77685387700012,0.18271128833293915,0.255681574344635,-0.1487609783799328,1789294644492855340,odom,21.13286174299992
23.827766882000105,0.18282778561115265,0.25563734769821167,-0.1488132879229003,1789294644536191016,odom,21.183774747999905
23.882338985999922,0.18295499682426453,0.2555548846721649,-0.14899820292120303,1789294644602740317,odom,21.238346851999722
23.93771793299993,0.18303947150707245,0.25551480054855347,-0.14874102171576684,1789294644656322032,odom,21.29372579899973
23.99944010099989,0.18306581676006317,0.2555398941040039,-0.1485454254950288,1789294644703006535,odom,21.35544796699969
24.061721519999992,0.18312570452690125,0.2555212080478668,-0.14881976089812313,1789294644773648768,odom,21.41772938599979
24.11884100599991,0.1831742525100708,0.2555113434791565,-0.14867783593603548,1789294644840062886,odom,21.47484887199971
24.172190508000313,0.18314440548419952,0.2554745376110077,-0.14843600663249562,1789294644886043101,odom,21.528198374000112
24.23883015399997,0.1832626461982727,0.2554778456687927,-0.14840617387281652,1789294644949405700,odom,21.59483801999977
24.290468847000284,0.18346503376960754,0.2554791271686554,-0.14848425450034414,1789294645012724667,odom,21.646476713000084
24.35046999699989,0.18356356024742126,0.25545191764831543,-0.1484095126006255,1789294645062723428,odom,21.70647786299969
24.404620039000292,0.18369227647781372,0.25544849038124084,-0.14822412431697468,1789294645122843772,odom,21.760627905000092
24.458624379999947,0.18378691375255585,0.25546106696128845,-0.1480699412978546,1789294645172795325,odom,21.814632245999746
24.515012384999864,0.18390515446662903,0.2554488778114319,-0.1480727873119434,1789294645223304301,odom,21.871020250999663
24.57879862200025,0.18396113812923431,0.25542527437210083,-0.14780551809745074,1789294645292483598,odom,21.93480648800005
24.635681684000247,0.18398500978946686,0.25542446970939636,-0.14749447448364575,1789294645326134473,odom,21.991689550000046
24.690510884000105,0.18401743471622467,0.2555876076221466,-0.14652479354743533,1789294645406380683,odom,22.046518749999905
24.750017138000203,0.1834435909986496,0.25325798988342285,-0.14991986458485973,1789294645456144839,odom,22.106025004000003
24.810116691000076,0.18461965024471283,0.2549373209476471,-0.17767354845212746,1789294645526516467,odom,22.166124556999875
24.865634779000175,0.18517132103443146,0.2559570074081421,-0.18206674961693384,1789294645585973292,odom,22.221642644999974
24.924826270000267,0.18515059351921082,0.2573929727077484,-0.17189536220906876,1789294645633865863,odom,22.280834136000067
24.98601914000028,0.18495334684848785,0.25757038593292236,-0.16536860181824373,1789294645699375421,odom,22.34202700600008
25.048047303000203,0.1850156933069229,0.25758329033851624,-0.16335936451609537,1789294645766181737,odom,22.404055169000003
25.099946773000283,0.18520192801952362,0.2576366662979126,-0.16202724427117168,1789294645822641879,odom,22.455954639000083
25.16008360800015,0.185390442609787,0.2576684057712555,-0.16118330597599137,1789294645874010354,odom,22.51609147399995
25.210740475999955,0.18561406433582306,0.25768178701400757,-0.16052022005863698,1789294645919303685,odom,22.566748341999755
25.26141552099989,0.1858271360397339,0.25766244530677795,-0.15971044224497016,1789294645976233750,odom,22.61742338699969
25.314429717000166,0.18590621650218964,0.25767257809638977,-0.15923139490910637,1789294646029506474,odom,22.670437582999966
25.36863537699992,0.18603216111660004,0.257705956697464,-0.15908001974544997,1789294646086058408,odom,22.72464324299972
25.440722309000193,0.186040461063385,0.2576870620250702,-0.1590937515628493,1789294646146870643,odom,22.796730174999993
25.49623665199988,0.18605771660804749,0.25765326619148254,-0.15887451946437697,1789294646206097871,odom,22.85224451799968
25.553940028999932,0.18602944910526276,0.25762632489204407,-0.15859699139574693,1789294646266268760,odom,22.909947894999732
25.608737388999998,0.18603035807609558,0.2576432526111603,-0.15858203981612431,1789294646329413444,odom,22.964745254999798
25.662581084000067,0.18605895340442657,0.2576589584350586,-0.15838284617275328,1789294646374140531,odom,23.018588949999867
25.71875029800003,0.1861407607793808,0.2576397657394409,-0.1580084853494217,1789294646422497064,odom,23.07475816399983
25.779017248999935,0.1863207370042801,0.25763121247291565,-0.15736945938505972,1789294646492578774,odom,23.135025114999735
25.83294574699994,0.18651221692562103,0.2576982080936432,-0.1566597250784444,1789294646539215594,odom,23.18895361299974
25.887334549000116,0.18680769205093384,0.2578229606151581,-0.1561512948869452,1789294646609232694,odom,23.243342414999915
25.941639571999985,0.1868937611579895,0.2578733563423157,-0.15554503338871647,1789294646662731677,odom,23.297647437999785
26.000544397999874,0.18697604537010193,0.25792402029037476,-0.1548814440390315,1789294646716114312,odom,23.356552263999674
26.06151374000001,0.18716716766357422,0.25798532366752625,-0.1544581689666147,1789294646780210763,odom,23.41752160599981
26.127211689999967,0.18731021881103516,0.258097767829895,-0.15378350200904775,1789294646832624227,odom,23.483219555999767
26.180750319000254,0.18747194111347198,0.25819769501686096,-0.15311959483937673,1789294646899195224,odom,23.536758185000053
26.236368826000216,0.1875578612089157,0.25828826427459717,-0.15248010882716806,1789294646956042319,odom,23.592376692000016
26.322094072000255,0.18757931888103485,0.25830531120300293,-0.1524011964019417,1789294646968048602,odom,23.678101938000054
26.375103499000033,0.18780934810638428,0.25848519802093506,-0.15133982686104594,1789294647090523272,odom,23.731111364999833
26.426209311000093,0.18782708048820496,0.2585994005203247,-0.1506660549007228,1789294647146439582,odom,23.782217176999893
26.48413173500012,0.18788082897663116,0.25872334837913513,-0.1500626987880049,1789294647201784879,odom,23.84013960099992
26.536994278000293,0.1880207508802414,0.25887230038642883,-0.14910233354360064,1789294647259146005,odom,23.893002144000093
26.599230670999987,0.18818296492099762,0.2589194178581238,-0.1487788622279843,1789294647313352853,odom,23.955238536999786
26.654923197000244,0.1882370412349701,0.2589571177959442,-0.14835618803623954,1789294647363894254,odom,24.010931063000044
26.712558635000278,0.18832211196422577,0.2588825821876526,-0.14814216155236518,1789294647429504186,odom,24.068566501000078
26.76394900000014,0.1884370595216751,0.2582674026489258,-0.1366471139536128,1789294647482760697,odom,24.11995686599994
26.82123668400027,0.18873317539691925,0.25952157378196716,-0.1141995776101569,1789294647535821706,odom,24.17724455000007
26.874660269000287,0.18911050260066986,0.25992918014526367,-0.09809121409220896,1789294647590791493,odom,24.230668135000087
26.927814660999957,0.18996696174144745,0.260846346616745,-0.07709694248209767,1789294647649256974,odom,24.283822526999757
26.984122695000224,0.19066563248634338,0.261595219373703,-0.061834048516396005,1789294647702553779,odom,24.340130561000024
27.041018973000064,0.19168901443481445,0.26224711537361145,-0.045789316035097095,1789294647757678300,odom,24.397026838999864
27.10664501600013,0.1924789696931839,0.26258203387260437,-0.03247453242111807,1789294647809151679,odom,24.46265288199993
27.158876498000154,0.1931643933057785,0.2630510628223419,-0.016201811230313005,1789294647872547894,odom,24.514884363999954
27.21603985699994,0.1937895566225052,0.2637125849723816,0.0003891239569564614,1789294647932409316,odom,24.57204772299974
27.270015973000227,0.1944037228822708,0.2644416093826294,0.01599951550529379,1789294647992406398,odom,24.626023839000027
27.32968047200029,0.19484412670135498,0.2651260793209076,0.027455273746411827,1789294648042431384,odom,24.68568833800009
27.393706397000187,0.19529989361763,0.26591700315475464,0.03926325419881905,1789294648102443963,odom,24.749714262999987
27.44484929800001,0.19497327506542206,0.26380422711372375,0.05597263194644162,1789294648162508279,odom,24.800857163999808
27.50330652399998,0.19455336034297943,0.2652895152568817,0.08232249255538256,1789294648216532498,odom,24.85931438999978
27.554593430000295,0.1935717612504959,0.2689061760902405,0.10466284972204223,1789294648262417108,odom,24.910601296000095
27.615201416000218,0.19232077896595,0.274116188287735,0.13310603321799966,1789294648329183608,odom,24.971209282000018
27.673271749999913,0.1925634741783142,0.27636972069740295,0.15082511242543703,1789294648389089375,odom,25.029279615999712
27.724484317000133,0.19336172938346863,0.2770218551158905,0.16520233499528572,1789294648442336589,odom,25.080492182999933
27.7765326560002,0.19415640830993652,0.27738070487976074,0.17738826988142448,1789294648495815068,odom,25.132540522
27.829677288000312,0.1947879195213318,0.2779824733734131,0.18647402951202005,1789294648541879683,odom,25.18568515400011
27.881831838999915,0.19536150991916656,0.27918025851249695,0.1974540255353155,1789294648599092036,odom,25.237839704999715
27.948945068000285,0.1957889050245285,0.28058570623397827,0.2069778598309749,1789294648655652076,odom,25.304952934000084
28.002997410000262,0.19612997770309448,0.2821156978607178,0.21771440230811148,1789294648722920209,odom,25.35900527600006
28.056357313000262,0.19624245166778564,0.28325170278549194,0.22656552885418496,1789294648775775224,odom,25.412365179000062
28.11254841600021,0.19642451405525208,0.2843629717826843,0.2343667613447524,1789294648825664788,odom,25.46855628200001
28.16577397800029,0.1964765340089798,0.285367876291275,0.24208812145011888,1789294648872859746,odom,25.52178184400009
28.22767583199993,0.19655632972717285,0.2867021858692169,0.2532515122900357,1789294648938966542,odom,25.58368369799973
28.283181440000135,0.19650773704051971,0.28758952021598816,0.26145643609206387,1789294648992677480,odom,25.639189305999935
28.339473088999966,0.19644063711166382,0.2885162830352783,0.27070070966948684,1789294649049145728,odom,25.695480954999766
28.39595274500016,0.19641554355621338,0.2895358204841614,0.28192648521960745,1789294649116033822,odom,25.75196061099996
28.452401232000284,0.19648203253746033,0.2903485894203186,0.28877350153622994,1789294649155676633,odom,25.808409098000084
28.51418413800002,0.19654391705989838,0.2913248538970947,0.29760135897756396,1789294649208970338,odom,25.87019200399982
28.566236765000212,0.1966087520122528,0.29304584860801697,0.30966654025287416,1789294649289094478,odom,25.922244631000012
28.617167978999987,0.196594700217247,0.2936917543411255,0.31709391827271205,1789294649332778722,odom,25.973175844999787
28.669581802000266,0.1965806931257248,0.29448646306991577,0.3284955159019584,1789294649389086276,odom,26.025589668000066
28.72104061800019,0.1973523050546646,0.2958305776119232,0.33767191212346565,1789294649439909488,odom,26.077048483999988
28.78443413800005,0.19699865579605103,0.29438871145248413,0.330856176348243,1789294649485682517,odom,26.14044200399985
28.8352745330003,0.19596612453460693,0.2953828275203705,0.31802480031225194,1789294649552395850,odom,26.1912823990001
28.88666630600028,0.19559095799922943,0.29542022943496704,0.31478809741596364,1789294649605635673,odom,26.24267417200008
28.939702038000178,0.1950240284204483,0.2955428957939148,0.3124907735355169,1789294649641377240,odom,26.295709903999978
28.993257884000286,0.19373688101768494,0.29577410221099854,0.3069742399916579,1789294649712283402,odom,26.349265750000086
29.06053169400002,0.19300200045108795,0.2958811819553375,0.30473018449919925,1789294649763680726,odom,26.41653955999982
29.129848069000218,0.19197385013103485,0.2962166965007782,0.3013466574631139,1789294649838392526,odom,26.485855935000018
29.181695953000144,0.19110748171806335,0.29651355743408203,0.2979863950167639,1789294649896476775,odom,26.537703818999944
29.235500352000145,0.19050012528896332,0.296741247177124,0.29600213468535724,1789294649955769568,odom,26.591508217999944
29.288427888000115,0.18990696966648102,0.2968892753124237,0.29479641626307934,1789294650008834630,odom,26.644435753999915
29.34174817400026,0.18942536413669586,0.2968950867652893,0.29401248557269893,1789294650055532962,odom,26.69775604000006
29.393327922000026,0.1888381391763687,0.2968418598175049,0.2928558106194322,1789294650115849286,odom,26.749335787999826
29.4465134510001,0.18860691785812378,0.2967931926250458,0.29207801798996025,1789294650142404109,odom,26.8025213169999
29.505685453000297,0.1880957931280136,0.296773225069046,0.29087048114039965,1789294650220088035,odom,26.861693319000096
29.556821218000096,0.1878810077905655,0.29658859968185425,0.29024156901777026,1789294650265524655,odom,26.912829083999895
29.608833459999914,0.18769428133964539,0.29642805457115173,0.2894292190304708,1789294650328841239,odom,26.964841325999714
29.66313051399993,0.18751370906829834,0.2963322699069977,0.2887377337892215,1789294650385774880,odom,27.01913837999973
29.71411037000007,0.1873563528060913,0.2963038980960846,0.2883342165908382,1789294650432365685,odom,27.07011823599987
29.771244800000204,0.1871916800737381,0.2962923049926758,0.2878386076414419,1789294650485776215,odom,27.127252666000004
29.830282300999897,0.18699650466442108,0.2962951958179474,0.28704881337032556,1789294650535607606,odom,27.186290166999697
29.904819811999914,0.18592223525047302,0.2965860962867737,0.2872828650252259,1789294650609597951,odom,27.260827677999714
29.959709558000213,0.18592751026153564,0.29714226722717285,0.3081003263185565,1789294650676085263,odom,27.315717424000013
30.01304718900019,0.18653586506843567,0.29657691717147827,0.31712908734545875,1789294650716471940,odom,27.36905505499999
30.06839954299994,0.1871059238910675,0.29574257135391235,0.3296263673797847,1789294650785796433,odom,27.42440740899974
30.12513869500026,0.1876024305820465,0.29550012946128845,0.34119758473159695,1789294650838706761,odom,27.48114656100006
30.182587759999933,0.18797434866428375,0.29552653431892395,0.35353172965758,1789294650895403176,odom,27.538595625999733
30.237228953999875,0.18878023326396942,0.2959495484828949,0.3631326230911196,1789294650940269977,odom,27.593236819999674
30.30430615000023,0.1898675560951233,0.295597106218338,0.3804183044697446,1789294651021775514,odom,27.66031401600003
30.36607475100027,0.19079893827438354,0.2950034439563751,0.39115148321780113,1789294651069788485,odom,27.72208261700007
30.427987612999914,0.1909235417842865,0.2943860590457916,0.3817550346968047,1789294651133550673,odom,27.783995478999714
30.48212712700024,0.19094668328762054,0.2945707440376282,0.37727446491742633,1789294651198936015,odom,27.83813499300004
30.543285532000027,0.19018863141536713,0.29488518834114075,0.37124923408571464,1789294651263284474,odom,27.899293397999827
30.59706893700013,0.1894122213125229,0.294979453086853,0.366987802579017,1789294651312078029,odom,27.95307680299993
30.647845938000046,0.18846389651298523,0.2949007749557495,0.3632907717157299,1789294651368801146,odom,28.003853803999846
30.702521725000224,0.1878146082162857,0.2947944402694702,0.3602976876213717,1789294651425573617,odom,28.058529591000024
30.757375854000202,0.1874483972787857,0.29470476508140564,0.3580639903391037,1789294651479479104,odom,28.11338372
30.813713521999944,0.18725861608982086,0.29475268721580505,0.3563643258633999,1789294651533856898,odom,28.169721387999743
30.86650758199994,0.18716299533843994,0.29489120841026306,0.3551217243998522,1789294651575526267,odom,28.22251544799974
30.930228888999864,0.18691498041152954,0.2950781583786011,0.3533211811462731,1789294651642084151,odom,28.286236754999663
30.982503956000073,0.1866377890110016,0.29521360993385315,0.3515993732578849,1789294651705441504,odom,28.338511821999873
31.03458967200004,0.18652892112731934,0.2953217625617981,0.3509919402571276,1789294651738910228,odom,28.390597537999838
31.08861478100016,0.1860552430152893,0.2954322099685669,0.3498874819166072,1789294651807601005,odom,28.44462264699996
31.14109078299998,0.18571369349956512,0.29553529620170593,0.3491370828508191,1789294651862134725,odom,28.49709864899978
31.206798844999867,0.18544957041740417,0.29553040862083435,0.34813139382111713,1789294651919565469,odom,28.562806710999666
31.270367155000258,0.18521589040756226,0.29564911127090454,0.34725973970367213,1789294651975459367,odom,28.626375021000058
31.324130174999937,0.1851263791322708,0.29573187232017517,0.3467817849730661,1789294652013420373,odom,28.680138040999736
31.385363143000177,0.18464922904968262,0.29602739214897156,0.34455356694564676,1789294652102165729,odom,28.741371008999977
31.437384697000198,0.1844388097524643,0.29611337184906006,0.3437484916857708,1789294652158620625,odom,28.793392562999998
31.497748579000017,0.18430161476135254,0.2961013913154602,0.3435615533341378,1789294652204789668,odom,28.853756444999817
31.555909860000156,0.18407534062862396,0.29611527919769287,0.3433497278969797,1789294652275562077,odom,28.911917725999956
31.613421774000017,0.18390387296676636,0.2961253225803375,0.34290741518241813,1789294652335538655,odom,28.969429639999817
31.6671390649999,0.18378007411956787,0.2961200177669525,0.34269873308302684,1789294652385279685,odom,29.0231469309997
31.721271249999972,0.18361137807369232,0.29611489176750183,0.34270923463800285,1789294652438656836,odom,29.077279115999772
31.773842551000143,0.18354253470897675,0.29618293046951294,0.34270192065747707,1789294652495481759,odom,29.129850416999943
31.8249467630003,0.18350400030612946,0.2962052822113037,0.3425572241132239,1789294652538869887,odom,29.180954629000098
31.87644708300013,0.18349292874336243,0.29623380303382874,0.3421809999353773,1789294652585265666,odom,29.23245494899993
31.931820558000254,0.18350371718406677,0.2962362468242645,0.3421734016018627,1789294652645336896,odom,29.287828424000054
31.986731553000027,0.18348166346549988,0.29625192284584045,0.34225113813630015,1789294652699040442,odom,29.342739418999827
32.042903711000235,0.1834510862827301,0.29629334807395935,0.34208880394042895,1789294652758615523,odom,29.398911577000035
32.09650698199994,0.1834675520658493,0.29630911350250244,0.34189315371548235,1789294652808748513,odom,29.452514847999737
32.15433500300014,0.18348781764507294,0.29630351066589355,0.34213421632020163,1789294652868747979,odom,29.510342868999942
32.208922692000215,0.1834947168827057,0.2963339686393738,0.3421871820804806,1789294652915399581,odom,29.564930558000015
32.26054653700021,0.18347619473934174,0.29636529088020325,0.34208536937832523,1789294652981951028,odom,29.61655440300001
32.31539608999992,0.18352395296096802,0.2963831126689911,0.34201218897382396,1789294653034762412,odom,29.671403955999722
32.38041625699998,0.18353372812271118,0.29636701941490173,0.3419199746185839,1789294653078808576,odom,29.73642412299978
32.43608657300001,0.18342480063438416,0.29635152220726013,0.3419856860633456,1789294653145246774,odom,29.79209443899981
32.49376818900009,0.18334108591079712,0.2963494062423706,0.34191161705641837,1789294653212029725,odom,29.849776054999893
32.54842567200012,0.18335570394992828,0.2963327169418335,0.3417589258095124,1789294653265450030,odom,29.90443353799992
32.607484614999976,0.18344035744667053,0.2963193953037262,0.3418887241234979,1789294653318740397,odom,29.963492480999776
32.65971900800014,0.18346580862998962,0.29633620381355286,0.34194341272087386,1789294653375888616,odom,30.015726873999938
32.71096904800015,0.18344953656196594,0.29635852575302124,0.34187235717193276,1789294653401873856,odom,30.06697691399995
32.76255580399993,0.1834239363670349,0.2963653802871704,0.341630962126333,1789294653479022532,odom,30.11856366999973
32.818376526000065,0.18349230289459229,0.29636141657829285,0.34173910078582964,1789294653518595725,odom,30.174384391999865
32.869650471000114,0.1834755539894104,0.29633286595344543,0.34181548707433185,1789294653565194398,odom,30.225658336999913
32.920875166000314,0.18339502811431885,0.29633986949920654,0.34184421971764445,1789294653638505965,odom,30.276883032000114
33.00281004499993,0.18341796100139618,0.29638156294822693,0.341478407306437,1789294653691932708,odom,30.358817910999733
33.05408040600014,0.1834874004125595,0.29639023542404175,0.34160954341773936,1789294653775126487,odom,30.41008827199994
33.115650921,0.183442160487175,0.2964085340499878,0.34176717518445066,1789294653808760911,odom,30.471658786999797
33.18412768300004,0.18333740532398224,0.29640358686447144,0.3416307498596642,1789294653855295211,odom,30.540135548999842
33.243223683,0.18332211673259735,0.29638227820396423,0.34148416551441646,1789294653958682090,odom,30.599231548999796
33.29661987500003,0.1833125203847885,0.29638439416885376,0.34134324791187287,1789294654015363961,odom,30.652627740999833
33.35367708700005,0.1832873672246933,0.29642826318740845,0.3412043182691046,1789294654069507152,odom,30.70968495299985
33.41196214699994,0.18327398598194122,0.2964450418949127,0.3410180372465881,1789294654125991374,odom,30.76797001299974
33.46253965300002,0.18326826393604279,0.29643696546554565,0.3409050453742718,1789294654178864747,odom,30.81854751899982
33.522735912999906,0.18324553966522217,0.2963877022266388,0.3410495287281088,1789294654245141536,odom,30.878743778999706
33.57380236400013,0.1832786500453949,0.29643484950065613,0.3411996428119235,1789294654272209435,odom,30.92981022999993
33.62675159700029,0.18312430381774902,0.29648590087890625,0.34082160302984066,1789294654345265180,odom,30.982759463000093
33.67963910000026,0.18311533331871033,0.29651203751564026,0.34087162292873335,1789294654401889115,odom,31.03564696600006
33.73852088500007,0.1831134706735611,0.2964532971382141,0.34084995695522613,1789294654441969424,odom,31.09452875099987
33.79231293000021,0.18303488194942474,0.29645514488220215,0.34091295588332754,1789294654495285779,odom,31.148320796000007
33.84706750400028,0.18290318548679352,0.2965279519557953,0.34067791819586507,1789294654568944007,odom,31.20307537000008
33.899009920000026,0.18287524580955505,0.2965678870677948,0.34058722298471233,1789294654618531733,odom,31.255017785999826
33.95360362500014,0.18286319077014923,0.2965366244316101,0.3408354128692867,1789294654675442964,odom,31.30961149099994
34.01139842900011,0.18282686173915863,0.2965233027935028,0.34083350553910524,1789294654722281724,odom,31.36740629499991
34.07574878100013,0.18270118534564972,0.29655128717422485,0.3406977695235219,1789294654795717030,odom,31.43175664699993
34.13114519999999,0.18258671462535858,0.2965344786643982,0.3403323023487876,1789294654851059228,odom,31.48715306599979
34.19551430499996,0.1825663298368454,0.2964933216571808,0.3404360659484547,1789294654910854369,odom,31.55152217099976
34.25578669600009,0.182565376162529,0.2965411841869354,0.34038972136587753,1789294654968515664,odom,31.611794561999886
34.32180808000021,0.18257619440555573,0.2965989410877228,0.3402182214278958,1789294655021695167,odom,31.67781594600001
34.37621473800027,0.18258455395698547,0.2966088652610779,0.3400825614591407,1789294655095084935,odom,31.73222260400007
34.435729088000244,0.18258829414844513,0.29658281803131104,0.34029221741245663,1789294655151748210,odom,31.791736954000044
34.48913747300003,0.18254859745502472,0.29661092162132263,0.3403055740743238,1789294655211725264,odom,31.845145338999828
34.543429726999875,0.18246012926101685,0.29661962389945984,0.3400083627005019,1789294655264476806,odom,31.899437592999675
34.60161497700028,0.18249838054180145,0.29662686586380005,0.33984987118838134,1789294655301948100,odom,31.95762284300008
34.6554580320003,0.18250954151153564,0.296589732170105,0.33983200709961997,1789294655368377715,odom,32.0114658980001
34.71206342000005,0.18246957659721375,0.2965889871120453,0.3400099013423087,1789294655432181149,odom,32.06807128599985
34.76380358899996,0.18245825171470642,0.29663506150245667,0.33981690113533947,1789294655485038072,odom,32.11981145499976
34.815623695999875,0.18247196078300476,0.2966117858886719,0.3396383105300237,1789294655534108191,odom,32.171631561999675
34.86777994300019,0.18248049914836884,0.29658693075180054,0.33980333664378515,1789294655576622516,odom,32.22378780899999
34.929332633000286,0.18240807950496674,0.2965862452983856,0.3398518329949223,1789294655641838580,odom,32.285340499000085
34.98532193600022,0.18240788578987122,0.2966507375240326,0.33971488931408406,1789294655705423385,odom,32.34132980200002
35.03640432300017,0.18239614367485046,0.29667073488235474,0.3394217106578962,1789294655757074862,odom,32.39241218899997
35.0912935260003,0.18241234123706818,0.2966718077659607,0.33950730878573143,1789294655808306724,odom,32.4473013920001
35.14297202800026,0.18238618969917297,0.29665637016296387,0.3397084426119039,1789294655862697392,odom,32.49897989400006
35.19955303200004,0.18231621384620667,0.29669469594955444,0.3393725228593006,1789294655915265351,odom,32.55556089799984
35.25042625900005,0.1822844296693802,0.29671457409858704,0.3393671899837445,1789294655971663743,odom,32.60643412499985
35.30443181600003,0.18226279318332672,0.29667896032333374,0.33931396109851986,1789294656018281728,odom,32.66043968199983
35.36201029299991,0.1822223961353302,0.29666972160339355,0.3392740106688332,1789294656071753055,odom,32.71801815899971
35.41528475299992,0.18220017850399017,0.29668375849723816,0.33934562277747654,1789294656125273257,odom,32.77129261899972
35.47440203299993,0.1821395456790924,0.29671481251716614,0.3391005346239331,1789294656181685239,odom,32.83040989899973
35.525949268000204,0.18212448060512543,0.2967016100883484,0.33892351918588154,1789294656248504191,odom,32.881957134000004
35.58306843299988,0.181992307305336,0.2966794967651367,0.3387610456975724,1789294656299058228,odom,32.93907629899968
35.6345569770001,0.18190127611160278,0.29672953486442566,0.33875764949138776,1789294656352631360,odom,32.9905648429999
35.69002703100023,0.18176747858524323,0.296744704246521,0.33838835348413643,1789294656411917239,odom,33.04603489700003
35.74225931299998,0.18166661262512207,0.2967114746570587,0.3381670156675477,1789294656461636096,odom,33.09826717899978
35.79484171800004,0.18165741860866547,0.29670754075050354,0.33830152126103347,1789294656508226663,odom,33.15084958399984
35.846229939000295,0.18152958154678345,0.29673781991004944,0.3382634145652799,1789294656568231135,odom,33.202237805000095
35.90054049800028,0.18138091266155243,0.296743243932724,0.337910015269501,1789294656618453771,odom,33.25654836400008
35.962536178999926,0.18136321008205414,0.29675304889678955,0.33776649619875676,1789294656677538901,odom,33.318544044999726
36.01812236400019,0.1813301295042038,0.2967222332954407,0.33795093202528953,1789294656736831456,odom,33.37413022999999
36.07333135399995,0.18123216927051544,0.29671019315719604,0.3377509484668941,1789294656791727811,odom,33.42933921999975
36.12554440200029,0.1811680793762207,0.29675209522247314,0.33774045203223546,1789294656841798812,odom,33.48155226800009
36.18426922200024,0.18111026287078857,0.29676583409309387,0.337477186938406,1789294656895071298,odom,33.54027708800004
36.23532066300004,0.1810503900051117,0.2967450022697449,0.33740616145122354,1789294656951777965,odom,33.59132852899984
36.29430750700021,0.18097372353076935,0.2967629134654999,0.3375106971181278,1789294657011804610,odom,33.65031537300001
36.34907056100019,0.1808934509754181,0.2968063950538635,0.33727072188236695,1789294657065116912,odom,33.70507842699999
36.401012017000085,0.18082469701766968,0.2967923879623413,0.33696410636597107,1789294657118166715,odom,33.757019882999884
36.46153020800011,0.1807301938533783,0.2967269718647003,0.33675364297031946,1789294657168231040,odom,33.81753807399991
36.519798532000095,0.1806672215461731,0.2967422306537628,0.33676181089660884,1789294657231491595,odom,33.875806397999895
36.57175691600014,0.18062719702720642,0.2967716455459595,0.3367233757141953,1789294657272637397,odom,33.92776478199994
36.62529922500016,0.18058227002620697,0.2967304587364197,0.33654926749716385,1789294657325137406,odom,33.98130709099996
36.68233451600008,0.18057745695114136,0.29669174551963806,0.3364053881553054,1789294657382403165,odom,34.03834238199988
36.740779038000255,0.1805332899093628,0.29671597480773926,0.33657832886621136,1789294657454831153,odom,34.096786904000055
36.79651697300005,0.18049627542495728,0.2967320680618286,0.33653815109141083,1789294657488266974,odom,34.15252483899985
36.84790817000021,0.18044054508209229,0.29671603441238403,0.33636900494857475,1789294657548251420,odom,34.20391603600001
36.89860190299987,0.18040210008621216,0.2966429889202118,0.3363903233754108,1789294657618131905,odom,34.25460976899967
36.954707275000146,0.18037621676921844,0.2966406047344208,0.33638706473272756,1789294657674865514,odom,34.310715140999946
37.01002605900021,0.18035095930099487,0.2966957986354828,0.33644351698737357,1789294657724689990,odom,34.36603392500001
37.06254218999993,0.1803334355354309,0.2967202663421631,0.33619527278173034,1789294657781267434,odom,34.41855005599973
37.118973107999864,0.18035022914409637,0.296710729598999,0.3362716303225383,1789294657828269273,odom,34.47498097399966
37.18514557000026,0.18037788569927216,0.2967320382595062,0.3364731569797471,1789294657894865066,odom,34.54115343600006
37.250357583000095,0.180251806974411,0.29677507281303406,0.33645759213956183,1789294657961521893,odom,34.606365448999895
37.30481096199992,0.1802380234003067,0.2967994809150696,0.33626536442686394,1789294658014930516,odom,34.66081882799972
37.36514402800003,0.18019144237041473,0.29676100611686707,0.33598996695195693,1789294658054731875,odom,34.72115189399983
37.41948390000016,0.18008694052696228,0.2967049777507782,0.3361111197484176,1789294658114875823,odom,34.77549176599996
37.47158472000001,0.17993949353694916,0.2967413663864136,0.3360137975323622,1789294658168199807,odom,34.82759258599981
37.52903480900022,0.1796911060810089,0.2967785596847534,0.3354615920175071,1789294658241858512,odom,34.88504267500002
37.58920822100026,0.17965073883533478,0.2967755198478699,0.3354935400605485,1789294658307923108,odom,34.94521608700006
37.64938889699988,0.1796824187040329,0.29679566621780396,0.33560324921373774,1789294658361760407,odom,35.00539676299968
37.70503175600015,0.17966817319393158,0.2968156337738037,0.3355275264938952,1789294658421638995,odom,35.06103962199995
37.763765279999916,0.17964541912078857,0.29681897163391113,0.3354424698838532,1789294658474967032,odom,35.119773145999716
37.82329665399993,0.17958775162696838,0.2967630922794342,0.33549888431054825,1789294658535120278,odom,35.17930451999973
37.87697381599992,0.1796141117811203,0.2967621982097626,0.33576092560069204,1789294658598181516,odom,35.23298168199972
37.93399294600022,0.17953552305698395,0.2967693507671356,0.33565271044233647,1789294658651684791,odom,35.29000081200002
37.9879020190001,0.17953963577747345,0.29679879546165466,0.3354385516214296,1789294658701394349,odom,35.3439098849999
38.03844707600001,0.17955709993839264,0.2967602610588074,0.33547519680101745,1789294658749246865,odom,35.39445494199981
38.09674132100008,0.17952688038349152,0.2967413663864136,0.3356360865596517,1789294658804828912,odom,35.45274918699988
38.14807184400024,0.1794385313987732,0.2967471778392792,0.33559078689953004,1789294658868114739,odom,35.50407971000004
38.2107214990001,0.1794622242450714,0.2967458665370941,0.3354374367553084,1789294658928693801,odom,35.5667293649999
38.26249149200021,0.1794680953025818,0.29673245549201965,0.3353171164330774,1789294658948620349,odom,35.61849935800001
38.321808587000305,0.17947137355804443,0.2966919243335724,0.3352494997469021,1789294659001505404,odom,35.677816453000105
38.383342876999905,0.17944122850894928,0.29673072695732117,0.33546796944824314,1789294659048465520,odom,35.739350742999704
38.438045128999875,0.17938512563705444,0.29672977328300476,0.3351866709614797,1789294659134805947,odom,35.794052994999674
38.5009089350001,0.1793745756149292,0.29670798778533936,0.3351321406086285,1789294659212762385,odom,35.8569168009999
38.564468572999886,0.17926180362701416,0.2966782748699188,0.3352986320293561,1789294659274886876,odom,35.920476438999685
38.61828561099992,0.17916207015514374,0.29669374227523804,0.33541357932158433,1789294659324786931,odom,35.97429347699972
38.67179652699997,0.17907682061195374,0.2966696321964264,0.3350555257641968,1789294659377967864,odom,36.02780439299977
38.725418807000096,0.17894817888736725,0.2966306209564209,0.33494672463916586,1789294659428064137,odom,36.081426672999896
38.78127786599998,0.17878907918930054,0.29660892486572266,0.33502909107835965,1789294659492353230,odom,36.13728573199978
38.84338903900016,0.17861872911453247,0.2965974807739258,0.33490038649119114,1789294659558131963,odom,36.19939690499996
38.902858395000294,0.17852619290351868,0.29657676815986633,0.33454886363039193,1789294659615529090,odom,36.258866261000094
38.964769913000055,0.17846687138080597,0.29655227065086365,0.3345456068096671,1789294659681403905,odom,36.320777778999854
39.027993026999866,0.18007276952266693,0.2972505986690521,0.3346168941995047,1789294659735145360,odom,36.384000892999666
39.08296300000029,0.18421809375286102,0.2982117533683777,0.33539519305744075,1789294659794717341,odom,36.43897086600009
39.14252701600026,0.19103963673114777,0.29809316992759705,0.33533509652053295,1789294659854846269,odom,36.49853488200006
39.19506452299993,0.20096684992313385,0.29953864216804504,0.3404175445169073,1789294659915429145,odom,36.55107238899973
39.24671067300005,0.2109483778476715,0.3018105626106262,0.3429536895486808,1789294659967973500,odom,36.60271853899985
39.30029672699993,0.22408746182918549,0.3069002032279968,0.3448894411764518,1789294660021161824,odom,36.65630459299973
39.35467330500023,0.23166848719120026,0.3108884394168854,0.3450803409593616,1789294660071343451,odom,36.71068117100003
39.409585676000006,0.24174129962921143,0.31364762783050537,0.34691155833091164,1789294660131397992,odom,36.765593541999806
39.46336136900027,0.2513725757598877,0.31560567021369934,0.3472605620780685,1789294660171296626,odom,36.81936923500007
39.51819450499988,0.26081255078315735,0.3147321939468384,0.3448339933525627,1789294660234491616,odom,36.87420237099968
39.57205570499991,0.27046525478363037,0.31523996591567993,0.3492603689062511,1789294660284638434,odom,36.92806357099971
39.62790116399992,0.27871739864349365,0.31746506690979004,0.35165668185275145,1789294660334883481,odom,36.98390902999972
39.6804686559999,0.2869096100330353,0.3180810213088989,0.3491064857995969,1789294660398401290,odom,37.0364765219997
39.738896473000295,0.289760559797287,0.3174067735671997,0.34892503156112176,1789294660458002835,odom,37.094904339000095
39.79464426499999,0.2913551330566406,0.31583255529403687,0.35247270908432476,1789294660508636027,odom,37.15065213099979
39.85191540300002,0.2898423373699188,0.31555604934692383,0.35276559938261015,1789294660568505317,odom,37.20792326899982
39.91101181900012,0.28717726469039917,0.31486764550209045,0.35135969980324594,1789294660627831012,odom,37.26701968499992
39.96351098900004,0.2857395112514496,0.3143344223499298,0.35012094766224366,1789294660668174058,odom,37.31951885499984
40.02057402399987,0.28489425778388977,0.3138372600078583,0.34934424013286497,1789294660708047181,odom,37.37658188999967
40.075629568000295,0.2842558026313782,0.31322041153907776,0.34862535001934264,1789294660761492282,odom,37.431637434000095
40.138435196000046,0.2839212417602539,0.31263622641563416,0.34796047644660566,1789294660814566403,odom,37.494443061999846
40.19062894800027,0.28368112444877625,0.31186962127685547,0.34705815169350834,1789294660891436130,odom,37.54663681400007
40.248148798999864,0.28350013494491577,0.31141480803489685,0.34724630054574046,1789294660969141036,odom,37.604156664999664
40.30752583200001,0.28362828493118286,0.3112960457801819,0.3467962188860353,1789294661024542361,odom,37.66353369799981
40.36237864900022,0.2864452302455902,0.3114519715309143,0.34641844109082853,1789294661084655314,odom,37.71838651500002
40.41980307299991,0.2897668182849884,0.31251266598701477,0.3494132967297905,1789294661127735167,odom,37.77581093899971
40.47259089299996,0.2974158525466919,0.3150704801082611,0.35255905538601,1789294661187731057,odom,37.82859875899976
40.527984624000055,0.3058258295059204,0.31770727038383484,0.35566122454623633,1789294661237757235,odom,37.883992489999855
40.58617956900025,0.31736940145492554,0.3225601613521576,0.35583434219666515,1789294661304794818,odom,37.94218743500005
40.63921962199993,0.32394054532051086,0.32700785994529724,0.3546060634886559,1789294661344452172,odom,37.99522748799973
40.70950146899986,0.3384956121444702,0.3355249762535095,0.35835485296871095,1789294661415370017,odom,38.06550933499966
40.76242791699997,0.35084840655326843,0.3413498103618622,0.3608617553758201,1789294661461148768,odom,38.11843578299977
40.82947474399998,0.3646569848060608,0.347856730222702,0.3583258006337516,1789294661521451026,odom,38.18548260999978
40.88017167699991,0.38156911730766296,0.356391042470932,0.35200185670591794,1789294661592955142,odom,38.23617954299971
40.931374772000254,0.38458842039108276,0.35800299048423767,0.3508989175912437,1789294661653192311,odom,38.287382638000054
40.98903757100015,0.3881339728832245,0.35933899879455566,0.34824565372843874,1789294661698266774,odom,38.34504543699995
41.046329639000305,0.38991451263427734,0.36014941334724426,0.3446104703472867,1789294661734524041,odom,38.402337505000105
41.104315297000085,0.388808935880661,0.359920859336853,0.3486209943145159,1789294661819639474,odom,38.460323162999885
41.174659194000014,0.38710159063339233,0.35986965894699097,0.35177419350628847,1789294661874535113,odom,38.530667059999814
41.22760692300017,0.38549065589904785,0.3604012429714203,0.35398433716252103,1789294661944971829,odom,38.58361478899997
41.28875486400011,0.38478612899780273,0.3606659173965454,0.3562926308481717,1789294661998298436,odom,38.64476272999991
41.343040270000074,0.38439908623695374,0.3607105016708374,0.3580343669485493,1789294662057831555,odom,38.699048135999874
41.40535516099999,0.38414427638053894,0.36060839891433716,0.35836972067532413,1789294662110910922,odom,38.76136302699979
41.46965357599993,0.3837854862213135,0.36051881313323975,0.3585361835646986,1789294662174278766,odom,38.82566144199973
41.53754593500025,0.3836110830307007,0.36064326763153076,0.35947071760716137,1789294662247591525,odom,38.89355380100005
41.5905325130002,0.38543999195098877,0.3627132475376129,0.3599907539245938,1789294662307624370,odom,38.946540379
41.64169666199996,0.387729674577713,0.36397916078567505,0.3582091769291624,1789294662351007968,odom,38.99770452799976
41.69995353000013,0.3943159580230713,0.3659707009792328,0.35501335025926994,1789294662417735129,odom,39.05596139599993
41.75214779399994,0.40138736367225647,0.36874446272850037,0.3555053659020623,1789294662474390536,odom,39.10815565999974
41.80882771200004,0.409066379070282,0.37128201127052307,0.3579085735789248,1789294662524957448,odom,39.16483557799984
41.861605452000276,0.4181453585624695,0.3755335211753845,0.3584694185353511,1789294662582110673,odom,39.217613318000076
41.91312442900016,0.4315345585346222,0.3817819356918335,0.35756794167492717,1789294662631123811,odom,39.26913229499996
41.965957721999985,0.4472907483577728,0.38947364687919617,0.3569473738048631,1789294662687758475,odom,39.321965587999784
42.01719534599988,0.45633870363235474,0.3938167095184326,0.3573587815502848,1789294662739134818,odom,39.37320321199968
42.07211021300009,0.4781729280948639,0.4030243456363678,0.35807446053811015,1789294662784806043,odom,39.42811807899989
42.12558544800004,0.4935448169708252,0.40969017148017883,0.35804775127783645,1789294662824245482,odom,39.48159331399984
42.17866489400012,0.524519681930542,0.41845542192459106,0.3643811484412354,1789294662900938779,odom,39.53467275999992
42.23634436600014,0.5355388522148132,0.42200222611427307,0.3631712356980333,1789294662942881852,odom,39.59235223199994
42.290973656000006,0.5542115569114685,0.4302935004234314,0.3657120916089154,1789294663008086711,odom,39.646981521999805
42.34244754300016,0.5722260475158691,0.4387396275997162,0.3631934346064534,1789294663064443618,odom,39.69845540899996
42.39887875000022,0.5887688398361206,0.44727057218551636,0.3620806282589112,1789294663114356786,odom,39.75488661600002
42.451308125000196,0.6030446887016296,0.45522409677505493,0.3609225054456116,1789294663168032437,odom,39.807315990999996
42.50482121699997,0.6160885095596313,0.4650072753429413,0.35427061683195527,1789294663227606564,odom,39.86082908299977
42.56146907099992,0.6221715211868286,0.47015446424484253,0.3539625545401846,1789294663281039267,odom,39.91747693699972
42.61642067499997,0.6242243051528931,0.47113558650016785,0.3552847315560183,1789294663321064263,odom,39.97242854099977
42.677500710000004,0.6244860887527466,0.47076618671417236,0.3618388509765047,1789294663392422229,odom,40.033508575999804
42.728036070000144,0.6217029690742493,0.4694274663925171,0.36671088075956265,1789294663444297105,odom,40.084043935999944
42.78270648099988,0.6187533140182495,0.4687543213367462,0.36998201387478197,1789294663497751504,odom,40.13871434699968
42.83888836699998,0.6176848411560059,0.46873727440834045,0.3732894536211348,1789294663544399291,odom,40.19489623299978
42.89555206000023,0.6173758506774902,0.46893391013145447,0.37608205353089924,1789294663605237037,odom,40.25155992600003
42.95599351300007,0.6170455813407898,0.46907180547714233,0.3771095918031807,1789294663671176463,odom,40.31200137899987
43.01112857999988,0.6166792511940002,0.46910959482192993,0.3780567765541024,1789294663714233905,odom,40.36713644599968
43.07381081199992,0.6161550879478455,0.4690423607826233,0.3794756522583964,1789294663765807181,odom,40.42981867799972
43.12637455999993,0.6156430244445801,0.46906203031539917,0.3811265014118785,1789294663831409961,odom,40.48238242599973
43.18261152000014,0.6151396632194519,0.46913403272628784,0.38278790552273695,1789294663904112845,odom,40.53861938599994
43.23468648400012,0.6148684620857239,0.4690872132778168,0.38319180402184216,1789294663955719500,odom,40.59069434999992
43.2932572499999,0.6146589517593384,0.4689599573612213,0.38338282533772616,1789294663994505435,odom,40.6492651159997
43.373899059999985,0.6143365502357483,0.468784898519516,0.38384689636903613,1789294664054175645,odom,40.729906925999785
43.427779525000005,0.613764226436615,0.4686305522918701,0.38456746091862004,1789294664134127408,odom,40.783787390999805
43.4817737530002,0.6136319637298584,0.46865612268447876,0.38499932310534035,1789294664174170524,odom,40.837781619
43.54349179300016,0.6158856153488159,0.4704117178916931,0.3839337749711047,1789294664241682797,odom,40.89949965899996
43.598997496000266,0.6214490532875061,0.47445765137672424,0.37978886064587974,1789294664312382251,odom,40.955005362000065
43.654809385000135,0.6305723190307617,0.4787867069244385,0.3757990174460988,1789294664377615958,odom,41.010817250999935
43.72281090000024,0.6390976309776306,0.4825359880924225,0.37451517969064013,1789294664427769690,odom,41.07881876600004
43.778479264,0.6490073204040527,0.48764073848724365,0.37390285843616217,1789294664487373382,odom,41.1344871299998
43.83652966,0.6610935926437378,0.4946896731853485,0.36803890659394023,1789294664544054538,odom,41.192537525999796
43.88832823100029,0.6795406937599182,0.5044741630554199,0.36336911376460596,1789294664601894647,odom,41.24433609700009
43.93969673900028,0.6979678869247437,0.5121896266937256,0.36923109862043946,1789294664661122113,odom,41.29570460500008
43.99675363000006,0.7132248878479004,0.5198922753334045,0.37210854164866947,1789294664707371741,odom,41.35276149599986
44.062866632999885,0.7388917207717896,0.5266150236129761,0.3776497385142036,1789294664777544290,odom,41.418874498999685
44.114331465000305,0.7589166164398193,0.5314059853553772,0.3771879373438545,1789294664835067779,odom,41.470339331000105
44.16636197900016,0.7704322338104248,0.5344924330711365,0.3767506459839577,1789294664880879193,odom,41.52236984499996
44.21809145999987,0.7853455543518066,0.5415461659431458,0.3729165482686672,1789294664940938264,odom,41.57409932599967
44.269473952000226,0.8014121651649475,0.549906849861145,0.3694960089337177,1789294664987735063,odom,41.625481818000026
44.3222140580001,0.8170767426490784,0.5588585138320923,0.36906414208097327,1789294665040649682,odom,41.6782219239999
44.37550592700018,0.8280119895935059,0.5690762996673584,0.3626520728006379,1789294665091065913,odom,41.731513792999976
44.42778953800007,0.8359998464584351,0.5762759447097778,0.3638310451159307,1789294665144300490,odom,41.78379740399987
44.487588505000076,0.838577389717102,0.5794397592544556,0.362131601756297,1789294665189460069,odom,41.843596370999876
44.547409041000265,0.8478632569313049,0.5841750502586365,0.3568982561666273,1789294665247380763,odom,41.903416907000064
44.59992177999993,0.8525767922401428,0.5845320820808411,0.36028954233616706,1789294665320718318,odom,41.95592964599973
44.65196762300002,0.8536843061447144,0.583412230014801,0.36674721382721487,1789294665374057084,odom,42.00797548899982
44.70448272900012,0.853191077709198,0.5830843448638916,0.3673137385399023,1789294665421043902,odom,42.06049059499992
44.756790980999995,0.8524215221405029,0.5829882621765137,0.36592209329568187,1789294665467500716,odom,42.112798846999794
44.80828422900004,0.8514389991760254,0.5828484892845154,0.3666968967527465,1789294665527573853,odom,42.16429209499984
44.86377601200002,0.8512550592422485,0.582801103591919,0.3677817083655423,1789294665585587769,odom,42.21978387799982
44.916200459000265,0.8515581488609314,0.5828279852867126,0.3675510851822407,1789294665637762099,odom,42.272208325000065
44.96791182700008,0.8518425226211548,0.58294677734375,0.3672501341341436,1789294665684069425,odom,42.32391969299988
45.03316374499991,0.8520225882530212,0.583145797252655,0.36736281198830084,1789294665733984738,odom,42.38917161099971
45.1071441160002,0.8519576191902161,0.5832241177558899,0.36741525015020415,1789294665807509690,odom,42.463151982
45.159102372000234,0.8519033789634705,0.5831488966941833,0.3672979856137429,1789294665856308251,odom,42.515110238000034
45.21629709199988,0.851824164390564,0.5830380916595459,0.3672566399989204,1789294665904122621,odom,42.57230495799968
45.26827794100018,0.851848840713501,0.5831684470176697,0.36742115400957664,1789294665990932256,odom,42.62428580699998
45.319531181,0.8518960475921631,0.5832608938217163,0.36733095805150695,1789294666027215510,odom,42.6755390469998
45.385641079999914,0.8544064164161682,0.5828386545181274,0.3668985650995237,1789294666097737819,odom,42.741648945999714
45.439340579000145,0.8572022318840027,0.5844478011131287,0.3657215240627227,1789294666147403270,odom,42.795348444999945
45.49625263300004,0.8615292906761169,0.58674556016922,0.3656350226356576,1789294666190580398,odom,42.85226049899984
45.54876517899993,0.8730817437171936,0.5928734540939331,0.3648089442498494,1789294666267227202,odom,42.90477304499973
45.61018973699993,0.8820379972457886,0.596703052520752,0.3624125558102189,1789294666313894063,odom,42.96619760299973
45.673597753000195,0.892379641532898,0.6007773876190186,0.35966061777067204,1789294666380871802,odom,43.029605618999994
45.73911559999988,0.9052469730377197,0.6035025119781494,0.3638398231296711,1789294666435661822,odom,43.09512346599968
45.79287938900006,0.928206741809845,0.6091121435165405,0.36396351468184324,1789294666513877660,odom,43.14888725499986
45.84641609800019,0.9405009150505066,0.6121068596839905,0.3660212285288744,1789294666561186582,odom,43.20242396399999
45.89948434300004,0.9514825344085693,0.6145800948143005,0.3680817874265334,1789294666617265731,odom,43.25549220899984
45.951871765000305,0.95685213804245,0.618901252746582,0.3694878317195044,1789294666667427569,odom,43.307879631000105
46.00421771399988,0.9609847068786621,0.6181623935699463,0.37814474276667687,1789294666717330962,odom,43.36022557999968
46.055079645000205,0.9618195295333862,0.618233859539032,0.38227844407809863,1789294666777252704,odom,43.411087511000005
46.116387270999894,0.959280252456665,0.6171571016311646,0.3799909009453346,1789294666828532725,odom,43.472395136999694
46.16780259699999,0.9559078216552734,0.6155845522880554,0.3773949216342757,1789294666882983476,odom,43.52381046299979
46.21871813000007,0.9535647034645081,0.6140382885932922,0.3746711216364735,1789294666933792382,odom,43.57472599599987
46.28086690400005,0.9524632692337036,0.6128188967704773,0.37181746761249823,1789294666990599900,odom,43.63687476999985
46.3493575550001,0.9521921277046204,0.6117878556251526,0.3704004134426182,1789294667050647765,odom,43.7053654209999
46.41830258900018,0.951475203037262,0.610946774482727,0.37016442241185327,1789294667123902112,odom,43.77431045499998
46.470587799999976,0.9505863189697266,0.6105861067771912,0.369859993049735,1789294667190652162,odom,43.826595665999776
46.53110464700012,0.9503851532936096,0.6104243993759155,0.3695788935419439,1789294667243917495,odom,43.88711251299992
46.592600247000064,0.9515941143035889,0.6105671525001526,0.36763454624309533,1789294667310683518,odom,43.948608112999864
46.64835799100001,0.9542067050933838,0.6112831830978394,0.3657543664870051,1789294667368023902,odom,44.00436585699981
46.69893088800018,0.9580675363540649,0.6140416860580444,0.3677331174676459,1789294667420432359,odom,44.05493875399998
46.75250996600016,0.9656851291656494,0.6188900470733643,0.3720452108408595,1789294667468479424,odom,44.10851783199996
46.82158418900008,0.9740508794784546,0.6250287890434265,0.37207685731246226,1789294667527151137,odom,44.17759205499988
46.8774224470003,0.985443651676178,0.6320633292198181,0.3728001000267288,1789294667597926169,odom,44.2334303130001
46.92957014900003,0.9959868788719177,0.6376884579658508,0.3741742477585021,1789294667647230655,odom,44.28557801499983
46.98143940999989,1.0093669891357422,0.6442445516586304,0.37520984255757467,1789294667703931600,odom,44.33744727599969
47.035105275000205,1.0236388444900513,0.6520175933837891,0.37603299950628466,1789294667757137328,odom,44.391113141000005
47.08789527099998,1.0328168869018555,0.6572284698486328,0.37533198096004633,1789294667804271251,odom,44.44390313699978
47.153245721000076,1.0420572757720947,0.6624377965927124,0.37121295376561764,1789294667847482711,odom,44.509253586999876
47.21541164700011,1.0466870069503784,0.6669927835464478,0.3662315392351861,1789294667907526284,odom,44.57141951299991
47.274251062000076,1.0498822927474976,0.6688268184661865,0.36881520779402793,1789294667977068454,odom,44.630258927999876
47.32616650099999,1.0476906299591064,0.6680271625518799,0.37545636045254654,1789294668043686896,odom,44.68217436699979
47.37686794599995,1.0457537174224854,0.6674782633781433,0.37882958718538656,1789294668097213298,odom,44.73287581199975
47.42867685300007,1.0451114177703857,0.6675200462341309,0.3806626612346791,1789294668137066394,odom,44.78468471899987
47.48050931300031,1.0450246334075928,0.6679079532623291,0.3828009346884914,1789294668197281629,odom,44.83651717900011
47.539236884000275,1.0450522899627686,0.6682168841362,0.38333555928743157,1789294668243737012,odom,44.895244750000074
47.593480912999894,1.0447982549667358,0.6682791709899902,0.384207970665984,1789294668307174951,odom,44.949488778999694
47.64506206800024,1.0444620847702026,0.6682180762290955,0.3851847769973645,1789294668367116004,odom,45.00106993400004
47.69837118500027,1.0445407629013062,0.6682067513465881,0.3861075019402772,1789294668420496732,odom,45.05437905100007
47.755762168000274,1.0463141202926636,0.6686580181121826,0.38486523268487816,1789294668468246728,odom,45.111770034000074
47.80803685000001,1.0512720346450806,0.6725155115127563,0.3796717330241079,1789294668530794173,odom,45.16404471599981
47.87058262900018,1.0569143295288086,0.6755224466323853,0.37619316343203274,1789294668584552318,odom,45.22659049499998
47.92916677199992,1.0616580247879028,0.6779784560203552,0.37530028225262857,1789294668623792201,odom,45.28517463799972
47.98368380200009,1.0736627578735352,0.6833660006523132,0.3745695148450698,1789294668704086333,odom,45.33969166799989
48.040356584000165,1.082415223121643,0.688859224319458,0.369652779727512,1789294668757012397,odom,45.396364449999965
48.094128533,1.0919018983840942,0.6953423619270325,0.3639372126277216,1789294668803663999,odom,45.4501363989998
48.14764021700012,1.1081031560897827,0.7038394808769226,0.36628051481594714,1789294668870911389,odom,45.503648082999916
48.201632621000044,1.118996262550354,0.7089434266090393,0.3711630676130366,1789294668920374661,odom,45.557640486999844
48.25834521200022,1.124672532081604,0.7114460468292236,0.3720279723532138,1789294668953893214,odom,45.61435307800002
48.32009358899995,1.1365469694137573,0.7137660384178162,0.37378015006439114,1789294669020323068,odom,45.67610145499975
48.378122129000076,1.1419243812561035,0.7141032814979553,0.3775974987777209,1789294669080294877,odom,45.734129994999876
48.43071941400012,1.1439337730407715,0.7148288488388062,0.3814494474254383,1789294669153580218,odom,45.78672727999992
48.4913222160003,1.142695665359497,0.7133889198303223,0.3821358220535953,1789294669200518876,odom,45.8473300820001
48.54371101400011,1.1405444145202637,0.7114260792732239,0.38142641239888203,1789294669250247508,odom,45.89971887999991
48.59433789800005,1.1383943557739258,0.7096467614173889,0.3800510441277139,1789294669307091504,odom,45.95034576399985
48.645784104000086,1.137098789215088,0.7087854146957397,0.37934318241704357,1789294669360320121,odom,46.001791969999886
48.697808473999885,1.136417031288147,0.7083384394645691,0.37857547095763044,1789294669403720408,odom,46.053816339999685
48.749974288999965,1.1356767416000366,0.7079316973686218,0.3779004120638652,1789294669456919223,odom,46.105982154999765
48.80099318600014,1.135292649269104,0.7074405550956726,0.3778819123138915,1789294669520502835,odom,46.15700105199994
48.85723392099999,1.1369611024856567,0.7063462734222412,0.3770316898346158,1789294669557213336,odom,46.21324178699979
48.92072555599998,1.140371322631836,0.7074710726737976,0.3768927023482647,1789294669634221106,odom,46.27673342199978
48.98208614400028,1.1462527513504028,0.7100219130516052,0.3773412618126991,1789294669692962676,odom,46.33809401000008
49.038379521000024,1.1547280550003052,0.7134394645690918,0.3784761227531081,1789294669750325948,odom,46.394387386999824
49.09303111600002,1.1657230854034424,0.7178718447685242,0.37872098638889123,1789294669814303904,odom,46.44903898199982
49.14430214799995,1.1736464500427246,0.7209903597831726,0.3755547876803506,1789294669867121249,odom,46.50031001399975
49.19642825000028,1.1804934740066528,0.7239607572555542,0.3748763112534484,1789294669916940957,odom,46.55243611600008
49.252924162,1.1910535097122192,0.7298381924629211,0.37139216197555885,1789294669973826438,odom,46.6089320279998
49.303612520000115,1.202726125717163,0.7355932593345642,0.3699872607302091,1789294670013622075,odom,46.659620385999915
49.36013460899994,1.2158480882644653,0.7434902787208557,0.3719668856963462,1789294670073892384,odom,46.71614247499974
49.4339832630003,1.2252730131149292,0.7511313557624817,0.3694218976332993,1789294670126897365,odom,46.7899911290001
49.49621088799995,1.2316803932189941,0.7568818926811218,0.36870711209446233,1789294670207810431,odom,46.85221875399975
49.55903178000017,1.233583688735962,0.7575535178184509,0.3740217374595217,1789294670267281562,odom,46.91503964599997
49.62311405900027,1.2312188148498535,0.7553290724754333,0.3825194921351284,1789294670338225394,odom,46.97912192500007
49.67922295000017,1.22793710231781,0.7543486952781677,0.3864844702893288,1789294670398110419,odom,47.03523081599997
49.73214856699997,1.2267568111419678,0.7543656229972839,0.3899126465977077,1789294670443470508,odom,47.08815643299977
49.78454805299998,1.2263262271881104,0.7545217275619507,0.39246219233647606,1789294670490344315,odom,47.14055591899978
49.839881975000026,1.2261260747909546,0.7545186281204224,0.3941717683618695,1789294670557302504,odom,47.195889840999826
49.90222022700027,1.2256698608398438,0.7543088793754578,0.3954533629041843,1789294670610848695,odom,47.25822809300007
49.953475515000264,1.225250482559204,0.754127562046051,0.3973172174552321,1789294670673791200,odom,47.309483381000064
50.00567275499998,1.2247620820999146,0.7540303468704224,0.39927680384110287,1789294670721646100,odom,47.36168062099978
50.05641336999997,1.2244166135787964,0.7540437579154968,0.4004954704355317,1789294670767035037,odom,47.41242123599977
50.112143113,1.2238818407058716,0.7539916038513184,0.4025174708799546,1789294670833549529,odom,47.4681509789998
50.16657879600007,1.2237423658370972,0.754009485244751,0.40322705467461284,1789294670886872083,odom,47.52258666199987
50.22169920600027,1.2262027263641357,0.7561140656471252,0.4008066472613335,1789294670936958342,odom,47.57770707200007
50.274486226000136,1.2289507389068604,0.7586520314216614,0.3967506015264814,1789294670986938268,odom,47.630494091999935
50.334685142000126,1.2334480285644531,0.7611034512519836,0.3933731351282898,1789294671047617227,odom,47.690693007999926
50.39059098600001,1.239672064781189,0.7634980082511902,0.39241980755357847,1789294671100554734,odom,47.746598851999806
50.441772352000044,1.2465169429779053,0.7665116190910339,0.39005317797309064,1789294671155542880,odom,47.79778021799984
50.497676757000136,1.2539551258087158,0.7708487510681152,0.38548048685597575,1789294671213552743,odom,47.853684622999936
50.56449714300015,1.2630773782730103,0.7770437002182007,0.37806494280983427,1789294671263799220,odom,47.92050500899995
50.61784875800004,1.2795549631118774,0.7861117124557495,0.3762042641026536,1789294671333855182,odom,47.973856623999836
50.67235593100031,1.2900549173355103,0.7910910248756409,0.3800926661856416,1789294671385276824,odom,48.02836379700011
50.72391801399999,1.3001505136489868,0.7980454564094543,0.37830338339002845,1789294671437609464,odom,48.07992587999979
50.77466688499999,1.3119785785675049,0.801108181476593,0.3805682106026333,1789294671493320495,odom,48.13067475099979
50.829307727000014,1.3181768655776978,0.8031251430511475,0.38105531416811117,1789294671550110608,odom,48.185315592999814
50.881202749000295,1.3211065530776978,0.8067484498023987,0.38374454507237427,1789294671603464633,odom,48.237210615000095
50.933210318999954,1.3216619491577148,0.806161105632782,0.38616267261331216,1789294671643430263,odom,48.289218184999754
50.987101662999976,1.319944977760315,0.8043906688690186,0.3870671412054806,1789294671700176745,odom,48.343109528999776
51.043321533999915,1.3169044256210327,0.8022866249084473,0.3857259896465662,1789294671753681451,odom,48.399329399999715
51.097798626999975,1.313567876815796,0.800103485584259,0.38382561081636396,1789294671820059567,odom,48.453806492999774
51.15767212399987,1.3115845918655396,0.7988357543945312,0.3815693943833257,1789294671873324662,odom,48.51367998999967
51.218253326000195,1.3101073503494263,0.7978203892707825,0.3791349509530196,1789294671933345109,odom,48.574261191999994
51.27180097900009,1.3092468976974487,0.7971152067184448,0.3776215507863735,1789294671990277081,odom,48.62780884499989
51.32471241900021,1.3086074590682983,0.7966112494468689,0.37717201149468516,1789294672035171777,odom,48.68072028500001
51.37593529000014,1.3076094388961792,0.7960699796676636,0.37713338548759445,1789294672093330890,odom,48.73194315599994
51.43361988200013,1.306497573852539,0.7956256866455078,0.3773696479538463,1789294672153745442,odom,48.78962774799993
51.48576492800021,1.3055288791656494,0.7950926423072815,0.37810634778927665,1789294672206826955,odom,48.84177279400001
51.538363717000266,1.3047019243240356,0.7945300340652466,0.3789747127707404,1789294672257233411,odom,48.894371583000066
51.606077125999946,1.304040789604187,0.7939171195030212,0.3794474202327119,1789294672316659003,odom,48.962084991999745
51.66231914199989,1.3043766021728516,0.7935040593147278,0.37857432175814987,1789294672383358746,odom,49.01832700799969
51.71465094599989,1.3062070608139038,0.7932720184326172,0.3770941279811864,1789294672436792880,odom,49.07065881199969
51.7698297259999,1.3083558082580566,0.7941614389419556,0.37735873126789304,1789294672469932347,odom,49.1258375919997
51.84675669199987,1.3148149251937866,0.79684978723526,0.37828183055076725,1789294672539900094,odom,49.20276455799967
51.9020442760002,1.326615810394287,0.8017565608024597,0.3791862554325066,1789294672622145205,odom,49.258052142
51.953925376999905,1.3354465961456299,0.8054546117782593,0.37923686403149365,1789294672670222073,odom,49.309933242999705
52.02702639100016,1.3473113775253296,0.8104774951934814,0.3774447123771603,1789294672730123311,odom,49.38303425699996
52.07953298500024,1.3546679019927979,0.8140234351158142,0.3738252098307973,1789294672796918422,odom,49.43554085100004
52.13441329099987,1.364832878112793,0.8205885291099548,0.3693970883041194,1789294672850262433,odom,49.49042115699967
52.185990861999926,1.379024624824524,0.8294193744659424,0.36801631281031427,1789294672903389960,odom,49.541998727999726
52.242638939000244,1.3883647918701172,0.8344593644142151,0.37049556502836717,1789294672950192004,odom,49.598646805000044
52.29943322899999,1.3987840414047241,0.8436493873596191,0.3678044747171056,1789294673016749412,odom,49.65544109499979
52.356363332,1.4018765687942505,0.8467610478401184,0.3668890993883811,1789294673063337832,odom,49.7123711979998
52.40849513000012,1.4051620960235596,0.8478823900222778,0.3724737660173316,1789294673130410462,odom,49.76450299599992
52.47076390800021,1.4037535190582275,0.8460365533828735,0.3813021309108498,1789294673186713963,odom,49.82677177400001
52.527197354000236,1.4005175828933716,0.8446260690689087,0.38615228149474945,1789294673239874154,odom,49.883205220000036
52.578150167999866,1.3979685306549072,0.8440191745758057,0.3907528402356562,1789294673293307811,odom,49.934158033999665
52.63204752899992,1.3966398239135742,0.8439009785652161,0.3963419533794287,1789294673350084334,odom,49.98805539499972
52.68372337500023,1.396162509918213,0.8440831899642944,0.3997851424558091,1789294673403503686,odom,50.03973124100003
52.753284654000254,1.395570993423462,0.8441107869148254,0.4018773764932235,1789294673459866792,odom,50.109292520000054
52.803896688999885,1.3948525190353394,0.8438987731933594,0.4037653125580141,1789294673522412091,odom,50.159904554999684
52.879448151999895,1.3942508697509766,0.843492865562439,0.4063837070065148,1789294673579921275,odom,50.235456017999695
52.930377990000125,1.393776297569275,0.8431893587112427,0.4080954158472906,1789294673639814168,odom,50.286385855999924
52.98261635100016,1.3933380842208862,0.843047559261322,0.40929904696375924,1789294673699863940,odom,50.33862421699996
53.036742071999925,1.3930500745773315,0.8429068326950073,0.4103026909974927,1789294673759960204,odom,50.392749937999724
53.09491397600004,1.3941659927368164,0.8436377644538879,0.40835526186586085,1789294673813520461,odom,50.45092184199984
53.14595546500004,1.3963264226913452,0.845230221748352,0.40584427628436065,1789294673859837085,odom,50.50196333099984
53.20468034800024,1.3998111486434937,0.8484162092208862,0.40146672865544514,1789294673920827418,odom,50.56068821400004
53.25594091699986,1.4050098657608032,0.8510614037513733,0.39762450120633874,1789294673976579696,odom,50.61194878299966
53.31175565400008,1.4121015071868896,0.8539531230926514,0.39576050567758914,1789294674028206378,odom,50.66776351999988
53.36630762899995,1.4201480150222778,0.8572530746459961,0.3931565480762008,1789294674080387622,odom,50.72231549499975
53.42269470500014,1.4279258251190186,0.8617908954620361,0.3874023688464508,1789294674140029698,odom,50.77870257099994
53.47722773600026,1.437769889831543,0.8681513667106628,0.380655456177543,1789294674189897805,odom,50.83323560200006
53.534643679000055,1.452497124671936,0.8766199946403503,0.37701780894437875,1789294674250488549,odom,50.890651544999855
53.595358324000244,1.4656469821929932,0.8818066716194153,0.3871728114548687,1789294674310345202,odom,50.951366190000044
53.648627600000054,1.4755027294158936,0.886950671672821,0.38866017428418737,1789294674356404096,odom,51.004635465999854
53.709414024000125,1.4863417148590088,0.8895018100738525,0.39021761812278055,1789294674416640073,odom,51.065421889999925
53.76395223899999,1.4909597635269165,0.8932008743286133,0.39323273807788656,1789294674483189135,odom,51.11996010499979
53.81491916499999,1.493098497390747,0.8929485082626343,0.39635206745922097,1789294674537256032,odom,51.17092703099979
53.8670450110003,1.4925071001052856,0.8919992446899414,0.39689313747025917,1789294674589864760,odom,51.2230528770001
53.92099869399999,1.490587592124939,0.8905515074729919,0.3956915263376713,1789294674629874497,odom,51.27700655999979
53.97332947399991,1.487540364265442,0.888465166091919,0.39245240433435774,1789294674690058261,odom,51.32933733999971
54.030166678000114,1.4859400987625122,0.8874208331108093,0.3902824891935214,1789294674729747325,odom,51.386174543999914
54.08188284500011,1.4847142696380615,0.8861604332923889,0.388721922285942,1789294674783137589,odom,51.43789071099991
54.133357053000054,1.4842431545257568,0.8848537802696228,0.38660436612471205,1789294674843312055,odom,51.489364918999854
54.19764762700015,1.4849973917007446,0.8836508393287659,0.3830867132779536,1789294674909840852,odom,51.55365549299995
54.262879032,1.4873889684677124,0.8846542239189148,0.3820876558122014,1789294674976020127,odom,51.6188868979998
54.3199122420001,1.4921417236328125,0.8873137831687927,0.38320585332619367,1789294675036631852,odom,51.6759201079999
54.3808644640003,1.4995616674423218,0.891215443611145,0.3835669988619926,1789294675098380595,odom,51.7368723300001
54.43155224500015,1.5068271160125732,0.8947983384132385,0.38289572485051415,1789294675147868901,odom,51.78756011099995
54.48787637600026,1.5131529569625854,0.8972942233085632,0.37825068581424537,1789294675199697286,odom,51.84388424200006
54.53864131099999,1.5223519802093506,0.902229368686676,0.3764428729626358,1789294675259728223,odom,51.89464917699979
54.5916796030001,1.5323292016983032,0.9067506194114685,0.3741953460792922,1789294675310104400,odom,51.9476874689999
54.64416501300002,1.5481449365615845,0.9137263894081116,0.37434618278130066,1789294675360473424,odom,52.00017287899982
54.69961954600012,1.5596296787261963,0.9214315414428711,0.37211809777705307,1789294675413112431,odom,52.05562741199992
54.7527207840003,1.569543719291687,0.9295928478240967,0.37051017339729,1789294675466382056,odom,52.1087286500001
54.803876516999935,1.577404499053955,0.935237467288971,0.37045859830642,1789294675526361733,odom,52.159884382999735
54.86253061400021,1.5789695978164673,0.9362319111824036,0.37159299669584195,1789294675573913365,odom,52.21853848000001
54.91319663400009,1.5788185596466064,0.9362752437591553,0.3773416549916294,1789294675629747182,odom,52.26920449999989
54.970551774999876,1.576711654663086,0.9342746734619141,0.3832397480605705,1789294675679734975,odom,52.326559640999676
55.039864981999926,1.5736173391342163,0.9337515234947205,0.38830355431889146,1789294675741757899,odom,52.395872847999726
55.09186298300028,1.57204008102417,0.9342171549797058,0.3930638745155144,1789294675810288936,odom,52.44787084900008
55.14293090499996,1.5717424154281616,0.9346178770065308,0.3959309479965966,1789294675856371909,odom,52.49893877099976
55.20157053699995,1.571555256843567,0.9351416230201721,0.39849727921805134,1789294675912952691,odom,52.55757840299975
55.25330440100015,1.5713038444519043,0.9354445934295654,0.4002323230133371,1789294675952925712,odom,52.60931226699995
55.316436632000205,1.5709515810012817,0.9357613921165466,0.4027865216894183,1789294676019839555,odom,52.672444498000004
55.37055031999989,1.5708138942718506,0.9359385967254639,0.40521733334159865,1789294676092998773,odom,52.72655818599969
55.42611052100028,1.5718910694122314,0.9367481470108032,0.4048501104432204,1789294676140126973,odom,52.78211838700008
55.47814244300025,1.574488878250122,0.940129280090332,0.4005350301554992,1789294676196633130,odom,52.83415030900005
55.532690066000214,1.5782831907272339,0.942664384841919,0.39612065415111086,1789294676249583751,odom,52.888697932000014
55.58715797400009,1.5828287601470947,0.9456761479377747,0.3942517697683364,1789294676303050548,odom,52.94316583999989
55.64079801400021,1.5906184911727905,0.9493005275726318,0.39332833811144113,1789294676362963229,odom,52.99680588000001
55.69326438300004,1.59737229347229,0.9526114463806152,0.39291972971829064,1789294676416343718,odom,53.04927224899984
55.75089460500021,1.6032191514968872,0.9563202857971191,0.38835629554988893,1789294676456756860,odom,53.10690247100001
55.80922888300029,1.6156339645385742,0.9649564623832703,0.37876593005879583,1789294676509823829,odom,53.16523674900009
55.85997212200027,1.635480284690857,0.9739187955856323,0.3817519960434382,1789294676580306560,odom,53.21597998800007
55.91659187899995,1.6529239416122437,0.9829371571540833,0.3844893206400754,1789294676636267930,odom,53.27259974499975
55.96934542500003,1.67023503780365,0.9882292151451111,0.38762870975664093,1789294676689583569,odom,53.32535329099983
56.02867525600004,1.687441349029541,0.9939385652542114,0.3877637048900908,1789294676749640494,odom,53.38468312199984
56.08159172000023,1.70652437210083,0.9970220923423767,0.3860892354741595,1789294676796221047,odom,53.43759958600003
56.13970893500027,1.7185511589050293,1.0002257823944092,0.3849177826068937,1789294676856346875,odom,53.49571680100007
56.19246990600004,1.7343113422393799,1.00786292552948,0.3797170084786534,1789294676912947684,odom,53.54847777199984
56.24483486300005,1.7479276657104492,1.015372633934021,0.37694830474203617,1789294676952878266,odom,53.60084272899985
56.30528217200026,1.7677817344665527,1.0295127630233765,0.37393075383402186,1789294677022851735,odom,53.66129003800006
56.357795742000235,1.7799819707870483,1.0379481315612793,0.3694896869659558,1789294677074748307,odom,53.713803608000035
56.40869178699995,1.7868913412094116,1.0432615280151367,0.36998479792244,1789294677131412059,odom,53.76469965299975
56.46257420300026,1.7960894107818604,1.0480164289474487,0.36635254392155975,1789294677181805402,odom,53.81858206900006
56.514815188000284,1.8054871559143066,1.0515953302383423,0.36239791882691086,1789294677229534417,odom,53.870823054000084
56.57520614300029,1.8107837438583374,1.0532151460647583,0.3613748653525886,1789294677289486676,odom,53.93121400900009
56.626524921000055,1.812132716178894,1.053662657737732,0.36316553105435134,1789294677313504964,odom,53.982532786999855
56.68374501800008,1.8146530389785767,1.0542824268341064,0.36968194419647976,1789294677376153737,odom,54.03975288399988
56.74623345100008,1.8140268325805664,1.0547497272491455,0.37664756944766703,1789294677456093818,odom,54.10224131699988
56.79850429299995,1.813132882118225,1.0546393394470215,0.3770621809855052,1789294677503249913,odom,54.15451215899975
56.86279992300024,1.8126015663146973,1.054497241973877,0.3777552848318126,1789294677563065797,odom,54.21880778900004
56.91526984400025,1.8129000663757324,1.0546051263809204,0.3778285128479486,1789294677630847722,odom,54.27127771000005
56.96885029900022,1.8133481740951538,1.054753303527832,0.37781805518985784,1789294677689642220,odom,54.32485816500002
57.02478075199997,1.8134909868240356,1.0548337697982788,0.3785370002359058,1789294677742827922,odom,54.38078861799977
57.07664057200009,1.8134422302246094,1.0548487901687622,0.3787180981648647,1789294677797138720,odom,54.43264843799989
57.13007731000016,1.8133845329284668,1.0548416376113892,0.3787745045769041,1789294677850203544,odom,54.48608517599996
57.18771386800017,1.8134428262710571,1.0547996759414673,0.3786742718104895,1789294677909620791,odom,54.54372173399997
57.24595022299991,1.8134726285934448,1.054782509803772,0.3786920514794534,1789294677953850060,odom,54.60195808899971
57.30064332200027,1.8134781122207642,1.0548171997070312,0.37882818799714024,1789294678006318599,odom,54.65665118800007
57.35392376600021,1.8134311437606812,1.0548804998397827,0.37878381820313106,1789294678072763234,odom,54.70993163200001
57.41708380599994,1.813491702079773,1.0548721551895142,0.378836625174249,1789294678132724553,odom,54.77309167199974
57.4684222650003,1.8134911060333252,1.0548102855682373,0.3787967145555742,1789294678179777652,odom,54.8244301310001
57.52918881699998,1.8134897947311401,1.0548747777938843,0.3788140505664058,1789294678246156960,odom,54.885196682999776
57.58264126699987,1.8134851455688477,1.0549166202545166,0.37880729373743105,1789294678286705285,odom,54.93864913299967
57.64197903400009,1.813522458076477,1.0549190044403076,0.3786612261611645,1789294678346004754,odom,54.99798689999989
57.702933783999924,1.8135769367218018,1.0548511743545532,0.3785622298579493,1789294678412699490,odom,55.058941649999724
57.766702131999864,1.8135565519332886,1.0548756122589111,0.3785111356918727,1789294678476099521,odom,55.122709997999664
57.81839721100005,1.8135346174240112,1.0548895597457886,0.3786355479347829,1789294678536176949,odom,55.17440507699985
57.8853544020003,1.8135851621627808,1.0548774003982544,0.37840928264144763,1789294678599406749,odom,55.2413622680001
57.93648191000011,1.8135956525802612,1.0548101663589478,0.37855567031524023,1789294678645983964,odom,55.29248977599991
57.992086239999935,1.8135850429534912,1.0548410415649414,0.3784806152053128,1789294678709455520,odom,55.348094105999735
58.04472791099988,1.8135771751403809,1.0548837184906006,0.3786084583840071,1789294678762846738,odom,55.40073577699968
58.10008010499996,1.8136792182922363,1.0548949241638184,0.3786866273471089,1789294678819612771,odom,55.45608797099976
58.164340021000044,1.8136640787124634,1.0548633337020874,0.37859157366418733,1789294678876001149,odom,55.52034788699984
58.22499370500009,1.813630223274231,1.0548728704452515,0.3785442826843887,1789294678936912089,odom,55.58100157099989
58.278239331999885,1.81362783908844,1.0549052953720093,0.37856291266354397,1789294678999556809,odom,55.634247197999684
58.34215270899995,1.813667893409729,1.0548837184906006,0.37857474521501333,1789294679049290687,odom,55.69816057499975
58.40069393800013,1.8136632442474365,1.0548582077026367,0.37848999610761425,1789294679120679408,odom,55.75670180399993
58.45557977999988,1.813653826713562,1.0548923015594482,0.37859718658140507,1789294679166214257,odom,55.81158764599968
58.51940486600006,1.8136390447616577,1.0548993349075317,0.3785157018498009,1789294679239432603,odom,55.87541273199986
58.57985009499998,1.8136810064315796,1.0548455715179443,0.37842655526208574,1789294679299244672,odom,55.93585796099978
58.6348835900003,1.8136754035949707,1.0548475980758667,0.3784313371621653,1789294679352625638,odom,55.9908914560001
58.693293293999886,1.813612937927246,1.0548723936080933,0.378427960680708,1789294679409180194,odom,56.049301159999686
58.74648656699992,1.8135908842086792,1.0548948049545288,0.37943146582669984,1789294679466023713,odom,56.10249443299972
58.801272470000185,1.81391441822052,1.0548975467681885,0.39365452732962386,1789294679512988835,odom,56.157280335999985
58.852720021000096,1.814599871635437,1.0551749467849731,0.41408030485966524,1789294679573056966,odom,56.208727886999895
58.90857482299998,1.8152166604995728,1.0558232069015503,0.42793633953248655,1789294679619654685,odom,56.26458268899978
58.96103524,1.816048264503479,1.0567680597305298,0.4472566280545508,1789294679683142215,odom,56.3170431059998
59.01522345800004,1.816453218460083,1.0573580265045166,0.4577939229512056,1789294679723377496,odom,56.37123132399984
59.067635552999946,1.8172838687896729,1.058326005935669,0.47587929503681503,1789294679789248973,odom,56.423643418999745
59.11959169700003,1.817665934562683,1.0586062669754028,0.48464696468390794,1789294679822580367,odom,56.47559956299983
59.17877662799992,1.8186547756195068,1.0594934225082397,0.5018564474514122,1789294679894087344,odom,56.53478449399972
59.23030046900021,1.8191769123077393,1.0600390434265137,0.5125554801642951,1789294679942720443,odom,56.58630833500001
59.282195522000166,1.8200067281723022,1.0601849555969238,0.5263026429489225,1789294679999294787,odom,56.638203387999965
59.34826762800003,1.8206098079681396,1.0605806112289429,0.5374102866259819,1789294680059635430,odom,56.70427549399983
59.40203208799994,1.8214961290359497,1.0612696409225464,0.5518439792070295,1789294680115941077,odom,56.75803995399974
59.45391904600001,1.8221515417099,1.0620120763778687,0.5624968354550839,1789294680166146069,odom,56.80992691199981
59.51270879499998,1.8229249715805054,1.0627089738845825,0.5757752787172236,1789294680225915223,odom,56.86871666099978
59.56776958699993,1.8236780166625977,1.063489317893982,0.5888384354247282,1789294680285868674,odom,56.92377745299973
59.62241343699998,1.824394702911377,1.0641326904296875,0.5990237481944141,1789294680339212447,odom,56.97842130299978
59.68058546900011,1.8248931169509888,1.0647473335266113,0.6064017247689625,1789294680379219562,odom,57.03659333499991
59.74099642400006,1.8254613876342773,1.0657894611358643,0.6158415828947007,1789294680436229020,odom,57.09700428999986
59.81412623899996,1.826223611831665,1.0674207210540771,0.6283051265933688,1789294680515984803,odom,57.17013410499976
59.866919914999926,1.8271530866622925,1.0689165592193604,0.6392281277365855,1789294680589091330,odom,57.222927780999726
59.920689335000134,1.8277374505996704,1.0696285963058472,0.6448542714780532,1789294680636231929,odom,57.276697200999934
59.97434358400005,1.8285084962844849,1.0704835653305054,0.652108808192886,1789294680687975913,odom,57.33035144999985
60.033216344000266,1.8291021585464478,1.0713245868682861,0.6602961403225504,1789294680742510110,odom,57.389224210000066
60.1028604410003,1.8297611474990845,1.0722883939743042,0.6687515500489722,1789294680805742293,odom,57.4588683070001
60.15890196999999,1.8304095268249512,1.073131799697876,0.6779885526917006,1789294680872589856,odom,57.51490983599979
60.20995283499997,1.8307743072509766,1.073794960975647,0.6865734887021407,1789294680925912887,odom,57.56596070099977
60.263339587000246,1.8310236930847168,1.073930263519287,0.6979066511613622,1789294680982690602,odom,57.619347453000046
60.31853587100022,1.8314852714538574,1.074467420578003,0.7105293532679264,1789294681039638072,odom,57.67454373700002
60.37068699800011,1.8315857648849487,1.075226902961731,0.7171754028924588,1789294681082620412,odom,57.72669486399991
60.425008917000014,1.8316495418548584,1.0760960578918457,0.7274034389317072,1789294681142024547,odom,57.781016782999814
60.476038341000276,1.8319356441497803,1.0772721767425537,0.7399192271653023,1789294681192463427,odom,57.832046207000076
60.52944227800026,1.8328672647476196,1.0776115655899048,0.7567598711482688,1789294681252665788,odom,57.88545014400006
60.58138082100004,1.832930564880371,1.0785572528839111,0.7677651208970173,1789294681289193421,odom,57.93738868699984
60.63463422399991,1.8323814868927002,1.0796161890029907,0.7835659650201254,1789294681345545798,odom,57.99064208999971
60.69650794900008,1.8315716981887817,1.0804705619812012,0.8023705952140647,1789294681402610570,odom,58.05251581499988
60.74915489900013,1.8304163217544556,1.0808666944503784,0.819603379940208,1789294681449612170,odom,58.10516276499993
60.80306157299992,1.8286867141723633,1.0811727046966553,0.8373729860564291,1789294681505702525,odom,58.15906943899972
60.86005391700019,1.8281077146530151,1.0805240869522095,0.8682689942575882,1789294681565746337,odom,58.21606178299999
60.92029206699999,1.8235610723495483,1.0829237699508667,0.9182482757619579,1789294681639073878,odom,58.27629993299979
60.98473317400021,1.82156503200531,1.0848009586334229,0.9365808738930217,1789294681696054011,odom,58.34074104000001
61.040153658000236,1.8210697174072266,1.0828644037246704,0.9290777119682423,1789294681755805522,odom,58.396161524000036
61.09251167100001,1.8209795951843262,1.0821119546890259,0.9327382269374482,1789294681805992394,odom,58.44851953699981
61.143478789000255,1.820288062095642,1.0806477069854736,0.934665629336472,1789294681866176396,odom,58.499486655000055
61.20707628399987,1.8190338611602783,1.0797338485717773,0.933965817748972,1789294681912297994,odom,58.56308414999967
61.26418680799998,1.8168643712997437,1.0783277750015259,0.9326666476910679,1789294681980350524,odom,58.62019467399978
61.320314900000085,1.8150148391723633,1.0767042636871338,0.9312983096198926,1789294682038971692,odom,58.676322765999885
61.37608934800028,1.8130131959915161,1.0756248235702515,0.9282544246326861,1789294682095930129,odom,58.73209721400008
61.43396652199999,1.810572862625122,1.0751073360443115,0.9228473030237966,1789294682152325660,odom,58.78997438799979
61.498331850999875,1.8080388307571411,1.0743273496627808,0.9166757694774514,1789294682212635785,odom,58.854339716999675
61.55625619500006,1.8060075044631958,1.0732659101486206,0.9106522202320445,1789294682269068271,odom,58.91226406099986
61.61440723400028,1.8045507669448853,1.0722270011901855,0.9069687662441236,1789294682320299416,odom,58.97041510000008
61.66950021899993,1.8031591176986694,1.0711708068847656,0.9035355564222304,1789294682388462335,odom,59.02550808499973
61.72340929200027,1.802168607711792,1.0704798698425293,0.9012812703546063,1789294682429015428,odom,59.07941715800007
61.77447926200011,1.8016560077667236,1.070181965827942,0.8999034170407314,1789294682462610751,odom,59.13048712799991
61.82622595900011,1.800824761390686,1.0695393085479736,0.8972077752022456,1789294682548963099,odom,59.18223382499991
61.89461203000019,1.8006565570831299,1.0692349672317505,0.8957896268962581,1789294682590413838,odom,59.25061989599999
61.948407595999925,1.8005732297897339,1.0687432289123535,0.8929302596570825,1789294682662718326,odom,59.304415461999724
62.00394923600015,1.8004621267318726,1.068254828453064,0.8913356616696314,1789294682719590693,odom,59.35995710199995
62.06419669800016,1.8003759384155273,1.0680968761444092,0.8904561056254916,1789294682765609771,odom,59.42020456399996
62.12657735099992,1.8004145622253418,1.068001627922058,0.8897921558754734,1789294682839624911,odom,59.48258521699972
62.17959461800001,1.8006787300109863,1.0678821802139282,0.889705409945729,1789294682872482806,odom,59.53560248399981
62.24364300800016,1.801783561706543,1.0678080320358276,0.8906037461438822,1789294682948928624,odom,59.59965087399996
62.31352810499993,1.8027496337890625,1.068437933921814,0.8925032938648693,1789294683020391971,odom,59.66953597099973
62.3699691679999,1.8034099340438843,1.0690650939941406,0.8933973695901914,1789294683082230597,odom,59.7259770339997
62.42467750000014,1.8040035963058472,1.069446325302124,0.8939081411654982,1789294683142534047,odom,59.78068536599994
62.476829138000085,1.8043999671936035,1.06965970993042,0.894754337868932,1789294683195555716,odom,59.832837003999884
62.54162750400019,1.804647445678711,1.06984281539917,0.8954784256484563,1789294683252147704,odom,59.89763536999999
62.59641849500031,1.8047794103622437,1.0700111389160156,0.8955216175305418,1789294683315638333,odom,59.95242636100011
62.651042921000226,1.8049001693725586,1.0700726509094238,0.8954105135510377,1789294683369011432,odom,60.007050787000026
62.7143360529999,1.804984450340271,1.070151686668396,0.8956801309352995,1789294683432215243,odom,60.0703439189997
62.77334606500017,1.8050239086151123,1.0707141160964966,0.8866081580394973,1789294683478458434,odom,60.12935393099997
62.82693304800023,1.8050302267074585,1.0709664821624756,0.8712866005879927,1789294683532238275,odom,60.18294091400003
62.87940962499988,1.805371880531311,1.0718164443969727,0.8599034095729645,1789294683588862210,odom,60.23541749099968
62.93134340000006,1.8061037063598633,1.0723310708999634,0.8467624430585315,1789294683652341872,odom,60.28735126599986
62.98603681900022,1.806648850440979,1.0725935697555542,0.835043305702673,1789294683708885222,odom,60.34204468500002
63.03947806899987,1.8071132898330688,1.0725709199905396,0.8265458097143882,1789294683748889953,odom,60.39548593499967
63.102697245999934,1.8074856996536255,1.0725829601287842,0.8168737498574051,1789294683802438050,odom,60.458705111999734
63.15763006599991,1.8077987432479858,1.0724910497665405,0.8048790910368124,1789294683872877150,odom,60.51363793199971
63.21526384000026,1.8079748153686523,1.0724632740020752,0.7961903695495725,1789294683928889781,odom,60.57127170600006
63.26975907699989,1.8082529306411743,1.072221279144287,0.7868685239769452,1789294683992266684,odom,60.62576694299969
63.322610194999925,1.8084461688995361,1.0719571113586426,0.7798192294809524,1789294684042214185,odom,60.678618060999725
63.37613877500007,1.8083620071411133,1.0718029737472534,0.7714272670488228,1789294684098885566,odom,60.73214664099987
63.440503399000136,1.8081203699111938,1.0715786218643188,0.7645972578651419,1789294684158163100,odom,60.796511264999936
63.49919468100006,1.8070752620697021,1.0710463523864746,0.7549783566916153,1789294684219570189,odom,60.85520254699986
63.55490141500013,1.806203007698059,1.0705772638320923,0.7495979835142972,1789294684269127160,odom,60.91090928099993
63.61796071500021,1.804858922958374,1.0699046850204468,0.7429775763075827,1789294684332041293,odom,60.97396858100001
63.6740032040002,1.8039155006408691,1.0692895650863647,0.7391685426564247,1789294684375402242,odom,61.03001107
63.729442696000206,1.8024822473526,1.0682826042175293,0.7335809399842298,1789294684435594588,odom,61.085450562000005
63.78089888700015,1.8006806373596191,1.0670605897903442,0.7263771155034333,1789294684502171784,odom,61.13690675299995
63.8322347860003,1.7992095947265625,1.0661301612854004,0.7205354684217484,1789294684548863679,odom,61.1882426520001
63.88601374300015,1.7980265617370605,1.06515371799469,0.7151154765403469,1789294684588888198,odom,61.24202160899995
63.945967179000036,1.7962040901184082,1.0638988018035889,0.7036146341781333,1789294684649899512,odom,61.301975044999836
64.01450461500008,1.7938587665557861,1.0616945028305054,0.6871373566103463,1789294684715688973,odom,61.37051248099988
64.06847333799988,1.7908200025558472,1.0590510368347168,0.6722129816365096,1789294684782336741,odom,61.424481203999676
64.12669596400019,1.7894096374511719,1.0572621822357178,0.6586844252407915,1789294684842446595,odom,61.48270382999999
64.17798530200025,1.7897961139678955,1.0580922365188599,0.6468528610644639,1789294684898812800,odom,61.53399316800005
64.23190573500005,1.7903581857681274,1.0589929819107056,0.6417650228466605,1789294684928974181,odom,61.587913600999855
64.29086505800024,1.7918245792388916,1.0610296726226807,0.6315169998005089,1789294684996535569,odom,61.646872924000036
64.35157717499987,1.7935500144958496,1.063900113105774,0.6170481943365942,1789294685062500983,odom,61.707585040999675
64.40671710600009,1.7942264080047607,1.0655609369277954,0.6089885778450512,1789294685123968631,odom,61.76272497199989
64.45746431299995,1.7946803569793701,1.0672141313552856,0.5996321477349548,1789294685169674188,odom,61.813472178999746
64.50929856499988,1.794893741607666,1.0682203769683838,0.5913211597253796,1789294685222181827,odom,61.86530643099968
64.56731065500026,1.7949522733688354,1.0686159133911133,0.5843921188297441,1789294685269274026,odom,61.923318521000056
64.61798755600012,1.7947757244110107,1.0690795183181763,0.5751375472256219,1789294685338899404,odom,61.973995421999916
64.68137374700018,1.7944995164871216,1.0696399211883545,0.5669521846505416,1789294685395843059,odom,62.03738161299998
64.73454388400023,1.7940771579742432,1.0700068473815918,0.561162299840363,1789294685442130834,odom,62.09055175000003
64.79059926900027,1.7934945821762085,1.0701864957809448,0.5548358261076866,1789294685499112636,odom,62.14660713500007
64.85094187000004,1.792765736579895,1.0701173543930054,0.5487266234959678,1789294685555318862,odom,62.20694973599984
64.91337033299988,1.7918925285339355,1.0699512958526611,0.5423302089625469,1789294685618626624,odom,62.269378198999675
64.97296426899993,1.79060959815979,1.0695688724517822,0.5345668198552953,1789294685689861089,odom,62.32897213499973
65.02747077100003,1.7894997596740723,1.0691007375717163,0.5291566680839873,1789294685748844891,odom,62.383478636999826
65.0872441370002,1.7881581783294678,1.0684139728546143,0.5225572511819437,1789294685802271872,odom,62.443252003
65.14549588299997,1.7859411239624023,1.0676147937774658,0.512002299028635,1789294685855337172,odom,62.50150374899977
65.1993029690002,1.7846975326538086,1.0671192407608032,0.5006363229256823,1789294685895495444,odom,62.555310835
65.25268351300019,1.78319251537323,1.0659602880477905,0.4841416742153895,1789294685965230971,odom,62.60869137899999
65.30470401100001,1.781508207321167,1.0651248693466187,0.4732067343702726,1789294686020013362,odom,62.66071187699981
65.358113323,1.7814761400222778,1.0645983219146729,0.45793029577269134,1789294686078955918,odom,62.7141211889998
65.41239021599995,1.782746434211731,1.0655839443206787,0.44428562812663747,1789294686128545314,odom,62.76839808199975
65.47083112200016,1.784584403038025,1.0676352977752686,0.43096119675294986,1789294686185209542,odom,62.82683898799996
65.523602493,1.7869480848312378,1.0700392723083496,0.41561536464844623,1789294686245482713,odom,62.8796103589998
65.57810227400023,1.7884485721588135,1.072275996208191,0.40331741382756914,1789294686296530276,odom,62.93411014000003
65.63113170099996,1.7896385192871094,1.0747374296188354,0.39062710258585237,1789294686348564654,odom,62.98713956699976
65.68971219500008,1.7906328439712524,1.0771359205245972,0.37640877920531063,1789294686408914834,odom,63.045720060999884
65.76020297700006,1.7914376258850098,1.078897476196289,0.3640409198010795,1789294686461915046,odom,63.11621084299986
65.8307524490001,1.792181134223938,1.0813143253326416,0.34667908268856745,1789294686537223607,odom,63.1867603149999
65.8822229440002,1.7927342653274536,1.0824447870254517,0.33478069611551603,1789294686589940816,odom,63.238230810000005
65.93373894500019,1.79340398311615,1.0837852954864502,0.3181750146614712,1789294686648647576,odom,63.289746810999986
65.98755950300028,1.793812870979309,1.0845857858657837,0.3065502551748839,1789294686692004233,odom,63.343567369000084
66.04926535000004,1.7944730520248413,1.0854406356811523,0.2887686763607945,1789294686763665944,odom,63.40527321599984
66.10485272000005,1.794748067855835,1.0859591960906982,0.2766128346793138,1789294686805815249,odom,63.46086058599985
66.16266918800011,1.7955950498580933,1.0864382982254028,0.2569361399774111,1789294686878581792,odom,63.51867705399991
66.21820170799992,1.7960163354873657,1.0867178440093994,0.24325952221492808,1789294686929441005,odom,63.574209573999724
66.28107229700026,1.79620361328125,1.0870248079299927,0.22905734497797348,1789294686981895238,odom,63.637080163000064
66.33280104100004,1.7959543466567993,1.0867220163345337,0.212963922472752,1789294687045212537,odom,63.68880890699984
66.38571312100021,1.7952032089233398,1.0859352350234985,0.1966011279765652,1789294687105193644,odom,63.74172098700001
66.44747951399995,1.7936373949050903,1.0843809843063354,0.17844539967506653,1789294687161805182,odom,63.80348737999975
66.4981169570001,1.7917470932006836,1.0855587720870972,0.16344214105970992,1789294687206568509,odom,63.85412482299989
66.5589871279999,1.789547324180603,1.0874643325805664,0.13996813181899492,1789294687272096425,odom,63.9149949939997
66.61754010100003,1.7878575325012207,1.089285969734192,0.11798868134795754,1789294687325913697,odom,63.97354796699983
66.67418942599988,1.7876079082489014,1.090902328491211,0.092812739610622,1789294687385129720,odom,64.03019729199968
66.73635554500015,1.7889792919158936,1.0890886783599854,0.07440459653694406,1789294687432100802,odom,64.09236341099995
66.78734596000004,1.7900714874267578,1.0885941982269287,0.054368718843351226,1789294687478604585,odom,64.14335382599984
66.84764360000008,1.790456771850586,1.0906094312667847,0.01954356381164157,1789294687565181762,odom,64.20365146599988
66.899186225,1.7905477285385132,1.0922703742980957,0.007794547399612062,1789294687604685574,odom,64.2551940909998
66.95152433400017,1.7902096509933472,1.0956364870071411,-0.013285094570798605,1789294687665069133,odom,64.30753219999997
67.00789534600017,1.7900723218917847,1.0981377363204956,-0.029139172618826543,1789294687721438199,odom,64.36390321199997
67.07287432600015,1.7899326086044312,1.1014008522033691,-0.051158360038455954,1789294687785673886,odom,64.42888219199995
67.12881921200005,1.7900220155715942,1.1035600900650024,-0.0664085975296318,1789294687835402995,odom,64.48482707799985
67.17942100600021,1.790092945098877,1.1058385372161865,-0.08477024697261175,1789294687898544103,odom,64.53542887200001
67.23199489800027,1.7901782989501953,1.1076079607009888,-0.10180858364056986,1789294687951772004,odom,64.58800276400007
67.28799393000008,1.7900720834732056,1.1092067956924438,-0.11675078521089002,1789294688003304273,odom,64.64400179599988
67.34196063700028,1.7902898788452148,1.1101996898651123,-0.13316075153517481,1789294688055738240,odom,64.69796850300008
67.39319704399986,1.790762186050415,1.1101280450820923,-0.14361960209214267,1789294688108854562,odom,64.74920490999966
67.44987773000003,1.7909126281738281,1.1113097667694092,-0.138067032528485,1789294688166075259,odom,64.80588559599983
67.53064908099986,1.791396975517273,1.1122751235961914,-0.1304855873165617,1789294688218410521,odom,64.88665694699966
67.58327878299997,1.7920689582824707,1.1126065254211426,-0.12259090705603017,1789294688296164781,odom,64.93928664899977
67.63542184500011,1.7926764488220215,1.1124974489212036,-0.11567415463369103,1789294688351953774,odom,64.99142971099991
67.69174152699998,1.793290376663208,1.1120572090148926,-0.1097619816301629,1789294688413082152,odom,65.04774939299978
67.7465171570002,1.793643832206726,1.1118175983428955,-0.10676149331379085,1789294688445537597,odom,65.102525023
67.79775391700014,1.7941089868545532,1.1116784811019897,-0.10375662483082305,1789294688489741116,odom,65.15376178299994
67.84889576100022,1.794980525970459,1.1117709875106812,-0.09879218388996061,1789294688562165767,odom,65.20490362700002
67.91317436600002,1.7956913709640503,1.1120164394378662,-0.09515122110495736,1789294688615198403,odom,65.26918223199982
67.97487806900017,1.796738862991333,1.1123361587524414,-0.09033462111973305,1789294688688796788,odom,65.33088593499997
68.02822379500003,1.7975047826766968,1.1125445365905762,-0.08724707114668283,1789294688728800326,odom,65.38423166099983
68.08114758700003,1.7988859415054321,1.112879991531372,-0.0833413248071247,1789294688801956445,odom,65.43715545299983
68.13730537600031,1.799946904182434,1.1130790710449219,-0.08126284122216575,1789294688855007440,odom,65.49331324200011
68.19142690400031,1.8008644580841064,1.113288164138794,-0.07914471771128685,1789294688902879506,odom,65.54743477000011
68.2587286830003,1.8021830320358276,1.1135927438735962,-0.07561518359426413,1789294688965811521,odom,65.6147365490001
68.31518299400022,1.8033965826034546,1.1140810251235962,-0.072357361799232,1789294689035143166,odom,65.67119086000002
68.36693196200031,1.804239273071289,1.1144814491271973,-0.07099912410591774,1789294689079577952,odom,65.72293982800011
68.41964253100014,1.8054074048995972,1.1150673627853394,-0.06871367789592554,1789294689138453752,odom,65.77565039699994
68.4745211090003,1.8060227632522583,1.115513801574707,-0.06726078439767301,1789294689172155648,odom,65.8305289750001
68.525175193,1.8070844411849976,1.116767168045044,-0.06360183017955653,1789294689241668015,odom,65.8811830589998
68.58303127799991,1.8076175451278687,1.1176807880401611,-0.061181415811375636,1789294689292122394,odom,65.93903914399971
68.63655505899987,1.808294653892517,1.1185160875320435,-0.056876308416805,1789294689341921359,odom,65.99256292499967
68.68846348900024,1.8087273836135864,1.11882746219635,-0.05240243290136134,1789294689399891644,odom,66.04447135500004
68.74299175099986,1.8094255924224854,1.1190861463546753,-0.04777631259007799,1789294689458353787,odom,66.09899961699966
68.7979193860001,1.8101199865341187,1.1194477081298828,-0.044213536169101154,1789294689518598824,odom,66.1539272519999
68.84965126599991,1.8105862140655518,1.1197423934936523,-0.04235524410411345,1789294689551750451,odom,66.20565913199971
68.90714170699994,1.8110817670822144,1.1201519966125488,-0.0389256771270683,1789294689608250886,odom,66.26314957299974
68.95799221400011,1.8113731145858765,1.120564579963684,-0.03504685431520555,1789294689665253907,odom,66.31400007999991
69.01993378099996,1.8117754459381104,1.1208853721618652,-0.03212089931701252,1789294689728850633,odom,66.37594164699976
69.07721717499999,1.8122087717056274,1.1211103200912476,-0.02973854111120381,1789294689775139361,odom,66.43322504099979
69.13040027199986,1.812686562538147,1.121334195137024,-0.02683424486825024,1789294689841741115,odom,66.48640813799966
69.19022176699991,1.8131499290466309,1.1215901374816895,-0.024500555273190845,1789294689905416280,odom,66.54622963299971
69.2433714230001,1.8134548664093018,1.12177574634552,-0.022699382302723916,1789294689954913884,odom,66.5993792889999
69.29680112000005,1.8138728141784668,1.1219669580459595,-0.020854050651439634,1789294690018562585,odom,66.65280898599985
69.36690609700008,1.814153790473938,1.122022032737732,-0.019515477723708343,1789294690065493613,odom,66.72291396299988
69.41795373000014,1.8144385814666748,1.1222329139709473,-0.017945728458138775,1789294690136755973,odom,66.77396159599994
69.49946283300005,1.8145936727523804,1.122378945350647,-0.01681887452686223,1789294690210040360,odom,66.85547069899985
69.55066112700024,1.8150782585144043,1.1228302717208862,-0.013089740786008377,1789294690271576434,odom,66.90666899300004
69.61291739299986,1.8152104616165161,1.122987151145935,-0.011440094942323753,1789294690327550918,odom,66.96892525899966
69.67703730499989,1.815386176109314,1.1232218742370605,-0.008494169913517398,1789294690388186007,odom,67.03304517099969
69.7391649250003,1.815545678138733,1.1234650611877441,-0.006452778863870413,1789294690455287486,odom,67.0951727910001
69.79757715799997,1.8157380819320679,1.1236331462860107,-0.004790550797616855,1789294690518166572,odom,67.15358502399977
69.85689287600007,1.815767526626587,1.1237359046936035,-0.0034316536913841992,1789294690571668654,odom,67.21290074199987
69.90957630799994,1.8159195184707642,1.1238752603530884,-0.002262485857199993,1789294690631811171,odom,67.26558417399974
69.97123111300016,1.8161243200302124,1.1239080429077148,-0.00140611153643576,1789294690681753188,odom,67.32723897899996
70.03161893200013,1.8162870407104492,1.1238155364990234,-3.889816529332576e-05,1789294690744738847,odom,67.38762679799993
70.0836946960003,1.8164291381835938,1.1238243579864502,0.0011354571691710724,1789294690804767638,odom,67.4397025620001
70.13797114099998,1.8165429830551147,1.1238237619400024,0.0014457460696233248,1789294690854893237,odom,67.49397900699978
70.18916249099993,1.816558599472046,1.1238378286361694,0.0018156757149240454,1789294690891678601,odom,67.54517035699973
70.2398637440001,1.8166732788085938,1.123822569847107,0.001943519826491569,1789294690960070163,odom,67.5958716099999
70.2938694290001,1.8167428970336914,1.1237894296646118,0.0022132053188048005,1789294691011667520,odom,67.6498772949999
70.34598145000018,1.8167951107025146,1.123775601387024,0.0024086678112672437,1789294691058562070,odom,67.70198931599998
70.40623220799989,1.816806435585022,1.1238093376159668,0.0026376626633310024,1789294691111653119,odom,67.76224007399969
70.45708156199998,1.816752552986145,1.1221574544906616,-0.0043088556392395045,1789294691171695739,odom,67.81308942799978
70.51988069400022,1.8173325061798096,1.1224170923233032,-0.020490861694028136,1789294691222812444,odom,67.87588856000002
70.57239941600028,1.8171190023422241,1.1233032941818237,-0.034640768444472066,1789294691288025170,odom,67.92840728200008
70.64109308100024,1.8167932033538818,1.1247155666351318,-0.05046340870128102,1789294691348145276,odom,67.99710094700004
70.69666320200031,1.8166531324386597,1.1264032125473022,-0.06637980446801044,1789294691414935857,odom,68.05267106800011
70.75260024699992,1.8165383338928223,1.1276861429214478,-0.07978071760238965,1789294691471765786,odom,68.10860811299972
70.80572539000013,1.8164994716644287,1.128821849822998,-0.09064901468552884,1789294691518125802,odom,68.16173325599993
70.86646842100026,1.8165621757507324,1.129765272140503,-0.10051004084946492,1789294691561444789,odom,68.22247628700006
70.91831688100001,1.8165942430496216,1.1310951709747314,-0.1181558773795184,1789294691634756595,odom,68.27432474699981
70.9826071980001,1.8169739246368408,1.131963849067688,-0.13217533532845846,1789294691688259631,odom,68.3386150639999
71.03979602900017,1.8177049160003662,1.1327276229858398,-0.14927973691965518,1789294691756254464,odom,68.39580389499997
71.09063664799987,1.8186026811599731,1.1333245038986206,-0.16067049276621256,1789294691801308423,odom,68.44664451399967
71.15229113300029,1.8192424774169922,1.1347249746322632,-0.17906226720409377,1789294691868143588,odom,68.50829899900009
71.21456797500014,1.819840908050537,1.134675145149231,-0.19346479960855387,1789294691921782285,odom,68.57057584099994
71.265740284,1.8205395936965942,1.1336925029754639,-0.20786014439440084,1789294691974874526,odom,68.6217481499998
71.323102113,1.8214590549468994,1.132158637046814,-0.2257532235259466,1789294692042387277,odom,68.6791099789998
71.3872990509999,1.8218841552734375,1.1314576864242554,-0.2382380784818517,1789294692081539422,odom,68.7433069169997
71.43977831600023,1.8230504989624023,1.1303741931915283,-0.25906731878736217,1789294692151343852,odom,68.79578618200003
71.49067839200006,1.8245527744293213,1.1305601596832275,-0.2712352650858665,1789294692191478997,odom,68.84668625799986
71.5445257360002,1.8250082731246948,1.1309791803359985,-0.26152587114631753,1789294692264949113,odom,68.900533602
71.60297592100005,1.8259674310684204,1.1308913230895996,-0.2546708695582335,1789294692321585446,odom,68.95898378699985
71.65505728500011,1.8265678882598877,1.1310769319534302,-0.25079415584984377,1789294692374871045,odom,69.01106515099991
71.70799848500019,1.8273131847381592,1.131312370300293,-0.24677790275069425,1789294692418212205,odom,69.06400635099999
71.75999911100007,1.8282711505889893,1.131485104560852,-0.24235293979177017,1789294692474719554,odom,69.11600697699987
71.81492597800025,1.829278826713562,1.1313881874084473,-0.23847942469239097,1789294692525859862,odom,69.17093384400005
71.87764264299994,1.8304451704025269,1.131238579750061,-0.23441092505069022,1789294692579588920,odom,69.23365050899974
71.93136732499988,1.8312968015670776,1.1311513185501099,-0.23158866786880597,1789294692621443063,odom,69.28737519099968
71.98849276300007,1.8327988386154175,1.131115198135376,-0.22658386713786494,1789294692707988292,odom,69.34450062899987
72.0476133709999,1.8336671590805054,1.1311792135238647,-0.22359141669451327,1789294692761383325,odom,69.4036212369997
72.09880196799986,1.8344916105270386,1.1312143802642822,-0.22102485829164703,1789294692808061629,odom,69.45480983399966
72.14949070900002,1.8353874683380127,1.1311503648757935,-0.21820648063698025,1789294692861377984,odom,69.50549857499982
72.21111399300025,1.8365168571472168,1.1310875415802002,-0.2144511160315156,1789294692924855739,odom,69.56712185900005
72.26225052500013,1.8372646570205688,1.1310920715332031,-0.21219802935361637,1789294692971320420,odom,69.61825839099993
72.3242940160003,1.8380727767944336,1.1311168670654297,-0.20887157872827486,1789294693035503655,odom,69.6803018820001
72.38027803800014,1.8386272192001343,1.1310276985168457,-0.20523527900748967,1789294693101331263,odom,69.73628590399994
72.43219837300012,1.8389825820922852,1.1308727264404297,-0.20149990647839286,1789294693154768020,odom,69.78820623899992
72.4902565450002,1.8392804861068726,1.130517601966858,-0.1979981762011167,1789294693204663306,odom,69.84626441099999
72.54425368500006,1.8396729230880737,1.1302422285079956,-0.19468649901566532,1789294693264534503,odom,69.90026155099986
72.59855774700009,1.839933156967163,1.1301463842391968,-0.19237008583627832,1789294693311459332,odom,69.95456561299989
72.65383995499997,1.8402575254440308,1.1301308870315552,-0.18956087639328228,1789294693374626189,odom,70.00984782099977
72.70487337900022,1.8404420614242554,1.1301498413085938,-0.1880373759493036,1789294693411308556,odom,70.06088124500002
72.75616082800025,1.8407455682754517,1.1302193403244019,-0.1852571892938166,1789294693477860003,odom,70.11216869400005
72.80776332799996,1.8409899473190308,1.1302714347839355,-0.18298453883271548,1789294693524612933,odom,70.16377119399976
72.86440311700017,1.8410899639129639,1.1303141117095947,-0.1802911865243056,1789294693584737092,odom,70.22041098299997
72.92324640400011,1.8412846326828003,1.1304752826690674,-0.17724258010279345,1789294693632590323,odom,70.27925426999991
72.98068314700004,1.8415262699127197,1.1305789947509766,-0.17428849897677579,1789294693698731214,odom,70.33669101299984
73.03218810699991,1.8417094945907593,1.130505919456482,-0.1713383441956663,1789294693747766524,odom,70.38819597299971
73.0831613700002,1.841741919517517,1.1302440166473389,-0.16786844874647625,1789294693801257878,odom,70.439169236
73.13432606300012,1.8416341543197632,1.1299307346343994,-0.16589367816472658,1789294693851640254,odom,70.49033392899992
73.18568141800006,1.841693639755249,1.1296801567077637,-0.1644260481507813,1789294693907819777,odom,70.54168928399986
73.25069646400016,1.841802954673767,1.1296261548995972,-0.16326097662216743,1789294693954525023,odom,70.60670432999996
73.30826815599994,1.8420238494873047,1.1297460794448853,-0.16129634380278313,1789294694027837783,odom,70.66427602199974
73.36054011800024,1.8420956134796143,1.1298065185546875,-0.15974534854627598,1789294694082383901,odom,70.71654798400004
73.41839789999995,1.842094898223877,1.1298625469207764,-0.15804252518555056,1789294694134468823,odom,70.77440576599975
73.47610300499991,1.8420569896697998,1.1298401355743408,-0.15715820403705047,1789294694177766353,odom,70.83211087099971
73.5312496229999,1.841936707496643,1.129684567451477,-0.15520250354527473,1789294694251127749,odom,70.8872574889997
73.5822989520002,1.841863989830017,1.129593849182129,-0.15345744563166183,1789294694297883779,odom,70.938306818
73.63556845199992,1.8417474031448364,1.1295267343521118,-0.15129373759996734,1789294694358375102,odom,70.99157631799972
73.68649854500018,1.8417277336120605,1.12953782081604,-0.15003474558576882,1789294694407827168,odom,71.04250641099998
73.7396860900003,1.8416608572006226,1.1294735670089722,-0.14892959553359375,1789294694451155215,odom,71.0956939560001
73.79352079299997,1.8415440320968628,1.1292673349380493,-0.14717295409428566,1789294694515254527,odom,71.14952865899977
73.84727178000003,1.8414697647094727,1.129011869430542,-0.1459365687744681,1789294694561884194,odom,71.20327964599983
73.90216424600021,1.841331958770752,1.128591537475586,-0.1434872967613161,1789294694618221551,odom,71.25817211200001
73.96291569300001,1.8411965370178223,1.128301978111267,-0.14222938704144483,1789294694667664081,odom,71.31892355899981
74.01964390100011,1.8410171270370483,1.128274917602539,-0.14038921928374162,1789294694738008529,odom,71.37565176699991
74.0707801450003,1.8409407138824463,1.1283965110778809,-0.13958332425245454,1789294694784462005,odom,71.4267880110001
74.12482211799988,1.8409028053283691,1.128557801246643,-0.13842711098290955,1789294694844649106,odom,71.48082998399968
74.18738031400017,1.8408585786819458,1.128562569618225,-0.13762840109552613,1789294694891173631,odom,71.54338817999997
74.24459778600021,1.840894103050232,1.1285022497177124,-0.13713755476857672,1789294694931210547,odom,71.60060565200001
74.30346744100007,1.840919852256775,1.1283968687057495,-0.13648414048607937,1789294695017737657,odom,71.65947530699987
74.35699237400013,1.840996503829956,1.1284233331680298,-0.1362185863295706,1789294695051079303,odom,71.71300023999993
74.41669120899996,1.8410334587097168,1.1285228729248047,-0.13514142312377803,1789294695134590655,odom,71.77269907499976
74.47093811700006,1.841024398803711,1.1285676956176758,-0.13448836002906092,1789294695185381919,odom,71.82694598299986
74.52335293200031,1.8410643339157104,1.128639578819275,-0.13324893058853268,1789294695244465857,odom,71.8793607980001
74.58344973300018,1.8409953117370605,1.1287254095077515,-0.13276027382522543,1789294695301893502,odom,71.93945759899998
74.638448315,1.840945839881897,1.1287546157836914,-0.13239299691499218,1789294695348129779,odom,71.9944561809998
74.69307261199992,1.8408368825912476,1.1288203001022339,-0.1314219339763107,1789294695405357152,odom,72.04908047799972
74.75546648199997,1.840577244758606,1.1290298700332642,-0.13038396241997685,1789294695453982144,odom,72.11147434799977
74.81737451100025,1.8394933938980103,1.127624750137329,-0.10596563840489955,1789294695524521857,odom,72.17338237700005
74.88493754599995,1.839684247970581,1.1279029846191406,-0.08255148757261321,1789294695567806035,odom,72.24094541199975
74.93967656699988,1.8391878604888916,1.1274490356445312,-0.05742806831639736,1789294695627800256,odom,72.29568443299968
74.99253206899994,1.8386868238449097,1.1270464658737183,-0.029214774810263685,1789294695697716027,odom,72.34853993499974
75.06288274999997,1.8382456302642822,1.1266697645187378,-0.002949467725052205,1789294695771093875,odom,72.41889061599977
75.12129223000011,1.838049054145813,1.126561164855957,0.018019738927563114,1789294695838490754,odom,72.47730009599991
75.1757713699999,1.8378806114196777,1.1266069412231445,0.03660230716907452,1789294695897832900,odom,72.5317792359997
75.22714602199994,1.8376764059066772,1.1267677545547485,0.05194599765195427,1789294695947777539,odom,72.58315388799974
75.28643031599995,1.8374645709991455,1.1269525289535522,0.06756550803242536,1789294695997639686,odom,72.64243818199975
75.34647476300006,1.837317943572998,1.1272355318069458,0.08131965192555404,1789294696051130086,odom,72.70248262899986
75.4111230440003,1.8371256589889526,1.1277426481246948,0.09966868434967718,1789294696117690831,odom,72.7671309100001
75.47170350900024,1.8369821310043335,1.1282387971878052,0.11281975733207654,1789294696168302804,odom,72.82771137500004
75.52729315099987,1.8369518518447876,1.1289476156234741,0.13253104404760518,1789294696247631103,odom,72.88330101699967
75.57881747200008,1.8370260000228882,1.1291587352752686,0.14426031286607394,1789294696298410445,odom,72.93482533799988
75.6385879899999,1.8371059894561768,1.1293357610702515,0.15721934364646195,1789294696351014167,odom,72.9945958559997
75.69053107700029,1.8371762037277222,1.129573941230774,0.1695725207740461,1789294696404434949,odom,73.04653894300009
75.75160845400023,1.8373658657073975,1.1302528381347656,0.18380665766385984,1789294696467724114,odom,73.10761632000003
75.80387718400016,1.8374682664871216,1.1308715343475342,0.19718040826120506,1789294696524270802,odom,73.15988504999996
75.85733744200024,1.837527871131897,1.1311153173446655,0.2082609393312425,1789294696568368941,odom,73.21334530800004
75.91697064300024,1.8374338150024414,1.1316431760787964,0.22177320586845167,1789294696627601176,odom,73.27297850900004
75.97020651000003,1.8373692035675049,1.1321022510528564,0.2354961457186447,1789294696692644864,odom,73.32621437599983
76.02565889900006,1.8373081684112549,1.132798433303833,0.2492515436895289,1789294696740855246,odom,73.38166676499986
76.08093787400003,1.8375020027160645,1.1334015130996704,0.2627608775808293,1789294696797929316,odom,73.43694573999983
76.13685536599996,1.8375346660614014,1.1340253353118896,0.2747795884187411,1789294696845619708,odom,73.49286323199976
76.19034743300017,1.8375134468078613,1.1348707675933838,0.287706039107272,1789294696891196757,odom,73.54635529899997
76.24565136899992,1.8380581140518188,1.1348663568496704,0.30692517850272316,1789294696962139398,odom,73.60165923499972
76.30036286900031,1.8378345966339111,1.1355478763580322,0.33499094536547097,1789294697017649680,odom,73.65637073500011
76.35806672600029,1.8357552289962769,1.1401029825210571,0.36414040638851974,1789294697074716359,odom,73.71407459200009
76.40896968200013,1.8343218564987183,1.1428534984588623,0.3787710272084437,1789294697117409974,odom,73.76497754799993
76.46606756600022,1.8336842060089111,1.1430631875991821,0.38266536690572867,1789294697187553197,odom,73.82207543200002
76.52554229799989,1.833979845046997,1.1431469917297363,0.3754283509361017,1789294697236300021,odom,73.88155016399969
76.5898841369999,1.8338627815246582,1.1424806118011475,0.3734330345539685,1789294697301026374,odom,73.9458920029997
76.65961153299986,1.8330755233764648,1.14276123046875,0.37071224056214236,1789294697369676143,odom,74.01561939899966
76.71787035199986,1.8316303491592407,1.1431490182876587,0.3664559099084621,1789294697434164315,odom,74.07387821799966
76.77653404800003,1.8310028314590454,1.1431316137313843,0.3648050554448642,1789294697477618485,odom,74.13254191399983
76.82855973000005,1.830005407333374,1.142927885055542,0.36278314320661836,1789294697547500401,odom,74.18456759599985
76.88273191600001,1.8296607732772827,1.1429851055145264,0.3617408354610901,1789294697594126016,odom,74.23873978199981
76.95090591600001,1.829056978225708,1.1431447267532349,0.35969661422618715,1789294697661531001,odom,74.30691378199981
77.00281367400021,1.828354001045227,1.1431784629821777,0.358707378639035,1789294697721137553,odom,74.35882154000001
77.06015991799995,1.8277167081832886,1.1431185007095337,0.3576915521664076,1789294697777587920,odom,74.41616778399975
77.11858715900007,1.8269898891448975,1.1430374383926392,0.3560090864940568,1789294697834847480,odom,74.47459502499987
77.17792361400006,1.8262768983840942,1.1429626941680908,0.3544551460908679,1789294697897490054,odom,74.53393147999986
77.23813833900022,1.825822114944458,1.1430238485336304,0.3534336282614604,1789294697944276601,odom,74.59414620500002
77.2900809140001,1.8251557350158691,1.1430901288986206,0.3518092205531591,1789294698010751992,odom,74.6460887799999
77.34321389700017,1.8248196840286255,1.1431018114089966,0.3510193294047813,1789294698064112931,odom,74.69922176299997
77.40670969200028,1.8245632648468018,1.1431431770324707,0.3501153371656725,1789294698119204074,odom,74.76271755800008
77.45754755799999,1.8243969678878784,1.1431608200073242,0.35003761729983546,1789294698164049893,odom,74.81355542399979
77.5103029920001,1.8241384029388428,1.1431329250335693,0.35004103885735033,1789294698224598437,odom,74.8663108579999
77.5669470050002,1.8240054845809937,1.1431273221969604,0.34947059507974165,1789294698285861283,odom,74.922954871
77.62397509499988,1.8237571716308594,1.1431198120117188,0.34914777543779174,1789294698344716578,odom,74.97998296099968
77.68193246300007,1.8233821392059326,1.1443380117416382,0.3548365542978416,1789294698377367049,odom,75.03794032899987
77.76286701900017,1.823142647743225,1.144249439239502,0.37450196718954304,1789294698440673619,odom,75.11887488499997
77.81691945700004,1.8230466842651367,1.1447604894638062,0.3877351826435346,1789294698514298469,odom,75.17292732299984
77.88507127999992,1.8226890563964844,1.1455531120300293,0.40192315564816367,1789294698583093673,odom,75.24107914599972
77.9404729150001,1.8224116563796997,1.146497368812561,0.4007441238931954,1789294698654434234,odom,75.2964807809999
77.99286190600014,1.8217836618423462,1.1465566158294678,0.38998110268219005,1789294698707972794,odom,75.34886977199994
78.04768201700017,1.8213249444961548,1.1462290287017822,0.3862614816717849,1789294698750620156,odom,75.40368988299997
78.10517761100027,1.8200737237930298,1.1458587646484375,0.38234069526912484,1789294698817947417,odom,75.46118547700007
78.16079406900008,1.8192481994628906,1.145808458328247,0.37951847500663055,1789294698867415219,odom,75.51680193499988
78.21202081199999,1.8188546895980835,1.1458102464675903,0.37769329957668546,1789294698911622315,odom,75.56802867799979
78.3580508,1.8183369636535645,1.145582914352417,0.3748762229116672,1789294699044958383,odom,75.7140586659998
78.4278087570001,1.8182392120361328,1.1452651023864746,0.3741707847367588,1789294699134344369,odom,75.7838166229999
78.48250499300002,1.8181586265563965,1.1452354192733765,0.3739230233293227,1789294699197348624,odom,75.83851285899982
78.53505379600028,1.818078875541687,1.1452422142028809,0.37347320767059994,1789294699245570212,odom,75.89106166200008
78.59041309400027,1.817944884300232,1.1452536582946777,0.372750852247948,1789294699313251286,odom,75.94642096000007
78.64100186299993,1.817794919013977,1.1452324390411377,0.37243211374328716,1789294699347237616,odom,75.99700972899973
78.70520229000022,1.817582368850708,1.1452292203903198,0.37185559579448385,1789294699407489091,odom,76.06121015600002
78.75786226500031,1.8174670934677124,1.1451966762542725,0.3712235190788044,1789294699474012404,odom,76.11387013100011
78.8117559770003,1.8174220323562622,1.1451524496078491,0.37100002736766635,1789294699534096032,odom,76.1677638430001
78.86582886399992,1.8174643516540527,1.145094633102417,0.3709588780988867,1789294699587223321,odom,76.22183672999972
78.9248861420001,1.8174381256103516,1.1451150178909302,0.37077602910011365,1789294699640530616,odom,76.2808940079999
78.97827164499995,1.8174326419830322,1.145115852355957,0.37063766074878224,1789294699700701266,odom,76.33427951099975
79.03440508099993,1.8173997402191162,1.1450765132904053,0.3704458559551185,1789294699747277528,odom,76.39041294699973
79.092548696,1.8173258304595947,1.1450591087341309,0.3702638184033974,1789294699787266761,odom,76.4485565619998
79.16080353100006,1.8172457218170166,1.1451438665390015,0.3701103725235658,1789294699853969127,odom,76.51681139699986
79.21233901999994,1.817185401916504,1.145190954208374,0.36970253855734203,1789294699924138337,odom,76.56834688599974
79.27407267600029,1.817119836807251,1.1451598405838013,0.36950224652283864,1789294699987379104,odom,76.63008054200009
79.32763812100029,1.817058801651001,1.1451525688171387,0.3695302889100482,1789294700035232573,odom,76.68364598700009
79.38688862100025,1.8169777393341064,1.145189642906189,0.369448471739755,1789294700104103595,odom,76.74289648700005
79.44828985000004,1.816912293434143,1.1451807022094727,0.3691595055272796,1789294700160697967,odom,76.80429771599984
79.5083009519999,1.8168795108795166,1.14512300491333,0.3691038307997235,1789294700221722394,odom,76.8643088179997
79.56842284100003,1.816819667816162,1.1451269388198853,0.3690163845693131,1789294700263855487,odom,76.92443070699983
79.62131540000019,1.8167635202407837,1.145200490951538,0.36896200012722025,1789294700341622382,odom,76.97732326599998
79.67401124800017,1.8167097568511963,1.1451802253723145,0.3688634140599685,1789294700387174397,odom,77.03001911399997
79.73186138200026,1.8167201280593872,1.145168423652649,0.3687446387786492,1789294700447294265,odom,77.08786924800006
79.78398540300032,1.8166594505310059,1.145199179649353,0.36880243675717456,1789294700507205277,odom,77.13999326900012
79.83491924000009,1.8166303634643555,1.1452475786209106,0.368920973924121,1789294700553873330,odom,77.19092710599989
79.89844412399998,1.8166645765304565,1.1452676057815552,0.3685829281990967,1789294700603797465,odom,77.25445198999978
79.9614554220002,1.8166524171829224,1.1452142000198364,0.36864813109860095,1789294700677114755,odom,77.317463288
80.01275087100021,1.8166232109069824,1.1452696323394775,0.3687987939926027,1789294700734052926,odom,77.36875873700001
80.07167451300029,1.816594123840332,1.1453334093093872,0.3686634900030706,1789294700784176379,odom,77.42768237900009
80.12324872299996,1.8166165351867676,1.145320177078247,0.3684564567723556,1789294700844884187,odom,77.47925658899976
80.17563627300024,1.816638469696045,1.14530348777771,0.3684198485800233,1789294700877275735,odom,77.53164413900004
80.23129302100006,1.8165206909179688,1.1452850103378296,0.3683902565437902,1789294700947393208,odom,77.58730088699986
80.2834668999999,1.816457748413086,1.1453588008880615,0.36836383924282223,1789294700987471133,odom,77.6394747659997
80.33525843000007,1.8164494037628174,1.1454018354415894,0.368006377488944,1789294701053936749,odom,77.69126629599987
80.39348160000009,1.816429615020752,1.1453672647476196,0.3678248526199875,1789294701110509902,odom,77.74948946599989
80.44873529400002,1.8163635730743408,1.1453478336334229,0.3678956281814084,1789294701154009372,odom,77.80474315999982
80.50010303299996,1.8163347244262695,1.1454135179519653,0.36792430685204275,1789294701210494548,odom,77.85611089899976
80.56238669200002,1.8163257837295532,1.1454463005065918,0.36760495585585484,1789294701277080565,odom,77.91839455799982
80.63090095899997,1.816375970840454,1.145338773727417,0.36757837770135354,1789294701350890904,odom,77.98690882499977
80.69264312699988,1.8163527250289917,1.1453074216842651,0.3677332199116954,1789294701391958266,odom,78.04865099299968
80.75002911599995,1.8163303136825562,1.1454001665115356,0.36760577089781943,1789294701463906556,odom,78.10603698199975
80.81834673699996,1.8163563013076782,1.1453737020492554,0.3674714543085113,1789294701510912209,odom,78.17435460299976
80.88261346900026,1.8163760900497437,1.1453262567520142,0.36746391854880406,1789294701597044021,odom,78.23862133500006
80.93362487700006,1.8163315057754517,1.1453739404678345,0.36749064906549295,1789294701635174066,odom,78.28963274299986
80.99452183299991,1.81633722782135,1.145408034324646,0.36733728829057455,1789294701684168368,odom,78.35052969899971
81.04924453300009,1.816353440284729,1.1453505754470825,0.3673306973005797,1789294701767179995,odom,78.40525239899989
81.1023187300002,1.816359519958496,1.1453694105148315,0.36740564207975124,1789294701813840419,odom,78.458326596
81.15363021200028,1.8163220882415771,1.1454116106033325,0.36726120771557524,1789294701867033511,odom,78.50963807800008
81.20770063400005,1.8162894248962402,1.1454477310180664,0.3671697199353431,1789294701913797170,odom,78.56370849999985
81.26240547799989,1.8162765502929688,1.145400881767273,0.36709548478083254,1789294701971282750,odom,78.61841334399969
81.31481526900006,1.8162819147109985,1.1454212665557861,0.3672943322975621,1789294702037558585,odom,78.67082313499986
81.37686960700012,1.8162360191345215,1.1454803943634033,0.3673149247989291,1789294702083670646,odom,78.73287747299992
81.43542507600023,1.8162881135940552,1.1455426216125488,0.36724798082353227,1789294702153843194,odom,78.79143294200003
81.48656135200008,1.8163081407546997,1.1454992294311523,0.3672753190974069,1789294702207043916,odom,78.84256921799988
81.53755883900021,1.8163002729415894,1.1455247402191162,0.36734263259650646,1789294702260492831,odom,78.89356670500001
81.5947397660002,1.816280722618103,1.145569920539856,0.36735482107992745,1789294702294596940,odom,78.950747632
81.64636809000012,1.8162188529968262,1.1455899477005005,0.36718115118902706,1789294702363929063,odom,79.00237595599992
81.70143566600018,1.8162269592285156,1.1455440521240234,0.3670741202497014,1789294702421331674,odom,79.05744353199998
81.75491736499998,1.8162325620651245,1.1455175876617432,0.3671821838025495,1789294702473739654,odom,79.11092523099978
81.81642582900031,1.8162132501602173,1.145593523979187,0.3672295694835327,1789294702533751279,odom,79.17243369500011
81.89116766500001,1.8162205219268799,1.1456164121627808,0.3670302777813752,1789294702587096482,odom,79.24717553099981
81.9442060209999,1.8162686824798584,1.1455061435699463,0.3670551836119141,1789294702657673388,odom,79.3002138869997
82.00595254100017,1.8162213563919067,1.145500898361206,0.36702854480976066,1789294702722848683,odom,79.36196040699997
82.06997926500026,1.8161725997924805,1.1455713510513306,0.36701823760801366,1789294702777031213,odom,79.42598713100006
82.12335529700022,1.8161935806274414,1.1455364227294922,0.36690903032507427,1789294702842650205,odom,79.47936316300002
82.17621876600015,1.816236972808838,1.1455185413360596,0.36682672030291913,1789294702890553266,odom,79.53222663199995
82.23040580099996,1.8162482976913452,1.1455403566360474,0.36691366163821904,1789294702945429355,odom,79.58641366699976
82.2844268140002,1.8161956071853638,1.1456154584884644,0.3668360597254382,1789294703004363090,odom,79.64043468
82.34664208499998,1.8162270784378052,1.1456046104431152,0.3666191851504515,1789294703060548097,odom,79.70264995099978
82.39769499800013,1.8162734508514404,1.1455427408218384,0.3667845528678104,1789294703120351106,odom,79.75370286399993
82.45776594200015,1.816224217414856,1.1455180644989014,0.36686298650950006,1789294703173916369,odom,79.81377380799995
82.51541373300006,1.8162108659744263,1.1455888748168945,0.36668840327156,1789294703237166911,odom,79.87142159899986
82.56761013999994,1.8161981105804443,1.1455423831939697,0.3665342475016097,1789294703290735274,odom,79.92361800599974
82.63215611400028,1.8162513971328735,1.1455342769622803,0.3665280868474906,1789294703340245992,odom,79.98816398000008
82.68288664800002,1.8162463903427124,1.1455492973327637,0.36654564920860366,1789294703397094279,odom,80.03889451399982
82.7423335389999,1.816187858581543,1.1455954313278198,0.36653671737086424,1789294703453604251,odom,80.0983414049997
82.79409018800015,1.8162298202514648,1.1456239223480225,0.36636391004537244,1789294703513744861,odom,80.15009805399995
82.84999692800011,1.8162624835968018,1.1455823183059692,0.36633711274892017,1789294703563804179,odom,80.20600479399991
82.90433891200018,1.8162528276443481,1.1455687284469604,0.3663903435868517,1789294703616823464,odom,80.26034677799998
82.95592125100029,1.8161591291427612,1.145615816116333,0.3663991625825694,1789294703676934987,odom,80.31192911700009
83.01693453000007,1.8161758184432983,1.1456327438354492,0.36631301299114616,1789294703724039823,odom,80.37294239599987
83.07522762200006,1.816228985786438,1.1456044912338257,0.36614943168520697,1789294703784616500,odom,80.43123548799986
83.1309502920003,1.8162211179733276,1.1455703973770142,0.3663130645843038,1789294703848511964,odom,80.4869581580001
83.19640458399999,1.8162219524383545,1.1456267833709717,0.3662336518935817,1789294703906847983,odom,80.55241244999979
83.24815121700021,1.816211462020874,1.1456114053726196,0.3660868075129028,1789294703970121890,odom,80.60415908300001
83.30009955200012,1.8161967992782593,1.1455528736114502,0.3660330277182592,1789294704020170957,odom,80.65610741799992
83.35855575400001,1.8162356615066528,1.1455903053283691,0.36603233471811775,1789294704060243874,odom,80.71456361999981
83.41322402000014,1.8161720037460327,1.145639419555664,0.3660164053129849,1789294704134619504,odom,80.76923188599994
83.46996403599996,1.8161722421646118,1.1456298828125,0.3659390674559548,1789294704186723023,odom,80.82597190199976
83.52214124300008,1.8162397146224976,1.1456031799316406,0.36583185982753064,1789294704227124244,odom,80.87814910899988
83.57940831699989,1.816260814666748,1.145613193511963,0.3659103469848953,1789294704290078669,odom,80.93541618299969
83.63524475000031,1.8162447214126587,1.145630121231079,0.36592467739083445,1789294704330110103,odom,80.99125261600011
83.6913575450003,1.8162267208099365,1.1456677913665771,0.36593786284027363,1789294704403867274,odom,81.0473654110001
83.75010633300008,1.8162647485733032,1.1455844640731812,0.3658600623593411,1789294704471252232,odom,81.10611419899988
83.80693294299999,1.8163273334503174,1.1455694437026978,0.3658671290813764,1789294704507086307,odom,81.16294080899979
83.85762859700026,1.8162351846694946,1.1455789804458618,0.3659558186243461,1789294704573807984,odom,81.21363646300006
83.91397199099993,1.8161964416503906,1.1456124782562256,0.36583516615580775,1789294704633833915,odom,81.26997985699973
83.96577501000002,1.8162529468536377,1.1455714702606201,0.36591034506376624,1789294704686935931,odom,81.32178287599982
84.01819833700029,1.8162648677825928,1.1455657482147217,0.3659283983900971,1789294704736675530,odom,81.37420620300009
84.08255431999987,1.8162553310394287,1.1455540657043457,0.3658771114142232,1789294704793704301,odom,81.43856218599967
84.13895794100017,1.81624436378479,1.145591378211975,0.3658559179682624,1789294704834080726,odom,81.49496580699997
84.19227217800017,1.8162366151809692,1.1456035375595093,0.3657232872572929,1789294704906868964,odom,81.54828004399997
84.25948131299992,1.816286563873291,1.1455949544906616,0.3657179015135435,1789294704959944039,odom,81.61548917899972
84.3142409750003,1.8162574768066406,1.1455880403518677,0.365645930802342,1789294705033641606,odom,81.6702488410001
84.36760289299991,1.816220760345459,1.1456042528152466,0.36574828917144087,1789294705080107718,odom,81.72361075899971
84.421036878,1.8161910772323608,1.1456197500228882,0.36562779575415166,1789294705140086919,odom,81.7770447439998
84.47950853600014,1.8162339925765991,1.1455990076065063,0.3656892052957103,1789294705200250894,odom,81.83551640199994
84.53100908099987,1.8162407875061035,1.1455613374710083,0.365642322751863,1789294705246842891,odom,81.88701694699967
84.5858776099999,1.816201090812683,1.1456059217453003,0.3656681130809564,1789294705296778232,odom,81.9418854759997
84.6460870220003,1.816199541091919,1.1456443071365356,0.36561455322026204,1789294705347590476,odom,82.0020948880001
84.70930059900002,1.8162829875946045,1.145638346672058,0.3655731324333302,1789294705417643815,odom,82.06530846499982
84.762799739,1.8162891864776611,1.1456140279769897,0.36561765611678804,1789294705463487178,odom,82.1188076049998
84.82058302199994,1.8162287473678589,1.1456375122070312,0.3656254925363078,1789294705538641005,odom,82.17659088799974
84.88507257800029,1.8162161111831665,1.1456751823425293,0.36557444547515183,1789294705596917659,odom,82.24108044400009
84.94631162499991,1.8163045644760132,1.1456280946731567,0.36555328229135975,1789294705663986951,odom,82.30231949099971
84.99928914600014,1.8162723779678345,1.1455985307693481,0.3656205376095882,1789294705716641456,odom,82.35529701199994
85.05200595499991,1.8162493705749512,1.1456326246261597,0.36572150517647917,1789294705763515502,odom,82.40801382099971
85.10341696000023,1.8162639141082764,1.145685076713562,0.36562628100176076,1789294705802014380,odom,82.45942482600003
85.15950287400028,1.8162975311279297,1.145615816116333,0.36554129388839196,1789294705876644641,odom,82.51551074000008
85.2260072500003,1.8163120746612549,1.14556884765625,0.3655523879866688,1789294705930789977,odom,82.5820151160001
85.28665229299986,1.8162505626678467,1.145596981048584,0.36552420269942365,1789294705994774848,odom,82.64266015899966
85.35637114500014,1.8162611722946167,1.1456352472305298,0.3654880805155124,1789294706072300940,odom,82.71237901099994
85.41010104299994,1.8168166875839233,1.145829200744629,0.36545705245731125,1789294706129919797,odom,82.76610890899974
85.46464165799989,1.8197407722473145,1.1471736431121826,0.3677444406249773,1789294706186783582,odom,82.82064952399969
85.51850244100024,1.824107050895691,1.1482646465301514,0.369068271691189,1789294706233268529,odom,82.87451030700004
85.57388225100021,1.829163670539856,1.1493308544158936,0.36964029814745625,1789294706286806136,odom,82.92989011700001
85.62517440400006,1.8392913341522217,1.1527173519134521,0.37371368815824335,1789294706347018271,odom,82.98118226999986
85.6811936920003,1.849514365196228,1.15579354763031,0.3786659981179181,1789294706393675834,odom,83.0372015580001
85.7377826310003,1.861201524734497,1.160201907157898,0.3842142286995378,1789294706453517943,odom,83.0937904970001
85.79384867199997,1.8693312406539917,1.1648675203323364,0.39056083259070246,1789294706513257771,odom,83.14985653799977
85.85056091100023,1.880959153175354,1.17255437374115,0.39423576220519163,1789294706573288709,odom,83.20656877700003
85.90903765800022,1.8910627365112305,1.1784449815750122,0.3946708230954026,1789294706616632014,odom,83.26504552400002
85.96647577700014,1.9034596681594849,1.1858439445495605,0.3896107452501717,1789294706673241168,odom,83.32248364299994
86.01787743800014,1.9099305868148804,1.189906120300293,0.3859982737842166,1789294706710024625,odom,83.37388530399994
86.0748827110001,1.9188950061798096,1.1916171312332153,0.39226976252039397,1789294706796674996,odom,83.4308905769999
86.13302776599994,1.9224942922592163,1.19389009475708,0.3943179002872625,1789294706849883824,odom,83.48903563199974
86.18982759200026,1.9240679740905762,1.1929517984390259,0.3982373284146607,1789294706909997970,odom,83.54583545800006
86.24590812999986,1.9228785037994385,1.193814992904663,0.40174379608263755,1789294706963279992,odom,83.60191599599966
86.32623482500003,1.9211944341659546,1.1937801837921143,0.4042347349807252,1789294707026562959,odom,83.68224269099983
86.39863514299986,1.9198968410491943,1.1932307481765747,0.40599806369433694,1789294707100358277,odom,83.75464300899966
86.44973621700001,1.9196184873580933,1.1928437948226929,0.4061644298450799,1789294707156687051,odom,83.80574408299981
86.50033964300019,1.9195678234100342,1.1927376985549927,0.4054876712266226,1789294707216657906,odom,83.85634750899999
86.5617974820002,1.9196077585220337,1.1928060054779053,0.40529125833520646,1789294707259890824,odom,83.917805348
86.61752203900005,1.919608235359192,1.1928980350494385,0.40527019392581964,1789294707326486379,odom,83.97352990499985
86.66958266600022,1.9195417165756226,1.1928372383117676,0.40526171170558883,1789294707389810830,odom,84.02559053200002
86.722013866,1.9216272830963135,1.1933557987213135,0.40476402489713437,1789294707438124209,odom,84.0780217319998
86.77857259600023,1.9221526384353638,1.1945501565933228,0.40358910762725636,1789294707463357955,odom,84.13458046200003
86.83533590800016,1.9290443658828735,1.1983230113983154,0.4001729670966188,1789294707549866706,odom,84.19134377399996
86.88636238900017,1.936364769935608,1.2020536661148071,0.3976770551673959,1789294707603151589,odom,84.24237025499997
86.94543237100015,1.9451661109924316,1.2061361074447632,0.39482415748955557,1789294707663081437,odom,84.30144023699995
86.99819974100001,1.9548333883285522,1.2097084522247314,0.39411425771917863,1789294707719119817,odom,84.35420760699981
87.05031688200006,1.9599461555480957,1.2104939222335815,0.39622724428134637,1789294707771615535,odom,84.40632474799986
87.11023540499991,1.9752507209777832,1.2150957584381104,0.3963320051465485,1789294707824049025,odom,84.46624327099971
87.16184014400005,1.9888272285461426,1.2199304103851318,0.3973357430718481,1789294707882250338,odom,84.51784800999985
87.2158315239999,2.0009853839874268,1.223633885383606,0.39675427918123113,1789294707926753550,odom,84.5718393899997
87.2676633430001,2.0140233039855957,1.2289093732833862,0.39486147045879993,1789294707983254701,odom,84.6236712089999
87.326668875,2.0169968605041504,1.2302968502044678,0.39624626015818704,1789294708034903556,odom,84.6826767409998
87.37908106600025,2.021660804748535,1.2327154874801636,0.4008896186619806,1789294708094295770,odom,84.73508893200005
87.43362190400012,2.022493839263916,1.2328065633773804,0.4041735714522342,1789294708153553039,odom,84.78962976999992
87.49702496000009,2.0196409225463867,1.2309592962265015,0.4026170221055346,1789294708209861308,odom,84.85303282599989
87.5520283410001,2.0154623985290527,1.2281453609466553,0.40075275444223685,1789294708273940831,odom,84.9080362069999
87.61282718100028,2.012939214706421,1.2264090776443481,0.39696896381311575,1789294708323186904,odom,84.96883504700008
87.67043778700008,2.0110161304473877,1.2250103950500488,0.3942606486828514,1789294708389671594,odom,85.02644565299988
87.73070828900018,2.009978771209717,1.2243199348449707,0.3926979627253116,1789294708445506364,odom,85.08671615499998
87.78325786000005,2.008911609649658,1.2236443758010864,0.39138247309355295,1789294708503078252,odom,85.13926572599985
87.83766912600004,2.007923126220703,1.2230125665664673,0.39127410179253197,1789294708560390740,odom,85.19367699199984
87.90475262500013,2.0071003437042236,1.22244131565094,0.3916209626193277,1789294708606329232,odom,85.26076049099993
87.95664415800002,2.0063655376434326,1.221611738204956,0.3921145181819784,1789294708664151460,odom,85.31265202399982
88.0080023620003,2.00591778755188,1.2209950685501099,0.39141162910370303,1789294708713014155,odom,85.3640102280001
88.06833276999987,2.0055363178253174,1.2204324007034302,0.39080741167165817,1789294708786455661,odom,85.42434063599967
88.11916846000031,2.00720477104187,1.2203428745269775,0.3896313542456644,1789294708836328298,odom,85.47517632600011
88.17619616599995,2.0097169876098633,1.221902847290039,0.39085541715773436,1789294708886744052,odom,85.53220403199975
88.23265985199987,2.0157642364501953,1.2246818542480469,0.39394308628358893,1789294708943458110,odom,85.58866771799967
88.29610185299998,2.0227339267730713,1.2282794713974,0.3953900110620025,1789294709003130704,odom,85.65210971899978
88.35001937400011,2.0306591987609863,1.233225703239441,0.39406535943284426,1789294709056648761,odom,85.70602723999991
88.4062573250003,2.0382068157196045,1.2378252744674683,0.39449446861831333,1789294709102963477,odom,85.7622651910001
88.46166977700022,2.0531468391418457,1.2460083961486816,0.39908847653638635,1789294709183034450,odom,85.81767764300002
88.51654576200008,2.060910701751709,1.2498542070388794,0.3997428416511478,1789294709216315776,odom,85.87255362799988
88.56818995899994,2.078615188598633,1.2592321634292603,0.4001178723999415,1789294709286348611,odom,85.92419782499974
88.62131734200011,2.088883638381958,1.2652174234390259,0.3998797983822211,1789294709333627015,odom,85.97732520799991
88.67589328500026,2.096223831176758,1.2714446783065796,0.39722751238007387,1789294709396692544,odom,86.03190115100006
88.72811900600027,2.101189136505127,1.2752009630203247,0.3967429209407059,1789294709447404891,odom,86.08412687200007
88.78234808900015,2.1020095348358154,1.2763729095458984,0.3970629576397365,1789294709493061572,odom,86.13835595499995
88.84049471200024,2.099992036819458,1.2755554914474487,0.3998041008806242,1789294709559757262,odom,86.19650257800004
88.8995822310003,2.0980288982391357,1.274200677871704,0.40228272341782684,1789294709612995177,odom,86.2555900970001
88.960328269,2.0973143577575684,1.2735389471054077,0.4043650378379289,1789294709679468184,odom,86.3163361349998
89.01138575899995,2.0972862243652344,1.2735997438430786,0.4049209636770817,1789294709722916633,odom,86.36739362499975
89.06218039100031,2.0972442626953125,1.2738522291183472,0.4049388240279306,1789294709759648829,odom,86.41818825700011
89.14307750600028,2.097059965133667,1.2740073204040527,0.40557917255783205,1789294709836742907,odom,86.49908537200008
89.19460838700024,2.0968854427337646,1.2738757133483887,0.40617541426944476,1789294709883113652,odom,86.55061625300004
89.25219259100004,2.096933364868164,1.2737257480621338,0.40674080970732684,1789294709966303140,odom,86.60820045699984
89.30930657099998,2.097904682159424,1.2743444442749023,0.4047320747115224,1789294710028150350,odom,86.66531443699978
89.36630070799993,2.1002304553985596,1.2768441438674927,0.4020678989848908,1789294710076423436,odom,86.72230857399973
89.41990826700021,2.1059467792510986,1.2811003923416138,0.3973907927399325,1789294710129514247,odom,86.77591613300001
89.47066497800006,2.1138336658477783,1.286117672920227,0.39574311454223704,1789294710192868739,odom,86.82667284399986
89.5278337120003,2.120882511138916,1.2895883321762085,0.39428370442846145,1789294710239762336,odom,86.8838415780001
89.58006004100025,2.1305675506591797,1.2947536706924438,0.39519095874159743,1789294710293052464,odom,86.93606790700005
89.63851262600019,2.1398959159851074,1.3002523183822632,0.39215911924212277,1789294710352977067,odom,86.99452049199999
89.69080734099998,2.151357650756836,1.307582139968872,0.38877746031069443,1789294710402892381,odom,87.04681520699978
89.74917912299998,2.1633851528167725,1.3149735927581787,0.3867583167633165,1789294710458359509,odom,87.10518698899978
89.80438302399989,2.1780478954315186,1.321479320526123,0.3946604000752019,1789294710523842603,odom,87.16039088999969
89.85846154199999,2.1861984729766846,1.3251217603683472,0.3988248971610787,1789294710576324492,odom,87.21446940799979
89.9119460249999,2.1917688846588135,1.3236504793167114,0.40357023877853637,1789294710619604855,odom,87.2679538909997
89.97157733799986,2.196491241455078,1.3223167657852173,0.41216735776769264,1789294710679517299,odom,87.32758520399966
90.02455172400005,2.1964006423950195,1.3207447528839111,0.4146929199008647,1789294710744532853,odom,87.38055958999985
90.0804276140002,2.194816827774048,1.319063663482666,0.41292630943300584,1789294710796503097,odom,87.43643548
90.1392659410003,2.193472146987915,1.3177438974380493,0.4117888376358398,1789294710846163302,odom,87.4952738070001
90.19250324699988,2.192404270172119,1.3167983293533325,0.4109095809167934,1789294710912809878,odom,87.54851111299968
90.25848651700016,2.192040205001831,1.31663179397583,0.41071701682349016,1789294710952813178,odom,87.61449438299996
90.31309292600008,2.191556215286255,1.3165723085403442,0.4109862970741242,1789294711019780904,odom,87.66910079199988
90.36677802300028,2.1911308765411377,1.3164082765579224,0.4111626492167535,1789294711086543828,odom,87.72278588900008
90.42102624300014,2.191291332244873,1.3163245916366577,0.4113262643884657,1789294711133686810,odom,87.77703410899994
90.482941665,2.192582845687866,1.3164876699447632,0.4097655568314936,1789294711192913800,odom,87.8389495309998
90.5370478320001,2.1968460083007812,1.3172643184661865,0.4090019060625018,1789294711256210357,odom,87.8930556979999
90.60448462300019,2.2019829750061035,1.319305658340454,0.4104953067546151,1789294711309520036,odom,87.96049248899999
90.66149639200012,2.213289499282837,1.3238964080810547,0.4111359281885418,1789294711382741242,odom,88.01750425799992
90.71234228999992,2.2205376625061035,1.3268587589263916,0.41175563612513805,1789294711426032811,odom,88.06835015599972
90.76555415600023,2.2255735397338867,1.3291596174240112,0.4108966111700683,1789294711452738076,odom,88.12156202200003
90.82036037900025,2.2354984283447266,1.3321328163146973,0.4085394241830247,1789294711539521962,odom,88.17636824500005
90.87780960300006,2.2438764572143555,1.3355308771133423,0.40796394778839606,1789294711569446116,odom,88.23381746899986
90.96192752900015,2.2540550231933594,1.339327096939087,0.4062857672290366,1789294711602693349,odom,88.31793539499995
91.01425248500027,2.2890310287475586,1.3563865423202515,0.39251431515296575,1789294711719516307,odom,88.37026035100007
91.06553212600011,2.311418294906616,1.367800235748291,0.3919818550660042,1789294711776523143,odom,88.42153999199991
91.12648985100031,2.325716972351074,1.3750964403152466,0.3948985795114275,1789294711832983285,odom,88.48249771700011
91.17946935700002,2.3501827716827393,1.385495662689209,0.39376059861116897,1789294711899476081,odom,88.53547722299982
91.23473866699987,2.367319345474243,1.3928730487823486,0.39318841435175594,1789294711939568788,odom,88.59074653299967
91.29957297100009,2.3915770053863525,1.4015650749206543,0.3944885016596078,1789294712002721339,odom,88.65558083699989
91.351703456,2.4071261882781982,1.4073835611343384,0.3955227616229789,1789294712049694091,odom,88.7077113219998
91.40880063600025,2.428037643432617,1.4104331731796265,0.4003389226514196,1789294712121573001,odom,88.76480850200005
91.46229459100005,2.4324898719787598,1.4119842052459717,0.4040182146778352,1789294712182982713,odom,88.81830245699985
91.53226221900013,2.4356725215911865,1.4125940799713135,0.4089551955201615,1789294712240147382,odom,88.88827008499993
91.58448141100007,2.433990955352783,1.4115358591079712,0.4086931166011787,1789294712306357652,odom,88.94048927699987
91.64121745900002,2.431190013885498,1.409985899925232,0.40755311173354863,1789294712356286794,odom,88.99722532499982
91.69307555100022,2.4282569885253906,1.4083235263824463,0.4054784492155728,1789294712412872106,odom,89.04908341700002
91.75326029000007,2.4269258975982666,1.407625675201416,0.4041992479074307,1789294712446317941,odom,89.10926815599987
91.80687636099992,2.4259941577911377,1.4065223932266235,0.4044371929989721,1789294712500093966,odom,89.16288422699972
91.85849220499995,2.425577163696289,1.4057815074920654,0.40606859517951494,1789294712579600364,odom,89.21450007099975
91.91036780200011,2.4254658222198486,1.405537486076355,0.40712773727638396,1789294712632701188,odom,89.26637566799991
91.96271298200008,2.425412893295288,1.4054354429244995,0.4082958481037959,1789294712678510219,odom,89.31872084799988
92.02715380000018,2.425353765487671,1.4052808284759521,0.4090457387181557,1789294712722712308,odom,89.38316166599998
92.08443079400013,2.425257682800293,1.4051140546798706,0.40952340987865954,1789294712795907527,odom,89.44043865999993
92.13531490200012,2.425222873687744,1.4050602912902832,0.409701957430225,1789294712849620372,odom,89.49132276799992
92.18869362100031,2.4251091480255127,1.4050096273422241,0.4099404600186543,1789294712903105765,odom,89.54470148700011
92.24029087200006,2.425002098083496,1.4049172401428223,0.40992155830790755,1789294712942541152,odom,89.59629873799986
92.29509463100021,2.4249346256256104,1.4048562049865723,0.4097624417816576,1789294713016143590,odom,89.65110249700001
92.3545345460002,2.4249050617218018,1.4048333168029785,0.4098482701514612,1789294713069286376,odom,89.710542412
92.40706110800011,2.425438165664673,1.404773235321045,0.4093559080064774,1789294713129613429,odom,89.7630689739999
92.45821552899997,2.4280848503112793,1.4046165943145752,0.40839631044601254,1789294713176069528,odom,89.81422339499977
92.51493291999986,2.4309849739074707,1.4056556224822998,0.40903961058600574,1789294713215893298,odom,89.87094078599966
92.56828149400008,2.4386188983917236,1.4091209173202515,0.41174461837056336,1789294713286860496,odom,89.92428935999988
92.62018064299991,2.4462151527404785,1.4121801853179932,0.4150166118815743,1789294713342710286,odom,89.97618850899971
92.67348009600028,2.4555678367614746,1.416555643081665,0.41369031560479796,1789294713395886928,odom,90.02948796200008
92.73511682000026,2.4656007289886475,1.4230105876922607,0.41163078878671205,1789294713450291663,odom,90.09112468600006
92.79734178800027,2.4700567722320557,1.4262909889221191,0.41037183355319257,1789294713483630448,odom,90.15334965400007
