t_s,utc,source_stamp_s,receipt_age_s,x_m,y_m,z_m,yaw_rad,source,frame,raw_frame
0.021767279999949096,2026-09-13T15:35:58.763764+00:00,1789313758.6742818,0.08948206901550293,-0.00033572616632248,1.4901211345179583e-05,0.3138603316641016,-0.00029580753419926814,control_pose,robot_origin,robot_origin
0.06154642100000274,2026-09-13T15:35:58.798734+00:00,1789313758.7741265,0.024607419967651367,-0.0002760988277258855,-0.00011382028034772074,0.3138608932495117,-0.0003738838403615932,control_pose,robot_origin,robot_origin
0.08924147199968502,2026-09-13T15:35:58.831239+00:00,1789313758.7442122,0.08702683448791504,-0.00030284610523481745,-7.33093443767732e-05,0.3138605054286977,-0.0003969594056648782,control_pose,robot_origin,robot_origin
0.11300055899982908,2026-09-13T15:35:58.854997+00:00,1789313758.8302088,0.02478814125061035,-0.0003642611809449432,-0.00010257418562049602,0.3138623833656311,-0.0002447513970417799,control_pose,robot_origin,robot_origin
0.17191730699960317,2026-09-13T15:35:58.913884+00:00,1789313758.818393,0.09549093246459961,-0.00034203799916201105,-0.00010571269609415812,0.3138621641966523,-0.0002574372745143104,control_pose,robot_origin,robot_origin
0.2137701769997875,2026-09-13T15:35:58.955773+00:00,1789313758.901351,0.05442214012145996,-0.0003388977710964994,2.5587033926877703e-05,0.313861221075058,-0.00024353167289941662,control_pose,robot_origin,robot_origin
0.24405509199959852,2026-09-13T15:35:58.986050+00:00,1789313758.8875062,0.09854364395141602,-0.0003475303663131009,7.24262268608463e-06,0.3138615066878094,-0.0002206390126207168,control_pose,robot_origin,robot_origin
0.288288029999876,2026-09-13T15:35:59.030282+00:00,1789313758.9792864,0.050995588302612305,-0.0002859669665800108,-5.8994959938215314e-05,0.31386032700538635,-0.00041248660377489254,control_pose,robot_origin,robot_origin
0.3114300499996716,2026-09-13T15:35:59.053429+00:00,1789313758.9594297,0.09399914741516113,-0.0003123591605821591,-3.330807067556485e-05,0.3138605561160071,-0.0003982513020970309,control_pose,robot_origin,robot_origin
0.34535943699984273,2026-09-13T15:35:59.087360+00:00,1789313759.0393367,0.048023223876953125,-0.0002637437128813503,-7.154242535367306e-05,0.31386053562164307,-0.00037374536092551716,control_pose,robot_origin,robot_origin
0.41663711199998943,2026-09-13T15:35:59.158637+00:00,1789313759.0273633,0.13127374649047852,-0.0002681748221845111,-6.904057789766386e-05,0.3138604940255092,-0.0003814700300664673,control_pose,robot_origin,robot_origin
0.44749147599986827,2026-09-13T15:35:59.189481+00:00,1789313759.1091948,0.08028626441955566,-0.0003379216288957595,2.4220742124599873e-06,0.31385964155197144,-6.620184906049318e-05,control_pose,robot_origin,robot_origin
0.46159153299959144,2026-09-13T15:35:59.203592+00:00,1789313759.1069133,0.0966787338256836,-0.00033569672603381566,-5.485192179680541e-07,0.31385966963309203,-6.722227481101028e-05,control_pose,robot_origin,robot_origin
0.503723830999661,2026-09-13T15:35:59.245719+00:00,1789313759.2128413,0.03287768363952637,-0.0002807755219969224,-7.009582547973849e-05,0.31386008858680725,-0.00035068265804851173,control_pose,robot_origin,robot_origin
0.5407208489996265,2026-09-13T15:35:59.282721+00:00,1789313759.2651584,0.0175626277923584,-0.0002735829674812442,-8.710713101819454e-05,0.3138599097728729,-0.00012233139554393473,control_pose,robot_origin,robot_origin
0.6057082829997853,2026-09-13T15:35:59.347718+00:00,1789313759.235382,0.1123359203338623,-0.0002660496141073836,-9.373731906769455e-05,0.3138597156147036,-0.0002503878600822125,control_pose,robot_origin,robot_origin
0.6477866599998379,2026-09-13T15:35:59.389781+00:00,1789313759.349558,0.040222883224487305,-0.00028338381530413975,2.8080914817644234e-05,0.31385907530784607,-0.0001803262947817393,control_pose,robot_origin,robot_origin
0.671999608999613,2026-09-13T15:35:59.413997+00:00,1789313759.303821,0.11017584800720215,-0.0002857214435427784,-3.995640387310314e-05,0.313860067349632,-8.35249218835758e-05,control_pose,robot_origin,robot_origin
0.7023011639998913,2026-09-13T15:35:59.444275+00:00,1789313759.4095492,0.03472566604614258,-0.00027707779867298954,4.7970097945226165e-06,0.31385841965675354,-0.00035847310669131946,control_pose,robot_origin,robot_origin
0.728734018999603,2026-09-13T15:35:59.470727+00:00,1789313759.3781695,0.09255743026733398,-0.00027848379425596064,2.8077495073394968e-05,0.31385865879929326,-0.00031107606164797343,control_pose,robot_origin,robot_origin
0.7657010849998187,2026-09-13T15:35:59.507699+00:00,1789313759.4626513,0.045047760009765625,-0.00023613541662105038,-7.695782794630267e-05,0.3138597309589386,-0.00024679689660526754,control_pose,robot_origin,robot_origin
0.8035026919997108,2026-09-13T15:35:59.545501+00:00,1789313759.4590943,0.08640670776367188,-0.00023975926633017187,-7.160220745954864e-05,0.3138596041658288,-0.00025032167013109614,control_pose,robot_origin,robot_origin
0.8346482599999945,2026-09-13T15:35:59.576632+00:00,1789313759.5293922,0.04723978042602539,0.0006334689991428797,-3.5040462784451457e-05,0.3138633370399475,0.00011798525851589935,control_pose,robot_origin,robot_origin
0.8556482320000214,2026-09-13T15:35:59.597641+00:00,1789313759.519959,0.0776820182800293,0.0004381034512523573,-4.673914362271264e-05,0.3138622298689703,4.6125077125175824e-05,control_pose,robot_origin,robot_origin
0.8792650759996832,2026-09-13T15:35:59.621266+00:00,1789313759.5826042,0.03866171836853027,0.0032613761484042957,0.0011804677276567102,0.31310543417930603,-4.178535320291464e-05,control_pose,robot_origin,robot_origin
0.9024680899997293,2026-09-13T15:35:59.644465+00:00,1789313759.639209,0.005255937576293945,0.008506408275485117,0.0013123382697999698,0.31203368306159973,-0.005559102585169409,control_pose,robot_origin,robot_origin
0.9285535479998543,2026-09-13T15:35:59.670552+00:00,1789313759.588915,0.08163690567016602,0.003508377401908392,0.0014636257585064999,0.3129478995975148,-0.000369860262554135,control_pose,robot_origin,robot_origin
0.9593886149996251,2026-09-13T15:35:59.701348+00:00,1789313759.6958823,0.00546574592590332,0.017236267285245785,0.0017031347851747284,0.311657190322876,-0.011732551940808068,control_pose,robot_origin,robot_origin
0.9929500289999851,2026-09-13T15:35:59.734942+00:00,1789313759.6572475,0.07769441604614258,0.010879951460290986,0.0014995174133080264,0.3119753911367363,-0.0077477592819240855,control_pose,robot_origin,robot_origin
1.0206233189996965,2026-09-13T15:35:59.762621+00:00,1789313759.749447,0.013173818588256836,0.026475163159750202,0.0016635411470833066,0.3109419345855713,-0.01564592980203942,control_pose,robot_origin,robot_origin
1.0675365539996164,2026-09-13T15:35:59.809498+00:00,1789313759.7292352,0.08026289939880371,0.02300845656700153,0.0017453484014529775,0.31126514596617144,-0.014264435550653666,control_pose,robot_origin,robot_origin
1.1006105039996328,2026-09-13T15:35:59.842608+00:00,1789313759.8113294,0.03127861022949219,0.03552379731143783,0.0003050864558289939,0.30991944670677185,-0.017806013661716504,control_pose,robot_origin,robot_origin
1.138644242999817,2026-09-13T15:35:59.880576+00:00,1789313759.8053567,0.07521915435791016,0.03484668109623139,0.0004583063711893036,0.3100296973380351,-0.017658067724954003,control_pose,robot_origin,robot_origin
1.1871688950000134,2026-09-13T15:35:59.929164+00:00,1789313759.8825536,0.046610355377197266,0.05087687215019282,-0.0006182561946360583,0.3084544539451599,-0.020875772286264214,control_pose,robot_origin,robot_origin
1.2315340259997356,2026-09-13T15:35:59.973531+00:00,1789313759.8761902,0.09734082221984863,0.04886239799328216,-0.0005414754571889911,0.30866615043250945,-0.02079709381838368,control_pose,robot_origin,robot_origin
1.2741950999998153,2026-09-13T15:36:00.016187+00:00,1789313759.98013,0.0360569953918457,0.08203514801584022,-0.0018851471216990365,0.30255573987960815,-0.019015914031179037,control_pose,robot_origin,robot_origin
1.2984029609997378,2026-09-13T15:36:00.040354+00:00,1789313759.9458594,0.09449458122253418,0.07089760287694327,-0.00149044567252277,0.30477220125067395,-0.019653227902504018,control_pose,robot_origin,robot_origin
1.3292445239999324,2026-09-13T15:36:00.071242+00:00,1789313760.0358007,0.03544139862060547,0.10315503784561786,-0.0011834240560363307,0.3009324371814728,-0.01914373502199222,control_pose,robot_origin,robot_origin
1.3654808909996063,2026-09-13T15:36:00.107474+00:00,1789313760.020554,0.08692002296447754,0.09726778516667811,-0.0013790257075758788,0.30142151104194087,-0.019091003812645495,control_pose,robot_origin,robot_origin
1.415432380999846,2026-09-13T15:36:00.157421+00:00,1789313760.1025975,0.05482363700866699,0.12810864976310807,-0.0023953546453160945,0.3042348325252533,-0.010555359535866391,control_pose,robot_origin,robot_origin
1.4490110419997109,2026-09-13T15:36:00.191007+00:00,1789313760.0926888,0.09831809997558594,0.12560134587386493,-0.002442471415692496,0.3037347854692048,-0.011673822223821202,control_pose,robot_origin,robot_origin
1.4848368419998224,2026-09-13T15:36:00.226837+00:00,1789313760.1825993,0.044237613677978516,0.15206430571345697,-0.0008988060241494275,0.30386021733283997,-0.0059331922718805,control_pose,robot_origin,robot_origin
1.4965639029996964,2026-09-13T15:36:00.238562+00:00,1789313760.1463172,0.09224486351013184,0.14119999766705535,-0.0015775169415409157,0.30403011186036516,-0.008038092879341123,control_pose,robot_origin,robot_origin
1.5343569649999154,2026-09-13T15:36:00.276355+00:00,1789313760.240767,0.03558802604675293,0.17151481929132287,0.0032974638284815755,0.30182015895843506,-0.007628835080024683,control_pose,robot_origin,robot_origin
1.5807344159998138,2026-09-13T15:36:00.322728+00:00,1789313760.2182145,0.10451340675354004,0.16397356116392062,0.001670506575952413,0.3026111204276408,-0.006932463419976547,control_pose,robot_origin,robot_origin
1.614663482999731,2026-09-13T15:36:00.356658+00:00,1789313760.3097389,0.04691910743713379,0.1935075413282341,0.006188121661653473,0.30027055740356445,-0.006955702382475114,control_pose,robot_origin,robot_origin
1.6593923959999302,2026-09-13T15:36:00.401377+00:00,1789313760.28581,0.11556696891784668,0.18674273342323025,0.005005446161694724,0.30024873703298716,-0.006822992009859289,control_pose,robot_origin,robot_origin
1.698775146999651,2026-09-13T15:36:00.440766+00:00,1789313760.3830554,0.05771064758300781,0.2086707931674179,0.010120869982104236,0.3004212975502014,-0.008603420231879632,control_pose,robot_origin,robot_origin
1.7254815109999981,2026-09-13T15:36:00.467476+00:00,1789313760.361235,0.10624098777770996,0.20475121131315394,0.008850252975429782,0.3004022578596998,-0.008123416208478312,control_pose,robot_origin,robot_origin
1.74614576499971,2026-09-13T15:36:00.488094+00:00,1789313760.4425392,0.04555487632751465,0.21385731957441978,0.009925029146854739,0.3020152449607849,-0.007099009376739384,control_pose,robot_origin,robot_origin
1.7836203589999968,2026-09-13T15:36:00.525618+00:00,1789313760.4378746,0.08774352073669434,0.21345057839790926,0.009940387505318032,0.30189024337124293,-0.007214477256857315,control_pose,robot_origin,robot_origin
1.7985238199999003,2026-09-13T15:36:00.540521+00:00,1789313760.5087378,0.031783103942871094,0.2143158551760601,0.009645076825057955,0.30144399404525757,-0.00023268769636575047,control_pose,robot_origin,robot_origin
1.8442811009999787,2026-09-13T15:36:00.586279+00:00,1789313760.4973307,0.08894824981689453,0.2142315948076373,0.009723823275210916,0.3015105192873334,-0.00149470648924117,control_pose,robot_origin,robot_origin
1.8948301999998876,2026-09-13T15:36:00.636814+00:00,1789313760.5926266,0.04418754577636719,0.20983309501003627,0.009601032392101569,0.3020537495613098,0.007473902197331386,control_pose,robot_origin,robot_origin
1.9258869989998857,2026-09-13T15:36:00.667884+00:00,1789313760.5706487,0.09723544120788574,0.2110775149998414,0.009562447737972435,0.30191196057427183,0.006087939999328939,control_pose,robot_origin,robot_origin
1.9663750149998123,2026-09-13T15:36:00.708368+00:00,1789313760.6658,0.04256796836853027,0.2077151082580232,0.009509653155404613,0.30338358879089355,0.011029753096048986,control_pose,robot_origin,robot_origin
1.997740777999752,2026-09-13T15:36:00.739737+00:00,1789313760.6367512,0.10298585891723633,0.2083905344155585,0.009532580436388022,0.30266420002951444,0.009607318576944182,control_pose,robot_origin,robot_origin
2.0475890660000005,2026-09-13T15:36:00.789579+00:00,1789313760.7391756,0.05040335655212402,0.2071711132959797,0.009601781271472043,0.3039528429508209,0.013437112008572578,control_pose,robot_origin,robot_origin
2.070778799999971,2026-09-13T15:36:00.812772+00:00,1789313760.710145,0.10262703895568848,0.20738634279471946,0.00956533113934857,0.3037276197483185,0.012484608284374678,control_pose,robot_origin,robot_origin
2.090725282999756,2026-09-13T15:36:00.832720+00:00,1789313760.8165584,0.016161680221557617,0.20697091744242072,0.009821043250101719,0.3040345013141632,0.013758672867061396,control_pose,robot_origin,robot_origin
2.151589708999836,2026-09-13T15:36:00.893581+00:00,1789313760.7928267,0.1007542610168457,0.2070072157956805,0.009805644242095735,0.30402962821183915,0.013760360524466723,control_pose,robot_origin,robot_origin
2.1967607729998235,2026-09-13T15:36:00.938751+00:00,1789313760.892578,0.046173095703125,0.20620253794677965,0.010152490212540333,0.3050488531589508,0.015797014272866644,control_pose,robot_origin,robot_origin
2.208171828999639,2026-09-13T15:36:00.950153+00:00,1789313760.8494508,0.10070228576660156,0.206532518269764,0.010079294652648216,0.30462297484991335,0.014630961275884764,control_pose,robot_origin,robot_origin
2.250468128999728,2026-09-13T15:36:00.992444+00:00,1789313760.9505188,0.04192519187927246,0.20570520957044514,0.010099172000942805,0.30528831481933594,0.016803229693633417,control_pose,robot_origin,robot_origin
2.2810385519997,2026-09-13T15:36:01.023040+00:00,1789313760.9246705,0.09836959838867188,0.20589258730360738,0.01011659762636137,0.3052115299655585,0.016525429351294876,control_pose,robot_origin,robot_origin
2.3209032939998906,2026-09-13T15:36:01.062897+00:00,1789313761.012357,0.05053997039794922,0.20528073191229806,0.010065344814797483,0.3047644793987274,0.01748040192824922,control_pose,robot_origin,robot_origin
2.3457355489999827,2026-09-13T15:36:01.087733+00:00,1789313760.9881856,0.0995473861694336,0.2054377617181298,0.010072666740510827,0.3050250730727484,0.01720200375855406,control_pose,robot_origin,robot_origin
2.369096387999889,2026-09-13T15:36:01.111096+00:00,1789313761.0761116,0.03498435020446777,0.2050703823283369,0.01004945556575286,0.3045884966850281,0.01822882841207585,control_pose,robot_origin,robot_origin
2.3993553829996017,2026-09-13T15:36:01.141354+00:00,1789313761.066699,0.07465505599975586,0.2051008938439013,0.01005327245490259,0.304613707859504,0.018122480483424016,control_pose,robot_origin,robot_origin
2.4205141089996687,2026-09-13T15:36:01.162514+00:00,1789313761.128969,0.03354501724243164,0.20617338575075947,0.010389798426456182,0.3042243421077728,0.018031941893022,control_pose,robot_origin,robot_origin
2.4456998729997395,2026-09-13T15:36:01.187697+00:00,1789313761.1796498,0.008047103881835938,0.20927272969206084,0.013136419799415239,0.3039846122264862,0.01715875365298083,control_pose,robot_origin,robot_origin
2.470043959999657,2026-09-13T15:36:01.212044+00:00,1789313761.136676,0.07536792755126953,0.2067456114686174,0.010827633473676587,0.304072598544779,0.0179025364784079,control_pose,robot_origin,robot_origin
2.5081273619998683,2026-09-13T15:36:01.250126+00:00,1789313761.2323709,0.01775503158569336,0.21358326456583568,0.013166817040992498,0.30467408895492554,0.01750707521345454,control_pose,robot_origin,robot_origin
2.5304432259999885,2026-09-13T15:36:01.272434+00:00,1789313761.196202,0.0762319564819336,0.21069437288213444,0.01328224802824153,0.304192892776222,0.01713659296753783,control_pose,robot_origin,robot_origin
2.5615401529998962,2026-09-13T15:36:01.303538+00:00,1789313761.2857163,0.017821788787841797,0.2202561700528234,0.013266822134933992,0.3054787516593933,0.016120859978245375,control_pose,robot_origin,robot_origin
2.6020788579999135,2026-09-13T15:36:01.344074+00:00,1789313761.266201,0.07787299156188965,0.21803301818516196,0.013103996157032005,0.30519942576603976,0.01696631631246439,control_pose,robot_origin,robot_origin
2.632142584999656,2026-09-13T15:36:01.374139+00:00,1789313761.3394656,0.034673452377319336,0.22856714884440843,0.013497072311597733,0.30615606904029846,0.015940920238751818,control_pose,robot_origin,robot_origin
2.6691776509997,2026-09-13T15:36:01.411170+00:00,1789313761.3351154,0.07605457305908203,0.22790441966356306,0.013446774661691224,0.3061193337707262,0.015905573780127573,control_pose,robot_origin,robot_origin
2.6816091069999857,2026-09-13T15:36:01.423601+00:00,1789313761.3956747,0.027926206588745117,0.2380038604878708,0.015100495552808221,0.3063165247440338,0.013590770796953883,control_pose,robot_origin,robot_origin
2.7116486099998838,2026-09-13T15:36:01.453644+00:00,1789313761.448996,0.004647970199584961,0.251419226356608,0.017920211409461567,0.3055783212184906,0.008163515697185583,control_pose,robot_origin,robot_origin
2.744941889999609,2026-09-13T15:36:01.486936+00:00,1789313761.4066567,0.08027935028076172,0.24099097183734283,0.015521355672850443,0.30627588181709164,0.01279113824390177,control_pose,robot_origin,robot_origin
2.7676221119995716,2026-09-13T15:36:01.509619+00:00,1789313761.5024462,0.007172822952270508,0.26824078114793704,0.01947273200032601,0.30534300208091736,0.014002491837109042,control_pose,robot_origin,robot_origin
2.813818695000009,2026-09-13T15:36:01.555809+00:00,1789313761.4789383,0.07687067985534668,0.2608636728501586,0.019055854826075802,0.30573329655380826,0.010355399876019118,control_pose,robot_origin,robot_origin
2.853717005999897,2026-09-13T15:36:01.595723+00:00,1789313761.559473,0.03624987602233887,0.28565742833224284,0.019896620337017404,0.30459386110305786,0.020997868131570906,control_pose,robot_origin,robot_origin
2.898069048999787,2026-09-13T15:36:01.640062+00:00,1789313761.547344,0.09271812438964844,0.2819730924776084,0.019819561500792962,0.3048018001395064,0.019952856514189873,control_pose,robot_origin,robot_origin
2.9169801569996707,2026-09-13T15:36:01.658982+00:00,1789313761.6290963,0.02988576889038086,0.3095339597002668,0.020834485971906763,0.3036843240261078,0.024412207856371135,control_pose,robot_origin,robot_origin
2.953951221999887,2026-09-13T15:36:01.695948+00:00,1789313761.6864052,0.009542703628540039,0.326058078439582,0.020681475980470432,0.3022834062576294,0.024396276584360096,control_pose,robot_origin,robot_origin
2.9828044669998235,2026-09-13T15:36:01.724801+00:00,1789313761.6276202,0.09718084335327148,0.3090279624426453,0.0208674320742384,0.30369208838787165,0.02437333395435562,control_pose,robot_origin,robot_origin
3.0426380289995905,2026-09-13T15:36:01.784636+00:00,1789313761.6866379,0.09799814224243164,0.32618268603258993,0.020681172314888058,0.302266842496576,0.02439440225529517,control_pose,robot_origin,robot_origin
3.081411361999926,2026-09-13T15:36:01.823407+00:00,1789313761.779085,0.04432201385498047,0.3585035792090069,0.01831807283042708,0.29957544803619385,0.028231636505514243,control_pose,robot_origin,robot_origin
3.1162239619998218,2026-09-13T15:36:01.858198+00:00,1789313761.7709348,0.08726310729980469,0.35564182787936144,0.018746198143235387,0.29965929688300635,0.027757359346466427,control_pose,robot_origin,robot_origin
3.147781599999689,2026-09-13T15:36:01.889787+00:00,1789313761.8522823,0.03750467300415039,0.37596426149553414,0.016342406949170663,0.30165958404541016,0.03271729416881086,control_pose,robot_origin,robot_origin
3.1755742199998167,2026-09-13T15:36:01.917570+00:00,1789313761.8363597,0.08121037483215332,0.3722428026535988,0.01676305655760041,0.30162379217807966,0.03198624531698616,control_pose,robot_origin,robot_origin
3.1890120909997677,2026-09-13T15:36:01.931009+00:00,1789313761.9056664,0.025342702865600586,0.38558834805849207,0.017467480127263846,0.3024815022945404,0.03557441472593543,control_pose,robot_origin,robot_origin
3.227347465999628,2026-09-13T15:36:01.969342+00:00,1789313761.9600961,0.009245872497558594,0.39810267161575785,0.01968243855534238,0.3014213740825653,0.03305176207254112,control_pose,robot_origin,robot_origin
3.2666657039999336,2026-09-13T15:36:02.008535+00:00,1789313761.9133468,0.09518814086914062,0.3873971768730512,0.01786110199228194,0.3024515291903328,0.035247753134451526,control_pose,robot_origin,robot_origin
3.3204849959997773,2026-09-13T15:36:02.062485+00:00,1789313762.0225573,0.03992772102355957,0.4073347145342441,0.02242775109459444,0.3005425035953522,0.03428774945097249,control_pose,robot_origin,robot_origin
3.3441400169999724,2026-09-13T15:36:02.086137+00:00,1789313761.97965,0.10648703575134277,0.4011948491639427,0.020491819323511212,0.30113106803297257,0.033305725107415224,control_pose,robot_origin,robot_origin
3.3888274889995955,2026-09-13T15:36:02.130825+00:00,1789313762.0357316,0.0950934886932373,0.40853749426011216,0.023031660046410496,0.3006456686276877,0.03408251981969268,control_pose,robot_origin,robot_origin
3.4378240519999963,2026-09-13T15:36:02.179822+00:00,1789313762.1491385,0.030683517456054688,0.4170927009766423,0.02878339322977541,0.303001344203949,0.03179136281376842,control_pose,robot_origin,robot_origin
3.458881655999903,2026-09-13T15:36:02.200879+00:00,1789313762.1071997,0.09367942810058594,0.4138386061215368,0.026588969724232553,0.3020131504540106,0.032724387459119,control_pose,robot_origin,robot_origin
3.497492649999913,2026-09-13T15:36:02.239488+00:00,1789313762.2038536,0.03563427925109863,0.41712552464659974,0.029546918755028073,0.3029842972755432,0.03292843188288663,control_pose,robot_origin,robot_origin
3.52738207099992,2026-09-13T15:36:02.269377+00:00,1789313762.1830187,0.08635830879211426,0.41711302568990233,0.029256175139523444,0.3029907885917259,0.032496612828843745,control_pose,robot_origin,robot_origin
3.560078797999722,2026-09-13T15:36:02.302076+00:00,1789313762.2670622,0.03501391410827637,0.4150726635275536,0.029597211203556184,0.30319762229919434,0.03478492733135248,control_pose,robot_origin,robot_origin
3.617069467999954,2026-09-13T15:36:02.359067+00:00,1789313762.2575767,0.10149025917053223,0.4152846822692666,0.029627343409794643,0.3031566453438919,0.034528337106084564,control_pose,robot_origin,robot_origin
3.6594871769998463,2026-09-13T15:36:02.401487+00:00,1789313762.3557622,0.04572486877441406,0.4129549897583209,0.029132761260307616,0.30404746532440186,0.035634441390358276,control_pose,robot_origin,robot_origin
3.6792990659996576,2026-09-13T15:36:02.421257+00:00,1789313762.321828,0.09942913055419922,0.413527105217711,0.029213202956429596,0.30375863177636303,0.035508610873800764,control_pose,robot_origin,robot_origin
3.7558202449999953,2026-09-13T15:36:02.497813+00:00,1789313762.384004,0.11380887031555176,0.41276085881330193,0.029259754791162496,0.3041372579527096,0.03554654917143349,control_pose,robot_origin,robot_origin
3.7837490590000016,2026-09-13T15:36:02.525745+00:00,1789313762.4856958,0.040049076080322266,0.41246763718565405,0.030415338862542052,0.3043270707130432,0.034375313277635176,control_pose,robot_origin,robot_origin
3.8154396589998214,2026-09-13T15:36:02.557438+00:00,1789313762.4564703,0.1009676456451416,0.41253654338811374,0.03008308957788039,0.3042770711293035,0.03476443894429728,control_pose,robot_origin,robot_origin
3.8528009379997457,2026-09-13T15:36:02.594795+00:00,1789313762.5391424,0.055652618408203125,0.4121574465577954,0.031034328966621394,0.3043806552886963,0.03311921033881603,control_pose,robot_origin,robot_origin
3.8801290709998284,2026-09-13T15:36:02.622140+00:00,1789313762.5284097,0.09373021125793457,0.41223187856645854,0.0309351830438786,0.30437286948365827,0.03340049558996457,control_pose,robot_origin,robot_origin
3.911697204999655,2026-09-13T15:36:02.653693+00:00,1789313762.6111722,0.042520761489868164,0.4116872876447317,0.03149595331574834,0.30441799759864807,0.03181713346287482,control_pose,robot_origin,robot_origin
3.9379657380000026,2026-09-13T15:36:02.679964+00:00,1789313762.6020155,0.07794857025146484,0.4117408811451222,0.03145434294725116,0.30441328770388537,0.031933552255999885,control_pose,robot_origin,robot_origin
3.979304901999967,2026-09-13T15:36:02.721299+00:00,1789313762.682784,0.03851485252380371,0.4112586371671333,0.03152364998616239,0.30413585901260376,0.032480148729187766,control_pose,robot_origin,robot_origin
4.010151616999792,2026-09-13T15:36:02.752148+00:00,1789313762.6729102,0.07923769950866699,0.4113035794348623,0.03153094241614662,0.30407732628380774,0.032343368603998494,control_pose,robot_origin,robot_origin
4.036931837999873,2026-09-13T15:36:02.778923+00:00,1789313762.7400377,0.03888535499572754,0.4110704314229396,0.03138173882898118,0.30441799759864807,0.03254085510902118,control_pose,robot_origin,robot_origin
4.059332214999813,2026-09-13T15:36:02.801316+00:00,1789313762.7926583,0.008657693862915039,0.41182979584872903,0.02962841424642565,0.3048146963119507,0.0319405366908647,control_pose,robot_origin,robot_origin
4.074741251999967,2026-09-13T15:36:02.816731+00:00,1789313762.7401414,0.07658958435058594,0.4110704204091817,0.031381515758871714,0.30441825170878917,0.032539641847085965,control_pose,robot_origin,robot_origin
4.112210788999619,2026-09-13T15:36:02.854207+00:00,1789313762.8456652,0.00854182243347168,0.41355789668144594,0.02980709593351044,0.3044401705265045,0.03148350666506511,control_pose,robot_origin,robot_origin
4.149673189999703,2026-09-13T15:36:02.891665+00:00,1789313762.8210437,0.07062125205993652,0.41276863076217557,0.029661565217284164,0.30471725575478653,0.031992512532679665,control_pose,robot_origin,robot_origin
4.179461360999994,2026-09-13T15:36:02.921460+00:00,1789313762.895729,0.02573084831237793,0.416457094633094,0.03006554659949054,0.30311015248298645,0.029753588036949743,control_pose,robot_origin,robot_origin
4.265285785999822,2026-09-13T15:36:03.007278+00:00,1789313762.8864257,0.12085223197937012,0.41602239398145185,0.03001128336961728,0.30324345990669194,0.029953423618152304,control_pose,robot_origin,robot_origin
4.271280758999637,2026-09-13T15:36:03.013283+00:00,1789313762.9698274,0.04345560073852539,0.4260609345953619,0.031540245607610734,0.3022840917110443,0.026630361951725204,control_pose,robot_origin,robot_origin
4.287881301999732,2026-09-13T15:36:03.029874+00:00,1789313762.9456518,0.08422231674194336,0.4222394225273611,0.030922385448428902,0.3025276502144316,0.027903259243132816,control_pose,robot_origin,robot_origin
4.3203177379996305,2026-09-13T15:36:03.062310+00:00,1789313763.0314314,0.030878543853759766,0.437823777642012,0.03237794491001583,0.30307525396347046,0.023128261211704765,control_pose,robot_origin,robot_origin
4.3570447989995955,2026-09-13T15:36:03.099046+00:00,1789313763.019841,0.07920503616333008,0.4356106418619986,0.03222033485845835,0.3029263996871959,0.023784485193497386,control_pose,robot_origin,robot_origin
4.387670134000018,2026-09-13T15:36:03.129670+00:00,1789313763.093547,0.036122798919677734,0.4520749946217044,0.03301026780910732,0.30455678701400757,0.02717756202439177,control_pose,robot_origin,robot_origin
4.426790736999919,2026-09-13T15:36:03.168783+00:00,1789313763.0874367,0.08134627342224121,0.45067377554523225,0.033011654255460904,0.30442876852625766,0.026519952718467906,control_pose,robot_origin,robot_origin
4.442770694999581,2026-09-13T15:36:03.184769+00:00,1789313763.1487818,0.035987138748168945,0.4646811170097323,0.0331355991749549,0.3047744631767273,0.031209080453275386,control_pose,robot_origin,robot_origin
4.465800424999998,2026-09-13T15:36:03.207799+00:00,1789313763.2021847,0.005614280700683594,0.4795639076992504,0.03420709237763639,0.30395033955574036,0.029319010739914934,control_pose,robot_origin,robot_origin
4.494974441999602,2026-09-13T15:36:03.236919+00:00,1789313763.1594183,0.07750058174133301,0.467937233601927,0.03330914891406331,0.3046494239351853,0.03093678655117376,control_pose,robot_origin,robot_origin
4.533693277999646,2026-09-13T15:36:03.275686+00:00,1789313763.25798,0.017705917358398438,0.49739675855009047,0.036349005175251525,0.30214688181877136,0.028097183230104836,control_pose,robot_origin,robot_origin
4.561424360999808,2026-09-13T15:36:03.303418+00:00,1789313763.2318265,0.07159137725830078,0.4910623904751253,0.03555172271185911,0.30282803183994494,0.02848189737139151,control_pose,robot_origin,robot_origin
4.59738523499982,2026-09-13T15:36:03.339386+00:00,1789313763.3111145,0.02827143669128418,0.5210116477066574,0.03792120166187521,0.3011404275894165,0.032569386612968335,control_pose,robot_origin,robot_origin
4.631509215999813,2026-09-13T15:36:03.373501+00:00,1789313763.3658235,0.007677555084228516,0.5401495104061352,0.03908501403414283,0.3001071512699127,0.039186807554359826,control_pose,robot_origin,robot_origin
4.652193438999802,2026-09-13T15:36:03.394191+00:00,1789313763.2998004,0.0943906307220459,0.517026286630865,0.037705730157939404,0.30100329458560715,0.030822441178371247,control_pose,robot_origin,robot_origin
4.707307790999948,2026-09-13T15:36:03.449298+00:00,1789313763.4212482,0.028049707412719727,0.5592391162225385,0.035419805315188235,0.3031444847583771,0.044481654934106066,control_pose,robot_origin,robot_origin
4.725727338999604,2026-09-13T15:36:03.467724+00:00,1789313763.37823,0.08949398994445801,0.544442669748513,0.03929341796463315,0.30040410281275687,0.040123655621179186,control_pose,robot_origin,robot_origin
4.773743629999899,2026-09-13T15:36:03.515737+00:00,1789313763.4722295,0.04350757598876953,0.5723833684097999,0.03442556113724052,0.3047981262207031,0.04697153865017453,control_pose,robot_origin,robot_origin
4.791165305999584,2026-09-13T15:36:03.533128+00:00,1789313763.4370883,0.0960397720336914,0.5636395383436064,0.035140329722163605,0.3039242895378255,0.045573892494081836,control_pose,robot_origin,robot_origin
4.816807812999741,2026-09-13T15:36:03.558809+00:00,1789313763.5256112,0.033197879791259766,0.5845261968215391,0.03473709850756396,0.3049854040145874,0.04864059392209733,control_pose,robot_origin,robot_origin
4.8539642249998,2026-09-13T15:36:03.595962+00:00,1789313763.5149472,0.08101487159729004,0.5821059995866144,0.03458724936848742,0.3049152153698502,0.04832581640954403,control_pose,robot_origin,robot_origin
4.88857390999965,2026-09-13T15:36:03.630572+00:00,1789313763.585624,0.04494810104370117,0.6002335880806188,0.035993998585778564,0.30352893471717834,0.048313104000551874,control_pose,robot_origin,robot_origin
4.9018396499996015,2026-09-13T15:36:03.643839+00:00,1789313763.635968,0.007870912551879883,0.612399758743344,0.03978875616363786,0.30250656604766846,0.04505300861213923,control_pose,robot_origin,robot_origin
4.935556200999599,2026-09-13T15:36:03.677550+00:00,1789313763.5822566,0.09529352188110352,0.5993825602301968,0.03590772455649027,0.30366662866125205,0.04815855411774427,control_pose,robot_origin,robot_origin
4.966029789999993,2026-09-13T15:36:03.708017+00:00,1789313763.6863902,0.021626949310302734,0.6168639443574923,0.04406617655999848,0.30322062969207764,0.04369515725169584,control_pose,robot_origin,robot_origin
4.983655853999608,2026-09-13T15:36:03.725590+00:00,1789313763.6502278,0.0753622055053711,0.6129236532145576,0.0407522196691564,0.3023381716520251,0.04424408302903206,control_pose,robot_origin,robot_origin
5.015829404999749,2026-09-13T15:36:03.757829+00:00,1789313763.739037,0.018791913986206055,0.6200039100908122,0.046597203774359025,0.3050026297569275,0.04675193790686345,control_pose,robot_origin,robot_origin
5.052065706999656,2026-09-13T15:36:03.794041+00:00,1789313763.7200255,0.07401537895202637,0.6195618509543666,0.04574122530035099,0.3047268282055712,0.04571134557344646,control_pose,robot_origin,robot_origin
5.080265372999747,2026-09-13T15:36:03.822202+00:00,1789313763.792137,0.030065059661865234,0.6199290198904056,0.047456452375503166,0.30486026406288147,0.048374294608082395,control_pose,robot_origin,robot_origin
5.115908097999636,2026-09-13T15:36:03.857906+00:00,1789313763.842559,0.015347003936767578,0.6178564952138061,0.04743327479956924,0.304192453622818,0.05109450254202569,control_pose,robot_origin,robot_origin
5.136917956999696,2026-09-13T15:36:03.878912+00:00,1789313763.78938,0.08953189849853516,0.6200269007466856,0.04741124163204055,0.3048867473533282,0.04829881830158014,control_pose,robot_origin,robot_origin
5.188485758999832,2026-09-13T15:36:03.930489+00:00,1789313763.8575888,0.07290029525756836,0.6172246331155937,0.04725866946887572,0.30417206070290015,0.052356275302653146,control_pose,robot_origin,robot_origin
5.21174896499997,2026-09-13T15:36:03.953742+00:00,1789313763.9055665,0.04817557334899902,0.6159427623712106,0.046774008932885636,0.30419012904167175,0.055548632592894526,control_pose,robot_origin,robot_origin
5.22254465099968,2026-09-13T15:36:03.964540+00:00,1789313763.9566863,0.00785374641418457,0.6156413832897903,0.046760364464690896,0.3042491674423218,0.05713423625464064,control_pose,robot_origin,robot_origin
5.247676045999924,2026-09-13T15:36:03.989671+00:00,1789313763.927278,0.0623929500579834,0.6157366967202054,0.04667986262821816,0.30421647590507217,0.056540652393656125,control_pose,robot_origin,robot_origin
5.28190886099992,2026-09-13T15:36:04.023898+00:00,1789313764.0088441,0.015053749084472656,0.6159128192502911,0.04711446590656468,0.30429863929748535,0.05732958596224102,control_pose,robot_origin,robot_origin
5.350070837999738,2026-09-13T15:36:04.092064+00:00,1789313764.0072825,0.08478140830993652,0.6159089683046735,0.04710611588729682,0.30429784206449406,0.05731990023640999,control_pose,robot_origin,robot_origin
5.379683165999722,2026-09-13T15:36:04.121650+00:00,1789313764.0828617,0.0387883186340332,0.6160359872789334,0.04744361379900833,0.30434736609458923,0.05809569745912227,control_pose,robot_origin,robot_origin
5.442388770999969,2026-09-13T15:36:04.184387+00:00,1789313764.0696046,0.11478233337402344,0.6160289427601024,0.047415380455976236,0.3043385417494865,0.057940689605942834,control_pose,robot_origin,robot_origin
5.468760568999642,2026-09-13T15:36:04.210762+00:00,1789313764.155561,0.055201053619384766,0.615751632522183,0.04719879755298123,0.3043668866157532,0.058413379826089025,control_pose,robot_origin,robot_origin
5.497511890999704,2026-09-13T15:36:04.239508+00:00,1789313764.1451797,0.09432816505432129,0.6158003089086889,0.047248225833810664,0.30436476495421333,0.058398962838710565,control_pose,robot_origin,robot_origin
5.513014369999837,2026-09-13T15:36:04.255013+00:00,1789313764.2153366,0.03967642784118652,0.6156630878398301,0.04704954306016787,0.30437636375427246,0.05844275112937203,control_pose,robot_origin,robot_origin
5.560778752999795,2026-09-13T15:36:04.302779+00:00,1789313764.2145603,0.08821868896484375,0.6156632994055506,0.047050630861210696,0.30437627042174725,0.05844193677639315,control_pose,robot_origin,robot_origin
5.585194039999806,2026-09-13T15:36:04.327192+00:00,1789313764.2832074,0.04398465156555176,0.6160057455300894,0.047230667587901703,0.30438968539237976,0.05793027276252021,control_pose,robot_origin,robot_origin
5.623049054999683,2026-09-13T15:36:04.365046+00:00,1789313764.280566,0.08448004722595215,0.6159939625221758,0.04722549904765705,0.30438881220501607,0.05798276120015898,control_pose,robot_origin,robot_origin
5.640112709999812,2026-09-13T15:36:04.382108+00:00,1789313764.3426821,0.03942584991455078,0.6181803866198364,0.046783050271459986,0.3045089840888977,0.05605765399677335,control_pose,robot_origin,robot_origin
5.665673646999949,2026-09-13T15:36:04.407666+00:00,1789313764.3983305,0.009335517883300781,0.6215675542702057,0.04820472726798175,0.30428197979927063,0.05173915275348959,control_pose,robot_origin,robot_origin
5.698377605999667,2026-09-13T15:36:04.440341+00:00,1789313764.3482234,0.0921175479888916,0.6181267900348841,0.046857936779494874,0.3045119847901315,0.05567835731631418,control_pose,robot_origin,robot_origin
5.736412879999989,2026-09-13T15:36:04.478409+00:00,1789313764.4487412,0.02966785430908203,0.6297833492793611,0.05052585320424871,0.30439481139183044,0.04386093408533983,control_pose,robot_origin,robot_origin
5.771190182999817,2026-09-13T15:36:04.513192+00:00,1789313764.4214177,0.09177422523498535,0.625333103104095,0.04944201348850752,0.3042204492636384,0.0477974245561796,control_pose,robot_origin,robot_origin
5.811110668999845,2026-09-13T15:36:04.553110+00:00,1789313764.508696,0.04441380500793457,0.6409564631190493,0.05269427456797865,0.3044724464416504,0.03665577973590428,control_pose,robot_origin,robot_origin
5.839751589999651,2026-09-13T15:36:04.581749+00:00,1789313764.492804,0.08894491195678711,0.6379873421429534,0.05212890146608029,0.3044663260277,0.038596193773726695,control_pose,robot_origin,robot_origin
5.863662229999591,2026-09-13T15:36:04.605668+00:00,1789313764.5624642,0.04320383071899414,0.6497921357547167,0.05431399059329722,0.3046855926513672,0.034090802319965065,control_pose,robot_origin,robot_origin
5.903701725999781,2026-09-13T15:36:04.645701+00:00,1789313764.5598164,0.08588457107543945,0.6489278144824071,0.05417414775340307,0.30467497370421737,0.03410388094951772,control_pose,robot_origin,robot_origin
5.938986588999796,2026-09-13T15:36:04.680987+00:00,1789313764.6490157,0.03197121620178223,0.6638891130801916,0.05499785502604665,0.3044593334197998,0.037162400318955256,control_pose,robot_origin,robot_origin
5.962761034999858,2026-09-13T15:36:04.704757+00:00,1789313764.6319153,0.07284164428710938,0.660946761641816,0.05483883470228068,0.30455981546825966,0.03734406103740212,control_pose,robot_origin,robot_origin
5.985840909999752,2026-09-13T15:36:04.727838+00:00,1789313764.70532,0.022518157958984375,0.6785576512155295,0.05651416992750352,0.3036622107028961,0.03268522900743413,control_pose,robot_origin,robot_origin
6.039767115999894,2026-09-13T15:36:04.781758+00:00,1789313764.710711,0.07104706764221191,0.6802653443320359,0.05678609421736969,0.3034752600310574,0.03211610281971566,control_pose,robot_origin,robot_origin
6.067809691999628,2026-09-13T15:36:04.809803+00:00,1789313764.7719996,0.03780341148376465,0.7001605375288903,0.059848022069605655,0.3006649911403656,0.030253083107025205,control_pose,robot_origin,robot_origin
6.103211740000006,2026-09-13T15:36:04.845207+00:00,1789313764.770074,0.07513308525085449,0.6994149470110793,0.05978807038254308,0.3007578359748419,0.03017760063782622,control_pose,robot_origin,robot_origin
6.132894340999883,2026-09-13T15:36:04.874847+00:00,1789313764.8319552,0.042891740798950195,0.7211652459010465,0.061061145515046766,0.30119720101356506,0.037072570893117385,control_pose,robot_origin,robot_origin
6.154097323999849,2026-09-13T15:36:04.896080+00:00,1789313764.8820138,0.014066219329833984,0.7371526379562778,0.062487237095030956,0.3001493811607361,0.040435062413379755,control_pose,robot_origin,robot_origin
6.175756504999754,2026-09-13T15:36:04.917743+00:00,1789313764.8394945,0.07824850082397461,0.7235486198886671,0.06118690182824493,0.30103683417467475,0.03742177641163725,control_pose,robot_origin,robot_origin
6.220329318999575,2026-09-13T15:36:04.962327+00:00,1789313764.9354842,0.026842832565307617,0.7583591193436928,0.05871068966193166,0.3026677966117859,0.0476702041673472,control_pose,robot_origin,robot_origin
6.255743399999574,2026-09-13T15:36:04.997741+00:00,1789313764.9103994,0.0873415470123291,0.7495888217188026,0.05934507918672849,0.3012606534745035,0.04568496924481547,control_pose,robot_origin,robot_origin
6.281389745999604,2026-09-13T15:36:05.023387+00:00,1789313764.9898663,0.03352069854736328,0.7738195511996406,0.05717384334323394,0.30300673842430115,0.04739461111246374,control_pose,robot_origin,robot_origin
6.3129019749999316,2026-09-13T15:36:05.054845+00:00,1789313764.9782577,0.07658743858337402,0.77066001926795,0.05743879628631626,0.30306405876169334,0.047412957607794334,control_pose,robot_origin,robot_origin
6.336261022999679,2026-09-13T15:36:05.078182+00:00,1789313765.041986,0.036195993423461914,0.7907194560068377,0.05742955745031786,0.3023739755153656,0.04582854130237785,control_pose,robot_origin,robot_origin
6.35812475099965,2026-09-13T15:36:05.100097+00:00,1789313765.0931337,0.006963253021240234,0.8083190300473221,0.05828449781799788,0.30028656125068665,0.04195726744343101,control_pose,robot_origin,robot_origin
6.386020667999674,2026-09-13T15:36:05.128017+00:00,1789313765.0481217,0.0798952579498291,0.7911278861043264,0.057420659208769875,0.302314837053915,0.045603481912981594,control_pose,robot_origin,robot_origin
6.415950184999929,2026-09-13T15:36:05.157946+00:00,1789313765.1486435,0.009302616119384766,0.831137979393023,0.06203082510587715,0.2968580424785614,0.03919155430669059,control_pose,robot_origin,robot_origin
6.45520710799974,2026-09-13T15:36:05.197199+00:00,1789313765.1154573,0.0817418098449707,0.8187443942923367,0.05897699204772261,0.29870032185918105,0.04093111298317584,control_pose,robot_origin,robot_origin
6.491139020999981,2026-09-13T15:36:05.233136+00:00,1789313765.201743,0.03139305114746094,0.8456230569975409,0.06619371561521936,0.2986096441745758,0.03402509504553428,control_pose,robot_origin,robot_origin
6.535417717999735,2026-09-13T15:36:05.277416+00:00,1789313765.1878426,0.08957338333129883,0.8423378665509903,0.06498091743796325,0.2978947172288861,0.035047753085384326,control_pose,robot_origin,robot_origin
6.5841194919999,2026-09-13T15:36:05.326114+00:00,1789313765.2823057,0.0438082218170166,0.8638971120263421,0.07175694457831622,0.30450424551963806,0.03439948556070842,control_pose,robot_origin,robot_origin
6.60876284699998,2026-09-13T15:36:05.350763+00:00,1789313765.2629056,0.08785748481750488,0.8602798158175708,0.07053257598142593,0.30314308841245485,0.03412167333721774,control_pose,robot_origin,robot_origin
6.63301387599995,2026-09-13T15:36:05.374988+00:00,1789313765.3387427,0.03624534606933594,0.8676385577278858,0.07137866558926947,0.3048730194568634,0.03656226277910666,control_pose,robot_origin,robot_origin
6.664618713999971,2026-09-13T15:36:05.406609+00:00,1789313765.3341076,0.07250142097473145,0.8675293083468746,0.0714848750495769,0.30489520396191755,0.03626193525865631,control_pose,robot_origin,robot_origin
6.691810075999911,2026-09-13T15:36:05.433811+00:00,1789313765.3919826,0.04182839393615723,0.8734422059552154,0.06997083337621535,0.30459991097450256,0.04131600038324628,control_pose,robot_origin,robot_origin
6.733851842999684,2026-09-13T15:36:05.475849+00:00,1789313765.4000442,0.0758047103881836,0.8737429368291524,0.06956126778413008,0.3048281969851801,0.04231818577397513,control_pose,robot_origin,robot_origin
6.751151692999883,2026-09-13T15:36:05.493150+00:00,1789313765.456593,0.03655695915222168,0.873953184792214,0.06774216448884052,0.3050970137119293,0.046531171727920054,control_pose,robot_origin,robot_origin
6.776133293999919,2026-09-13T15:36:05.518109+00:00,1789313765.5124533,0.005655765533447266,0.8723627895824331,0.06811872543986519,0.3050331175327301,0.04954030068721721,control_pose,robot_origin,robot_origin
6.8043414399999165,2026-09-13T15:36:05.546306+00:00,1789313765.4682896,0.07801628112792969,0.873590605512929,0.06767887823796243,0.305010962060633,0.048136311909583146,control_pose,robot_origin,robot_origin
6.831908871999985,2026-09-13T15:36:05.573915+00:00,1789313765.5657418,0.008173227310180664,0.871237104606029,0.06880742693114189,0.30501607060432434,0.05116221779501807,control_pose,robot_origin,robot_origin
6.878631382999629,2026-09-13T15:36:05.620626+00:00,1789313765.5390952,0.08153080940246582,0.8717312310581056,0.06858143788730697,0.30501318533305566,0.050258116387282954,control_pose,robot_origin,robot_origin
6.8927218389999325,2026-09-13T15:36:05.634715+00:00,1789313765.6220753,0.012639760971069336,0.8705919783687971,0.06905368238849108,0.30522027611732483,0.05375216449616923,control_pose,robot_origin,robot_origin
6.955421427999681,2026-09-13T15:36:05.697411+00:00,1789313765.6122553,0.08515572547912598,0.8706243491617065,0.06902945216781681,0.30517268017876203,0.05336594477244401,control_pose,robot_origin,robot_origin
6.989523904999714,2026-09-13T15:36:05.731518+00:00,1789313765.6755497,0.055968284606933594,0.8703818147400257,0.06916321006925097,0.3054371178150177,0.05551214825088553,control_pose,robot_origin,robot_origin
6.994593390999853,2026-09-13T15:36:05.736581+00:00,1789313765.7323668,0.004214286804199219,0.8705508572348509,0.0692994698043336,0.30554911494255066,0.05564114349287253,control_pose,robot_origin,robot_origin
7.017664368999704,2026-09-13T15:36:05.759639+00:00,1789313765.680475,0.07916402816772461,0.8704195790590885,0.06915608700474324,0.30545216994731245,0.055641636964664856,control_pose,robot_origin,robot_origin
7.055354132999582,2026-09-13T15:36:05.797350+00:00,1789313765.786516,0.010833978652954102,0.8705282511597445,0.06966045325135439,0.30552640557289124,0.055744268051993236,control_pose,robot_origin,robot_origin
7.089572835999661,2026-09-13T15:36:05.831568+00:00,1789313765.7503762,0.0811917781829834,0.8705570029876777,0.06946384196302507,0.3056068300962295,0.055528304322047604,control_pose,robot_origin,robot_origin
7.1314245839998875,2026-09-13T15:36:05.873423+00:00,1789313765.8370178,0.036405324935913086,0.8704108838143821,0.06970114676173456,0.3054817020893097,0.05617099800949765,control_pose,robot_origin,robot_origin
7.1632615529997565,2026-09-13T15:36:05.905252+00:00,1789313765.8157225,0.08952951431274414,0.8704475191770079,0.06969834943114822,0.30547486802431495,0.05603370413575093,control_pose,robot_origin,robot_origin
7.1839436000000205,2026-09-13T15:36:05.925941+00:00,1789313765.8889406,0.037000417709350586,0.8703240544392898,0.06970521752003861,0.30553901195526123,0.05628259951524982,control_pose,robot_origin,robot_origin
7.213546774999941,2026-09-13T15:36:05.955549+00:00,1789313765.942054,0.01349496841430664,0.870641722422543,0.06942606258854844,0.30562037229537964,0.055942454909961435,control_pose,robot_origin,robot_origin
7.221307085999797,2026-09-13T15:36:05.963284+00:00,1789313765.892015,0.07126903533935547,0.8703235183822601,0.06970470486678154,0.30554132820698093,0.0562756023811446,control_pose,robot_origin,robot_origin
7.257085620999987,2026-09-13T15:36:05.999086+00:00,1789313765.9954095,0.0036764144897460938,0.8734518628040151,0.0693091709823534,0.3056977093219757,0.05288644252179672,control_pose,robot_origin,robot_origin
7.291073791999679,2026-09-13T15:36:06.033066+00:00,1789313765.9570453,0.07602071762084961,0.8721560508587614,0.0692152061575898,0.3057224230884151,0.055544378964171096,control_pose,robot_origin,robot_origin
7.319663958999627,2026-09-13T15:36:06.061661+00:00,1789313766.0523465,0.009314537048339844,0.8783458181773357,0.07214191015045585,0.3053344786167145,0.04476612662361704,control_pose,robot_origin,robot_origin
7.353090200999759,2026-09-13T15:36:06.095085+00:00,1789313766.0356758,0.059409141540527344,0.8766903091316406,0.07148973542522818,0.3053430881530167,0.04689623068515297,control_pose,robot_origin,robot_origin
7.3852400079999825,2026-09-13T15:36:06.127240+00:00,1789313766.1054635,0.021776437759399414,0.8847704057867207,0.07416386112050649,0.305379182100296,0.04029827755950802,control_pose,robot_origin,robot_origin
7.422413762999895,2026-09-13T15:36:06.164408+00:00,1789313766.1010165,0.06339144706726074,0.8840682787906976,0.07395721180529985,0.3053846803230991,0.04076201843423027,control_pose,robot_origin,robot_origin
7.438086259999636,2026-09-13T15:36:06.180093+00:00,1789313766.156504,0.023589134216308594,0.8930267743246639,0.07610952475884758,0.30555471777915955,0.03439135930089663,control_pose,robot_origin,robot_origin
7.4862075449996155,2026-09-13T15:36:06.228205+00:00,1789313766.1707551,0.0574498176574707,0.8949623016046205,0.07651677502050236,0.305729110594422,0.033189514217233144,control_pose,robot_origin,robot_origin
7.512429483999767,2026-09-13T15:36:06.254428+00:00,1789313766.2226126,0.031815290451049805,0.901979640754554,0.07755651773132843,0.3057834208011627,0.03335212772359628,control_pose,robot_origin,robot_origin
7.540985058999922,2026-09-13T15:36:06.282990+00:00,1789313766.2752438,0.007746219635009766,0.909512592988126,0.07841950474286946,0.3057877719402313,0.03207597050473993,control_pose,robot_origin,robot_origin
7.563631198999701,2026-09-13T15:36:06.305627+00:00,1789313766.2397099,0.0659172534942627,0.9042529119873215,0.0777624835766963,0.3057913598330255,0.03329319662964742,control_pose,robot_origin,robot_origin
7.5989711029997125,2026-09-13T15:36:06.340975+00:00,1789313766.32533,0.01564502716064453,0.9205398647479269,0.08040166274619492,0.3052051365375519,0.028105757893617443,control_pose,robot_origin,robot_origin
7.643289607999577,2026-09-13T15:36:06.385183+00:00,1789313766.310277,0.0749061107635498,0.9169182559740072,0.07968975001890682,0.3054575311787222,0.029520492858294292,control_pose,robot_origin,robot_origin
7.672217060999628,2026-09-13T15:36:06.414218+00:00,1789313766.3818147,0.03240323066711426,0.9376368461752218,0.08424337045774793,0.30348509550094604,0.023435984445168256,control_pose,robot_origin,robot_origin
7.720728590999897,2026-09-13T15:36:06.462728+00:00,1789313766.3791385,0.08358955383300781,0.9369326483291709,0.08410072969678989,0.3036055334661297,0.023444152206984672,control_pose,robot_origin,robot_origin
7.7245361699997375,2026-09-13T15:36:06.466532+00:00,1789313766.4325633,0.03396868705749512,0.9539143699169574,0.08566895968284771,0.30385059118270874,0.02981125086736629,control_pose,robot_origin,robot_origin
7.770238088999577,2026-09-13T15:36:06.512228+00:00,1789313766.4853592,0.026868820190429688,0.9713822000948492,0.08608765306110228,0.30260011553764343,0.03437685899339199,control_pose,robot_origin,robot_origin
7.774626987999909,2026-09-13T15:36:06.516626+00:00,1789313766.4493964,0.0672295093536377,0.9602369980583627,0.08531898405204891,0.3037093924001719,0.031910899484282475,control_pose,robot_origin,robot_origin
7.804619416999685,2026-09-13T15:36:06.546603+00:00,1789313766.5388622,0.00774073600769043,0.9917739181605795,0.0880264556974657,0.3017897605895996,0.03910481556049322,control_pose,robot_origin,robot_origin
7.842685698999958,2026-09-13T15:36:06.584677+00:00,1789313766.5188541,0.06582283973693848,0.9735437148394696,0.08687502242298317,0.3023872971534729,0.03428154308940533,control_pose,robot_origin,robot_origin
7.867057817999921,2026-09-13T15:36:06.609054+00:00,1789313766.5921302,0.016923904418945312,1.0125277046715762,0.08316673585365109,0.3036087453365326,0.04337373664492003,control_pose,robot_origin,robot_origin
7.912421682999593,2026-09-13T15:36:06.654415+00:00,1789313766.5867002,0.06771469116210938,1.0109336605955135,0.08336716518756404,0.3033531138604539,0.04345644728553372,control_pose,robot_origin,robot_origin
7.929385303999879,2026-09-13T15:36:06.671229+00:00,1789313766.6451437,0.02608513832092285,1.026922832865899,0.080997975863695,0.30323660373687744,0.04349671268359617,control_pose,robot_origin,robot_origin
7.9962320279996675,2026-09-13T15:36:06.738241+00:00,1789313766.6556308,0.0826101303100586,1.029361192458641,0.0804454371444227,0.3030542662423972,0.04372190779830944,control_pose,robot_origin,robot_origin
7.999902388999999,2026-09-13T15:36:06.741910+00:00,1789313766.6985555,0.04335451126098633,1.0425002228563625,0.07991583710161598,0.3027234375476837,0.04254360873596601,control_pose,robot_origin,robot_origin
8.024910740999985,2026-09-13T15:36:06.766908+00:00,1789313766.75192,0.014987945556640625,1.0588002326043409,0.07959633435810637,0.3002048134803772,0.03845478407453756,control_pose,robot_origin,robot_origin
8.050809795999612,2026-09-13T15:36:06.792808+00:00,1789313766.727041,0.06576704978942871,1.0511146299976655,0.07981920700618128,0.30150383146969917,0.03961744948041759,control_pose,robot_origin,robot_origin
8.076820563999718,2026-09-13T15:36:06.818818+00:00,1789313766.8019645,0.01685357093811035,1.0801510301571273,0.0853569937156709,0.2976912260055542,0.02897345426361226,control_pose,robot_origin,robot_origin
8.125053368999943,2026-09-13T15:36:06.867035+00:00,1789313766.8002028,0.06683206558227539,1.0796306608180377,0.08511734160752166,0.29780241637050514,0.029316130885062484,control_pose,robot_origin,robot_origin
8.13627299799964,2026-09-13T15:36:06.878269+00:00,1789313766.8551335,0.02313542366027832,1.0945894482046892,0.08817222230398375,0.29760023951530457,0.027586050254275404,control_pose,robot_origin,robot_origin
8.177835364999737,2026-09-13T15:36:06.919833+00:00,1789313766.9089441,0.010888814926147461,1.1058426485002733,0.09431159043086335,0.301658570766449,0.027063285384324686,control_pose,robot_origin,robot_origin
8.19419212899993,2026-09-13T15:36:06.936187+00:00,1789313766.867511,0.06867599487304688,1.0980134897749758,0.08922976132124782,0.2984704096768873,0.02763814473673695,control_pose,robot_origin,robot_origin
8.226599538999835,2026-09-13T15:36:06.968597+00:00,1789313766.9622946,0.006302356719970703,1.111101171783036,0.09618060446068616,0.30365484952926636,0.027625429985836787,control_pose,robot_origin,robot_origin
8.263284390999615,2026-09-13T15:36:07.005274+00:00,1789313766.9462068,0.0590672492980957,1.1110370905344003,0.09594817450675697,0.3036181892585668,0.02756639288849116,control_pose,robot_origin,robot_origin
8.2960779189998,2026-09-13T15:36:07.038071+00:00,1789313767.0320814,0.005989551544189453,1.1230137413970471,0.0962221219606314,0.30357643961906433,0.02265601486511828,control_pose,robot_origin,robot_origin
8.338833168999827,2026-09-13T15:36:07.080826+00:00,1789313767.0196817,0.061144351959228516,1.121762733699498,0.09637672890912569,0.3035358640485989,0.022873520032724068,control_pose,robot_origin,robot_origin
8.363128357999813,2026-09-13T15:36:07.105133+00:00,1789313767.0829082,0.022224903106689453,1.1270541532598999,0.09488915404010562,0.30303800106048584,0.026749608241927045,control_pose,robot_origin,robot_origin
8.409146505999615,2026-09-13T15:36:07.151143+00:00,1789313767.092287,0.05885601043701172,1.127434908425182,0.09450658888966235,0.30321452494606704,0.02776499344794575,control_pose,robot_origin,robot_origin
8.439621629999692,2026-09-13T15:36:07.181617+00:00,1789313767.141822,0.039794921875,1.1296247602205072,0.09231365973063554,0.3039598762989044,0.03343048728334277,control_pose,robot_origin,robot_origin
8.459715410999706,2026-09-13T15:36:07.201712+00:00,1789313767.195444,0.0062677860260009766,1.1294825813049516,0.09196179292338513,0.3041054904460907,0.0379146326296159,control_pose,robot_origin,robot_origin
8.482849430999977,2026-09-13T15:36:07.224836+00:00,1789313767.1521065,0.07272958755493164,1.1297401901338944,0.09213966181661182,0.3039944021571578,0.03479460240314963,control_pose,robot_origin,robot_origin
8.511634608999884,2026-09-13T15:36:07.253633+00:00,1789313767.2486763,0.004956722259521484,1.1284071187466602,0.0923943720831113,0.3044506013393402,0.038389471412810225,control_pose,robot_origin,robot_origin
8.555757303999599,2026-09-13T15:36:07.297751+00:00,1789313767.2296755,0.06807541847229004,1.1290361131277764,0.0921427990564066,0.30431366643627683,0.038109485995341384,control_pose,robot_origin,robot_origin
8.592867729999853,2026-09-13T15:36:07.334868+00:00,1789313767.3051383,0.029729604721069336,1.1266703891600174,0.09324122161828036,0.304701566696167,0.04143850181338738,control_pose,robot_origin,robot_origin
8.639836099999684,2026-09-13T15:36:07.381750+00:00,1789313767.2898033,0.09194684028625488,1.1271000100360897,0.09300271381371267,0.30465129884979114,0.04044944118196802,control_pose,robot_origin,robot_origin
8.666075895999711,2026-09-13T15:36:07.408073+00:00,1789313767.3651092,0.04296374320983887,1.1254555189007394,0.09389533228418273,0.3048646152019501,0.04451559443367184,control_pose,robot_origin,robot_origin
8.68857208199961,2026-09-13T15:36:07.430551+00:00,1789313767.3588972,0.07165384292602539,1.1255660801264964,0.09384363136459689,0.30484378589028377,0.04422925908065014,control_pose,robot_origin,robot_origin
8.711915640999905,2026-09-13T15:36:07.453911+00:00,1789313767.4184227,0.03548836708068848,1.125371292952131,0.09392526103300125,0.304943710565567,0.04572963487182946,control_pose,robot_origin,robot_origin
8.756801994999933,2026-09-13T15:36:07.498791+00:00,1789313767.4687347,0.030056238174438477,1.1257486992593433,0.0937566493944455,0.30496999621391296,0.045515352846914776,control_pose,robot_origin,robot_origin
8.785915529999784,2026-09-13T15:36:07.527915+00:00,1789313767.427963,0.09995198249816895,1.12542976199948,0.09390232645460617,0.30494858291671906,0.045823126944711946,control_pose,robot_origin,robot_origin
8.830626329999632,2026-09-13T15:36:07.572624+00:00,1789313767.5329082,0.03971576690673828,1.1260946281567157,0.09363513322981754,0.30498695373535156,0.04560516649527676,control_pose,robot_origin,robot_origin
8.863901976999841,2026-09-13T15:36:07.605889+00:00,1789313767.501894,0.10399508476257324,1.125927444085481,0.09369386081018916,0.30497875833018684,0.045561759778724925,control_pose,robot_origin,robot_origin
8.908353669000007,2026-09-13T15:36:07.650346+00:00,1789313767.6020856,0.04826045036315918,1.1261896992998555,0.0937375291202821,0.3049936890602112,0.045782522460565196,control_pose,robot_origin,robot_origin
8.92776548699976,2026-09-13T15:36:07.669773+00:00,1789313767.5787244,0.0910487174987793,1.1261921766576035,0.09369488393512826,0.30499273084784695,0.045720496476495884,control_pose,robot_origin,robot_origin
8.970227355999668,2026-09-13T15:36:07.712218+00:00,1789313767.6652362,0.0469818115234375,1.1260282800046915,0.09379232374672958,0.3049868941307068,0.04600357747781713,control_pose,robot_origin,robot_origin
8.990565171999606,2026-09-13T15:36:07.732560+00:00,1789313767.634416,0.0981438159942627,1.1261070597643328,0.09376558154409026,0.3049902103570141,0.04589568857938227,control_pose,robot_origin,robot_origin
9.019039882000015,2026-09-13T15:36:07.761034+00:00,1789313767.718629,0.042405128479003906,1.1259865867914178,0.09374963411604731,0.3049890100955963,0.04581520431039881,control_pose,robot_origin,robot_origin
9.055015986999933,2026-09-13T15:36:07.797008+00:00,1789313767.7064772,0.0905308723449707,1.1259960758193364,0.09375934992026475,0.30498852851961944,0.04585807657722735,control_pose,robot_origin,robot_origin
9.077166791999844,2026-09-13T15:36:07.819160+00:00,1789313767.77846,0.04069995880126953,1.1272863577193244,0.09358806082535381,0.3050246238708496,0.044402377869939065,control_pose,robot_origin,robot_origin
9.118498562999775,2026-09-13T15:36:07.860493+00:00,1789313767.7744956,0.08599734306335449,1.1271358495696902,0.0936020602909795,0.3050208324267496,0.04450365430818648,control_pose,robot_origin,robot_origin
9.143236639999941,2026-09-13T15:36:07.885234+00:00,1789313767.8324249,0.05280923843383789,1.129807777910119,0.0938694467299841,0.3049524128437042,0.04280966826677223,control_pose,robot_origin,robot_origin
9.165572278999662,2026-09-13T15:36:07.907564+00:00,1789313767.8852348,0.022329092025756836,1.135661441567939,0.09482942097490915,0.3045903146266937,0.04139616526134576,control_pose,robot_origin,robot_origin
9.19596554599957,2026-09-13T15:36:07.937964+00:00,1789313767.8482816,0.08968234062194824,1.131306765159414,0.09418697229124723,0.3048602512783679,0.04221001320991122,control_pose,robot_origin,robot_origin
9.228072887999588,2026-09-13T15:36:07.970071+00:00,1789313767.938626,0.03144502639770508,1.1443419890132975,0.09597832376515902,0.3041023313999176,0.0396093647605741,control_pose,robot_origin,robot_origin
9.254003910999927,2026-09-13T15:36:07.995998+00:00,1789313767.919445,0.0765528678894043,1.1409814817401527,0.09553347269997703,0.304296325051334,0.040404146750277724,control_pose,robot_origin,robot_origin
9.27568558799976,2026-09-13T15:36:08.017684+00:00,1789313767.99529,0.02239394187927246,1.1561094475591278,0.097742073684017,0.3030760884284973,0.0366775696648521,control_pose,robot_origin,robot_origin
9.327623345999655,2026-09-13T15:36:08.069623+00:00,1789313767.9895346,0.08008837699890137,1.1548197143493657,0.09743643680769515,0.30317554949522335,0.03706804164218796,control_pose,robot_origin,robot_origin
9.346703222999622,2026-09-13T15:36:08.088612+00:00,1789313768.047001,0.0416111946105957,1.1670823019091774,0.09929297801162923,0.3022150695323944,0.033763675540396824,control_pose,robot_origin,robot_origin
9.378625377999924,2026-09-13T15:36:08.120620+00:00,1789313768.0983706,0.022249460220336914,1.1800693208316455,0.10033798899687174,0.3008206784725189,0.03198444104090745,control_pose,robot_origin,robot_origin
9.40487586099971,2026-09-13T15:36:08.146871+00:00,1789313768.0682445,0.07862663269042969,1.1729820308561434,0.09980881972543781,0.3016737078463907,0.03276748257320067,control_pose,robot_origin,robot_origin
9.444053838999935,2026-09-13T15:36:08.186053+00:00,1789313768.1584768,0.027576208114624023,1.1900692300078188,0.10057832724807164,0.2998228967189789,0.03322059375368839,control_pose,robot_origin,robot_origin
9.49430440399965,2026-09-13T15:36:08.236269+00:00,1789313768.1339753,0.10229372978210449,1.1859928701517344,0.10048035583835052,0.30022963216163223,0.032713906068132195,control_pose,robot_origin,robot_origin
9.531022887999825,2026-09-13T15:36:08.273013+00:00,1789313768.2330697,0.03994345664978027,1.2061399454685988,0.10102126735497796,0.29903414845466614,0.030503799402549863,control_pose,robot_origin,robot_origin
9.550527187999705,2026-09-13T15:36:08.292515+00:00,1789313768.206213,0.08630204200744629,1.1981658127028052,0.10076821828923949,0.29936058976652663,0.03171654747896405,control_pose,robot_origin,robot_origin
9.591796621999947,2026-09-13T15:36:08.333800+00:00,1789313768.2884178,0.04538226127624512,1.2270011456020242,0.10111328304027073,0.29864659905433655,0.030912883653152767,control_pose,robot_origin,robot_origin
9.628215133999674,2026-09-13T15:36:08.370208+00:00,1789313768.282656,0.08755207061767578,1.2248294076956316,0.10110370382380884,0.29868694456264444,0.030870572659214102,control_pose,robot_origin,robot_origin
9.658853140999781,2026-09-13T15:36:08.400854+00:00,1789313768.3716943,0.0291597843170166,1.259749797210159,0.09996597008543062,0.2996363043785095,0.03480185423224858,control_pose,robot_origin,robot_origin
9.698270674000014,2026-09-13T15:36:08.440084+00:00,1789313768.3570507,0.08303332328796387,1.2541076886424498,0.10032722583142856,0.2993249418432537,0.03381181710080661,control_pose,robot_origin,robot_origin
9.743156803999682,2026-09-13T15:36:08.485119+00:00,1789313768.4249918,0.06012725830078125,1.2787362720278557,0.09889573846286448,0.30429917573928833,0.038599784350099704,control_pose,robot_origin,robot_origin
9.747921773999678,2026-09-13T15:36:08.489904+00:00,1789313768.4067795,0.08312439918518066,1.2725823647874654,0.09916143798040278,0.30289453991842946,0.037852839970435884,control_pose,robot_origin,robot_origin
9.766563819999647,2026-09-13T15:36:08.508563+00:00,1789313768.4751086,0.03345441818237305,1.294996747094605,0.09905320618385682,0.3046799898147583,0.04008431346864882,control_pose,robot_origin,robot_origin
9.793103011999847,2026-09-13T15:36:08.535096+00:00,1789313768.5282977,0.006798267364501953,1.315194458644545,0.10120665334886403,0.3043002188205719,0.03860610775094405,control_pose,robot_origin,robot_origin
9.816909233999922,2026-09-13T15:36:08.558905+00:00,1789313768.4798548,0.07905006408691406,1.2977188775193942,0.09931554425270617,0.3047559343505507,0.04027312850876142,control_pose,robot_origin,robot_origin
9.84841218199972,2026-09-13T15:36:08.590407+00:00,1789313768.578586,0.011820793151855469,1.3336404030748301,0.10312691528241447,0.30256956815719604,0.03616620707974211,control_pose,robot_origin,robot_origin
9.90720367699987,2026-09-13T15:36:08.649198+00:00,1789313768.5509298,0.09826827049255371,1.3235375682897215,0.10195320539441521,0.30357280682811694,0.037131860769570736,control_pose,robot_origin,robot_origin
9.934771877000003,2026-09-13T15:36:08.676767+00:00,1789313768.637853,0.03891420364379883,1.3541265235012774,0.10601269466136065,0.30032411217689514,0.03540597793272841,control_pose,robot_origin,robot_origin
9.97709304,2026-09-13T15:36:08.719091+00:00,1789313768.6282125,0.09087848663330078,1.3514123342777034,0.10565842728012087,0.3005920838535144,0.035436729140554755,control_pose,robot_origin,robot_origin
10.00072780299979,2026-09-13T15:36:08.742725+00:00,1789313768.7053113,0.037413597106933594,1.3746615701037865,0.11125809271236564,0.30148565769195557,0.029754163483125883,control_pose,robot_origin,robot_origin
10.043078437999611,2026-09-13T15:36:08.785023+00:00,1789313768.6921241,0.09289884567260742,1.3705784769145595,0.110296220747093,0.3011976861558317,0.0308846372524993,control_pose,robot_origin,robot_origin
10.064578575999803,2026-09-13T15:36:08.806580+00:00,1789313768.768668,0.03791213035583496,1.3813107213670848,0.11370824680629599,0.3033217787742615,0.02815363800906402,control_pose,robot_origin,robot_origin
10.093491531999916,2026-09-13T15:36:08.835484+00:00,1789313768.8218715,0.013612508773803711,1.3847915662523265,0.11403007883507943,0.3040231764316559,0.03126716806989206,control_pose,robot_origin,robot_origin
10.121723133999694,2026-09-13T15:36:08.863719+00:00,1789313768.771923,0.0917959213256836,1.381734232683952,0.11379499160689277,0.3033955885608095,0.028249573354365985,control_pose,robot_origin,robot_origin
10.172537898999963,2026-09-13T15:36:08.914537+00:00,1789313768.8306024,0.08393454551696777,1.3849609718510396,0.11405720159623478,0.3039775551216045,0.03202112573296018,control_pose,robot_origin,robot_origin
10.20445192599982,2026-09-13T15:36:08.946460+00:00,1789313768.9087405,0.0377194881439209,1.3819398308181623,0.11417797416936004,0.304119348526001,0.038780855036159204,control_pose,robot_origin,robot_origin
10.23616870099977,2026-09-13T15:36:08.978162+00:00,1789313768.8985379,0.07962417602539062,1.3823767209651028,0.11416334453159527,0.30409569240376294,0.0378983158495066,control_pose,robot_origin,robot_origin
10.259094845999698,2026-09-13T15:36:09.001092+00:00,1789313768.9626458,0.03844618797302246,1.3799989207984356,0.11433913780109095,0.3044728934764862,0.042821458736586084,control_pose,robot_origin,robot_origin
10.28637683299985,2026-09-13T15:36:09.028362+00:00,1789313769.018728,0.009634017944335938,1.3794549404541072,0.11456095269377264,0.30459022521972656,0.0462857148946946,control_pose,robot_origin,robot_origin
10.311757574999774,2026-09-13T15:36:09.053757+00:00,1789313768.9691737,0.08458328247070312,1.379808816602865,0.11435790493648301,0.3044835833443419,0.04347196561706794,control_pose,robot_origin,robot_origin
10.355361252999955,2026-09-13T15:36:09.097356+00:00,1789313769.0717351,0.02562093734741211,1.3796058218444915,0.11480576141119558,0.30474215745925903,0.0471823602389814,control_pose,robot_origin,robot_origin
10.390790468999967,2026-09-13T15:36:09.132781+00:00,1789313769.0367823,0.09599876403808594,1.3794668839527218,0.11461827067485475,0.3046036879512511,0.04668252562039964,control_pose,robot_origin,robot_origin
10.46082620099969,2026-09-13T15:36:09.202803+00:00,1789313769.1384573,0.0643455982208252,1.379301632947847,0.11503896908632183,0.30556875467300415,0.04786013184869766,control_pose,robot_origin,robot_origin
10.482718280999961,2026-09-13T15:36:09.224714+00:00,1789313769.1096878,0.11502623558044434,1.379509691197547,0.11496596012916926,0.3053229499280318,0.047357119954091934,control_pose,robot_origin,robot_origin
10.497858993999671,2026-09-13T15:36:09.239856+00:00,1789313769.1949902,0.04486584663391113,1.3787416903887049,0.11509988452934417,0.30579909682273865,0.049514428786887894,control_pose,robot_origin,robot_origin
10.538412960999722,2026-09-13T15:36:09.280408+00:00,1789313769.1791625,0.10124540328979492,1.3788984598265341,0.11508282978042061,0.30573460697689153,0.049051269099406325,control_pose,robot_origin,robot_origin
10.561611716999778,2026-09-13T15:36:09.303609+00:00,1789313769.268313,0.035295963287353516,1.3780730543559252,0.11510510108904537,0.30545008182525635,0.051370990653124685,control_pose,robot_origin,robot_origin
10.601476009999715,2026-09-13T15:36:09.343480+00:00,1789313769.2538066,0.08967351913452148,1.3782092694177819,0.11510189852725661,0.30550840245598065,0.051001852251920256,control_pose,robot_origin,robot_origin
10.625601532000019,2026-09-13T15:36:09.367476+00:00,1789313769.3183699,0.04910612106323242,1.3776088458009483,0.11517625153026734,0.3054036796092987,0.05264889360149104,control_pose,robot_origin,robot_origin
10.651203237999653,2026-09-13T15:36:09.393199+00:00,1789313769.371704,0.02149486541748047,1.3772703961742399,0.11533183561764959,0.30540594458580017,0.05359661862571257,control_pose,robot_origin,robot_origin
10.675711645999854,2026-09-13T15:36:09.417712+00:00,1789313769.3322608,0.08545112609863281,1.3774519328335693,0.1151943172086698,0.3053985337209624,0.053036718425912684,control_pose,robot_origin,robot_origin
10.739091019999705,2026-09-13T15:36:09.481086+00:00,1789313769.3903787,0.09070730209350586,1.3770585987428643,0.11551204428189488,0.30539982730283977,0.05320170110390583,control_pose,robot_origin,robot_origin
10.774611469999854,2026-09-13T15:36:09.516620+00:00,1789313769.478173,0.038446903228759766,1.3797836440306117,0.11693160504590372,0.30500707030296326,0.05046467162679849,control_pose,robot_origin,robot_origin
10.80549728799997,2026-09-13T15:36:09.547492+00:00,1789313769.4630384,0.08445358276367188,1.3791378612115002,0.11663867986371701,0.3051029600486459,0.05094440548859506,control_pose,robot_origin,robot_origin
10.83761554199964,2026-09-13T15:36:09.579611+00:00,1789313769.528234,0.051377058029174805,1.3840314223901202,0.1189049765792366,0.3053804636001587,0.048067037621832225,control_pose,robot_origin,robot_origin
10.855007776999628,2026-09-13T15:36:09.597002+00:00,1789313769.578403,0.01859903335571289,1.3887756587526427,0.11991775870310928,0.3060142695903778,0.04571913228123622,control_pose,robot_origin,robot_origin
10.872330474999671,2026-09-13T15:36:09.614328+00:00,1789313769.5293307,0.08499717712402344,1.384137990407011,0.11893578890553969,0.30539977699413345,0.04800095763818676,control_pose,robot_origin,robot_origin
10.906455799000014,2026-09-13T15:36:09.648452+00:00,1789313769.6318521,0.01659989356994629,1.3974122754427094,0.12060829784427463,0.30713504552841187,0.043048503391286394,control_pose,robot_origin,robot_origin
10.928328838999732,2026-09-13T15:36:09.670321+00:00,1789313769.5962887,0.07403230667114258,1.3914168564189509,0.12021250453735943,0.3063852145482415,0.04509075728209481,control_pose,robot_origin,robot_origin
10.961345826999604,2026-09-13T15:36:09.703343+00:00,1789313769.685045,0.018297910690307617,1.4075823145756738,0.12157603571576314,0.30796149373054504,0.04061107110177463,control_pose,robot_origin,robot_origin
11.003812430999915,2026-09-13T15:36:09.745804+00:00,1789313769.6681013,0.07770276069641113,1.4046086963417688,0.1213530371107151,0.3077553854547431,0.04085099809781288,control_pose,robot_origin,robot_origin
11.06128947399975,2026-09-13T15:36:09.803292+00:00,1789313769.7519796,0.05131244659423828,1.4200068931047622,0.12307182575003928,0.30826935172080994,0.03808642297092565,control_pose,robot_origin,robot_origin
11.0839089899996,2026-09-13T15:36:09.825908+00:00,1789313769.7360222,0.08988571166992188,1.4169126488306096,0.12265722275084667,0.30822009747935564,0.0388418810314624,control_pose,robot_origin,robot_origin
11.122249515000021,2026-09-13T15:36:09.864248+00:00,1789313769.821632,0.04261612892150879,1.4390312827296428,0.1277865418492471,0.3076581656932831,0.028569610604837634,control_pose,robot_origin,robot_origin
11.15777761299978,2026-09-13T15:36:09.899775+00:00,1789313769.8090901,0.09068489074707031,1.4353591943035535,0.12683269400314579,0.30780934557284495,0.03051143749941492,control_pose,robot_origin,robot_origin
11.17948837799986,2026-09-13T15:36:09.921486+00:00,1789313769.8827116,0.03877425193786621,1.459052174201809,0.1301601157797838,0.3073520064353943,0.029167098341537707,control_pose,robot_origin,robot_origin
11.209374276999824,2026-09-13T15:36:09.951366+00:00,1789313769.876939,0.07442688941955566,1.4569964196968939,0.13005912062237268,0.3072949019789066,0.02870570811651884,control_pose,robot_origin,robot_origin
11.239537268999811,2026-09-13T15:36:09.981536+00:00,1789313769.9349864,0.04654955863952637,1.4776781199787337,0.13175907520438923,0.30635038018226624,0.03441468053476704,control_pose,robot_origin,robot_origin
11.251323401999798,2026-09-13T15:36:09.993321+00:00,1789313769.9849956,0.008325338363647461,1.4953384685020419,0.1337004951805083,0.30446773767471313,0.03852588751643072,control_pose,robot_origin,robot_origin
11.27764815799992,2026-09-13T15:36:10.019638+00:00,1789313769.952517,0.06712102890014648,1.4839496833957329,0.1326316632447394,0.30557994619437934,0.035684264045424643,control_pose,robot_origin,robot_origin
11.307728587999918,2026-09-13T15:36:10.049728+00:00,1789313770.038107,0.01162099838256836,1.5140851177170205,0.13259583501288041,0.3030346930027008,0.043495986679765807,control_pose,robot_origin,robot_origin
11.37735215299972,2026-09-13T15:36:10.119345+00:00,1789313770.0210822,0.09826278686523438,1.5045882169639513,0.13310907301959107,0.3037541116441253,0.04185873907625616,control_pose,robot_origin,robot_origin
11.407844685999862,2026-09-13T15:36:10.149840+00:00,1789313770.1050866,0.0447535514831543,1.5361381392676174,0.13051587012797905,0.30378618836402893,0.0435693119332126,control_pose,robot_origin,robot_origin
11.434562151999671,2026-09-13T15:36:10.176557+00:00,1789313770.0962296,0.08032751083374023,1.532653376929305,0.13087436285341925,0.30335140066133076,0.043682630275198434,control_pose,robot_origin,robot_origin
11.473199801999726,2026-09-13T15:36:10.215198+00:00,1789313770.1744654,0.040732622146606445,1.533280339223384,0.12752464104137262,0.30380508303642273,0.04232975522711834,control_pose,robot_origin,robot_origin
11.489599636999628,2026-09-13T15:36:10.231595+00:00,1789313770.224759,0.0068359375,1.5681751894233695,0.13088458481260568,0.3019733130931854,0.04045514839353298,control_pose,robot_origin,robot_origin
11.524082758999612,2026-09-13T15:36:10.266082+00:00,1789313770.1635048,0.10257720947265625,1.5374687300219172,0.12856203029562696,0.3039155612810928,0.04231255380865037,control_pose,robot_origin,robot_origin
11.573749889999817,2026-09-13T15:36:10.315750+00:00,1789313770.2373323,0.07841753959655762,1.5709172481699312,0.13153806498824028,0.30169232942189717,0.039337803249853975,control_pose,robot_origin,robot_origin
11.600301593999575,2026-09-13T15:36:10.342301+00:00,1789313770.3048213,0.03747963905334473,1.5948539530280916,0.13684938605093844,0.29958468675613403,0.0343344109127087,control_pose,robot_origin,robot_origin
11.619899367000016,2026-09-13T15:36:10.361899+00:00,1789313770.3582616,0.0036373138427734375,1.6098720614903488,0.1401683999016503,0.2984730005264282,0.0338231288137864,control_pose,robot_origin,robot_origin
11.64677648299994,2026-09-13T15:36:10.388770+00:00,1789313770.307379,0.0813910961151123,1.5958175145912399,0.13711686660658495,0.29942785683497525,0.034348703303021456,control_pose,robot_origin,robot_origin
11.685373651999726,2026-09-13T15:36:10.427373+00:00,1789313770.4086545,0.018718481063842773,1.621862496513596,0.14743855563587005,0.3026253581047058,0.03025592500180982,control_pose,robot_origin,robot_origin
11.714401969999926,2026-09-13T15:36:10.456145+00:00,1789313770.3811073,0.07503771781921387,1.6152505535971702,0.14474126196825587,0.3000127561375355,0.031614540573578584,control_pose,robot_origin,robot_origin
11.74813775199982,2026-09-13T15:36:10.490136+00:00,1789313770.4590693,0.0310666561126709,1.6234153050209805,0.14911489726778404,0.30462685227394104,0.031946724600454085,control_pose,robot_origin,robot_origin
11.795398381999803,2026-09-13T15:36:10.537396+00:00,1789313770.440949,0.09644699096679688,1.6245421723984046,0.14871980790842232,0.3046873938899033,0.031068124248887174,control_pose,robot_origin,robot_origin
11.806578713999897,2026-09-13T15:36:10.548581+00:00,1789313770.5149088,0.03367209434509277,1.632737302976846,0.1505266698395823,0.3046891391277313,0.028355235303620507,control_pose,robot_origin,robot_origin
11.849954579999576,2026-09-13T15:36:10.591949+00:00,1789313770.5118861,0.0800628662109375,1.632321402220142,0.1505424607702479,0.30469638726524684,0.02866523970892784,control_pose,robot_origin,robot_origin
11.87573907199976,2026-09-13T15:36:10.617735+00:00,1789313770.5865054,0.031229496002197266,1.6369485537953976,0.14912611230849138,0.30539849400520325,0.029337157598684632,control_pose,robot_origin,robot_origin
11.928982097999778,2026-09-13T15:36:10.670980+00:00,1789313770.5773578,0.09362220764160156,1.636562171032732,0.1493544526722056,0.3053283158777414,0.028192810858598562,control_pose,robot_origin,robot_origin
11.942878342999848,2026-09-13T15:36:10.684880+00:00,1789313770.6414,0.04347991943359375,1.6378082204803397,0.14813491400106893,0.3059236407279968,0.0379686218226583,control_pose,robot_origin,robot_origin
11.958632920999662,2026-09-13T15:36:10.700627+00:00,1789313770.6947014,0.005925655364990234,1.6368761130087002,0.14815486237674624,0.3060627281665802,0.03829165505709951,control_pose,robot_origin,robot_origin
11.987919610999597,2026-09-13T15:36:10.729865+00:00,1789313770.6470807,0.08278441429138184,1.6377274465922558,0.1480668735968994,0.30593705856647474,0.03842201032992952,control_pose,robot_origin,robot_origin
12.033854971999972,2026-09-13T15:36:10.775853+00:00,1789313770.7482276,0.027625322341918945,1.6359805277037662,0.14844456821385676,0.30614596605300903,0.03681693457075659,control_pose,robot_origin,robot_origin
12.051512043000002,2026-09-13T15:36:10.793506+00:00,1789313770.7178166,0.07568931579589844,1.6364633624067273,0.1483624292162763,0.30610339439510603,0.037295678176522004,control_pose,robot_origin,robot_origin
12.076440745999662,2026-09-13T15:36:10.816561+00:00,1789313770.8017433,0.01481771469116211,1.6350587153266845,0.14839059128741428,0.3061932623386383,0.03787989058438149,control_pose,robot_origin,robot_origin
12.117345406999902,2026-09-13T15:36:10.859341+00:00,1789313770.789447,0.06989383697509766,1.6351852366521438,0.1484402809396087,0.30618071030964406,0.0376195180173771,control_pose,robot_origin,robot_origin
12.147943348999888,2026-09-13T15:36:10.889939+00:00,1789313770.8547356,0.03520345687866211,1.6342627887999002,0.14814716649037507,0.30625930428504944,0.038680966898844184,control_pose,robot_origin,robot_origin
12.178148675999637,2026-09-13T15:36:10.920115+00:00,1789313770.9082992,0.011815786361694336,1.6336626321310286,0.14794971182528494,0.30628249049186707,0.03842321365630977,control_pose,robot_origin,robot_origin
12.193393903000015,2026-09-13T15:36:10.935388+00:00,1789313770.8617334,0.0736546516418457,1.6341719061954247,0.14810859571423896,0.3062651409473752,0.038713628760405884,control_pose,robot_origin,robot_origin
12.232033311999658,2026-09-13T15:36:10.974033+00:00,1789313770.9615963,0.012436866760253906,1.6333136868368574,0.1479241175083683,0.30628588795661926,0.03850925352115707,control_pose,robot_origin,robot_origin
12.285851833999914,2026-09-13T15:36:11.027848+00:00,1789313770.929146,0.09870195388793945,1.63349858973777,0.1479267732016205,0.30628390925098486,0.03837967261203784,control_pose,robot_origin,robot_origin
12.333399027999803,2026-09-13T15:36:11.075403+00:00,1789313771.014727,0.060675859451293945,1.6330473403825996,0.14798445328205545,0.3062940835952759,0.03873659109857387,control_pose,robot_origin,robot_origin
12.368229450999934,2026-09-13T15:36:11.110225+00:00,1789313771.002572,0.10765290260314941,1.6331011154151933,0.14797101893602338,0.3062919700457841,0.0386938046681563,control_pose,robot_origin,robot_origin
12.419508830999803,2026-09-13T15:36:11.161506+00:00,1789313771.1184208,0.04308509826660156,1.632800815453062,0.14802258998644036,0.30633607506752014,0.03910772019720492,control_pose,robot_origin,robot_origin
12.465273308999713,2026-09-13T15:36:11.207267+00:00,1789313771.0715675,0.13569951057434082,1.6328885508664164,0.14802251743963435,0.30631659942779405,0.0388722759260052,control_pose,robot_origin,robot_origin
12.482968268999684,2026-09-13T15:36:11.224963+00:00,1789313771.1815963,0.04336667060852051,1.6327368627929781,0.14799799445894035,0.30634549260139465,0.039264427185590936,control_pose,robot_origin,robot_origin
12.497380169999815,2026-09-13T15:36:11.239372+00:00,1789313771.1414871,0.0978848934173584,1.6327774655261569,0.14801360984755985,0.30633951352852096,0.03916493577389127,control_pose,robot_origin,robot_origin
12.545474316999844,2026-09-13T15:36:11.287472+00:00,1789313771.238516,0.04895591735839844,1.632645747995726,0.14802509072807302,0.3063482642173767,0.03934663414052366,control_pose,robot_origin,robot_origin
12.573727325999698,2026-09-13T15:36:11.315725+00:00,1789313771.2099326,0.10579252243041992,1.6326915033463814,0.14801148372533568,0.3063468723878938,0.039305351998259616,control_pose,robot_origin,robot_origin
12.591252234999956,2026-09-13T15:36:11.333250+00:00,1789313771.2914116,0.04183840751647949,1.6329725182294033,0.14783361274048235,0.3063853979110718,0.03916603454749197,control_pose,robot_origin,robot_origin
12.622310792000007,2026-09-13T15:36:11.364285+00:00,1789313771.2834618,0.08082318305969238,1.6329399146490913,0.1478850717461616,0.3063762108679843,0.03920846343679358,control_pose,robot_origin,robot_origin
12.639794452999922,2026-09-13T15:36:11.381791+00:00,1789313771.3448346,0.0369565486907959,1.6352713617863117,0.14642816770662648,0.3073241114616394,0.03736425952296396,control_pose,robot_origin,robot_origin
12.667305818999921,2026-09-13T15:36:11.409316+00:00,1789313771.3980215,0.01129460334777832,1.6397730916909965,0.14735090951161744,0.30671563744544983,0.03541032876569249,control_pose,robot_origin,robot_origin
12.688946278999993,2026-09-13T15:36:11.430940+00:00,1789313771.3561645,0.07477545738220215,1.6360574916529667,0.14646306278736987,0.30739631490676944,0.03673551265641998,control_pose,robot_origin,robot_origin
12.735046314999636,2026-09-13T15:36:11.477037+00:00,1789313771.452107,0.02493000030517578,1.6474553152132265,0.1490054320355365,0.30582842230796814,0.034193812271842774,control_pose,robot_origin,robot_origin
12.765706241999851,2026-09-13T15:36:11.507702+00:00,1789313771.4216797,0.08602237701416016,1.6426147454125388,0.14797462698154706,0.30620022156835586,0.03474365059914557,control_pose,robot_origin,robot_origin
12.791490797999813,2026-09-13T15:36:11.533486+00:00,1789313771.5065596,0.026926279067993164,1.6573493103343746,0.15115451302245553,0.3055323362350464,0.030238868848959703,control_pose,robot_origin,robot_origin
12.833803958999852,2026-09-13T15:36:11.575800+00:00,1789313771.4957027,0.08009719848632812,1.6553549477262344,0.15085825331660951,0.3055921710151062,0.03091466085075214,control_pose,robot_origin,robot_origin
12.878397347999908,2026-09-13T15:36:11.613897+00:00,1789313771.5647204,0.049176692962646484,1.67004431048611,0.1524476044676214,0.3053677976131439,0.02612179961413156,control_pose,robot_origin,robot_origin
12.909450976999779,2026-09-13T15:36:11.651444+00:00,1789313771.5652103,0.08623361587524414,1.6701101376189822,0.15244763760588365,0.30536594836210784,0.026131102982430383,control_pose,robot_origin,robot_origin
12.91376537899987,2026-09-13T15:36:11.655772+00:00,1789313771.6212914,0.03448057174682617,1.6805030427007153,0.1520027117860231,0.3048042356967926,0.029130061844594074,control_pose,robot_origin,robot_origin
12.935813909999979,2026-09-13T15:36:11.677810+00:00,1789313771.6749344,0.0028755664825439453,1.6961052465978441,0.15172661758029282,0.3037300407886505,0.028295645224401433,control_pose,robot_origin,robot_origin
12.96821479099981,2026-09-13T15:36:11.710185+00:00,1789313771.6472251,0.06295990943908691,1.6880180226901444,0.1518302701211769,0.304252096630302,0.02874247837624699,control_pose,robot_origin,robot_origin
12.99930067599962,2026-09-13T15:36:11.741275+00:00,1789313771.728035,0.01324009895324707,1.7150086922989034,0.15119394474840664,0.3020847737789154,0.027590429829974155,control_pose,robot_origin,robot_origin
13.03514218700002,2026-09-13T15:36:11.777134+00:00,1789313771.7049434,0.07219052314758301,1.7059432696489991,0.15142977127884327,0.3029986685113245,0.027532425323090914,control_pose,robot_origin,robot_origin
13.06126377199962,2026-09-13T15:36:11.803262+00:00,1789313771.7813485,0.021913528442382812,1.7343026687004506,0.1517952108452757,0.29970651865005493,0.02731729923478063,control_pose,robot_origin,robot_origin
13.10365667799988,2026-09-13T15:36:11.845648+00:00,1789313771.7788565,0.06679153442382812,1.7335485568937545,0.15167424986873623,0.2997419799180028,0.027339949820490653,control_pose,robot_origin,robot_origin
13.133025928999814,2026-09-13T15:36:11.875032+00:00,1789313771.8432817,0.03175020217895508,1.7580399003489875,0.15367151076178553,0.2999612092971802,0.02821826920532025,control_pose,robot_origin,robot_origin
13.163396987999931,2026-09-13T15:36:11.905397+00:00,1789313771.8435943,0.06180262565612793,1.7582812565163306,0.15360787496243278,0.29997598096336225,0.028263219465089123,control_pose,robot_origin,robot_origin
13.18880169799968,2026-09-13T15:36:11.930769+00:00,1789313771.8972323,0.033536672592163086,1.7811998365500958,0.1511322420686324,0.3038924038410187,0.03207368563800678,control_pose,robot_origin,robot_origin
13.239153222999903,2026-09-13T15:36:11.981148+00:00,1789313771.9117439,0.06940412521362305,1.7853350182648184,0.15142718185541137,0.3044897022940786,0.03153833862380668,control_pose,robot_origin,robot_origin
13.254003242999715,2026-09-13T15:36:11.995999+00:00,1789313771.955601,0.04039812088012695,1.7962400139548815,0.15214028529142287,0.3053881525993347,0.031317432455821144,control_pose,robot_origin,robot_origin
13.29840373199977,2026-09-13T15:36:12.040398+00:00,1789313771.9842343,0.05616354942321777,1.8075325351149503,0.15374704049877674,0.30524737627605825,0.031576428916706804,control_pose,robot_origin,robot_origin
13.313692158999856,2026-09-13T15:36:12.055688+00:00,1789313772.0090356,0.04665231704711914,1.816611813336058,0.1551291874360281,0.30481839179992676,0.030885004390993814,control_pose,robot_origin,robot_origin
13.342318869999872,2026-09-13T15:36:12.084202+00:00,1789313772.064769,0.019433021545410156,1.8368828776337613,0.15801518018726424,0.30289071798324585,0.030171379316233243,control_pose,robot_origin,robot_origin
13.3788788869997,2026-09-13T15:36:12.120864+00:00,1789313772.047104,0.0737600326538086,1.8297161337580015,0.1569515197831738,0.30372593671646153,0.030504816819118197,control_pose,robot_origin,robot_origin
13.401965993999966,2026-09-13T15:36:12.143966+00:00,1789313772.1234906,0.020475387573242188,1.8570613503854312,0.1604415489258818,0.30069634318351746,0.02978426861784689,control_pose,robot_origin,robot_origin
13.447095005999927,2026-09-13T15:36:12.188425+00:00,1789313772.1165829,0.07184219360351562,1.8554356145484716,0.16025303797594048,0.3007294913426919,0.0297785503191987,control_pose,robot_origin,robot_origin
13.472643430999597,2026-09-13T15:36:12.214640+00:00,1789313772.177912,0.0367279052734375,1.873585283237492,0.16378796184778965,0.3013320565223694,0.027324072465941148,control_pose,robot_origin,robot_origin
13.503096345999893,2026-09-13T15:36:12.245090+00:00,1789313772.231658,0.013432025909423828,1.883731549364581,0.16775972383206972,0.303269624710083,0.02387861598126691,control_pose,robot_origin,robot_origin
13.522105373999693,2026-09-13T15:36:12.264086+00:00,1789313772.194176,0.06991004943847656,1.8786193608852262,0.16557118159579787,0.3021395780808246,0.025643935461597125,control_pose,robot_origin,robot_origin
13.558438698999908,2026-09-13T15:36:12.300445+00:00,1789313772.2850053,0.015439748764038086,1.8884950074128426,0.16829332254639828,0.304376482963562,0.02596219800272278,control_pose,robot_origin,robot_origin
13.614800939999895,2026-09-13T15:36:12.356798+00:00,1789313772.2654822,0.09131574630737305,1.8870281743301307,0.1682194322806373,0.3042244968894181,0.02547292815878031,control_pose,robot_origin,robot_origin
13.62258387599968,2026-09-13T15:36:12.364587+00:00,1789313772.3380709,0.026516199111938477,1.8911548568431957,0.16846464863489863,0.304453581571579,0.028289666112626188,control_pose,robot_origin,robot_origin
13.665938908999578,2026-09-13T15:36:12.407930+00:00,1789313772.3304288,0.07750105857849121,1.8913554900372862,0.16849456493546677,0.3044754714598923,0.02791841379370699,control_pose,robot_origin,robot_origin
13.687553896999816,2026-09-13T15:36:12.429553+00:00,1789313772.3914428,0.03811025619506836,1.8887012438438855,0.16742239738096953,0.3040449917316437,0.03223461767077798,control_pose,robot_origin,robot_origin
13.703048566999769,2026-09-13T15:36:12.445043+00:00,1789313772.4415493,0.003493785858154297,1.8855276400229513,0.16790734599923385,0.30370157957077026,0.03642504844015954,control_pose,robot_origin,robot_origin
13.741230848999749,2026-09-13T15:36:12.483226+00:00,1789313772.406564,0.07666206359863281,1.8877105352257213,0.16748784322083288,0.30391895666554164,0.03358466015150196,control_pose,robot_origin,robot_origin
13.770800134999718,2026-09-13T15:36:12.512797+00:00,1789313772.4928718,0.019925355911254883,1.8835841806902975,0.1686782878776233,0.30420613288879395,0.039390742970981066,control_pose,robot_origin,robot_origin
13.811876636999841,2026-09-13T15:36:12.553876+00:00,1789313772.4699647,0.08391118049621582,1.8841912233629623,0.16835445805538296,0.3041199049964156,0.03821463129051218,control_pose,robot_origin,robot_origin
13.836367700999745,2026-09-13T15:36:12.578367+00:00,1789313772.547984,0.03038311004638672,1.8828992889617078,0.169403118709069,0.3043820559978485,0.042214326302116946,control_pose,robot_origin,robot_origin
13.887090719999833,2026-09-13T15:36:12.629085+00:00,1789313772.5419543,0.08713078498840332,1.8828903811885342,0.1693329533907686,0.30435829029398154,0.041955656832316765,control_pose,robot_origin,robot_origin
13.912251617999573,2026-09-13T15:36:12.654244+00:00,1789313772.5980241,0.05621981620788574,1.8828401061840907,0.1697571329358798,0.3045376241207123,0.04338293036713706,control_pose,robot_origin,robot_origin
13.948902963999899,2026-09-13T15:36:12.690901+00:00,1789313772.6103373,0.08056378364562988,1.8828411203897466,0.16978438179594635,0.3045392974577274,0.043427371376235396,control_pose,robot_origin,robot_origin
13.984398772999612,2026-09-13T15:36:12.726394+00:00,1789313772.6811793,0.04521465301513672,1.8824803501488183,0.1700643163813993,0.304653137922287,0.044822421452541256,control_pose,robot_origin,robot_origin
14.016814438999972,2026-09-13T15:36:12.758798+00:00,1789313772.732219,0.026578903198242188,1.8820588681027428,0.17024596316113616,0.30505135655403137,0.04638767034324208,control_pose,robot_origin,robot_origin
14.040566386999672,2026-09-13T15:36:12.782561+00:00,1789313772.680974,0.10158705711364746,1.882481636402142,0.17006355132022843,0.30465257926271777,0.04481747106872017,control_pose,robot_origin,robot_origin
14.087899081999694,2026-09-13T15:36:12.829896+00:00,1789313772.791253,0.03864288330078125,1.8814512514894026,0.17035700179849278,0.3052176237106323,0.04818894381778519,control_pose,robot_origin,robot_origin
14.112347872999635,2026-09-13T15:36:12.854342+00:00,1789313772.7509096,0.10343241691589355,1.8818561813766514,0.17028041402903393,0.30510813595793546,0.04699258068207169,control_pose,robot_origin,robot_origin
14.177054465999845,2026-09-13T15:36:12.919042+00:00,1789313772.8253884,0.09365367889404297,1.8812055419675828,0.1704811927782811,0.3052160044911861,0.049045593931861906,control_pose,robot_origin,robot_origin
14.209102541999982,2026-09-13T15:36:12.951101+00:00,1789313772.894545,0.056555986404418945,1.8806815079177155,0.17062971473416133,0.3052591383457184,0.050691776310762084,control_pose,robot_origin,robot_origin
14.25252346399975,2026-09-13T15:36:12.994521+00:00,1789313772.8995798,0.0949411392211914,1.8806457390878886,0.17064674307139727,0.3052636507600986,0.050787136037880015,control_pose,robot_origin,robot_origin
14.295657117999781,2026-09-13T15:36:13.037650+00:00,1789313772.976737,0.0609130859375,1.8800521496122111,0.17086090052325043,0.3052996098995209,0.05196073499400757,control_pose,robot_origin,robot_origin
14.307816760999685,2026-09-13T15:36:13.049817+00:00,1789313772.9694784,0.08033871650695801,1.8801149809861362,0.17084053837052604,0.3052967254284517,0.05184810170726511,control_pose,robot_origin,robot_origin
14.339125368999703,2026-09-13T15:36:13.081075+00:00,1789313773.0412602,0.03981471061706543,1.8811984333329508,0.17174515531265022,0.30455541610717773,0.05161377702674635,control_pose,robot_origin,robot_origin
14.380559828999594,2026-09-13T15:36:13.122557+00:00,1789313773.036129,0.08642792701721191,1.8811072746061133,0.17167483455406063,0.30461459845217903,0.05164109371791518,control_pose,robot_origin,robot_origin
14.429098620999866,2026-09-13T15:36:13.171094+00:00,1789313773.131505,0.03958892822265625,1.887303726359907,0.17415497445351735,0.30475595593452454,0.04754208294025051,control_pose,robot_origin,robot_origin
14.452244960999906,2026-09-13T15:36:13.194238+00:00,1789313773.1064959,0.08774209022521973,1.885417150036898,0.17364521663003418,0.3045513660659102,0.04873503194010892,control_pose,robot_origin,robot_origin
14.484441838999828,2026-09-13T15:36:13.226192+00:00,1789313773.1851768,0.0410151481628418,1.8929165485658426,0.17504694789173458,0.30547598004341125,0.045778108711182104,control_pose,robot_origin,robot_origin
14.511434380999617,2026-09-13T15:36:13.253432+00:00,1789313773.1702347,0.08319735527038574,1.8913539460189297,0.17479862362362175,0.30527552624938314,0.04626729337114483,control_pose,robot_origin,robot_origin
14.555518000999655,2026-09-13T15:36:13.297514+00:00,1789313773.265053,0.032460927963256836,1.905356018099614,0.17599614134719133,0.30672410130500793,0.04110938325284502,control_pose,robot_origin,robot_origin
14.57271720899962,2026-09-13T15:36:13.314712+00:00,1789313773.2402406,0.07447147369384766,1.9011854225109224,0.1756912368183049,0.30633558325339216,0.04260338294864102,control_pose,robot_origin,robot_origin
14.598926250999739,2026-09-13T15:36:13.340926+00:00,1789313773.3238304,0.017095565795898438,1.9160664551266948,0.17694712668542545,0.3071245551109314,0.040999423977708775,control_pose,robot_origin,robot_origin
14.65233849499964,2026-09-13T15:36:13.394332+00:00,1789313773.3156793,0.07865262031555176,1.9152160566447158,0.17692924029484958,0.30708240356832245,0.04114301259789467,control_pose,robot_origin,robot_origin
14.681631999999809,2026-09-13T15:36:13.423631+00:00,1789313773.381263,0.04236793518066406,1.927388513006767,0.1788625551038242,0.30716487765312195,0.03690203394275935,control_pose,robot_origin,robot_origin
14.707064037999771,2026-09-13T15:36:13.449031+00:00,1789313773.4346488,0.014382362365722656,1.9426292094534312,0.1828724965424614,0.3059707581996918,0.029292103973217437,control_pose,robot_origin,robot_origin
14.731828097999824,2026-09-13T15:36:13.473833+00:00,1789313773.3816469,0.09218621253967285,1.9274881137032505,0.17888658906196053,0.3071594642890686,0.03686364299082042,control_pose,robot_origin,robot_origin
14.763075745999686,2026-09-13T15:36:13.505068+00:00,1789313773.4914324,0.013635635375976562,1.9617317544609634,0.18416699749371723,0.306471049785614,0.03379336764138576,control_pose,robot_origin,robot_origin
14.79413711799998,2026-09-13T15:36:13.536131+00:00,1789313773.4487846,0.08734631538391113,1.9468527561183477,0.18286204061056177,0.30563914851049684,0.028779753065285945,control_pose,robot_origin,robot_origin
14.822113419999823,2026-09-13T15:36:13.564110+00:00,1789313773.5414367,0.022673368453979492,1.9792194923768447,0.18474895523379375,0.30539658665657043,0.03988127952900882,control_pose,robot_origin,robot_origin
14.867411234999963,2026-09-13T15:36:13.609409+00:00,1789313773.5291476,0.0802614688873291,1.9749193780485839,0.1844800435984767,0.30589033151029776,0.03884507558347497,control_pose,robot_origin,robot_origin
14.89314462099992,2026-09-13T15:36:13.635142+00:00,1789313773.5945797,0.04056239128112793,1.9992137234968501,0.18571522985588895,0.30429720878601074,0.04095936107547919,control_pose,robot_origin,robot_origin
14.944522177999715,2026-09-13T15:36:13.686517+00:00,1789313773.5956795,0.09083747863769531,1.9997172539957404,0.18568804817046303,0.30429212740224915,0.04099593273539939,control_pose,robot_origin,robot_origin
14.983036304999587,2026-09-13T15:36:13.725035+00:00,1789313773.6711702,0.05386471748352051,2.029668157837569,0.182787605926794,0.30581504106521606,0.041344399461831244,control_pose,robot_origin,robot_origin
14.997232681999776,2026-09-13T15:36:13.739230+00:00,1789313773.7246115,0.014618396759033203,2.042650429859762,0.1814024761266565,0.3053891956806183,0.04137767658729501,control_pose,robot_origin,robot_origin
15.022482605999812,2026-09-13T15:36:13.764476+00:00,1789313773.676475,0.08800101280212402,2.031325871284713,0.18270681102211916,0.30590777588346396,0.041122220967767395,control_pose,robot_origin,robot_origin
15.064501521999773,2026-09-13T15:36:13.806496+00:00,1789313773.7781184,0.028377532958984375,2.0591183008007414,0.1826692807393384,0.30408087372779846,0.038101193000499925,control_pose,robot_origin,robot_origin
15.068168074999903,2026-09-13T15:36:13.810166+00:00,1789313773.737998,0.07216787338256836,2.0468912770443066,0.1815773474692408,0.30509822119246816,0.04101806811536289,control_pose,robot_origin,robot_origin
15.096989092999593,2026-09-13T15:36:13.838988+00:00,1789313773.8324816,0.006506443023681641,2.080116743741173,0.18478683425941966,0.30131450295448303,0.03520444328083882,control_pose,robot_origin,robot_origin
15.161410304999663,2026-09-13T15:36:13.903405+00:00,1789313773.8140993,0.08930563926696777,2.0747448156754693,0.18408962636200432,0.3023546563785368,0.0356808594176508,control_pose,robot_origin,robot_origin
15.186765766000008,2026-09-13T15:36:13.928711+00:00,1789313773.8888059,0.03990507125854492,2.1004448646104397,0.18963691054636234,0.29915356636047363,0.03312657594328263,control_pose,robot_origin,robot_origin
15.212348462999671,2026-09-13T15:36:13.954342+00:00,1789313773.8725858,0.0817561149597168,2.0958706786086228,0.18786311440079018,0.2989137693713906,0.03423186252035856,control_pose,robot_origin,robot_origin
15.2569384909998,2026-09-13T15:36:13.998939+00:00,1789313773.9620886,0.0368504524230957,2.1174014270183825,0.19694992209527928,0.3050571084022522,0.028678588732684036,control_pose,robot_origin,robot_origin
15.292050197999743,2026-09-13T15:36:14.034044+00:00,1789313773.9432788,0.09076523780822754,2.1141262413728588,0.1956547045201833,0.3035843491699387,0.02859113760911139,control_pose,robot_origin,robot_origin
15.320036226999946,2026-09-13T15:36:14.062032+00:00,1789313774.024806,0.037225961685180664,2.1291738464087455,0.19987263978594128,0.30614107847213745,0.027968386911164905,control_pose,robot_origin,robot_origin
15.35351293199983,2026-09-13T15:36:14.095514+00:00,1789313774.0113835,0.08413052558898926,2.126825299561067,0.1992449988316557,0.3060649595432376,0.028837813232723785,control_pose,robot_origin,robot_origin
15.378355840999575,2026-09-13T15:36:14.120354+00:00,1789313774.0777256,0.04262828826904297,2.136447014034044,0.20030863629204787,0.30631569027900696,0.022701887809231155,control_pose,robot_origin,robot_origin
15.410970997999812,2026-09-13T15:36:14.152924+00:00,1789313774.0813003,0.0716238021850586,2.1370453354914396,0.20036783782058198,0.3063034617588357,0.022304549125969277,control_pose,robot_origin,robot_origin
15.427091372999712,2026-09-13T15:36:14.169085+00:00,1789313774.131238,0.037847042083740234,2.143497276334851,0.2005436650474962,0.30577459931373596,0.020509997047134194,control_pose,robot_origin,robot_origin
15.452976985999612,2026-09-13T15:36:14.194988+00:00,1789313774.184441,0.01054692268371582,2.1455422314569437,0.19891330742082658,0.30599141120910645,0.028343447647279075,control_pose,robot_origin,robot_origin
15.48533901799965,2026-09-13T15:36:14.227335+00:00,1789313774.1503596,0.07697534561157227,2.144398107375001,0.20022288777095598,0.30585530829561147,0.02306321925744759,control_pose,robot_origin,robot_origin
15.516536168999664,2026-09-13T15:36:14.258533+00:00,1789313774.2377346,0.020798444747924805,2.1465666105352,0.19837329798836578,0.30627861618995667,0.03153735185517218,control_pose,robot_origin,robot_origin
15.557469084999866,2026-09-13T15:36:14.299461+00:00,1789313774.2217972,0.07766366004943848,2.146666304828099,0.19842189205889937,0.30620643024754485,0.03140611386301162,control_pose,robot_origin,robot_origin
15.582566140999916,2026-09-13T15:36:14.324562+00:00,1789313774.2947516,0.029810428619384766,2.1462006244361547,0.19864265286270244,0.3064763844013214,0.029648809852607694,control_pose,robot_origin,robot_origin
15.644729494999865,2026-09-13T15:36:14.386724+00:00,1789313774.2898197,0.09690427780151367,2.146241579379455,0.19862054842245747,0.30645918303701225,0.029768043754852584,control_pose,robot_origin,robot_origin
15.646973240999614,2026-09-13T15:36:14.388973+00:00,1789313774.3479133,0.04105973243713379,2.145552338224303,0.19891457497903386,0.3066014349460602,0.029433111486700386,control_pose,robot_origin,robot_origin
15.665568406999682,2026-09-13T15:36:14.407563+00:00,1789313774.4011035,0.006459474563598633,2.1453594380054457,0.1989541812202814,0.3067042827606201,0.0301372582823177,control_pose,robot_origin,robot_origin
15.70852391299968,2026-09-13T15:36:14.450520+00:00,1789313774.3728492,0.07767081260681152,2.14540620491207,0.19898137579444553,0.3066519690700145,0.029866813292882623,control_pose,robot_origin,robot_origin
15.740342256999611,2026-09-13T15:36:14.482336+00:00,1789313774.451137,0.031198978424072266,2.145600307146958,0.19880120141145585,0.30677515268325806,0.030135846582360813,control_pose,robot_origin,robot_origin
15.80137541799968,2026-09-13T15:36:14.543365+00:00,1789313774.437246,0.10611891746520996,2.145507011684913,0.19883333441156192,0.3067615735595789,0.030173307633221527,control_pose,robot_origin,robot_origin
15.833840299999792,2026-09-13T15:36:14.575829+00:00,1789313774.5311031,0.044725894927978516,2.146376368243095,0.1987900680077539,0.3068385422229767,0.0297507435260119,control_pose,robot_origin,robot_origin
15.857578008000019,2026-09-13T15:36:14.599570+00:00,1789313774.5117419,0.08782815933227539,2.1461988259253237,0.19876895029369046,0.3068259919101715,0.029827748989660084,control_pose,robot_origin,robot_origin
15.892372012999658,2026-09-13T15:36:14.634361+00:00,1789313774.587629,0.04673194885253906,2.1467257123466044,0.1989123854987903,0.3068607449531555,0.030153901646796263,control_pose,robot_origin,robot_origin
15.92554954599973,2026-09-13T15:36:14.667542+00:00,1789313774.5838928,0.0836491584777832,2.1467046859670296,0.19890381055150097,0.3068593710529672,0.03012630594940202,control_pose,robot_origin,robot_origin
15.97488601499981,2026-09-13T15:36:14.716883+00:00,1789313774.6643882,0.05249476432800293,2.146839883524235,0.1989029052851592,0.3068779706954956,0.030269053354875057,control_pose,robot_origin,robot_origin
16.00765640499958,2026-09-13T15:36:14.749650+00:00,1789313774.6558325,0.09381747245788574,2.146827263636883,0.19890795249854198,0.30687610452015956,0.030267799081296457,control_pose,robot_origin,robot_origin
16.037327548999656,2026-09-13T15:36:14.779322+00:00,1789313774.73887,0.040452003479003906,2.146718097703208,0.19882446205522708,0.3068849742412567,0.030199136036532376,control_pose,robot_origin,robot_origin
16.06037183799981,2026-09-13T15:36:14.802368+00:00,1789313774.7158673,0.08650064468383789,2.1467557098853227,0.19884868836519443,0.3068828112748589,0.030220734734111684,control_pose,robot_origin,robot_origin
16.0957541089997,2026-09-13T15:36:14.837752+00:00,1789313774.7982328,0.039519309997558594,2.1478152973324547,0.19895014017348223,0.30691951513290405,0.030123126177165345,control_pose,robot_origin,robot_origin
16.11911958699966,2026-09-13T15:36:14.861111+00:00,1789313774.781031,0.08008003234863281,2.1474973544591984,0.19891372158477838,0.3069095059877654,0.030145130375792067,control_pose,robot_origin,robot_origin
16.15332072000001,2026-09-13T15:36:14.895319+00:00,1789313774.8610387,0.03428030014038086,2.153588403986298,0.19986071990897492,0.3067973256111145,0.028882250254580723,control_pose,robot_origin,robot_origin
16.189219605999824,2026-09-13T15:36:14.931212+00:00,1789313774.8612444,0.06996750831604004,2.153603722694199,0.199864615420981,0.30679723667375575,0.028879212801682843,control_pose,robot_origin,robot_origin
16.226961016999667,2026-09-13T15:36:14.968952+00:00,1789313774.9270616,0.04189038276672363,2.1613343741493383,0.20102642667563286,0.3066307604312897,0.027852468358384303,control_pose,robot_origin,robot_origin
16.256861571999707,2026-09-13T15:36:14.998860+00:00,1789313774.9197783,0.07908153533935547,2.160477668144269,0.20094512601087233,0.30665026420380903,0.02791028962990848,control_pose,robot_origin,robot_origin
16.27008481499979,2026-09-13T15:36:15.012085+00:00,1789313774.9809237,0.03116130828857422,2.172483155169912,0.2018894547405773,0.30591052770614624,0.02752712749347189,control_pose,robot_origin,robot_origin
16.298753029999716,2026-09-13T15:36:15.040748+00:00,1789313775.0345628,0.006185054779052734,2.1839288711446914,0.2028393887485539,0.3046315312385559,0.026859724943532153,control_pose,robot_origin,robot_origin
16.320057100999747,2026-09-13T15:36:15.061987+00:00,1789313774.989406,0.07258081436157227,2.1743675395793955,0.2020221173184017,0.3057598491920736,0.02748140214685284,control_pose,robot_origin,robot_origin
16.356226646999858,2026-09-13T15:36:15.098228+00:00,1789313775.0883422,0.009885787963867188,2.1964656593083913,0.20360937041205562,0.30359068512916565,0.025289855381262733,control_pose,robot_origin,robot_origin
16.38737752499992,2026-09-13T15:36:15.128424+00:00,1789313775.0601635,0.06826043128967285,2.1897034656054917,0.20317966013239497,0.3040692310408696,0.026353956334465328,control_pose,robot_origin,robot_origin
16.42043767999985,2026-09-13T15:36:15.162438+00:00,1789313775.1389883,0.02344965934753418,2.2071413025306943,0.20359146517877647,0.3026151955127716,0.02457617101676967,control_pose,robot_origin,robot_origin
16.453327016000003,2026-09-13T15:36:15.195319+00:00,1789313775.1282234,0.06709551811218262,2.2063304760150517,0.20368124331515003,0.30269740816727,0.02452207945572013,control_pose,robot_origin,robot_origin
16.48136277399999,2026-09-13T15:36:15.223359+00:00,1789313775.1946099,0.02874922752380371,2.218863053645384,0.20231306754520362,0.3011187016963959,0.024624912175519695,control_pose,robot_origin,robot_origin
16.5355501009999,2026-09-13T15:36:15.277546+00:00,1789313775.198296,0.07924985885620117,2.2193326293238447,0.20226833752446893,0.30108450570980494,0.024537147912340903,control_pose,robot_origin,robot_origin
16.55078892599977,2026-09-13T15:36:15.292755+00:00,1789313775.2476237,0.04513120651245117,2.2359245810448796,0.20128056855448084,0.2999269962310791,0.02487015139498385,control_pose,robot_origin,robot_origin
16.566359564999857,2026-09-13T15:36:15.308354+00:00,1789313775.300981,0.007372856140136719,2.255349136453954,0.2010830939434145,0.2981027662754059,0.024542030113066906,control_pose,robot_origin,robot_origin
16.592098455999803,2026-09-13T15:36:15.334090+00:00,1789313775.2671402,0.06694984436035156,2.2423797900399864,0.2008426491530022,0.2992972343525812,0.02520258351736861,control_pose,robot_origin,robot_origin
16.634316766999746,2026-09-13T15:36:15.376272+00:00,1789313775.357737,0.01853489875793457,2.278162217318961,0.19955333480229198,0.2998262345790863,0.026355987099276307,control_pose,robot_origin,robot_origin
16.691274281000005,2026-09-13T15:36:15.433271+00:00,1789313775.348113,0.08515787124633789,2.2745449487086473,0.20142108180502838,0.2992251464846846,0.025439026076786022,control_pose,robot_origin,robot_origin
16.735653520999676,2026-09-13T15:36:15.477642+00:00,1789313775.4280624,0.049579620361328125,2.3034414857760215,0.1989865182131596,0.3042832911014557,0.028209597924680387,control_pose,robot_origin,robot_origin
16.759493758999724,2026-09-13T15:36:15.501492+00:00,1789313775.4184308,0.08306121826171875,2.299923481927208,0.19884075783473887,0.30395169376662545,0.028358736928285548,control_pose,robot_origin,robot_origin
16.777288206999856,2026-09-13T15:36:15.519284+00:00,1789313775.480883,0.038401126861572266,2.3197419797721377,0.20113553894093672,0.30460718274116516,0.028042971180303522,control_pose,robot_origin,robot_origin
16.796297074999984,2026-09-13T15:36:15.538291+00:00,1789313775.5344384,0.0038526058197021484,2.3393764612512062,0.20388120144440036,0.30351677536964417,0.02620279809869268,control_pose,robot_origin,robot_origin
16.823472691000006,2026-09-13T15:36:15.565470+00:00,1789313775.4881134,0.07735657691955566,2.3236024156487,0.20154489681378895,0.3044754582694987,0.027779103818876882,control_pose,robot_origin,robot_origin
16.874650563999694,2026-09-13T15:36:15.616648+00:00,1789313775.5878646,0.028783321380615234,2.3599586682660023,0.20668548845595425,0.3006845712661743,0.025813078925248346,control_pose,robot_origin,robot_origin
16.905344410999987,2026-09-13T15:36:15.647344+00:00,1789313775.5587158,0.08862829208374023,2.3496859221170814,0.20561982880165697,0.3024020688613577,0.025434097097264855,control_pose,robot_origin,robot_origin
16.9455471389997,2026-09-13T15:36:15.687545+00:00,1789313775.6443892,0.04315590858459473,2.377990553083089,0.20967435103260068,0.30132728815078735,0.026010756728331103,control_pose,robot_origin,robot_origin
16.972736227999576,2026-09-13T15:36:15.714714+00:00,1789313775.6286414,0.08607268333435059,2.3728999117792515,0.20869976435582704,0.3007893216766781,0.026060241894195427,control_pose,robot_origin,robot_origin
17.003733918999842,2026-09-13T15:36:15.745729+00:00,1789313775.7046938,0.04103517532348633,2.3950716276220447,0.21302550112322738,0.3021756410598755,0.023160678324460476,control_pose,robot_origin,robot_origin
17.027478698999857,2026-09-13T15:36:15.769475+00:00,1789313775.6894047,0.08007025718688965,2.3905779641185836,0.21183939808837682,0.30189564563706295,0.024181465802455854,control_pose,robot_origin,robot_origin
17.059593623999717,2026-09-13T15:36:15.801599+00:00,1789313775.7643397,0.03725934028625488,2.399664402027571,0.21540903044138504,0.3037703037261963,0.021755002241782367,control_pose,robot_origin,robot_origin
17.103753692999817,2026-09-13T15:36:15.845749+00:00,1789313775.7653534,0.08039546012878418,2.399781935628796,0.21541141097880112,0.3037787090227737,0.02178370031638203,control_pose,robot_origin,robot_origin
17.125910705000024,2026-09-13T15:36:15.867905+00:00,1789313775.8308332,0.03707170486450195,2.4035370861883294,0.2154706358403602,0.3038180470466614,0.02388737621645321,control_pose,robot_origin,robot_origin
17.157196975999796,2026-09-13T15:36:15.899194+00:00,1789313775.8286126,0.07058143615722656,2.4035000848046657,0.21545279089102276,0.30381519548851565,0.02378495643142427,control_pose,robot_origin,robot_origin
17.17443743299964,2026-09-13T15:36:15.916433+00:00,1789313775.8842854,0.03214764595031738,2.401224393023984,0.21425310568523315,0.30361491441726685,0.027483535416337655,control_pose,robot_origin,robot_origin
17.20790901800001,2026-09-13T15:36:15.949911+00:00,1789313775.9409575,0.008953571319580078,2.3982640144875162,0.21486607578438643,0.3036646842956543,0.0322053197273175,control_pose,robot_origin,robot_origin
17.242896977999862,2026-09-13T15:36:15.984892+00:00,1789313775.9047427,0.08014917373657227,2.400128364054988,0.21442556093826803,0.30335799522065765,0.029276984857729987,control_pose,robot_origin,robot_origin
17.263128040999618,2026-09-13T15:36:16.005125+00:00,1789313775.9910662,0.014058828353881836,2.396833246539356,0.21566429023314593,0.30394071340560913,0.03567564512768638,control_pose,robot_origin,robot_origin
17.30871261099992,2026-09-13T15:36:16.050709+00:00,1789313775.9719093,0.07879972457885742,2.397172117680118,0.2154033420456084,0.3038537210222092,0.03449089174426689,control_pose,robot_origin,robot_origin
17.322084143999746,2026-09-13T15:36:16.064080+00:00,1789313776.0492263,0.014853715896606445,2.3966338578269957,0.21627814133758894,0.30410295724868774,0.03901263834062677,control_pose,robot_origin,robot_origin
17.381277275999764,2026-09-13T15:36:16.123273+00:00,1789313776.0413213,0.08195161819458008,2.3966180240388026,0.21622124765765116,0.30409159410447506,0.038754433357605395,control_pose,robot_origin,robot_origin
17.418049486999735,2026-09-13T15:36:16.160049+00:00,1789313776.1108851,0.049163818359375,2.3966103895653665,0.21651446950011555,0.3045179843902588,0.04037082186929951,control_pose,robot_origin,robot_origin
17.448956456999895,2026-09-13T15:36:16.190949+00:00,1789313776.1106315,0.08031749725341797,2.396610721039646,0.216513909722718,0.3045155843839696,0.0403670181165368,control_pose,robot_origin,robot_origin
17.49026860999993,2026-09-13T15:36:16.232252+00:00,1789313776.1808412,0.051410675048828125,2.395870071482759,0.21662185726300587,0.3051120936870575,0.04194132822211337,control_pose,robot_origin,robot_origin
17.505487146999712,2026-09-13T15:36:16.247482+00:00,1789313776.2343075,0.01317453384399414,2.395133848281449,0.21664511298612743,0.30501943826675415,0.04364522036788413,control_pose,robot_origin,robot_origin
17.55760141799965,2026-09-13T15:36:16.299599+00:00,1789313776.1805928,0.11900615692138672,2.395873360913639,0.21662159691788618,0.3051112167699179,0.04193433565979835,control_pose,robot_origin,robot_origin
17.607397028999912,2026-09-13T15:36:16.349395+00:00,1789313776.2520761,0.09731888771057129,2.3949533085926573,0.2166367582069484,0.3050048624872801,0.04419757247843943,control_pose,robot_origin,robot_origin
17.63107137599991,2026-09-13T15:36:16.373068+00:00,1789313776.33771,0.03535819053649902,2.3940727269790436,0.21665460920493396,0.304996132850647,0.04651027399681989,control_pose,robot_origin,robot_origin
17.667967877999672,2026-09-13T15:36:16.409965+00:00,1789313776.318821,0.09114408493041992,2.3942679475226605,0.21664522430726008,0.30499229230091873,0.046032874055414515,control_pose,robot_origin,robot_origin
17.694210711999858,2026-09-13T15:36:16.436208+00:00,1789313776.4009628,0.03524518013000488,2.3950828807596336,0.21697537409764966,0.3049147427082062,0.046256684856781055,control_pose,robot_origin,robot_origin
17.73090311499982,2026-09-13T15:36:16.472898+00:00,1789313776.400093,0.07280492782592773,2.3950557764729763,0.21696781740911208,0.30491699916977755,0.04627590001079676,control_pose,robot_origin,robot_origin
17.757998249999673,2026-09-13T15:36:16.499997+00:00,1789313776.4674191,0.0325777530670166,2.3990623106059394,0.2194187709541089,0.30421146750450134,0.04297992005918095,control_pose,robot_origin,robot_origin
17.792154324999956,2026-09-13T15:36:16.534147+00:00,1789313776.4649556,0.06919145584106445,2.398721451565487,0.21925675961841962,0.30421492102492526,0.043200712751497644,control_pose,robot_origin,robot_origin
17.81900369699997,2026-09-13T15:36:16.561003+00:00,1789313776.5207975,0.04020547866821289,2.403458467427448,0.2204805948448869,0.30491021275520325,0.039460165253168776,control_pose,robot_origin,robot_origin
17.83913290099963,2026-09-13T15:36:16.581129+00:00,1789313776.574217,0.0069119930267333984,2.4099114628853298,0.22126892451284985,0.30559852719306946,0.03812583104359877,control_pose,robot_origin,robot_origin
17.865395575999628,2026-09-13T15:36:16.607388+00:00,1789313776.5293186,0.07806944847106934,2.4046605369256175,0.22064740723211862,0.3050306883846367,0.03909767388768832,control_pose,robot_origin,robot_origin
17.920141758999762,2026-09-13T15:36:16.662145+00:00,1789313776.627558,0.03458690643310547,2.417927052519449,0.22199049368322288,0.3063938021659851,0.03640062430093259,control_pose,robot_origin,robot_origin
17.943122046999633,2026-09-13T15:36:16.685116+00:00,1789313776.605539,0.07957696914672852,2.4143717302020673,0.22163001129993531,0.30608048845200336,0.03688518176489149,control_pose,robot_origin,robot_origin
17.974664866999774,2026-09-13T15:36:16.716638+00:00,1789313776.6812491,0.035388946533203125,2.427335724975891,0.2228368969610559,0.30673545598983765,0.037642396742817885,control_pose,robot_origin,robot_origin
18.01976638999986,2026-09-13T15:36:16.761763+00:00,1789313776.6695938,0.09216928482055664,2.425782689161445,0.22270289880328065,0.30667280220920734,0.0374287220845399,control_pose,robot_origin,robot_origin
18.052127621999716,2026-09-13T15:36:16.794125+00:00,1789313776.737469,0.0566561222076416,2.4364143790071804,0.22474714579282118,0.30676257610321045,0.03411690679554967,control_pose,robot_origin,robot_origin
18.07433845899959,2026-09-13T15:36:16.816331+00:00,1789313776.7419407,0.07439017295837402,2.4378922660770797,0.2250838373710946,0.3067333040971468,0.033480049133478955,control_pose,robot_origin,robot_origin
18.102105667999695,2026-09-13T15:36:16.844099+00:00,1789313776.8041906,0.039908409118652344,2.455548982005272,0.22973381422833872,0.3057752847671509,0.024923635095721364,control_pose,robot_origin,robot_origin
18.12745245699989,2026-09-13T15:36:16.869440+00:00,1789313776.85753,0.011909961700439453,2.471745063645388,0.23180869663288262,0.3059510290622711,0.02730735832839019,control_pose,robot_origin,robot_origin
18.163244652999765,2026-09-13T15:36:16.905240+00:00,1789313776.8124359,0.0928041934967041,2.4585227080906877,0.23008802102955062,0.3056461871073357,0.024640172561107405,control_pose,robot_origin,robot_origin
18.194013988999814,2026-09-13T15:36:16.936005+00:00,1789313776.908097,0.0279080867767334,2.48878060200236,0.23283982641291756,0.30500176548957825,0.03350795665188837,control_pose,robot_origin,robot_origin
18.211117354999715,2026-09-13T15:36:16.953108+00:00,1789313776.882081,0.07102704048156738,2.4803654419057946,0.23234810495587077,0.3055072737855627,0.030535379628419238,control_pose,robot_origin,robot_origin
18.247485624999626,2026-09-13T15:36:16.989489+00:00,1789313776.9610398,0.028449296951293945,2.508109727427737,0.23517380659352805,0.30375418066978455,0.0373961777358874,control_pose,robot_origin,robot_origin
18.293286613999953,2026-09-13T15:36:17.035286+00:00,1789313776.949908,0.08537793159484863,2.5046532781396382,0.23529357452943211,0.3038799877681258,0.0366537152272972,control_pose,robot_origin,robot_origin
18.327188253999793,2026-09-13T15:36:17.069184+00:00,1789313777.0314631,0.03772091865539551,2.529366519912868,0.23469467878312034,0.30275803804397583,0.04341811610544755,control_pose,robot_origin,robot_origin
18.371910442999706,2026-09-13T15:36:17.113905+00:00,1789313777.020093,0.0938119888305664,2.5263307424301242,0.23459163995859045,0.3029287287796532,0.04275119577992415,control_pose,robot_origin,robot_origin
18.395102798999687,2026-09-13T15:36:17.137100+00:00,1789313777.0907824,0.04631757736206055,2.5519157796180676,0.2341795084312377,0.3027344346046448,0.044211295168526045,control_pose,robot_origin,robot_origin
18.43499336199966,2026-09-13T15:36:17.176990+00:00,1789313777.0951211,0.08186888694763184,2.553356456643419,0.23381006042039565,0.3027308928271092,0.04420583077562638,control_pose,robot_origin,robot_origin
18.456535771999825,2026-09-13T15:36:17.198535+00:00,1789313777.144593,0.053941965103149414,2.5675467261857747,0.23159997350348926,0.30360469222068787,0.04470274807696986,control_pose,robot_origin,robot_origin
18.461624105999817,2026-09-13T15:36:17.203621+00:00,1789313777.1976304,0.005990505218505859,2.576530867951478,0.23109237659906268,0.3026549220085144,0.04473278360428504,control_pose,robot_origin,robot_origin
18.506357942999784,2026-09-13T15:36:17.248352+00:00,1789313777.1607637,0.08758831024169922,2.5685459573001066,0.23148652265536285,0.3035068711584368,0.044724101798914,control_pose,robot_origin,robot_origin
18.538985706999938,2026-09-13T15:36:17.280952+00:00,1789313777.2507403,0.030211687088012695,2.590547983293549,0.23374961919921544,0.3021717965602875,0.03930191204766444,control_pose,robot_origin,robot_origin
18.56504428199969,2026-09-13T15:36:17.307040+00:00,1789313777.2312376,0.07580232620239258,2.584616947716964,0.23237126219997628,0.30232084780612467,0.04192757719621169,control_pose,robot_origin,robot_origin
18.59187250199966,2026-09-13T15:36:17.333868+00:00,1789313777.303302,0.030565977096557617,2.6053512764164526,0.23737354174990055,0.3008972108364105,0.036372507059207804,control_pose,robot_origin,robot_origin
18.617959940999754,2026-09-13T15:36:17.359952+00:00,1789313777.3540606,0.005891323089599609,2.6245167362006763,0.24192449385558623,0.29999542236328125,0.035523401679295026,control_pose,robot_origin,robot_origin
18.650531543999932,2026-09-13T15:36:17.392529+00:00,1789313777.3076415,0.08488750457763672,2.610372260063513,0.23803626821113255,0.3007504069689944,0.03587113354634668,control_pose,robot_origin,robot_origin
18.688351003999742,2026-09-13T15:36:17.430348+00:00,1789313777.407464,0.022883892059326172,2.635871831726318,0.24918888462460909,0.3041573762893677,0.03381544377741256,control_pose,robot_origin,robot_origin
18.72577480899963,2026-09-13T15:36:17.467775+00:00,1789313777.3751068,0.09266829490661621,2.6294388879527633,0.2456539175349184,0.3014066294027038,0.03463616082746611,control_pose,robot_origin,robot_origin
18.754723861000002,2026-09-13T15:36:17.496723+00:00,1789313777.4576814,0.03904151916503906,2.641930460091981,0.25088044034435697,0.3058721721172333,0.03549938322011913,control_pose,robot_origin,robot_origin
18.77754712299975,2026-09-13T15:36:17.519480+00:00,1789313777.4432654,0.07621455192565918,2.6398016880188093,0.25026364993350114,0.3056556378500003,0.03510128396998564,control_pose,robot_origin,robot_origin
18.801345726999898,2026-09-13T15:36:17.543338+00:00,1789313777.51137,0.031968116760253906,2.648420856049363,0.25217143273457343,0.30591845512390137,0.031495750564901,control_pose,robot_origin,robot_origin
18.82781314099975,2026-09-13T15:36:17.569804+00:00,1789313777.562326,0.007477998733520508,2.652732058800184,0.2522066676726247,0.30560022592544556,0.02736873971163622,control_pose,robot_origin,robot_origin
18.852296075999675,2026-09-13T15:36:17.594289+00:00,1789313777.5146077,0.079681396484375,2.648942027719794,0.25222599554235914,0.3059218783328685,0.031139694389588347,control_pose,robot_origin,robot_origin
18.890812057999938,2026-09-13T15:36:17.632820+00:00,1789313777.6246045,0.00821542739868164,2.655610678756688,0.2514378926024403,0.30564674735069275,0.035000392173008106,control_pose,robot_origin,robot_origin
18.92640498699984,2026-09-13T15:36:17.668403+00:00,1789313777.585037,0.08336591720581055,2.654906766933265,0.2515513930027413,0.3057165772429139,0.02952743886007652,control_pose,robot_origin,robot_origin
18.946842388999812,2026-09-13T15:36:17.688835+00:00,1789313777.6746976,0.01413726806640625,2.6557597941781825,0.25162626924944975,0.30598288774490356,0.03955286118947189,control_pose,robot_origin,robot_origin
18.986307441000008,2026-09-13T15:36:17.728268+00:00,1789313777.651517,0.0767509937286377,2.655909971727915,0.251618667168257,0.30584381789400095,0.0384050453114766,control_pose,robot_origin,robot_origin
19.007419220999964,2026-09-13T15:36:17.749420+00:00,1789313777.7304482,0.018971681594848633,2.654716393899821,0.25200928691957314,0.3062553107738495,0.03829129291736142,control_pose,robot_origin,robot_origin
19.070314679999683,2026-09-13T15:36:17.812268+00:00,1789313777.7290277,0.08324027061462402,2.6547276749814137,0.2520069149065465,0.3062510806256854,0.038306359947408435,control_pose,robot_origin,robot_origin
19.105471826999747,2026-09-13T15:36:17.847465+00:00,1789313777.814141,0.03332400321960449,2.6531980392890846,0.2518851687811132,0.3064885437488556,0.03982484257524437,control_pose,robot_origin,robot_origin
19.156852357999924,2026-09-13T15:36:17.898846+00:00,1789313777.7994063,0.09943962097167969,2.6534569579511786,0.2519579937734049,0.3064606526445836,0.039377708439165555,control_pose,robot_origin,robot_origin
19.199113613999998,2026-09-13T15:36:17.941123+00:00,1789313777.894113,0.047009944915771484,2.652412759782325,0.25126220359690743,0.30656203627586365,0.039954917636797795,control_pose,robot_origin,robot_origin
19.212723966999874,2026-09-13T15:36:17.954721+00:00,1789313777.8610563,0.09366464614868164,2.652665436556059,0.2514884702589857,0.30654980410270066,0.04009042927139086,control_pose,robot_origin,robot_origin
19.239191027999823,2026-09-13T15:36:17.981189+00:00,1789313777.9456651,0.03552389144897461,2.65224419003801,0.2511339854302228,0.3065597712993622,0.039845591577419216,control_pose,robot_origin,robot_origin
19.280955443999574,2026-09-13T15:36:18.022945+00:00,1789313777.9325895,0.09035539627075195,2.6522842244117966,0.25116199981321263,0.30656030838689147,0.03986587426585632,control_pose,robot_origin,robot_origin
19.318834007999612,2026-09-13T15:36:18.060827+00:00,1789313778.0239937,0.03683328628540039,2.6521731052359314,0.2512832295349836,0.3065657615661621,0.04015792100445388,control_pose,robot_origin,robot_origin
19.36822113299968,2026-09-13T15:36:18.110218+00:00,1789313778.0019007,0.10831737518310547,2.652166043832781,0.2512382530023254,0.3065636607107805,0.040065409983676324,control_pose,robot_origin,robot_origin
19.404726364,2026-09-13T15:36:18.146721+00:00,1789313778.1040223,0.04269862174987793,2.6521640576177288,0.2512661007292114,0.3065670132637024,0.04011947042596714,control_pose,robot_origin,robot_origin
19.424469993999992,2026-09-13T15:36:18.166464+00:00,1789313778.0668802,0.09958386421203613,2.6521737062796538,0.25129645801873357,0.3065666188034413,0.04012008344102321,control_pose,robot_origin,robot_origin
19.449502697999833,2026-09-13T15:36:18.191495+00:00,1789313778.158824,0.03267097473144531,2.6520959739624077,0.2511627292895482,0.3065687119960785,0.04019211204941511,control_pose,robot_origin,robot_origin
19.498832668999967,2026-09-13T15:36:18.240834+00:00,1789313778.144778,0.09605598449707031,2.6521055160557974,0.25118693446577023,0.3065681078277241,0.040188164328995524,control_pose,robot_origin,robot_origin
19.51510795899958,2026-09-13T15:36:18.257103+00:00,1789313778.210728,0.04637503623962402,2.651964054782603,0.25112125332705126,0.3065677881240845,0.040000669569066574,control_pose,robot_origin,robot_origin
19.52903581999999,2026-09-13T15:36:18.271034+00:00,1789313778.2622705,0.008763551712036133,2.6518939459207465,0.2511386022123463,0.30656394362449646,0.0400462521030706,control_pose,robot_origin,robot_origin
19.559790722999878,2026-09-13T15:36:18.301790+00:00,1789313778.2088647,0.0929253101348877,2.651968598524169,0.2511203549540306,0.3065679393953296,0.04000154063327525,control_pose,robot_origin,robot_origin
19.599397345999932,2026-09-13T15:36:18.341399+00:00,1789313778.3181164,0.023282527923583984,2.6525071497045016,0.25121221101404334,0.3065701425075531,0.040297944780013834,control_pose,robot_origin,robot_origin
19.63328058499974,2026-09-13T15:36:18.375277+00:00,1789313778.2840772,0.09119987487792969,2.651892430214284,0.2511476308775038,0.30656352318311514,0.04013768962045712,control_pose,robot_origin,robot_origin
19.666599046999636,2026-09-13T15:36:18.408601+00:00,1789313778.3707097,0.037891387939453125,2.6539671678417753,0.25114523338848405,0.30667147040367126,0.039575898155503254,control_pose,robot_origin,robot_origin
19.69582563899985,2026-09-13T15:36:18.437794+00:00,1789313778.3568454,0.0809485912322998,2.6527503040520095,0.2511969143845352,0.30658274513594247,0.039750569340354466,control_pose,robot_origin,robot_origin
19.72986078399981,2026-09-13T15:36:18.471870+00:00,1789313778.4357245,0.03614544868469238,2.6579748600191877,0.24965435292921878,0.3072715699672699,0.03678584198228997,control_pose,robot_origin,robot_origin
19.773492491999605,2026-09-13T15:36:18.515487+00:00,1789313778.4212813,0.09420561790466309,2.656901996509638,0.2494677300074637,0.3072880275854754,0.03772954802819312,control_pose,robot_origin,robot_origin
19.799741789999644,2026-09-13T15:36:18.541738+00:00,1789313778.4939601,0.04777789115905762,2.666301058828756,0.2514734103823357,0.3062087297439575,0.03386371046831562,control_pose,robot_origin,robot_origin
19.812168509000003,2026-09-13T15:36:18.554156+00:00,1789313778.5475514,0.006604671478271484,2.6758452160127626,0.25311842915505567,0.3059290647506714,0.03070477213795056,control_pose,robot_origin,robot_origin
19.826636889999918,2026-09-13T15:36:18.568533+00:00,1789313778.4914823,0.07705068588256836,2.665838080088375,0.25136904546882555,0.30624213346955004,0.03397355790740099,control_pose,robot_origin,robot_origin
19.866080406999572,2026-09-13T15:36:18.608077+00:00,1789313778.600226,0.007851123809814453,2.6866611297538556,0.25489136291639847,0.305941641330719,0.0264300320871545,control_pose,robot_origin,robot_origin
19.898889356999916,2026-09-13T15:36:18.640883+00:00,1789313778.568171,0.07271194458007812,2.680604978403549,0.25420843316097774,0.3060050483842902,0.0282745277373672,control_pose,robot_origin,robot_origin
19.92647771599968,2026-09-13T15:36:18.668475+00:00,1789313778.6509209,0.017554044723510742,2.6975934132821022,0.25482741639510875,0.30557382106781006,0.029524015652897556,control_pose,robot_origin,robot_origin
19.969887916999596,2026-09-13T15:36:18.711797+00:00,1789313778.6351507,0.07664632797241211,2.6949748678998824,0.2552008956383347,0.30558631638812345,0.02778258114153049,control_pose,robot_origin,robot_origin
19.984149031000015,2026-09-13T15:36:18.726147+00:00,1789313778.703937,0.022209882736206055,2.709574785995487,0.2540308313018953,0.30532464385032654,0.0297986085998378,control_pose,robot_origin,robot_origin
20.04449933199976,2026-09-13T15:36:18.786496+00:00,1789313778.716167,0.07032895088195801,2.7129513829954237,0.254129638404758,0.30518317683265583,0.02987839182266449,control_pose,robot_origin,robot_origin
20.08040650599969,2026-09-13T15:36:18.822405+00:00,1789313778.7777271,0.0446779727935791,2.7358271349037837,0.2528774239636846,0.30335402488708496,0.030076279176381004,control_pose,robot_origin,robot_origin
20.110478773999603,2026-09-13T15:36:18.852484+00:00,1789313778.7717798,0.0807042121887207,2.7334670057936847,0.25301097306558074,0.303568615235531,0.03008057647385313,control_pose,robot_origin,robot_origin
20.15173662199959,2026-09-13T15:36:18.893731+00:00,1789313778.8508859,0.04284524917602539,2.7614237601263434,0.2534953985471766,0.30148300528526306,0.030921298116732845,control_pose,robot_origin,robot_origin
20.1843721299997,2026-09-13T15:36:18.926363+00:00,1789313778.839507,0.08685588836669922,2.7574594164102217,0.25339521456248093,0.3014823738613146,0.030372507653619197,control_pose,robot_origin,robot_origin
20.22653408799988,2026-09-13T15:36:18.968271+00:00,1789313778.9206762,0.04759478569030762,2.7911604172583426,0.2517306067152907,0.3028491139411926,0.03381083507417097,control_pose,robot_origin,robot_origin
20.241807762000008,2026-09-13T15:36:18.983801+00:00,1789313778.9740133,0.009787559509277344,2.804355977050091,0.2516053262604805,0.3045746684074402,0.034876892662257686,control_pose,robot_origin,robot_origin
20.270503112999904,2026-09-13T15:36:19.012500+00:00,1789313778.9199712,0.0925288200378418,2.790894873916599,0.2517422058289347,0.3027927256883722,0.03375892077606393,control_pose,robot_origin,robot_origin
20.32191663699996,2026-09-13T15:36:19.063913+00:00,1789313778.9807334,0.08317971229553223,2.806618817073244,0.25172428707684347,0.304712975808541,0.035249301167901176,control_pose,robot_origin,robot_origin
20.342475446999742,2026-09-13T15:36:19.084472+00:00,1789313779.0272934,0.057178497314453125,2.818836001114154,0.25367797821969384,0.30511176586151123,0.03892724606486322,control_pose,robot_origin,robot_origin
20.352515728999606,2026-09-13T15:36:19.094513+00:00,1789313779.0805337,0.013979196548461914,2.8347607847221967,0.2564766201706923,0.3038672208786011,0.03731777838197314,control_pose,robot_origin,robot_origin
20.387412486999892,2026-09-13T15:36:19.129411+00:00,1789313779.046048,0.08336305618286133,2.824919357461586,0.2546157007539771,0.304831004222692,0.03851019620129583,control_pose,robot_origin,robot_origin
20.409512825999627,2026-09-13T15:36:19.151514+00:00,1789313779.1339757,0.01753830909729004,2.8500028323059934,0.258997529411799,0.3026133179664612,0.038530364819152556,control_pose,robot_origin,robot_origin
20.46086874799994,2026-09-13T15:36:19.202846+00:00,1789313779.1214025,0.08144354820251465,2.8449048182815897,0.25842998842306075,0.30294112647810023,0.03731977224554053,control_pose,robot_origin,robot_origin
20.498448299999836,2026-09-13T15:36:19.240444+00:00,1789313779.2007987,0.03964519500732422,2.8626896674838993,0.2631792206760455,0.30203777551651,0.037022664573977265,control_pose,robot_origin,robot_origin
20.527438759999768,2026-09-13T15:36:19.269429+00:00,1789313779.1942031,0.075225830078125,2.8615173138917607,0.26275675484057714,0.30204990812310306,0.037348696014185175,control_pose,robot_origin,robot_origin
20.56256201699989,2026-09-13T15:36:19.304560+00:00,1789313779.2672257,0.03733420372009277,2.8686394095848144,0.26684944159006285,0.30287712812423706,0.03504405171156801,control_pose,robot_origin,robot_origin
20.583358783999756,2026-09-13T15:36:19.325355+00:00,1789313779.3206942,0.004660844802856445,2.868966739783019,0.26795306239970196,0.30281272530555725,0.03608433259576409,control_pose,robot_origin,robot_origin
20.625216992999867,2026-09-13T15:36:19.367207+00:00,1789313779.2656653,0.10154175758361816,2.8685260815951574,0.2667569294221732,0.30285115835524357,0.035064166325365256,control_pose,robot_origin,robot_origin
20.66015573599998,2026-09-13T15:36:19.402150+00:00,1789313779.3741007,0.028049230575561523,2.866878842856888,0.2676950633574733,0.303114652633667,0.03928236637728371,control_pose,robot_origin,robot_origin
20.673869993999688,2026-09-13T15:36:19.415865+00:00,1789313779.3395123,0.07635259628295898,2.8684613405822703,0.267937012507238,0.302890837975539,0.037103247121506644,control_pose,robot_origin,robot_origin
20.71625198699985,2026-09-13T15:36:19.458259+00:00,1789313779.430636,0.02762317657470703,2.864566226479706,0.26679519023524656,0.3036491572856903,0.04146914959437017,control_pose,robot_origin,robot_origin
20.743956922999587,2026-09-13T15:36:19.485952+00:00,1789313779.4038546,0.08209729194641113,2.865632278768857,0.267286677473338,0.3033275334469233,0.04056177558692483,control_pose,robot_origin,robot_origin
20.77643217199966,2026-09-13T15:36:19.518397+00:00,1789313779.4845457,0.03385138511657715,2.8634201710915255,0.26633454644598253,0.30418661236763,0.041821830354725566,control_pose,robot_origin,robot_origin
20.816106027999922,2026-09-13T15:36:19.558102+00:00,1789313779.4682915,0.08981037139892578,2.8637014628758584,0.2663527327060673,0.3040765112638315,0.04176733062220298,control_pose,robot_origin,robot_origin
20.867993093999758,2026-09-13T15:36:19.609984+00:00,1789313779.5667205,0.04326343536376953,2.8626731607270517,0.2671408581456245,0.3045797049999237,0.04137820849536479,control_pose,robot_origin,robot_origin
20.99457186499967,2026-09-13T15:36:19.736566+00:00,1789313779.546024,0.19054198265075684,2.862841042982724,0.26688653567692056,0.30449716731149934,0.04155223154782454,control_pose,robot_origin,robot_origin
20.998776088999875,2026-09-13T15:36:19.740784+00:00,1789313779.6572495,0.08353447914123535,2.861654064902214,0.26833457104156166,0.3047499358654022,0.04030843749401889,control_pose,robot_origin,robot_origin
21.000881176999883,2026-09-13T15:36:19.742887+00:00,1789313779.6226375,0.12024950981140137,2.8620436960882305,0.26787817846289363,0.3046848514519481,0.040718119922639254,control_pose,robot_origin,robot_origin
21.01443152899992,2026-09-13T15:36:19.756423+00:00,1789313779.7172818,0.039141178131103516,2.8609496860751285,0.2688540544708755,0.3048210144042969,0.040051341663752675,control_pose,robot_origin,robot_origin
21.068753735999962,2026-09-13T15:36:19.810749+00:00,1789313779.7069664,0.10378265380859375,2.861065627699765,0.26876143855307233,0.3048121916285928,0.04004723374993888,control_pose,robot_origin,robot_origin
21.10837869499983,2026-09-13T15:36:19.850385+00:00,1789313779.774047,0.07633805274963379,2.8603398278872514,0.2690522233297483,0.304871141910553,0.040144573319503815,control_pose,robot_origin,robot_origin
21.123899380999774,2026-09-13T15:36:19.865898+00:00,1789313779.8279867,0.037911176681518555,2.859906719683761,0.26900920349819324,0.3049432635307312,0.04058539503582671,control_pose,robot_origin,robot_origin
21.18094905399994,2026-09-13T15:36:19.922943+00:00,1789313779.7579982,0.16494488716125488,2.860520503650629,0.26901144465727733,0.304865151232466,0.04013480101248538,control_pose,robot_origin,robot_origin
21.230186479999702,2026-09-13T15:36:19.972177+00:00,1789313779.9239879,0.04818916320800781,2.8601488064247262,0.2687936992778419,0.3050346076488495,0.041131445146200214,control_pose,robot_origin,robot_origin
21.264919203999852,2026-09-13T15:36:20.006913+00:00,1789313779.8187366,0.18817639350891113,2.8599646823239877,0.2690106469303408,0.3049193464502517,0.04050277043922825,control_pose,robot_origin,robot_origin
21.319545191999623,2026-09-13T15:36:20.061541+00:00,1789313780.0171475,0.04439353942871094,2.8636436435665944,0.26761827153272644,0.30501773953437805,0.03792719470023209,control_pose,robot_origin,robot_origin
21.35002473099985,2026-09-13T15:36:20.091825+00:00,1789313779.9632397,0.1285853385925293,2.8616213124978387,0.26829844744694786,0.3050275004790465,0.039781057845746086,control_pose,robot_origin,robot_origin
21.38301569999976,2026-09-13T15:36:20.125011+00:00,1789313780.0906253,0.03438568115234375,2.867890335852643,0.2682000905620645,0.3037486970424652,0.03596854517756605,control_pose,robot_origin,robot_origin
21.4061149019999,2026-09-13T15:36:20.148110+00:00,1789313780.0293345,0.1187753677368164,2.86434799821809,0.26771477179976677,0.3048072566639662,0.03760103235069393,control_pose,robot_origin,robot_origin
21.45352301899993,2026-09-13T15:36:20.195515+00:00,1789313780.1091077,0.08640718460083008,2.870224378196945,0.26857223951858367,0.303483960678666,0.03501372012407477,control_pose,robot_origin,robot_origin
21.46836564599971,2026-09-13T15:36:20.210359+00:00,1789313780.165641,0.044718027114868164,2.879300839692186,0.2703105287744043,0.30351826548576355,0.030292145683772153,control_pose,robot_origin,robot_origin
21.487144685999738,2026-09-13T15:36:20.229136+00:00,1789313780.2156649,0.013471126556396484,2.8887649952257255,0.2717040377987363,0.30444568395614624,0.027532058351762482,control_pose,robot_origin,robot_origin
21.50862751099976,2026-09-13T15:36:20.250625+00:00,1789313780.1722448,0.07838010787963867,2.8811442836402246,0.2704691982491989,0.30368980125658335,0.029361500067768873,control_pose,robot_origin,robot_origin
21.540864835999855,2026-09-13T15:36:20.282861+00:00,1789313780.2710946,0.011766433715820312,2.9012336709726574,0.27271822289809955,0.305142879486084,0.02906668702798599,control_pose,robot_origin,robot_origin
21.5942509649999,2026-09-13T15:36:20.336250+00:00,1789313780.25461,0.08164000511169434,2.89756840929058,0.2724837855875073,0.3049231397494607,0.028274187878098225,control_pose,robot_origin,robot_origin
21.632919684999706,2026-09-13T15:36:20.374908+00:00,1789313780.3271637,0.0477442741394043,2.91343356366982,0.27365847174499036,0.305368572473526,0.03076142314078278,control_pose,robot_origin,robot_origin
21.652451823999854,2026-09-13T15:36:20.394444+00:00,1789313780.311413,0.08303093910217285,2.909750480017725,0.2733332618430633,0.30540258666268383,0.030907178112098876,control_pose,robot_origin,robot_origin
21.688290420999692,2026-09-13T15:36:20.430288+00:00,1789313780.3837376,0.04655051231384277,2.9316673276718666,0.2756910792826748,0.30451077222824097,0.026947015126312972,control_pose,robot_origin,robot_origin
21.72164936399986,2026-09-13T15:36:20.463647+00:00,1789313780.3801155,0.08353137969970703,2.9303728753165874,0.2755399869409567,0.3045856832416788,0.027187428614067623,control_pose,robot_origin,robot_origin
21.745669154999632,2026-09-13T15:36:20.487660+00:00,1789313780.4470437,0.04061627388000488,2.9544847283656916,0.2790107854941406,0.3020384907722473,0.024363608634943787,control_pose,robot_origin,robot_origin
21.78408103899983,2026-09-13T15:36:20.526071+00:00,1789313780.449518,0.0765531063079834,2.9552064141859784,0.27911052539272774,0.30205752774796213,0.024518645145221472,control_pose,robot_origin,robot_origin
21.821626829999786,2026-09-13T15:36:20.563631+00:00,1789313780.5171645,0.04646658897399902,2.9811138806678588,0.2767728648086585,0.3018299341201782,0.03617823697755965,control_pose,robot_origin,robot_origin
21.860880390999682,2026-09-13T15:36:20.602877+00:00,1789313780.5210376,0.08183932304382324,2.98148070188872,0.2772231237901166,0.3015854058749189,0.03607888870043437,control_pose,robot_origin,robot_origin
21.896598025999992,2026-09-13T15:36:20.638593+00:00,1789313780.6006145,0.037978410720825195,3.0083288162132735,0.275216166625984,0.3046171963214874,0.035620671503322196,control_pose,robot_origin,robot_origin
21.926758422999683,2026-09-13T15:36:20.668757+00:00,1789313780.5883927,0.08036422729492188,3.0041221204558264,0.27602220655209986,0.3037643787427029,0.03571943070469658,control_pose,robot_origin,robot_origin
21.947739159999855,2026-09-13T15:36:20.689737+00:00,1789313780.6537352,0.03600192070007324,3.019094687256496,0.27394385006648503,0.3055534064769745,0.036801158483556876,control_pose,robot_origin,robot_origin
21.96674869899971,2026-09-13T15:36:20.708745+00:00,1789313780.7040462,0.004698753356933594,3.0320282738452455,0.27491118538366965,0.3058639466762543,0.03769857821232741,control_pose,robot_origin,robot_origin
22.003643503999683,2026-09-13T15:36:20.745642+00:00,1789313780.661031,0.0846109390258789,3.0202780068880175,0.2737012972265387,0.3056221837327717,0.037153135362314786,control_pose,robot_origin,robot_origin
22.024611440999706,2026-09-13T15:36:20.766609+00:00,1789313780.7546203,0.011988639831542969,3.0443648299886656,0.275849824133668,0.3045191168785095,0.03832888339192039,control_pose,robot_origin,robot_origin
22.073267897999813,2026-09-13T15:36:20.815263+00:00,1789313780.7315366,0.08372640609741211,3.038368952517249,0.27523625792518547,0.30540482409688213,0.03765396663512434,control_pose,robot_origin,robot_origin
22.085733656999764,2026-09-13T15:36:20.827726+00:00,1789313780.8079138,0.01981210708618164,3.056943304222179,0.2789381522950949,0.3033365309238434,0.03695801674832307,control_pose,robot_origin,robot_origin
22.12930011599974,2026-09-13T15:36:20.871300+00:00,1789313780.8054492,0.06585073471069336,3.0568735022707116,0.2788648393608406,0.3033630539681996,0.0370230700930079,control_pose,robot_origin,robot_origin
22.156346706000022,2026-09-13T15:36:20.898350+00:00,1789313780.8604052,0.037944793701171875,3.0621947382030634,0.2856794428891114,0.30259403586387634,0.031604260958979856,control_pose,robot_origin,robot_origin
22.175431509999726,2026-09-13T15:36:20.917424+00:00,1789313780.9105203,0.006903648376464844,3.065083337511579,0.28731242942998647,0.30394572019577026,0.03306435128108601,control_pose,robot_origin,robot_origin
22.19390324899996,2026-09-13T15:36:20.935895+00:00,1789313780.8732636,0.06263136863708496,3.0634317086678737,0.2867126663607853,0.3027657420265861,0.031218944573007956,control_pose,robot_origin,robot_origin
22.23844360999965,2026-09-13T15:36:20.980438+00:00,1789313780.9640949,0.016343116760253906,3.0653436402084306,0.28766944559422347,0.3046649396419525,0.03898909957851062,control_pose,robot_origin,robot_origin
22.26180601599981,2026-09-13T15:36:21.003809+00:00,1789313780.93911,0.06469893455505371,3.0659065231871887,0.28753527474304175,0.30470235849765204,0.036497877340457896,control_pose,robot_origin,robot_origin
22.29592541799957,2026-09-13T15:36:21.037923+00:00,1789313781.0176597,0.0202634334564209,3.063163087870772,0.28768014076172665,0.30430126190185547,0.042340600958528464,control_pose,robot_origin,robot_origin
22.33746778199975,2026-09-13T15:36:21.079353+00:00,1789313781.0129824,0.06637072563171387,3.0634356038660675,0.28771303328145015,0.30428227528871915,0.0419526967851367,control_pose,robot_origin,robot_origin
22.363963002999753,2026-09-13T15:36:21.105971+00:00,1789313781.0705128,0.03545832633972168,3.0607451214194104,0.28736183799653126,0.3044780194759369,0.046228909390223394,control_pose,robot_origin,robot_origin
22.403992767999625,2026-09-13T15:36:21.145985+00:00,1789313781.081548,0.0644369125366211,3.060415904636552,0.28730206435308236,0.3045055147161318,0.047172133309217865,control_pose,robot_origin,robot_origin
22.422865504999663,2026-09-13T15:36:21.164858+00:00,1789313781.1270857,0.037772417068481445,3.0594618952399353,0.2872683604824908,0.304605096578598,0.05028509363481957,control_pose,robot_origin,robot_origin
22.459998040999835,2026-09-13T15:36:21.201887+00:00,1789313781.180409,0.021477937698364258,3.0590954366187493,0.2875822525182816,0.3046743869781494,0.0524352143801788,control_pose,robot_origin,robot_origin
22.49975724099977,2026-09-13T15:36:21.241746+00:00,1789313781.1507113,0.0910346508026123,3.0592109405433554,0.28737767445712703,0.30464303357572065,0.05140932528672461,control_pose,robot_origin,robot_origin
22.552263516999574,2026-09-13T15:36:21.294251+00:00,1789313781.2342248,0.06002616882324219,3.0589502406029974,0.2880414240378302,0.3047167658805847,0.054007145662629846,control_pose,robot_origin,robot_origin
22.57143804999987,2026-09-13T15:36:21.313432+00:00,1789313781.2232444,0.09018754959106445,3.0589789168297337,0.2879459210401194,0.3047074832497864,0.053670218520249086,control_pose,robot_origin,robot_origin
22.595464369999718,2026-09-13T15:36:21.337462+00:00,1789313781.2904305,0.047031402587890625,3.0587440689773153,0.2883381943704162,0.304776668548584,0.05597941103017251,control_pose,robot_origin,robot_origin
22.636888235999777,2026-09-13T15:36:21.378886+00:00,1789313781.3419106,0.03697538375854492,3.0585375963253107,0.2883383228382477,0.3048084080219269,0.05714630410441256,control_pose,robot_origin,robot_origin
22.641263822999917,2026-09-13T15:36:21.383261+00:00,1789313781.300049,0.08321189880371094,3.058723500386476,0.28833699385124745,0.30478536526561945,0.0562374955131832,control_pose,robot_origin,robot_origin
22.703941517999738,2026-09-13T15:36:21.445934+00:00,1789313781.394848,0.0510859489440918,3.058275300231342,0.2882695210218176,0.30482175946235657,0.05759617169292561,control_pose,robot_origin,robot_origin
22.71037335999972,2026-09-13T15:36:21.452369+00:00,1789313781.3707528,0.08161616325378418,3.05835405017267,0.2882863046673345,0.30481761680668396,0.05758248282701666,control_pose,robot_origin,robot_origin
22.737659506,2026-09-13T15:36:21.479656+00:00,1789313781.447264,0.032392024993896484,3.0579895086256093,0.28826139447410104,0.3048260807991028,0.05792696730758253,control_pose,robot_origin,robot_origin
22.77843872199992,2026-09-13T15:36:21.520435+00:00,1789313781.43865,0.08178520202636719,3.0580188884566377,0.2882620061531791,0.30482554699112063,0.05784591096940223,control_pose,robot_origin,robot_origin
22.814529769999808,2026-09-13T15:36:21.556529+00:00,1789313781.517515,0.03901410102844238,3.059181587838094,0.28844265315407225,0.3048982620239258,0.05706352988509002,control_pose,robot_origin,robot_origin
22.832947075999982,2026-09-13T15:36:21.574930+00:00,1789313781.5015962,0.073333740234375,3.0585642245020224,0.28838756343958827,0.30487180126712093,0.05747711163217409,control_pose,robot_origin,robot_origin
22.857140885999797,2026-09-13T15:36:21.599139+00:00,1789313781.5702944,0.028844594955444336,3.0614881202505293,0.28915234409400914,0.30462968349456787,0.053250205153451594,control_pose,robot_origin,robot_origin
22.913866521999807,2026-09-13T15:36:21.655865+00:00,1789313781.5754645,0.08040046691894531,3.0620793389633705,0.28938431089084315,0.3045825766837133,0.052697677551965416,control_pose,robot_origin,robot_origin
22.93831531199976,2026-09-13T15:36:21.680277+00:00,1789313781.6370811,0.04319596290588379,3.0694026463297934,0.291867388287643,0.3046063482761383,0.04483087947150649,control_pose,robot_origin,robot_origin
22.961578420000023,2026-09-13T15:36:21.703567+00:00,1789313781.6905875,0.012979507446289062,3.077645571113545,0.29353083456537443,0.3046388626098633,0.03823040337372544,control_pose,robot_origin,robot_origin
22.977454438999757,2026-09-13T15:36:21.719446+00:00,1789313781.6473958,0.07205009460449219,3.070876678089849,0.29219898892810514,0.30461975710949146,0.043633112813378803,control_pose,robot_origin,robot_origin
23.011147562999668,2026-09-13T15:36:21.753144+00:00,1789313781.7410338,0.012110233306884766,3.083308581880954,0.29458571654852594,0.3048008680343628,0.03383765887447117,control_pose,robot_origin,robot_origin
23.06294918699996,2026-09-13T15:36:21.804948+00:00,1789313781.7146688,0.09027934074401855,3.0816597375018047,0.2942547340159063,0.30475001901991283,0.03506721461528829,control_pose,robot_origin,robot_origin
23.089343414999803,2026-09-13T15:36:21.831291+00:00,1789313781.793804,0.037487030029296875,3.0931320049041586,0.295885514161917,0.30482035875320435,0.035462312827862004,control_pose,robot_origin,robot_origin
23.11985261799964,2026-09-13T15:36:21.861848+00:00,1789313781.7797089,0.08213925361633301,3.0910021501021743,0.29576754187316645,0.3048046489795048,0.03444885978998271,control_pose,robot_origin,robot_origin
23.15562721399965,2026-09-13T15:36:21.897621+00:00,1789313781.8536935,0.04392743110656738,3.102080651288696,0.29610398665353843,0.30478963255882263,0.03682515042147352,control_pose,robot_origin,robot_origin
23.197660784999698,2026-09-13T15:36:21.939660+00:00,1789313781.8540943,0.08556580543518066,3.102246968984989,0.29611989023357,0.30478558130896904,0.03681007318513314,control_pose,robot_origin,robot_origin
23.226191844999903,2026-09-13T15:36:21.968193+00:00,1789313781.9329278,0.035265207290649414,3.121685023976008,0.2984455288176857,0.303376168012619,0.030871591727594846,control_pose,robot_origin,robot_origin
23.262879062999673,2026-09-13T15:36:22.004874+00:00,1789313781.922809,0.08206510543823242,3.118805413019583,0.298060205978105,0.30363501932010534,0.031801081875527035,control_pose,robot_origin,robot_origin
23.30346851599961,2026-09-13T15:36:22.045465+00:00,1789313782.0103014,0.03516364097595215,3.1485162191708844,0.30232676208471854,0.3014298677444458,0.03362726512062084,control_pose,robot_origin,robot_origin
23.328058875999886,2026-09-13T15:36:22.070052+00:00,1789313782.0606642,0.009387731552124023,3.1630724665901147,0.3020801959290669,0.30102235078811646,0.03799515521839989,control_pose,robot_origin,robot_origin
23.349004700000023,2026-09-13T15:36:22.091003+00:00,1789313781.9980245,0.09297847747802734,3.1441244173098886,0.3019884337826271,0.30137663906167445,0.0318816570569693,control_pose,robot_origin,robot_origin
23.3869379519997,2026-09-13T15:36:22.128921+00:00,1789313782.1140337,0.014887332916259766,3.181327282174211,0.30229148834652153,0.3018508553504944,0.041420900796389236,control_pose,robot_origin,robot_origin
23.40907249899965,2026-09-13T15:36:22.151069+00:00,1789313782.0671272,0.08394169807434082,3.165643960126687,0.30339274183862863,0.3006611309422896,0.03790204623834002,control_pose,robot_origin,robot_origin
23.4476259209996,2026-09-13T15:36:22.189620+00:00,1789313782.1670146,0.022605419158935547,3.195964003582362,0.3010272795201534,0.3041307330131531,0.04600786320138244,control_pose,robot_origin,robot_origin
23.48226862699994,2026-09-13T15:36:22.224271+00:00,1789313782.1368568,0.08741426467895508,3.1884100219342075,0.30187930031155497,0.30296136475503704,0.04356492554483296,control_pose,robot_origin,robot_origin
23.50738881899997,2026-09-13T15:36:22.249383+00:00,1789313782.2170835,0.03229951858520508,3.2084243045524223,0.3006207991918082,0.3039936125278473,0.047762251303461664,control_pose,robot_origin,robot_origin
23.533649380999577,2026-09-13T15:36:22.275578+00:00,1789313782.203033,0.07254505157470703,3.203780931793213,0.30020713725406756,0.30402926583694123,0.04749209914263791,control_pose,robot_origin,robot_origin
23.552967083999647,2026-09-13T15:36:22.294945+00:00,1789313782.2702127,0.024732351303100586,3.223776782897516,0.30181528370552635,0.3031323254108429,0.045995824454457414,control_pose,robot_origin,robot_origin
23.58710799099981,2026-09-13T15:36:22.329103+00:00,1789313782.3205826,0.008520364761352539,3.239139942679484,0.3053271002295952,0.30128681659698486,0.04401581082430046,control_pose,robot_origin,robot_origin
23.612220438999884,2026-09-13T15:36:22.354220+00:00,1789313782.2857158,0.06850409507751465,3.2284599803735308,0.30233018496332154,0.30256436582985724,0.04583349404178579,control_pose,robot_origin,robot_origin
23.654160663999846,2026-09-13T15:36:22.396159+00:00,1789313782.3736587,0.022500276565551758,3.2501950199874297,0.3081633354363207,0.3014691472053528,0.04175773213468924,control_pose,robot_origin,robot_origin
23.67705131799994,2026-09-13T15:36:22.419036+00:00,1789313782.3416045,0.07743144035339355,3.244315593888069,0.3063783715690265,0.3012926823788555,0.04271663249178544,control_pose,robot_origin,robot_origin
23.71302230099991,2026-09-13T15:36:22.455030+00:00,1789313782.42701,0.02801990509033203,3.256591676654154,0.3112013298863896,0.30200788378715515,0.041267283659544386,control_pose,robot_origin,robot_origin
23.74677568099969,2026-09-13T15:36:22.488768+00:00,1789313782.4193497,0.06941843032836914,3.2555625587201726,0.3110679844172102,0.30184824682381867,0.04109978280557856,control_pose,robot_origin,robot_origin
23.770583564999924,2026-09-13T15:36:22.512582+00:00,1789313782.4837341,0.028847932815551758,3.26122936827141,0.31253665477449877,0.3044642508029938,0.043211251068563446,control_pose,robot_origin,robot_origin
23.815513436999936,2026-09-13T15:36:22.557511+00:00,1789313782.4815915,0.07591962814331055,3.2611920420189007,0.3125299090705296,0.3043818251293364,0.04312669467724949,control_pose,robot_origin,robot_origin
23.831653234999976,2026-09-13T15:36:22.573652+00:00,1789313782.5342832,0.03936886787414551,3.2608191894998795,0.3128412840451018,0.3043462932109833,0.04666351238428915,control_pose,robot_origin,robot_origin
23.855451422999977,2026-09-13T15:36:22.597451+00:00,1789313782.59049,0.006960868835449219,3.257644431382686,0.31277988751243746,0.30415546894073486,0.05233377265667612,control_pose,robot_origin,robot_origin
23.89595498699964,2026-09-13T15:36:22.637949+00:00,1789313782.5511892,0.08675980567932129,3.259804956192853,0.31281992863930297,0.30419617930117376,0.0485639127999632,control_pose,robot_origin,robot_origin
23.92729197799963,2026-09-13T15:36:22.669289+00:00,1789313782.6436374,0.02565169334411621,3.2556766715407095,0.312963727013744,0.3040800392627716,0.058109189880510365,control_pose,robot_origin,robot_origin
23.951754080999763,2026-09-13T15:36:22.693428+00:00,1789313782.6186428,0.07478523254394531,3.256465196615651,0.31286643037323336,0.30407092262945296,0.0554516662904843,control_pose,robot_origin,robot_origin
23.970490334999795,2026-09-13T15:36:22.712485+00:00,1789313782.7002532,0.012231826782226562,3.254893137762122,0.3134619937222929,0.30432358384132385,0.0631195253714618,control_pose,robot_origin,robot_origin
24.02821755399964,2026-09-13T15:36:22.770213+00:00,1789313782.702458,0.06775498390197754,3.254895138892084,0.31346873492152305,0.3043262804321271,0.0631617865414811,control_pose,robot_origin,robot_origin
24.043536412999856,2026-09-13T15:36:22.785545+00:00,1789313782.7504637,0.03508138656616211,3.2547904709150703,0.3138985660630127,0.3044479787349701,0.06494277307154799,control_pose,robot_origin,robot_origin
24.081356830999994,2026-09-13T15:36:22.823348+00:00,1789313782.8036296,0.019718408584594727,3.2545351673294762,0.3140522946035793,0.304326593875885,0.06655273349053455,control_pose,robot_origin,robot_origin
24.11068678399988,2026-09-13T15:36:22.852683+00:00,1789313782.771118,0.08156514167785645,3.2547419777263604,0.3139483651303334,0.3044221957206957,0.0653285508136556,control_pose,robot_origin,robot_origin
24.141768090999904,2026-09-13T15:36:22.883764+00:00,1789313782.8570414,0.02672266960144043,3.2541369108667606,0.31394253361304125,0.3041993975639343,0.06809379144775995,control_pose,robot_origin,robot_origin
24.17685893199996,2026-09-13T15:36:22.918834+00:00,1789313782.8376894,0.08114457130432129,3.254266538794547,0.31398978969204094,0.3042375808726076,0.06765248985283705,control_pose,robot_origin,robot_origin
24.19178693599997,2026-09-13T15:36:22.933780+00:00,1789313782.9109344,0.02284550666809082,3.253739130694799,0.3138469465201288,0.3041453957557678,0.06910029670337903,control_pose,robot_origin,robot_origin
24.235235312999976,2026-09-13T15:36:22.977210+00:00,1789313782.913414,0.0637960433959961,3.2537200700197753,0.3138474559096631,0.3041412166991439,0.06913703990901895,control_pose,robot_origin,robot_origin
24.253786380999827,2026-09-13T15:36:22.995783+00:00,1789313782.9637353,0.03204774856567383,3.253456124500148,0.3138226535739004,0.3040884733200073,0.06999687734797466,control_pose,robot_origin,robot_origin
24.312224970999978,2026-09-13T15:36:23.054223+00:00,1789313782.975491,0.07873201370239258,3.253413056908898,0.313830116045837,0.3040812939436451,0.07025398818439191,control_pose,robot_origin,robot_origin
24.35820138600002,2026-09-13T15:36:23.100197+00:00,1789313783.0571008,0.043096303939819336,3.253184376804274,0.3138799103682379,0.3040900230407715,0.07139551942995724,control_pose,robot_origin,robot_origin
24.392828122999617,2026-09-13T15:36:23.134822+00:00,1789313783.0411856,0.09363627433776855,3.2532257343023567,0.313859254580412,0.30408921252131244,0.07118550897384837,control_pose,robot_origin,robot_origin
24.435799051999766,2026-09-13T15:36:23.177791+00:00,1789313783.134234,0.043557167053222656,3.254775230339683,0.31404837696769805,0.3040788173675537,0.06991807200047016,control_pose,robot_origin,robot_origin
24.46691117599994,2026-09-13T15:36:23.208907+00:00,1789313783.1149194,0.09398746490478516,3.254217309490252,0.31397352701826375,0.30408127682094527,0.07055664188596872,control_pose,robot_origin,robot_origin
24.492111400999875,2026-09-13T15:36:23.234108+00:00,1789313783.2003722,0.03373575210571289,3.2610566595347557,0.316960109018636,0.3042328357696533,0.061836201742989615,control_pose,robot_origin,robot_origin
24.521346632999666,2026-09-13T15:36:23.263343+00:00,1789313783.1825454,0.08079767227172852,3.259363562801488,0.3161752806188409,0.3041913216419987,0.06401178399372064,control_pose,robot_origin,robot_origin
24.55827174099977,2026-09-13T15:36:23.300269+00:00,1789313783.2570734,0.043195486068725586,3.2681868300684194,0.31858941055039103,0.30490320920944214,0.05542034996450427,control_pose,robot_origin,robot_origin
24.578042635999736,2026-09-13T15:36:23.320035+00:00,1789313783.2534986,0.06653642654418945,3.267658501686138,0.3184754642037715,0.3048526473211327,0.05583710608597261,control_pose,robot_origin,robot_origin
24.596903755999847,2026-09-13T15:36:23.338904+00:00,1789313783.3126729,0.026231050491333008,3.2719442651993758,0.3191617779336664,0.3052167296409607,0.05338876555581951,control_pose,robot_origin,robot_origin
24.626822869999614,2026-09-13T15:36:23.368798+00:00,1789313783.3635483,0.005249738693237305,3.282003849290752,0.3203461351598542,0.30579906702041626,0.051777895201033514,control_pose,robot_origin,robot_origin
24.655464491999737,2026-09-13T15:36:23.397462+00:00,1789313783.3277853,0.06967663764953613,3.277371508152306,0.32027782385165326,0.3053615198548203,0.05174151131678121,control_pose,robot_origin,robot_origin
24.689102509999884,2026-09-13T15:36:23.431100+00:00,1789313783.4171617,0.013938188552856445,3.2913944771724184,0.32106138764543934,0.3060678243637085,0.0508087277204652,control_pose,robot_origin,robot_origin
24.730471270999715,2026-09-13T15:36:23.472469+00:00,1789313783.3907099,0.08175921440124512,3.286990631733751,0.32085736348490146,0.30585812398298734,0.05132175586502015,control_pose,robot_origin,robot_origin
24.762734483999793,2026-09-13T15:36:23.504733+00:00,1789313783.4737842,0.030948877334594727,3.300092878625299,0.32233648622889643,0.3060866594314575,0.046776072563276185,control_pose,robot_origin,robot_origin
24.791988850999587,2026-09-13T15:36:23.533981+00:00,1789313783.4610248,0.07295632362365723,3.2977622911188558,0.3218947659971174,0.30612571542817063,0.047577537800395524,control_pose,robot_origin,robot_origin
24.81611661199986,2026-09-13T15:36:23.558117+00:00,1789313783.5301042,0.028012752532958984,3.3171679655412367,0.32621025112518653,0.3049464523792267,0.038553443471066345,control_pose,robot_origin,robot_origin
24.849513922999904,2026-09-13T15:36:23.591507+00:00,1789313783.5317655,0.05974149703979492,3.317335970302802,0.3262338014288739,0.30491258909879254,0.03847901954001735,control_pose,robot_origin,robot_origin
24.871852184999625,2026-09-13T15:36:23.613850+00:00,1789313783.5836194,0.03023076057434082,3.3336237244404527,0.32826526050907545,0.3043452501296997,0.041575363480107486,control_pose,robot_origin,robot_origin
24.898756019999837,2026-09-13T15:36:23.640721+00:00,1789313783.636905,0.0038161277770996094,3.3508188510290875,0.3287593092870402,0.3029867708683014,0.048722170943900404,control_pose,robot_origin,robot_origin
24.922580063999703,2026-09-13T15:36:23.664574+00:00,1789313783.5991786,0.06539535522460938,3.3385679905655956,0.3287565993418393,0.30428191094569834,0.044598958218477994,control_pose,robot_origin,robot_origin
24.954205155999716,2026-09-13T15:36:23.696209+00:00,1789313783.6903744,0.0058345794677734375,3.3647701808033754,0.32998724917620637,0.3020213842391968,0.050325757202959516,control_pose,robot_origin,robot_origin
24.999436471999616,2026-09-13T15:36:23.741430+00:00,1789313783.6719549,0.06947517395019531,3.3607354087326207,0.33069815127309554,0.30179564644818513,0.04969158156078407,control_pose,robot_origin,robot_origin
25.02101705799987,2026-09-13T15:36:23.763011+00:00,1789313783.7411983,0.02181267738342285,3.386209089375971,0.3286471730634457,0.3034375309944153,0.05089014707094268,control_pose,robot_origin,robot_origin
25.084558316999846,2026-09-13T15:36:23.826554+00:00,1789313783.746094,0.0804600715637207,3.3874402147429543,0.32846794545975655,0.3035070719975842,0.05054376355147804,control_pose,robot_origin,robot_origin
25.09885072799989,2026-09-13T15:36:23.840848+00:00,1789313783.803539,0.03730893135070801,3.4008743899081666,0.32681531864692914,0.3033120334148407,0.04938498191284122,control_pose,robot_origin,robot_origin
25.13165906999984,2026-09-13T15:36:23.873650+00:00,1789313783.8567982,0.01685190200805664,3.4185859814691604,0.32807681744298134,0.3015139698982239,0.04675936263346119,control_pose,robot_origin,robot_origin
25.155565131000003,2026-09-13T15:36:23.897561+00:00,1789313783.814118,0.08344316482543945,3.404431586653943,0.3270361325301996,0.30317959906627906,0.04914829224240953,control_pose,robot_origin,robot_origin
25.186396130999583,2026-09-13T15:36:23.928389+00:00,1789313783.9103444,0.018044710159301758,3.4357546267517423,0.33391230484130174,0.29960519075393677,0.04342565786283509,control_pose,robot_origin,robot_origin
25.224161891999756,2026-09-13T15:36:23.966155+00:00,1789313783.884912,0.08124303817749023,3.4286498831340686,0.32934444646836636,0.2998687475163605,0.04644980692902299,control_pose,robot_origin,robot_origin
25.246012145999885,2026-09-13T15:36:23.988010+00:00,1789313783.9635391,0.024470806121826172,3.446881017611478,0.33721229169795497,0.30023226141929626,0.03993511605052009,control_pose,robot_origin,robot_origin
25.295641288999832,2026-09-13T15:36:24.037636+00:00,1789313783.954957,0.08267903327941895,3.445477830319345,0.33668099721698064,0.3000171959617955,0.04039607069592383,control_pose,robot_origin,robot_origin
25.318396004999613,2026-09-13T15:36:24.060292+00:00,1789313784.0201886,0.04010343551635742,3.454977759838772,0.3420977413970172,0.30173057317733765,0.03781807480131243,control_pose,robot_origin,robot_origin
25.36520635299985,2026-09-13T15:36:24.107197+00:00,1789313784.024953,0.0822441577911377,3.4546860642568475,0.3426950242568858,0.3017300746111558,0.037861539864626904,control_pose,robot_origin,robot_origin
25.376524093999706,2026-09-13T15:36:24.118520+00:00,1789313784.0769947,0.04152536392211914,3.4590374127246637,0.34383542746109685,0.3031640946865082,0.04268946337454521,control_pose,robot_origin,robot_origin
25.392898295999657,2026-09-13T15:36:24.134897+00:00,1789313784.1301851,0.00471186637878418,3.4577189534587824,0.3442479933471565,0.3036941587924957,0.05026686741871275,control_pose,robot_origin,robot_origin
25.43467461499995,2026-09-13T15:36:24.176673+00:00,1789313784.0945451,0.08212780952453613,3.4590022587060063,0.34403527344144114,0.3035477340440749,0.04520603696182937,control_pose,robot_origin,robot_origin
25.47186091100002,2026-09-13T15:36:24.213857+00:00,1789313784.1871061,0.026750802993774414,3.454409471121017,0.3444644686191529,0.3037469685077667,0.05621486228133965,control_pose,robot_origin,robot_origin
25.51126912899963,2026-09-13T15:36:24.253266+00:00,1789313784.1625283,0.09073781967163086,3.4559077292919373,0.34437711391757686,0.30369234180617466,0.053584793823278166,control_pose,robot_origin,robot_origin
25.547658293999575,2026-09-13T15:36:24.289656+00:00,1789313784.2470944,0.04256153106689453,3.451702830089051,0.3449646456241895,0.30375936627388,0.0639408008663254,control_pose,robot_origin,robot_origin
25.579190615999778,2026-09-13T15:36:24.321179+00:00,1789313784.2348258,0.08635306358337402,3.4521724872613637,0.3448565323975683,0.3037753806776502,0.062331140993573446,control_pose,robot_origin,robot_origin
25.593326671999876,2026-09-13T15:36:24.335325+00:00,1789313784.3000617,0.0352632999420166,3.4510117296041303,0.34554806303506935,0.3038366436958313,0.06963596597845192,control_pose,robot_origin,robot_origin
25.613987371999883,2026-09-13T15:36:24.355988+00:00,1789313784.3504186,0.0055694580078125,3.450837900899881,0.3458478710126478,0.3038729131221771,0.0726352132591213,control_pose,robot_origin,robot_origin
25.63920836499983,2026-09-13T15:36:24.381205+00:00,1789313784.3093686,0.07183647155761719,3.450971852853888,0.3456188329283749,0.30384893240356753,0.0703366976933069,control_pose,robot_origin,robot_origin
25.67381340599968,2026-09-13T15:36:24.415812+00:00,1789313784.4010332,0.014778852462768555,3.450556820064283,0.34598751036237974,0.3039286434650421,0.07476049197626955,control_pose,robot_origin,robot_origin
25.707256317999963,2026-09-13T15:36:24.449248+00:00,1789313784.3736248,0.0756232738494873,3.4507327344828913,0.34594260649891795,0.3038877519178012,0.07382042093956373,control_pose,robot_origin,robot_origin
25.728975241999706,2026-09-13T15:36:24.470976+00:00,1789313784.4514349,0.019541263580322266,3.45007595961368,0.3459755783419973,0.30395713448524475,0.07660551575541136,control_pose,robot_origin,robot_origin
25.765285844999653,2026-09-13T15:36:24.507285+00:00,1789313784.503488,0.0037970542907714844,3.4496101964154033,0.34598303975740885,0.3039635121822357,0.07855125281501635,control_pose,robot_origin,robot_origin
25.80398029199978,2026-09-13T15:36:24.545917+00:00,1789313784.4479017,0.09801530838012695,3.450100585760079,0.34598036068335736,0.30396180864210015,0.07650014998448743,control_pose,robot_origin,robot_origin
25.83219237100002,2026-09-13T15:36:24.574190+00:00,1789313784.553546,0.020643949508666992,3.4493243627570873,0.3460626342485631,0.30395129323005676,0.08014491377976705,control_pose,robot_origin,robot_origin
25.871689263000007,2026-09-13T15:36:24.613692+00:00,1789313784.5279386,0.0857534408569336,3.4494471942742297,0.34601054311912405,0.3039526562109522,0.0793380941927916,control_pose,robot_origin,robot_origin
25.93688254799963,2026-09-13T15:36:24.678882+00:00,1789313784.5820067,0.09687519073486328,3.449199966670969,0.34612302265461437,0.30395936545913266,0.08105340175317564,control_pose,robot_origin,robot_origin
25.96212565399992,2026-09-13T15:36:24.704117+00:00,1789313784.6670187,0.03709840774536133,3.4489228707708515,0.3462571129127161,0.3039790391921997,0.08332861920724213,control_pose,robot_origin,robot_origin
26.0082185819997,2026-09-13T15:36:24.750211+00:00,1789313784.6508512,0.09935975074768066,3.4489751617243347,0.3462347431717878,0.3039751362031051,0.08290725695580076,control_pose,robot_origin,robot_origin
26.06602090599972,2026-09-13T15:36:24.807995+00:00,1789313784.7434251,0.06456995010375977,3.448591889056186,0.34638293480541393,0.3040083944797516,0.08477419797305821,control_pose,robot_origin,robot_origin
26.128019933999894,2026-09-13T15:36:24.870012+00:00,1789313784.7213416,0.14867043495178223,3.4486941638549298,0.3463497402229203,0.30400073475402645,0.0843498099635,control_pose,robot_origin,robot_origin
26.153906505999657,2026-09-13T15:36:24.895904+00:00,1789313784.8600175,0.035886526107788086,3.447861439837126,0.3465090061426004,0.304025262594223,0.08777112178846708,control_pose,robot_origin,robot_origin
26.173738648999915,2026-09-13T15:36:24.915735+00:00,1789313784.8051147,0.11062026023864746,3.4481985528497434,0.34644195108699916,0.30401439636807537,0.08623042250029997,control_pose,robot_origin,robot_origin
26.255520282999896,2026-09-13T15:36:24.997516+00:00,1789313784.8738227,0.12369322776794434,3.4477765560890568,0.3465472641923584,0.3040265522200049,0.08827257812956786,control_pose,robot_origin,robot_origin
26.26457475699999,2026-09-13T15:36:25.006571+00:00,1789313784.9434648,0.06310629844665527,3.447291903666402,0.34676309324177956,0.3040245771408081,0.09060478991593296,control_pose,robot_origin,robot_origin
26.28141991099983,2026-09-13T15:36:25.023418+00:00,1789313784.9360683,0.08734965324401855,3.4473484194520436,0.3467381311443025,0.30402554450381475,0.09037473983855318,control_pose,robot_origin,robot_origin
26.316550303999975,2026-09-13T15:36:25.058557+00:00,1789313785.003313,0.05524396896362305,3.4469234693188793,0.34692214606741567,0.3040263056755066,0.09235120655698378,control_pose,robot_origin,robot_origin
26.319810641999993,2026-09-13T15:36:25.061813+00:00,1789313785.0536067,0.008206367492675781,3.4468888585522284,0.3469005218447836,0.3040069043636322,0.09251991146684255,control_pose,robot_origin,robot_origin
26.339228825999726,2026-09-13T15:36:25.081219+00:00,1789313785.0074933,0.07372570037841797,3.446893207304904,0.34692401374783466,0.3040242408742122,0.09249390118986113,control_pose,robot_origin,robot_origin
26.3822005549996,2026-09-13T15:36:25.124145+00:00,1789313785.107113,0.017032146453857422,3.4494366004923385,0.34801071521670734,0.30393731594085693,0.08923779220338586,control_pose,robot_origin,robot_origin
26.41563895399986,2026-09-13T15:36:25.157635+00:00,1789313785.0772924,0.08034253120422363,3.4482193770164034,0.34743936099554484,0.30397270478856264,0.09119919493965002,control_pose,robot_origin,robot_origin
26.44348904399976,2026-09-13T15:36:25.185487+00:00,1789313785.1635454,0.021941661834716797,3.4541611546947597,0.35029865095257184,0.30449041724205017,0.08260601455036921,control_pose,robot_origin,robot_origin
26.48206531300002,2026-09-13T15:36:25.224060+00:00,1789313785.1449306,0.07912945747375488,3.4526829608446983,0.3497511344358435,0.3042625623956445,0.08450727735000717,control_pose,robot_origin,robot_origin
26.50292268799967,2026-09-13T15:36:25.244841+00:00,1789313785.2201169,0.024724245071411133,3.460213243563259,0.3517736386379664,0.3051908016204834,0.07832003376670721,control_pose,robot_origin,robot_origin
26.539035271999637,2026-09-13T15:36:25.281023+00:00,1789313785.2734988,0.007524251937866211,3.4666163885093573,0.3525390577630889,0.3056662678718567,0.07622927910701899,control_pose,robot_origin,robot_origin
26.559791300999677,2026-09-13T15:36:25.301790+00:00,1789313785.2125607,0.08922934532165527,3.4593334534374316,0.3515930276926227,0.3051203892618071,0.07871585890508379,control_pose,robot_origin,robot_origin
26.611154453999916,2026-09-13T15:36:25.353151+00:00,1789313785.2839122,0.06923890113830566,3.468106918139744,0.3526622917368951,0.30582574604226237,0.07597590948357365,control_pose,robot_origin,robot_origin
26.628654240999822,2026-09-13T15:36:25.370655+00:00,1789313785.3280518,0.042603254318237305,3.475588940696424,0.353134593127006,0.3062990605831146,0.07414328889213236,control_pose,robot_origin,robot_origin
26.658026178,2026-09-13T15:36:25.400025+00:00,1789313785.3830936,0.01693129539489746,3.482823477260468,0.35378637932893264,0.3064603805541992,0.07205461545093797,control_pose,robot_origin,robot_origin
26.68395495799996,2026-09-13T15:36:25.425940+00:00,1789313785.3527102,0.07322978973388672,3.480192888530622,0.35364491996151237,0.3063311372076211,0.07286071982243822,control_pose,robot_origin,robot_origin
26.72370426999987,2026-09-13T15:36:25.465701+00:00,1789313785.437144,0.02855706214904785,3.494818949155314,0.35607317440020436,0.3061579167842865,0.06392761093453399,control_pose,robot_origin,robot_origin
26.747008817999813,2026-09-13T15:36:25.488975+00:00,1789313785.4231188,0.0658562183380127,3.4922168069410646,0.35550434314813417,0.3063553426319817,0.06546899639692182,control_pose,robot_origin,robot_origin
26.77582653799982,2026-09-13T15:36:25.517825+00:00,1789313785.4901257,0.02769923210144043,3.512376127000386,0.35887900675450246,0.30505847930908203,0.05344007018804858,control_pose,robot_origin,robot_origin
26.833410553999784,2026-09-13T15:36:25.575404+00:00,1789313785.4934638,0.0819401741027832,3.512877050978327,0.35888829931151345,0.30517883462435175,0.05338276883565494,control_pose,robot_origin,robot_origin
26.845758902999933,2026-09-13T15:36:25.587755+00:00,1789313785.5433502,0.04440474510192871,3.5290189584266094,0.3603734185654086,0.3055255115032196,0.054761444195954086,control_pose,robot_origin,robot_origin
26.85868502099993,2026-09-13T15:36:25.600683+00:00,1789313785.5970042,0.0036787986755371094,3.5472121043403195,0.36120303417857125,0.3027648627758026,0.055970086720695464,control_pose,robot_origin,robot_origin
26.898079286999746,2026-09-13T15:36:25.640079+00:00,1789313785.562355,0.07772397994995117,3.535377751951517,0.3601438732810456,0.3044760508491281,0.05536179516450761,control_pose,robot_origin,robot_origin
26.914138603999618,2026-09-13T15:36:25.656134+00:00,1789313785.650114,0.0060198307037353516,3.566686200547682,0.35929177901017284,0.30277514457702637,0.05721319346658929,control_pose,robot_origin,robot_origin
26.96118581899964,2026-09-13T15:36:25.703167+00:00,1789313785.6337597,0.06940722465515137,3.5599326308833086,0.35970501276268396,0.3025201350253344,0.057149824993156406,control_pose,robot_origin,robot_origin
26.985179977999906,2026-09-13T15:36:25.727176+00:00,1789313785.7041454,0.023030519485473633,3.579880701991133,0.35693987140698513,0.3033156096935272,0.053136649312749216,control_pose,robot_origin,robot_origin
27.031718160999844,2026-09-13T15:36:25.773717+00:00,1789313785.7033634,0.07035350799560547,3.579716824607295,0.3569802992447948,0.30332005447833543,0.05317431467407383,control_pose,robot_origin,robot_origin
27.05859511599965,2026-09-13T15:36:25.800592+00:00,1789313785.7570019,0.04359006881713867,3.593282369570505,0.35557231134508993,0.3023228347301483,0.05161981563085595,control_pose,robot_origin,robot_origin
27.07118852399981,2026-09-13T15:36:25.813188+00:00,1789313785.8100793,0.0031087398529052734,3.6115959103566286,0.35651959531700417,0.29939398169517517,0.04718945644981915,control_pose,robot_origin,robot_origin
27.09853921399963,2026-09-13T15:36:25.840537+00:00,1789313785.7752862,0.06525087356567383,3.5993363770870483,0.35593319061268347,0.30154278583834226,0.04953108015880606,control_pose,robot_origin,robot_origin
27.13076268299983,2026-09-13T15:36:25.872721+00:00,1789313785.8667016,0.0060193538665771484,3.628963352736883,0.365324624246252,0.2976336181163788,0.039123539491156725,control_pose,robot_origin,robot_origin
27.17056165899976,2026-09-13T15:36:25.912556+00:00,1789313785.8432894,0.06926655769348145,3.6221938947181807,0.3614090401835732,0.2978061828976835,0.04203253155441961,control_pose,robot_origin,robot_origin
27.189804353,2026-09-13T15:36:25.931803+00:00,1789313785.9205017,0.011301279067993164,3.638229124589612,0.3661506201562892,0.29918769001960754,0.03772465150417085,control_pose,robot_origin,robot_origin
27.248654595999596,2026-09-13T15:36:25.990649+00:00,1789313785.9211955,0.06945347785949707,3.6383802266551695,0.3662086980807775,0.29923964408637116,0.037714176852427776,control_pose,robot_origin,robot_origin
27.28161225199983,2026-09-13T15:36:26.023609+00:00,1789313785.979876,0.04373288154602051,3.6484752052564517,0.3704170164913876,0.3025570511817932,0.038166777915277096,control_pose,robot_origin,robot_origin
27.29644124599963,2026-09-13T15:36:26.038452+00:00,1789313786.03059,0.007861852645874023,3.6506931960396005,0.37040471260393515,0.3029080331325531,0.03966412808909527,control_pose,robot_origin,robot_origin
27.33080737099999,2026-09-13T15:36:26.072804+00:00,1789313785.9864452,0.08635878562927246,3.6489903445490737,0.3705405918271665,0.30261199818240425,0.038121815780172236,control_pose,robot_origin,robot_origin
27.365037813999606,2026-09-13T15:36:26.107034+00:00,1789313786.086853,0.020180940628051758,3.6496088171647796,0.3698433740465168,0.30345940589904785,0.045911422377992846,control_pose,robot_origin,robot_origin
27.41374860699989,2026-09-13T15:36:26.155745+00:00,1789313786.0651977,0.09054732322692871,3.6501595437336993,0.37024682081597193,0.30340441108450383,0.04394237550576437,control_pose,robot_origin,robot_origin
27.44267087199978,2026-09-13T15:36:26.184663+00:00,1789313786.140704,0.04395914077758789,3.6466981608793376,0.36929370306330744,0.3031542897224426,0.05241973576635297,control_pose,robot_origin,robot_origin
27.46894592999979,2026-09-13T15:36:26.210942+00:00,1789313786.1263123,0.08462977409362793,3.647467161155645,0.3693046514104992,0.30318646472043187,0.05083363279876549,control_pose,robot_origin,robot_origin
27.51972539399958,2026-09-13T15:36:26.261721+00:00,1789313786.2304146,0.03130626678466797,3.6432159062186145,0.3708370078039456,0.30317819118499756,0.06166488787980283,control_pose,robot_origin,robot_origin
27.549057618000006,2026-09-13T15:36:26.291048+00:00,1789313786.194474,0.09657406806945801,3.644611002425478,0.3702187133942969,0.30316861553847035,0.05796115251062862,control_pose,robot_origin,robot_origin
27.57721836799965,2026-09-13T15:36:26.319207+00:00,1789313786.283507,0.03569984436035156,3.6426948875460115,0.37173527481123747,0.30347517132759094,0.06698213850493477,control_pose,robot_origin,robot_origin
27.60178469499988,2026-09-13T15:36:26.343783+00:00,1789313786.26048,0.08330297470092773,3.6429208649577536,0.37134567638792815,0.3033463644201021,0.06467590917524232,control_pose,robot_origin,robot_origin
27.629502558999775,2026-09-13T15:36:26.371501+00:00,1789313786.341679,0.02982187271118164,3.642475152166255,0.37237288313782524,0.30362817645072937,0.07086424084260183,control_pose,robot_origin,robot_origin
27.681099826999798,2026-09-13T15:36:26.423095+00:00,1789313786.3322945,0.09080052375793457,3.6425149345058783,0.37231249395722243,0.3036143593971508,0.07052002022846854,control_pose,robot_origin,robot_origin
27.713325310999608,2026-09-13T15:36:26.455320+00:00,1789313786.4067686,0.048551321029663086,3.641972840108343,0.372903294771044,0.30379489064216614,0.07442500626316016,control_pose,robot_origin,robot_origin
27.73591029599993,2026-09-13T15:36:26.477901+00:00,1789313786.398823,0.07907795906066895,3.6420427164417024,0.37285513275925486,0.3037776424846755,0.07401104698412694,control_pose,robot_origin,robot_origin
27.774513829999705,2026-09-13T15:36:26.516515+00:00,1789313786.466625,0.04989004135131836,3.6413373845510066,0.3732143112751891,0.30381304025650024,0.07834556878227854,control_pose,robot_origin,robot_origin
27.80459003399983,2026-09-13T15:36:26.546587+00:00,1789313786.4691002,0.07748675346374512,3.6413368452647816,0.3732143099952838,0.3038135462758271,0.07834556878227854,control_pose,robot_origin,robot_origin
27.832730750999872,2026-09-13T15:36:26.574732+00:00,1789313786.5332472,0.041484832763671875,3.6408636539800012,0.3735344100270779,0.3038777709007263,0.08160904477276405,control_pose,robot_origin,robot_origin
27.85275451299958,2026-09-13T15:36:26.594745+00:00,1789313786.5833685,0.011376380920410156,3.6405773778784263,0.37373874224307135,0.3038906753063202,0.08360934964917498,control_pose,robot_origin,robot_origin
27.887094142000024,2026-09-13T15:36:26.629099+00:00,1789313786.537699,0.0913999080657959,3.6408372581962998,0.3735645627212907,0.30388164912996135,0.08181661380859208,control_pose,robot_origin,robot_origin
27.989602875999935,2026-09-13T15:36:26.731587+00:00,1789313786.6116548,0.11993217468261719,3.640442470284722,0.3738392678350142,0.303895617371459,0.08430561176966754,control_pose,robot_origin,robot_origin
28.021854120999706,2026-09-13T15:36:26.763847+00:00,1789313786.7133768,0.05047035217285156,3.6401397173591468,0.3740311600841071,0.3039163053035736,0.08639720943372815,control_pose,robot_origin,robot_origin
28.03573151699993,2026-09-13T15:36:26.777726+00:00,1789313786.6858025,0.09192347526550293,3.640210549306871,0.3739872779959694,0.3039083581344512,0.08585249574618913,control_pose,robot_origin,robot_origin
28.07619104699961,2026-09-13T15:36:26.818173+00:00,1789313786.7732294,0.04494357109069824,3.6399944516895006,0.3740726361694111,0.303922176361084,0.08724613124275231,control_pose,robot_origin,robot_origin
28.162892370999998,2026-09-13T15:36:26.904866+00:00,1789313786.7606533,0.1442127227783203,3.64000993067642,0.37407092379792894,0.3039267034580033,0.08710174098738575,control_pose,robot_origin,robot_origin
28.215347988999838,2026-09-13T15:36:26.957338+00:00,1789313786.9101675,0.04717063903808594,3.639848962316605,0.3740718302928656,0.30395346879959106,0.08854959832683022,control_pose,robot_origin,robot_origin
28.24397197799999,2026-09-13T15:36:26.985970+00:00,1789313786.9664388,0.01953125,3.6410249329340982,0.37430426746423207,0.3039644658565521,0.08622112037576145,control_pose,robot_origin,robot_origin
28.31039577699994,2026-09-13T15:36:27.052387+00:00,1789313786.971779,0.08060789108276367,3.6413524481865944,0.3744210214517496,0.3039600559565125,0.08595314885403044,control_pose,robot_origin,robot_origin
28.347638040999755,2026-09-13T15:36:27.089637+00:00,1789313787.0399876,0.04964947700500488,3.6459120808671477,0.3767734267558358,0.30412349104881287,0.07951304693152873,control_pose,robot_origin,robot_origin
28.38430132099984,2026-09-13T15:36:27.126294+00:00,1789313787.0390692,0.08722472190856934,3.645817655322155,0.3767248370256946,0.3041135328816268,0.07964360991581151,control_pose,robot_origin,robot_origin
28.422484463999808,2026-09-13T15:36:27.164398+00:00,1789313787.1097312,0.054666757583618164,3.6530343563351355,0.37887272693823415,0.3050714433193207,0.0725989324349166,control_pose,robot_origin,robot_origin
28.484241055999973,2026-09-13T15:36:27.226235+00:00,1789313787.111022,0.11521291732788086,3.6531503488789507,0.3788838525539595,0.30507958568907884,0.07256931228542224,control_pose,robot_origin,robot_origin
28.502213969999957,2026-09-13T15:36:27.244212+00:00,1789313787.1932383,0.05097365379333496,3.6654741748600657,0.3798363637586706,0.3061380386352539,0.06886183936137398,control_pose,robot_origin,robot_origin
28.518611852999584,2026-09-13T15:36:27.260608+00:00,1789313787.1746342,0.08597373962402344,3.6621130278789416,0.37964806668840145,0.30586927473921516,0.06970529411734085,control_pose,robot_origin,robot_origin
28.54944957099997,2026-09-13T15:36:27.291446+00:00,1789313787.2582335,0.03321242332458496,3.67578268376981,0.3805996818104964,0.3063088059425354,0.06586419183626263,control_pose,robot_origin,robot_origin
28.577124009999807,2026-09-13T15:36:27.319116+00:00,1789313787.2459497,0.0731663703918457,3.673834394082418,0.38045541606832245,0.30627653122786686,0.06643029411969463,control_pose,robot_origin,robot_origin
28.621132521999698,2026-09-13T15:36:27.363129+00:00,1789313787.329993,0.03313589096069336,3.6909175105525955,0.3836087772508012,0.3057864010334015,0.055844285020591085,control_pose,robot_origin,robot_origin
28.66409903399972,2026-09-13T15:36:27.406080+00:00,1789313787.3152835,0.09079647064208984,3.687678334391709,0.3828795197382746,0.30597645143398183,0.05804813651262332,control_pose,robot_origin,robot_origin
28.690720720999707,2026-09-13T15:36:27.432720+00:00,1789313787.3965518,0.03616809844970703,3.712717539914431,0.38650114907569444,0.3056375980377197,0.050088581902714695,control_pose,robot_origin,robot_origin
28.7195063449999,2026-09-13T15:36:27.461501+00:00,1789313787.383887,0.07761383056640625,3.708607953286983,0.3861304086255304,0.30550398069171725,0.05036829667507378,control_pose,robot_origin,robot_origin
28.75880409699994,2026-09-13T15:36:27.500799+00:00,1789313787.46657,0.03422904014587402,3.734797024445501,0.38683934874474035,0.3029627203941345,0.0516949066120268,control_pose,robot_origin,robot_origin
28.79735767799957,2026-09-13T15:36:27.539350+00:00,1789313787.4573894,0.08196067810058594,3.731905487030688,0.38680801913620844,0.30334768878971935,0.05148592973334204,control_pose,robot_origin,robot_origin
28.829440535999765,2026-09-13T15:36:27.571438+00:00,1789313787.5365634,0.034874677658081055,3.7604545808382444,0.38417091244124935,0.3024124503135681,0.05438391987932324,control_pose,robot_origin,robot_origin
28.86762495899984,2026-09-13T15:36:27.609613+00:00,1789313787.523954,0.08565902709960938,3.755337294335651,0.38467530104754455,0.3021848030481284,0.05405793421087343,control_pose,robot_origin,robot_origin
28.876686440999947,2026-09-13T15:36:27.618688+00:00,1789313787.5901093,0.028578758239746094,3.7745621575498354,0.38243786489591036,0.30312517285346985,0.05078474575179132,control_pose,robot_origin,robot_origin
28.9037693829996,2026-09-13T15:36:27.645769+00:00,1789313787.643424,0.002344846725463867,3.7871945239348035,0.3813586588695941,0.30231544375419617,0.05109711415576141,control_pose,robot_origin,robot_origin
28.93647381799974,2026-09-13T15:36:27.678481+00:00,1789313787.6032238,0.0752573013305664,3.777719992760219,0.3816853037461927,0.3029241457529234,0.050582972699920445,control_pose,robot_origin,robot_origin
29.01112138999997,2026-09-13T15:36:27.753114+00:00,1789313787.6618986,0.09121537208557129,3.792999696545218,0.3819062191845588,0.30160863253042497,0.04924039738613985,control_pose,robot_origin,robot_origin
29.051265522999984,2026-09-13T15:36:27.793259+00:00,1789313787.7566586,0.036600351333618164,3.8239786897647674,0.388630802783263,0.2968015968799591,0.04011501096642215,control_pose,robot_origin,robot_origin
29.087569725999856,2026-09-13T15:36:27.829565+00:00,1789313787.7336464,0.09591865539550781,3.816230146372799,0.3867157638969023,0.2980246920793995,0.04235816622854639,control_pose,robot_origin,robot_origin
29.124382351999884,2026-09-13T15:36:27.866249+00:00,1789313787.8236194,0.04262971878051758,3.836849124758875,0.39508761287291105,0.2985292375087738,0.032959709984162616,control_pose,robot_origin,robot_origin
29.150517278999814,2026-09-13T15:36:27.892511+00:00,1789313787.8043687,0.08814215660095215,3.8331489852491725,0.39323133543316,0.2980325556676262,0.03502023846401005,control_pose,robot_origin,robot_origin
29.184644071999628,2026-09-13T15:36:27.926644+00:00,1789313787.883167,0.04347705841064453,3.8435520306470004,0.39924546954506956,0.30119484663009644,0.03409548547591961,control_pose,robot_origin,robot_origin
29.214020168999923,2026-09-13T15:36:27.956010+00:00,1789313787.8790982,0.07691192626953125,3.843354700768324,0.3989619313749404,0.30102605975936325,0.03394498649407207,control_pose,robot_origin,robot_origin
29.237120905999745,2026-09-13T15:36:27.979119+00:00,1789313787.9365714,0.04254770278930664,3.846975944359179,0.3997632493896266,0.30302903056144714,0.04010711143259228,control_pose,robot_origin,robot_origin
29.257486016999792,2026-09-13T15:36:27.999491+00:00,1789313787.9934623,0.006028652191162109,3.844832783828754,0.39992436727691527,0.30327343940734863,0.048831120568876854,control_pose,robot_origin,robot_origin
29.294420980999803,2026-09-13T15:36:28.036416+00:00,1789313787.9484959,0.0879201889038086,3.8466964717776757,0.3998163993660526,0.3030613992932024,0.04200583541236034,control_pose,robot_origin,robot_origin
29.37232428199968,2026-09-13T15:36:28.114296+00:00,1789313788.0169349,0.09736108779907227,3.8435897012482094,0.40000008054488156,0.30330954964594237,0.05092507492675745,control_pose,robot_origin,robot_origin
29.416870818000007,2026-09-13T15:36:28.158868+00:00,1789313788.1213615,0.0375065803527832,3.837971854109166,0.40091608754196173,0.3039605915546417,0.06291432647163299,control_pose,robot_origin,robot_origin
29.427363073999913,2026-09-13T15:36:28.169356+00:00,1789313788.083671,0.08568501472473145,3.839945083911277,0.4005570368472795,0.3037004301350197,0.05841264545901506,control_pose,robot_origin,robot_origin
29.460727199999837,2026-09-13T15:36:28.202726+00:00,1789313788.1734254,0.029300451278686523,3.83757632399086,0.4012698891021993,0.3040531873703003,0.06776592690163452,control_pose,robot_origin,robot_origin
29.507378375999906,2026-09-13T15:36:28.249373+00:00,1789313788.1511374,0.0982356071472168,3.837622229164021,0.4011835357195608,0.30403829800081994,0.06657286039215046,control_pose,robot_origin,robot_origin
29.548329976999867,2026-09-13T15:36:28.290325+00:00,1789313788.2535753,0.03674960136413574,3.83735457283982,0.40133808165301965,0.30404728651046753,0.06947629953808404,control_pose,robot_origin,robot_origin
29.57514373099957,2026-09-13T15:36:28.317139+00:00,1789313788.220275,0.09686398506164551,3.837482467762744,0.4013473532471148,0.3040398980775652,0.06888938347098363,control_pose,robot_origin,robot_origin
29.605608867999763,2026-09-13T15:36:28.347600+00:00,1789313788.3067093,0.04089069366455078,3.836817401311073,0.4011511395683611,0.3040687143802643,0.07112924682740786,control_pose,robot_origin,robot_origin
29.638527449999856,2026-09-13T15:36:28.380522+00:00,1789313788.2923877,0.0881342887878418,3.836977654892558,0.4011882043259263,0.3040625946181459,0.07065966274070526,control_pose,robot_origin,robot_origin
29.668564580999828,2026-09-13T15:36:28.410560+00:00,1789313788.3730578,0.03750205039978027,3.836066626046952,0.40103964708875384,0.30407026410102844,0.07359776983949486,control_pose,robot_origin,robot_origin
29.704447400999925,2026-09-13T15:36:28.446452+00:00,1789313788.3664718,0.07998013496398926,3.836134719980154,0.4010404734444797,0.3040724927610826,0.07333463006762846,control_pose,robot_origin,robot_origin
29.74852036199991,2026-09-13T15:36:28.490518+00:00,1789313788.456598,0.0339200496673584,3.835327658992844,0.4012353513736622,0.30407631397247314,0.07680389627342242,control_pose,robot_origin,robot_origin
29.826830516999962,2026-09-13T15:36:28.568822+00:00,1789313788.4351015,0.13372039794921875,3.8355133891561106,0.40118638781873384,0.30407978521353207,0.07592969671885509,control_pose,robot_origin,robot_origin
29.85792830399987,2026-09-13T15:36:28.599806+00:00,1789313788.5264652,0.07334089279174805,3.834671342753663,0.40131800127338124,0.3041127622127533,0.07922975156862691,control_pose,robot_origin,robot_origin
29.870617425999626,2026-09-13T15:36:28.612610+00:00,1789313788.506224,0.10638618469238281,3.8348740667144074,0.40130810582307985,0.3040990272562178,0.07845686129636374,control_pose,robot_origin,robot_origin
29.920071556999574,2026-09-13T15:36:28.662065+00:00,1789313788.58301,0.0790550708770752,3.8341289783329713,0.4012600756318532,0.3041297197341919,0.0813741225862537,control_pose,robot_origin,robot_origin
29.938922435999757,2026-09-13T15:36:28.680917+00:00,1789313788.5729845,0.10793256759643555,3.834243869762688,0.40126327522790417,0.30412743925126123,0.08101188397268487,control_pose,robot_origin,robot_origin
30.007768671999656,2026-09-13T15:36:28.749766+00:00,1789313788.6999342,0.04983186721801758,3.8333148871371363,0.4014401523848261,0.3041605055332184,0.08443261611147565,control_pose,robot_origin,robot_origin
30.01363215299989,2026-09-13T15:36:28.755630+00:00,1789313788.6430979,0.11253213882446289,3.833700702525634,0.40134504701386375,0.30414497648875777,0.0829205854637668,control_pose,robot_origin,robot_origin
30.056124834000002,2026-09-13T15:36:28.798111+00:00,1789313788.7529094,0.04520153999328613,3.8330924387548624,0.4014968155704923,0.30417484045028687,0.08585147278121304,control_pose,robot_origin,robot_origin
30.068755010999666,2026-09-13T15:36:28.810749+00:00,1789313788.7122018,0.09854722023010254,3.833260026904461,0.4014501224359095,0.3041640252261746,0.08476994876100807,control_pose,robot_origin,robot_origin
30.10078663599961,2026-09-13T15:36:28.842781+00:00,1789313788.8031807,0.039600372314453125,3.8330253028010306,0.4015739024218421,0.3041875660419464,0.08693892114474211,control_pose,robot_origin,robot_origin
30.128028524,2026-09-13T15:36:28.870021+00:00,1789313788.7846236,0.08539748191833496,3.83294251958384,0.4015459882475094,0.30418231884903907,0.08651831834325534,control_pose,robot_origin,robot_origin
30.1521272279997,2026-09-13T15:36:28.894018+00:00,1789313788.8631363,0.030881643295288086,3.8338031182678973,0.40179580137321325,0.3042069673538208,0.08514663065300326,control_pose,robot_origin,robot_origin
30.202199863999795,2026-09-13T15:36:28.944200+00:00,1789313788.8521712,0.09202885627746582,3.833608364163135,0.40173870370189335,0.30419649019095635,0.08558460636077986,control_pose,robot_origin,robot_origin
30.223318169999857,2026-09-13T15:36:28.965320+00:00,1789313788.9197102,0.04560995101928711,3.8375515209007647,0.40329645699318406,0.30397072434425354,0.08099425935239561,control_pose,robot_origin,robot_origin
30.239601458999914,2026-09-13T15:36:28.981577+00:00,1789313788.9731252,0.008451700210571289,3.8427244423983193,0.40512030847511316,0.30470067262649536,0.07547367186160578,control_pose,robot_origin,robot_origin
30.264416525999877,2026-09-13T15:36:29.006408+00:00,1789313788.9207354,0.08567261695861816,3.837655577523525,0.40338634312908717,0.3039846036092896,0.08086981171060069,control_pose,robot_origin,robot_origin
30.292945760999828,2026-09-13T15:36:29.034945+00:00,1789313789.0232081,0.011736869812011719,3.8482755286710217,0.4059980086844701,0.30530497431755066,0.07313280791404153,control_pose,robot_origin,robot_origin
30.34198321399981,2026-09-13T15:36:29.083974+00:00,1789313788.9929426,0.09103131294250488,3.844826322616581,0.40558033301103724,0.30495997121768154,0.07401880954019648,control_pose,robot_origin,robot_origin
30.374788225999964,2026-09-13T15:36:29.116786+00:00,1789313789.0830712,0.03371477127075195,3.857174989769689,0.4067236758168047,0.3062441647052765,0.07040146797745073,control_pose,robot_origin,robot_origin
30.408705351999743,2026-09-13T15:36:29.150698+00:00,1789313789.0725038,0.07819414138793945,3.855365698669523,0.40651176926139243,0.30608334594836223,0.07087545074494705,control_pose,robot_origin,robot_origin
30.441712511999867,2026-09-13T15:36:29.183715+00:00,1789313789.1366272,0.047087907791137695,3.866281533642093,0.4075667564649801,0.30648523569107056,0.06859866332547118,control_pose,robot_origin,robot_origin
30.476516050999635,2026-09-13T15:36:29.218509+00:00,1789313789.1364102,0.08209872245788574,3.8662355831075517,0.40756425178074274,0.3064832168420323,0.06860942122041959,control_pose,robot_origin,robot_origin
30.516345074999663,2026-09-13T15:36:29.258344+00:00,1789313789.2233748,0.03496909141540527,3.8828944182609595,0.41132200230173543,0.30604490637779236,0.058026276380826074,control_pose,robot_origin,robot_origin
30.562881688999823,2026-09-13T15:36:29.304877+00:00,1789313789.209611,0.09526610374450684,3.879935325532861,0.41055848361847236,0.3061719849038342,0.05999409521954916,control_pose,robot_origin,robot_origin
30.58393420199991,2026-09-13T15:36:29.325931+00:00,1789313789.2835712,0.04235982894897461,3.9025300272764016,0.41366448712616943,0.3057369291782379,0.056103650947810585,control_pose,robot_origin,robot_origin
30.601994701999956,2026-09-13T15:36:29.343988+00:00,1789313789.3347306,0.009257316589355469,3.9193909310932105,0.41343901099488045,0.30414336919784546,0.06086870842448074,control_pose,robot_origin,robot_origin
30.634172089000003,2026-09-13T15:36:29.376170+00:00,1789313789.2862105,0.08995938301086426,3.903508187308537,0.41381960319135125,0.30571360128268327,0.0565264814845639,control_pose,robot_origin,robot_origin
30.673551121999935,2026-09-13T15:36:29.415558+00:00,1789313789.389789,0.02576899528503418,3.9362771487665733,0.4145805103089504,0.30203375220298767,0.06043721309322085,control_pose,robot_origin,robot_origin
30.70807011299985,2026-09-13T15:36:29.450065+00:00,1789313789.3614075,0.08865737915039062,3.9271148916249405,0.4145036970206777,0.302834457174556,0.060719682927477106,control_pose,robot_origin,robot_origin
30.741580288000023,2026-09-13T15:36:29.483574+00:00,1789313789.4428797,0.040694236755371094,3.955211236160606,0.4119429910766006,0.30161792039871216,0.059614563910945745,control_pose,robot_origin,robot_origin
30.76749156400001,2026-09-13T15:36:29.509485+00:00,1789313789.4259758,0.08350920677185059,3.9497094133423607,0.41243877964752484,0.30181006930004745,0.06031417187752373,control_pose,robot_origin,robot_origin
30.80191759299987,2026-09-13T15:36:29.543925+00:00,1789313789.5006163,0.04330873489379883,3.974974943286346,0.4104176935444941,0.30232375860214233,0.05331019748482363,control_pose,robot_origin,robot_origin
30.843369553999764,2026-09-13T15:36:29.585365+00:00,1789313789.4944906,0.09087443351745605,3.972878076593582,0.4105795227788216,0.3022488714056343,0.053979162091551805,control_pose,robot_origin,robot_origin
30.87039780699979,2026-09-13T15:36:29.612396+00:00,1789313789.5728817,0.03951430320739746,3.9947368740345666,0.41025096404904193,0.30128785967826843,0.04917467931056805,control_pose,robot_origin,robot_origin
30.905660232999708,2026-09-13T15:36:29.647657+00:00,1789313789.5672903,0.08036661148071289,3.9928551305520186,0.41012739415684507,0.30139499532542574,0.049659426407512995,control_pose,robot_origin,robot_origin
30.924150754999573,2026-09-13T15:36:29.666149+00:00,1789313789.6294708,0.03667807579040527,4.015991782414393,0.4120276046667448,0.2997606694698334,0.04455061170069685,control_pose,robot_origin,robot_origin
30.95961583999997,2026-09-13T15:36:29.701613+00:00,1789313789.6828268,0.018786191940307617,4.035852265735086,0.4164242137377374,0.2972080707550049,0.041290890560252376,control_pose,robot_origin,robot_origin
30.982664479999585,2026-09-13T15:36:29.724654+00:00,1789313789.636003,0.08865094184875488,4.019123845048998,0.4121466260884412,0.29931543721258075,0.04439377025372703,control_pose,robot_origin,robot_origin
31.01515467199988,2026-09-13T15:36:29.757152+00:00,1789313789.7354233,0.0217287540435791,4.052367567903776,0.41924739156273483,0.3010726869106293,0.03240636349312386,control_pose,robot_origin,robot_origin
31.043020824999985,2026-09-13T15:36:29.785018+00:00,1789313789.7032003,0.081817626953125,4.0424456228929895,0.4175815499656814,0.29842758496461597,0.03741718480754198,control_pose,robot_origin,robot_origin
31.067521070999646,2026-09-13T15:36:29.809520+00:00,1789313789.7899866,0.019533395767211914,4.063614693582593,0.42361516252829845,0.30461445450782776,0.03202405435802839,control_pose,robot_origin,robot_origin
31.113878674999796,2026-09-13T15:36:29.855875+00:00,1789313789.7766113,0.07926368713378906,4.060649925797264,0.423194819383945,0.30440731043831526,0.03191723099705364,control_pose,robot_origin,robot_origin
31.141251988000022,2026-09-13T15:36:29.883245+00:00,1789313789.8504896,0.032755374908447266,4.079073563490859,0.4269212404973557,0.3045089840888977,0.029449083532157697,control_pose,robot_origin,robot_origin
31.17989260999957,2026-09-13T15:36:29.921883+00:00,1789313789.8386834,0.08319973945617676,4.076010537229944,0.42635476642409653,0.3046172085240294,0.030483771819958937,control_pose,robot_origin,robot_origin
31.211389826999948,2026-09-13T15:36:29.953384+00:00,1789313789.9142292,0.039154767990112305,4.091805985728661,0.4282887521184442,0.30280572175979614,0.022463987039457373,control_pose,robot_origin,robot_origin
31.250561816999834,2026-09-13T15:36:29.992556+00:00,1789313789.9065492,0.08600687980651855,4.090407294886413,0.42821045809984093,0.3030206779681036,0.023128810861547198,control_pose,robot_origin,robot_origin
31.27885693600001,2026-09-13T15:36:30.020853+00:00,1789313789.9794893,0.04136371612548828,4.098573752556171,0.42862347782393373,0.3035705089569092,0.028910679036405162,control_pose,robot_origin,robot_origin
31.320773447999727,2026-09-13T15:36:30.062770+00:00,1789313789.9765244,0.08624553680419922,4.098338279746388,0.42867132527951735,0.3034818910817559,0.028398074759824272,control_pose,robot_origin,robot_origin
31.32669136200002,2026-09-13T15:36:30.068691+00:00,1789313790.033093,0.035598039627075195,4.101115810539616,0.42682038421024804,0.304463267326355,0.03845790794174648,control_pose,robot_origin,robot_origin
31.353449403000013,2026-09-13T15:36:30.095344+00:00,1789313790.0894833,0.005860805511474609,4.101631726577723,0.42638208837231706,0.304572194814682,0.042009587196712286,control_pose,robot_origin,robot_origin
31.38895864799997,2026-09-13T15:36:30.130956+00:00,1789313790.0537052,0.07725071907043457,4.10167709122335,0.42661461490390273,0.3044848939576049,0.0408790706891129,control_pose,robot_origin,robot_origin
31.42275807599981,2026-09-13T15:36:30.164757+00:00,1789313790.1428726,0.021884441375732422,4.100358176533657,0.42605373698446525,0.3048735558986664,0.04081102292278091,control_pose,robot_origin,robot_origin
31.456122264999976,2026-09-13T15:36:30.198112+00:00,1789313790.1166718,0.08144021034240723,4.101233729022908,0.4261632894499061,0.30474558311412775,0.0411530939379621,control_pose,robot_origin,robot_origin
31.481245399999807,2026-09-13T15:36:30.223239+00:00,1789313790.1961043,0.02713465690612793,4.098612548150532,0.42591895322495144,0.30501389503479004,0.0415396019702993,control_pose,robot_origin,robot_origin
31.515225246999762,2026-09-13T15:36:30.257213+00:00,1789313790.196233,0.06098008155822754,4.098610267195293,0.4259189470142244,0.3050141509093911,0.04154139834619847,control_pose,robot_origin,robot_origin
31.55407921599999,2026-09-13T15:36:30.296089+00:00,1789313790.2561274,0.03996157646179199,4.097336932753473,0.42605121845004423,0.3051752746105194,0.042595347722698663,control_pose,robot_origin,robot_origin
31.604861077999885,2026-09-13T15:36:30.346807+00:00,1789313790.2570171,0.08978986740112305,4.097335558850015,0.42605391634448586,0.30517688035910195,0.0426080636421131,control_pose,robot_origin,robot_origin
31.63347940299991,2026-09-13T15:36:30.375473+00:00,1789313790.3232043,0.05226874351501465,4.097328627170687,0.4262958335968263,0.30526071786880493,0.044084529375521174,control_pose,robot_origin,robot_origin
31.67348932499999,2026-09-13T15:36:30.415482+00:00,1789313790.3277016,0.08778047561645508,4.097342986136894,0.42630754729790743,0.30526516935670417,0.044140030852074415,control_pose,robot_origin,robot_origin
31.695645343999786,2026-09-13T15:36:30.437644+00:00,1789313790.3797138,0.05793023109436035,4.0975651732835665,0.42635161878531,0.30529913306236267,0.04478144133176986,control_pose,robot_origin,robot_origin
31.720017810999707,2026-09-13T15:36:30.462016+00:00,1789313790.432914,0.029102087020874023,4.097619650282705,0.4262679221466896,0.30531057715415955,0.04498999151905953,control_pose,robot_origin,robot_origin
31.754933511999752,2026-09-13T15:36:30.496929+00:00,1789313790.4060125,0.09091639518737793,4.097608213717609,0.42630821618838755,0.30530548031196364,0.044949408784128744,control_pose,robot_origin,robot_origin
31.82042631899958,2026-09-13T15:36:30.562422+00:00,1789313790.4930432,0.06937885284423828,4.09746061677781,0.4261863440944744,0.3053118586540222,0.04480298633019217,control_pose,robot_origin,robot_origin
31.82774111899971,2026-09-13T15:36:30.569740+00:00,1789313790.4656818,0.10405826568603516,4.097549545214145,0.42622647542568637,0.30531148246533973,0.04486595392667744,control_pose,robot_origin,robot_origin
31.850095507999868,2026-09-13T15:36:30.592085+00:00,1789313790.5464487,0.04563617706298828,4.097334847879915,0.4261789723790612,0.30530932545661926,0.04461882587003459,control_pose,robot_origin,robot_origin
31.873864734999643,2026-09-13T15:36:30.615856+00:00,1789313790.531996,0.08385992050170898,4.097368883768427,0.426180967330819,0.30531001099673155,0.044668664055038304,control_pose,robot_origin,robot_origin
31.92711940299978,2026-09-13T15:36:30.669113+00:00,1789313790.6364925,0.03262042999267578,4.097546066723277,0.42621335277003025,0.30532270669937134,0.04481310662341157,control_pose,robot_origin,robot_origin
31.96017667599972,2026-09-13T15:36:30.702177+00:00,1789313790.6146708,0.08750629425048828,4.097474248884956,0.42620785277669926,0.3053187456219045,0.044756428026838324,control_pose,robot_origin,robot_origin
31.989519042999746,2026-09-13T15:36:30.731516+00:00,1789313790.6966803,0.0348355770111084,4.100984102600155,0.4261453057810536,0.30538350343704224,0.04363447473835673,control_pose,robot_origin,robot_origin
32.02300348999961,2026-09-13T15:36:30.764999+00:00,1789313790.672598,0.09240102767944336,4.100008298378154,0.42611382232092154,0.30537822583047286,0.04411027749106501,control_pose,robot_origin,robot_origin
32.04599491299996,2026-09-13T15:36:30.787991+00:00,1789313790.7495303,0.038460731506347656,4.1058975856422135,0.42726870028493114,0.30478906631469727,0.04344912995861016,control_pose,robot_origin,robot_origin
32.07538393699997,2026-09-13T15:36:30.817377+00:00,1789313790.7436392,0.07373785972595215,4.105183944674595,0.4271568172989806,0.3048239279319749,0.043349036243216094,control_pose,robot_origin,robot_origin
32.097029355999894,2026-09-13T15:36:30.838980+00:00,1789313790.7996492,0.03933072090148926,4.1122320068704035,0.4282470478748335,0.3046214282512665,0.04387047588611586,control_pose,robot_origin,robot_origin
32.11666728699993,2026-09-13T15:36:30.858663+00:00,1789313790.8527303,0.005932807922363281,4.120911799831125,0.4293715511860068,0.30427730083465576,0.043492283894063954,control_pose,robot_origin,robot_origin
32.15521837099959,2026-09-13T15:36:30.897195+00:00,1789313790.819089,0.07810616493225098,4.114763610774726,0.4286668337099282,0.3045344434609446,0.04374640864665879,control_pose,robot_origin,robot_origin
32.17794598199998,2026-09-13T15:36:30.919949+00:00,1789313790.9064922,0.01345682144165039,4.132501497054999,0.4303592524895321,0.3035886883735657,0.04301740692872818,control_pose,robot_origin,robot_origin
32.21350681299964,2026-09-13T15:36:30.955492+00:00,1789313790.894851,0.06064105033874512,4.128951790449857,0.4300913935197219,0.3037833590357402,0.043181184697858345,control_pose,robot_origin,robot_origin
32.236637373999656,2026-09-13T15:36:30.978639+00:00,1789313790.957726,0.020912885665893555,4.144543431816728,0.4320734635489707,0.30231913924217224,0.041579209181405265,control_pose,robot_origin,robot_origin
32.298966131999805,2026-09-13T15:36:31.040963+00:00,1789313790.9542837,0.08667922019958496,4.143918297802749,0.43202725982795087,0.30240061787523326,0.04167656090914458,control_pose,robot_origin,robot_origin
32.30741157299963,2026-09-13T15:36:31.049407+00:00,1789313791.0096757,0.03973126411437988,4.1581455527146005,0.4326004702153836,0.30041900277137756,0.03868735013694154,control_pose,robot_origin,robot_origin
32.32737002199974,2026-09-13T15:36:31.069366+00:00,1789313791.0627792,0.006586790084838867,4.169716783492818,0.43160934553892427,0.2996235191822052,0.0377597977028469,control_pose,robot_origin,robot_origin
32.3685101369997,2026-09-13T15:36:31.110500+00:00,1789313791.030366,0.08013415336608887,4.163562621335668,0.43261898665414056,0.29980831677253794,0.0378672071812828,control_pose,robot_origin,robot_origin
32.40838024899995,2026-09-13T15:36:31.150241+00:00,1789313791.116127,0.03411388397216797,4.181475437286029,0.43072393828353617,0.2996155619621277,0.03688798082862191,control_pose,robot_origin,robot_origin
32.4407798469997,2026-09-13T15:36:31.182775+00:00,1789313791.0983374,0.08443760871887207,4.177429520463854,0.43099668469561037,0.2996100888927253,0.03727440297079697,control_pose,robot_origin,robot_origin
32.462246798999786,2026-09-13T15:36:31.204247+00:00,1789313791.1759758,0.028271198272705078,4.20157473309347,0.429104001326831,0.2995928227901459,0.036817707127907634,control_pose,robot_origin,robot_origin
32.50366138299978,2026-09-13T15:36:31.245652+00:00,1789313791.2271829,0.01846909523010254,4.221304616447922,0.4300261761995723,0.2957172095775604,0.03533897295232695,control_pose,robot_origin,robot_origin
32.522922795999875,2026-09-13T15:36:31.264920+00:00,1789313791.178023,0.08689689636230469,4.201664481811209,0.42908819037528234,0.29957224577666747,0.03682140771692641,control_pose,robot_origin,robot_origin
32.56340578199979,2026-09-13T15:36:31.305399+00:00,1789313791.2794197,0.025979280471801758,4.240268871313491,0.42362644117241266,0.3003286123275757,0.040381633254820096,control_pose,robot_origin,robot_origin
32.59474539599978,2026-09-13T15:36:31.336717+00:00,1789313791.2447379,0.0919790267944336,4.23003066676864,0.42686287885822916,0.29621058437966646,0.0362778188234058,control_pose,robot_origin,robot_origin
32.63570790899985,2026-09-13T15:36:31.377699+00:00,1789313791.3395452,0.038153648376464844,4.25801386411562,0.42293788529034915,0.3030887842178345,0.0436585184229494,control_pose,robot_origin,robot_origin
32.6536596699998,2026-09-13T15:36:31.395584+00:00,1789313791.316863,0.0787210464477539,4.251319618542551,0.42319764094180035,0.3020475176102166,0.042427560250969686,control_pose,robot_origin,robot_origin
32.6861476539998,2026-09-13T15:36:31.428150+00:00,1789313791.389681,0.03846883773803711,4.272740882583759,0.42511877298558143,0.30351245403289795,0.043228704414031066,control_pose,robot_origin,robot_origin
32.73666122399982,2026-09-13T15:36:31.478663+00:00,1789313791.3841424,0.09452056884765625,4.270860456982748,0.4248110626348707,0.30357216611494275,0.04351604980553106,control_pose,robot_origin,robot_origin
32.77307304399983,2026-09-13T15:36:31.515069+00:00,1789313791.4727352,0.04233384132385254,4.295629759154345,0.4282889545307895,0.30134379863739014,0.040144896055290535,control_pose,robot_origin,robot_origin
32.78314903699993,2026-09-13T15:36:31.525141+00:00,1789313791.4492543,0.07588672637939453,4.28958078937554,0.42776565711991865,0.30201448290785626,0.03993643844100382,control_pose,robot_origin,robot_origin
32.81729291800002,2026-09-13T15:36:31.559292+00:00,1789313791.5262077,0.03308439254760742,4.303852434436014,0.43177625535150854,0.3021315634250641,0.039188774522116485,control_pose,robot_origin,robot_origin
32.8630087509996,2026-09-13T15:36:31.605010+00:00,1789313791.5166578,0.08835220336914062,4.302573689042919,0.4311209163788352,0.30186022279724933,0.03941625558697166,control_pose,robot_origin,robot_origin
32.892628050999974,2026-09-13T15:36:31.634636+00:00,1789313791.5893192,0.04531669616699219,4.310376637093823,0.4343298310407353,0.3039122521877289,0.03860067999954686,control_pose,robot_origin,robot_origin
32.90517320299978,2026-09-13T15:36:31.647172+00:00,1789313791.6427362,0.00443577766418457,4.310512546246494,0.4351762131899548,0.3035114109516144,0.038404296028047284,control_pose,robot_origin,robot_origin
32.94957071199997,2026-09-13T15:36:31.691566+00:00,1789313791.5879414,0.10362458229064941,4.310305383065648,0.4342859412020157,0.3039015726522405,0.03861557827467932,control_pose,robot_origin,robot_origin
32.974571572999594,2026-09-13T15:36:31.716566+00:00,1789313791.6928651,0.023700952529907227,4.309582800842161,0.4351536702540775,0.3034978210926056,0.04037590054929006,control_pose,robot_origin,robot_origin
32.99433222599964,2026-09-13T15:36:31.736334+00:00,1789313791.6580393,0.07829475402832031,4.310410596110372,0.4351940613250125,0.30351146985301714,0.03893726053455515,control_pose,robot_origin,robot_origin
33.02582502699988,2026-09-13T15:36:31.767823+00:00,1789313791.746369,0.0214540958404541,4.307700683977403,0.43520765945194384,0.30398139357566833,0.04270352779658312,control_pose,robot_origin,robot_origin
33.057478790000005,2026-09-13T15:36:31.799470+00:00,1789313791.7245853,0.07488465309143066,4.308321541784956,0.43529149918859433,0.30370803812910807,0.04184680174950005,control_pose,robot_origin,robot_origin
33.08458953899981,2026-09-13T15:36:31.826587+00:00,1789313791.799827,0.026759862899780273,4.306196711560048,0.4349596706547656,0.30453625321388245,0.04438898872438286,control_pose,robot_origin,robot_origin
33.13617458199997,2026-09-13T15:36:31.878171+00:00,1789313791.8039532,0.0742177963256836,4.306099960412501,0.43497187269790616,0.30458112118942465,0.04446569133750277,control_pose,robot_origin,robot_origin
33.15472657700002,2026-09-13T15:36:31.896721+00:00,1789313791.8568304,0.03989052772521973,4.305502778946787,0.43529882687679655,0.3048379421234131,0.04462949283099411,control_pose,robot_origin,robot_origin
33.207691865000015,2026-09-13T15:36:31.949688+00:00,1789313791.8813293,0.0683586597442627,4.305344664896945,0.43551251615250375,0.30491219524040386,0.044302141882879405,control_pose,robot_origin,robot_origin
33.24107755799969,2026-09-13T15:36:31.983075+00:00,1789313791.9326632,0.05041170120239258,4.30499642710266,0.4360676364650762,0.30498838424682617,0.04347346607000192,control_pose,robot_origin,robot_origin
33.26553972299962,2026-09-13T15:36:32.007535+00:00,1789313791.9329696,0.07456541061401367,4.30499453172554,0.43606980282119023,0.30498858022910424,0.043471156368286856,control_pose,robot_origin,robot_origin
33.30433624999978,2026-09-13T15:36:32.046325+00:00,1789313791.9859824,0.06034255027770996,4.304781543850657,0.43667563512516483,0.30428963899612427,0.04300336246050123,control_pose,robot_origin,robot_origin
33.357990828999846,2026-09-13T15:36:32.099985+00:00,1789313792.0101755,0.08980941772460938,4.304705311417384,0.43677428705409493,0.3041612075198195,0.04305037986913565,control_pose,robot_origin,robot_origin
33.400413298999865,2026-09-13T15:36:32.142408+00:00,1789313792.0998693,0.04253864288330078,4.3044018149112215,0.4366805832943774,0.303928405046463,0.043498124188711615,control_pose,robot_origin,robot_origin
33.424563075999686,2026-09-13T15:36:32.166562+00:00,1789313792.0751617,0.0914003849029541,4.304487056408649,0.4367250104254916,0.30398567784108804,0.04336567097893583,control_pose,robot_origin,robot_origin
33.45185632399989,2026-09-13T15:36:32.193781+00:00,1789313792.1597123,0.03406858444213867,4.304274862281929,0.4364943483155421,0.3038974106311798,0.043726770976082546,control_pose,robot_origin,robot_origin
33.498359401000016,2026-09-13T15:36:32.240353+00:00,1789313792.1476977,0.09265542030334473,4.304300350790938,0.4365317390490966,0.3039036334359976,0.04368086531402884,control_pose,robot_origin,robot_origin
33.53341503899992,2026-09-13T15:36:32.275412+00:00,1789313792.2360075,0.03940463066101074,4.304276861986939,0.43656653695866887,0.3039005994796753,0.04428074447332976,control_pose,robot_origin,robot_origin
33.57059851799977,2026-09-13T15:36:32.312595+00:00,1789313792.2163408,0.09625411033630371,4.304292558546058,0.43652134026055456,0.30389604769659223,0.04411857198804359,control_pose,robot_origin,robot_origin
33.60870335499976,2026-09-13T15:36:32.350700+00:00,1789313792.3061037,0.044596195220947266,4.304686777369305,0.43672389387441757,0.3039426803588867,0.04391732830103426,control_pose,robot_origin,robot_origin
33.64537853799993,2026-09-13T15:36:32.387373+00:00,1789313792.2990286,0.08834433555603027,4.304669181867217,0.4367184917308342,0.303937596339936,0.04401569252006256,control_pose,robot_origin,robot_origin
33.68815627899994,2026-09-13T15:36:32.430089+00:00,1789313792.3659444,0.06414461135864258,4.306372070657529,0.4354846149347418,0.30439749360084534,0.04173405819017746,control_pose,robot_origin,robot_origin
33.701859815999796,2026-09-13T15:36:32.443858+00:00,1789313792.3539011,0.08995676040649414,4.3060109818601475,0.4354098378586566,0.3044625738964193,0.042218079269163614,control_pose,robot_origin,robot_origin
33.736385909999626,2026-09-13T15:36:32.478231+00:00,1789313792.4295833,0.04864764213562012,4.311053458428016,0.43592460625240115,0.30281370878219604,0.03774806782266304,control_pose,robot_origin,robot_origin
33.78150272599987,2026-09-13T15:36:32.523499+00:00,1789313792.4294202,0.09407877922058105,4.311041564494861,0.43592344575592135,0.3028176418565214,0.037758364985110676,control_pose,robot_origin,robot_origin
33.79449370799966,2026-09-13T15:36:32.536492+00:00,1789313792.4925175,0.04397463798522949,4.319910504398785,0.43691607166391244,0.302649587392807,0.032878227852887215,control_pose,robot_origin,robot_origin
33.81259859199963,2026-09-13T15:36:32.554588+00:00,1789313792.5429256,0.011662483215332031,4.328710854400072,0.43854752765575555,0.30357789993286133,0.031037644001007704,control_pose,robot_origin,robot_origin
33.83584787499967,2026-09-13T15:36:32.577845+00:00,1789313792.5009234,0.07692170143127441,4.321477398519739,0.4369646536805458,0.30276871386996507,0.032237474853490114,control_pose,robot_origin,robot_origin
33.872370767999655,2026-09-13T15:36:32.614350+00:00,1789313792.5931382,0.021211862564086914,4.339831454233705,0.4393393371374805,0.30481740832328796,0.033384696755413924,control_pose,robot_origin,robot_origin
33.90066217499998,2026-09-13T15:36:32.642655+00:00,1789313792.5668707,0.07578420639038086,4.334526855713129,0.4390228461377861,0.3042465213252311,0.03205997279113961,control_pose,robot_origin,robot_origin
33.92686180599958,2026-09-13T15:36:32.668859+00:00,1789313792.65163,0.017229080200195312,4.352509974744204,0.44010862709392096,0.3051888942718506,0.03655917565341651,control_pose,robot_origin,robot_origin
33.98952752999958,2026-09-13T15:36:32.731527+00:00,1789313792.6477373,0.08378982543945312,4.352104679974991,0.44009175996861205,0.3052059379475524,0.036532396288430004,control_pose,robot_origin,robot_origin
34.025746481999704,2026-09-13T15:36:32.767725+00:00,1789313792.7242649,0.04346013069152832,4.371363028404682,0.44271641526521965,0.3043645918369293,0.031428654137169824,control_pose,robot_origin,robot_origin
34.04896149199976,2026-09-13T15:36:32.790960+00:00,1789313792.7059295,0.08503055572509766,4.367093046195001,0.4421678028653546,0.3046132349308269,0.03271704219748396,control_pose,robot_origin,robot_origin
34.092975186999865,2026-09-13T15:36:32.834974+00:00,1789313792.796085,0.038889169692993164,4.401410786124712,0.4463032689905817,0.302529901266098,0.03035122242999661,control_pose,robot_origin,robot_origin
34.13722571799963,2026-09-13T15:36:32.879225+00:00,1789313792.7745445,0.10468053817749023,4.393266842518754,0.4457471299327771,0.3026732597053926,0.02930941196857728,control_pose,robot_origin,robot_origin
34.18908465300001,2026-09-13T15:36:32.931080+00:00,1789313792.8659656,0.06511449813842773,4.426231336933052,0.4492876553049452,0.3021460175514221,0.03795696036645231,control_pose,robot_origin,robot_origin
34.210720598999615,2026-09-13T15:36:32.952720+00:00,1789313792.844029,0.10869097709655762,4.41805323636523,0.4480522951499737,0.30257652900402,0.0365039322394118,control_pose,robot_origin,robot_origin
34.26059953499998,2026-09-13T15:36:33.002608+00:00,1789313792.9393117,0.06329631805419922,4.453084566297402,0.4454188058992876,0.30533596873283386,0.04462278587334957,control_pose,robot_origin,robot_origin
34.282045749999725,2026-09-13T15:36:33.024035+00:00,1789313792.9233513,0.10068368911743164,4.447241135770472,0.44626069170804317,0.30464181542039753,0.04317650099867776,control_pose,robot_origin,robot_origin
34.323025606999636,2026-09-13T15:36:33.065021+00:00,1789313793.0265915,0.03842949867248535,4.477796141893503,0.4433596787177789,0.30591127276420593,0.042637630168233784,control_pose,robot_origin,robot_origin
34.36433916399983,2026-09-13T15:36:33.106339+00:00,1789313792.9997041,0.10663485527038574,4.4701913425937425,0.4439325917306569,0.3060501623245075,0.04340234854458164,control_pose,robot_origin,robot_origin
34.40517543499982,2026-09-13T15:36:33.147168+00:00,1789313793.1141102,0.03305768966674805,4.509378082810394,0.44420727923755354,0.3017912209033966,0.036914701227879515,control_pose,robot_origin,robot_origin
34.42372883799999,2026-09-13T15:36:33.165682+00:00,1789313793.06166,0.10402202606201172,4.487798498462405,0.4436685988129083,0.30515467035979776,0.0407619287020645,control_pose,robot_origin,robot_origin
34.46994240599997,2026-09-13T15:36:33.211939+00:00,1789313793.1265538,0.08538532257080078,4.514352631371986,0.4453185024474169,0.300887676650835,0.036326449141963785,control_pose,robot_origin,robot_origin
34.50299234999966,2026-09-13T15:36:33.244992+00:00,1789313793.2093058,0.03568625450134277,4.539886201289078,0.4520153775460558,0.3006742596626282,0.029722817969403577,control_pose,robot_origin,robot_origin
34.55461342499984,2026-09-13T15:36:33.296609+00:00,1789313793.19612,0.10048890113830566,4.536187011632529,0.4509821959571103,0.3004246625735725,0.030898686650198962,control_pose,robot_origin,robot_origin
34.5838258699996,2026-09-13T15:36:33.325835+00:00,1789313793.2924864,0.03334856033325195,4.5535246126162345,0.45869077336386166,0.305307537317276,0.031879955193532004,control_pose,robot_origin,robot_origin
34.61666800199964,2026-09-13T15:36:33.358668+00:00,1789313793.2718158,0.0868523120880127,4.550738813641427,0.45808878033826805,0.3045726351280361,0.031486066195051655,control_pose,robot_origin,robot_origin
34.640595022999605,2026-09-13T15:36:33.382590+00:00,1789313793.3492036,0.0333864688873291,4.558194405448007,0.458984258915873,0.3050975203514099,0.03014962335008942,control_pose,robot_origin,robot_origin
34.68147695799962,2026-09-13T15:36:33.423474+00:00,1789313793.3340774,0.08939671516418457,4.556832421211247,0.4589915582111097,0.30506126024885943,0.030484057405328648,control_pose,robot_origin,robot_origin
34.730801549999796,2026-09-13T15:36:33.472793+00:00,1789313793.4261127,0.046680450439453125,4.557773927442859,0.45820761451416403,0.3050040602684021,0.03653166625226542,control_pose,robot_origin,robot_origin
34.76505944799965,2026-09-13T15:36:33.507030+00:00,1789313793.409045,0.09798502922058105,4.558328865258334,0.45855143147807254,0.30515017031963326,0.03440825594070409,control_pose,robot_origin,robot_origin
34.796295603999624,2026-09-13T15:36:33.538303+00:00,1789313793.4891722,0.04913067817687988,4.554587402961161,0.45873037915131043,0.3050624132156372,0.041471626930624686,control_pose,robot_origin,robot_origin
34.809767521999674,2026-09-13T15:36:33.551759+00:00,1789313793.474571,0.07718801498413086,4.55540267119037,0.45845990018222205,0.30506730482713723,0.040517730200763456,control_pose,robot_origin,robot_origin
34.822798023999894,2026-09-13T15:36:33.564796+00:00,1789313793.5425518,0.02224421501159668,4.552357652698093,0.4600251787082774,0.30521664023399353,0.04456906561032648,control_pose,robot_origin,robot_origin
34.88248667799962,2026-09-13T15:36:33.624478+00:00,1789313793.5499115,0.07456660270690918,4.5522333553134535,0.4601089502271847,0.30523610494560044,0.04486014314745805,control_pose,robot_origin,robot_origin
34.913141992999954,2026-09-13T15:36:33.655135+00:00,1789313793.5992076,0.055927276611328125,4.551115896491455,0.4608320664237726,0.3053891062736511,0.048426140762669476,control_pose,robot_origin,robot_origin
34.95510695299981,2026-09-13T15:36:33.697103+00:00,1789313793.6115777,0.0855252742767334,4.550938340901729,0.4609447070017776,0.305427007698809,0.049230948259822514,control_pose,robot_origin,robot_origin
34.99104423699964,2026-09-13T15:36:33.733037+00:00,1789313793.6724458,0.06059122085571289,4.550477036845038,0.46093857642479064,0.3055341839790344,0.05104762162363876,control_pose,robot_origin,robot_origin
35.02678471799982,2026-09-13T15:36:33.768777+00:00,1789313793.6841874,0.08458948135375977,4.5504397112438255,0.4609131144622636,0.30554282544311967,0.051000308775396866,control_pose,robot_origin,robot_origin
35.068328710999594,2026-09-13T15:36:33.810326+00:00,1789313793.7726705,0.03765559196472168,4.550159065380232,0.46076028713735684,0.30557936429977417,0.05066713991848362,control_pose,robot_origin,robot_origin
35.12208450599974,2026-09-13T15:36:33.864077+00:00,1789313793.758938,0.10513901710510254,4.550202279132883,0.46078034055911155,0.3055742788170542,0.05071029570424972,control_pose,robot_origin,robot_origin
35.167144296999595,2026-09-13T15:36:33.909141+00:00,1789313793.8501015,0.05903959274291992,4.549735864783022,0.4609596096088511,0.3055868446826935,0.0515792359258707,control_pose,robot_origin,robot_origin
35.18991200399978,2026-09-13T15:36:33.931906+00:00,1789313793.8278034,0.10410261154174805,4.549850729488199,0.4608917120560716,0.3055850075099439,0.0513175700577379,control_pose,robot_origin,robot_origin
35.22437304099958,2026-09-13T15:36:33.966368+00:00,1789313793.909164,0.05720400810241699,4.549420032069351,0.4611181950986971,0.30559033155441284,0.052209074488099735,control_pose,robot_origin,robot_origin
35.240455973999815,2026-09-13T15:36:33.982449+00:00,1789313793.8975239,0.08492517471313477,4.5494822774941355,0.46108694051121235,0.30558964434944025,0.05208494442364603,control_pose,robot_origin,robot_origin
35.26598865199958,2026-09-13T15:36:34.007987+00:00,1789313793.962464,0.04552292823791504,4.549205161840992,0.4610911950935912,0.3055943250656128,0.05277540044056002,control_pose,robot_origin,robot_origin
35.27896046499973,2026-09-13T15:36:34.020956+00:00,1789313794.0170362,0.003919839859008789,4.549040853810971,0.46103536421849234,0.3055955171585083,0.052970402415567434,control_pose,robot_origin,robot_origin
35.3288789219996,2026-09-13T15:36:34.070874+00:00,1789313793.9717257,0.09914827346801758,4.549167757051551,0.4610902042330707,0.3055947232572441,0.05284679406544956,control_pose,robot_origin,robot_origin
35.38035605799996,2026-09-13T15:36:34.122360+00:00,1789313794.0724027,0.049957275390625,4.548854122547087,0.4610912436465948,0.305598646402359,0.0533415733089567,control_pose,robot_origin,robot_origin
