t_s,utc,source_stamp_s,receipt_age_s,x_m,y_m,z_m,yaw_rad,source,frame,raw_frame
0.026064007000059064,2026-09-13T11:45:28.095967+00:00,1789299928.0174491,0.07851791381835938,1.3061367406800998e-05,7.053602331848364e-05,0.30975290232701935,-0.0022728491874864218,control_pose,robot_origin,robot_origin
0.05082481299996289,2026-09-13T11:45:28.120740+00:00,1789299928.0999217,0.020818233489990234,2.552572987309814e-05,-2.162805700142537e-05,0.30974993109703064,-0.0024666793849651724,control_pose,robot_origin,robot_origin
0.0932537440003216,2026-09-13T11:45:28.163158+00:00,1789299928.0832958,0.07986211776733398,1.9126376526554167e-05,-1.5768645159366664e-05,0.3097484320896078,-0.0024693123381092858,control_pose,robot_origin,robot_origin
0.12173332899965317,2026-09-13T11:45:28.191637+00:00,1789299928.1539664,0.03767061233520508,3.490937754074292e-05,-1.3290151614258677e-05,0.3097495138645172,-0.002239528008976357,control_pose,robot_origin,robot_origin
0.14535052399969572,2026-09-13T11:45:28.215143+00:00,1789299928.2046561,0.010486841201782227,7.137703918261863e-05,2.9026885586110334e-05,0.3097430467605591,-0.002254001072030377,control_pose,robot_origin,robot_origin
0.16963623399988137,2026-09-13T11:45:28.239541+00:00,1789299928.1569972,0.08254384994506836,3.658663639662232e-05,-3.5343856785000763e-06,0.3097469516761877,-0.002233280729676027,control_pose,robot_origin,robot_origin
0.2022527640001499,2026-09-13T11:45:28.272158+00:00,1789299928.2553787,0.016779184341430664,0.0001014856210021549,3.857617815997106e-05,0.3097480535507202,-0.0023835049723357183,control_pose,robot_origin,robot_origin
0.25139589100035664,2026-09-13T11:45:28.321298+00:00,1789299928.2288647,0.09243321418762207,8.702688795282142e-05,3.1883727550253326e-05,0.3097502348195666,-0.00233846336958735,control_pose,robot_origin,robot_origin
0.27469793500040396,2026-09-13T11:45:28.344600+00:00,1789299928.3066084,0.03799152374267578,0.00010745717367325274,1.064055769582566e-05,0.3097464144229889,-0.0022069353899393344,control_pose,robot_origin,robot_origin
0.3140567589998682,2026-09-13T11:45:28.383963+00:00,1789299928.3000774,0.08388566970825195,0.00010960326427553811,1.5620896193790287e-05,0.30974598469225745,-0.002239155250104653,control_pose,robot_origin,robot_origin
0.3427519070000926,2026-09-13T11:45:28.412652+00:00,1789299928.3648105,0.047841548919677734,4.8543868298539975e-05,6.598426666162243e-06,0.3097453713417053,-0.0022263278902706963,control_pose,robot_origin,robot_origin
0.35705375100042147,2026-09-13T11:45:28.426955+00:00,1789299928.4180398,0.008915185928344727,-2.046133344963026e-06,3.420255369006258e-05,0.30975499749183655,-0.0022322959113595096,control_pose,robot_origin,robot_origin
0.3757477850003852,2026-09-13T11:45:28.445653+00:00,1789299928.3722317,0.07342123985290527,2.734542846588705e-05,7.228947084267486e-06,0.3097469069350297,-0.00224230805133746,control_pose,robot_origin,robot_origin
0.4140767330000017,2026-09-13T11:45:28.483978+00:00,1789299928.4688885,0.01508951187133789,-5.9452251029520256e-05,6.511236463239002e-05,0.30974939465522766,-0.002212058900570544,control_pose,robot_origin,robot_origin
0.45391330900019966,2026-09-13T11:45:28.523825+00:00,1789299928.4377046,0.0861203670501709,-3.2650206777680964e-05,5.1590459972603055e-05,0.30975102641478314,-0.002166341385179397,control_pose,robot_origin,robot_origin
0.4868040609999298,2026-09-13T11:45:28.556708+00:00,1789299928.5217285,0.03497958183288574,-5.4478792668171284e-05,1.6953669342004435e-05,0.3097415566444397,-0.0024317446354368906,control_pose,robot_origin,robot_origin
0.5145761229996424,2026-09-13T11:45:28.584459+00:00,1789299928.5103338,0.07412528991699219,-5.724503644727877e-05,2.0928299184008616e-05,0.3097439181892736,-0.0023700190758104596,control_pose,robot_origin,robot_origin
0.5457079380003051,2026-09-13T11:45:28.615619+00:00,1789299928.5745654,0.04105353355407715,-7.267690820465792e-05,-2.2446197227925376e-05,0.3097372353076935,-0.002405742745255791,control_pose,robot_origin,robot_origin
0.5685866639996675,2026-09-13T11:45:28.638485+00:00,1789299928.6280184,0.010466575622558594,-0.00014547494999682292,-1.3359742120577453e-07,0.30974850058555603,-0.0023881470504808168,control_pose,robot_origin,robot_origin
0.5965656799999124,2026-09-13T11:45:28.666468+00:00,1789299928.5805042,0.08596372604370117,-8.926576306463345e-05,-2.3914640416025157e-05,0.30973736847764616,-0.0023987529621108394,control_pose,robot_origin,robot_origin
0.633308403999763,2026-09-13T11:45:28.703183+00:00,1789299928.6786494,0.024533510208129883,-0.00011051558303527939,7.603550187507702e-05,0.30976319313049316,-0.0024066521335039896,control_pose,robot_origin,robot_origin
0.6601523540002745,2026-09-13T11:45:28.730010+00:00,1789299928.6497967,0.08021330833435059,-0.00015566562588702294,2.3963341172483037e-05,0.30976021416648614,-0.002389235891540554,control_pose,robot_origin,robot_origin
0.6952378100004353,2026-09-13T11:45:28.765138+00:00,1789299928.7316308,0.03350710868835449,-8.20951672049413e-05,6.647197020555039e-05,0.3097645938396454,-0.002368766615498815,control_pose,robot_origin,robot_origin
0.7262616520001757,2026-09-13T11:45:28.796172+00:00,1789299928.7134488,0.08272314071655273,-7.912349069572851e-05,7.536828063736196e-05,0.3097528152489836,-0.0024081885040731126,control_pose,robot_origin,robot_origin
0.7649531779998142,2026-09-13T11:45:28.834862+00:00,1789299928.7846003,0.050261735916137695,-0.00012640761051587487,-5.3987461902654116e-06,0.3097856044769287,-0.002416583292002802,control_pose,robot_origin,robot_origin
0.7943121039998005,2026-09-13T11:45:28.864217+00:00,1789299928.7864304,0.07778668403625488,-0.00012455525031153513,-4.905115243484763e-06,0.30978650410702285,-0.0024182234755449903,control_pose,robot_origin,robot_origin
0.81117036500018,2026-09-13T11:45:28.881074+00:00,1789299928.8411875,0.039886474609375,-0.00012427062849946355,7.389668030891773e-07,0.30978289246559143,-0.0024607370204087,control_pose,robot_origin,robot_origin
0.8338162469999588,2026-09-13T11:45:28.903721+00:00,1789299928.8946016,0.009119510650634766,-9.819326620074245e-05,7.138749266377719e-05,0.309764564037323,-0.002392158293104559,control_pose,robot_origin,robot_origin
0.8698878650002371,2026-09-13T11:45:28.939790+00:00,1789299928.8580902,0.08169984817504883,-0.00010342850565512445,2.3775980873624136e-05,0.3097761264347486,-0.0024272588873862876,control_pose,robot_origin,robot_origin
0.9070532980003918,2026-09-13T11:45:28.976955+00:00,1789299928.9449484,0.03200650215148926,-8.705305046660291e-05,7.086543272664687e-05,0.30976322293281555,-0.002447278363028004,control_pose,robot_origin,robot_origin
0.9358367380000345,2026-09-13T11:45:29.005736+00:00,1789299928.930559,0.07517719268798828,-8.835369056144555e-05,8.317568351467333e-05,0.30975952679797,-0.002404997172652205,control_pose,robot_origin,robot_origin
0.965551362000042,2026-09-13T11:45:29.035456+00:00,1789299929.001356,0.03410005569458008,-9.664358416070595e-05,1.977919609904634e-05,0.3097824156284332,-0.002360370336682432,control_pose,robot_origin,robot_origin
1.0177766599999813,2026-09-13T11:45:29.087683+00:00,1789299928.9979541,0.08972883224487305,-8.91788583028545e-05,2.170689594975876e-05,0.30978018611762687,-0.002374252481028177,control_pose,robot_origin,robot_origin
1.0411459070001001,2026-09-13T11:45:29.111052+00:00,1789299929.061282,0.04977011680603027,-0.00010304309059203509,3.491473478940435e-05,0.30977681279182434,-0.0022649414737991496,control_pose,robot_origin,robot_origin
1.0570845049996933,2026-09-13T11:45:29.126980+00:00,1789299929.1114707,0.015509366989135742,-0.00012148433858685189,8.746386410928055e-05,0.30978038907051086,-0.002284940439751607,control_pose,robot_origin,robot_origin
1.0819009610004287,2026-09-13T11:45:29.151812+00:00,1789299929.0678673,0.08394479751586914,-0.00010349972580599765,2.9448029407566416e-05,0.3097801781833711,-0.002267981396058376,control_pose,robot_origin,robot_origin
1.1137726529996144,2026-09-13T11:45:29.183678+00:00,1789299929.164697,0.018980979919433594,-9.145646374583301e-05,9.386867040091999e-05,0.3097763657569885,-0.0023590511410637163,control_pose,robot_origin,robot_origin
1.1495060770002965,2026-09-13T11:45:29.219363+00:00,1789299929.1373866,0.08197641372680664,-0.00010827161664647202,0.00011274323219210302,0.309783042947818,-0.0022774943514881833,control_pose,robot_origin,robot_origin
1.180816269999923,2026-09-13T11:45:29.250724+00:00,1789299929.2147617,0.03596234321594238,-8.219293814291734e-05,4.55829180862617e-05,0.3097861111164093,-0.0023689024642755485,control_pose,robot_origin,robot_origin
1.225851860000148,2026-09-13T11:45:29.295755+00:00,1789299929.2103295,0.08542537689208984,-7.895242014212709e-05,4.5576374129854605e-05,0.30978248066682995,-0.0023738582783908824,control_pose,robot_origin,robot_origin
1.2590859259998979,2026-09-13T11:45:29.328991+00:00,1789299929.287954,0.04103684425354004,-9.508659798454711e-05,7.903348764444812e-05,0.3097784221172333,-0.0021688854926313287,control_pose,robot_origin,robot_origin
1.2892495639998742,2026-09-13T11:45:29.359154+00:00,1789299929.285245,0.07390904426574707,-9.33274656916426e-05,7.492646135410805e-05,0.30977860013743946,-0.0021843844181720358,control_pose,robot_origin,robot_origin
1.332918332999725,2026-09-13T11:45:29.402834+00:00,1789299929.3419473,0.06088662147521973,-0.00010383011869820788,0.00014423403501697158,0.3097646236419678,-0.0022098469737644425,control_pose,robot_origin,robot_origin
1.361694604999684,2026-09-13T11:45:29.431599+00:00,1789299929.353934,0.07766485214233398,-0.0001132007289247486,0.00015077151947908723,0.309765866153867,-0.0022343334909739293,control_pose,robot_origin,robot_origin
1.400180585000271,2026-09-13T11:45:29.470084+00:00,1789299929.427872,0.04221200942993164,-0.00010871311025770316,0.00010241919431651321,0.30975911021232605,-0.0022097530696807556,control_pose,robot_origin,robot_origin
1.4272091840002759,2026-09-13T11:45:29.497112+00:00,1789299929.4169636,0.08014845848083496,-0.00011186791677626114,0.00011179930818696319,0.30976126212584393,-0.0022086931176311707,control_pose,robot_origin,robot_origin
1.4635828640002728,2026-09-13T11:45:29.533484+00:00,1789299929.4846795,0.048804521560668945,-0.00014077683051129215,6.846166920017835e-05,0.30976250767707825,-0.0022204071620982426,control_pose,robot_origin,robot_origin
1.492616524999903,2026-09-13T11:45:29.562519+00:00,1789299929.485738,0.07678103446960449,-0.0001395902967996367,6.871420695413922e-05,0.3097626747975037,-0.0022205589715618332,control_pose,robot_origin,robot_origin
1.517844234000222,2026-09-13T11:45:29.587749+00:00,1789299929.5348685,0.05288052558898926,-0.00015155932059652752,8.204095345124731e-05,0.30976542830467224,-0.002268666266539689,control_pose,robot_origin,robot_origin
1.558903623000333,2026-09-13T11:45:29.628807+00:00,1789299929.555772,0.07303500175476074,-0.00016915658086611446,0.00010733450516119908,0.30976560465595854,-0.002282880504204383,control_pose,robot_origin,robot_origin
1.590315293000458,2026-09-13T11:45:29.660217+00:00,1789299929.6212044,0.03901267051696777,-0.000181745389968178,0.0001259941695604896,0.30977529287338257,-0.0023855656102096936,control_pose,robot_origin,robot_origin
1.6303985049999028,2026-09-13T11:45:29.700302+00:00,1789299929.6250198,0.07528209686279297,-0.00018903239866902626,0.00011637399063047723,0.30977618116232614,-0.002380114227322091,control_pose,robot_origin,robot_origin
1.6520625129996915,2026-09-13T11:45:29.721970+00:00,1789299929.6717992,0.0501708984375,-0.00016450373967487523,6.104212458797357e-05,0.30977603793144226,-0.0022880602791362863,control_pose,robot_origin,robot_origin
1.6954642290002084,2026-09-13T11:45:29.765364+00:00,1789299929.6954353,0.06992864608764648,-0.00019061464325273136,3.4873727924905075e-05,0.30978225112105123,-0.0023144991647294087,control_pose,robot_origin,robot_origin
1.7118065920003573,2026-09-13T11:45:29.781711+00:00,1789299929.7380795,0.043631553649902344,-0.0002296377363901644,6.237491907135484e-05,0.30980241298675537,-0.002184907909718094,control_pose,robot_origin,robot_origin
1.730065435999677,2026-09-13T11:45:29.799971+00:00,1789299929.7945263,0.005444765090942383,-0.0002472371123323713,0.00011426973972993224,0.30980971455574036,-0.0022175512234343573,control_pose,robot_origin,robot_origin
1.7737215320003088,2026-09-13T11:45:29.843618+00:00,1789299929.7707598,0.07285809516906738,-0.00022615456285735526,9.33823518972862e-05,0.309803323441525,-0.002205295965710755,control_pose,robot_origin,robot_origin
1.8161036130004504,2026-09-13T11:45:29.886017+00:00,1789299929.8482888,0.037728309631347656,-0.00019244284665831618,0.00013056093099119955,0.3097918927669525,-0.0022365507949727976,control_pose,robot_origin,robot_origin
1.8782021150000219,2026-09-13T11:45:29.948107+00:00,1789299929.8430946,0.10501241683959961,-0.00019098095870274877,0.00013128277603570326,0.309791047809762,-0.0022295898926267986,control_pose,robot_origin,robot_origin
1.9226180900004692,2026-09-13T11:45:29.992534+00:00,1789299929.927839,0.06469488143920898,-0.00017035718725007186,5.272885438928022e-05,0.30979275703430176,-0.00225614000614452,control_pose,robot_origin,robot_origin
1.938779772000089,2026-09-13T11:45:30.008686+00:00,1789299929.9128716,0.09581446647644043,-0.0001729892978722284,6.788944075049671e-05,0.30978794333531784,-0.0022405184418509898,control_pose,robot_origin,robot_origin
1.9724384020000798,2026-09-13T11:45:30.042336+00:00,1789299929.9945474,0.04778861999511719,-0.00018570623513820405,8.788520739121179e-05,0.30979764461517334,-0.002171213344112154,control_pose,robot_origin,robot_origin
1.986290623000059,2026-09-13T11:45:30.056189+00:00,1789299929.976581,0.07960796356201172,-0.00018157231926125785,7.841664576398821e-05,0.3097963282567704,-0.002194086422122552,control_pose,robot_origin,robot_origin
2.016781829000138,2026-09-13T11:45:30.086686+00:00,1789299930.0477672,0.03891873359680176,-0.00014204560010602004,0.00011904139560430425,0.30979612469673157,-0.002263674878191392,control_pose,robot_origin,robot_origin
2.053918108000289,2026-09-13T11:45:30.123820+00:00,1789299930.0518932,0.07192683219909668,-0.00014173907402296277,0.00012106682602617743,0.3097940624635208,-0.002250343040463687,control_pose,robot_origin,robot_origin
2.070346843000152,2026-09-13T11:45:30.140256+00:00,1789299930.1040242,0.03623175621032715,-0.0001372549460777443,5.900617101498898e-05,0.3097701072692871,-0.002203672549638029,control_pose,robot_origin,robot_origin
2.093512911000289,2026-09-13T11:45:30.163419+00:00,1789299930.1559966,0.007422447204589844,-0.00020778891075017779,-6.900576631759518e-06,0.3097832202911377,-0.0020987050421735925,control_pose,robot_origin,robot_origin
2.132948473000397,2026-09-13T11:45:30.202849+00:00,1789299930.130027,0.07282185554504395,-0.00018261413417453663,2.160755704009449e-05,0.3097764319685031,-0.002099248971991432,control_pose,robot_origin,robot_origin
2.1506791940000767,2026-09-13T11:45:30.220585+00:00,1789299930.2111337,0.00945138931274414,-0.00022991614845292377,2.353083310184633e-05,0.3097870349884033,-0.0021784846185935436,control_pose,robot_origin,robot_origin
2.219266408000294,2026-09-13T11:45:30.289171+00:00,1789299930.192763,0.09640789031982422,-0.00019533881761279022,1.1030223501980626e-05,0.3097755712129897,-0.0021996742709756226,control_pose,robot_origin,robot_origin
2.2454153460003,2026-09-13T11:45:30.315310+00:00,1789299930.2711375,0.04417252540588379,-0.0001917179727114309,9.735150892483489e-05,0.30978235602378845,-0.0020473149948410903,control_pose,robot_origin,robot_origin
2.2752951940001367,2026-09-13T11:45:30.345142+00:00,1789299930.2561216,0.0890202522277832,-0.00021609498379471936,8.024825755426324e-05,0.30978334348134623,-0.002056014948071414,control_pose,robot_origin,robot_origin
2.316823213999669,2026-09-13T11:45:30.386727+00:00,1789299930.327757,0.05897021293640137,-0.00012139272009948626,9.279427830361636e-05,0.3097742199897766,-0.002129422951153332,control_pose,robot_origin,robot_origin
2.3466430270000274,2026-09-13T11:45:30.416545+00:00,1789299930.3278592,0.08868575096130371,-0.00012141393579538037,9.253409474662333e-05,0.30977429075012763,-0.002129369329170535,control_pose,robot_origin,robot_origin
2.3828996450001796,2026-09-13T11:45:30.452815+00:00,1789299930.4011235,0.051691532135009766,-0.00013082323322892713,1.906566630266727e-05,0.3097948729991913,-0.0021515625289229936,control_pose,robot_origin,robot_origin
2.4112103249999564,2026-09-13T11:45:30.481113+00:00,1789299930.395272,0.08584094047546387,-0.00012604723966159142,2.3101869466303955e-05,0.30979356422996684,-0.00215753141195844,control_pose,robot_origin,robot_origin
2.4407022169998527,2026-09-13T11:45:30.510607+00:00,1789299930.4678288,0.04277825355529785,-0.00017805007307857053,5.6209567783952724e-05,0.309786856174469,-0.0021996380111907895,control_pose,robot_origin,robot_origin
2.4780426340003032,2026-09-13T11:45:30.547943+00:00,1789299930.4688215,0.07912158966064453,-0.0001772594281606308,5.83436356678619e-05,0.30978701367371764,-0.002198839198741867,control_pose,robot_origin,robot_origin
2.5119349079996027,2026-09-13T11:45:30.581841+00:00,1789299930.5445027,0.0373382568359375,-0.00017571548144531589,6.546842979602923e-05,0.3097936511039734,-0.0022597235987791083,control_pose,robot_origin,robot_origin
2.5343458340003053,2026-09-13T11:45:30.604230+00:00,1789299930.5343883,0.06984162330627441,-0.00017686812596397403,7.104978407864453e-05,0.3097931317995942,-0.002249439934701908,control_pose,robot_origin,robot_origin
2.547482177999882,2026-09-13T11:45:30.617389+00:00,1789299930.5977092,0.019679784774780273,-0.00016839089560031023,1.2950412596480266e-05,0.30979952216148376,-0.0021707793758315077,control_pose,robot_origin,robot_origin
2.614079595000476,2026-09-13T11:45:30.683982+00:00,1789299930.6097662,0.07421565055847168,-0.00017404333209141315,1.0799181442853444e-05,0.309802706146413,-0.002145652642948462,control_pose,robot_origin,robot_origin
2.6564957880000293,2026-09-13T11:45:30.726410+00:00,1789299930.6855974,0.04081249237060547,-0.0002529232799021187,3.0068728014938516e-05,0.3098025619983673,-0.0022730461867206523,control_pose,robot_origin,robot_origin
2.709470947999762,2026-09-13T11:45:30.779382+00:00,1789299930.6726165,0.1067655086517334,-0.0002416768197897837,1.8015272674476226e-05,0.30980424320475836,-0.002228974236533365,control_pose,robot_origin,robot_origin
2.7366865650001273,2026-09-13T11:45:30.806590+00:00,1789299930.7711797,0.035410404205322266,-0.0002170096556010165,5.256028915187288e-05,0.30979153513908386,-0.0022587531388036865,control_pose,robot_origin,robot_origin
2.8033731380000972,2026-09-13T11:45:30.873274+00:00,1789299930.7470977,0.1261763572692871,-0.00023304204666660684,5.0852238124944134e-05,0.3097931429659153,-0.0022647538559525545,control_pose,robot_origin,robot_origin
2.8203435960003844,2026-09-13T11:45:30.890254+00:00,1789299930.8445725,0.04568147659301758,-0.00022932870223708692,-1.7674210256022093e-05,0.3098076581954956,-0.002399282473727145,control_pose,robot_origin,robot_origin
2.8399602689996755,2026-09-13T11:45:30.909864+00:00,1789299930.8170183,0.09284567832946777,-0.00021811853262039866,7.575290462813254e-06,0.30980329268078666,-0.0023616046472567393,control_pose,robot_origin,robot_origin
2.8757816650004315,2026-09-13T11:45:30.945685+00:00,1789299930.901161,0.04452395439147949,-0.00025366262195851473,3.8239378782687654e-05,0.3098013997077942,-0.0022894629180804566,control_pose,robot_origin,robot_origin
2.9128765650002606,2026-09-13T11:45:30.982776+00:00,1789299930.8973188,0.08545708656311035,-0.00026064938406275795,3.119526932033803e-05,0.30980318496555,-0.002303662979485625,control_pose,robot_origin,robot_origin
2.9444687229997726,2026-09-13T11:45:31.014372+00:00,1789299930.9678519,0.046520233154296875,-0.0002699818841554875,4.052470003899564e-05,0.30980008840560913,-0.0024893706224191547,control_pose,robot_origin,robot_origin
2.978823260000354,2026-09-13T11:45:31.048722+00:00,1789299930.9602683,0.08845376968383789,-0.0002667024443141133,4.3542982170603e-05,0.30979964580094776,-0.0024459221252645913,control_pose,robot_origin,robot_origin
3.008700035000402,2026-09-13T11:45:31.078604+00:00,1789299931.041389,0.03721499443054199,-0.000314989253671507,-4.94415064296943e-05,0.309827595949173,-0.0024783172351618443,control_pose,robot_origin,robot_origin
3.0426298789998327,2026-09-13T11:45:31.112422+00:00,1789299931.0301085,0.08231353759765625,-0.00030797588682888256,-3.55833728357762e-05,0.30982479039206806,-0.0025100405119225337,control_pose,robot_origin,robot_origin
3.0567695700001423,2026-09-13T11:45:31.126602+00:00,1789299931.0945573,0.03204464912414551,-0.0002986852293999621,-4.175574649553649e-05,0.3098403811454773,-0.0024689824513389456,control_pose,robot_origin,robot_origin
3.0971586850000676,2026-09-13T11:45:31.167058+00:00,1789299931.1480718,0.018986225128173828,-0.0003602587918788077,6.032123042775132e-06,0.3098268508911133,-0.0025718447090613775,control_pose,robot_origin,robot_origin
3.11948259699966,2026-09-13T11:45:31.189386+00:00,1789299931.1051137,0.08427214622497559,-0.000302908032837109,-3.4475613035210083e-05,0.30983984203468823,-0.002494318255953988,control_pose,robot_origin,robot_origin
3.166741594999621,2026-09-13T11:45:31.236639+00:00,1789299931.2045321,0.032106876373291016,-0.0003682761407206092,3.4376145618159814e-05,0.30980753898620605,-0.002502582861041588,control_pose,robot_origin,robot_origin
3.1827594930000487,2026-09-13T11:45:31.252661+00:00,1789299931.16741,0.0852510929107666,-0.0003551080468420691,4.087608822641232e-05,0.3098162155894769,-0.002555263011763528,control_pose,robot_origin,robot_origin
3.2118599730001733,2026-09-13T11:45:31.281771+00:00,1789299931.2579086,0.023862361907958984,-0.00038893017241265496,-3.46806872663321e-05,0.3098253905773163,-0.002586485862647836,control_pose,robot_origin,robot_origin
3.2419417500004784,2026-09-13T11:45:31.311841+00:00,1789299931.235348,0.0764930248260498,-0.0003844230767778939,4.786459134399192e-06,0.30981500099468656,-0.002498214487296506,control_pose,robot_origin,robot_origin
3.280013339999641,2026-09-13T11:45:31.349917+00:00,1789299931.3111572,0.038759708404541016,-0.0003649590745726284,-5.648463902731882e-05,0.3098301291465759,-0.0025421193533851716,control_pose,robot_origin,robot_origin
3.3067602279998027,2026-09-13T11:45:31.376663+00:00,1789299931.3644292,0.012233734130859375,-0.0003328020052650419,-2.2059503357680285e-05,0.30982324481010437,-0.002487946454401343,control_pose,robot_origin,robot_origin
3.3298297150004146,2026-09-13T11:45:31.399732+00:00,1789299931.3082798,0.09145236015319824,-0.0003719317659679499,-5.8837584093033874e-05,0.3098291365950906,-0.002555521175325959,control_pose,robot_origin,robot_origin
3.356845737000185,2026-09-13T11:45:31.426748+00:00,1789299931.41464,0.012108087539672852,-0.00032832514444808145,1.132711139321973e-05,0.30982303619384766,-0.002562237335484804,control_pose,robot_origin,robot_origin
3.403763149999577,2026-09-13T11:45:31.473665+00:00,1789299931.375001,0.0986640453338623,-0.0003379565901387379,-1.7063441269373088e-05,0.3098303411549981,-0.0025032804117381393,control_pose,robot_origin,robot_origin
3.433250369000234,2026-09-13T11:45:31.503154+00:00,1789299931.4729068,0.030247211456298828,-0.0003269110641050628,-2.05611594354817e-05,0.309817373752594,-0.0027158640634053735,control_pose,robot_origin,robot_origin
3.4684534930001973,2026-09-13T11:45:31.538359+00:00,1789299931.4495778,0.08878111839294434,-0.0003163861227876059,-9.021314440480076e-07,0.3098166739287477,-0.0027090682555911765,control_pose,robot_origin,robot_origin
3.5041379220001545,2026-09-13T11:45:31.574027+00:00,1789299931.530957,0.043070077896118164,-0.0002882805574146954,-7.762691452580521e-05,0.3098181188106537,-0.0026949606869735654,control_pose,robot_origin,robot_origin
3.535445233000246,2026-09-13T11:45:31.605354+00:00,1789299931.5188956,0.08645844459533691,-0.0003007837821437678,-7.192775962212127e-05,0.30981538383701784,-0.002700613711662613,control_pose,robot_origin,robot_origin
3.5655757490003452,2026-09-13T11:45:31.635482+00:00,1789299931.5900347,0.045447349548339844,-0.00023700591749849955,-2.5380278962073423e-05,0.3098125457763672,-0.0026149491675365698,control_pose,robot_origin,robot_origin
3.5954549560001396,2026-09-13T11:45:31.665355+00:00,1789299931.587356,0.07799887657165527,-0.00023998727214437671,-2.8528957745284578e-05,0.30981371624705145,-0.002617358836835036,control_pose,robot_origin,robot_origin
3.6282240689997707,2026-09-13T11:45:31.698128+00:00,1789299931.6577504,0.04037761688232422,-0.00012599177072206708,4.144096107074684e-05,0.309787780046463,-0.0027924918117059223,control_pose,robot_origin,robot_origin
3.6676923690001786,2026-09-13T11:45:31.737597+00:00,1789299931.6531668,0.08443021774291992,-0.0001331121697209394,3.938506453308985e-05,0.3097889988257489,-0.0027802793444451266,control_pose,robot_origin,robot_origin
3.700622706000104,2026-09-13T11:45:31.770526+00:00,1789299931.7311046,0.03942131996154785,-0.00010922960324163085,-5.575071160793539e-05,0.3097873628139496,-0.0027831330809777247,control_pose,robot_origin,robot_origin
3.7493141920003836,2026-09-13T11:45:31.819215+00:00,1789299931.724739,0.09447598457336426,-0.0001078351962680863,-5.0863703829899314e-05,0.3097858397637889,-0.0027917686998045737,control_pose,robot_origin,robot_origin
3.775481755999863,2026-09-13T11:45:31.845380+00:00,1789299931.8044488,0.04093122482299805,-0.0001812529726009073,-4.2345184294169554e-05,0.3097763955593109,-0.002829638234190057,control_pose,robot_origin,robot_origin
3.806274352999935,2026-09-13T11:45:31.876180+00:00,1789299931.798532,0.07764792442321777,-0.00017565995320770504,-4.453742044039614e-05,0.30977738781312264,-0.0028201492310484105,control_pose,robot_origin,robot_origin
3.8376420829999915,2026-09-13T11:45:31.907546+00:00,1789299931.8711936,0.03635239601135254,-0.00023813855728715296,3.684217146433032e-05,0.3097813129425049,-0.002769679914618604,control_pose,robot_origin,robot_origin
3.85622292700009,2026-09-13T11:45:31.926128+00:00,1789299931.921358,0.004769802093505859,-0.0002294625733674728,-2.816988161024796e-06,0.3098009526729584,-0.0029640380371958514,control_pose,robot_origin,robot_origin
3.9042855819998294,2026-09-13T11:45:31.974184+00:00,1789299931.8756876,0.0984964370727539,-0.00023489633553295635,3.872420238747968e-05,0.3097830078380338,-0.0027758468326677444,control_pose,robot_origin,robot_origin
3.9390092249996087,2026-09-13T11:45:32.008925+00:00,1789299931.974444,0.034481048583984375,-0.00021967784041772694,-7.041349881715726e-05,0.3098108172416687,-0.002843393791976784,control_pose,robot_origin,robot_origin
3.985372561999611,2026-09-13T11:45:32.055277+00:00,1789299931.9547634,0.10051369667053223,-0.00023642070213028798,-5.171280337116441e-05,0.30981195249700405,-0.002909627322941025,control_pose,robot_origin,robot_origin
4.013281524999911,2026-09-13T11:45:32.083182+00:00,1789299932.0442524,0.03892970085144043,-0.00024374002863606246,-2.257721149219909e-05,0.3098161220550537,-0.0028941090929835,control_pose,robot_origin,robot_origin
4.042291374999877,2026-09-13T11:45:32.112196+00:00,1789299932.0200155,0.09218049049377441,-0.00023011282863148744,-4.316805862963994e-05,0.3098183993938743,-0.0028158612158548668,control_pose,robot_origin,robot_origin
4.069901218999803,2026-09-13T11:45:32.139803+00:00,1789299932.1045637,0.035239219665527344,-0.00024243996867922586,3.5999001486746516e-05,0.3098091185092926,-0.0029572811338653107,control_pose,robot_origin,robot_origin
4.107431948999874,2026-09-13T11:45:32.177336+00:00,1789299932.0764847,0.10085129737854004,-0.00024304523875047908,8.72762187561576e-06,0.3098123791563259,-0.002927870388317459,control_pose,robot_origin,robot_origin
4.156586625999807,2026-09-13T11:45:32.226485+00:00,1789299932.161518,0.06496691703796387,-0.00021517257149080167,-1.8312091227333396e-05,0.30981549620628357,-0.0029183923122688697,control_pose,robot_origin,robot_origin
4.178235815999869,2026-09-13T11:45:32.248142+00:00,1789299932.1576257,0.09051632881164551,-0.00021393688468866496,-1.0493031293569864e-05,0.30981519321484663,-0.002914226131656751,control_pose,robot_origin,robot_origin
4.210878107000099,2026-09-13T11:45:32.280782+00:00,1789299932.2141924,0.0665895938873291,-0.0002269502228615787,-6.604423884287612e-05,0.3098183274269104,-0.00297282502086097,control_pose,robot_origin,robot_origin
4.233133280000402,2026-09-13T11:45:32.303039+00:00,1789299932.2128198,0.09021925926208496,-0.00022677268198333244,-6.496443806970544e-05,0.30981822489593475,-0.0029723233641441344,control_pose,robot_origin,robot_origin
4.270165072000054,2026-09-13T11:45:32.340068+00:00,1789299932.298112,0.041956186294555664,-0.0002515560650208961,-6.721024942754534e-05,0.30982500314712524,-0.0028316196360210124,control_pose,robot_origin,robot_origin
4.291221112999665,2026-09-13T11:45:32.360876+00:00,1789299932.3508499,0.010026216506958008,0.0013918006313060624,-0.0014239264289504987,0.31064534187316895,-0.017747610385247893,control_pose,robot_origin,robot_origin
4.326086363000286,2026-09-13T11:45:32.395985+00:00,1789299932.292034,0.10395097732543945,-0.00024977392990235044,-6.712579840983994e-05,0.3098245196426242,-0.0028418474448976107,control_pose,robot_origin,robot_origin
4.367602381999859,2026-09-13T11:45:32.437501+00:00,1789299932.355012,0.082489013671875,0.001446039837307923,-0.001395373165325709,0.3106699198438131,-0.019889192269744834,control_pose,robot_origin,robot_origin
4.401770446000228,2026-09-13T11:45:32.471674+00:00,1789299932.4393039,0.03237009048461914,0.0029868354513586004,-0.0010132174887325898,0.3109564781188965,-0.05271658344887709,control_pose,robot_origin,robot_origin
4.446528004999891,2026-09-13T11:45:32.516431+00:00,1789299932.4312494,0.08518171310424805,0.0028296384487192378,-0.0010453144845748493,0.31093385585365463,-0.04981719948088874,control_pose,robot_origin,robot_origin
4.482756108000103,2026-09-13T11:45:32.552661+00:00,1789299932.504548,0.04811286926269531,0.004748874143042993,-0.0002818605622094411,0.3131606876850128,-0.07565128270659863,control_pose,robot_origin,robot_origin
4.501454109999941,2026-09-13T11:45:32.571363+00:00,1789299932.5575306,0.013832330703735352,0.006417778636125846,0.0005113646139593303,0.3140949606895447,-0.09424773359094829,control_pose,robot_origin,robot_origin
4.528977197000131,2026-09-13T11:45:32.598876+00:00,1789299932.4959383,0.10293769836425781,0.004556177911812464,-0.0004043580468000984,0.3129470910305399,-0.07258426889639409,control_pose,robot_origin,robot_origin
4.58519859900025,2026-09-13T11:45:32.655095+00:00,1789299932.6109202,0.044174909591674805,0.006734428685664515,0.0015108420248229131,0.3147560954093933,-0.11577120646687644,control_pose,robot_origin,robot_origin
4.609560695000255,2026-09-13T11:45:32.679464+00:00,1789299932.5784547,0.10100936889648438,0.006752685511405645,0.0009208143814449742,0.3143841287554399,-0.10173028524375645,control_pose,robot_origin,robot_origin
4.665702573999624,2026-09-13T11:45:32.735606+00:00,1789299932.6610656,0.07454037666320801,0.0071345896534306215,0.002982082081352137,0.3153270184993744,-0.13700979771430483,control_pose,robot_origin,robot_origin
4.6682088759998805,2026-09-13T11:45:32.738120+00:00,1789299932.6397297,0.09839034080505371,0.00686275948812526,0.0023141855152406824,0.31506597105572537,-0.12760752904608244,control_pose,robot_origin,robot_origin
4.71310196200011,2026-09-13T11:45:32.782996+00:00,1789299932.734362,0.04863405227661133,0.009220175050165246,0.00584643737645023,0.3159611225128174,-0.16831883290227212,control_pose,robot_origin,robot_origin
4.739037033000386,2026-09-13T11:45:32.808943+00:00,1789299932.724543,0.08439993858337402,0.008931167420419895,0.00545753037625709,0.31588271991994116,-0.16406019540908673,control_pose,robot_origin,robot_origin
4.778559350999785,2026-09-13T11:45:32.848376+00:00,1789299932.8154266,0.03294944763183594,0.010015340851012314,0.00961316097609699,0.31647446751594543,-0.20209695347461057,control_pose,robot_origin,robot_origin
4.8142889339997055,2026-09-13T11:45:32.884195+00:00,1789299932.7953012,0.08889389038085938,0.00985849801962708,0.008672788660489227,0.3163567682095686,-0.19379164607801283,control_pose,robot_origin,robot_origin
4.87224578400037,2026-09-13T11:45:32.942140+00:00,1789299932.888591,0.05354905128479004,0.010612517995348208,0.01354097048818989,0.3166629374027252,-0.23243519572046606,control_pose,robot_origin,robot_origin
4.88846993199968,2026-09-13T11:45:32.958376+00:00,1789299932.853489,0.10488700866699219,0.010220026757373822,0.01163907700009844,0.3166434716876326,-0.21827455860340017,control_pose,robot_origin,robot_origin
4.9136742139999114,2026-09-13T11:45:32.983580+00:00,1789299932.9410343,0.04254579544067383,0.010879361863196475,0.016192199703244384,0.31678569316864014,-0.25459024773711886,control_pose,robot_origin,robot_origin
4.9247518310003215,2026-09-13T11:45:32.994653+00:00,1789299932.917061,0.0775918960571289,0.010757379577718737,0.01498024380714114,0.3167295778492115,-0.24446247856006964,control_pose,robot_origin,robot_origin
4.957173277000038,2026-09-13T11:45:33.027079+00:00,1789299932.9944317,0.03264737129211426,0.011631368944106681,0.01838602455519422,0.31666260957717896,-0.276355893250918,control_pose,robot_origin,robot_origin
5.013061765999737,2026-09-13T11:45:33.082967+00:00,1789299932.988975,0.09399199485778809,0.011567509572098632,0.018203647210695107,0.31667891992971914,-0.2743833289549443,control_pose,robot_origin,robot_origin
5.062339328999769,2026-09-13T11:45:33.132241+00:00,1789299933.0881333,0.044107675552368164,0.012856861254840545,0.021338445877589648,0.31612902879714966,-0.31667213716309156,control_pose,robot_origin,robot_origin
5.095862686999681,2026-09-13T11:45:33.165767+00:00,1789299933.0594418,0.10632514953613281,0.01241025751935364,0.02026840495696712,0.31635956016559613,-0.3044512687697562,control_pose,robot_origin,robot_origin
5.109064027000386,2026-09-13T11:45:33.178973+00:00,1789299933.144228,0.034744977951049805,0.013875779407137228,0.02366254509147172,0.3161120116710663,-0.34119718099073504,control_pose,robot_origin,robot_origin
5.146990487999574,2026-09-13T11:45:33.216893+00:00,1789299933.1304402,0.08645272254943848,0.013625332195017173,0.02309128805036859,0.31611619443273,-0.33516889357446067,control_pose,robot_origin,robot_origin
5.173069053999825,2026-09-13T11:45:33.242972+00:00,1789299933.2075095,0.035462379455566406,0.014921316290532775,0.025028774855240934,0.31610357761383057,-0.36686584528472377,control_pose,robot_origin,robot_origin
5.213722116999634,2026-09-13T11:45:33.283624+00:00,1789299933.1990898,0.0845341682434082,0.014814565860655809,0.02491385532669762,0.31613907732768415,-0.3635155004067716,control_pose,robot_origin,robot_origin
5.260904822000157,2026-09-13T11:45:33.330810+00:00,1789299933.2810314,0.04977869987487793,0.015820701012607605,0.025128092737510793,0.31407633423805237,-0.39744738917378053,control_pose,robot_origin,robot_origin
5.282768551000117,2026-09-13T11:45:33.352677+00:00,1789299933.2695892,0.08308792114257812,0.015698287478141327,0.025084421407262233,0.3143989793395199,-0.3925936706706397,control_pose,robot_origin,robot_origin
5.314213403999929,2026-09-13T11:45:33.384119+00:00,1789299933.3409023,0.043216705322265625,0.01419822677453314,0.023974042968023294,0.31380215287208557,-0.41951520277663334,control_pose,robot_origin,robot_origin
5.347198174999903,2026-09-13T11:45:33.417093+00:00,1789299933.3379672,0.07912588119506836,0.014277771535600104,0.024030622364490183,0.3138155951140226,-0.41843304452313324,control_pose,robot_origin,robot_origin
5.382548313999905,2026-09-13T11:45:33.452450+00:00,1789299933.414451,0.03799915313720703,0.014551071741409701,0.020510338125386048,0.3125566244125366,-0.45775637446231715,control_pose,robot_origin,robot_origin
5.431180307999966,2026-09-13T11:45:33.500881+00:00,1789299933.412033,0.08884787559509277,0.014454192156219129,0.02062349116964419,0.31259394235668,-0.4562779034570708,control_pose,robot_origin,robot_origin
5.480545874999734,2026-09-13T11:45:33.550447+00:00,1789299933.5042188,0.04622817039489746,0.011281552126863126,0.0182842136825931,0.3099396824836731,-0.5120312878984441,control_pose,robot_origin,robot_origin
5.494634939000207,2026-09-13T11:45:33.564545+00:00,1789299933.480589,0.08395600318908691,0.012974350453170896,0.018592056452007132,0.3107407391370206,-0.499020118109337,control_pose,robot_origin,robot_origin
5.5218383299998095,2026-09-13T11:45:33.591742+00:00,1789299933.5588384,0.03290367126464844,0.013077055291446796,0.017297791069930544,0.309800386428833,-0.5151312933167917,control_pose,robot_origin,robot_origin
5.55383418800011,2026-09-13T11:45:33.623736+00:00,1789299933.547727,0.07600879669189453,0.012711793158844483,0.017498460628333577,0.30982872365210146,-0.5145024450488038,control_pose,robot_origin,robot_origin
5.5829618999996455,2026-09-13T11:45:33.652869+00:00,1789299933.6114397,0.04142928123474121,0.014593031852621164,0.018389223557974056,0.30937066674232483,-0.5097068256700259,control_pose,robot_origin,robot_origin
5.609845019000204,2026-09-13T11:45:33.679749+00:00,1789299933.6642418,0.015507221221923828,0.016149610859904,0.020566846793985787,0.3095002770423889,-0.5043473452033929,control_pose,robot_origin,robot_origin
5.630579667000347,2026-09-13T11:45:33.700478+00:00,1789299933.6207173,0.07976078987121582,0.014704993316232155,0.018786053576262788,0.30953741058571527,-0.5087494637025316,control_pose,robot_origin,robot_origin
5.6673364369999035,2026-09-13T11:45:33.737240+00:00,1789299933.7175097,0.019730329513549805,0.016560258641683232,0.02234621819987664,0.30975624918937683,-0.4978180369617791,control_pose,robot_origin,robot_origin
5.690768149000178,2026-09-13T11:45:33.760626+00:00,1789299933.6918662,0.06875991821289062,0.016433568604839424,0.021528814814083957,0.3096678475307233,-0.5010202755556027,control_pose,robot_origin,robot_origin
5.723568110999622,2026-09-13T11:45:33.793474+00:00,1789299933.7710047,0.022469282150268555,0.016788407862096656,0.02355956321062998,0.3097310960292816,-0.49236112123835557,control_pose,robot_origin,robot_origin
5.770660954999585,2026-09-13T11:45:33.840565+00:00,1789299933.7573826,0.08318233489990234,0.016822808476754034,0.02326635510872667,0.3096756049218381,-0.49376926562299944,control_pose,robot_origin,robot_origin
5.789526004999971,2026-09-13T11:45:33.859431+00:00,1789299933.8240216,0.03540945053100586,0.016540517100259687,0.024344496419743667,0.30989789962768555,-0.48832850720571375,control_pose,robot_origin,robot_origin
5.834584729999733,2026-09-13T11:45:33.904421+00:00,1789299933.8276174,0.07680368423461914,0.016516991155217358,0.024390925731807272,0.3099037483295395,-0.48808437564639306,control_pose,robot_origin,robot_origin
5.846053502000359,2026-09-13T11:45:33.915951+00:00,1789299933.8773978,0.03855323791503906,0.016276121777586847,0.024864073619107238,0.30990201234817505,-0.48593928583072177,control_pose,robot_origin,robot_origin
5.878669167000226,2026-09-13T11:45:33.948576+00:00,1789299933.927823,0.020752906799316406,0.016048029581678207,0.025247791609891178,0.3098907470703125,-0.48433249549943763,control_pose,robot_origin,robot_origin
5.910929548999775,2026-09-13T11:45:33.980832+00:00,1789299933.9026408,0.07819128036499023,0.0161160972362134,0.02506907389411098,0.3098952503128156,-0.48504201844015565,control_pose,robot_origin,robot_origin
5.932804414999737,2026-09-13T11:45:34.002692+00:00,1789299933.9812963,0.02139568328857422,0.015937919544427616,0.02572805954937963,0.30981793999671936,-0.4820529055342701,control_pose,robot_origin,robot_origin
5.984707646000061,2026-09-13T11:45:34.054611+00:00,1789299933.9873576,0.06725335121154785,0.0159408614964879,0.025774843122094014,0.30980387532536474,-0.48177637153250663,control_pose,robot_origin,robot_origin
6.02070095199997,2026-09-13T11:45:34.090573+00:00,1789299934.047319,0.04325413703918457,0.01592775159858975,0.026314070601517733,0.30974552035331726,-0.47948808407070315,control_pose,robot_origin,robot_origin
6.049410435000027,2026-09-13T11:45:34.119314+00:00,1789299934.1008399,0.018474102020263672,0.015962149662693007,0.02671929704873114,0.3097136616706848,-0.4775016490501121,control_pose,robot_origin,robot_origin
6.072647384999982,2026-09-13T11:45:34.142549+00:00,1789299934.049714,0.0928349494934082,0.015930267627462934,0.026329881576903115,0.3097426512193842,-0.47940506835162994,control_pose,robot_origin,robot_origin
6.109995001000243,2026-09-13T11:45:34.179900+00:00,1789299934.1542633,0.025636672973632812,0.016006461956726115,0.02703793754696171,0.3096444606781006,-0.4758664091489883,control_pose,robot_origin,robot_origin
6.144665361000079,2026-09-13T11:45:34.214572+00:00,1789299934.1211588,0.09341311454772949,0.015997778283919205,0.026845674086093656,0.30968064038842363,-0.47692067001064803,control_pose,robot_origin,robot_origin
6.184956549000162,2026-09-13T11:45:34.254855+00:00,1789299934.2114398,0.043415069580078125,0.01605580885175708,0.027333691926477163,0.3095739483833313,-0.4740876336151962,control_pose,robot_origin,robot_origin
6.188395058000424,2026-09-13T11:45:34.258294+00:00,1789299934.1777396,0.08055448532104492,0.016028952228377892,0.02718328162107686,0.30961702246612793,-0.47505140490715025,control_pose,robot_origin,robot_origin
6.231459603000076,2026-09-13T11:45:34.301359+00:00,1789299934.2643657,0.03699326515197754,0.016101588438018774,0.027618731670836096,0.3094978928565979,-0.47260708243661403,control_pose,robot_origin,robot_origin
6.261244180000176,2026-09-13T11:45:34.331142+00:00,1789299934.2452767,0.08586525917053223,0.016092174811718835,0.027508379941791714,0.3095198004333806,-0.4731994127875229,control_pose,robot_origin,robot_origin
6.289348672000415,2026-09-13T11:45:34.359253+00:00,1789299934.3173914,0.041861534118652344,0.016115874734016957,0.02782715350621804,0.30946969985961914,-0.4711314012707449,control_pose,robot_origin,robot_origin
6.3270099029996345,2026-09-13T11:45:34.396910+00:00,1789299934.3130047,0.08390522003173828,0.016114692872659757,0.027809911408387095,0.30947203217960456,-0.4712534800650336,control_pose,robot_origin,robot_origin
6.358985599000334,2026-09-13T11:45:34.428893+00:00,1789299934.3908508,0.038042306900024414,0.016184758840796228,0.02799623060510891,0.3094569146633148,-0.4704445532809128,control_pose,robot_origin,robot_origin
6.405529263000062,2026-09-13T11:45:34.475438+00:00,1789299934.3865397,0.0888984203338623,0.016182403519257253,0.027988277154779303,0.3094587385682708,-0.4704764824139041,control_pose,robot_origin,robot_origin
6.441712595000354,2026-09-13T11:45:34.511614+00:00,1789299934.470879,0.04073500633239746,0.01615833326488835,0.028181416892746215,0.3094772696495056,-0.46933386822408624,control_pose,robot_origin,robot_origin
6.478301516000101,2026-09-13T11:45:34.548204+00:00,1789299934.4537046,0.09449934959411621,0.01617521877331262,0.028142654881972262,0.30947574510743586,-0.46954889648711595,control_pose,robot_origin,robot_origin
6.507762076999825,2026-09-13T11:45:34.577665+00:00,1789299934.5380845,0.039580583572387695,0.01612321425923174,0.028258203971497538,0.30948323011398315,-0.4690561398753185,control_pose,robot_origin,robot_origin
6.5435313400003,2026-09-13T11:45:34.613384+00:00,1789299934.5266962,0.08668780326843262,0.016131373477127293,0.02824455452720747,0.309481548808961,-0.4691065787755936,control_pose,robot_origin,robot_origin
6.576470893000078,2026-09-13T11:45:34.646381+00:00,1789299934.6107352,0.03564572334289551,0.016135425440970602,0.028286642863719236,0.3094817101955414,-0.46879177867771327,control_pose,robot_origin,robot_origin
6.615416861000085,2026-09-13T11:45:34.685322+00:00,1789299934.5973637,0.08795833587646484,0.01613251587340834,0.0282793767718722,0.3094828764831791,-0.46884233766465166,control_pose,robot_origin,robot_origin
6.646989687999849,2026-09-13T11:45:34.716764+00:00,1789299934.6807492,0.03601479530334473,0.01611747627013043,0.028352465519682075,0.3094598650932312,-0.4682319029240221,control_pose,robot_origin,robot_origin
6.684411930999886,2026-09-13T11:45:34.754315+00:00,1789299934.6730678,0.08124709129333496,0.016121699784870342,0.028342423931342554,0.30946286564976366,-0.4683033828915111,control_pose,robot_origin,robot_origin
6.716537203000371,2026-09-13T11:45:34.786441+00:00,1789299934.740641,0.045799970626831055,0.016084861105347653,0.02843920704195956,0.3094537854194641,-0.4680152766287339,control_pose,robot_origin,robot_origin
6.759141724000074,2026-09-13T11:45:34.829044+00:00,1789299934.7386642,0.09037995338439941,0.016084364853192076,0.028436500252286077,0.3094544506554361,-0.46801732926742573,control_pose,robot_origin,robot_origin
6.793295225000293,2026-09-13T11:45:34.863202+00:00,1789299934.8294241,0.03377795219421387,0.016105943189305694,0.028405823678367602,0.3094487190246582,-0.4681551033066525,control_pose,robot_origin,robot_origin
6.846496185999968,2026-09-13T11:45:34.916397+00:00,1789299934.807306,0.10909104347229004,0.01610300544121871,0.028427907244459354,0.3094502172309245,-0.4680768442250277,control_pose,robot_origin,robot_origin
6.882236743999783,2026-09-13T11:45:34.952115+00:00,1789299934.904067,0.04804801940917969,0.01608296124654006,0.028374429371154294,0.30946290493011475,-0.4681211091129444,control_pose,robot_origin,robot_origin
6.895223032000104,2026-09-13T11:45:34.965127+00:00,1789299934.8775508,0.08757615089416504,0.016108896974788508,0.02837867536132427,0.30946010825246023,-0.46815778616726306,control_pose,robot_origin,robot_origin
6.970491506999679,2026-09-13T11:45:35.040399+00:00,1789299934.9845262,0.05587291717529297,0.016016136198545066,0.028414026923768942,0.3094678521156311,-0.4678684074514989,control_pose,robot_origin,robot_origin
6.972973713000101,2026-09-13T11:45:35.042884+00:00,1789299934.9464872,0.09639692306518555,0.016047729471645664,0.028395306154664814,0.3094655132054801,-0.46798787796355695,control_pose,robot_origin,robot_origin
7.012710472000435,2026-09-13T11:45:35.082614+00:00,1789299935.037538,0.04507589340209961,0.016058219898151125,0.02842556183697422,0.3094656765460968,-0.46790912587732997,control_pose,robot_origin,robot_origin
7.038287379999929,2026-09-13T11:45:35.108187+00:00,1789299935.0162013,0.09198570251464844,0.016041281557033615,0.028420919129786795,0.3094665521948454,-0.46789273632418604,control_pose,robot_origin,robot_origin
7.095468444999824,2026-09-13T11:45:35.165374+00:00,1789299935.1086488,0.056725263595581055,0.016102995243729185,0.028379182410744355,0.30944859981536865,-0.46795081977532443,control_pose,robot_origin,robot_origin
7.1014170010003,2026-09-13T11:45:35.171326+00:00,1789299935.0858636,0.08546233177185059,0.016088648345019243,0.028394043288349192,0.30945407153474663,-0.4679374605583654,control_pose,robot_origin,robot_origin
7.1623655530002,2026-09-13T11:45:35.232271+00:00,1789299935.1748786,0.05739235877990723,0.016025456683569007,0.028452038433134978,0.3094659149646759,-0.4674804991426641,control_pose,robot_origin,robot_origin
7.164025316000334,2026-09-13T11:45:35.233936+00:00,1789299935.1546412,0.07929491996765137,0.016049149929377383,0.028429776017588965,0.30946062402184826,-0.46762421341777005,control_pose,robot_origin,robot_origin
7.21144070399987,2026-09-13T11:45:35.281346+00:00,1789299935.2451978,0.0361483097076416,0.01600754764989727,0.02852004118269406,0.30945679545402527,-0.46730425490195704,control_pose,robot_origin,robot_origin
7.237927674000275,2026-09-13T11:45:35.307833+00:00,1789299935.226941,0.08089184761047363,0.016012197306177495,0.028502385879937163,0.3094591631189002,-0.46735001249252894,control_pose,robot_origin,robot_origin
7.270781909999641,2026-09-13T11:45:35.340628+00:00,1789299935.2972813,0.04334664344787598,0.016027045058613038,0.028505208385813215,0.30944162607192993,-0.467434790587221,control_pose,robot_origin,robot_origin
7.302154535000227,2026-09-13T11:45:35.372052+00:00,1789299935.2965546,0.07549738883972168,0.016028199428138493,0.028505293511620483,0.3094415841650357,-0.46743290618578603,control_pose,robot_origin,robot_origin
7.329516204999891,2026-09-13T11:45:35.399430+00:00,1789299935.3639543,0.035475730895996094,0.015999499010693356,0.028439229265886375,0.3094434440135956,-0.4673688879621301,control_pose,robot_origin,robot_origin
7.3722761250000985,2026-09-13T11:45:35.442181+00:00,1789299935.3662448,0.07593631744384766,0.015998468104911907,0.028437232348558553,0.30944637414284454,-0.4673553425026376,control_pose,robot_origin,robot_origin
7.38573712499965,2026-09-13T11:45:35.455646+00:00,1789299935.4176984,0.037947654724121094,0.015975143557394794,0.02844068762218775,0.3094545602798462,-0.46717137054888674,control_pose,robot_origin,robot_origin
7.4098562319995835,2026-09-13T11:45:35.479759+00:00,1789299935.470794,0.008965015411376953,0.016020077046731425,0.02847547967714152,0.3094455301761627,-0.467196648706911,control_pose,robot_origin,robot_origin
7.454727715000445,2026-09-13T11:45:35.524571+00:00,1789299935.4372396,0.08733129501342773,0.015964761202791874,0.028463199969798417,0.30944987871385915,-0.4671458763325416,control_pose,robot_origin,robot_origin
7.494620641999973,2026-09-13T11:45:35.564526+00:00,1789299935.524461,0.04006505012512207,0.016086206926814475,0.02848415923670139,0.3094119131565094,-0.46691841766421505,control_pose,robot_origin,robot_origin
7.518419347999952,2026-09-13T11:45:35.588317+00:00,1789299935.5074437,0.08087325096130371,0.01606809775450379,0.028485118039647466,0.3094216065042111,-0.46702035313481977,control_pose,robot_origin,robot_origin
7.548343196000133,2026-09-13T11:45:35.618248+00:00,1789299935.57741,0.040838003158569336,0.01610511035195584,0.028512477771498,0.3094100058078766,-0.46656646039989175,control_pose,robot_origin,robot_origin
7.588640175999899,2026-09-13T11:45:35.658548+00:00,1789299935.5758111,0.08273696899414062,0.01610540137235033,0.02851083880554587,0.3094108716181422,-0.466575060567023,control_pose,robot_origin,robot_origin
7.613964142999976,2026-09-13T11:45:35.683874+00:00,1789299935.6440082,0.039865732192993164,0.016099943995302183,0.028527853382422544,0.309389591217041,-0.46640779253073783,control_pose,robot_origin,robot_origin
7.6545373930002825,2026-09-13T11:45:35.724399+00:00,1789299935.6475854,0.0768136978149414,0.016100806597731308,0.0285339315804579,0.3093893879442456,-0.4663797667518394,control_pose,robot_origin,robot_origin
7.676612684000247,2026-09-13T11:45:35.746518+00:00,1789299935.7072299,0.03928804397583008,0.016173026986515675,0.028542438580265745,0.30937525629997253,-0.46603876364856595,control_pose,robot_origin,robot_origin
7.699806048000028,2026-09-13T11:45:35.769655+00:00,1789299935.7584288,0.011226177215576172,0.01623186828547873,0.02853531143214231,0.3093453645706177,-0.4659756627251621,control_pose,robot_origin,robot_origin
7.733436131000417,2026-09-13T11:45:35.803348+00:00,1789299935.7163334,0.08701467514038086,0.016179509428537006,0.02853587772158901,0.3093785464680805,-0.46603804614143546,control_pose,robot_origin,robot_origin
7.769467039000119,2026-09-13T11:45:35.839382+00:00,1789299935.8106434,0.02873849868774414,0.016252955752071467,0.028552496558964385,0.30933454632759094,-0.4655792381066102,control_pose,robot_origin,robot_origin
7.808361291999972,2026-09-13T11:45:35.878264+00:00,1789299935.7879853,0.09027862548828125,0.01624555246106784,0.028538411396619272,0.3093393432355779,-0.46574256099076056,control_pose,robot_origin,robot_origin
7.842135957999744,2026-09-13T11:45:35.912023+00:00,1789299935.8705018,0.041521310806274414,0.01619718415584888,0.028605447378103298,0.30931514501571655,-0.4653454262067878,control_pose,robot_origin,robot_origin
7.862924080000084,2026-09-13T11:45:35.932821+00:00,1789299935.856011,0.07681012153625488,0.01621948142721412,0.02858792706233265,0.3093183388695624,-0.4654130514843668,control_pose,robot_origin,robot_origin
7.8873892840001645,2026-09-13T11:45:35.957300+00:00,1789299935.9272308,0.03006911277770996,0.016158927862924118,0.028645662948252035,0.3093263506889343,-0.46509542502801327,control_pose,robot_origin,robot_origin
7.936538775000372,2026-09-13T11:45:36.006446+00:00,1789299935.9354272,0.07101869583129883,0.016153764844375876,0.028641338136715818,0.3093309003479892,-0.4651228869824797,control_pose,robot_origin,robot_origin
7.94601330200021,2026-09-13T11:45:36.015929+00:00,1789299935.987938,0.027991056442260742,0.016159311499338802,0.028569488892616207,0.30934402346611023,-0.46533432142977266,control_pose,robot_origin,robot_origin
7.99456100200041,2026-09-13T11:45:36.064460+00:00,1789299935.9952576,0.06920242309570312,0.01616489948834765,0.028564624405677936,0.30934734126683244,-0.46535087167424477,control_pose,robot_origin,robot_origin
8.011692330999722,2026-09-13T11:45:36.081596+00:00,1789299936.040583,0.04101300239562988,0.016170428594130273,0.028568242079585623,0.3093554675579071,-0.465191951982179,control_pose,robot_origin,robot_origin
8.038849190999827,2026-09-13T11:45:36.108739+00:00,1789299936.0930264,0.015712499618530273,0.016225710947716653,0.028576169655013615,0.3093436658382416,-0.46502724376799104,control_pose,robot_origin,robot_origin
8.066792458000236,2026-09-13T11:45:36.136695+00:00,1789299936.0658183,0.0708765983581543,0.0162103417891899,0.02856584907297907,0.3093479518293681,-0.4650679269853242,control_pose,robot_origin,robot_origin
8.094803441000295,2026-09-13T11:45:36.164710+00:00,1789299936.1455712,0.019138813018798828,0.016229780284398705,0.028572196695877166,0.3093395233154297,-0.46517870257210503,control_pose,robot_origin,robot_origin
8.134005548999994,2026-09-13T11:45:36.203908+00:00,1789299936.1406615,0.06324648857116699,0.016224138337257756,0.0285814800440591,0.3093410494807305,-0.46514862769578624,control_pose,robot_origin,robot_origin
8.162249758999678,2026-09-13T11:45:36.232157+00:00,1789299936.1972036,0.03495335578918457,0.01611183615654959,0.028056738383898057,0.309283047914505,-0.4651694664006891,control_pose,robot_origin,robot_origin
8.195895075000408,2026-09-13T11:45:36.265803+00:00,1789299936.2058618,0.05994129180908203,0.015888824138865908,0.027206682220449828,0.3091970165185402,-0.46442073975592046,control_pose,robot_origin,robot_origin
8.229630955000175,2026-09-13T11:45:36.299537+00:00,1789299936.2604697,0.03906726837158203,0.014932927087582908,0.027828205389335236,0.3097240924835205,-0.4454890982110633,control_pose,robot_origin,robot_origin
8.263566941000136,2026-09-13T11:45:36.333475+00:00,1789299936.2735186,0.05995655059814453,0.014780715508923736,0.027798567205964266,0.30987999994066107,-0.44058547730053005,control_pose,robot_origin,robot_origin
8.300269882000066,2026-09-13T11:45:36.370170+00:00,1789299936.3304493,0.039720773696899414,0.01474640445243949,0.028124366784185843,0.3102639317512512,-0.4191058598774639,control_pose,robot_origin,robot_origin
8.314613391000421,2026-09-13T11:45:36.384516+00:00,1789299936.3806279,0.0038881301879882812,0.015034143023554315,0.028870933016420713,0.31054237484931946,-0.4020222774273498,control_pose,robot_origin,robot_origin
8.373046646000148,2026-09-13T11:45:36.442952+00:00,1789299936.358727,0.08422493934631348,0.014852499291236127,0.028517940166823658,0.3104071619273846,-0.40941903111212047,control_pose,robot_origin,robot_origin
8.393124940000234,2026-09-13T11:45:36.463030+00:00,1789299936.4342916,0.02873849868774414,0.015584330413510903,0.029936112172057192,0.3106617033481598,-0.38583353318715463,control_pose,robot_origin,robot_origin
8.431183790000432,2026-09-13T11:45:36.501087+00:00,1789299936.4279184,0.07316851615905762,0.015494700456930428,0.029792007209663372,0.3106476696933097,-0.38756630067086334,control_pose,robot_origin,robot_origin
8.461811033000231,2026-09-13T11:45:36.531585+00:00,1789299936.5008066,0.03077840805053711,0.016711780044686278,0.03120648851007738,0.30991774797439575,-0.36642614025147247,control_pose,robot_origin,robot_origin
8.501233855999999,2026-09-13T11:45:36.571140+00:00,1789299936.4935071,0.07763290405273438,0.016599781961706122,0.031080109295300282,0.3099954516559294,-0.36838820270223227,control_pose,robot_origin,robot_origin
8.538383701000384,2026-09-13T11:45:36.608260+00:00,1789299936.5671237,0.04113626480102539,0.017976326716849324,0.03241813332257037,0.30937817692756653,-0.344859865281001,control_pose,robot_origin,robot_origin
8.576128583000354,2026-09-13T11:45:36.646012+00:00,1789299936.5575516,0.08846044540405273,0.017799071104975493,0.03224530729793547,0.3094379704671559,-0.3477929057689469,control_pose,robot_origin,robot_origin
8.603283682999972,2026-09-13T11:45:36.673192+00:00,1789299936.6272526,0.04593944549560547,0.01911145376637436,0.03317009771495853,0.30954864621162415,-0.328612153284024,control_pose,robot_origin,robot_origin
8.626096515000427,2026-09-13T11:45:36.695993+00:00,1789299936.6886997,0.007293224334716797,0.020170689279113942,0.03381759585728335,0.30947574973106384,-0.31169664311977163,control_pose,robot_origin,robot_origin
8.653071317000467,2026-09-13T11:45:36.722979+00:00,1789299936.6286607,0.09431838989257812,0.01912702617932379,0.0331831211828637,0.3095473803568258,-0.32827914767063127,control_pose,robot_origin,robot_origin
8.685176459000104,2026-09-13T11:45:36.755083+00:00,1789299936.7405524,0.014530658721923828,0.021117115724219225,0.03412074159515903,0.30923885107040405,-0.2979189119419565,control_pose,robot_origin,robot_origin
8.719855522000216,2026-09-13T11:45:36.789760+00:00,1789299936.6998475,0.08991265296936035,0.020339545373813984,0.03388923401848523,0.30942087604967816,-0.30884217702426103,control_pose,robot_origin,robot_origin
8.767554795000251,2026-09-13T11:45:36.837460+00:00,1789299936.8005242,0.03693580627441406,0.022004367611313896,0.034431324132541186,0.30919161438941956,-0.2824639339682529,control_pose,robot_origin,robot_origin
8.79020041900003,2026-09-13T11:45:36.860102+00:00,1789299936.7672913,0.09281063079833984,0.021538200329046457,0.03424738617627859,0.3091979981621711,-0.29091251933710444,control_pose,robot_origin,robot_origin
8.82512695100013,2026-09-13T11:45:36.895035+00:00,1789299936.854084,0.04095101356506348,0.022706899297424112,0.03460470634512469,0.30941811203956604,-0.270176957592737,control_pose,robot_origin,robot_origin
8.84992849199989,2026-09-13T11:45:36.919250+00:00,1789299936.8402832,0.07896685600280762,0.022472887792861242,0.0345917085103072,0.30935665810315893,-0.27363992462210607,control_pose,robot_origin,robot_origin
8.877220846000455,2026-09-13T11:45:36.947135+00:00,1789299936.910419,0.03671598434448242,0.023614926690010956,0.03475797403785907,0.3093344271183014,-0.2572700318043987,control_pose,robot_origin,robot_origin
8.923474189999979,2026-09-13T11:45:36.993378+00:00,1789299936.9166226,0.07675528526306152,0.023703999433573833,0.034797584858454855,0.30931630104064406,-0.25586670416629953,control_pose,robot_origin,robot_origin
8.941806443999667,2026-09-13T11:45:37.011713+00:00,1789299936.967604,0.04410910606384277,0.02454952625806385,0.035184555982557195,0.3091718554496765,-0.24530613932913373,control_pose,robot_origin,robot_origin
8.965178440000273,2026-09-13T11:45:37.035082+00:00,1789299937.020379,0.014703035354614258,0.02553513354436015,0.03552655965093545,0.30898618698120117,-0.23435830982714861,control_pose,robot_origin,robot_origin
8.985588878999806,2026-09-13T11:45:37.055491+00:00,1789299936.9838052,0.071685791015625,0.02488735798217336,0.03525565183353043,0.30912654179449445,-0.2421806183792909,control_pose,robot_origin,robot_origin
9.017729862000124,2026-09-13T11:45:37.087638+00:00,1789299937.074894,0.012743949890136719,0.026280307389301177,0.03575172369435365,0.30885598063468933,-0.22402091452728684,control_pose,robot_origin,robot_origin
9.0487296350002,2026-09-13T11:45:37.118635+00:00,1789299937.0476773,0.07095766067504883,0.025968976621790103,0.03564593252964822,0.3089194289522629,-0.22923706944732955,control_pose,robot_origin,robot_origin
9.087798839999778,2026-09-13T11:45:37.157705+00:00,1789299937.1305497,0.027155399322509766,0.026799785796279563,0.03570247979673146,0.30858734250068665,-0.21245225605398566,control_pose,robot_origin,robot_origin
9.127489483999852,2026-09-13T11:45:37.197395+00:00,1789299937.1254973,0.07189774513244629,0.02674611262917019,0.0356642255377777,0.30861272268396417,-0.21406281588342396,control_pose,robot_origin,robot_origin
9.151003791999756,2026-09-13T11:45:37.220911+00:00,1789299937.1840541,0.036856889724731445,0.026877365463473978,0.03521849473002872,0.3086976706981659,-0.2007166838259641,control_pose,robot_origin,robot_origin
9.189702065999882,2026-09-13T11:45:37.259601+00:00,1789299937.185415,0.07418608665466309,0.026873314588131556,0.03520337693948816,0.30870335213619965,-0.20045312580642927,control_pose,robot_origin,robot_origin
9.225761581999905,2026-09-13T11:45:37.295670+00:00,1789299937.2437234,0.05194664001464844,0.02659421556565867,0.034256821179035314,0.30893659591674805,-0.18627046179092574,control_pose,robot_origin,robot_origin
9.235968721999598,2026-09-13T11:45:37.305875+00:00,1789299937.297156,0.00871896743774414,0.026482693310559458,0.03302286828935437,0.309135377407074,-0.172716685809687,control_pose,robot_origin,robot_origin
9.265520294000453,2026-09-13T11:45:37.335424+00:00,1789299937.2584019,0.07702207565307617,0.026584806515047583,0.03397942599217528,0.30897353551619083,-0.1827405383491921,control_pose,robot_origin,robot_origin
9.30759461100024,2026-09-13T11:45:37.377500+00:00,1789299937.3508377,0.026662349700927734,0.026403235844085403,0.03129432350863118,0.30931785702705383,-0.1588015094556937,control_pose,robot_origin,robot_origin
9.331458568000016,2026-09-13T11:45:37.401365+00:00,1789299937.3292997,0.07206535339355469,0.026463638870072147,0.03196588095598554,0.3092593418201034,-0.16435793140925484,control_pose,robot_origin,robot_origin
9.382512952999605,2026-09-13T11:45:37.452429+00:00,1789299937.4072332,0.045195817947387695,0.02633221988190586,0.029593754545967278,0.3093845546245575,-0.14514120933896607,control_pose,robot_origin,robot_origin
9.424358457999915,2026-09-13T11:45:37.494264+00:00,1789299937.4025986,0.09166526794433594,0.02634682495598887,0.02973439849560026,0.30937989154705947,-0.14626825965782164,control_pose,robot_origin,robot_origin
9.482591318999766,2026-09-13T11:45:37.552497+00:00,1789299937.5037477,0.04874920845031738,0.025966358933056294,0.027817841616851267,0.3092707097530365,-0.11783703288478267,control_pose,robot_origin,robot_origin
9.496696287000304,2026-09-13T11:45:37.566611+00:00,1789299937.4709785,0.09563255310058594,0.025975910235483096,0.028358192232836192,0.3093570241292209,-0.12730014556242042,control_pose,robot_origin,robot_origin
9.5423913300001,2026-09-13T11:45:37.612270+00:00,1789299937.5571547,0.055115461349487305,0.026548929049446227,0.02777423694490915,0.3089364171028137,-0.10226131077840298,control_pose,robot_origin,robot_origin
9.555150311000034,2026-09-13T11:45:37.625037+00:00,1789299937.5401142,0.08492279052734375,0.026337506187683414,0.027759676824339396,0.30904638694942504,-0.10789105750020508,control_pose,robot_origin,robot_origin
9.578474560000359,2026-09-13T11:45:37.648379+00:00,1789299937.6102767,0.03810238838195801,0.02653611623066912,0.02830315586350881,0.30867820978164673,-0.08575706886967233,control_pose,robot_origin,robot_origin
9.623136528000032,2026-09-13T11:45:37.693045+00:00,1789299937.6101675,0.08287739753723145,0.026536142619188016,0.02830206653358515,0.3086787415700769,-0.08579104998589192,control_pose,robot_origin,robot_origin
9.650847142999737,2026-09-13T11:45:37.720711+00:00,1789299937.6803536,0.040357351303100586,0.02807550777852512,0.02968725333678536,0.3083841800689697,-0.06572998985454072,control_pose,robot_origin,robot_origin
9.698675286000253,2026-09-13T11:45:37.768582+00:00,1789299937.678194,0.09038805961608887,0.02802275549163632,0.029635213538559024,0.30838483569219316,-0.06643805297841004,control_pose,robot_origin,robot_origin
9.725302965999617,2026-09-13T11:45:37.795217+00:00,1789299937.7438273,0.05138969421386719,0.029266064547972266,0.031018454720632298,0.3083591163158417,-0.046996764726561564,control_pose,robot_origin,robot_origin
9.750681272000293,2026-09-13T11:45:37.820574+00:00,1789299937.7482235,0.07235050201416016,0.029405362499427563,0.03110301835244275,0.308333148668898,-0.04547285992888447,control_pose,robot_origin,robot_origin
9.770370842000375,2026-09-13T11:45:37.840277+00:00,1789299937.8003638,0.039913177490234375,0.030003486992840115,0.031969915565336654,0.3082002103328705,-0.03191783291408999,control_pose,robot_origin,robot_origin
9.797164642999633,2026-09-13T11:45:37.867070+00:00,1789299937.8571405,0.009929418563842773,0.03040861431488134,0.03290383505304608,0.3081262707710266,-0.01641614097736462,control_pose,robot_origin,robot_origin
9.817069200000333,2026-09-13T11:45:37.886978+00:00,1789299937.8204002,0.06657767295837402,0.030184063549589066,0.03243047147748456,0.3081880539622884,-0.026473959306693783,control_pose,robot_origin,robot_origin
9.857503817999714,2026-09-13T11:45:37.927408+00:00,1789299937.9099226,0.017485380172729492,0.030725244812231454,0.03333416563852751,0.3080287575721741,-0.0025627635322968134,control_pose,robot_origin,robot_origin
9.89374068699999,2026-09-13T11:45:37.963644+00:00,1789299937.8869967,0.07664728164672852,0.03071071214611096,0.033165923426732774,0.3080284735675109,-0.008468472810875297,control_pose,robot_origin,robot_origin
9.926598027000182,2026-09-13T11:45:37.996506+00:00,1789299937.9603243,0.03618168830871582,0.030463376174088015,0.03332323049574858,0.30810630321502686,0.0124525827388174,control_pose,robot_origin,robot_origin
9.98088537500007,2026-09-13T11:45:38.050784+00:00,1789299937.9572244,0.09355974197387695,0.030484524290752896,0.033320841809099444,0.30810817107544786,0.011555455021267131,control_pose,robot_origin,robot_origin
10.00781390300017,2026-09-13T11:45:38.077573+00:00,1789299938.0404303,0.03714275360107422,0.031649229367216085,0.03346795856945993,0.30782967805862427,0.04183669286209401,control_pose,robot_origin,robot_origin
10.032822748999934,2026-09-13T11:45:38.102720+00:00,1789299938.0252233,0.07749676704406738,0.0313856063694009,0.03327224764703622,0.30790269977163476,0.03612372059796448,control_pose,robot_origin,robot_origin
10.06333033699957,2026-09-13T11:45:38.133236+00:00,1789299938.093689,0.039546966552734375,0.03139257295181878,0.03301714606143152,0.3070819675922394,0.06177706605421443,control_pose,robot_origin,robot_origin
10.100052927000434,2026-09-13T11:45:38.169956+00:00,1789299938.0989687,0.07098722457885742,0.03127961586059663,0.03245802520265848,0.3070378024451704,0.06226957788395214,control_pose,robot_origin,robot_origin
10.131168097999762,2026-09-13T11:45:38.201076+00:00,1789299938.1639004,0.037175655364990234,0.028087868350525392,0.027702847847529778,0.3064890205860138,0.056570678225163235,control_pose,robot_origin,robot_origin
10.181712857000093,2026-09-13T11:45:38.251617+00:00,1789299938.1685584,0.08305859565734863,0.028092806697416955,0.027506653050180588,0.3066852295904969,0.05585940438143405,control_pose,robot_origin,robot_origin
10.199488571000074,2026-09-13T11:45:38.269390+00:00,1789299938.2171736,0.052216529846191406,0.026935771897285618,0.030011784751869,0.30887940526008606,0.04896971434936489,control_pose,robot_origin,robot_origin
10.214829505000125,2026-09-13T11:45:38.284680+00:00,1789299938.2737937,0.010886192321777344,0.0272922054356962,0.032772768715712434,0.3098843991756439,0.04755606262867227,control_pose,robot_origin,robot_origin
10.260732013999586,2026-09-13T11:45:38.330639+00:00,1789299938.2453218,0.08531713485717773,0.02637003927117821,0.03162695251432596,0.3095159053639554,0.04619118640054071,control_pose,robot_origin,robot_origin
10.2787146820001,2026-09-13T11:45:38.348616+00:00,1789299938.3246722,0.023943662643432617,0.027350733576297723,0.03471311857971599,0.3096316158771515,0.057683802891102816,control_pose,robot_origin,robot_origin
10.323475342000165,2026-09-13T11:45:38.393375+00:00,1789299938.318003,0.07537198066711426,0.027414274404363545,0.03436671988654934,0.30982958310870307,0.05640814329718566,control_pose,robot_origin,robot_origin
10.343557666999914,2026-09-13T11:45:38.413465+00:00,1789299938.3802931,0.033171892166137695,0.026349573404086737,0.03808305970036604,0.3080332577228546,0.06414538453186709,control_pose,robot_origin,robot_origin
10.385150647000046,2026-09-13T11:45:38.455040+00:00,1789299938.433954,0.02108597755432129,0.026886345694263097,0.03882391659939315,0.30656349658966064,0.06487090390991614,control_pose,robot_origin,robot_origin
10.404083763000017,2026-09-13T11:45:38.473985+00:00,1789299938.3845117,0.08947324752807617,0.026522321035407075,0.038331101840916496,0.3078838303277593,0.06441805489343817,control_pose,robot_origin,robot_origin
10.442375519999587,2026-09-13T11:45:38.512271+00:00,1789299938.487133,0.025137901306152344,0.026748782680859718,0.03869748149074597,0.30662479996681213,0.06399430296363409,control_pose,robot_origin,robot_origin
10.464326643999811,2026-09-13T11:45:38.534232+00:00,1789299938.455505,0.07872700691223145,0.027088696250138836,0.039199824398188074,0.3067119548662984,0.06435138452910755,control_pose,robot_origin,robot_origin
10.487946492000447,2026-09-13T11:45:38.557848+00:00,1789299938.5404105,0.017437458038330078,0.02622838005975097,0.038781676465056834,0.30463847517967224,0.06489780982870699,control_pose,robot_origin,robot_origin
10.534870813000452,2026-09-13T11:45:38.604771+00:00,1789299938.5297196,0.07505130767822266,0.026435800843718764,0.038869747173738964,0.3048655052489479,0.06453476977137655,control_pose,robot_origin,robot_origin
10.581059993000054,2026-09-13T11:45:38.650964+00:00,1789299938.6174393,0.03352475166320801,0.02519292836482394,0.03835942463260945,0.30393022298812866,0.06797382581947276,control_pose,robot_origin,robot_origin
10.618993396000405,2026-09-13T11:45:38.688894+00:00,1789299938.6028101,0.08608388900756836,0.025372087205643438,0.03841509497243172,0.30402199449680994,0.06749010267418282,control_pose,robot_origin,robot_origin
10.674727792999875,2026-09-13T11:45:38.744632+00:00,1789299938.6735716,0.0710604190826416,0.024560539938465478,0.03844652549078859,0.30388131737709045,0.0683175484458785,control_pose,robot_origin,robot_origin
10.683022131999678,2026-09-13T11:45:38.752895+00:00,1789299938.7271883,0.025706768035888672,0.023957540844321227,0.038560580951774615,0.30392447113990784,0.06819677783053553,control_pose,robot_origin,robot_origin
10.695714741000302,2026-09-13T11:45:38.765618+00:00,1789299938.6778295,0.08778858184814453,0.024520150794966653,0.038453236827786466,0.3038751506209332,0.06831287628888913,control_pose,robot_origin,robot_origin
10.743054986999596,2026-09-13T11:45:38.812956+00:00,1789299938.7249506,0.08800554275512695,0.02398148377636416,0.038549758495989794,0.30392108496506465,0.0681912728390334,control_pose,robot_origin,robot_origin
10.780948579999858,2026-09-13T11:45:38.850776+00:00,1789299938.810443,0.04033303260803223,0.023383296869219312,0.03856216507406136,0.3039366900920868,0.068614950864379,control_pose,robot_origin,robot_origin
10.817693058999794,2026-09-13T11:45:38.887596+00:00,1789299938.804591,0.08300495147705078,0.023423662064112536,0.03856205372173102,0.30393583118819323,0.0685855550149954,control_pose,robot_origin,robot_origin
10.845146988000124,2026-09-13T11:45:38.915050+00:00,1789299938.8701718,0.044878244400024414,0.023081494686709125,0.03842669987618111,0.3039364218711853,0.06877833334668611,control_pose,robot_origin,robot_origin
10.861242328999651,2026-09-13T11:45:38.931138+00:00,1789299938.9238195,0.0073184967041015625,0.022859713655019646,0.03841943194762355,0.30394184589385986,0.06945752900698135,control_pose,robot_origin,robot_origin
10.890131946999645,2026-09-13T11:45:38.960049+00:00,1789299938.8757768,0.08427214622497559,0.023057945040707774,0.038429809620398075,0.3039412258247617,0.0688411096774557,control_pose,robot_origin,robot_origin
10.921845836000102,2026-09-13T11:45:38.991751+00:00,1789299938.9772012,0.014549732208251953,0.0225545467203117,0.0384759761838486,0.30396950244903564,0.06997278996556262,control_pose,robot_origin,robot_origin
10.951785684000242,2026-09-13T11:45:39.021689+00:00,1789299938.9462008,0.07548809051513672,0.02274103891640898,0.03844497678754214,0.3039632953703748,0.06975523924355359,control_pose,robot_origin,robot_origin
10.995687386999634,2026-09-13T11:45:39.065591+00:00,1789299939.033607,0.03198409080505371,0.022274434876431944,0.03851949561849802,0.3039686977863312,0.06985249937375268,control_pose,robot_origin,robot_origin
11.013416505999885,2026-09-13T11:45:39.083317+00:00,1789299939.0107913,0.0725257396697998,0.022375018804310316,0.038496604476698615,0.3039786618280556,0.06996272985078703,control_pose,robot_origin,robot_origin
11.043854362000275,2026-09-13T11:45:39.113757+00:00,1789299939.0870297,0.02672719955444336,0.022022791229899703,0.03848488132268667,0.30397462844848633,0.06982588158692536,control_pose,robot_origin,robot_origin
11.081856920000064,2026-09-13T11:45:39.151758+00:00,1789299939.0801268,0.07163119316101074,0.02203706050653846,0.038492332894583675,0.3039757616547259,0.06980709488131975,control_pose,robot_origin,robot_origin
11.1199472899998,2026-09-13T11:45:39.189853+00:00,1789299939.1573763,0.03247666358947754,0.021796439266257045,0.03849505824664828,0.30505499243736267,0.06999897638958243,control_pose,robot_origin,robot_origin
11.153721763000249,2026-09-13T11:45:39.223629+00:00,1789299939.1472368,0.07639217376708984,0.021826578095107574,0.03849042856040342,0.3051406180459147,0.06996900379688928,control_pose,robot_origin,robot_origin
11.172756451999703,2026-09-13T11:45:39.242662+00:00,1789299939.210345,0.03231692314147949,0.021744600924644142,0.03854868260796274,0.30470356345176697,0.07013938757758596,control_pose,robot_origin,robot_origin
11.202652072000092,2026-09-13T11:45:39.272550+00:00,1789299939.26357,0.008980035781860352,0.02173421403870055,0.03855099926400671,0.3042035698890686,0.07012355790990307,control_pose,robot_origin,robot_origin
11.223741040999812,2026-09-13T11:45:39.293639+00:00,1789299939.2282016,0.06543731689453125,0.021737784766658788,0.03854473235512071,0.3044645554066964,0.07015210978449085,control_pose,robot_origin,robot_origin
11.270550090999677,2026-09-13T11:45:39.340454+00:00,1789299939.316925,0.023529052734375,0.021697370337259034,0.038497816764720395,0.30405759811401367,0.06983435476521883,control_pose,robot_origin,robot_origin
11.29207200899964,2026-09-13T11:45:39.361973+00:00,1789299939.2881107,0.07386231422424316,0.021733795955874997,0.038536161527804286,0.3041136316503969,0.069943943794639,control_pose,robot_origin,robot_origin
11.323364629000025,2026-09-13T11:45:39.393272+00:00,1789299939.3670282,0.02624368667602539,0.021663769096665536,0.038497717136015845,0.3054182827472687,0.06992709552588812,control_pose,robot_origin,robot_origin
11.370234930000152,2026-09-13T11:45:39.440136+00:00,1789299939.3582358,0.08190011978149414,0.021657160793410325,0.038484518084849505,0.30525395971488833,0.0698825646674643,control_pose,robot_origin,robot_origin
11.415377497000009,2026-09-13T11:45:39.485283+00:00,1789299939.4471881,0.03809475898742676,0.021595431427573628,0.03858332375982899,0.3050362467765808,0.07019873008278467,control_pose,robot_origin,robot_origin
11.438463813999988,2026-09-13T11:45:39.508366+00:00,1789299939.428809,0.07955718040466309,0.02161796601606252,0.03856012616012121,0.3054981575322508,0.0702020880898866,control_pose,robot_origin,robot_origin
11.478514379000444,2026-09-13T11:45:39.548421+00:00,1789299939.5068815,0.04153943061828613,0.021498820049830406,0.03857829798990607,0.3043151795864105,0.06992748891763835,control_pose,robot_origin,robot_origin
11.500996474000203,2026-09-13T11:45:39.570901+00:00,1789299939.4990814,0.07181954383850098,0.02149598408168412,0.038580276572165846,0.30437150154379566,0.06996865408773695,control_pose,robot_origin,robot_origin
11.524718407000364,2026-09-13T11:45:39.594621+00:00,1789299939.5575626,0.037058353424072266,0.021447620540284873,0.038561289177792196,0.3041566014289856,0.06988838023834511,control_pose,robot_origin,robot_origin
11.547091983999962,2026-09-13T11:45:39.616932+00:00,1789299939.6105783,0.006353616714477539,0.02141107707392382,0.038551322620299616,0.3040523827075958,0.07006495426405972,control_pose,robot_origin,robot_origin
11.57735664699976,2026-09-13T11:45:39.647198+00:00,1789299939.5737746,0.07342338562011719,0.02141735427593687,0.03853386941263288,0.3041085160573479,0.06992061126599076,control_pose,robot_origin,robot_origin
11.617739966000045,2026-09-13T11:45:39.687636+00:00,1789299939.6635628,0.024073123931884766,0.021440606572920115,0.03862784631493929,0.3047022521495819,0.07015761049845624,control_pose,robot_origin,robot_origin
11.639298301999588,2026-09-13T11:45:39.709201+00:00,1789299939.6394026,0.06979846954345703,0.02144204560800437,0.03859596066629145,0.30443893640436515,0.07020807155644075,control_pose,robot_origin,robot_origin
11.68583239399959,2026-09-13T11:45:39.755736+00:00,1789299939.7171366,0.038599491119384766,0.02143780143770935,0.03865976915902158,0.30417096614837646,0.06993480910367858,control_pose,robot_origin,robot_origin
11.713134956000431,2026-09-13T11:45:39.782983+00:00,1789299939.708907,0.07407617568969727,0.0214353828241913,0.038659095418251375,0.3042152951836747,0.06995344272831329,control_pose,robot_origin,robot_origin
11.738533517999713,2026-09-13T11:45:39.808454+00:00,1789299939.7737358,0.03471827507019043,0.021359901789272766,0.0386140532861301,0.30404964089393616,0.06966690751814537,control_pose,robot_origin,robot_origin
11.769149335000293,2026-09-13T11:45:39.839051+00:00,1789299939.781305,0.057745933532714844,0.021367049843241854,0.038612245322781166,0.30404266455563195,0.06964382964019533,control_pose,robot_origin,robot_origin
11.817906068000411,2026-09-13T11:45:39.887803+00:00,1789299939.836853,0.050950050354003906,0.02129709051193117,0.03859231196586539,0.3045058250427246,0.06980597956270507,control_pose,robot_origin,robot_origin
11.836739497999588,2026-09-13T11:45:39.906160+00:00,1789299939.8450851,0.06107497215270996,0.02130664026292297,0.038606150365145,0.30443331401342794,0.06989382928122634,control_pose,robot_origin,robot_origin
11.869778510000287,2026-09-13T11:45:39.939684+00:00,1789299939.900132,0.03955197334289551,0.02126061929065027,0.03867496081419732,0.30432379245758057,0.07010118957036174,control_pose,robot_origin,robot_origin
11.905583292999836,2026-09-13T11:45:39.975484+00:00,1789299939.9178095,0.057674407958984375,0.021245381533243533,0.03869426825133031,0.30436516658936724,0.07006469075945673,control_pose,robot_origin,robot_origin
11.930784213000152,2026-09-13T11:45:40.000691+00:00,1789299939.9535513,0.047139644622802734,0.021203782448231914,0.038715725020012616,0.3049129545688629,0.06981386904159144,control_pose,robot_origin,robot_origin
11.950327534999815,2026-09-13T11:45:40.020236+00:00,1789299940.008955,0.011281013488769531,0.021148211684090937,0.038680625254216776,0.30428531765937805,0.06949948026446207,control_pose,robot_origin,robot_origin
11.984527083999637,2026-09-13T11:45:40.054419+00:00,1789299939.9859238,0.06849527359008789,0.02118136987446708,0.038706126367387926,0.30446052341409713,0.06962890986825533,control_pose,robot_origin,robot_origin
12.011905074000424,2026-09-13T11:45:40.081802+00:00,1789299940.0609403,0.02086162567138672,0.021138274816632135,0.03863374124561137,0.3045402765274048,0.06965229675563468,control_pose,robot_origin,robot_origin
12.062730902000112,2026-09-13T11:45:40.132634+00:00,1789299940.057979,0.07465481758117676,0.021129244419513856,0.03863224120875175,0.3045832065087452,0.06962260101049554,control_pose,robot_origin,robot_origin
12.077419418999852,2026-09-13T11:45:40.147326+00:00,1789299940.1169386,0.030387401580810547,0.021157158292523535,0.038701692796945575,0.3041381239891052,0.06993109578060505,control_pose,robot_origin,robot_origin
12.11133517899998,2026-09-13T11:45:40.181242+00:00,1789299940.170422,0.01081991195678711,0.0211398048358244,0.03871950131758992,0.30430087447166443,0.06965974041703327,control_pose,robot_origin,robot_origin
12.145182037999803,2026-09-13T11:45:40.215077+00:00,1789299940.1280878,0.08698916435241699,0.02115509645063736,0.03870196572308762,0.3043104298619472,0.0698983791458438,control_pose,robot_origin,robot_origin
12.165878730999793,2026-09-13T11:45:40.235784+00:00,1789299940.2269053,0.008878707885742188,0.022353745379708415,0.03877231368343309,0.3046833872795105,0.05912952306462756,control_pose,robot_origin,robot_origin
12.22168378599963,2026-09-13T11:45:40.291591+00:00,1789299940.1991978,0.09239315986633301,0.022643186008282863,0.03885368721958468,0.30442454254960083,0.068314686759044,control_pose,robot_origin,robot_origin
12.227441965000253,2026-09-13T11:45:40.297346+00:00,1789299940.2803094,0.01703667640686035,0.019774762777378496,0.03867764662416399,0.3063313066959381,0.035375613203131706,control_pose,robot_origin,robot_origin
12.268585576999612,2026-09-13T11:45:40.338485+00:00,1789299940.26846,0.07002496719360352,0.020011843127871548,0.038733536090749095,0.3059487287256417,0.04058564814619209,control_pose,robot_origin,robot_origin
12.279311301999769,2026-09-13T11:45:40.349225+00:00,1789299940.336933,0.012292146682739258,0.019415868407519438,0.0388241745317263,0.3088738024234772,0.017886334921300578,control_pose,robot_origin,robot_origin
12.339866325000003,2026-09-13T11:45:40.409767+00:00,1789299940.3567572,0.053009748458862305,0.019410170727045484,0.038857433909973135,0.3094917675305318,0.010959548327843316,control_pose,robot_origin,robot_origin
12.384703884000373,2026-09-13T11:45:40.454604+00:00,1789299940.400077,0.05452680587768555,0.01958169730036731,0.03875119796732231,0.3109138607978821,-0.0033156043198426435,control_pose,robot_origin,robot_origin
12.395442410000214,2026-09-13T11:45:40.465342+00:00,1789299940.4535153,0.011826753616333008,0.019547358012604023,0.038903440615573534,0.3121738135814667,-0.016957232574270526,control_pose,robot_origin,robot_origin
12.413017343999854,2026-09-13T11:45:40.482918+00:00,1789299940.407671,0.07524704933166504,0.019601339212883,0.03877886004484285,0.31116120169776235,-0.006085232152544874,control_pose,robot_origin,robot_origin
12.447989444999621,2026-09-13T11:45:40.517896+00:00,1789299940.505226,0.012670040130615234,0.019494191629489243,0.03917419572799748,0.31324273347854614,-0.03412097169959768,control_pose,robot_origin,robot_origin
12.481914517000405,2026-09-13T11:45:40.551820+00:00,1789299940.4808533,0.07096672058105469,0.019548750574295892,0.03909968018222518,0.31279657749710116,-0.026609410865691505,control_pose,robot_origin,robot_origin
12.50986440700035,2026-09-13T11:45:40.579770+00:00,1789299940.5570586,0.022711515426635742,0.01913117595517711,0.03960211020751172,0.31404444575309753,-0.04997742814513549,control_pose,robot_origin,robot_origin
12.562124451999807,2026-09-13T11:45:40.632034+00:00,1789299940.5500648,0.0819692611694336,0.01920241209772616,0.03957360251821663,0.3139189798055058,-0.04748855569352408,control_pose,robot_origin,robot_origin
12.575299963999896,2026-09-13T11:45:40.645206+00:00,1789299940.610079,0.03512692451477051,0.018969821219675394,0.0402744640571348,0.31476542353630066,-0.06691143387993062,control_pose,robot_origin,robot_origin
12.614198279000448,2026-09-13T11:45:40.684100+00:00,1789299940.6217,0.062399864196777344,0.01891484312618706,0.040494866994775044,0.3148964573831085,-0.07102225928991834,control_pose,robot_origin,robot_origin
12.635972402000334,2026-09-13T11:45:40.705704+00:00,1789299940.6645994,0.04110455513000488,0.018556755005330168,0.04128346583344441,0.3151930570602417,-0.08519616700610994,control_pose,robot_origin,robot_origin
12.656891120999717,2026-09-13T11:45:40.726794+00:00,1789299940.7174613,0.009332656860351562,0.017988089016114952,0.04270790729744226,0.3154846429824829,-0.10309127392974814,control_pose,robot_origin,robot_origin
12.68426181399991,2026-09-13T11:45:40.754163+00:00,1789299940.6859388,0.06822419166564941,0.018347123350879933,0.04183099371776735,0.31530009081199994,-0.09267323646699437,control_pose,robot_origin,robot_origin
12.734269008999945,2026-09-13T11:45:40.804177+00:00,1789299940.7718043,0.03237271308898926,0.017335623975404814,0.04417460546416872,0.3158065378665924,-0.11981829787943754,control_pose,robot_origin,robot_origin
12.77575471900036,2026-09-13T11:45:40.845660+00:00,1789299940.758917,0.08674287796020508,0.017464966029668898,0.04384182613784502,0.31574616916875853,-0.11592818597927036,control_pose,robot_origin,robot_origin
12.786243984000066,2026-09-13T11:45:40.856155+00:00,1789299940.8233206,0.03283429145812988,0.01684586678364588,0.04571603947979927,0.31592854857444763,-0.1376864439248604,control_pose,robot_origin,robot_origin
12.826693064999745,2026-09-13T11:45:40.896595+00:00,1789299940.8339884,0.0626065731048584,0.016766800333189953,0.046007328164900836,0.31593666287649774,-0.14128233368167653,control_pose,robot_origin,robot_origin
12.860605976000443,2026-09-13T11:45:40.930520+00:00,1789299940.8768008,0.053719282150268555,0.016386328154078277,0.047286450665304305,0.3160155415534973,-0.1556783902782953,control_pose,robot_origin,robot_origin
12.879972648999683,2026-09-13T11:45:40.949878+00:00,1789299940.9303071,0.01957082748413086,0.01609456826862531,0.04879030347920236,0.31617581844329834,-0.17190622014001133,control_pose,robot_origin,robot_origin
12.919930600999578,2026-09-13T11:45:40.989836+00:00,1789299940.9000943,0.08974170684814453,0.016263547453607353,0.0479961272388582,0.3160841683486161,-0.16281934896167347,control_pose,robot_origin,robot_origin
12.950293124999916,2026-09-13T11:45:41.020191+00:00,1789299940.984122,0.03606891632080078,0.015837288324169807,0.049910918803268395,0.3163374960422516,-0.1857884413413902,control_pose,robot_origin,robot_origin
12.988924737999696,2026-09-13T11:45:41.058828+00:00,1789299940.9676344,0.09119367599487305,0.01587637935643884,0.0497644664067263,0.31632436952273746,-0.18357206656300926,control_pose,robot_origin,robot_origin
13.011821252999653,2026-09-13T11:45:41.081727+00:00,1789299941.0366633,0.04506373405456543,0.01567796956208994,0.05139878669231303,0.31656214594841003,-0.20557827979719445,control_pose,robot_origin,robot_origin
13.063067070000216,2026-09-13T11:45:41.132974+00:00,1789299941.0449355,0.08803844451904297,0.01565626659567687,0.05155225027733915,0.31660477949584465,-0.20755966214607627,control_pose,robot_origin,robot_origin
13.095557732999623,2026-09-13T11:45:41.165463+00:00,1789299941.123322,0.042140960693359375,0.01540415888609575,0.05329656226233893,0.3168407380580902,-0.23071173672621986,control_pose,robot_origin,robot_origin
13.126368950999677,2026-09-13T11:45:41.196278+00:00,1789299941.110098,0.08618021011352539,0.015412510932797805,0.053032959311628276,0.3168286207435681,-0.22692500316261582,control_pose,robot_origin,robot_origin
13.155890535999788,2026-09-13T11:45:41.225795+00:00,1789299941.1851838,0.04061126708984375,0.015718351769287583,0.054286319034953005,0.31657519936561584,-0.24795197410382766,control_pose,robot_origin,robot_origin
13.200668890999623,2026-09-13T11:45:41.270572+00:00,1789299941.1812077,0.08936429023742676,0.015695343644744786,0.05422554031630534,0.3165871496458695,-0.24683483551876445,control_pose,robot_origin,robot_origin
13.267879353000353,2026-09-13T11:45:41.337783+00:00,1789299941.26007,0.0777130126953125,0.016571390350655378,0.05501922862204507,0.3166666030883789,-0.2698180252658116,control_pose,robot_origin,robot_origin
13.272351515000082,2026-09-13T11:45:41.342253+00:00,1789299941.2578144,0.08443856239318848,0.016541541289078043,0.05500416829117295,0.31666670905031724,-0.26917267522614835,control_pose,robot_origin,robot_origin
13.303333269999712,2026-09-13T11:45:41.373248+00:00,1789299941.3334622,0.03978586196899414,0.01780550015017455,0.055386505611158696,0.31653836369514465,-0.2926117600602999,control_pose,robot_origin,robot_origin
13.337701051000295,2026-09-13T11:45:41.407607+00:00,1789299941.3239677,0.08363938331604004,0.017625214098285165,0.05536558111533755,0.31655382123556874,-0.2896932594783973,control_pose,robot_origin,robot_origin
13.372387633000471,2026-09-13T11:45:41.442292+00:00,1789299941.396681,0.045610904693603516,0.018912878890725682,0.0555240459796075,0.3167402446269989,-0.31109013491318643,control_pose,robot_origin,robot_origin
13.419232748000468,2026-09-13T11:45:41.489102+00:00,1789299941.3900833,0.09901857376098633,0.01879149458779203,0.05553465101013953,0.31671257209311665,-0.3091712498340988,control_pose,robot_origin,robot_origin
13.451128116999826,2026-09-13T11:45:41.521033+00:00,1789299941.476923,0.04411005973815918,0.019868496848945497,0.05606337414385303,0.317056268453598,-0.33455333479951926,control_pose,robot_origin,robot_origin
13.478635264999866,2026-09-13T11:45:41.548534+00:00,1789299941.4644258,0.08410811424255371,0.019709926507527127,0.055969306092479576,0.3169899786813973,-0.3307500107827532,control_pose,robot_origin,robot_origin
13.506149132000246,2026-09-13T11:45:41.576055+00:00,1789299941.5299394,0.04611563682556152,0.020489779175335274,0.05660355939296036,0.31742390990257263,-0.35019928799606004,control_pose,robot_origin,robot_origin
13.532883505000427,2026-09-13T11:45:41.602783+00:00,1789299941.5285547,0.07422828674316406,0.02047338139709997,0.056589645398688486,0.31741503726231646,-0.34977944219708773,control_pose,robot_origin,robot_origin
13.54901571099981,2026-09-13T11:45:41.618916+00:00,1789299941.5833614,0.03555464744567871,0.02104986195903865,0.05725734415424608,0.3174996078014374,-0.3677529504726788,control_pose,robot_origin,robot_origin
13.582323823000479,2026-09-13T11:45:41.652185+00:00,1789299941.6334958,0.01868915557861328,0.021771632489507718,0.05760047547461069,0.3175211548805237,-0.3815819703123263,control_pose,robot_origin,robot_origin
13.605967671999679,2026-09-13T11:45:41.675872+00:00,1789299941.6056623,0.07020974159240723,0.021430081436990264,0.05727681980705172,0.31750764524173575,-0.3754517189886749,control_pose,robot_origin,robot_origin
13.62984695599971,2026-09-13T11:45:41.699749+00:00,1789299941.6869748,0.012774229049682617,0.022670407968814164,0.058787646872180084,0.31737396121025085,-0.4063176424515996,control_pose,robot_origin,robot_origin
13.667346320000433,2026-09-13T11:45:41.737249+00:00,1789299941.6670399,0.07020902633666992,0.022437717772209306,0.058019946355158086,0.3174638446546518,-0.39913964617455355,control_pose,robot_origin,robot_origin
13.692896280999776,2026-09-13T11:45:41.762803+00:00,1789299941.746202,0.016601085662841797,0.022712653654301525,0.06138233034999631,0.31649160385131836,-0.4281528784509178,control_pose,robot_origin,robot_origin
13.742192495000381,2026-09-13T11:45:41.812029+00:00,1789299941.7379363,0.07409262657165527,0.022657859839774835,0.06120970115451596,0.316617138404059,-0.4264657687589084,control_pose,robot_origin,robot_origin
13.764096928000072,2026-09-13T11:45:41.833999+00:00,1789299941.796654,0.037344932556152344,0.02292895958374471,0.06381632852992779,0.31551527976989746,-0.4500608683942141,control_pose,robot_origin,robot_origin
13.788179103000402,2026-09-13T11:45:41.858081+00:00,1789299941.8500164,0.008064746856689453,0.02331128212174327,0.06578126545398781,0.3149980306625366,-0.4715405999951728,control_pose,robot_origin,robot_origin
13.810153364000143,2026-09-13T11:45:41.880060+00:00,1789299941.815129,0.06493091583251953,0.02298068292687169,0.06453767156045541,0.3153173071414404,-0.4573974708640712,control_pose,robot_origin,robot_origin
13.836718511999607,2026-09-13T11:45:41.906623+00:00,1789299941.900549,0.006073951721191406,0.02383824019944998,0.06724737221590953,0.3147161900997162,-0.49163106417733715,control_pose,robot_origin,robot_origin
13.882801572000062,2026-09-13T11:45:41.952705+00:00,1789299941.8921185,0.06058645248413086,0.023728704190923412,0.06702160882688007,0.31474119422339575,-0.48833410391597315,control_pose,robot_origin,robot_origin
13.91424162200019,2026-09-13T11:45:41.984145+00:00,1789299941.9534075,0.03073740005493164,0.024353115243700905,0.06880122725359815,0.3145173490047455,-0.5144986950961723,control_pose,robot_origin,robot_origin
13.953621112000292,2026-09-13T11:45:42.023524+00:00,1789299941.9478774,0.07564663887023926,0.024299380387866366,0.06863537007659645,0.31453147762549805,-0.5123914885199394,control_pose,robot_origin,robot_origin
13.993428431999746,2026-09-13T11:45:42.063330+00:00,1789299942.017426,0.045903921127319336,0.025451021853329363,0.0707392818191221,0.313620388507843,-0.5437053274528181,control_pose,robot_origin,robot_origin
14.031203585000185,2026-09-13T11:45:42.101109+00:00,1789299942.02182,0.07928895950317383,0.02565347683139519,0.07066618000401406,0.31356319665036625,-0.5457481874358868,control_pose,robot_origin,robot_origin
14.05741860299986,2026-09-13T11:45:42.127326+00:00,1789299942.0898423,0.03748369216918945,0.024526132306185517,0.06856635459596663,0.3121985197067261,-0.5795178977004547,control_pose,robot_origin,robot_origin
14.082582816000468,2026-09-13T11:45:42.152487+00:00,1789299942.1412165,0.011270523071289062,0.023107995521708773,0.06943149336137176,0.3122182786464691,-0.6053114741300776,control_pose,robot_origin,robot_origin
14.108588895999674,2026-09-13T11:45:42.178491+00:00,1789299942.0891964,0.0892946720123291,0.024549136201643604,0.06858326143653114,0.31221465557977157,-0.579176450001709,control_pose,robot_origin,robot_origin
14.138234582999758,2026-09-13T11:45:42.208118+00:00,1789299942.1935663,0.014551639556884766,0.023856816665511975,0.07180756703424959,0.31135094165802,-0.6304783763136149,control_pose,robot_origin,robot_origin
14.183040586000061,2026-09-13T11:45:42.252945+00:00,1789299942.187128,0.06581687927246094,0.023664942479494404,0.07149733280813436,0.31150590603877104,-0.6274934518954567,control_pose,robot_origin,robot_origin
14.221004676999655,2026-09-13T11:45:42.290904+00:00,1789299942.246678,0.04422593116760254,0.025532486997932757,0.07479168081161879,0.3104040324687958,-0.6549204183335935,control_pose,robot_origin,robot_origin
14.245232299000236,2026-09-13T11:45:42.315135+00:00,1789299942.2382524,0.07688260078430176,0.025180824131858983,0.07414936703939011,0.3104572161507256,-0.6498986481777819,control_pose,robot_origin,robot_origin
14.272461448000286,2026-09-13T11:45:42.342365+00:00,1789299942.3032944,0.03907060623168945,0.026970803098581887,0.07588791924265785,0.3107108175754547,-0.677524373743658,control_pose,robot_origin,robot_origin
14.298137974999918,2026-09-13T11:45:42.368036+00:00,1789299942.3026354,0.06540060043334961,0.02695128411540277,0.07586479961658657,0.31071334132505707,-0.6773070052938819,control_pose,robot_origin,robot_origin
14.321531090000462,2026-09-13T11:45:42.391439+00:00,1789299942.3598363,0.03160262107849121,0.02937632115286684,0.07698216983800603,0.3103143870830536,-0.6985186838948694,control_pose,robot_origin,robot_origin
14.350470565999785,2026-09-13T11:45:42.420352+00:00,1789299942.4132075,0.007144451141357422,0.03140610803500881,0.07756088206997536,0.31047549843788147,-0.7173792373882605,control_pose,robot_origin,robot_origin
14.374037673999737,2026-09-13T11:45:42.443937+00:00,1789299942.368408,0.07552909851074219,0.029697992917206564,0.07708285148646027,0.310285204661756,-0.7020603531932642,control_pose,robot_origin,robot_origin
14.410384306999731,2026-09-13T11:45:42.480292+00:00,1789299942.4633312,0.016960859298706055,0.03295103084129421,0.07826556242415457,0.31048184633255005,-0.7353030095553981,control_pose,robot_origin,robot_origin
14.447838996000428,2026-09-13T11:45:42.517735+00:00,1789299942.4462578,0.07147717475891113,0.03248817373682697,0.07798840777862628,0.31051855040932036,-0.72907202276543,control_pose,robot_origin,robot_origin
14.478094602000056,2026-09-13T11:45:42.547842+00:00,1789299942.516826,0.031016111373901367,0.034375100872504255,0.0794837750219141,0.31190139055252075,-0.755335033330028,control_pose,robot_origin,robot_origin
14.521209385000475,2026-09-13T11:45:42.591108+00:00,1789299942.505406,0.08570218086242676,0.03402857275722192,0.07924469415292065,0.31162320810875116,-0.7508518044909327,control_pose,robot_origin,robot_origin
14.55645653800002,2026-09-13T11:45:42.626363+00:00,1789299942.5766346,0.0497283935546875,0.03440761682738122,0.08156449403336155,0.312790185213089,-0.7785248742146214,control_pose,robot_origin,robot_origin
14.601262541999859,2026-09-13T11:45:42.671159+00:00,1789299942.5779436,0.0932154655456543,0.034430255487583966,0.08160710654227928,0.31279696747813657,-0.7790153604316161,control_pose,robot_origin,robot_origin
14.622664485000314,2026-09-13T11:45:42.692568+00:00,1789299942.6302292,0.062338829040527344,0.034488745664937155,0.08189766590997447,0.31306058168411255,-0.802800246327313,control_pose,robot_origin,robot_origin
14.629519199000242,2026-09-13T11:45:42.699427+00:00,1789299942.685978,0.013448953628540039,0.034828870516365476,0.08231552638653004,0.3133836090564728,-0.8282201599095224,control_pose,robot_origin,robot_origin
14.670738685000288,2026-09-13T11:45:42.740640+00:00,1789299942.6455057,0.09513425827026367,0.034510126358239905,0.08206098874942057,0.3131714088642787,-0.8126310527602421,control_pose,robot_origin,robot_origin
14.704004170999724,2026-09-13T11:45:42.773878+00:00,1789299942.7403674,0.033510684967041016,0.03419017604025054,0.08185953392894621,0.3133392035961151,-0.8582061630793483,control_pose,robot_origin,robot_origin
14.740896336000333,2026-09-13T11:45:42.810796+00:00,1789299942.7218242,0.08897185325622559,0.03473776681399512,0.08205015865811302,0.3133517880965489,-0.8493593617018577,control_pose,robot_origin,robot_origin
14.759196617999805,2026-09-13T11:45:42.829105+00:00,1789299942.7938004,0.03530454635620117,0.034982482203033155,0.08298651361257625,0.31281420588493347,-0.8838224840887735,control_pose,robot_origin,robot_origin
14.811760165000123,2026-09-13T11:45:42.881667+00:00,1789299942.7926745,0.08899235725402832,0.03496581142799096,0.08297668256965596,0.31286993532387175,-0.8832550845997464,control_pose,robot_origin,robot_origin
14.851475991999905,2026-09-13T11:45:42.921375+00:00,1789299942.8664753,0.05489969253540039,0.036069845821196836,0.0839038547988936,0.3124023973941803,-0.9210394647436776,control_pose,robot_origin,robot_origin
14.871831675000067,2026-09-13T11:45:42.941739+00:00,1789299942.8615413,0.08019781112670898,0.03590691470120626,0.08383256655864729,0.31235027199318555,-0.9184144332495836,control_pose,robot_origin,robot_origin
14.899588211000264,2026-09-13T11:45:42.969496+00:00,1789299942.9332185,0.03627753257751465,0.03685581049710575,0.0826657851654574,0.3130384683609009,-0.9488041948661825,control_pose,robot_origin,robot_origin
14.929968911000287,2026-09-13T11:45:42.999873+00:00,1789299942.9333937,0.06647920608520508,0.03684744710704054,0.08265615542305417,0.31303710239984067,-0.9488806730171655,control_pose,robot_origin,robot_origin
14.949614252999709,2026-09-13T11:45:43.019519+00:00,1789299942.9866035,0.032915592193603516,0.036437184411854784,0.08024664823521208,0.312004417181015,-0.9729264995279728,control_pose,robot_origin,robot_origin
14.97772587899999,2026-09-13T11:45:43.047630+00:00,1789299943.0398777,0.007752418518066406,0.036654559229168604,0.0785767614621272,0.3109479248523712,-1.0029183566857132,control_pose,robot_origin,robot_origin
15.018203726999673,2026-09-13T11:45:43.088101+00:00,1789299943.0037823,0.08431863784790039,0.03671703154248933,0.07943052841249977,0.31162450308731,-0.9836327763820213,control_pose,robot_origin,robot_origin
15.050195867999719,2026-09-13T11:45:43.120100+00:00,1789299943.0931551,0.026944875717163086,0.035048040498004265,0.07609402039954385,0.309248149394989,-1.0289473672071001,control_pose,robot_origin,robot_origin
15.081562026000029,2026-09-13T11:45:43.151467+00:00,1789299943.084966,0.06650114059448242,0.03532195426214312,0.07641258400956899,0.30962154415097753,-1.0269680369183174,control_pose,robot_origin,robot_origin
15.110107817000426,2026-09-13T11:45:43.180012+00:00,1789299943.144767,0.03524494171142578,0.03366996450315554,0.07436117348973365,0.308767706155777,-1.0280442728596753,control_pose,robot_origin,robot_origin
15.161501864000456,2026-09-13T11:45:43.231404+00:00,1789299943.1413524,0.09005165100097656,0.033727313151421204,0.07448247974296118,0.30875683346385696,-1.028280924743388,control_pose,robot_origin,robot_origin
15.197257363000062,2026-09-13T11:45:43.267160+00:00,1789299943.22332,0.04383993148803711,0.03621146607602816,0.07379570737715711,0.30763840675354004,-1.0169692348046104,control_pose,robot_origin,robot_origin
15.221525595000458,2026-09-13T11:45:43.291435+00:00,1789299943.2734137,0.018021345138549805,0.036970972178527246,0.07383736995230088,0.3081190586090088,-1.0122959526593027,control_pose,robot_origin,robot_origin
15.24583686799997,2026-09-13T11:45:43.315741+00:00,1789299943.2236044,0.09213662147521973,0.036207224435255564,0.07380273090258282,0.30763596873639215,-1.0169359543398486,control_pose,robot_origin,robot_origin
15.295610226000463,2026-09-13T11:45:43.365518+00:00,1789299943.2784123,0.08710575103759766,0.03711984645237147,0.07404126109271807,0.3080816340852471,-1.0118662123527198,control_pose,robot_origin,robot_origin
15.326666255999953,2026-09-13T11:45:43.396571+00:00,1789299943.3464453,0.0501255989074707,0.03845752971576417,0.07652907539087046,0.30833759903907776,-1.0049997752098094,control_pose,robot_origin,robot_origin
15.366717650999817,2026-09-13T11:45:43.436619+00:00,1789299943.3478649,0.08875417709350586,0.03847326645062956,0.0765697910926129,0.3083461004920612,-1.0048931738569697,control_pose,robot_origin,robot_origin
15.381757481000022,2026-09-13T11:45:43.451664+00:00,1789299943.4164088,0.03525519371032715,0.03899670487380004,0.07869682720086144,0.3087095320224762,-0.9983397446451701,control_pose,robot_origin,robot_origin
15.411004651999974,2026-09-13T11:45:43.480840+00:00,1789299943.467581,0.013258934020996094,0.03920606973795708,0.07972793310608456,0.3087231516838074,-0.9950511570088512,control_pose,robot_origin,robot_origin
15.443839683000078,2026-09-13T11:45:43.513750+00:00,1789299943.4242897,0.08946037292480469,0.03905774447506523,0.07886030318164304,0.30871692433859416,-0.9978331162218015,control_pose,robot_origin,robot_origin
15.483442863999699,2026-09-13T11:45:43.553313+00:00,1789299943.4885752,0.06473779678344727,0.039344283876157106,0.08014714834287134,0.30872432051941495,-0.9938890152003762,control_pose,robot_origin,robot_origin
15.5039365370003,2026-09-13T11:45:43.573840+00:00,1789299943.5298176,0.044022321701049805,0.03938585645935569,0.08060569818836101,0.308797150850296,-0.9919731654296677,control_pose,robot_origin,robot_origin
15.520842414000072,2026-09-13T11:45:43.590749+00:00,1789299943.584006,0.006742954254150391,0.03935642553973189,0.08097479910544222,0.30892154574394226,-0.9904055738284936,control_pose,robot_origin,robot_origin
15.554184415000236,2026-09-13T11:45:43.624090+00:00,1789299943.559107,0.06498289108276367,0.03935573728582133,0.08082139035459628,0.30887758319168174,-0.9909907085257923,control_pose,robot_origin,robot_origin
15.59229680000044,2026-09-13T11:45:43.662199+00:00,1789299943.6377468,0.02445220947265625,0.03943793061106062,0.08123617461655941,0.3089781403541565,-0.989744756707963,control_pose,robot_origin,robot_origin
15.623554632000378,2026-09-13T11:45:43.693455+00:00,1789299943.6292236,0.06423139572143555,0.03942313777189895,0.08119982982078147,0.3089747401031676,-0.9898122752187745,control_pose,robot_origin,robot_origin
15.653098617999603,2026-09-13T11:45:43.723004+00:00,1789299943.6897259,0.03327822685241699,0.03945844625123254,0.08141490750822314,0.3089638352394104,-0.9893068641096626,control_pose,robot_origin,robot_origin
15.69390352299979,2026-09-13T11:45:43.763802+00:00,1789299943.698949,0.06485295295715332,0.03945766213402409,0.08143943131163166,0.3089631469563978,-0.989242500645056,control_pose,robot_origin,robot_origin
15.709454226999696,2026-09-13T11:45:43.779357+00:00,1789299943.7432656,0.03609132766723633,0.039578911865834426,0.08171007934682047,0.3089453876018524,-0.9885281940218567,control_pose,robot_origin,robot_origin
15.741123152,2026-09-13T11:45:43.811029+00:00,1789299943.7933447,0.017684221267700195,0.03956912102512941,0.08192622517380474,0.30897966027259827,-0.9874682608424982,control_pose,robot_origin,robot_origin
15.772322005000206,2026-09-13T11:45:43.842224+00:00,1789299943.7656746,0.07654929161071777,0.03958029909420749,0.08180444083837843,0.30895074631737934,-0.9879932612225254,control_pose,robot_origin,robot_origin
15.833561028999611,2026-09-13T11:45:43.903475+00:00,1789299943.847627,0.055848121643066406,0.03944682706864114,0.08200582760588762,0.3090125322341919,-0.9872438481336113,control_pose,robot_origin,robot_origin
15.879177087999778,2026-09-13T11:45:43.949089+00:00,1789299943.8397245,0.10936450958251953,0.03946683063070633,0.0819966454003067,0.3090083491260436,-0.9872580366474758,control_pose,robot_origin,robot_origin
15.904829838000296,2026-09-13T11:45:43.974731+00:00,1789299943.9331717,0.04155921936035156,0.03925063031057295,0.08215731713128427,0.30902099609375,-0.9874997059287562,control_pose,robot_origin,robot_origin
15.931502319000174,2026-09-13T11:45:44.001404+00:00,1789299943.9130619,0.08834218978881836,0.03929364120036945,0.08213043859374516,0.3090187538025953,-0.9874384632963951,control_pose,robot_origin,robot_origin
15.990344740999717,2026-09-13T11:45:44.060251+00:00,1789299944.0131307,0.04712033271789551,0.03915658410423651,0.0824004940117187,0.30904343724250793,-0.9872945243845157,control_pose,robot_origin,robot_origin
16.005349144999855,2026-09-13T11:45:44.075250+00:00,1789299943.9855196,0.08973026275634766,0.0391891941053447,0.08230850157272826,0.3090335270634739,-0.9873757268737051,control_pose,robot_origin,robot_origin
16.05256803700013,2026-09-13T11:45:44.122474+00:00,1789299944.0732226,0.04925131797790527,0.039164940813804415,0.08251892847926977,0.3090985417366028,-0.9870329678800458,control_pose,robot_origin,robot_origin
16.072838402999878,2026-09-13T11:45:44.142709+00:00,1789299944.0507524,0.09195661544799805,0.03916034122298602,0.08247443309201849,0.30907644097479897,-0.9871380797960051,control_pose,robot_origin,robot_origin
16.100965005000035,2026-09-13T11:45:44.170871+00:00,1789299944.1297317,0.04113936424255371,0.03916413412588883,0.08261779741912181,0.30910900235176086,-0.9867579453296683,control_pose,robot_origin,robot_origin
16.145146496000052,2026-09-13T11:45:44.215006+00:00,1789299944.1255987,0.08940744400024414,0.03915881077488223,0.08261014245317372,0.3091063676437131,-0.9867609632406326,control_pose,robot_origin,robot_origin
16.153638476000197,2026-09-13T11:45:44.223546+00:00,1789299944.1833446,0.040201425552368164,0.03913070694132785,0.08262130988725279,0.30911940336227417,-0.9867127860088106,control_pose,robot_origin,robot_origin
16.18141987600029,2026-09-13T11:45:44.251325+00:00,1789299944.234308,0.017016887664794922,0.03765581329717081,0.0813480862634625,0.3091084063053131,-0.980156249795285,control_pose,robot_origin,robot_origin
16.21789201899992,2026-09-13T11:45:44.287798+00:00,1789299944.2055233,0.0822746753692627,0.03773450860036211,0.08100268997946683,0.30910712768265125,-0.9856527809367256,control_pose,robot_origin,robot_origin
16.24765124700025,2026-09-13T11:45:44.317554+00:00,1789299944.2866974,0.030856609344482422,0.03667809088413654,0.08325509730165796,0.30950793623924255,-0.9538619216477496,control_pose,robot_origin,robot_origin
16.284881026999756,2026-09-13T11:45:44.354784+00:00,1789299944.2691665,0.0856175422668457,0.03678540617883608,0.082926970231093,0.30925077155964115,-0.9606629354988809,control_pose,robot_origin,robot_origin
16.30768768100006,2026-09-13T11:45:44.377593+00:00,1789299944.3398075,0.03778553009033203,0.03701707665084668,0.08391752369654688,0.309795081615448,-0.9336274532496301,control_pose,robot_origin,robot_origin
16.347799559000123,2026-09-13T11:45:44.417699+00:00,1789299944.329971,0.08772802352905273,0.03691473757878547,0.08381275200608583,0.3097601912505056,-0.9370469282122683,control_pose,robot_origin,robot_origin
16.39599498000007,2026-09-13T11:45:44.465892+00:00,1789299944.411567,0.054325103759765625,0.03800349820648178,0.08481271255194532,0.3097597658634186,-0.9093021981725727,control_pose,robot_origin,robot_origin
16.40929593800047,2026-09-13T11:45:44.479147+00:00,1789299944.401584,0.07756304740905762,0.03783491834904279,0.08467465079520956,0.3097897448698676,-0.9125680975582032,control_pose,robot_origin,robot_origin
16.448587294999925,2026-09-13T11:45:44.518500+00:00,1789299944.4696476,0.04885244369506836,0.03933245684808513,0.08553911099755596,0.3099280595779419,-0.8893777275294286,control_pose,robot_origin,robot_origin
16.492871063000166,2026-09-13T11:45:44.562772+00:00,1789299944.4762168,0.08655524253845215,0.03941824938596625,0.085600302600375,0.30994903815639896,-0.8881727513430157,control_pose,robot_origin,robot_origin
16.534844699000132,2026-09-13T11:45:44.604703+00:00,1789299944.5632324,0.04147052764892578,0.04132563628063436,0.08630406963208516,0.31022909283638,-0.8602340992939328,control_pose,robot_origin,robot_origin
16.56586933499966,2026-09-13T11:45:44.635775+00:00,1789299944.543155,0.0926201343536377,0.04085781638164712,0.08617520473040735,0.31018073283176834,-0.866433940303376,control_pose,robot_origin,robot_origin
16.59028179699999,2026-09-13T11:45:44.660186+00:00,1789299944.6143456,0.04584050178527832,0.042871818442980505,0.0865740379437981,0.3098812401294708,-0.8458796927644109,control_pose,robot_origin,robot_origin
16.620758629000193,2026-09-13T11:45:44.690666+00:00,1789299944.6086097,0.08205628395080566,0.04271440024675198,0.08656030629211499,0.3099192753002129,-0.8473809114863683,control_pose,robot_origin,robot_origin
16.638318043000254,2026-09-13T11:45:44.708221+00:00,1789299944.6763418,0.03187918663024902,0.04465215053291027,0.08681428152946537,0.3095293641090393,-0.8289338825133978,control_pose,robot_origin,robot_origin
16.66342314800022,2026-09-13T11:45:44.733324+00:00,1789299944.7265496,0.006774425506591797,0.04595962905199527,0.08675457547482664,0.3094863295555115,-0.8152708088561099,control_pose,robot_origin,robot_origin
16.691057244999683,2026-09-13T11:45:44.760959+00:00,1789299944.6820238,0.07893514633178711,0.04486687774804915,0.08680505531870888,0.309520707097492,-0.826809008376849,control_pose,robot_origin,robot_origin
16.747114791000058,2026-09-13T11:45:44.817022+00:00,1789299944.77814,0.03888201713562012,0.047286131359993225,0.08671343901043894,0.3093373477458954,-0.8021488247613173,control_pose,robot_origin,robot_origin
16.76368628199998,2026-09-13T11:45:44.833591+00:00,1789299944.7583878,0.07520318031311035,0.046751251093077054,0.08676632060715905,0.30940221022350406,-0.8073758994893575,control_pose,robot_origin,robot_origin
16.822079784999914,2026-09-13T11:45:44.891976+00:00,1789299944.829799,0.062177181243896484,0.04831099794489846,0.0866274889627283,0.30922162532806396,-0.7879046594575481,control_pose,robot_origin,robot_origin
16.839103618999616,2026-09-13T11:45:44.909007+00:00,1789299944.82019,0.08881711959838867,0.048133555837040085,0.08659864241350855,0.30924132240279667,-0.7904010428313449,control_pose,robot_origin,robot_origin
16.85726021499977,2026-09-13T11:45:44.927164+00:00,1789299944.8829243,0.04423975944519043,0.04930907930674548,0.08665337388064492,0.3090384900569916,-0.7744694268218844,control_pose,robot_origin,robot_origin
16.88613997399989,2026-09-13T11:45:44.956046+00:00,1789299944.9350193,0.0210268497467041,0.05022504502402855,0.08675400103554638,0.3089624047279358,-0.7630182579819952,control_pose,robot_origin,robot_origin
16.905611291999776,2026-09-13T11:45:44.975517+00:00,1789299944.8897698,0.08574724197387695,0.04942068256730581,0.08667301037859317,0.30902150753093327,-0.7729982034612198,control_pose,robot_origin,robot_origin
16.935816750000413,2026-09-13T11:45:45.005723+00:00,1789299944.9874275,0.0182955265045166,0.051280153533774644,0.08663138030855629,0.30884838104248047,-0.7520919500826603,control_pose,robot_origin,robot_origin
16.993105620999813,2026-09-13T11:45:45.063006+00:00,1789299944.968632,0.09437394142150879,0.050894864350396925,0.08668978721891818,0.30892746354182055,-0.7558300861827268,control_pose,robot_origin,robot_origin
17.017058923999684,2026-09-13T11:45:45.086974+00:00,1789299945.043018,0.04395580291748047,0.052207283268159765,0.08636898439561883,0.30847761034965515,-0.7410991395684129,control_pose,robot_origin,robot_origin
17.05417551499977,2026-09-13T11:45:45.124078+00:00,1789299945.040641,0.08343696594238281,0.052185289910993624,0.08638535172592661,0.30848927870837917,-0.741527538284883,control_pose,robot_origin,robot_origin
17.09902430300008,2026-09-13T11:45:45.168931+00:00,1789299945.1271198,0.041811227798461914,0.05290177949740406,0.08589896564974883,0.3080853819847107,-0.7239587269490402,control_pose,robot_origin,robot_origin
17.11963388500044,2026-09-13T11:45:45.189538+00:00,1789299945.1037028,0.08583521842956543,0.05269896085580095,0.08610223248160065,0.3082061851588523,-0.7291395758832117,control_pose,robot_origin,robot_origin
17.161031779999576,2026-09-13T11:45:45.230921+00:00,1789299945.1829662,0.04795479774475098,0.05333739459844547,0.085251362418308,0.30818578600883484,-0.7111715579287571,control_pose,robot_origin,robot_origin
17.189291188000425,2026-09-13T11:45:45.259194+00:00,1789299945.1734958,0.08569812774658203,0.053263521339860544,0.0853611854268823,0.3081687591141763,-0.713340056621301,control_pose,robot_origin,robot_origin
17.232504149000306,2026-09-13T11:45:45.302396+00:00,1789299945.253096,0.04929995536804199,0.05384994851460673,0.08424535347414693,0.30825185775756836,-0.6925657377278719,control_pose,robot_origin,robot_origin
17.246583451000333,2026-09-13T11:45:45.316485+00:00,1789299945.2412577,0.07522726058959961,0.05375984730684695,0.08442345299190962,0.3082455620127908,-0.695815501765945,control_pose,robot_origin,robot_origin
17.27721417900011,2026-09-13T11:45:45.347120+00:00,1789299945.3061972,0.04092288017272949,0.053750622051004754,0.0834443990686317,0.3083820343017578,-0.6795947426460643,control_pose,robot_origin,robot_origin
17.31285421499979,2026-09-13T11:45:45.382762+00:00,1789299945.35969,0.023072004318237305,0.05342293114099709,0.08256042101909945,0.308417946100235,-0.6659545632685308,control_pose,robot_origin,robot_origin
17.316305139999713,2026-09-13T11:45:45.386210+00:00,1789299945.3089821,0.07722783088684082,0.05373896773297969,0.08337914788406257,0.30838455955256744,-0.678821197787822,control_pose,robot_origin,robot_origin
17.392844646000412,2026-09-13T11:45:45.462742+00:00,1789299945.3790793,0.08366274833679199,0.053306943761604386,0.08222431351409995,0.3084375596614275,-0.6605113059815255,control_pose,robot_origin,robot_origin
17.423708281000472,2026-09-13T11:45:45.493621+00:00,1789299945.4496653,0.04395580291748047,0.052857420623033245,0.08099771074975874,0.30837947130203247,-0.640016640487698,control_pose,robot_origin,robot_origin
17.44516606599973,2026-09-13T11:45:45.515065+00:00,1789299945.5030816,0.011983394622802734,0.05263047575026448,0.0802268521314016,0.30828115344047546,-0.6258465557921933,control_pose,robot_origin,robot_origin
17.47325224999986,2026-09-13T11:45:45.543094+00:00,1789299945.450284,0.09280991554260254,0.0528545187508722,0.08098900362417487,0.30837922957998753,-0.6398656023527769,control_pose,robot_origin,robot_origin
17.528546972000186,2026-09-13T11:45:45.598450+00:00,1789299945.5197263,0.07872366905212402,0.05260805109847126,0.08006721951142019,0.308240795812143,-0.6215327757937403,control_pose,robot_origin,robot_origin
17.556148427000153,2026-09-13T11:45:45.626018+00:00,1789299945.5895815,0.03643655776977539,0.0528551441221181,0.07982339531400905,0.30798235535621643,-0.6001340676547064,control_pose,robot_origin,robot_origin
17.60656300000028,2026-09-13T11:45:45.676410+00:00,1789299945.5927365,0.08367347717285156,0.05286155505080918,0.07981710664278086,0.30796263937993623,-0.5992662700936088,control_pose,robot_origin,robot_origin
17.633072431000073,2026-09-13T11:45:45.702977+00:00,1789299945.6497102,0.05326676368713379,0.05312358814875942,0.07985052266196066,0.3072146773338318,-0.5821772023551478,control_pose,robot_origin,robot_origin
17.64917701899958,2026-09-13T11:45:45.719078+00:00,1789299945.7062674,0.012810707092285156,0.05348050641637332,0.07996842072204872,0.30636489391326904,-0.5656872158172755,control_pose,robot_origin,robot_origin
17.693527542000083,2026-09-13T11:45:45.763431+00:00,1789299945.6619573,0.10147380828857422,0.053190519262301866,0.07983823588795103,0.3070139124767186,-0.5786411304746321,control_pose,robot_origin,robot_origin
17.74712713900044,2026-09-13T11:45:45.817038+00:00,1789299945.7663975,0.05064058303833008,0.05419692961492806,0.08019494804214768,0.306164413690567,-0.5481472549119434,control_pose,robot_origin,robot_origin
17.77070903100048,2026-09-13T11:45:45.840613+00:00,1789299945.7354817,0.10513114929199219,0.05381991116284687,0.08012387909893066,0.30624552928843063,-0.5569506979044019,control_pose,robot_origin,robot_origin
17.805594821999875,2026-09-13T11:45:45.875500+00:00,1789299945.82625,0.049249887466430664,0.05467802103258236,0.08009331597748147,0.3060280680656433,-0.529298929330682,control_pose,robot_origin,robot_origin
17.829771175999667,2026-09-13T11:45:45.899675+00:00,1789299945.8024516,0.09722328186035156,0.05448673033771864,0.08013372673426701,0.30608228156514916,-0.5367934128330569,control_pose,robot_origin,robot_origin
17.86276074200032,2026-09-13T11:45:45.932664+00:00,1789299945.900082,0.03258180618286133,0.05473362511620773,0.07973916931534984,0.3058999180793762,-0.5056604972657913,control_pose,robot_origin,robot_origin
17.923964243000228,2026-09-13T11:45:45.993864+00:00,1789299945.8802998,0.11356425285339355,0.054718726601313605,0.07983405909639571,0.30593425448696715,-0.5119940115864294,control_pose,robot_origin,robot_origin
17.956022753999605,2026-09-13T11:45:46.025927+00:00,1789299945.9763467,0.04958033561706543,0.053881482824274046,0.0788198486542354,0.30565890669822693,-0.47906707687547795,control_pose,robot_origin,robot_origin
17.974889719999737,2026-09-13T11:45:46.044796+00:00,1789299945.9459097,0.09888625144958496,0.054221571496277834,0.0791867481095769,0.3057550939680394,-0.48968014684542965,control_pose,robot_origin,robot_origin
18.006330248000268,2026-09-13T11:45:46.076233+00:00,1789299946.0330806,0.0431523323059082,0.05175846784597907,0.07692451652599658,0.30531126260757446,-0.455068981610032,control_pose,robot_origin,robot_origin
18.039707193999675,2026-09-13T11:45:46.109610+00:00,1789299946.0159075,0.09370255470275879,0.05240109952216872,0.0774982291351672,0.3054164936619841,-0.4623325548746555,control_pose,robot_origin,robot_origin
18.076436340000328,2026-09-13T11:45:46.146342+00:00,1789299946.0928562,0.053485870361328125,0.050501265855150454,0.07552176962685052,0.30384767055511475,-0.4295340904825061,control_pose,robot_origin,robot_origin
18.105405416000394,2026-09-13T11:45:46.175305+00:00,1789299946.0863984,0.08890652656555176,0.05070436030909732,0.07559470986065214,0.3040870492048674,-0.4324713466986708,control_pose,robot_origin,robot_origin
18.155789073999586,2026-09-13T11:45:46.225694+00:00,1789299946.1785603,0.047133684158325195,0.04612657783110112,0.07333587265927753,0.3061918616294861,-0.3867696371982144,control_pose,robot_origin,robot_origin
18.195147249,2026-09-13T11:45:46.265053+00:00,1789299946.1504123,0.11464071273803711,0.047563363563375545,0.07405379027030826,0.3054219552336777,-0.4008051314473371,control_pose,robot_origin,robot_origin
18.217118980000123,2026-09-13T11:45:46.287018+00:00,1789299946.246181,0.04083704948425293,0.05070736943746824,0.07543589057152995,0.30546119809150696,-0.34277257038877523,control_pose,robot_origin,robot_origin
18.235983290999684,2026-09-13T11:45:46.305902+00:00,1789299946.2251194,0.08078265190124512,0.04874012406169498,0.07525722788626468,0.3058701481309163,-0.3574265002075116,control_pose,robot_origin,robot_origin
18.2693858370003,2026-09-13T11:45:46.339243+00:00,1789299946.3111918,0.028051137924194336,0.05181232333002736,0.07944734918893326,0.3020002245903015,-0.2990914654498903,control_pose,robot_origin,robot_origin
18.31777534699995,2026-09-13T11:45:46.387682+00:00,1789299946.2950451,0.0926368236541748,0.05153788678017614,0.07845102629234489,0.3028598239212721,-0.30993392716349266,control_pose,robot_origin,robot_origin
18.341808590000255,2026-09-13T11:45:46.411722+00:00,1789299946.3695312,0.0421907901763916,0.05351754866907209,0.08332317268074975,0.29883262515068054,-0.26664141311871065,control_pose,robot_origin,robot_origin
18.376056299999618,2026-09-13T11:45:46.445961+00:00,1789299946.363815,0.08214592933654785,0.053738327634567554,0.08296461590928472,0.29900442880904415,-0.26939702399226845,control_pose,robot_origin,robot_origin
18.412285356999746,2026-09-13T11:45:46.482197+00:00,1789299946.4362113,0.04598569869995117,0.05530229149984399,0.08485011467353758,0.30028632283210754,-0.23767126210708595,control_pose,robot_origin,robot_origin
18.447949585999595,2026-09-13T11:45:46.517851+00:00,1789299946.4348977,0.08295345306396484,0.05530911390194689,0.08485115938576201,0.3002714136946965,-0.2382428155786522,control_pose,robot_origin,robot_origin
18.46839512800034,2026-09-13T11:45:46.538300+00:00,1789299946.4963598,0.04194021224975586,0.05363254026802943,0.08462961298104958,0.30094361305236816,-0.21039072227897912,control_pose,robot_origin,robot_origin
18.494309712999893,2026-09-13T11:45:46.564210+00:00,1789299946.5496778,0.014532089233398438,0.054167635140135915,0.08395801752213908,0.3017924427986145,-0.1858146528784134,control_pose,robot_origin,robot_origin
18.522732104999704,2026-09-13T11:45:46.592651+00:00,1789299946.4996145,0.09303641319274902,0.05363413246999303,0.08460642407071944,0.3010170577183573,-0.20865418240230182,control_pose,robot_origin,robot_origin
18.557101708999653,2026-09-13T11:45:46.627006+00:00,1789299946.6003017,0.02670431137084961,0.053592529716485926,0.08457365895905537,0.3027983605861664,-0.16329679570805206,control_pose,robot_origin,robot_origin
18.59663064400047,2026-09-13T11:45:46.666516+00:00,1789299946.577346,0.08916997909545898,0.054158180823455034,0.08414803948957807,0.30232411208146026,-0.17555228974455972,control_pose,robot_origin,robot_origin
18.62521749299958,2026-09-13T11:45:46.695124+00:00,1789299946.652722,0.042402029037475586,0.05330954058474428,0.08473688301154994,0.30371877551078796,-0.13816155911300107,control_pose,robot_origin,robot_origin
18.666764546000195,2026-09-13T11:45:46.736613+00:00,1789299946.6497462,0.08686685562133789,0.05326008701418668,0.08470028979730877,0.3037005587946245,-0.13949729531889302,control_pose,robot_origin,robot_origin
18.709540973000003,2026-09-13T11:45:46.770850+00:00,1789299946.7161043,0.05474567413330078,0.05403306948804533,0.0861336011160494,0.3049677908420563,-0.11364032354742808,control_pose,robot_origin,robot_origin
18.719340186999943,2026-09-13T11:45:46.789237+00:00,1789299946.7199128,0.06932425498962402,0.054161453583798994,0.08624299472440693,0.30505328878375915,-0.11169442268393562,control_pose,robot_origin,robot_origin
18.743513243999587,2026-09-13T11:45:46.813425+00:00,1789299946.7694585,0.04396653175354004,0.055399287951209464,0.08735339457805065,0.305820494890213,-0.09331234982947807,control_pose,robot_origin,robot_origin
18.799488992999613,2026-09-13T11:45:46.869389+00:00,1789299946.7893207,0.08006834983825684,0.05593675560263392,0.08786255073866733,0.30607696682972135,-0.08543178886336635,control_pose,robot_origin,robot_origin
18.84123474399985,2026-09-13T11:45:46.911132+00:00,1789299946.8527644,0.05836772918701172,0.0574722550421701,0.08939535283620116,0.30668458342552185,-0.0620645793297426,control_pose,robot_origin,robot_origin
18.879847952999626,2026-09-13T11:45:46.949756+00:00,1789299946.8583956,0.09136033058166504,0.0575896284370582,0.08949908550819095,0.3067301812534501,-0.05998583258061879,control_pose,robot_origin,robot_origin
18.90917199100022,2026-09-13T11:45:46.979080+00:00,1789299946.9227712,0.056308746337890625,0.05890777634023619,0.09062586679306084,0.30614039301872253,-0.037518351998821406,control_pose,robot_origin,robot_origin
18.96054008200008,2026-09-13T11:45:47.030459+00:00,1789299946.9289656,0.10149335861206055,0.05902316903381857,0.09070902276873546,0.30608671812909666,-0.03556793984868775,control_pose,robot_origin,robot_origin
18.987879698999677,2026-09-13T11:45:47.057784+00:00,1789299947.0130517,0.04473233222961426,0.0602447928944147,0.09162052306661966,0.30596309900283813,-0.005698038008827761,control_pose,robot_origin,robot_origin
19.006017796999913,2026-09-13T11:45:47.075925+00:00,1789299946.995105,0.08082008361816406,0.05996023970752852,0.09147594413853376,0.30594822575009084,-0.012165530750513355,control_pose,robot_origin,robot_origin
19.037995599999704,2026-09-13T11:45:47.107905+00:00,1789299947.0694764,0.038428544998168945,0.061783929975657084,0.09027075423399264,0.3060261607170105,0.010290334684274524,control_pose,robot_origin,robot_origin
19.08751329400002,2026-09-13T11:45:47.157417+00:00,1789299947.063487,0.09393000602722168,0.06162055524445446,0.09041402810017612,0.30601946690738974,0.008593240016003116,control_pose,robot_origin,robot_origin
19.13017515499996,2026-09-13T11:45:47.200093+00:00,1789299947.1491842,0.050908803939819336,0.060978522344874275,0.089564075151923,0.30716943740844727,-0.0002243700905995123,control_pose,robot_origin,robot_origin
19.147229133999645,2026-09-13T11:45:47.217134+00:00,1789299947.1350653,0.08206868171691895,0.06117295980619797,0.0896400503222928,0.30669670996923315,0.002382489135891565,control_pose,robot_origin,robot_origin
19.21880163500009,2026-09-13T11:45:47.288699+00:00,1789299947.2099254,0.07877349853515625,0.060911513671958226,0.08975833553131231,0.3081594407558441,-0.006635698411143668,control_pose,robot_origin,robot_origin
19.247417124000094,2026-09-13T11:45:47.316743+00:00,1789299947.2022004,0.11454248428344727,0.06091877135487699,0.08972810882500461,0.30804917133676585,-0.005895135192380856,control_pose,robot_origin,robot_origin
19.303042870000354,2026-09-13T11:45:47.372945+00:00,1789299947.3227932,0.050151824951171875,0.05981234154989992,0.09076864198728359,0.30874934792518616,-0.010771260874343542,control_pose,robot_origin,robot_origin
19.336774712999613,2026-09-13T11:45:47.406678+00:00,1789299947.3761985,0.03047943115234375,0.05943947452797617,0.09086009600195849,0.3088461756706238,-0.012695416410611417,control_pose,robot_origin,robot_origin
19.350090838999677,2026-09-13T11:45:47.419997+00:00,1789299947.3515475,0.06844949722290039,0.05958661337647635,0.09085050670608821,0.30881130963006226,-0.011783230785074898,control_pose,robot_origin,robot_origin
19.397896127000422,2026-09-13T11:45:47.467803+00:00,1789299947.4295006,0.03830242156982422,0.05918726549691429,0.09095250473200064,0.30890989303588867,-0.014253536411912725,control_pose,robot_origin,robot_origin
19.457903405999787,2026-09-13T11:45:47.527803+00:00,1789299947.435521,0.09228205680847168,0.059176700220090986,0.09096017553147775,0.30891665604355606,-0.014385357407518062,control_pose,robot_origin,robot_origin
19.494402940000327,2026-09-13T11:45:47.564301+00:00,1789299947.51617,0.04813098907470703,0.059074090280351335,0.09114431143487056,0.3089647889137268,-0.015601499278815356,control_pose,robot_origin,robot_origin
19.515507363000324,2026-09-13T11:45:47.585412+00:00,1789299947.483873,0.10153913497924805,0.05909169583899703,0.0910482121088322,0.3089429970826194,-0.015172838271477923,control_pose,robot_origin,robot_origin
19.560684326999763,2026-09-13T11:45:47.630591+00:00,1789299947.5727673,0.05782365798950195,0.058997091814493106,0.09139113564070313,0.3090101480484009,-0.016849292106832812,control_pose,robot_origin,robot_origin
19.58388354300041,2026-09-13T11:45:47.653739+00:00,1789299947.556641,0.09709787368774414,0.0590190310957803,0.0913208076722182,0.3089972238062947,-0.016493756861055968,control_pose,robot_origin,robot_origin
19.618862520999755,2026-09-13T11:45:47.688769+00:00,1789299947.6393683,0.04940080642700195,0.05875362548355691,0.09158488317944637,0.30905431509017944,-0.018061197602049845,control_pose,robot_origin,robot_origin
19.636258501000157,2026-09-13T11:45:47.706160+00:00,1789299947.6247568,0.08140325546264648,0.05880703949709898,0.09154237695849024,0.30904462529463933,-0.01779531610949778,control_pose,robot_origin,robot_origin
19.68237800800034,2026-09-13T11:45:47.752296+00:00,1789299947.699459,0.05283689498901367,0.058574039331264496,0.09172017121691418,0.30906760692596436,-0.018617729823446342,control_pose,robot_origin,robot_origin
19.70439294100015,2026-09-13T11:45:47.774260+00:00,1789299947.692578,0.08168196678161621,0.0585926366552935,0.091705575389988,0.3090645349586771,-0.018565611026607604,control_pose,robot_origin,robot_origin
19.733091475000037,2026-09-13T11:45:47.803001+00:00,1789299947.7588606,0.04414033889770508,0.05844859068637434,0.09177925172613624,0.30908048152923584,-0.019162440847210006,control_pose,robot_origin,robot_origin
19.750893106999683,2026-09-13T11:45:47.820798+00:00,1789299947.8097744,0.011023521423339844,0.0584866741704195,0.09186330646000572,0.3091024160385132,-0.01974022650279103,control_pose,robot_origin,robot_origin
19.76418049699987,2026-09-13T11:45:47.834078+00:00,1789299947.7644036,0.06967449188232422,0.05845726951744973,0.09179041842125112,0.30907738786381117,-0.01926529186532259,control_pose,robot_origin,robot_origin
19.798765534999802,2026-09-13T11:45:47.868674+00:00,1789299947.859997,0.008677005767822266,0.05856830292649035,0.09190852101437363,0.30911093950271606,-0.02030119156194443,control_pose,robot_origin,robot_origin
19.8418551929999,2026-09-13T11:45:47.911770+00:00,1789299947.8335104,0.07825970649719238,0.05854922804292284,0.09187727457526729,0.3090998417039259,-0.020128376299603738,control_pose,robot_origin,robot_origin
19.881427297999835,2026-09-13T11:45:47.950982+00:00,1789299947.9159737,0.03500843048095703,0.05853524572474579,0.09193991875733416,0.3091290593147278,-0.020531721048426058,control_pose,robot_origin,robot_origin
19.905423578999944,2026-09-13T11:45:47.975323+00:00,1789299947.9048412,0.07048177719116211,0.05853751450864467,0.09192555639101027,0.30911965416245574,-0.020489196671654192,control_pose,robot_origin,robot_origin
19.934229862000393,2026-09-13T11:45:48.004131+00:00,1789299947.9692962,0.034834861755371094,0.058382552275500835,0.09202267236260547,0.3091583847999573,-0.020763370683588852,control_pose,robot_origin,robot_origin
19.963751731999764,2026-09-13T11:45:48.033653+00:00,1789299948.0194972,0.014155864715576172,0.058171068865410666,0.09206683576059545,0.3092048168182373,-0.02131653533838211,control_pose,robot_origin,robot_origin
19.984627472000284,2026-09-13T11:45:48.054531+00:00,1789299947.9747686,0.07976245880126953,0.05836636476764942,0.09202669181124326,0.3091595921305507,-0.02081495098813856,control_pose,robot_origin,robot_origin
20.026808571999936,2026-09-13T11:45:48.096714+00:00,1789299948.0698123,0.026901721954345703,0.05798949676469745,0.09208363315056174,0.30926278233528137,-0.02186473455406897,control_pose,robot_origin,robot_origin
20.057919290000427,2026-09-13T11:45:48.127824+00:00,1789299948.045769,0.08205509185791016,0.05805406151706144,0.0920822094294477,0.30923944593031466,-0.02163033098363413,control_pose,robot_origin,robot_origin
20.09242195600018,2026-09-13T11:45:48.162329+00:00,1789299948.1238894,0.03843951225280762,0.05785126848035186,0.09208569974553435,0.30929115414619446,-0.022164897491759494,control_pose,robot_origin,robot_origin
20.132508069999858,2026-09-13T11:45:48.202413+00:00,1789299948.113426,0.08898711204528809,0.05786649397389662,0.0920798450094367,0.30927998122208955,-0.0221481187564133,control_pose,robot_origin,robot_origin
20.170303605999834,2026-09-13T11:45:48.240215+00:00,1789299948.1865623,0.05365276336669922,0.05772051321655858,0.09207800832317958,0.30933091044425964,-0.022430647869688458,control_pose,robot_origin,robot_origin
20.19171777199972,2026-09-13T11:45:48.261620+00:00,1789299948.1906703,0.07094979286193848,0.05795850241399881,0.0923068133227038,0.30921947689669177,-0.022477921054227346,control_pose,robot_origin,robot_origin
20.226974107000387,2026-09-13T11:45:48.296876+00:00,1789299948.2593896,0.03748631477355957,0.05698866885000647,0.09272980199977371,0.3085203468799591,-0.04901433484417762,control_pose,robot_origin,robot_origin
20.2642278229996,2026-09-13T11:45:48.334134+00:00,1789299948.2527285,0.0814056396484375,0.057307686883390184,0.09270076260239636,0.3084983189683323,-0.04547435006950302,control_pose,robot_origin,robot_origin
20.28631987999961,2026-09-13T11:45:48.356226+00:00,1789299948.3160343,0.040191650390625,0.056117078258302686,0.09265629843286519,0.310463547706604,-0.0757968139715949,control_pose,robot_origin,robot_origin
20.306575460000204,2026-09-13T11:45:48.376473+00:00,1789299948.3664196,0.010053396224975586,0.055663844241283976,0.09219537474390721,0.31119418144226074,-0.09638113837892162,control_pose,robot_origin,robot_origin
20.332013444999575,2026-09-13T11:45:48.401922+00:00,1789299948.3219087,0.08001327514648438,0.056066132367150995,0.09259695804581715,0.3106015416986198,-0.07839498796887952,control_pose,robot_origin,robot_origin
20.36748086300031,2026-09-13T11:45:48.437379+00:00,1789299948.4192872,0.018091678619384766,0.05551712630748729,0.09122080954342471,0.3124297261238098,-0.11733998433334641,control_pose,robot_origin,robot_origin
20.399475913999595,2026-09-13T11:45:48.469378+00:00,1789299948.392641,0.0767369270324707,0.05557034543746849,0.09171229679993342,0.31156154059140456,-0.1067620908994237,control_pose,robot_origin,robot_origin
20.421482013999594,2026-09-13T11:45:48.491385+00:00,1789299948.472796,0.018589019775390625,0.05544069497799389,0.0903010168173311,0.3137837052345276,-0.13853427473820334,control_pose,robot_origin,robot_origin
20.49253871200017,2026-09-13T11:45:48.562440+00:00,1789299948.4650238,0.09741616249084473,0.05548219159486302,0.09043498294429161,0.3136237306654322,-0.13531690104860022,control_pose,robot_origin,robot_origin
20.534139303000302,2026-09-13T11:45:48.604040+00:00,1789299948.5493302,0.054709672927856445,0.05571995098031707,0.08936127407095557,0.31465959548950195,-0.16695472398010083,control_pose,robot_origin,robot_origin
20.54827076699985,2026-09-13T11:45:48.618173+00:00,1789299948.536011,0.08216190338134766,0.05568838724703007,0.08953880928328914,0.31452698784853067,-0.16225527117356575,control_pose,robot_origin,robot_origin
20.586909960000412,2026-09-13T11:45:48.656813+00:00,1789299948.6094854,0.047327518463134766,0.05594761152266371,0.0888930354790085,0.31551092863082886,-0.18627500282882772,control_pose,robot_origin,robot_origin
20.605394187000456,2026-09-13T11:45:48.675297+00:00,1789299948.6059988,0.06929826736450195,0.05593363493925306,0.08892134557286002,0.31546043864860235,-0.18513499264878294,control_pose,robot_origin,robot_origin
20.618356951999885,2026-09-13T11:45:48.688271+00:00,1789299948.6613326,0.026938438415527344,0.056071352297059916,0.08864028383091445,0.31604546308517456,-0.2000308791795533,control_pose,robot_origin,robot_origin
20.684694212000068,2026-09-13T11:45:48.754598+00:00,1789299948.6765418,0.07805609703063965,0.05611538278355033,0.0885879364098214,0.3162929450270077,-0.20829348882608684,control_pose,robot_origin,robot_origin
20.699844767000286,2026-09-13T11:45:48.769747+00:00,1789299948.7364373,0.0333096981048584,0.05612984082644383,0.08837624619196376,0.31685295701026917,-0.22578346492875198,control_pose,robot_origin,robot_origin
20.736264328999823,2026-09-13T11:45:48.806166+00:00,1789299948.7931442,0.013021707534790039,0.055955071048010674,0.08829711082355536,0.31737351417541504,-0.24216371080830437,control_pose,robot_origin,robot_origin
20.755664186000104,2026-09-13T11:45:48.825572+00:00,1789299948.744388,0.08118391036987305,0.056119505484693945,0.08841870864191356,0.316943843963267,-0.2281809895219094,control_pose,robot_origin,robot_origin
20.78161570100019,2026-09-13T11:45:48.851520+00:00,1789299948.8462026,0.0053174495697021484,0.05586501857064863,0.08833818466806068,0.31774529814720154,-0.25603057900209875,control_pose,robot_origin,robot_origin
20.82913739000014,2026-09-13T11:45:48.899043+00:00,1789299948.8151855,0.08385753631591797,0.05591721487380877,0.08828743171585761,0.31753065368222133,-0.24845390308747908,control_pose,robot_origin,robot_origin
20.85381844099993,2026-09-13T11:45:48.923722+00:00,1789299948.8997726,0.023949384689331055,0.05574551003878965,0.08850694339927027,0.3180132508277893,-0.2715888963349922,control_pose,robot_origin,robot_origin
20.90600487699976,2026-09-13T11:45:48.975904+00:00,1789299948.8811712,0.09473276138305664,0.055750047466134905,0.08846530664851672,0.3179658650625795,-0.2665027413387841,control_pose,robot_origin,robot_origin
20.922815451000133,2026-09-13T11:45:48.992643+00:00,1789299948.9525151,0.04012799263000488,0.05570919922298137,0.08854944494598431,0.3181515336036682,-0.28735795380813595,control_pose,robot_origin,robot_origin
20.974461986999813,2026-09-13T11:45:49.044352+00:00,1789299948.9534926,0.09085941314697266,0.055703719489468215,0.08854476265577765,0.3181533712729571,-0.2876088814808473,control_pose,robot_origin,robot_origin
21.00664572000005,2026-09-13T11:45:49.076536+00:00,1789299949.0247052,0.05183076858520508,0.05530390118018986,0.08904779659267674,0.3183296322822571,-0.30902832525985746,control_pose,robot_origin,robot_origin
21.020076699999663,2026-09-13T11:45:49.089982+00:00,1789299949.0206566,0.06932544708251953,0.05532366569928754,0.08901075495848401,0.31831645124770586,-0.30772900968530353,control_pose,robot_origin,robot_origin
21.033275572000093,2026-09-13T11:45:49.103180+00:00,1789299949.0791767,0.024003267288208008,0.055326226782133545,0.0897245701240668,0.31868410110473633,-0.32688929175271864,control_pose,robot_origin,robot_origin
21.06651356600014,2026-09-13T11:45:49.136421+00:00,1789299949.1326067,0.003814220428466797,0.054840271814449074,0.09106004936734015,0.31901898980140686,-0.34465288188680476,control_pose,robot_origin,robot_origin
21.08621183699961,2026-09-13T11:45:49.156118+00:00,1789299949.0962522,0.059865713119506836,0.05537050443441857,0.09000770597370958,0.31880386494114216,-0.33254637800464226,control_pose,robot_origin,robot_origin
21.12069245299972,2026-09-13T11:45:49.190599+00:00,1789299949.1866398,0.003959178924560547,0.05427504603889981,0.09258956252694135,0.3191502094268799,-0.36209209309460183,control_pose,robot_origin,robot_origin
21.176950389000012,2026-09-13T11:45:49.246855+00:00,1789299949.1623244,0.08453059196472168,0.05453329366391267,0.09187106163302684,0.31909287706882056,-0.3542866365417383,control_pose,robot_origin,robot_origin
21.214078402999803,2026-09-13T11:45:49.283978+00:00,1789299949.239202,0.044775962829589844,0.05388310659557431,0.09437574379541808,0.3192799389362335,-0.3809361912262451,control_pose,robot_origin,robot_origin
21.26324036599999,2026-09-13T11:45:49.333145+00:00,1789299949.232474,0.10067081451416016,0.05390614711300591,0.09414029111551277,0.31927475446172765,-0.3786800351530097,control_pose,robot_origin,robot_origin
21.302830999000435,2026-09-13T11:45:49.372733+00:00,1789299949.3292437,0.04348945617675781,0.0536594047881197,0.09699021050961751,0.318902850151062,-0.4114737541526286,control_pose,robot_origin,robot_origin
21.32562785800019,2026-09-13T11:45:49.395535+00:00,1789299949.3004,0.09513497352600098,0.053709745783957985,0.09617930202078646,0.31903314263535854,-0.401792371438057,control_pose,robot_origin,robot_origin
21.360650134000025,2026-09-13T11:45:49.430554+00:00,1789299949.38926,0.04129385948181152,0.053614091961439694,0.09834980406146619,0.3189208209514618,-0.43239398625471004,control_pose,robot_origin,robot_origin
21.374576178999632,2026-09-13T11:45:49.444479+00:00,1789299949.3727152,0.07176375389099121,0.05362658345327254,0.09797500175948413,0.31891586689931206,-0.42662661211035274,control_pose,robot_origin,robot_origin
21.396435038999698,2026-09-13T11:45:49.466335+00:00,1789299949.445868,0.020467042922973633,0.053639601665341256,0.09926006931165714,0.31892821192741394,-0.4533276431256604,control_pose,robot_origin,robot_origin
21.438413632999982,2026-09-13T11:45:49.508309+00:00,1789299949.499634,0.008674860000610352,0.05351915526271529,0.0997156571789396,0.31884655356407166,-0.47302776261397217,control_pose,robot_origin,robot_origin
21.464870196000447,2026-09-13T11:45:49.534722+00:00,1789299949.4489326,0.08578944206237793,0.05364251066100825,0.09928205661983688,0.31892904733104016,-0.4546937969286605,control_pose,robot_origin,robot_origin
21.495838316000118,2026-09-13T11:45:49.565745+00:00,1789299949.555913,0.009832143783569336,0.05354256748603897,0.10114929852498176,0.3184855282306671,-0.49135744762812505,control_pose,robot_origin,robot_origin
21.524542481000026,2026-09-13T11:45:49.594446+00:00,1789299949.5157557,0.0786902904510498,0.05357481175982169,0.09997429024692403,0.31879092169927026,-0.4782723989283995,control_pose,robot_origin,robot_origin
21.559981352999785,2026-09-13T11:45:49.629892+00:00,1789299949.6091876,0.02070450782775879,0.05397880072958538,0.10140890658798635,0.31751781702041626,-0.48285443289869784,control_pose,robot_origin,robot_origin
21.583358114000475,2026-09-13T11:45:49.653256+00:00,1789299949.5827193,0.07053661346435547,0.054228335335770345,0.10200299903375587,0.31786158234011186,-0.4894472170802061,control_pose,robot_origin,robot_origin
21.607132334999733,2026-09-13T11:45:49.677039+00:00,1789299949.6628404,0.014198541641235352,0.054102274406565815,0.10021507948207754,0.31654655933380127,-0.46904823794211986,control_pose,robot_origin,robot_origin
21.668621030000395,2026-09-13T11:45:49.738524+00:00,1789299949.654288,0.08423590660095215,0.05406664722111148,0.10024277300320625,0.31678203664593263,-0.4706337337201547,control_pose,robot_origin,robot_origin
21.705877946000328,2026-09-13T11:45:49.775780+00:00,1789299949.729456,0.04632401466369629,0.05505521341166117,0.1006781156064448,0.3157280385494232,-0.46108446290677163,control_pose,robot_origin,robot_origin
21.74041235599998,2026-09-13T11:45:49.810318+00:00,1789299949.7267575,0.08356046676635742,0.055008495315652814,0.10064543719492779,0.3157443297326118,-0.461363914246807,control_pose,robot_origin,robot_origin
21.770835680000346,2026-09-13T11:45:49.840736+00:00,1789299949.795828,0.04490780830383301,0.055833367600447825,0.10069368815817484,0.3155374825000763,-0.45445816456434657,control_pose,robot_origin,robot_origin
21.798260997000398,2026-09-13T11:45:49.868164+00:00,1789299949.7946975,0.07346653938293457,0.05582310019680824,0.10069917708605776,0.3155399809108374,-0.45457247967832715,control_pose,robot_origin,robot_origin
21.82744745800028,2026-09-13T11:45:49.897352+00:00,1789299949.8596697,0.037682294845581055,0.05633309817426945,0.10004908854953795,0.3158133625984192,-0.448137627274648,control_pose,robot_origin,robot_origin
21.872047079000367,2026-09-13T11:45:49.941951+00:00,1789299949.8633244,0.07862663269042969,0.05634054107820598,0.10001915574088678,0.3158222184355369,-0.44788376936919205,control_pose,robot_origin,robot_origin
21.905423160000282,2026-09-13T11:45:49.975300+00:00,1789299949.9366424,0.03865766525268555,0.05643807512661708,0.09917866056771228,0.31590375304222107,-0.4412198625079709,control_pose,robot_origin,robot_origin
21.942558212999757,2026-09-13T11:45:50.012425+00:00,1789299949.9314325,0.08099246025085449,0.056425373956020194,0.09922847086292207,0.31590602803315415,-0.44165729906689877,control_pose,robot_origin,robot_origin
21.977540646000307,2026-09-13T11:45:50.047447+00:00,1789299950.005886,0.04156088829040527,0.056534980115729876,0.09875281393032356,0.31569960713386536,-0.4353830278469605,control_pose,robot_origin,robot_origin
22.00670921799974,2026-09-13T11:45:50.076606+00:00,1789299949.9986613,0.07794475555419922,0.05652634645460862,0.09879893122103539,0.31572060433183574,-0.4360439152322965,control_pose,robot_origin,robot_origin
22.031139310999606,2026-09-13T11:45:50.101047+00:00,1789299950.065768,0.035279035568237305,0.05671712058476901,0.09843637565387886,0.31506747007369995,-0.4316284723815965,control_pose,robot_origin,robot_origin
22.0519148530002,2026-09-13T11:45:50.121816+00:00,1789299950.1168144,0.005001544952392578,0.05702295860569551,0.0983006825035378,0.31481269001960754,-0.42801982496165475,control_pose,robot_origin,robot_origin
22.093082397000217,2026-09-13T11:45:50.162983+00:00,1789299950.0726235,0.09035944938659668,0.056768490633496996,0.09842043385065602,0.31501430260377417,-0.43101848036289353,control_pose,robot_origin,robot_origin
22.140207200999612,2026-09-13T11:45:50.209114+00:00,1789299950.1758382,0.03327584266662598,0.05729558454827899,0.09818815183527324,0.31495580077171326,-0.42355096567886874,control_pose,robot_origin,robot_origin
22.154556882999714,2026-09-13T11:45:50.224458+00:00,1789299950.1438758,0.0805821418762207,0.05715230785684228,0.09824988468612977,0.3148865101677723,-0.4260576477644074,control_pose,robot_origin,robot_origin
22.192103573000168,2026-09-13T11:45:50.262020+00:00,1789299950.2293606,0.03265953063964844,0.05746518821480372,0.09806847148344,0.31501927971839905,-0.4204896180828335,control_pose,robot_origin,robot_origin
22.224321290999796,2026-09-13T11:45:50.294223+00:00,1789299950.2134333,0.08078980445861816,0.05739879387564811,0.09811941321101803,0.3150073740046462,-0.4213293443988159,control_pose,robot_origin,robot_origin
22.255119577000187,2026-09-13T11:45:50.325023+00:00,1789299950.2824562,0.042566776275634766,0.05764305721715421,0.09784770385379729,0.3150172531604767,-0.41791992114558424,control_pose,robot_origin,robot_origin
22.283489868999823,2026-09-13T11:45:50.353383+00:00,1789299950.2813241,0.07205891609191895,0.05763777234182127,0.09785519084121085,0.3150174227172574,-0.4179748548760527,control_pose,robot_origin,robot_origin
22.306722397999692,2026-09-13T11:45:50.376630+00:00,1789299950.3365784,0.04005169868469238,0.05775373224794976,0.09755355527253745,0.31472790241241455,-0.4152024394735289,control_pose,robot_origin,robot_origin
22.323311969000315,2026-09-13T11:45:50.393214+00:00,1789299950.38913,0.004083871841430664,0.05782066929936211,0.0973306206877505,0.31458044052124023,-0.41244091173580816,control_pose,robot_origin,robot_origin
22.360253060000105,2026-09-13T11:45:50.430153+00:00,1789299950.352987,0.07716584205627441,0.05773634264231194,0.09750307624442492,0.3146507251514627,-0.41419605315959634,control_pose,robot_origin,robot_origin
22.40692302499974,2026-09-13T11:45:50.476829+00:00,1789299950.4424644,0.03436470031738281,0.05798103914935722,0.09712647504942125,0.3144269287586212,-0.4094110702046584,control_pose,robot_origin,robot_origin
22.426642641999933,2026-09-13T11:45:50.496536+00:00,1789299950.4211667,0.07536935806274414,0.057915083861163404,0.09720173246233578,0.3144799295534765,-0.41067685944400767,control_pose,robot_origin,robot_origin
22.45730799299963,2026-09-13T11:45:50.527212+00:00,1789299950.4990304,0.02818155288696289,0.058195557847866744,0.09699491083876692,0.3143835663795471,-0.40694534156582374,control_pose,robot_origin,robot_origin
22.502383062000263,2026-09-13T11:45:50.572287+00:00,1789299950.496975,0.07531213760375977,0.05815614257022453,0.09700262775935929,0.31439401590397226,-0.4072060647327464,control_pose,robot_origin,robot_origin
22.549792103999607,2026-09-13T11:45:50.619697+00:00,1789299950.5658226,0.05387449264526367,0.05848597750884917,0.0967606702785629,0.3142852485179901,-0.40427944564815044,control_pose,robot_origin,robot_origin
22.56697882499975,2026-09-13T11:45:50.636856+00:00,1789299950.5590832,0.07777285575866699,0.05845973213343116,0.09678528299368432,0.3142918188279456,-0.40455402365740906,control_pose,robot_origin,robot_origin
22.586047881000013,2026-09-13T11:45:50.655954+00:00,1789299950.6195712,0.03638267517089844,0.05868022686526109,0.09669441940782367,0.3142056465148926,-0.4019707077161875,control_pose,robot_origin,robot_origin
22.65149904700047,2026-09-13T11:45:50.721416+00:00,1789299950.6326158,0.08880019187927246,0.05873554695562095,0.09666909545845578,0.31419919687951264,-0.40147318198372056,control_pose,robot_origin,robot_origin
22.654851088000214,2026-09-13T11:45:50.724761+00:00,1789299950.6757615,0.04899954795837402,0.058919707016104245,0.09659944616195351,0.3141179084777832,-0.40026608854715123,control_pose,robot_origin,robot_origin
22.66945547100022,2026-09-13T11:45:50.739362+00:00,1789299950.7292519,0.010110139846801758,0.05897903423977133,0.0965900339025481,0.3142739534378052,-0.3988382534420298,control_pose,robot_origin,robot_origin
22.708639714999663,2026-09-13T11:45:50.778544+00:00,1789299950.698005,0.08053898811340332,0.05894398851139254,0.09658775079233553,0.3141093701473216,-0.3996347081850252,control_pose,robot_origin,robot_origin
22.73680478099959,2026-09-13T11:45:50.806707+00:00,1789299950.7827132,0.023993730545043945,0.05910071383383194,0.09644661279067168,0.3144063353538513,-0.3975634290205257,control_pose,robot_origin,robot_origin
22.783870190000016,2026-09-13T11:45:50.853714+00:00,1789299950.774304,0.07941007614135742,0.05907273621216596,0.09648180283250483,0.31448859225385195,-0.39773993803587343,control_pose,robot_origin,robot_origin
22.82328138899993,2026-09-13T11:45:50.893196+00:00,1789299950.8390303,0.05416584014892578,0.05912791182349702,0.09622601948442416,0.31418469548225403,-0.39641513455296423,control_pose,robot_origin,robot_origin
22.853211984000154,2026-09-13T11:45:50.923114+00:00,1789299950.8443294,0.07878470420837402,0.059138052246068565,0.09620763403497067,0.31417544627868066,-0.39632277960895956,control_pose,robot_origin,robot_origin
22.880723704000047,2026-09-13T11:45:50.950638+00:00,1789299950.9091797,0.0414583683013916,0.05926187845478773,0.09594715728147715,0.31449946761131287,-0.39486197617987756,control_pose,robot_origin,robot_origin
22.90192643499995,2026-09-13T11:45:50.971833+00:00,1789299950.9599319,0.011901140213012695,0.0594600240525999,0.09590346840361397,0.3142031729221344,-0.3934434483581525,control_pose,robot_origin,robot_origin
22.94146705000003,2026-09-13T11:45:51.011369+00:00,1789299950.9110012,0.10036778450012207,0.0592619345309823,0.09594303559383366,0.3144901990626452,-0.39482844264376127,control_pose,robot_origin,robot_origin
22.998424188000172,2026-09-13T11:45:51.068328+00:00,1789299950.9779239,0.09040403366088867,0.059545439533296454,0.0958668352026211,0.31459823916144364,-0.39301717264320246,control_pose,robot_origin,robot_origin
23.024396085999797,2026-09-13T11:45:51.094301+00:00,1789299951.0595171,0.03478384017944336,0.059761430156669806,0.09573948524743969,0.3153352737426758,-0.3917778027830986,control_pose,robot_origin,robot_origin
23.058677715999693,2026-09-13T11:45:51.128584+00:00,1789299951.049519,0.07906484603881836,0.05974198018251929,0.09575224937033357,0.3152553331932498,-0.39194011774526993,control_pose,robot_origin,robot_origin
23.092018241000005,2026-09-13T11:45:51.161925+00:00,1789299951.1158905,0.04603457450866699,0.05988506546500722,0.09566812434319838,0.31548619270324707,-0.39079903204387867,control_pose,robot_origin,robot_origin
23.121320291999837,2026-09-13T11:45:51.191213+00:00,1789299951.1695116,0.021701335906982422,0.060004208191188534,0.09570609310989137,0.31551164388656616,-0.38976307160626805,control_pose,robot_origin,robot_origin
23.137049658999786,2026-09-13T11:45:51.206955+00:00,1789299951.1190405,0.08791446685791016,0.059888184371174324,0.09566650647342656,0.31549185883990843,-0.39074052514221813,control_pose,robot_origin,robot_origin
23.177322278000247,2026-09-13T11:45:51.247221+00:00,1789299951.2224047,0.024816274642944336,0.06003376701131181,0.09581518942088374,0.31549710035324097,-0.3890502004301686,control_pose,robot_origin,robot_origin
23.202996498000175,2026-09-13T11:45:51.272902+00:00,1789299951.192573,0.08032894134521484,0.059993841495892555,0.09574976737522185,0.315509174584452,-0.3894454934001841,control_pose,robot_origin,robot_origin
23.23622399299984,2026-09-13T11:45:51.306095+00:00,1789299951.276433,0.029661893844604492,0.06008240302620677,0.09585848101150254,0.31544554233551025,-0.38826097340707877,control_pose,robot_origin,robot_origin
23.265422647000378,2026-09-13T11:45:51.335324+00:00,1789299951.2621279,0.0731961727142334,0.06003563251435484,0.09583197662523507,0.31545383989814796,-0.3885787364743137,control_pose,robot_origin,robot_origin
23.2958528500003,2026-09-13T11:45:51.365756+00:00,1789299951.3289366,0.0368194580078125,0.06004362566913628,0.0959668750159956,0.31544405221939087,-0.3872873751236241,control_pose,robot_origin,robot_origin
23.341325346000303,2026-09-13T11:45:51.411229+00:00,1789299951.3339071,0.07732176780700684,0.06005762215568648,0.09597263126812086,0.3154434746864053,-0.3872189935257483,control_pose,robot_origin,robot_origin
23.35239163099959,2026-09-13T11:45:51.422295+00:00,1789299951.3824863,0.03980875015258789,0.060173421051248455,0.09604404808834306,0.31540000438690186,-0.3866393326207068,control_pose,robot_origin,robot_origin
23.415648862000126,2026-09-13T11:45:51.485557+00:00,1789299951.4004097,0.08514738082885742,0.06016093534699449,0.09606078501744417,0.3153947325859875,-0.38644922474185106,control_pose,robot_origin,robot_origin
23.419089547000112,2026-09-13T11:45:51.489000+00:00,1789299951.4389696,0.05003046989440918,0.06016895087099117,0.09605758286127543,0.3153727352619171,-0.386002376690243,control_pose,robot_origin,robot_origin
23.438755336999748,2026-09-13T11:45:51.508658+00:00,1789299951.489863,0.018795013427734375,0.06014702244536284,0.09605490986662842,0.31532731652259827,-0.3854243436224943,control_pose,robot_origin,robot_origin
23.469837157000256,2026-09-13T11:45:51.539739+00:00,1789299951.4704192,0.0693197250366211,0.06015224219982396,0.09605839323871442,0.3153330537889507,-0.3856889000583005,control_pose,robot_origin,robot_origin
23.51743033599996,2026-09-13T11:45:51.587335+00:00,1789299951.5423663,0.04496884346008301,0.06011673250033629,0.0960787046180277,0.31534209847450256,-0.38509937290770413,control_pose,robot_origin,robot_origin
23.552613449999626,2026-09-13T11:45:51.622517+00:00,1789299951.5382264,0.08429074287414551,0.06011800493924506,0.09608031406802511,0.31534183197727794,-0.38514316696167805,control_pose,robot_origin,robot_origin
23.576775722000093,2026-09-13T11:45:51.646683+00:00,1789299951.605587,0.04109597206115723,0.05972884869324102,0.09556729414446397,0.31559714674949646,-0.38466350452628045,control_pose,robot_origin,robot_origin
23.598394890000236,2026-09-13T11:45:51.668291+00:00,1789299951.65692,0.011371135711669922,0.060338166962630946,0.09586090991901723,0.31615695357322693,-0.40057647366359483,control_pose,robot_origin,robot_origin
23.61579237299975,2026-09-13T11:45:51.684651+00:00,1789299951.6112072,0.07344365119934082,0.059162202566818686,0.09549633873166521,0.31582882542208823,-0.38523998111526786,control_pose,robot_origin,robot_origin
23.665949105000436,2026-09-13T11:45:51.735854+00:00,1789299951.708973,0.026880979537963867,0.06037915030914143,0.09668153441188954,0.3160974085330963,-0.4271483099503968,control_pose,robot_origin,robot_origin
23.68916326500039,2026-09-13T11:45:51.758795+00:00,1789299951.6912029,0.06759214401245117,0.060295730721923214,0.09629941226439136,0.31610629028427334,-0.4189177047777839,control_pose,robot_origin,robot_origin
23.728801707999992,2026-09-13T11:45:51.798714+00:00,1789299951.7623029,0.03641104698181152,0.06139835752291443,0.09776637845629711,0.31598231196403503,-0.44694497059041827,control_pose,robot_origin,robot_origin
23.75230573800036,2026-09-13T11:45:51.822207+00:00,1789299951.7544565,0.06775045394897461,0.06134949693405056,0.09762254445073525,0.31598041682702976,-0.44483523177991263,control_pose,robot_origin,robot_origin
23.77567821000048,2026-09-13T11:45:51.845579+00:00,1789299951.815797,0.029781818389892578,0.06230780564905868,0.09926504782615525,0.3161514699459076,-0.4680263027364999,control_pose,robot_origin,robot_origin
23.81638477100023,2026-09-13T11:45:51.886025+00:00,1789299951.8691373,0.016887664794921875,0.06321535719267053,0.10032841955875135,0.3161931037902832,-0.48765950956042275,control_pose,robot_origin,robot_origin
23.842647436000334,2026-09-13T11:45:51.912560+00:00,1789299951.8413134,0.07124662399291992,0.06265586422216798,0.09976586917982593,0.3162086581896339,-0.4762283155302394,control_pose,robot_origin,robot_origin
23.880888591999792,2026-09-13T11:45:51.950768+00:00,1789299951.9216847,0.029083251953125,0.06389162999792047,0.10100690452911967,0.31616243720054626,-0.5052717087841218,control_pose,robot_origin,robot_origin
23.905839480000395,2026-09-13T11:45:51.975745+00:00,1789299951.899286,0.07645893096923828,0.06362926111938186,0.10074696907480069,0.3161550996665597,-0.4988490383051708,control_pose,robot_origin,robot_origin
23.940644975000396,2026-09-13T11:45:52.010549+00:00,1789299951.9762156,0.03433346748352051,0.06435470224009995,0.10179189203422187,0.3162815570831299,-0.52797413319525,control_pose,robot_origin,robot_origin
23.97262533600042,2026-09-13T11:45:52.042528+00:00,1789299951.9616146,0.08091330528259277,0.0641952386905565,0.10163000021933744,0.3162499673053665,-0.5224547736167919,control_pose,robot_origin,robot_origin
24.013554434999605,2026-09-13T11:45:52.083457+00:00,1789299952.0291836,0.054273366928100586,0.06469792751182647,0.10216926141716459,0.3163018822669983,-0.5492788184431661,control_pose,robot_origin,robot_origin
24.05176579700037,2026-09-13T11:45:52.121607+00:00,1789299952.0312607,0.0903463363647461,0.06470310640641977,0.10216255108707661,0.31629688157729235,-0.5500427813714129,control_pose,robot_origin,robot_origin
24.06901021700014,2026-09-13T11:45:52.138915+00:00,1789299952.0922253,0.046689748764038086,0.06508075571245582,0.10268046552646441,0.31601566076278687,-0.5742447027473714,control_pose,robot_origin,robot_origin
24.08751879600004,2026-09-13T11:45:52.157427+00:00,1789299952.144639,0.012788057327270508,0.06443290838888507,0.10342343745202291,0.3144499361515045,-0.5839010787384394,control_pose,robot_origin,robot_origin
24.137652614000217,2026-09-13T11:45:52.207553+00:00,1789299952.1111844,0.09636855125427246,0.06517345033784647,0.10311369696404277,0.3153950196453441,-0.5818278001639955,control_pose,robot_origin,robot_origin
24.197725076000097,2026-09-13T11:45:52.267633+00:00,1789299952.198906,0.06872701644897461,0.06345854898924695,0.1032053691584754,0.3136717677116394,-0.5727701575921642,control_pose,robot_origin,robot_origin
24.205260974999874,2026-09-13T11:45:52.275165+00:00,1789299952.181652,0.09351301193237305,0.06392221615934278,0.10335070098618115,0.3138058620523298,-0.5762243932027072,control_pose,robot_origin,robot_origin
24.21240882300026,2026-09-13T11:45:52.282310+00:00,1789299952.252244,0.03006601333618164,0.06263884266513571,0.10207875378558653,0.31440216302871704,-0.5729209522803406,control_pose,robot_origin,robot_origin
24.262991720000173,2026-09-13T11:45:52.332898+00:00,1789299952.249102,0.08379578590393066,0.06293352493568155,0.10226622978427227,0.3144003556284857,-0.572871618760254,control_pose,robot_origin,robot_origin
24.28961536299994,2026-09-13T11:45:52.359524+00:00,1789299952.3189373,0.04058670997619629,0.06265319030597853,0.10416771907124077,0.31477728486061096,-0.573011520289069,control_pose,robot_origin,robot_origin
24.325639831000444,2026-09-13T11:45:52.395543+00:00,1789299952.3755577,0.019985437393188477,0.06368743011261452,0.10618874595562673,0.31369540095329285,-0.5734662873313972,control_pose,robot_origin,robot_origin
24.343875501000184,2026-09-13T11:45:52.413778+00:00,1789299952.3198147,0.0939633846282959,0.0626645282691806,0.10419503933606192,0.3147754814387049,-0.5730189488196747,control_pose,robot_origin,robot_origin
24.41006276600001,2026-09-13T11:45:52.479965+00:00,1789299952.3855913,0.09437370300292969,0.06377398165913152,0.10639575177549966,0.31335822430541554,-0.5729877638650432,control_pose,robot_origin,robot_origin
24.461946944000374,2026-09-13T11:45:52.531851+00:00,1789299952.4722602,0.059590816497802734,0.0650113746956628,0.10844052599302977,0.3119218945503235,-0.56322238397158,control_pose,robot_origin,robot_origin
24.48723560899998,2026-09-13T11:45:52.557139+00:00,1789299952.452201,0.10493803024291992,0.06473984079512063,0.10794070259411076,0.312255804496954,-0.5659542438104413,control_pose,robot_origin,robot_origin
24.52746031999959,2026-09-13T11:45:52.597360+00:00,1789299952.549435,0.04792499542236328,0.06561372451749109,0.1088534474887404,0.31142568588256836,-0.5578909933529945,control_pose,robot_origin,robot_origin
24.54182261099959,2026-09-13T11:45:52.611739+00:00,1789299952.5243757,0.08736324310302734,0.06544645110038765,0.10879669449650797,0.3115299538639772,-0.5591974184527965,control_pose,robot_origin,robot_origin
24.568863651000356,2026-09-13T11:45:52.638765+00:00,1789299952.6023896,0.03637552261352539,0.06595127588185375,0.10901362518156495,0.3113079369068146,-0.5563464698618065,control_pose,robot_origin,robot_origin
24.604299354000432,2026-09-13T11:45:52.674208+00:00,1789299952.5969431,0.07726478576660156,0.06591655810075131,0.10899715061009488,0.31132004760639054,-0.5565053226796848,control_pose,robot_origin,robot_origin
24.646652972000084,2026-09-13T11:45:52.716561+00:00,1789299952.6759539,0.04060721397399902,0.06635831552903507,0.10920539491841959,0.3111732602119446,-0.5541765928792315,control_pose,robot_origin,robot_origin
24.67996191200018,2026-09-13T11:45:52.749863+00:00,1789299952.6663203,0.0835425853729248,0.0663180861702001,0.10917782855331515,0.31118613736829204,-0.5545063521428761,control_pose,robot_origin,robot_origin
24.71026487600011,2026-09-13T11:45:52.780171+00:00,1789299952.7321532,0.04801774024963379,0.0665962587800764,0.1093560394983069,0.3111020028591156,-0.5522695603777269,control_pose,robot_origin,robot_origin
24.742536452000422,2026-09-13T11:45:52.812437+00:00,1789299952.7965548,0.015882253646850586,0.06675061529905602,0.10951072809899276,0.31101351976394653,-0.5507782477440629,control_pose,robot_origin,robot_origin
24.75273782899967,2026-09-13T11:45:52.822555+00:00,1789299952.7438626,0.07869243621826172,0.06664995817832564,0.10939774825990937,0.3110809084870999,-0.5519110279788856,control_pose,robot_origin,robot_origin
24.827934859999914,2026-09-13T11:45:52.897843+00:00,1789299952.8060207,0.09182214736938477,0.06677898947800659,0.10953381640098932,0.31100042333154887,-0.5505090001044881,control_pose,robot_origin,robot_origin
24.868068366999978,2026-09-13T11:45:52.937968+00:00,1789299952.8990529,0.038915157318115234,0.06691970135649154,0.10974513803205936,0.31095415353775024,-0.5487449289284108,control_pose,robot_origin,robot_origin
24.90205990100003,2026-09-13T11:45:52.971968+00:00,1789299952.8731854,0.09878253936767578,0.06690499704910119,0.1096891360382397,0.3109524456527112,-0.5490794968736687,control_pose,robot_origin,robot_origin
24.939384883000457,2026-09-13T11:45:53.009283+00:00,1789299952.9624515,0.046831607818603516,0.06695553354869355,0.10996360291365624,0.3108943700790405,-0.5474083462397921,control_pose,robot_origin,robot_origin
24.966275771000255,2026-09-13T11:45:53.036183+00:00,1789299952.9465737,0.08960938453674316,0.06694655954253127,0.10990888939842827,0.3109093425686901,-0.547743089303233,control_pose,robot_origin,robot_origin
25.007898984999883,2026-09-13T11:45:53.077802+00:00,1789299953.0422013,0.03560066223144531,0.0670208947117828,0.11022722874013449,0.31080499291419983,-0.5458917490219534,control_pose,robot_origin,robot_origin
25.031038676000207,2026-09-13T11:45:53.100944+00:00,1789299953.0121474,0.08879661560058594,0.06699626306932613,0.11012788018522446,0.3108386750927917,-0.5464632905145703,control_pose,robot_origin,robot_origin
25.061485328000344,2026-09-13T11:45:53.131396+00:00,1789299953.0922694,0.03912663459777832,0.06708708881072765,0.1102689601952321,0.3107401430606842,-0.5450071628158425,control_pose,robot_origin,robot_origin
25.098615738999797,2026-09-13T11:45:53.168522+00:00,1789299953.0803058,0.08821606636047363,0.06707127190801355,0.11025898857576862,0.31075563875955203,-0.5452185303537234,control_pose,robot_origin,robot_origin
25.12415401599992,2026-09-13T11:45:53.194031+00:00,1789299953.1555796,0.038451433181762695,0.0670434740296345,0.11040457716836925,0.31071025133132935,-0.5432428058521173,control_pose,robot_origin,robot_origin
25.170750823000162,2026-09-13T11:45:53.240659+00:00,1789299953.1519525,0.08870649337768555,0.06704790404814853,0.11039588921753446,0.31071071163751884,-0.5433442146953373,control_pose,robot_origin,robot_origin
25.20526567900015,2026-09-13T11:45:53.275083+00:00,1789299953.2363281,0.038754940032958984,0.06716794438018703,0.11053241034961811,0.31064027547836304,-0.5424575440891796,control_pose,robot_origin,robot_origin
25.25081129800037,2026-09-13T11:45:53.320713+00:00,1789299953.2262716,0.09444141387939453,0.06714185138107143,0.11051792977077883,0.31065271693166896,-0.5425082701858842,control_pose,robot_origin,robot_origin
25.275081734000196,2026-09-13T11:45:53.344891+00:00,1789299953.2988293,0.04606175422668457,0.06724284613832163,0.11062613365822892,0.31062766909599304,-0.5418186591295052,control_pose,robot_origin,robot_origin
25.300298074999773,2026-09-13T11:45:53.370203+00:00,1789299953.2925065,0.07769656181335449,0.06723666365061126,0.11061636185285266,0.3106267810599907,-0.5418984141714472,control_pose,robot_origin,robot_origin
25.316811929000323,2026-09-13T11:45:53.386718+00:00,1789299953.3522792,0.0344388484954834,0.06719237356742552,0.11068507719774762,0.3105984032154083,-0.5413271272700914,control_pose,robot_origin,robot_origin
25.343941549999727,2026-09-13T11:45:53.413841+00:00,1789299953.4025326,0.011308431625366211,0.06713111043249212,0.11068174728589633,0.31057384610176086,-0.5411495367580064,control_pose,robot_origin,robot_origin
25.365380068000377,2026-09-13T11:45:53.435282+00:00,1789299953.3609195,0.07436251640319824,0.06716297131638535,0.11068823120453239,0.31059572951313513,-0.5412597889464906,control_pose,robot_origin,robot_origin
25.39640748399961,2026-09-13T11:45:53.466269+00:00,1789299953.4555726,0.0106964111328125,0.06705204853369934,0.11071576462399167,0.31058672070503235,-0.5409363940827864,control_pose,robot_origin,robot_origin
25.458322757999667,2026-09-13T11:45:53.528222+00:00,1789299953.4302914,0.0979306697845459,0.06707136189938694,0.11068821000986495,0.31057894213530146,-0.5410988188529038,control_pose,robot_origin,robot_origin
25.4978273050001,2026-09-13T11:45:53.567728+00:00,1789299953.5193424,0.0483856201171875,0.06671180006349278,0.10964344195600685,0.3104637563228607,-0.5371966690057264,control_pose,robot_origin,robot_origin
25.528653399999712,2026-09-13T11:45:53.598559+00:00,1789299953.5107284,0.0878305435180664,0.06679445294398881,0.10992974993689995,0.3104962044705479,-0.5381363251708817,control_pose,robot_origin,robot_origin
25.57365031900008,2026-09-13T11:45:53.643557+00:00,1789299953.5912678,0.05228924751281738,0.06605734577769823,0.11001551165608509,0.31052258610725403,-0.5075102410390365,control_pose,robot_origin,robot_origin
25.587015727000107,2026-09-13T11:45:53.656921+00:00,1789299953.5707905,0.08613038063049316,0.06624367150655938,0.10990958193790758,0.3105058370344865,-0.5159620856179414,control_pose,robot_origin,robot_origin
25.61765672399997,2026-09-13T11:45:53.687560+00:00,1789299953.6455197,0.042040348052978516,0.06643586248209135,0.110061509853584,0.30984511971473694,-0.4839011279092007,control_pose,robot_origin,robot_origin
25.651254477999828,2026-09-13T11:45:53.721159+00:00,1789299953.6441517,0.07700729370117188,0.06642603081230154,0.11004888626118678,0.3098587170181198,-0.48436827532668514,control_pose,robot_origin,robot_origin
25.6904394889998,2026-09-13T11:45:53.760357+00:00,1789299953.718436,0.04192090034484863,0.06738561506970434,0.1106917212744552,0.3096974790096283,-0.45737645747366806,control_pose,robot_origin,robot_origin
25.722725431999606,2026-09-13T11:45:53.792632+00:00,1789299953.712037,0.08059501647949219,0.06734315500657433,0.11067729376754994,0.30970801466422926,-0.45960381999442423,control_pose,robot_origin,robot_origin
25.74510169400037,2026-09-13T11:45:53.815014+00:00,1789299953.7720156,0.042998313903808594,0.06709705268378896,0.11074908383549505,0.3094521462917328,-0.43829222932840406,control_pose,robot_origin,robot_origin
25.76355711799988,2026-09-13T11:45:53.833460+00:00,1789299953.825571,0.007889032363891602,0.06900442510246997,0.11136827976808997,0.3093222975730896,-0.43909300378702926,control_pose,robot_origin,robot_origin
25.795166836000135,2026-09-13T11:45:53.864997+00:00,1789299953.781021,0.08397579193115234,0.06727390147785803,0.1105223955801505,0.3094578635460544,-0.43675175261327637,control_pose,robot_origin,robot_origin
25.856515393000336,2026-09-13T11:45:53.926419+00:00,1789299953.875835,0.05058407783508301,0.06950524325234557,0.11180633248079086,0.30980053544044495,-0.44424782324323,control_pose,robot_origin,robot_origin
25.88141789400015,2026-09-13T11:45:53.951322+00:00,1789299953.8584888,0.09283328056335449,0.06937232930545631,0.11167602404277058,0.30959152175524496,-0.44251190312826005,control_pose,robot_origin,robot_origin
25.92254399400008,2026-09-13T11:45:53.992447+00:00,1789299953.95238,0.04006695747375488,0.06919515713649504,0.11152859224202355,0.3099444508552551,-0.4455964828720454,control_pose,robot_origin,robot_origin
25.93693323000025,2026-09-13T11:45:54.006835+00:00,1789299953.9278584,0.07897663116455078,0.06933874955837777,0.11164535059600592,0.31001388233865274,-0.4453417534996032,control_pose,robot_origin,robot_origin
25.98187699400023,2026-09-13T11:45:54.051782+00:00,1789299954.0088277,0.042954206466674805,0.06857920598500042,0.1113967617086962,0.30930519104003906,-0.44679596954786244,control_pose,robot_origin,robot_origin
26.02085901800001,2026-09-13T11:45:54.090766+00:00,1789299953.9970083,0.09375762939453125,0.06869990263345654,0.11140579471047889,0.3093986848761591,-0.44644093262218243,control_pose,robot_origin,robot_origin
26.049764534999667,2026-09-13T11:45:54.119659+00:00,1789299954.0787504,0.0409085750579834,0.06819526508167895,0.1114994219489604,0.30915820598602295,-0.448345965978221,control_pose,robot_origin,robot_origin
26.083550745999673,2026-09-13T11:45:54.153459+00:00,1789299954.0653527,0.08810639381408691,0.06825113056376603,0.11145999154353456,0.3091792774701068,-0.44810603644720953,control_pose,robot_origin,robot_origin
26.116102367000167,2026-09-13T11:45:54.186007+00:00,1789299954.1363294,0.04967761039733887,0.06819082964987866,0.11176020578291257,0.30910298228263855,-0.448773912770016,control_pose,robot_origin,robot_origin
26.129412795999997,2026-09-13T11:45:54.199312+00:00,1789299954.1888063,0.01050567626953125,0.0682750457405866,0.11187638196296444,0.30907249450683594,-0.4490851501280612,control_pose,robot_origin,robot_origin
26.153701025000373,2026-09-13T11:45:54.223607+00:00,1789299954.137756,0.08585095405578613,0.06819313040851785,0.1117660697236568,0.30910156124561,-0.44878016989567754,control_pose,robot_origin,robot_origin
26.18460405099995,2026-09-13T11:45:54.254505+00:00,1789299954.2423184,0.012186527252197266,0.06824161822188972,0.11176586985375545,0.30906546115875244,-0.4494257471815109,control_pose,robot_origin,robot_origin
26.21256056099992,2026-09-13T11:45:54.282459+00:00,1789299954.205708,0.0767509937286377,0.06827055457811454,0.11185091869957656,0.3090674457213461,-0.44925020011072525,control_pose,robot_origin,robot_origin
26.24660841700006,2026-09-13T11:45:54.316515+00:00,1789299954.2989743,0.017540693283081055,0.0681086050425424,0.1114185002300227,0.30916279554367065,-0.44910834248623654,control_pose,robot_origin,robot_origin
26.296105465999972,2026-09-13T11:45:54.366010+00:00,1789299954.2800946,0.08591532707214355,0.06818889670775125,0.11171227541364537,0.3090662687039316,-0.4492300513419613,control_pose,robot_origin,robot_origin
26.318924917000004,2026-09-13T11:45:54.388806+00:00,1789299954.3519921,0.036813974380493164,0.06756656114185694,0.10990483548467836,0.3103405833244324,-0.46337345784311,control_pose,robot_origin,robot_origin
26.356537143999958,2026-09-13T11:45:54.426442+00:00,1789299954.3468907,0.07955121994018555,0.067352728102084,0.11009440829370803,0.3102714709099652,-0.4610457890117959,control_pose,robot_origin,robot_origin
26.38795843600019,2026-09-13T11:45:54.457858+00:00,1789299954.4119668,0.04589128494262695,0.06785545548281818,0.11014644783282389,0.31070590019226074,-0.48717806453137313,control_pose,robot_origin,robot_origin
26.40160197000023,2026-09-13T11:45:54.471507+00:00,1789299954.465463,0.006044149398803711,0.06764618479046138,0.11118284034119676,0.3108796775341034,-0.4990577174630631,control_pose,robot_origin,robot_origin
26.434713042999647,2026-09-13T11:45:54.504620+00:00,1789299954.4216235,0.08299660682678223,0.06791841381715455,0.110277764930333,0.3108453593785577,-0.4902096749560324,control_pose,robot_origin,robot_origin
26.475201479000134,2026-09-13T11:45:54.545106+00:00,1789299954.516148,0.028957843780517578,0.06717484184413311,0.11209066686693109,0.3105100989341736,-0.4910108069692432,control_pose,robot_origin,robot_origin
26.50717079900005,2026-09-13T11:45:54.577074+00:00,1789299954.4884899,0.08858418464660645,0.0675368015939294,0.11181560275403253,0.31063751053795763,-0.4959890999381328,control_pose,robot_origin,robot_origin
26.53438835900033,2026-09-13T11:45:54.604257+00:00,1789299954.5688727,0.035384416580200195,0.06594925334286995,0.11174065235864519,0.3104747533798218,-0.4816957859962487,control_pose,robot_origin,robot_origin
26.57238156600033,2026-09-13T11:45:54.642282+00:00,1789299954.5567007,0.08558130264282227,0.0661939693164107,0.11178187668338059,0.31050576688138387,-0.48343435116612166,control_pose,robot_origin,robot_origin
26.602090610999767,2026-09-13T11:45:54.671994+00:00,1789299954.6252759,0.04671812057495117,0.06527117506281599,0.11209531392997314,0.310301810503006,-0.4803615717744824,control_pose,robot_origin,robot_origin
26.662138814999707,2026-09-13T11:45:54.732043+00:00,1789299954.625757,0.10628604888916016,0.0652670465949756,0.11209371412376909,0.31030062196850094,-0.48036757282640724,control_pose,robot_origin,robot_origin
26.690229634999923,2026-09-13T11:45:54.760134+00:00,1789299954.7153149,0.04481911659240723,0.06476462780926401,0.11210429233176065,0.31015345454216003,-0.479843710376877,control_pose,robot_origin,robot_origin
26.708013249000032,2026-09-13T11:45:54.777919+00:00,1789299954.6975582,0.08036088943481445,0.06483460962015189,0.11209092602799628,0.3101615392728189,-0.48011704506335007,control_pose,robot_origin,robot_origin
26.74071646199991,2026-09-13T11:45:54.810583+00:00,1789299954.7754216,0.035161495208740234,0.06475271109202459,0.11223382454608201,0.3101222813129425,-0.4791449149798863,control_pose,robot_origin,robot_origin
26.793371556999773,2026-09-13T11:45:54.863277+00:00,1789299954.7671537,0.09612321853637695,0.0647495451860291,0.11221855760499143,0.31012415121696413,-0.4792368598581999,control_pose,robot_origin,robot_origin
26.860707615000138,2026-09-13T11:45:54.930609+00:00,1789299954.882471,0.04813790321350098,0.0648139067856314,0.11229527429634903,0.3100866377353668,-0.4794060138045465,control_pose,robot_origin,robot_origin
26.895000092000373,2026-09-13T11:45:54.964895+00:00,1789299954.8368425,0.1280524730682373,0.0647804466532243,0.11228774189650005,0.31010067606795294,-0.4793183721835765,control_pose,robot_origin,robot_origin
26.915407069999674,2026-09-13T11:45:54.985311+00:00,1789299954.9355667,0.049744367599487305,0.06477462985633534,0.11221437528475184,0.3101055324077606,-0.4793699236874263,control_pose,robot_origin,robot_origin
26.93312501699984,2026-09-13T11:45:54.996286+00:00,1789299954.9030108,0.09327507019042969,0.06479871270358842,0.1122639789216486,0.31009394704410537,-0.479392052966616,control_pose,robot_origin,robot_origin
26.963526960999843,2026-09-13T11:45:55.033428+00:00,1789299954.9920168,0.04141116142272949,0.06476275626006062,0.11217346973204455,0.31008899211883545,-0.4793135171001992,control_pose,robot_origin,robot_origin
26.988258444000166,2026-09-13T11:45:55.058160+00:00,1789299954.9699113,0.08824872970581055,0.06476740589567948,0.11218948812364865,0.31009546920587405,-0.4793356056970684,control_pose,robot_origin,robot_origin
27.00949404000039,2026-09-13T11:45:55.079401+00:00,1789299955.0454602,0.033940792083740234,0.06472039967422759,0.11222252689928663,0.31010013818740845,-0.4790949902915381,control_pose,robot_origin,robot_origin
27.04774879500019,2026-09-13T11:45:55.117666+00:00,1789299955.0990348,0.0186312198638916,0.06472278055547989,0.11224952449281993,0.3100961744785309,-0.4791991457236907,control_pose,robot_origin,robot_origin
27.06869691999964,2026-09-13T11:45:55.138602+00:00,1789299955.0481403,0.09046173095703125,0.06472323104435376,0.11222235360006684,0.31010012617667954,-0.47908997908440726,control_pose,robot_origin,robot_origin
27.151774472000398,2026-09-13T11:45:55.221679+00:00,1789299955.1157017,0.10597729682922363,0.06471875204062096,0.11223605008709424,0.31009287392876167,-0.47925753165459295,control_pose,robot_origin,robot_origin
27.183696109000266,2026-09-13T11:45:55.253600+00:00,1789299955.2120092,0.04159069061279297,0.06464894875486558,0.11213832586218563,0.31010720133781433,-0.4793814111728351,control_pose,robot_origin,robot_origin
27.202433211000425,2026-09-13T11:45:55.272339+00:00,1789299955.183792,0.0885469913482666,0.06467369274083724,0.11216879071680755,0.3100999221976751,-0.47936481167545253,control_pose,robot_origin,robot_origin
27.232258869999896,2026-09-13T11:45:55.302163+00:00,1789299955.265453,0.03670978546142578,0.06463173003458016,0.11213884575891446,0.31010767817497253,-0.47938973869424645,control_pose,robot_origin,robot_origin
27.265942643000017,2026-09-13T11:45:55.335849+00:00,1789299955.250683,0.08516597747802734,0.06463648874874413,0.112138702075767,0.3101075463921396,-0.47938743721614613,control_pose,robot_origin,robot_origin
27.290632107999954,2026-09-13T11:45:55.360537+00:00,1789299955.3185806,0.041956424713134766,0.06470196289888881,0.112163967966588,0.3100920021533966,-0.4792923443686992,control_pose,robot_origin,robot_origin
27.325591722000354,2026-09-13T11:45:55.395503+00:00,1789299955.3719685,0.023534536361694336,0.06470925623906705,0.11216640196425845,0.3100859820842743,-0.4794958887863741,control_pose,robot_origin,robot_origin
27.348702868000146,2026-09-13T11:45:55.418611+00:00,1789299955.329168,0.08944296836853027,0.06470772859319199,0.11217983556512538,0.31009299578034966,-0.479296295918539,control_pose,robot_origin,robot_origin
27.38141254400034,2026-09-13T11:45:55.451315+00:00,1789299955.4256985,0.02561640739440918,0.06465982151777952,0.11211743486952537,0.31010088324546814,-0.4796843382752518,control_pose,robot_origin,robot_origin
27.394195298999875,2026-09-13T11:45:55.464096+00:00,1789299955.389185,0.07491111755371094,0.06469290665800712,0.11215110404676588,0.3100885897629808,-0.47958373725553116,control_pose,robot_origin,robot_origin
27.425570796000102,2026-09-13T11:45:55.495476+00:00,1789299955.478707,0.016768932342529297,0.06454718967179371,0.11211268978938044,0.31011152267456055,-0.47945311531864093,control_pose,robot_origin,robot_origin
27.467697072999727,2026-09-13T11:45:55.537604+00:00,1789299955.4688013,0.0688028335571289,0.06456415879750824,0.11211925382034459,0.31010384648717143,-0.4795028952110801,control_pose,robot_origin,robot_origin
27.494807299999593,2026-09-13T11:45:55.564713+00:00,1789299955.5354278,0.029285192489624023,0.06452126574192901,0.1121528746800505,0.3101232349872589,-0.47946795914126533,control_pose,robot_origin,robot_origin
27.524137702999724,2026-09-13T11:45:55.594012+00:00,1789299955.5885637,0.005448341369628906,0.06455225585259423,0.11214887623313528,0.31012630462646484,-0.47961673922906345,control_pose,robot_origin,robot_origin
27.542016074000458,2026-09-13T11:45:55.611918+00:00,1789299955.5332243,0.07869362831115723,0.06452231128303268,0.11214956293098888,0.3101230067633496,-0.4794687961704552,control_pose,robot_origin,robot_origin
27.58390083500035,2026-09-13T11:45:55.653804+00:00,1789299955.6388733,0.01493072509765625,0.06455119925923161,0.11211237560160651,0.31012171506881714,-0.47959140225704056,control_pose,robot_origin,robot_origin
27.615532056999655,2026-09-13T11:45:55.685437+00:00,1789299955.603417,0.08202004432678223,0.06455690138511315,0.11213899223093568,0.3101266921253514,-0.4796399928997322,control_pose,robot_origin,robot_origin
27.649043917999734,2026-09-13T11:45:55.718948+00:00,1789299955.6919734,0.02697443962097168,0.06450897327736888,0.11207363932645399,0.3101311922073364,-0.47955190748960896,control_pose,robot_origin,robot_origin
27.681295874999705,2026-09-13T11:45:55.751199+00:00,1789299955.6719096,0.07928943634033203,0.06451568239051715,0.11209514510563491,0.3101253472036679,-0.4795480056220265,control_pose,robot_origin,robot_origin
27.701344883000274,2026-09-13T11:45:55.771252+00:00,1789299955.7456174,0.0256345272064209,0.06451404859137792,0.1121005852764277,0.31011220812797546,-0.4795844077277402,control_pose,robot_origin,robot_origin
27.752815181999722,2026-09-13T11:45:55.822721+00:00,1789299955.741953,0.08076810836791992,0.06451347682595737,0.11209207624307782,0.3101130569631178,-0.47959122450230696,control_pose,robot_origin,robot_origin
27.77681392500017,2026-09-13T11:45:55.846724+00:00,1789299955.8085742,0.03814983367919922,0.06458255752667924,0.11210854678249331,0.3101031184196472,-0.4796152783324888,control_pose,robot_origin,robot_origin
27.82138416500038,2026-09-13T11:45:55.891289+00:00,1789299955.8098109,0.08147811889648438,0.06458373682761069,0.11210853232817992,0.31010278254431856,-0.47962062047911513,control_pose,robot_origin,robot_origin
27.8434909409998,2026-09-13T11:45:55.913397+00:00,1789299955.8713608,0.04203629493713379,0.06460555586209417,0.11207745522978253,0.31008124351501465,-0.4797041432819095,control_pose,robot_origin,robot_origin
27.858073626000078,2026-09-13T11:45:55.927946+00:00,1789299955.9219017,0.0060443878173828125,0.06454150408006672,0.11207614075275803,0.31008100509643555,-0.4794896888941177,control_pose,robot_origin,robot_origin
27.888098399000228,2026-09-13T11:45:55.958000+00:00,1789299955.8818228,0.07617712020874023,0.06458477854924657,0.11207437266796297,0.31007922213429556,-0.4796700538328966,control_pose,robot_origin,robot_origin
27.931480612000087,2026-09-13T11:45:56.001391+00:00,1789299955.975569,0.025821924209594727,0.06449875049669967,0.11210752920026944,0.31008225679397583,-0.4794407687381859,control_pose,robot_origin,robot_origin
27.96592567100015,2026-09-13T11:45:56.035832+00:00,1789299955.9535823,0.08224964141845703,0.06452177310777019,0.1120995134087771,0.3100818550791549,-0.4794062620007646,control_pose,robot_origin,robot_origin
28.004133383000408,2026-09-13T11:45:56.074019+00:00,1789299956.028985,0.045033931732177734,0.06451285303065242,0.11212610872858561,0.31009387969970703,-0.47958767918757855,control_pose,robot_origin,robot_origin
28.047924319999765,2026-09-13T11:45:56.117828+00:00,1789299956.022858,0.0949699878692627,0.06451033328480346,0.11212335057862804,0.31009391357750743,-0.479577547974637,control_pose,robot_origin,robot_origin
28.077735898000356,2026-09-13T11:45:56.147632+00:00,1789299956.1084924,0.039139509201049805,0.06450540986237452,0.11205198338310515,0.31008559465408325,-0.47947497899348734,control_pose,robot_origin,robot_origin
28.10304360200007,2026-09-13T11:45:56.172952+00:00,1789299956.0937304,0.07922148704528809,0.06450873016997269,0.1120635678935361,0.3100880651399465,-0.4795195693094135,control_pose,robot_origin,robot_origin
28.138759157000095,2026-09-13T11:45:56.208675+00:00,1789299956.1653113,0.04336357116699219,0.06445497459412838,0.11203895509501025,0.31009575724601746,-0.47939147305399976,control_pose,robot_origin,robot_origin
28.165758178000033,2026-09-13T11:45:56.235661+00:00,1789299956.2189353,0.016725778579711914,0.06446790026641434,0.11206336138701177,0.3101048469543457,-0.4793368896458908,control_pose,robot_origin,robot_origin
28.214448048999657,2026-09-13T11:45:56.284353+00:00,1789299956.1675966,0.11675643920898438,0.06445146037624748,0.11204093307276508,0.31009681339848066,-0.4793830261411463,control_pose,robot_origin,robot_origin
28.25549353600036,2026-09-13T11:45:56.325404+00:00,1789299956.2315338,0.09387016296386719,0.06447623625258803,0.11205493310894499,0.3100990503118223,-0.47934648013240205,control_pose,robot_origin,robot_origin
28.3081468700002,2026-09-13T11:45:56.378060+00:00,1789299956.3085191,0.06954097747802734,0.0645292456956918,0.11201610530550138,0.31007063388824463,-0.47954097104530496,control_pose,robot_origin,robot_origin
28.311874674000137,2026-09-13T11:45:56.381779+00:00,1789299956.3587697,0.023009300231933594,0.06450184202549619,0.11200990599819033,0.31008440256118774,-0.4795257834473486,control_pose,robot_origin,robot_origin
28.337184969999726,2026-09-13T11:45:56.407093+00:00,1789299956.3132322,0.09386086463928223,0.06451873445640761,0.11201921372970959,0.310068983018158,-0.47953706843329674,control_pose,robot_origin,robot_origin
28.397232819999772,2026-09-13T11:45:56.467136+00:00,1789299956.3729422,0.09419369697570801,0.064485578140412,0.11202373856296767,0.3100845558236252,-0.47948797089176975,control_pose,robot_origin,robot_origin
28.424260961999607,2026-09-13T11:45:56.494169+00:00,1789299956.4518223,0.04234671592712402,0.06446285042749106,0.11209621858691735,0.31008055806159973,-0.4794347134351236,control_pose,robot_origin,robot_origin
28.466932995000207,2026-09-13T11:45:56.536837+00:00,1789299956.4444976,0.09233951568603516,0.06446165403907174,0.11208970806511619,0.31008116590685186,-0.4794319908705097,control_pose,robot_origin,robot_origin
28.50316220700006,2026-09-13T11:45:56.573067+00:00,1789299956.5070372,0.06602978706359863,0.06451306539781934,0.11210418527198983,0.3100909888744354,-0.4794492165853207,control_pose,robot_origin,robot_origin
28.536091990000386,2026-09-13T11:45:56.605990+00:00,1789299956.5101297,0.09586024284362793,0.06451441450173373,0.11210284504660019,0.3100894388456955,-0.4794571350381421,control_pose,robot_origin,robot_origin
28.560218034999707,2026-09-13T11:45:56.630124+00:00,1789299956.5619535,0.06817054748535156,0.06451277871783138,0.11207215027798094,0.31007859110832214,-0.4795140909354593,control_pose,robot_origin,robot_origin
28.607668868000474,2026-09-13T11:45:56.677574+00:00,1789299956.5803823,0.09719157218933105,0.06449167835278599,0.11205956430030739,0.31007927492269305,-0.4795014305219875,control_pose,robot_origin,robot_origin
28.657638130999658,2026-09-13T11:45:56.727541+00:00,1789299956.6756835,0.05185747146606445,0.06443332030187994,0.11210357242076961,0.31009915471076965,-0.4794868651068848,control_pose,robot_origin,robot_origin
28.676068017000034,2026-09-13T11:45:56.745982+00:00,1789299956.6487222,0.0972597599029541,0.06445584122845385,0.11208929724600275,0.31009392374810624,-0.4794666727600048,control_pose,robot_origin,robot_origin
28.710882375000438,2026-09-13T11:45:56.780789+00:00,1789299956.7284482,0.05234074592590332,0.0644466171594399,0.11211963843420134,0.3100970983505249,-0.47949830981010955,control_pose,robot_origin,robot_origin
28.719409874999656,2026-09-13T11:45:56.789313+00:00,1789299956.7818348,0.007478237152099609,0.06442506905229409,0.11209938466720343,0.3101004958152771,-0.47951272049570026,control_pose,robot_origin,robot_origin
28.748417828999663,2026-09-13T11:45:56.818320+00:00,1789299956.7268333,0.09148669242858887,0.0644462101877534,0.11211914670805072,0.31009716128873366,-0.47949795955656993,control_pose,robot_origin,robot_origin
28.79466984999999,2026-09-13T11:45:56.864577+00:00,1789299956.835152,0.02942514419555664,0.0643614249883747,0.1120527679364846,0.31010398268699646,-0.4795275288533612,control_pose,robot_origin,robot_origin
28.815160031999767,2026-09-13T11:45:56.885068+00:00,1789299956.8022084,0.08285951614379883,0.06437075357032278,0.1120838946501582,0.3101036471887715,-0.47951887422538625,control_pose,robot_origin,robot_origin
28.84772435600007,2026-09-13T11:45:56.917632+00:00,1789299956.8852344,0.03239774703979492,0.0643606640142354,0.11212172363276524,0.3101145029067993,-0.47947676883011553,control_pose,robot_origin,robot_origin
28.885852704999706,2026-09-13T11:45:56.955757+00:00,1789299956.8696325,0.08612442016601562,0.06433935398792963,0.11210709422977583,0.31010979802340116,-0.4794395350806352,control_pose,robot_origin,robot_origin
28.919771304999813,2026-09-13T11:45:56.989679+00:00,1789299956.9384162,0.051262855529785156,0.06437987354050564,0.11211108139527486,0.3101130723953247,-0.4796587580647943,control_pose,robot_origin,robot_origin
28.953179031999753,2026-09-13T11:45:57.023080+00:00,1789299956.9375966,0.08548355102539062,0.06437669690254158,0.11211156641455516,0.31011367566429504,-0.4796576786251492,control_pose,robot_origin,robot_origin
29.014040713999748,2026-09-13T11:45:57.083942+00:00,1789299957.0285213,0.055420637130737305,0.06432880790209049,0.11207921536106598,0.3101217746734619,-0.4796329161247064,control_pose,robot_origin,robot_origin
29.026831244999812,2026-09-13T11:45:57.096739+00:00,1789299957.0032084,0.09353065490722656,0.06435613095123636,0.11208262690065333,0.31011724450333167,-0.47966285739300135,control_pose,robot_origin,robot_origin
29.060684658000355,2026-09-13T11:45:57.130590+00:00,1789299957.0920622,0.038527727127075195,0.0643213929002157,0.11209017741067186,0.3101148009300232,-0.4795109517380662,control_pose,robot_origin,robot_origin
29.090441352999733,2026-09-13T11:45:57.160342+00:00,1789299957.0719888,0.08835315704345703,0.06432373539993738,0.11208671435043487,0.3101170040302165,-0.4795494816859182,control_pose,robot_origin,robot_origin
29.13003479800045,2026-09-13T11:45:57.199951+00:00,1789299957.1483648,0.051586151123046875,0.0643154161558447,0.11213270144205909,0.3101097643375397,-0.4795294606377172,control_pose,robot_origin,robot_origin
29.17191155799992,2026-09-13T11:45:57.241810+00:00,1789299957.151206,0.09060406684875488,0.06432101653162903,0.11213321593472897,0.310108033945326,-0.4795347258558907,control_pose,robot_origin,robot_origin
29.226072935999582,2026-09-13T11:45:57.295969+00:00,1789299957.2375517,0.058417320251464844,0.06433334787781746,0.11206663914650372,0.3100993037223816,-0.47966731995425255,control_pose,robot_origin,robot_origin
29.2286118789998,2026-09-13T11:45:57.298515+00:00,1789299957.2113976,0.08711743354797363,0.06432924557918286,0.11209243385425906,0.3101041200819809,-0.479666819587751,control_pose,robot_origin,robot_origin
29.26256580900008,2026-09-13T11:45:57.332473+00:00,1789299957.295154,0.03731894493103027,0.06434117035609346,0.11207674744545092,0.3101016879081726,-0.4795555068668931,control_pose,robot_origin,robot_origin
29.296059076000347,2026-09-13T11:45:57.365964+00:00,1789299957.283987,0.08197689056396484,0.06433965382842541,0.11207478777046198,0.3101012256910094,-0.47957718376936903,control_pose,robot_origin,robot_origin
29.32026470799974,2026-09-13T11:45:57.390170+00:00,1789299957.3583896,0.03178048133850098,0.06435942562502414,0.11211978274611988,0.31009623408317566,-0.4797543954832247,control_pose,robot_origin,robot_origin
29.361980308000057,2026-09-13T11:45:57.431882+00:00,1789299957.35258,0.07930183410644531,0.06435923368598064,0.11211422547783134,0.3100958777641646,-0.479736068947479,control_pose,robot_origin,robot_origin
29.401410290000058,2026-09-13T11:45:57.471328+00:00,1789299957.4251022,0.046225786209106445,0.06441059095891705,0.11208501320122534,0.31007465720176697,-0.4797861981125165,control_pose,robot_origin,robot_origin
29.419471389000137,2026-09-13T11:45:57.489374+00:00,1789299957.4783316,0.011042356491088867,0.0643829555511857,0.11204020361322142,0.3100818991661072,-0.4797234676046303,control_pose,robot_origin,robot_origin
29.440017861000342,2026-09-13T11:45:57.509920+00:00,1789299957.4279654,0.0819544792175293,0.06441019434598119,0.11208287198012419,0.31007443542617036,-0.47977963169853255,control_pose,robot_origin,robot_origin
29.475923185999818,2026-09-13T11:45:57.545795+00:00,1789299957.5324116,0.01338338851928711,0.06432740853156385,0.1120697698009459,0.3100866675376892,-0.4796140048268612,control_pose,robot_origin,robot_origin
29.50870339300036,2026-09-13T11:45:57.578609+00:00,1789299957.494564,0.0840449333190918,0.06436058398243785,0.11204349000371056,0.3100824052740705,-0.47968016589340845,control_pose,robot_origin,robot_origin
29.53508769400014,2026-09-13T11:45:57.604992+00:00,1789299957.585198,0.019793987274169922,0.06434250084416746,0.11209909227071466,0.31008419394493103,-0.4797654249552048,control_pose,robot_origin,robot_origin
29.579047279000406,2026-09-13T11:45:57.648947+00:00,1789299957.5681646,0.08078241348266602,0.06432548350687486,0.1120958514574515,0.31008096156721116,-0.47971375434455477,control_pose,robot_origin,robot_origin
29.617139369000142,2026-09-13T11:45:57.687046+00:00,1789299957.6385448,0.04850125312805176,0.06441222048265229,0.11203898079276334,0.31008419394493103,-0.47985301820390286,control_pose,robot_origin,robot_origin
29.657751841999925,2026-09-13T11:45:57.727655+00:00,1789299957.637919,0.0897359848022461,0.06441106818365305,0.11203959942242556,0.31008421986378015,-0.4798520653824273,control_pose,robot_origin,robot_origin
29.682933715000217,2026-09-13T11:45:57.751770+00:00,1789299957.7083263,0.04344367980957031,0.06436219245213887,0.11196557672655007,0.31007081270217896,-0.4799481057516536,control_pose,robot_origin,robot_origin
29.715773412999624,2026-09-13T11:45:57.785678+00:00,1789299957.7076385,0.07803940773010254,0.06436332160449765,0.11196609065269188,0.31007094331470997,-0.47994827437817034,control_pose,robot_origin,robot_origin
29.748025656999744,2026-09-13T11:45:57.817926+00:00,1789299957.7753322,0.04259371757507324,0.06433947680746957,0.1120070661307935,0.3100603222846985,-0.479704550565925,control_pose,robot_origin,robot_origin
29.796776907000094,2026-09-13T11:45:57.866683+00:00,1789299957.776483,0.09019994735717773,0.06433699742083657,0.11200574253365077,0.3100597341525188,-0.4797041830836815,control_pose,robot_origin,robot_origin
29.823169848999896,2026-09-13T11:45:57.893076+00:00,1789299957.858463,0.03461289405822754,0.06430031355834706,0.11201731551588631,0.31006768345832825,-0.47990284796493365,control_pose,robot_origin,robot_origin
29.875535936000233,2026-09-13T11:45:57.945444+00:00,1789299957.8451533,0.10029077529907227,0.06429982501912701,0.1120236988143426,0.31006518421392604,-0.47987200879976677,control_pose,robot_origin,robot_origin
29.908190281000316,2026-09-13T11:45:57.978088+00:00,1789299957.942558,0.03552985191345215,0.06431901750010385,0.11199850802930239,0.3100755214691162,-0.479744074653087,control_pose,robot_origin,robot_origin
29.928404737000164,2026-09-13T11:45:57.998308+00:00,1789299957.915983,0.08232498168945312,0.06433322623656207,0.11199854765705354,0.31006991971246556,-0.47981819774473206,control_pose,robot_origin,robot_origin
29.965701713999806,2026-09-13T11:45:58.035561+00:00,1789299957.9930692,0.042491912841796875,0.06428330326371993,0.11199056403887743,0.31007787585258484,-0.4797262564637058,control_pose,robot_origin,robot_origin
29.999346667999816,2026-09-13T11:45:58.069255+00:00,1789299957.9839444,0.08531069755554199,0.06429264325581548,0.11198831178980675,0.31007718673050594,-0.4797098956222774,control_pose,robot_origin,robot_origin
30.02215872600027,2026-09-13T11:45:58.092058+00:00,1789299958.0515966,0.04046130180358887,0.06433360595876066,0.11201480244633656,0.3100610375404358,-0.47977382711063277,control_pose,robot_origin,robot_origin
30.058290396999837,2026-09-13T11:45:58.128197+00:00,1789299958.0510006,0.07719635963439941,0.06433312342487504,0.11201463361045778,0.3100612111508766,-0.4797740028144433,control_pose,robot_origin,robot_origin
30.069954343000063,2026-09-13T11:45:58.139860+00:00,1789299958.1019466,0.03791332244873047,0.06434977813190901,0.11198239924781159,0.3100525140762329,-0.4799187146031886,control_pose,robot_origin,robot_origin
30.105764398000247,2026-09-13T11:45:58.175670+00:00,1789299958.155117,0.020552873611450195,0.06435046315812802,0.11189692635523586,0.3100568950176239,-0.4799623349087088,control_pose,robot_origin,robot_origin
30.12665892000041,2026-09-13T11:45:58.196567+00:00,1789299958.1247563,0.07181072235107422,0.06435816821343206,0.11196333793010378,0.310048320958608,-0.48000408998446514,control_pose,robot_origin,robot_origin
30.155076859000474,2026-09-13T11:45:58.224979+00:00,1789299958.2055655,0.019413471221923828,0.0642783604751826,0.11193611874420521,0.31005915999412537,-0.47988171581941685,control_pose,robot_origin,robot_origin
30.21258109199971,2026-09-13T11:45:58.282427+00:00,1789299958.194879,0.08754801750183105,0.06429308185726859,0.11192702414128702,0.3100610976186937,-0.47987385996371734,control_pose,robot_origin,robot_origin
30.246620242000063,2026-09-13T11:45:58.316526+00:00,1789299958.2716122,0.04491376876831055,0.06427559163109904,0.11199745221541034,0.31005993485450745,-0.47988370222165666,control_pose,robot_origin,robot_origin
30.279978397999912,2026-09-13T11:45:58.349838+00:00,1789299958.2674665,0.08237147331237793,0.06427091760768841,0.11199205761791434,0.3100608587230194,-0.47987993091181835,control_pose,robot_origin,robot_origin
30.3082750829999,2026-09-13T11:45:58.378174+00:00,1789299958.3465018,0.03167223930358887,0.06429387800249539,0.11193666782520643,0.3100566864013672,-0.48001711289822296,control_pose,robot_origin,robot_origin
30.370381403000465,2026-09-13T11:45:58.440291+00:00,1789299958.3365195,0.10377144813537598,0.06429119008346698,0.11194797169837854,0.3100574693737291,-0.48000224880064235,control_pose,robot_origin,robot_origin
30.39068008600043,2026-09-13T11:45:58.460581+00:00,1789299958.415272,0.04530906677246094,0.06418176260479817,0.11192598469673284,0.31007224321365356,-0.4799306060223709,control_pose,robot_origin,robot_origin
30.423276540000188,2026-09-13T11:45:58.493183+00:00,1789299958.4024494,0.09073352813720703,0.06419755371559871,0.11192837479435744,0.31007095517712896,-0.4799332208439475,control_pose,robot_origin,robot_origin
30.449882484000227,2026-09-13T11:45:58.519789+00:00,1789299958.4720817,0.047707319259643555,0.06417025620151677,0.11200292045189834,0.31006836891174316,-0.47992100194851967,control_pose,robot_origin,robot_origin
30.48439561000032,2026-09-13T11:45:58.554299+00:00,1789299958.4720485,0.08225059509277344,0.06417025701767216,0.11200283394919183,0.31006836309550734,-0.4799210558833666,control_pose,robot_origin,robot_origin
30.51139594199958,2026-09-13T11:45:58.581299+00:00,1789299958.539282,0.04201698303222656,0.06423966363415583,0.11198250033364335,0.31006738543510437,-0.4799775823366815,control_pose,robot_origin,robot_origin
30.569337285000074,2026-09-13T11:45:58.639239+00:00,1789299958.5418658,0.09737324714660645,0.06423832644115098,0.11198276727736635,0.31006802513821247,-0.47997273109285155,control_pose,robot_origin,robot_origin
30.587123713999972,2026-09-13T11:45:58.657031+00:00,1789299958.615015,0.042016029357910156,0.0642200993152609,0.11193899698977944,0.31007224321365356,-0.4797350442731069,control_pose,robot_origin,robot_origin
30.62537990800047,2026-09-13T11:45:58.695284+00:00,1789299958.61303,0.08225393295288086,0.06422063171582329,0.11193999824461957,0.3100723980093501,-0.4797417621475557,control_pose,robot_origin,robot_origin
30.657053562999863,2026-09-13T11:45:58.726954+00:00,1789299958.6885521,0.03840184211730957,0.06417306835446146,0.11198412484392048,0.310062438249588,-0.4797007377274841,control_pose,robot_origin,robot_origin
30.69545968500006,2026-09-13T11:45:58.765365+00:00,1789299958.683431,0.08193397521972656,0.0641760650091393,0.1119793664757764,0.31006378143762736,-0.4797055476913003,control_pose,robot_origin,robot_origin
30.72475114000008,2026-09-13T11:45:58.794662+00:00,1789299958.7550037,0.039658308029174805,0.06415932421746777,0.11205883296567941,0.3100396990776062,-0.4798949846257207,control_pose,robot_origin,robot_origin
30.757680122000238,2026-09-13T11:45:58.827558+00:00,1789299958.8088043,0.018753767013549805,0.06411868247820562,0.11200276182472604,0.3100658059120178,-0.48004399500501194,control_pose,robot_origin,robot_origin
30.77584138600014,2026-09-13T11:45:58.845743+00:00,1789299958.7576146,0.08812832832336426,0.06415047148447152,0.11205799462354708,0.3100384687985761,-0.4799035227482649,control_pose,robot_origin,robot_origin
30.81427976499981,2026-09-13T11:45:58.884177+00:00,1789299958.865529,0.01864790916442871,0.06410773847869597,0.11197747368574411,0.3100604712963104,-0.47995149605228915,control_pose,robot_origin,robot_origin
30.84771645300043,2026-09-13T11:45:58.917622+00:00,1789299958.824442,0.09318017959594727,0.06410579709770547,0.11198537194869446,0.3100664053964148,-0.4800372019897715,control_pose,robot_origin,robot_origin
30.89508148799996,2026-09-13T11:45:58.964984+00:00,1789299958.8902087,0.07477521896362305,0.06410760592261841,0.11198761776987655,0.31006387716379213,-0.4799167149591624,control_pose,robot_origin,robot_origin
30.917594522999934,2026-09-13T11:45:58.987503+00:00,1789299958.94515,0.042353153228759766,0.06410761297095817,0.11201810026654706,0.31005603075027466,-0.4799561216531465,control_pose,robot_origin,robot_origin
30.94540692800001,2026-09-13T11:45:59.015267+00:00,1789299958.9985218,0.01674509048461914,0.06411194754951845,0.11202428551935072,0.31005534529685974,-0.4800228519722715,control_pose,robot_origin,robot_origin
30.974372575000416,2026-09-13T11:45:59.044278+00:00,1789299958.9613938,0.08288407325744629,0.06411878777908846,0.11202054781292334,0.3100590869552052,-0.47997159983195514,control_pose,robot_origin,robot_origin
30.993105163999644,2026-09-13T11:45:59.063013+00:00,1789299959.0518212,0.011191844940185547,0.06412366295430091,0.1119677303655401,0.31005004048347473,-0.4801443008337723,control_pose,robot_origin,robot_origin
31.0409396619998,2026-09-13T11:45:59.110842+00:00,1789299959.0323784,0.07846355438232422,0.0641146652371017,0.11197950065519861,0.31005504934015027,-0.48010210292666383,control_pose,robot_origin,robot_origin
31.077493433999734,2026-09-13T11:45:59.147398+00:00,1789299959.1084592,0.03893876075744629,0.06400873896025966,0.11199869568843088,0.31007102131843567,-0.4800444177108901,control_pose,robot_origin,robot_origin
31.11008521399981,2026-09-13T11:45:59.179990+00:00,1789299959.1042135,0.07577657699584961,0.06400185778068368,0.11199166524602729,0.31007146282817616,-0.4800533776484964,control_pose,robot_origin,robot_origin
31.141872602999683,2026-09-13T11:45:59.211779+00:00,1789299959.1681483,0.04363083839416504,0.06399114126715039,0.11202943848011412,0.31009572744369507,-0.48011075645648027,control_pose,robot_origin,robot_origin
31.15617181699963,2026-09-13T11:45:59.226017+00:00,1789299959.2184517,0.00756525993347168,0.06400298813814807,0.1120304772110072,0.3100880980491638,-0.48009464708913346,control_pose,robot_origin,robot_origin
31.183784083999853,2026-09-13T11:45:59.253673+00:00,1789299959.1754568,0.0782163143157959,0.06398191965183431,0.11204231017025236,0.31009608289103424,-0.480140994024738,control_pose,robot_origin,robot_origin
31.22081016700031,2026-09-13T11:45:59.290709+00:00,1789299959.2706394,0.020069599151611328,0.06399938545126863,0.1120042097722416,0.31009021401405334,-0.48019674160873793,control_pose,robot_origin,robot_origin
31.255618379000225,2026-09-13T11:45:59.325521+00:00,1789299959.250662,0.0748589038848877,0.06402980292678921,0.11199325250603269,0.31009085694415295,-0.4802009939565625,control_pose,robot_origin,robot_origin
31.29324993299997,2026-09-13T11:45:59.363152+00:00,1789299959.3217585,0.04139351844787598,0.06391153350347464,0.11200424279951685,0.31010618805885315,-0.4802017708752944,control_pose,robot_origin,robot_origin
31.326584663000176,2026-09-13T11:45:59.396489+00:00,1789299959.3168514,0.07963752746582031,0.06391471765092391,0.1120034283579565,0.3101050155330609,-0.4801963440183481,control_pose,robot_origin,robot_origin
31.350790198999675,2026-09-13T11:45:59.420697+00:00,1789299959.378175,0.04252195358276367,0.06392726575209744,0.11204194682070816,0.3100980818271637,-0.48031690671586774,control_pose,robot_origin,robot_origin
31.371674959999837,2026-09-13T11:45:59.441568+00:00,1789299959.4316046,0.009963274002075195,0.06400737030425237,0.11205075409260129,0.3100787103176117,-0.48030487555998297,control_pose,robot_origin,robot_origin
31.392589066000255,2026-09-13T11:45:59.462490+00:00,1789299959.3842654,0.07822465896606445,0.0639254501595931,0.11204274199794848,0.31009447478837454,-0.48029697907103625,control_pose,robot_origin,robot_origin
31.434535813000366,2026-09-13T11:45:59.504430+00:00,1789299959.488411,0.016019105911254883,0.06403418850050563,0.11202692303738178,0.3100733160972595,-0.48038236142192525,control_pose,robot_origin,robot_origin
31.45117930499964,2026-09-13T11:45:59.521077+00:00,1789299959.4524987,0.06857824325561523,0.06404301003903978,0.11204687404860554,0.31007479181301256,-0.4803514985719983,control_pose,robot_origin,robot_origin
31.495411605999834,2026-09-13T11:45:59.565332+00:00,1789299959.5419452,0.023386716842651367,0.06396376071789746,0.11202396392589654,0.31007513403892517,-0.4803694748858162,control_pose,robot_origin,robot_origin
31.52612697299992,2026-09-13T11:45:59.596030+00:00,1789299959.5217693,0.07426071166992188,0.06398827965309695,0.11202371719081118,0.31007873557720267,-0.48039420799134447,control_pose,robot_origin,robot_origin
31.551853320999726,2026-09-13T11:45:59.621759+00:00,1789299959.5949304,0.026828527450561523,0.06391837807535936,0.11203594113377163,0.31009167432785034,-0.4802290359049086,control_pose,robot_origin,robot_origin
31.590696166999805,2026-09-13T11:45:59.660602+00:00,1789299959.592012,0.06859016418457031,0.06390856388522786,0.11203811467892905,0.3100894147653568,-0.4802231591630869,control_pose,robot_origin,robot_origin
31.60424996799975,2026-09-13T11:45:59.674151+00:00,1789299959.645016,0.02913498878479004,0.06397476576457624,0.11204194619078518,0.3100944459438324,-0.4803536531021481,control_pose,robot_origin,robot_origin
31.633527406000212,2026-09-13T11:45:59.703417+00:00,1789299959.6982424,0.0051746368408203125,0.06394862259605016,0.11199197624903062,0.3100875914096832,-0.4803708453116557,control_pose,robot_origin,robot_origin
31.674287693000224,2026-09-13T11:45:59.744191+00:00,1789299959.6748865,0.0693044662475586,0.06393807653518366,0.11203937110317774,0.3100884992871226,-0.48036077439354674,control_pose,robot_origin,robot_origin
31.704540284999894,2026-09-13T11:45:59.774447+00:00,1789299959.7522762,0.0221707820892334,0.06392862820792042,0.1119580405532785,0.3100830316543579,-0.48026945329560106,control_pose,robot_origin,robot_origin
31.754231803999573,2026-09-13T11:45:59.824131+00:00,1789299959.748319,0.07581210136413574,0.06393675409056832,0.11195356048687301,0.31008168874280945,-0.48026187578206814,control_pose,robot_origin,robot_origin
31.78440275899993,2026-09-13T11:45:59.854309+00:00,1789299959.8151724,0.039136648178100586,0.06387853509022351,0.11200183472226681,0.31007611751556396,-0.480239742008125,control_pose,robot_origin,robot_origin
31.80674813800033,2026-09-13T11:45:59.876650+00:00,1789299959.8653858,0.011264324188232422,0.06384868751933301,0.11204717910140422,0.31008481979370117,-0.48030778278395114,control_pose,robot_origin,robot_origin
31.831159028000002,2026-09-13T11:45:59.901059+00:00,1789299959.8064098,0.09464907646179199,0.06388103332154177,0.1119932934999682,0.31007742940825206,-0.4802402276981707,control_pose,robot_origin,robot_origin
31.874121728999853,2026-09-13T11:45:59.944020+00:00,1789299959.8705704,0.07344961166381836,0.06384274135020483,0.11205401276784893,0.31008615469616074,-0.4803030368273735,control_pose,robot_origin,robot_origin
31.905116085999907,2026-09-13T11:45:59.975013+00:00,1789299959.9282668,0.046746253967285156,0.06390805093865991,0.11203459901845307,0.3100832998752594,-0.4804494895411498,control_pose,robot_origin,robot_origin
31.92690457200024,2026-09-13T11:45:59.996807+00:00,1789299959.9816718,0.01513528823852539,0.06388009236584022,0.1120110056368991,0.31007617712020874,-0.4804153566464089,control_pose,robot_origin,robot_origin
31.948343281000234,2026-09-13T11:46:00.018187+00:00,1789299959.940562,0.07762503623962402,0.06388006927421624,0.1120295454837611,0.3100772635744167,-0.48048055020687036,control_pose,robot_origin,robot_origin
31.97578869100016,2026-09-13T11:46:00.045697+00:00,1789299960.0368984,0.008798599243164062,0.06379612968944627,0.11203676264628028,0.31006360054016113,-0.4803461835291363,control_pose,robot_origin,robot_origin
32.00854579099996,2026-09-13T11:46:00.078335+00:00,1789299960.009884,0.068450927734375,0.06382167376263992,0.11202797597872693,0.3100661728501973,-0.480322092955449,control_pose,robot_origin,robot_origin
32.03326949700022,2026-09-13T11:46:00.103172+00:00,1789299960.088109,0.015063047409057617,0.06380606386558772,0.11205836240967867,0.31005966663360596,-0.4802626088659002,control_pose,robot_origin,robot_origin
32.084857910999744,2026-09-13T11:46:00.152869+00:00,1789299960.0909357,0.061933279037475586,0.06380966902542458,0.11205106120315961,0.31006121811419723,-0.4802779540119274,control_pose,robot_origin,robot_origin
32.14177728100003,2026-09-13T11:46:00.211681+00:00,1789299960.1613865,0.05029439926147461,0.06389726301820628,0.11198132058695583,0.31005990505218506,-0.48035740535011856,control_pose,robot_origin,robot_origin
32.17622121800014,2026-09-13T11:46:00.245666+00:00,1789299960.1521692,0.09349679946899414,0.06388789702642239,0.11199262288483862,0.31006162567150275,-0.4803290166790752,control_pose,robot_origin,robot_origin
32.21182783800032,2026-09-13T11:46:00.281735+00:00,1789299960.2448404,0.03689455986022949,0.06380539744599836,0.11194374143419449,0.3100720942020416,-0.48023832062700494,control_pose,robot_origin,robot_origin
32.250613752999925,2026-09-13T11:46:00.320518+00:00,1789299960.2224348,0.0980832576751709,0.06382930009406931,0.11195322220081877,0.3100684643384395,-0.48027904667985655,control_pose,robot_origin,robot_origin
32.286065389000214,2026-09-13T11:46:00.355960+00:00,1789299960.3114989,0.04446101188659668,0.06380023637651201,0.11197710708486448,0.31007465720176697,-0.48028180093572986,control_pose,robot_origin,robot_origin
32.310262828000305,2026-09-13T11:46:00.380178+00:00,1789299960.2918367,0.08834123611450195,0.06380667004598439,0.11196995248176358,0.31007621385050915,-0.4802362903721955,control_pose,robot_origin,robot_origin
32.34054492500036,2026-09-13T11:46:00.410449+00:00,1789299960.374684,0.03576493263244629,0.06382269735363767,0.11196143954817188,0.3100756108760834,-0.4805068239848038,control_pose,robot_origin,robot_origin
32.38481626700013,2026-09-13T11:46:00.454724+00:00,1789299960.3659956,0.08872842788696289,0.06382195393829977,0.11196685171124392,0.31007666363274144,-0.48047314476422,control_pose,robot_origin,robot_origin
32.4092732070003,2026-09-13T11:46:00.479178+00:00,1789299960.4414709,0.03770709037780762,0.06380183220496999,0.11189436984381809,0.3100765645503998,-0.4804849916150462,control_pose,robot_origin,robot_origin
32.45354519000011,2026-09-13T11:46:00.523451+00:00,1789299960.4302366,0.09321451187133789,0.06381264551229249,0.11190935840941453,0.31007630739949055,-0.4805031382021685,control_pose,robot_origin,robot_origin
32.47717959300007,2026-09-13T11:46:00.547097+00:00,1789299960.5014553,0.04564166069030762,0.06377052416865003,0.11192128531159444,0.31006789207458496,-0.48039333230747794,control_pose,robot_origin,robot_origin
32.507553886000096,2026-09-13T11:46:00.577457+00:00,1789299960.5012715,0.07618546485900879,0.06377068808180598,0.11192118453654326,0.31006789924168576,-0.4803935579475981,control_pose,robot_origin,robot_origin
32.52351011100018,2026-09-13T11:46:00.593415+00:00,1789299960.5515304,0.041884660720825195,0.06383682507627399,0.11194208687436165,0.31004834175109863,-0.48037164135152993,control_pose,robot_origin,robot_origin
32.54476519400032,2026-09-13T11:46:00.614671+00:00,1789299960.6048732,0.009797811508178711,0.06384150714332285,0.11189155512040949,0.3100346028804779,-0.480597759509328,control_pose,robot_origin,robot_origin
32.595257330000095,2026-09-13T11:46:00.665164+00:00,1789299960.5828831,0.08228087425231934,0.06385066749142287,0.11191646297308759,0.31003617640758846,-0.4805225202080697,control_pose,robot_origin,robot_origin
32.603735546999815,2026-09-13T11:46:00.673643+00:00,1789299960.6570258,0.016617298126220703,0.0638227642191215,0.11185566773466356,0.3100353479385376,-0.4805671804705469,control_pose,robot_origin,robot_origin
32.64923155999986,2026-09-13T11:46:00.719144+00:00,1789299960.6493602,0.06978392601013184,0.06382519948143847,0.11185806819442218,0.3100346030026913,-0.480581660194692,control_pose,robot_origin,robot_origin
32.670025403999716,2026-09-13T11:46:00.739934+00:00,1789299960.7081099,0.03182411193847656,0.0638195476182672,0.11184488308771653,0.31002697348594666,-0.48047836847246567,control_pose,robot_origin,robot_origin
32.70047301199975,2026-09-13T11:46:00.770369+00:00,1789299960.7614636,0.008905410766601562,0.06377425495911723,0.11189963196409555,0.31002557277679443,-0.4803802387579617,control_pose,robot_origin,robot_origin
32.7246476979999,2026-09-13T11:46:00.794548+00:00,1789299960.7160666,0.07848143577575684,0.06381131050610114,0.11185084123829102,0.3100301726791369,-0.48046704473657503,control_pose,robot_origin,robot_origin
32.76230690099965,2026-09-13T11:46:00.832214+00:00,1789299960.8147767,0.017437458038330078,0.06379803844583225,0.1118630349677142,0.3100377917289734,-0.4806025821479357,control_pose,robot_origin,robot_origin
32.79997221600024,2026-09-13T11:46:00.869874+00:00,1789299960.7859569,0.08391714096069336,0.06377720976180092,0.11188021112282391,0.31002707643941285,-0.48040465077007477,control_pose,robot_origin,robot_origin
32.82861115800006,2026-09-13T11:46:00.898516+00:00,1789299960.8680995,0.030416488647460938,0.06383032962797708,0.11181623027904145,0.3100413978099823,-0.480650573526533,control_pose,robot_origin,robot_origin
32.8635946430004,2026-09-13T11:46:00.933502+00:00,1789299960.8535385,0.07996344566345215,0.0638159984724274,0.11182563959272641,0.3100442713639385,-0.48068320226660094,control_pose,robot_origin,robot_origin
32.894143471999996,2026-09-13T11:46:00.963984+00:00,1789299960.9213142,0.04266977310180664,0.06379873625732785,0.11182375287541241,0.3100419044494629,-0.4804051317922552,control_pose,robot_origin,robot_origin
32.935212542000045,2026-09-13T11:46:01.005130+00:00,1789299960.9251854,0.07994461059570312,0.06379381184725386,0.11182841531874894,0.3100420779200977,-0.4803968653996604,control_pose,robot_origin,robot_origin
32.97632289400008,2026-09-13T11:46:01.046226+00:00,1789299961.0049672,0.041258811950683594,0.06378684679651288,0.1118766959323875,0.31004318594932556,-0.48055278496496695,control_pose,robot_origin,robot_origin
33.00758228700033,2026-09-13T11:46:01.077486+00:00,1789299960.990495,0.0869910717010498,0.06379259554317289,0.11187554831059285,0.31004121625771697,-0.4805151146034095,control_pose,robot_origin,robot_origin
33.03861094900003,2026-09-13T11:46:01.108531+00:00,1789299961.0613172,0.04721379280090332,0.06382213298366918,0.11183926139037012,0.3100455701351166,-0.48065716674389625,control_pose,robot_origin,robot_origin
33.07170419399972,2026-09-13T11:46:01.141612+00:00,1789299961.0641358,0.07747626304626465,0.06381449682534023,0.1118372702233032,0.31004686296553724,-0.4806554578523817,control_pose,robot_origin,robot_origin
33.10178580000047,2026-09-13T11:46:01.171690+00:00,1789299961.1281247,0.04356527328491211,0.06376297275056697,0.11182286928517235,0.3100636303424835,-0.48053644693968267,control_pose,robot_origin,robot_origin
33.12161101899983,2026-09-13T11:46:01.191509+00:00,1789299961.181395,0.010113954544067383,0.0637167177601254,0.11185544296408965,0.3100513815879822,-0.48048059064173415,control_pose,robot_origin,robot_origin
33.15852618400004,2026-09-13T11:46:01.228431+00:00,1789299961.1322818,0.09614920616149902,0.06376061518586121,0.11181999871115553,0.31006368619299457,-0.4805244286576526,control_pose,robot_origin,robot_origin
33.183796061000066,2026-09-13T11:46:01.253699+00:00,1789299961.2315364,0.022162675857543945,0.06369878377947696,0.11189500531352775,0.3100591003894806,-0.4805460527303452,control_pose,robot_origin,robot_origin
33.21172319000016,2026-09-13T11:46:01.281629+00:00,1789299961.202369,0.07926011085510254,0.063692515374697,0.11188754079626352,0.31005264109081354,-0.48055235224356696,control_pose,robot_origin,robot_origin
33.233571390999714,2026-09-13T11:46:01.303479+00:00,1789299961.284845,0.01863384246826172,0.06370626684625479,0.11188986462593302,0.3100355863571167,-0.48058976830626277,control_pose,robot_origin,robot_origin
33.291282416000286,2026-09-13T11:46:01.361181+00:00,1789299961.2717788,0.0894021987915039,0.06371650588665687,0.11190557248196789,0.3100408370962102,-0.48058485258381867,control_pose,robot_origin,robot_origin
33.304347328000404,2026-09-13T11:46:01.374252+00:00,1789299961.3392599,0.034992218017578125,0.06367850670060157,0.11185067176624297,0.3100415766239166,-0.48066753352324987,control_pose,robot_origin,robot_origin
33.32765336200009,2026-09-13T11:46:01.397564+00:00,1789299961.3918989,0.0056650638580322266,0.06364074311144627,0.11182028333454275,0.31005746126174927,-0.48067970607867405,control_pose,robot_origin,robot_origin
33.35921180999958,2026-09-13T11:46:01.429120+00:00,1789299961.3526292,0.07649087905883789,0.06366441772138066,0.11183840392489934,0.31004692157944785,-0.48068731673946524,control_pose,robot_origin,robot_origin
33.388835024999935,2026-09-13T11:46:01.458746+00:00,1789299961.4447994,0.013946533203125,0.06365021760778536,0.11186896150661334,0.3100569546222687,-0.48056893899974157,control_pose,robot_origin,robot_origin
33.426929033000306,2026-09-13T11:46:01.496808+00:00,1789299961.4148698,0.08193826675415039,0.06364167343341573,0.11183626744926735,0.3100595737837276,-0.4805888976198947,control_pose,robot_origin,robot_origin
33.45033068799967,2026-09-13T11:46:01.520236+00:00,1789299961.495954,0.024281978607177734,0.06370591695588942,0.11187121401056872,0.31004276871681213,-0.480724679007657,control_pose,robot_origin,robot_origin
33.48907516100007,2026-09-13T11:46:01.558959+00:00,1789299961.4828763,0.07608270645141602,0.06370027671644414,0.11187017581621186,0.31004019316890663,-0.48065409528612435,control_pose,robot_origin,robot_origin
33.51991190900026,2026-09-13T11:46:01.589818+00:00,1789299961.5546777,0.035140275955200195,0.06368860128221564,0.11183212422802348,0.31003883481025696,-0.48076147249067547,control_pose,robot_origin,robot_origin
33.545498217000386,2026-09-13T11:46:01.615400+00:00,1789299961.6085787,0.006821393966674805,0.06362893940610861,0.11181291479087413,0.310041606426239,-0.4808111174933968,control_pose,robot_origin,robot_origin
33.577215584999976,2026-09-13T11:46:01.647122+00:00,1789299961.5510924,0.09602952003479004,0.06368839575360488,0.1118345201699012,0.31003922562259373,-0.4807704210327855,control_pose,robot_origin,robot_origin
33.624977855,2026-09-13T11:46:01.694894+00:00,1789299961.6614087,0.03348541259765625,0.0636637354853454,0.11183879004524415,0.3100316524505615,-0.4808323862955803,control_pose,robot_origin,robot_origin
33.64684202399985,2026-09-13T11:46:01.716746+00:00,1789299961.6272578,0.08948826789855957,0.06361356262213438,0.11183137186518992,0.31004014408479974,-0.4808182604484478,control_pose,robot_origin,robot_origin
33.67318264200003,2026-09-13T11:46:01.743069+00:00,1789299961.7183385,0.024730443954467773,0.06371033219369453,0.11186425452432032,0.3100351393222809,-0.4808659429082256,control_pose,robot_origin,robot_origin
33.706160585999896,2026-09-13T11:46:01.776062+00:00,1789299961.7006702,0.07539176940917969,0.06371392096663728,0.11185278971070949,0.31002684956123694,-0.4808216035366072,control_pose,robot_origin,robot_origin
33.74194484600048,2026-09-13T11:46:01.811847+00:00,1789299961.7746396,0.03720736503601074,0.06372611174345913,0.11181831482229634,0.3100464940071106,-0.48095626928422924,control_pose,robot_origin,robot_origin
33.78419032700003,2026-09-13T11:46:01.854091+00:00,1789299961.765497,0.08859395980834961,0.06373979345869946,0.11182852605773903,0.31004563568482363,-0.48094854113592866,control_pose,robot_origin,robot_origin
33.83057623900004,2026-09-13T11:46:01.900481+00:00,1789299961.8592188,0.041262149810791016,0.06366647856490264,0.11176773680107283,0.3100541830062866,-0.4809548383703566,control_pose,robot_origin,robot_origin
33.88137840499985,2026-09-13T11:46:01.951270+00:00,1789299961.833307,0.11796307563781738,0.06368560962319537,0.11178239145187138,0.3100504847038398,-0.4809512971673941,control_pose,robot_origin,robot_origin
33.94143559599979,2026-09-13T11:46:02.011337+00:00,1789299961.9115558,0.09978127479553223,0.06367440765788457,0.11183957703527128,0.3100461959838867,-0.4808985580556234,control_pose,robot_origin,robot_origin
34.00306003199967,2026-09-13T11:46:02.072958+00:00,1789299961.907486,0.16547203063964844,0.06367160073909803,0.11182749539519926,0.310046389692758,-0.4809026677439223,control_pose,robot_origin,robot_origin
34.00798984799985,2026-09-13T11:46:02.077896+00:00,1789299962.0178933,0.060002803802490234,0.06368486155251309,0.11178035624172182,0.3100302219390869,-0.48121869423716734,control_pose,robot_origin,robot_origin
34.00996985100028,2026-09-13T11:46:02.079879+00:00,1789299961.9728012,0.10707783699035645,0.06369985742421044,0.11182406520595631,0.31003419272023963,-0.4810867689253114,control_pose,robot_origin,robot_origin
34.06696554300015,2026-09-13T11:46:02.136881+00:00,1789299962.044712,0.09216904640197754,0.0636742402361786,0.11175514044064196,0.31003230011897787,-0.4811611904037677,control_pose,robot_origin,robot_origin
34.089176002000386,2026-09-13T11:46:02.159076+00:00,1789299962.1112514,0.04782462120056152,0.06361586025061657,0.11180920458592636,0.3100518584251404,-0.48107858957818733,control_pose,robot_origin,robot_origin
34.13019089200043,2026-09-13T11:46:02.200095+00:00,1789299962.1107035,0.08939146995544434,0.06361647759745549,0.1118087391968559,0.3100516611579649,-0.48107919160745755,control_pose,robot_origin,robot_origin
34.16387735100034,2026-09-13T11:46:02.233780+00:00,1789299962.1882977,0.04548215866088867,0.06372976884468175,0.11180664422461967,0.3100220561027527,-0.4811961747059439,control_pose,robot_origin,robot_origin
34.20265990500047,2026-09-13T11:46:02.272568+00:00,1789299962.1807654,0.09180259704589844,0.063718213200978,0.11180731165959581,0.3100259453063751,-0.48118200913245057,control_pose,robot_origin,robot_origin
34.239900782000404,2026-09-13T11:46:02.309813+00:00,1789299962.262166,0.04764699935913086,0.06375977807123613,0.11170121621579931,0.3100162148475647,-0.48133799817027484,control_pose,robot_origin,robot_origin
34.26401690399962,2026-09-13T11:46:02.333918+00:00,1789299962.2494686,0.08444952964782715,0.06375692757110993,0.11172536364252028,0.31001703837617856,-0.481315918748561,control_pose,robot_origin,robot_origin
34.28968673700001,2026-09-13T11:46:02.359590+00:00,1789299962.3213806,0.03820943832397461,0.0637024970763814,0.11170900437218326,0.31003037095069885,-0.48127480965241065,control_pose,robot_origin,robot_origin
34.34242138300033,2026-09-13T11:46:02.412326+00:00,1789299962.3208642,0.0914618968963623,0.06370305127066202,0.11170906010509135,0.310030223243911,-0.4812752464595317,control_pose,robot_origin,robot_origin
34.372012787999665,2026-09-13T11:46:02.441918+00:00,1789299962.411423,0.03049492835998535,0.06411106106244477,0.1100481163662368,0.3101702332496643,-0.48141790976577714,control_pose,robot_origin,robot_origin
34.40798128099959,2026-09-13T11:46:02.477882+00:00,1789299962.3911953,0.08668661117553711,0.06396396331954973,0.11060944250834795,0.31012305815848973,-0.4813660566402054,control_pose,robot_origin,robot_origin
34.43943073100036,2026-09-13T11:46:02.509334+00:00,1789299962.4683166,0.04101753234863281,0.06673585049922587,0.10841330131123988,0.3099592924118042,-0.4818310903268546,control_pose,robot_origin,robot_origin
34.46971545100041,2026-09-13T11:46:02.539615+00:00,1789299962.4659479,0.07366704940795898,0.06656272827950399,0.10848024694514272,0.30997393713676596,-0.4818121243948003,control_pose,robot_origin,robot_origin
34.49268373999985,2026-09-13T11:46:02.562587+00:00,1789299962.5275848,0.03500223159790039,0.07310283061346265,0.10656557408725717,0.3078210651874542,-0.4812869655762578,control_pose,robot_origin,robot_origin
34.53468168800009,2026-09-13T11:46:02.604591+00:00,1789299962.5831413,0.021449565887451172,0.0816235429130826,0.1051752961105231,0.3057200610637665,-0.47911780240371116,control_pose,robot_origin,robot_origin
34.5475383969997,2026-09-13T11:46:02.617440+00:00,1789299962.533622,0.08381795883178711,0.07386082495855105,0.10642142015365036,0.30762340649269515,-0.4811669046327119,control_pose,robot_origin,robot_origin
34.58371211600024,2026-09-13T11:46:02.653619+00:00,1789299962.6345224,0.01909661293029785,0.09147935461240238,0.10193867969816141,0.3042169511318207,-0.4772410010448862,control_pose,robot_origin,robot_origin
34.623404156000106,2026-09-13T11:46:02.693309+00:00,1789299962.607197,0.08611202239990234,0.08610755092973588,0.10369563146293216,0.30531876643242056,-0.4780579851894647,control_pose,robot_origin,robot_origin
34.65541587500047,2026-09-13T11:46:02.725318+00:00,1789299962.695424,0.029893875122070312,0.10088498286878192,0.0981600569283212,0.30453646183013916,-0.47528643659816683,control_pose,robot_origin,robot_origin
34.69261614199968,2026-09-13T11:46:02.762515+00:00,1789299962.6789021,0.08361291885375977,0.10016082607293814,0.09859151575773285,0.30443629465382677,-0.47556498461350327,control_pose,robot_origin,robot_origin
34.726602775000174,2026-09-13T11:46:02.796505+00:00,1789299962.754657,0.041847944259643555,0.11545975814599863,0.09120152689348367,0.3038448393344879,-0.47047546529516193,control_pose,robot_origin,robot_origin
34.74721555399992,2026-09-13T11:46:02.817112+00:00,1789299962.8082078,0.008904218673706055,0.12796176978577128,0.08553810302590033,0.3019586503505707,-0.46745962219957665,control_pose,robot_origin,robot_origin
34.77166826899975,2026-09-13T11:46:02.841572+00:00,1789299962.7548752,0.08669686317443848,0.11550923554945,0.09117952628528755,0.3038383995381061,-0.47046407315990546,control_pose,robot_origin,robot_origin
34.83336589299961,2026-09-13T11:46:02.903266+00:00,1789299962.8236036,0.07966232299804688,0.13203931000255706,0.08403299325843247,0.3016434893040466,-0.46732756424849226,control_pose,robot_origin,robot_origin
34.862458937000156,2026-09-13T11:46:02.932368+00:00,1789299962.8911731,0.041194915771484375,0.14885490195584133,0.0786726776780139,0.30000072717666626,-0.46851546032168495,control_pose,robot_origin,robot_origin
34.91044556900033,2026-09-13T11:46:02.980348+00:00,1789299962.8975616,0.08278656005859375,0.14937214090744919,0.07823213408608136,0.2997395416899989,-0.46857985455292495,control_pose,robot_origin,robot_origin
34.94736367800033,2026-09-13T11:46:03.017220+00:00,1789299962.9779575,0.03926253318786621,0.17081786396823362,0.07342974649625414,0.29877033829689026,-0.4721767050071299,control_pose,robot_origin,robot_origin
34.99986973599971,2026-09-13T11:46:03.069775+00:00,1789299962.966803,0.10297203063964844,0.16763079465530523,0.0738933944539699,0.2987101035893043,-0.4714746859092049,control_pose,robot_origin,robot_origin
35.02519894299985,2026-09-13T11:46:03.095105+00:00,1789299963.0412629,0.05384206771850586,0.1950051650306019,0.06500715173841805,0.29389333724975586,-0.47248881847811763,control_pose,robot_origin,robot_origin
35.05286599499959,2026-09-13T11:46:03.122765+00:00,1789299963.0271826,0.09558248519897461,0.19097389053453157,0.06777382240572208,0.29654363179514126,-0.4723144153259178,control_pose,robot_origin,robot_origin
35.06891163199998,2026-09-13T11:46:03.138819+00:00,1789299963.0945725,0.04424643516540527,0.2158349834011285,0.0634736518318813,0.29834455251693726,-0.47824449620192894,control_pose,robot_origin,robot_origin
35.08132969500002,2026-09-13T11:46:03.151236+00:00,1789299963.1447027,0.006533384323120117,0.22741893436077282,0.05968758076363991,0.30249732732772827,-0.4794938861563877,control_pose,robot_origin,robot_origin
35.12164051800028,2026-09-13T11:46:03.191547+00:00,1789299963.0968025,0.09474444389343262,0.21620771973849912,0.063474984855933,0.2986057729323145,-0.478436569795058,control_pose,robot_origin,robot_origin
35.162358784999924,2026-09-13T11:46:03.232265+00:00,1789299963.196968,0.03529691696166992,0.24082090353106037,0.052957342959901205,0.30465075373649597,-0.4804632857951533,control_pose,robot_origin,robot_origin
35.19610633400043,2026-09-13T11:46:03.266021+00:00,1789299963.1709046,0.09511637687683105,0.23467679126493032,0.05605703980643886,0.3040047348182879,-0.48059185249279607,control_pose,robot_origin,robot_origin
35.24224240900003,2026-09-13T11:46:03.312148+00:00,1789299963.2631345,0.049013614654541016,0.25659973729091023,0.0432722719737419,0.30345702171325684,-0.47635834356320256,control_pose,robot_origin,robot_origin
35.26398366000012,2026-09-13T11:46:03.333886+00:00,1789299963.2429564,0.09092950820922852,0.2523003114917437,0.04618101080870293,0.30394240077390466,-0.47738182402048884,control_pose,robot_origin,robot_origin
35.28961131300002,2026-09-13T11:46:03.359515+00:00,1789299963.3245652,0.03494977951049805,0.2663991414997629,0.035207554691918067,0.3037034273147583,-0.47268285462614695,control_pose,robot_origin,robot_origin
35.337729120000404,2026-09-13T11:46:03.407634+00:00,1789299963.3198342,0.0877997875213623,0.26564444179180413,0.035828657735291175,0.30368445042274234,-0.47296592619782346,control_pose,robot_origin,robot_origin
35.3708921919997,2026-09-13T11:46:03.440809+00:00,1789299963.3946638,0.04614520072937012,0.2719984324216461,0.03104489742832941,0.30638226866722107,-0.46576161537925614,control_pose,robot_origin,robot_origin
35.38401838600021,2026-09-13T11:46:03.453916+00:00,1789299963.3806245,0.07329154014587402,0.2711436646741951,0.03143843638597192,0.3060826979409633,-0.46713925366101516,control_pose,robot_origin,robot_origin
35.41328772700035,2026-09-13T11:46:03.483192+00:00,1789299963.4477394,0.03545260429382324,0.27308246307506046,0.03146547450350572,0.30654528737068176,-0.46110297463621075,control_pose,robot_origin,robot_origin
35.465739702000064,2026-09-13T11:46:03.535644+00:00,1789299963.4530747,0.08256936073303223,0.2732525885784591,0.03156293581364397,0.30652990638156036,-0.4606206663881126,control_pose,robot_origin,robot_origin
35.49561435299984,2026-09-13T11:46:03.565510+00:00,1789299963.5177574,0.04775261878967285,0.27282539878380124,0.03405766974133852,0.3060101866722107,-0.45723943188207505,control_pose,robot_origin,robot_origin
35.526042055999824,2026-09-13T11:46:03.595942+00:00,1789299963.5204325,0.07550954818725586,0.2727455201019328,0.03396869011632347,0.30595076379494923,-0.4568111034779218,control_pose,robot_origin,robot_origin
35.5850349680004,2026-09-13T11:46:03.654944+00:00,1789299963.5911608,0.06378316879272461,0.27012723976672853,0.03590017114853011,0.30598026514053345,-0.44828223103668374,control_pose,robot_origin,robot_origin
35.592053655999734,2026-09-13T11:46:03.661953+00:00,1789299963.6414247,0.020528316497802734,0.2686075961095172,0.036991741948421836,0.30633965134620667,-0.44622320496747625,control_pose,robot_origin,robot_origin
35.62762481699974,2026-09-13T11:46:03.697529+00:00,1789299963.587954,0.10957503318786621,0.27024585718385663,0.03578601686602789,0.30597010466595587,-0.4486327907287287,control_pose,robot_origin,robot_origin
35.66699648800022,2026-09-13T11:46:03.736898+00:00,1789299963.6916437,0.04525423049926758,0.2677162897281236,0.037210031766446015,0.306588351726532,-0.44564768154738116,control_pose,robot_origin,robot_origin
35.68144412499987,2026-09-13T11:46:03.751348+00:00,1789299963.6571157,0.09423232078552246,0.26832910585077163,0.037059946988991406,0.30641735822087146,-0.4460433444602453,control_pose,robot_origin,robot_origin
35.721965710000404,2026-09-13T11:46:03.791871+00:00,1789299963.7419426,0.04992842674255371,0.2672964392435538,0.03703248935554621,0.3067466616630554,-0.44591374964983127,control_pose,robot_origin,robot_origin
35.743429283000296,2026-09-13T11:46:03.813331+00:00,1789299963.7271476,0.08618330955505371,0.2674199362104912,0.03708471258751741,0.30670009556937394,-0.44583546505528976,control_pose,robot_origin,robot_origin
35.78738799999974,2026-09-13T11:46:03.857290+00:00,1789299963.8094347,0.047855377197265625,0.26722792175848264,0.036711873496057326,0.30675065517425537,-0.4464532835394624,control_pose,robot_origin,robot_origin
35.819855421000284,2026-09-13T11:46:03.889756+00:00,1789299963.7954843,0.09427165985107422,0.2672256190196798,0.03677548182629311,0.3067680495367237,-0.4463460201553262,control_pose,robot_origin,robot_origin
35.858481518999724,2026-09-13T11:46:03.928312+00:00,1789299963.8879163,0.04039573669433594,0.2672196058558741,0.036749758912323065,0.3066670000553131,-0.44607708959167797,control_pose,robot_origin,robot_origin
35.893118584999684,2026-09-13T11:46:03.963023+00:00,1789299963.8632789,0.09974408149719238,0.267222216439639,0.03673786566906506,0.3066932616297502,-0.4461951870251828,control_pose,robot_origin,robot_origin
35.92083597599958,2026-09-13T11:46:03.990747+00:00,1789299963.9506931,0.0400538444519043,0.26710948770149534,0.03691615679747798,0.3064417243003845,-0.44589855501200815,control_pose,robot_origin,robot_origin
35.96439627299969,2026-09-13T11:46:04.034298+00:00,1789299963.934925,0.09937286376953125,0.2671371469398488,0.03687436133883665,0.30649830857421273,-0.4459434010563398,control_pose,robot_origin,robot_origin
35.98609579300046,2026-09-13T11:46:04.056004+00:00,1789299964.0213833,0.03462076187133789,0.2669769542390718,0.036904201021501014,0.3064899444580078,-0.44610603903821744,control_pose,robot_origin,robot_origin
36.00593899700016,2026-09-13T11:46:04.075836+00:00,1789299964.005752,0.0700838565826416,0.26700564395316584,0.03691118600143656,0.30647636506595394,-0.4460488913520846,control_pose,robot_origin,robot_origin
36.05387704900022,2026-09-13T11:46:04.123784+00:00,1789299964.084537,0.03924703598022461,0.2669376760611037,0.0367693289735095,0.3067397177219391,-0.44653267216563153,control_pose,robot_origin,robot_origin
36.08530636999967,2026-09-13T11:46:04.155178+00:00,1789299964.0754035,0.07977461814880371,0.2669437774382973,0.03678924095799122,0.3067028946764556,-0.44646735890039324,control_pose,robot_origin,robot_origin
36.109367256999576,2026-09-13T11:46:04.179269+00:00,1789299964.1377752,0.041493892669677734,0.26794847451510395,0.03500790990880263,0.3068810701370239,-0.44677634514599357,control_pose,robot_origin,robot_origin
36.151677474999815,2026-09-13T11:46:04.221578+00:00,1789299964.1425998,0.07897806167602539,0.2680697512002114,0.034974517917487465,0.3068668139964932,-0.44674253302726236,control_pose,robot_origin,robot_origin
36.17310066200025,2026-09-13T11:46:04.243004+00:00,1789299964.2044678,0.03853631019592285,0.2725070429731665,0.03313779091955497,0.3064974546432495,-0.44695223915561194,control_pose,robot_origin,robot_origin
36.204889231999914,2026-09-13T11:46:04.274789+00:00,1789299964.2578354,0.016953706741333008,0.2788917900403874,0.030742650934187266,0.30577075481414795,-0.4460809994051678,control_pose,robot_origin,robot_origin
36.22817974499958,2026-09-13T11:46:04.298083+00:00,1789299964.2155995,0.08248353004455566,0.27350707124434714,0.03278088420073788,0.3063240533576386,-0.44689042782018396,control_pose,robot_origin,robot_origin
36.26765430100022,2026-09-13T11:46:04.337555+00:00,1789299964.3111773,0.02637767791748047,0.28751041747079337,0.027475853394006308,0.30559319257736206,-0.44523251550693943,control_pose,robot_origin,robot_origin
36.29095546900044,2026-09-13T11:46:04.360850+00:00,1789299964.2858717,0.07497835159301758,0.2804209440405073,0.030208505231315637,0.3057742104229795,-0.4457641562799137,control_pose,robot_origin,robot_origin
36.322825803999876,2026-09-13T11:46:04.392734+00:00,1789299964.3620367,0.030697345733642578,0.2968010265315785,0.022648992361710148,0.3064042925834656,-0.44440683655286334,control_pose,robot_origin,robot_origin
36.362129119999736,2026-09-13T11:46:04.432034+00:00,1789299964.3578994,0.07413458824157715,0.2959715122500913,0.023099622918816988,0.3063499453028181,-0.44454736485385565,control_pose,robot_origin,robot_origin
36.38617871000042,2026-09-13T11:46:04.456082+00:00,1789299964.420508,0.03557419776916504,0.30584859177266577,0.018553096149857895,0.306730180978775,-0.44347045677941477,control_pose,robot_origin,robot_origin
36.43432749299973,2026-09-13T11:46:04.504226+00:00,1789299964.426254,0.0779719352722168,0.30926885066538373,0.016893739398278138,0.3066657557694227,-0.44363312561279833,control_pose,robot_origin,robot_origin
36.44972196100025,2026-09-13T11:46:04.519631+00:00,1789299964.4811149,0.03851604461669922,0.3203098428991474,0.012019597344752234,0.306385338306427,-0.44628877183053783,control_pose,robot_origin,robot_origin
36.480250884999805,2026-09-13T11:46:04.550152+00:00,1789299964.5342798,0.01587224006652832,0.3301246391705101,0.008922941455055872,0.3059759736061096,-0.4488856240723034,control_pose,robot_origin,robot_origin
36.504083920000085,2026-09-13T11:46:04.573986+00:00,1789299964.4951224,0.07886362075805664,0.3228117624544116,0.010866902302365256,0.3062283323103694,-0.4473935433624242,control_pose,robot_origin,robot_origin
36.574664452000434,2026-09-13T11:46:04.644575+00:00,1789299964.588038,0.05653715133666992,0.3453248690059535,0.0034514568640233168,0.30483466386795044,-0.45456490438168423,control_pose,robot_origin,robot_origin
36.60114722100025,2026-09-13T11:46:04.671055+00:00,1789299964.5696983,0.10135674476623535,0.3418077955380635,0.004665901348348267,0.3052193416126976,-0.453278163557923,control_pose,robot_origin,robot_origin
36.62384317499982,2026-09-13T11:46:04.693740+00:00,1789299964.6445694,0.049170494079589844,0.36515588933769194,-0.003985524323954118,0.3027990758419037,-0.4567448700300897,control_pose,robot_origin,robot_origin
36.637804644000425,2026-09-13T11:46:04.707707+00:00,1789299964.6345472,0.07315969467163086,0.3624952446837189,-0.003210516038157904,0.30323783046141894,-0.45671575981868673,control_pose,robot_origin,robot_origin
36.68479916100023,2026-09-13T11:46:04.754702+00:00,1789299964.6975977,0.05710434913635254,0.3839466170356576,-0.01387289474175487,0.3001447916030884,-0.45799329422952484,control_pose,robot_origin,robot_origin
36.68847115300014,2026-09-13T11:46:04.758380+00:00,1789299964.7482004,0.010179519653320312,0.4034813668712789,-0.01955981164843653,0.30456361174583435,-0.4626459218071178,control_pose,robot_origin,robot_origin
36.717585413999586,2026-09-13T11:46:04.787492+00:00,1789299964.7050476,0.08244442939758301,0.3856349203664692,-0.015804375596817043,0.30007939223756835,-0.4590632047621964,control_pose,robot_origin,robot_origin
36.74009159799971,2026-09-13T11:46:04.810003+00:00,1789299964.8020227,0.0079803466796875,0.4117389531226235,-0.02399300266494294,0.3064720332622528,-0.46001917878231535,control_pose,robot_origin,robot_origin
36.80814912400001,2026-09-13T11:46:04.878035+00:00,1789299964.7751894,0.10284566879272461,0.40895944309179855,-0.02266905172077971,0.3059575106271465,-0.46078095777702827,control_pose,robot_origin,robot_origin
36.86880541499977,2026-09-13T11:46:04.938707+00:00,1789299964.858861,0.07984614372253418,0.43096216064753323,-0.03428690186327393,0.3067575991153717,-0.4615919221191434,control_pose,robot_origin,robot_origin
36.87150059000032,2026-09-13T11:46:04.941410+00:00,1789299964.8533382,0.08807182312011719,0.4298535383405772,-0.033597220061073955,0.3067750156895587,-0.4614668243875194,control_pose,robot_origin,robot_origin
36.874639499000295,2026-09-13T11:46:04.944547+00:00,1789299964.91101,0.03353691101074219,0.4459453626956654,-0.04390236706755875,0.30611902475357056,-0.4632101636271449,control_pose,robot_origin,robot_origin
36.895418910000444,2026-09-13T11:46:04.965325+00:00,1789299964.9610546,0.0042705535888671875,0.4562129384378175,-0.05071340135627734,0.30467572808265686,-0.46283357192122504,control_pose,robot_origin,robot_origin
36.94760040700021,2026-09-13T11:46:05.017509+00:00,1789299964.9297218,0.08778715133666992,0.4503715935946386,-0.04676601675846556,0.3054982777490663,-0.463201604010047,control_pose,robot_origin,robot_origin
36.98480457700043,2026-09-13T11:46:05.054707+00:00,1789299965.0145636,0.040143489837646484,0.46314365874337293,-0.05747096921422835,0.30837202072143555,-0.45771126416747787,control_pose,robot_origin,robot_origin
37.015099887999895,2026-09-13T11:46:05.084999+00:00,1789299964.9926274,0.09237170219421387,0.46058704506801446,-0.055128905409938166,0.3070273862722787,-0.460061883641575,control_pose,robot_origin,robot_origin
37.057877361000465,2026-09-13T11:46:05.127777+00:00,1789299965.0746043,0.05317282676696777,0.467069561468865,-0.059306203411989715,0.3086097836494446,-0.45289109458618076,control_pose,robot_origin,robot_origin
37.08786318500006,2026-09-13T11:46:05.157768+00:00,1789299965.0728087,0.08495926856994629,0.4669521446968641,-0.059251314819369225,0.30860267258290514,-0.4530352856790658,control_pose,robot_origin,robot_origin
37.12899804799963,2026-09-13T11:46:05.198898+00:00,1789299965.1543024,0.04459571838378906,0.4680292372502094,-0.05754574957296067,0.3074537515640259,-0.4505080549410332,control_pose,robot_origin,robot_origin
37.14916241900028,2026-09-13T11:46:05.219068+00:00,1789299965.134954,0.08411407470703125,0.46787428284088384,-0.058071765616318084,0.3076840747341278,-0.45096294561358014,control_pose,robot_origin,robot_origin
37.18298337899978,2026-09-13T11:46:05.252890+00:00,1789299965.207913,0.04497718811035156,0.46690720912462547,-0.05655324768257135,0.3069762587547302,-0.4464851375118052,control_pose,robot_origin,robot_origin
37.21772928199971,2026-09-13T11:46:05.287634+00:00,1789299965.2079663,0.07966756820678711,0.46690559791190067,-0.05655101317864308,0.306976104176767,-0.4464810082364311,control_pose,robot_origin,robot_origin
37.26365164900017,2026-09-13T11:46:05.333556+00:00,1789299965.2925165,0.041039466857910156,0.4647296042823905,-0.054487907271028604,0.307311087846756,-0.44221279601433505,control_pose,robot_origin,robot_origin
37.30208864799988,2026-09-13T11:46:05.371990+00:00,1789299965.2736588,0.09833121299743652,0.4651765838264781,-0.0548252456631954,0.3072067397806108,-0.44286176472189626,control_pose,robot_origin,robot_origin
37.30972803900022,2026-09-13T11:46:05.379634+00:00,1789299965.3443105,0.035323381423950195,0.4642725612561552,-0.05437891983922481,0.3073755204677582,-0.4425744599794067,control_pose,robot_origin,robot_origin
37.35722914100006,2026-09-13T11:46:05.427126+00:00,1789299965.3530197,0.07410621643066406,0.46426556817341885,-0.05442431532371061,0.307380279921219,-0.4427589210017901,control_pose,robot_origin,robot_origin
37.41223679599989,2026-09-13T11:46:05.482137+00:00,1789299965.4249883,0.05714869499206543,0.4645658190331393,-0.05492662615540038,0.307390958070755,-0.44338172853048413,control_pose,robot_origin,robot_origin
37.43618430100014,2026-09-13T11:46:05.506086+00:00,1789299965.4158716,0.09021449089050293,0.4645101616491101,-0.05485430732489773,0.3073906212510023,-0.44332667643780466,control_pose,robot_origin,robot_origin
37.46555540600002,2026-09-13T11:46:05.535456+00:00,1789299965.4775906,0.05786538124084473,0.46477408392201314,-0.055097300321378016,0.30739444494247437,-0.4429998802967945,control_pose,robot_origin,robot_origin
37.49408019600014,2026-09-13T11:46:05.563981+00:00,1789299965.4866579,0.07732319831848145,0.46478192217409386,-0.055086831997062616,0.3073941689691473,-0.4428938679332216,control_pose,robot_origin,robot_origin
37.513602551000076,2026-09-13T11:46:05.583510+00:00,1789299965.5441566,0.039353370666503906,0.4647798629559828,-0.05491684117684464,0.30739688873291016,-0.44245982372552956,control_pose,robot_origin,robot_origin
37.53376116199979,2026-09-13T11:46:05.603665+00:00,1789299965.5980902,0.005574941635131836,0.4646219983489892,-0.055098788592693,0.30752426385879517,-0.4310861154013968,control_pose,robot_origin,robot_origin
37.56309850599973,2026-09-13T11:46:05.633010+00:00,1789299965.5532715,0.07973837852478027,0.4645512293230538,-0.055157159690970375,0.30741125673501196,-0.4423225918874956,control_pose,robot_origin,robot_origin
37.59270165399994,2026-09-13T11:46:05.662609+00:00,1789299965.6511772,0.01143193244934082,0.4647719214633918,-0.055089331819791275,0.3078076243400574,-0.40491469007532715,control_pose,robot_origin,robot_origin
37.620338560000164,2026-09-13T11:46:05.690235+00:00,1789299965.616478,0.07375693321228027,0.46465580492230313,-0.05492092549605106,0.30765454818335897,-0.4207970204695975,control_pose,robot_origin,robot_origin
37.64571304899982,2026-09-13T11:46:05.715617+00:00,1789299965.7017295,0.013887405395507812,0.46517153717478016,-0.0552187041427392,0.3079153299331665,-0.38430892265589645,control_pose,robot_origin,robot_origin
37.69240502200046,2026-09-13T11:46:05.762306+00:00,1789299965.6828861,0.07941985130310059,0.46498014183664116,-0.05514787256792559,0.30787661910455444,-0.39223459251126147,control_pose,robot_origin,robot_origin
37.7311657500004,2026-09-13T11:46:05.801075+00:00,1789299965.7615871,0.03948783874511719,0.46600330948775726,-0.05513992600831165,0.3080940842628479,-0.36415524409412386,control_pose,robot_origin,robot_origin
37.763586736000434,2026-09-13T11:46:05.833488+00:00,1789299965.7559829,0.07750511169433594,0.4659496594353786,-0.05516408406373844,0.30807695641531324,-0.3652659590333569,control_pose,robot_origin,robot_origin
37.79055877599967,2026-09-13T11:46:05.860467+00:00,1789299965.8142157,0.04625129699707031,0.46703002646522096,-0.0549789894518762,0.3084496855735779,-0.3431922722820114,control_pose,robot_origin,robot_origin
37.8284548849997,2026-09-13T11:46:05.898354+00:00,1789299965.8238974,0.07445669174194336,0.4672413585929052,-0.05493101787346702,0.3085055040679817,-0.33914520260285497,control_pose,robot_origin,robot_origin
37.84316570299961,2026-09-13T11:46:05.913074+00:00,1789299965.87424,0.0388340950012207,0.4684611323059932,-0.054756067861739484,0.3087556064128876,-0.3214673837589878,control_pose,robot_origin,robot_origin
37.869998631999806,2026-09-13T11:46:05.939822+00:00,1789299965.9275358,0.012286186218261719,0.4698145247183402,-0.054703864494500765,0.3090447783470154,-0.303336727484775,control_pose,robot_origin,robot_origin
37.90107827100019,2026-09-13T11:46:05.970982+00:00,1789299965.8964791,0.07450294494628906,0.4690222566659417,-0.05474670879044123,0.308872387991479,-0.31375577254046383,control_pose,robot_origin,robot_origin
37.945367627999985,2026-09-13T11:46:06.015269+00:00,1789299965.9810271,0.03424191474914551,0.47113829629713705,-0.054515677166843836,0.30932390689849854,-0.286207700754244,control_pose,robot_origin,robot_origin
37.98900303099981,2026-09-13T11:46:06.058907+00:00,1789299965.965139,0.09376811981201172,0.4707454182090287,-0.05459086989533166,0.30922408056227163,-0.2914149577472991,control_pose,robot_origin,robot_origin
38.00651830999959,2026-09-13T11:46:06.076422+00:00,1789299966.037541,0.03888106346130371,0.4722859487658377,-0.054393470326487385,0.3096930980682373,-0.26865513742902497,control_pose,robot_origin,robot_origin
38.03385609599991,2026-09-13T11:46:06.103757+00:00,1789299966.0875883,0.016168594360351562,0.4733848094716848,-0.05402472147797565,0.3099019229412079,-0.25304478254492185,control_pose,robot_origin,robot_origin
38.061724182000034,2026-09-13T11:46:06.131627+00:00,1789299966.03888,0.09274697303771973,0.47230602797171406,-0.05439763931896653,0.30970151314692995,-0.26812116257765845,control_pose,robot_origin,robot_origin
38.14500499699989,2026-09-13T11:46:06.214908+00:00,1789299966.107489,0.10741877555847168,0.47384818853485444,-0.05384301516762625,0.3102510399024303,-0.24663209654578275,control_pose,robot_origin,robot_origin
38.17127380199963,2026-09-13T11:46:06.241182+00:00,1789299966.1954584,0.045723676681518555,0.4759362682597263,-0.052921191599058094,0.3109451234340668,-0.21972666928827925,control_pose,robot_origin,robot_origin
38.2022059130004,2026-09-13T11:46:06.272107+00:00,1789299966.1774392,0.09466767311096191,0.47550741043309736,-0.053113427313226304,0.31082738582158115,-0.22519578225796585,control_pose,robot_origin,robot_origin
38.22686311699999,2026-09-13T11:46:06.296774+00:00,1789299966.2545366,0.042237281799316406,0.4773671423053544,-0.052272758645962404,0.310659795999527,-0.20098837193919614,control_pose,robot_origin,robot_origin
38.260956090000036,2026-09-13T11:46:06.330855+00:00,1789299966.2458816,0.08497333526611328,0.47716977059250704,-0.05236452040169163,0.3107011563214376,-0.20357150423796433,control_pose,robot_origin,robot_origin
38.303345928000454,2026-09-13T11:46:06.373244+00:00,1789299966.3175569,0.05568718910217285,0.47873356833724895,-0.05148430666040507,0.3106899559497833,-0.18221458239022692,control_pose,robot_origin,robot_origin
38.34579637600018,2026-09-13T11:46:06.415703+00:00,1789299966.3210378,0.0946652889251709,0.47881982497029996,-0.05145042187397576,0.31070113275340755,-0.18130246757840204,control_pose,robot_origin,robot_origin
38.39052684299986,2026-09-13T11:46:06.460428+00:00,1789299966.4175723,0.04285573959350586,0.48030393744745303,-0.049985804272629435,0.3107234835624695,-0.15106489127471043,control_pose,robot_origin,robot_origin
38.39536564500031,2026-09-13T11:46:06.465254+00:00,1789299966.3899748,0.07527923583984375,0.47989541186191403,-0.0504494667557671,0.3107391878171719,-0.15998212879915422,control_pose,robot_origin,robot_origin
38.42035099399982,2026-09-13T11:46:06.490243+00:00,1789299966.472198,0.01804494857788086,0.48120546528899294,-0.04913493506540468,0.310733824968338,-0.13491936965338625,control_pose,robot_origin,robot_origin
38.48557669599995,2026-09-13T11:46:06.555491+00:00,1789299966.458843,0.09664797782897949,0.4809461103170001,-0.049605859436859856,0.3106539326520778,-0.14031021049240006,control_pose,robot_origin,robot_origin
38.49933207400045,2026-09-13T11:46:06.569246+00:00,1789299966.5284696,0.04077649116516113,0.48196197877696345,-0.04847295478135064,0.3105654716491699,-0.11629197994592591,control_pose,robot_origin,robot_origin
38.52902140199967,2026-09-13T11:46:06.598924+00:00,1789299966.5232909,0.07563304901123047,0.48188367984154723,-0.04853738955104829,0.3106001334782691,-0.11796239877343923,control_pose,robot_origin,robot_origin
38.54415342500033,2026-09-13T11:46:06.614066+00:00,1789299966.5841076,0.029958248138427734,0.48272073508956165,-0.04759723094987382,0.31026172637939453,-0.09800349893682789,control_pose,robot_origin,robot_origin
38.595688680999956,2026-09-13T11:46:06.665601+00:00,1789299966.6346605,0.030940532684326172,0.4834978343520572,-0.04687250140238159,0.30999672412872314,-0.08203576931304342,control_pose,robot_origin,robot_origin
38.60192505699979,2026-09-13T11:46:06.671828+00:00,1789299966.6052384,0.0665895938873291,0.48304003843807525,-0.04731011162238146,0.31019524866979514,-0.09164562651139654,control_pose,robot_origin,robot_origin
38.63324573200043,2026-09-13T11:46:06.703154+00:00,1789299966.6877577,0.015396356582641602,0.48414846067552614,-0.04598807710474551,0.3093847930431366,-0.06475492064774321,control_pose,robot_origin,robot_origin
38.68331995399967,2026-09-13T11:46:06.753224+00:00,1789299966.670554,0.08266997337341309,0.48396361413283184,-0.04627502608009588,0.3095452508487365,-0.0700574622961093,control_pose,robot_origin,robot_origin
38.71013701100037,2026-09-13T11:46:06.780006+00:00,1789299966.744288,0.03571796417236328,0.4851392947283962,-0.04506751184167736,0.30705252289772034,-0.047497894905348594,control_pose,robot_origin,robot_origin
38.74903883299976,2026-09-13T11:46:06.818946+00:00,1789299966.737059,0.08188676834106445,0.48507349017879703,-0.045134614372937414,0.30723123931875657,-0.04913677267736449,control_pose,robot_origin,robot_origin
38.780217004000406,2026-09-13T11:46:06.850123+00:00,1789299966.8074126,0.042710304260253906,0.4858451661448383,-0.043809738798942635,0.3059244751930237,-0.026712078701938653,control_pose,robot_origin,robot_origin
38.817342610000196,2026-09-13T11:46:06.887245+00:00,1789299966.8062096,0.08103537559509277,0.4858326893167409,-0.04384080376036384,0.3059427717820996,-0.02703446671585776,control_pose,robot_origin,robot_origin
38.85164372199961,2026-09-13T11:46:06.921547+00:00,1789299966.8774107,0.04413628578186035,0.4876624024855328,-0.04268873442122325,0.30559858679771423,-0.00980695192671817,control_pose,robot_origin,robot_origin
38.90084001200012,2026-09-13T11:46:06.970745+00:00,1789299966.8799558,0.0907893180847168,0.4877816984638937,-0.042587413178230955,0.30558960484950326,-0.007748863188486178,control_pose,robot_origin,robot_origin
38.92945331900046,2026-09-13T11:46:06.999362+00:00,1789299966.9643457,0.03501629829406738,0.48834376263262136,-0.044842431304877535,0.30385223031044006,0.030655636000638826,control_pose,robot_origin,robot_origin
38.97574779899969,2026-09-13T11:46:07.045650+00:00,1789299966.946468,0.0991818904876709,0.4881624972389021,-0.04437228721467859,0.30455443574817104,0.022293919478406147,control_pose,robot_origin,robot_origin
39.01530930199988,2026-09-13T11:46:07.085224+00:00,1789299967.0307434,0.054480552673339844,0.48632591502181327,-0.04369662495411834,0.30518272519111633,0.05779041356736322,control_pose,robot_origin,robot_origin
39.033943067999644,2026-09-13T11:46:07.103850+00:00,1789299967.018584,0.0852658748626709,0.4868671134011462,-0.04379924611585745,0.304551870123011,0.053078457335819576,control_pose,robot_origin,robot_origin
39.066775977999896,2026-09-13T11:46:07.136690+00:00,1789299967.0874655,0.0492243766784668,0.48561673320551485,-0.04178390066219075,0.3083072602748871,0.08199748621821075,control_pose,robot_origin,robot_origin
39.083833216999665,2026-09-13T11:46:07.153739+00:00,1789299967.1378124,0.015926599502563477,0.48660401857568414,-0.03968129276394839,0.3097452223300934,0.09983088676108372,control_pose,robot_origin,robot_origin
39.1056074600001,2026-09-13T11:46:07.175506+00:00,1789299967.0885434,0.08696269989013672,0.4855976662712163,-0.04172735340949254,0.30835535877872894,0.08239441481244164,control_pose,robot_origin,robot_origin
39.13781473899962,2026-09-13T11:46:07.207718+00:00,1789299967.1916988,0.016019105911254883,0.4847626184408756,-0.03894876673001817,0.3080020844936371,0.11148664340663729,control_pose,robot_origin,robot_origin
39.189377194999906,2026-09-13T11:46:07.259284+00:00,1789299967.162191,0.09709310531616211,0.48581376163008233,-0.040230420818189776,0.3091490308234218,0.1057705796018791,control_pose,robot_origin,robot_origin
39.225743945999966,2026-09-13T11:46:07.295649+00:00,1789299967.260834,0.034815073013305664,0.4842353844118694,-0.036227512552289676,0.30482855439186096,0.12203770063379217,control_pose,robot_origin,robot_origin
39.256180031999975,2026-09-13T11:46:07.326084+00:00,1789299967.2248127,0.10127115249633789,0.4846875067051722,-0.03713643973624691,0.30637540934931456,0.11739415340944852,control_pose,robot_origin,robot_origin
39.305488838999736,2026-09-13T11:46:07.375387+00:00,1789299967.3210974,0.05428957939147949,0.4834035885839265,-0.03584605432680973,0.30366718769073486,0.12201310805793388,control_pose,robot_origin,robot_origin
39.322588320999785,2026-09-13T11:46:07.392498+00:00,1789299967.2988856,0.0936124324798584,0.48371017279429673,-0.035986652614176856,0.3040952454917646,0.12202524314016756,control_pose,robot_origin,robot_origin
39.358680434000235,2026-09-13T11:46:07.428594+00:00,1789299967.3866496,0.04194450378417969,0.4827359335238603,-0.037552238330380995,0.3028300404548645,0.12187321649226317,control_pose,robot_origin,robot_origin
39.39292103000025,2026-09-13T11:46:07.462821+00:00,1789299967.3679574,0.0948636531829834,0.48292631655054485,-0.03706571693017112,0.3030687544766377,0.12191148554361209,control_pose,robot_origin,robot_origin
39.41967760300031,2026-09-13T11:46:07.489578+00:00,1789299967.4541135,0.03546452522277832,0.4820266279456081,-0.03868265877641221,0.302844762802124,0.12386729204170827,control_pose,robot_origin,robot_origin
39.45078757900046,2026-09-13T11:46:07.520694+00:00,1789299967.4369092,0.08378481864929199,0.48215554746388756,-0.03849677324302805,0.30283195363540283,0.12360516170433433,control_pose,robot_origin,robot_origin
39.502184330999626,2026-09-13T11:46:07.572101+00:00,1789299967.507471,0.06463003158569336,0.48160817312929444,-0.03880237342933475,0.3028787672519684,0.12374143931397533,control_pose,robot_origin,robot_origin
39.52671880900016,2026-09-13T11:46:07.596616+00:00,1789299967.5058336,0.09078240394592285,0.48161975411388985,-0.03879906306934482,0.30287772051130796,0.12374590553868392,control_pose,robot_origin,robot_origin
39.54365588200017,2026-09-13T11:46:07.613532+00:00,1789299967.5739534,0.03957867622375488,0.48112020108976544,-0.03880050691662127,0.302918016910553,0.12350093573981616,control_pose,robot_origin,robot_origin
39.56434472700039,2026-09-13T11:46:07.634253+00:00,1789299967.6240919,0.010161161422729492,0.4808696222577368,-0.038867912250985896,0.30293670296669006,0.12360607293581259,control_pose,robot_origin,robot_origin
39.60137038999983,2026-09-13T11:46:07.671275+00:00,1789299967.5776038,0.09367108345031738,0.4811010212440478,-0.03880231297142327,0.30291975110013003,0.12351522090485016,control_pose,robot_origin,robot_origin
39.639085112999965,2026-09-13T11:46:07.708992+00:00,1789299967.6806808,0.02831125259399414,0.48058862730239327,-0.03898808136113913,0.3029485046863556,0.12366143084469255,control_pose,robot_origin,robot_origin
39.66256788999999,2026-09-13T11:46:07.732480+00:00,1789299967.6538365,0.0786435604095459,0.4806815460050379,-0.03893651070588325,0.3029461839085968,0.12367009414785006,control_pose,robot_origin,robot_origin
39.68796865100012,2026-09-13T11:46:07.757875+00:00,1789299967.7311735,0.02670145034790039,0.48039447028655086,-0.038967799154028926,0.30295485258102417,0.123241071915041,control_pose,robot_origin,robot_origin
39.7437600559997,2026-09-13T11:46:07.813667+00:00,1789299967.7399406,0.07372641563415527,0.480367000467076,-0.0389617826930039,0.3029572375226241,0.12316254772952204,control_pose,robot_origin,robot_origin
39.772492279999824,2026-09-13T11:46:07.842361+00:00,1789299967.8014069,0.0409541130065918,0.48007072833046394,-0.038922134162409534,0.3029743731021881,0.1228014983124447,control_pose,robot_origin,robot_origin
39.821871619000376,2026-09-13T11:46:07.891776+00:00,1789299967.7844248,0.10735130310058594,0.4801675432612073,-0.03893308954440462,0.3029685150793953,0.12283634220198417,control_pose,robot_origin,robot_origin
39.86481486000048,2026-09-13T11:46:07.934703+00:00,1789299967.8743563,0.06034684181213379,0.47980676837539715,-0.03893921613430036,0.30299293994903564,0.122726477515683,control_pose,robot_origin,robot_origin
39.89672049100045,2026-09-13T11:46:07.966619+00:00,1789299967.8689096,0.09770941734313965,0.4798253798849386,-0.03893687113026061,0.3029917996068522,0.12273607462603607,control_pose,robot_origin,robot_origin
39.982630556000004,2026-09-13T11:46:08.052508+00:00,1789299967.9740517,0.07845640182495117,0.479779012940119,-0.0389618775765504,0.3030003011226654,0.12251052419937851,control_pose,robot_origin,robot_origin
40.02346114699958,2026-09-13T11:46:08.093362+00:00,1789299967.9371526,0.15620946884155273,0.4797695789735435,-0.038951186902174015,0.30299775986522876,0.12253124725971558,control_pose,robot_origin,robot_origin
40.05883815099969,2026-09-13T11:46:08.128743+00:00,1789299968.0639548,0.0647881031036377,0.47976547694048244,-0.038919789474960644,0.3029993176460266,0.12258169106219916,control_pose,robot_origin,robot_origin
40.1348511770002,2026-09-13T11:46:08.204747+00:00,1789299968.0674748,0.13727211952209473,0.4797632167736587,-0.038918068885796124,0.3029993260570404,0.12257586947536236,control_pose,robot_origin,robot_origin
40.17126688999997,2026-09-13T11:46:08.241174+00:00,1789299968.2039409,0.03723311424255371,0.47979616542039605,-0.03888507116491829,0.303000271320343,0.12251239594613518,control_pose,robot_origin,robot_origin
40.199994696999966,2026-09-13T11:46:08.269893+00:00,1789299968.1408806,0.1290123462677002,0.4797522664321478,-0.03889230281026815,0.30299968727847043,0.12250316197964418,control_pose,robot_origin,robot_origin
40.23296169300011,2026-09-13T11:46:08.302865+00:00,1789299968.2705812,0.032283782958984375,0.4797951157953245,-0.03884158575066008,0.30300071835517883,0.12241617263130185,control_pose,robot_origin,robot_origin
40.261363532999894,2026-09-13T11:46:08.331269+00:00,1789299968.2048588,0.12641024589538574,0.4797961509633888,-0.03888447221871662,0.3030002774775758,0.12251107088668545,control_pose,robot_origin,robot_origin
40.29332852599964,2026-09-13T11:46:08.363236+00:00,1789299968.3253987,0.03783726692199707,0.4798220657462841,-0.0388117129453019,0.3029993772506714,0.12237758610864538,control_pose,robot_origin,robot_origin
40.312010423000174,2026-09-13T11:46:08.381918+00:00,1789299968.2750952,0.10682272911071777,0.479797334926141,-0.03883912594421939,0.303000607925058,0.12241299584183497,control_pose,robot_origin,robot_origin
40.34179521100032,2026-09-13T11:46:08.411700+00:00,1789299968.377231,0.0344691276550293,0.47952922070526394,-0.03922053454524914,0.303099125623703,0.1282594294658716,control_pose,robot_origin,robot_origin
40.368215479000355,2026-09-13T11:46:08.438119+00:00,1789299968.3445544,0.09356451034545898,0.4797138393252988,-0.03896280069611265,0.303036241147614,0.12455133856030627,control_pose,robot_origin,robot_origin
40.40457003699976,2026-09-13T11:46:08.474478+00:00,1789299968.4327903,0.041687726974487305,0.4793185021625183,-0.03922855214005986,0.30292731523513794,0.1529949696105863,control_pose,robot_origin,robot_origin
40.43713512500017,2026-09-13T11:46:08.507039+00:00,1789299968.4145286,0.09251046180725098,0.47938776268584504,-0.03922591685791908,0.30298378713965063,0.14486436349298373,control_pose,robot_origin,robot_origin
40.467986302999634,2026-09-13T11:46:08.537892+00:00,1789299968.4974077,0.04048442840576172,0.4785405663935141,-0.03907057853830851,0.3034995198249817,0.17612846370943483,control_pose,robot_origin,robot_origin
40.496710911000264,2026-09-13T11:46:08.566605+00:00,1789299968.4885764,0.07802867889404297,0.47866855702439337,-0.03908980804266506,0.3033924548449908,0.17309227371826955,control_pose,robot_origin,robot_origin
40.524205183999584,2026-09-13T11:46:08.594110+00:00,1789299968.5509229,0.04318714141845703,0.4783412178715229,-0.038564959117728934,0.3038558065891266,0.19443151244794685,control_pose,robot_origin,robot_origin
40.54211574599958,2026-09-13T11:46:08.612017+00:00,1789299968.6073823,0.0046346187591552734,0.4775154104749727,-0.03853600896493596,0.30371585488319397,0.21246988017237012,control_pose,robot_origin,robot_origin
40.59524183200028,2026-09-13T11:46:08.665139+00:00,1789299968.5633628,0.101776123046875,0.478192735911375,-0.03840722820172361,0.30389146788941096,0.19804355944163154,control_pose,robot_origin,robot_origin
40.64210578100028,2026-09-13T11:46:08.712016+00:00,1789299968.6673133,0.044702768325805664,0.4765643927804673,-0.03957757491656377,0.3032734990119934,0.23020452577642442,control_pose,robot_origin,robot_origin
40.65482536200034,2026-09-13T11:46:08.724732+00:00,1789299968.6293378,0.09539413452148438,0.47716701184710936,-0.03891757930844567,0.30355380092831596,0.21896861292492992,control_pose,robot_origin,robot_origin
40.683847199999946,2026-09-13T11:46:08.753749+00:00,1789299968.7175345,0.036214351654052734,0.4759334413389441,-0.04068400815801001,0.30355387926101685,0.2438204930983169,control_pose,robot_origin,robot_origin
40.71279089099971,2026-09-13T11:46:08.782690+00:00,1789299968.700971,0.08171916007995605,0.47614154062733727,-0.040319086303415914,0.30346140474323074,0.2393297312679947,control_pose,robot_origin,robot_origin
40.74298494800041,2026-09-13T11:46:08.812860+00:00,1789299968.7741835,0.03867650032043457,0.47538586825212764,-0.041778640832855075,0.30401888489723206,0.25945647369379476,control_pose,robot_origin,robot_origin
40.77247157800048,2026-09-13T11:46:08.842373+00:00,1789299968.7654393,0.07693362236022949,0.47547064693117763,-0.04160900988142804,0.3039491641641334,0.25696631471313924,control_pose,robot_origin,robot_origin
40.80663562599966,2026-09-13T11:46:08.876531+00:00,1789299968.837176,0.039354801177978516,0.47520097992275534,-0.04265976369392774,0.3043770492076874,0.27380373135268266,control_pose,robot_origin,robot_origin
40.83761525800037,2026-09-13T11:46:08.907518+00:00,1789299968.8885388,0.01897907257080078,0.4750339357281475,-0.043297192780216834,0.3047564625740051,0.28679985728065394,control_pose,robot_origin,robot_origin
40.85993084100028,2026-09-13T11:46:08.929843+00:00,1789299968.8385396,0.09130334854125977,0.47519565140445463,-0.04268750798086333,0.30438754366446713,0.2743085623846444,control_pose,robot_origin,robot_origin
40.897407438999835,2026-09-13T11:46:08.967309+00:00,1789299968.9409618,0.02634716033935547,0.47516071116111996,-0.04339641031300709,0.30505964159965515,0.30125524684196414,control_pose,robot_origin,robot_origin
40.92223031499998,2026-09-13T11:46:08.992133+00:00,1789299968.9086084,0.08352446556091309,0.4750992782959439,-0.043347036470670536,0.30488285980948737,0.2929354713051256,control_pose,robot_origin,robot_origin
40.97322285300015,2026-09-13T11:46:09.043094+00:00,1789299968.9972854,0.04580855369567871,0.4752050187006524,-0.04328612519814188,0.30506765842437744,0.31472813689355555,control_pose,robot_origin,robot_origin
40.990876890000436,2026-09-13T11:46:09.060777+00:00,1789299968.9777632,0.08301377296447754,0.4752212503119714,-0.04327537010935159,0.3051381992452598,0.31002090650841135,control_pose,robot_origin,robot_origin
41.05241914100043,2026-09-13T11:46:09.122318+00:00,1789299969.0640094,0.05830860137939453,0.475722630462016,-0.04329536742339215,0.30459359288215637,0.33220734187571677,control_pose,robot_origin,robot_origin
41.07545936800034,2026-09-13T11:46:09.145361+00:00,1789299969.0470498,0.09831118583679199,0.47559106500669135,-0.04329301825425816,0.3047140898522247,0.32776464790693705,control_pose,robot_origin,robot_origin
41.10697445099959,2026-09-13T11:46:09.176879+00:00,1789299969.1372995,0.03957939147949219,0.4760211650539323,-0.043703845231521064,0.3043622672557831,0.3511269363803444,control_pose,robot_origin,robot_origin
41.137172828000075,2026-09-13T11:46:09.207074+00:00,1789299969.1279254,0.07914853096008301,0.47599703861643633,-0.043651638042733754,0.3043758700854952,0.3487533234948051,control_pose,robot_origin,robot_origin
41.18091591499979,2026-09-13T11:46:09.250819+00:00,1789299969.2139843,0.036834716796875,0.47647241136796714,-0.04452767243143601,0.3043695390224457,0.36999377484523954,control_pose,robot_origin,robot_origin
41.22054903699973,2026-09-13T11:46:09.290361+00:00,1789299969.1943734,0.09598755836486816,0.47641174846250056,-0.044277865740030835,0.3044031608932986,0.365225322633406,control_pose,robot_origin,robot_origin
41.25884599500023,2026-09-13T11:46:09.328752+00:00,1789299969.2808268,0.04792523384094238,0.47676620113389867,-0.045788078193063526,0.3039959967136383,0.3891061147315159,control_pose,robot_origin,robot_origin
41.27398902599998,2026-09-13T11:46:09.343893+00:00,1789299969.254162,0.08973097801208496,0.4766713251676219,-0.04526716864607698,0.3041505810000613,0.3813602175866119,control_pose,robot_origin,robot_origin
41.321162653999636,2026-09-13T11:46:09.391068+00:00,1789299969.3373191,0.05374884605407715,0.47685075166135565,-0.046842605580576735,0.3039040267467499,0.40625120615844423,control_pose,robot_origin,robot_origin
41.33736292100002,2026-09-13T11:46:09.407233+00:00,1789299969.3224032,0.08482980728149414,0.47685256644053864,-0.04658599247951874,0.30392272523576286,0.4015998755406323,control_pose,robot_origin,robot_origin
41.36232471600033,2026-09-13T11:46:09.432230+00:00,1789299969.3905818,0.041648149490356445,0.4769540764014772,-0.0476597029373867,0.3039058446884155,0.4231245552649974,control_pose,robot_origin,robot_origin
41.3800316830002,2026-09-13T11:46:09.449937+00:00,1789299969.4438934,0.006043672561645508,0.4770398021939304,-0.04821363175162755,0.30408814549446106,0.43918307699366826,control_pose,robot_origin,robot_origin
41.41259846699995,2026-09-13T11:46:09.482493+00:00,1789299969.399123,0.08336997032165527,0.47692182595529187,-0.04776222483402762,0.30392328073271646,0.42515241615581123,control_pose,robot_origin,robot_origin
41.456625824000184,2026-09-13T11:46:09.526523+00:00,1789299969.4973192,0.02920389175415039,0.4772671100595068,-0.048776860995929365,0.3041095733642578,0.4547131754902652,control_pose,robot_origin,robot_origin
41.488371190999715,2026-09-13T11:46:09.558273+00:00,1789299969.4629138,0.09535932540893555,0.47710842955681076,-0.0483943741873225,0.30409822935616526,0.444300296188421,control_pose,robot_origin,robot_origin
41.51656178699977,2026-09-13T11:46:09.586328+00:00,1789299969.5527973,0.03353071212768555,0.4774039132230417,-0.04949099321579512,0.3040364384651184,0.4685730038038215,control_pose,robot_origin,robot_origin
41.54772302800029,2026-09-13T11:46:09.617626+00:00,1789299969.534691,0.08293485641479492,0.4773531192397293,-0.049275420353442116,0.3040581598441656,0.4643311433265307,control_pose,robot_origin,robot_origin
41.580950612999914,2026-09-13T11:46:09.650858+00:00,1789299969.6174655,0.03339242935180664,0.47761779665937737,-0.05017577834865437,0.30406448245048523,0.49108780780365946,control_pose,robot_origin,robot_origin
41.62923671200042,2026-09-13T11:46:09.699145+00:00,1789299969.6063535,0.09279155731201172,0.4775868597362226,-0.05009876937102973,0.3040629756192047,0.4876184734526259,control_pose,robot_origin,robot_origin
41.641026839000006,2026-09-13T11:46:09.710930+00:00,1789299969.6804752,0.03045487403869629,0.477953029796392,-0.051045978999957636,0.30383098125457764,0.5120398710341808,control_pose,robot_origin,robot_origin
41.697143762999985,2026-09-13T11:46:09.767052+00:00,1789299969.6761174,0.09093451499938965,0.47793306752255765,-0.0509891556120824,0.3038555626025901,0.5105119096086167,control_pose,robot_origin,robot_origin
41.736300636000124,2026-09-13T11:46:09.806203+00:00,1789299969.7606387,0.04556417465209961,0.4786012552354789,-0.0522047665820619,0.3034917116165161,0.5410521530366436,control_pose,robot_origin,robot_origin
41.76384137599962,2026-09-13T11:46:09.833516+00:00,1789299969.750458,0.08305788040161133,0.4785404917779418,-0.052068731432991726,0.3035315258827403,0.5371920652462193,control_pose,robot_origin,robot_origin
41.78870959800042,2026-09-13T11:46:09.858598+00:00,1789299969.8238707,0.03472733497619629,0.47883250846165565,-0.05241333774626353,0.30305635929107666,0.5617066166690099,control_pose,robot_origin,robot_origin
41.82397078899976,2026-09-13T11:46:09.893871+00:00,1789299969.8194475,0.07442355155944824,0.4788259104544509,-0.052417877672942176,0.3031007862029579,0.5602947125644123,control_pose,robot_origin,robot_origin
41.86206879400015,2026-09-13T11:46:09.931970+00:00,1789299969.897124,0.034845829010009766,0.47871531352222846,-0.05256328876441589,0.3026184141635895,0.5885037406607443,control_pose,robot_origin,robot_origin
41.90096309399996,2026-09-13T11:46:09.970835+00:00,1789299969.8826582,0.08817672729492188,0.4787714748464603,-0.052582490190164796,0.30264877611885777,0.5829847431323073,control_pose,robot_origin,robot_origin
41.93781326000044,2026-09-13T11:46:10.007673+00:00,1789299969.9639964,0.04367661476135254,0.4786593472427669,-0.0522311939818262,0.30223652720451355,0.6107266845265112,control_pose,robot_origin,robot_origin
41.97459843100023,2026-09-13T11:46:10.044505+00:00,1789299969.9580023,0.0865025520324707,0.47867495492464507,-0.05226695884551024,0.3022688812954309,0.6087134316904286,control_pose,robot_origin,robot_origin
42.000928037999984,2026-09-13T11:46:10.070834+00:00,1789299970.0371513,0.03368258476257324,0.4787189161535884,-0.05217452505813015,0.30207327008247375,0.6367635727811557,control_pose,robot_origin,robot_origin
42.03223693400014,2026-09-13T11:46:10.102140+00:00,1789299970.0259674,0.0761725902557373,0.4786782267128314,-0.052158465527496596,0.30210412176465923,0.6326028679952124,control_pose,robot_origin,robot_origin
42.07374003699988,2026-09-13T11:46:10.143643+00:00,1789299970.1073308,0.036312103271484375,0.4785005931883301,-0.0530178536334789,0.30121535062789917,0.6419336228494128,control_pose,robot_origin,robot_origin
42.11568044199976,2026-09-13T11:46:10.185579+00:00,1789299970.1009283,0.08465075492858887,0.47852569980062754,-0.05293993653996705,0.3012976445422961,0.6416205648824637,control_pose,robot_origin,robot_origin
42.13645377000012,2026-09-13T11:46:10.206361+00:00,1789299970.1638668,0.04249429702758789,0.47726454050279693,-0.05316374404068374,0.30088523030281067,0.6333207563083639,control_pose,robot_origin,robot_origin
42.16135748099987,2026-09-13T11:46:10.231261+00:00,1789299970.2204785,0.010782480239868164,0.4759080718012879,-0.05321144332205064,0.2998962104320526,0.6306888330563362,control_pose,robot_origin,robot_origin
42.20836607599995,2026-09-13T11:46:10.278279+00:00,1789299970.1957538,0.08252525329589844,0.4766065441746479,-0.05331626950199002,0.3007240278603791,0.6318697053217773,control_pose,robot_origin,robot_origin
42.24022875999981,2026-09-13T11:46:10.310132+00:00,1789299970.273898,0.036234140396118164,0.474340425343174,-0.05252286930276774,0.29953521490097046,0.6286858089770438,control_pose,robot_origin,robot_origin
42.27049533199988,2026-09-13T11:46:10.340404+00:00,1789299970.2355454,0.1048586368560791,0.47541067617206234,-0.05304967295548077,0.2996629408556927,0.6302428277962189,control_pose,robot_origin,robot_origin
42.29761723499996,2026-09-13T11:46:10.367522+00:00,1789299970.327728,0.039793968200683594,0.47227194197585887,-0.0516591882762574,0.29962313175201416,0.6264242903685859,control_pose,robot_origin,robot_origin
42.33912536200023,2026-09-13T11:46:10.409032+00:00,1789299970.3028662,0.10616588592529297,0.47314683226199983,-0.05203573015900875,0.299552373161149,0.6271769086488843,control_pose,robot_origin,robot_origin
42.38762071899964,2026-09-13T11:46:10.457522+00:00,1789299970.4171233,0.040398597717285156,0.4691683364679251,-0.051049583818473784,0.29982155561447144,0.622987637878073,control_pose,robot_origin,robot_origin
42.39960471100039,2026-09-13T11:46:10.469503+00:00,1789299970.3786225,0.0908803939819336,0.470594323648511,-0.051350077156423875,0.29975524385043817,0.6246604915994843,control_pose,robot_origin,robot_origin
42.432554553000045,2026-09-13T11:46:10.502460+00:00,1789299970.4704332,0.03202676773071289,0.4677870801825984,-0.051361714939160134,0.2997675836086273,0.621525056806892,control_pose,robot_origin,robot_origin
42.45432642800006,2026-09-13T11:46:10.524198+00:00,1789299970.448821,0.07537698745727539,0.46833959264913194,-0.05122164189345143,0.2998088633248626,0.6220679429864525,control_pose,robot_origin,robot_origin
42.47109565200026,2026-09-13T11:46:10.541001+00:00,1789299970.5237768,0.01722431182861328,0.46712726396269394,-0.05162361187340541,0.2996130883693695,0.6214525685773116,control_pose,robot_origin,robot_origin
42.51034945799984,2026-09-13T11:46:10.580250+00:00,1789299970.573918,0.006331920623779297,0.4667597072155394,-0.05159472804424711,0.2995178699493408,0.6217365986668953,control_pose,robot_origin,robot_origin
42.562197942999774,2026-09-13T11:46:10.631656+00:00,1789299970.5264602,0.10519576072692871,0.46707080193575906,-0.051631985831457505,0.29960186125303473,0.6214412495060708,control_pose,robot_origin,robot_origin
42.603425512000285,2026-09-13T11:46:10.673329+00:00,1789299970.6272616,0.04606747627258301,0.46661510282982854,-0.0513682017587959,0.29943156242370605,0.622089583468322,control_pose,robot_origin,robot_origin
42.61296365399994,2026-09-13T11:46:10.682871+00:00,1789299970.584323,0.09854817390441895,0.46673150222852716,-0.05155054424644827,0.2995010357252084,0.6218054241132188,control_pose,robot_origin,robot_origin
42.6427493379997,2026-09-13T11:46:10.712619+00:00,1789299970.680466,0.03215312957763672,0.4664751831498129,-0.05094300677293105,0.2994803190231323,0.6220522820827233,control_pose,robot_origin,robot_origin
42.67209096799979,2026-09-13T11:46:10.741997+00:00,1789299970.6577213,0.08427572250366211,0.4665373927413728,-0.05112088355220451,0.2994605441114673,0.6221150766589103,control_pose,robot_origin,robot_origin
42.71081998000045,2026-09-13T11:46:10.780731+00:00,1789299970.7405038,0.04022717475891113,0.4662452095554868,-0.05072520926809632,0.2995221018791199,0.6214412024909065,control_pose,robot_origin,robot_origin
42.75164083999971,2026-09-13T11:46:10.821543+00:00,1789299970.7299519,0.09159111976623535,0.466283495789928,-0.05074940883610708,0.2995133569370427,0.6215542930941789,control_pose,robot_origin,robot_origin
42.77957548700033,2026-09-13T11:46:10.849487+00:00,1789299970.8038845,0.04560256004333496,0.46617418486159723,-0.050902611466471626,0.2994254231452942,0.6201434385023917,control_pose,robot_origin,robot_origin
42.8213440440004,2026-09-13T11:46:10.891247+00:00,1789299970.797923,0.09332394599914551,0.4661865807587211,-0.05087849114944834,0.2994345697311241,0.6202967706811666,control_pose,robot_origin,robot_origin
42.868331517000115,2026-09-13T11:46:10.938232+00:00,1789299970.8772583,0.0609736442565918,0.4659027637679225,-0.051348774642703605,0.3001188337802887,0.6187709382572907,control_pose,robot_origin,robot_origin
42.884958237999854,2026-09-13T11:46:10.954861+00:00,1789299970.8637068,0.09115409851074219,0.4659476502486719,-0.05122649976231016,0.3000331718718624,0.6188559203929852,control_pose,robot_origin,robot_origin
42.90418390499963,2026-09-13T11:46:10.974093+00:00,1789299970.9369879,0.03710508346557617,0.4659513757515163,-0.051449407016495974,0.30023694038391113,0.6191998028318461,control_pose,robot_origin,robot_origin
42.979475547999755,2026-09-13T11:46:11.049382+00:00,1789299970.9347465,0.11463546752929688,0.46594955144956457,-0.051445630502510144,0.3002325081001082,0.619183707515074,control_pose,robot_origin,robot_origin
42.998104960999626,2026-09-13T11:46:11.068011+00:00,1789299971.0069466,0.06106448173522949,0.46576789882946923,-0.050939419231869176,0.2997564971446991,0.6178394344072655,control_pose,robot_origin,robot_origin
43.02951216499969,2026-09-13T11:46:11.099417+00:00,1789299971.0093777,0.09003925323486328,0.4657598279446477,-0.05092831896607824,0.29974624466224314,0.6177817932230396,control_pose,robot_origin,robot_origin
43.059458880999955,2026-09-13T11:46:11.129370+00:00,1789299971.083663,0.045706987380981445,0.46578190642396405,-0.05071975810554363,0.2998678386211395,0.6160754564589461,control_pose,robot_origin,robot_origin
43.0717788259999,2026-09-13T11:46:11.141684+00:00,1789299971.1341372,0.007546901702880859,0.46777576137207305,-0.05505346483635744,0.2996596395969391,0.5975580360302521,control_pose,robot_origin,robot_origin
43.092625309999676,2026-09-13T11:46:11.162489+00:00,1789299971.0816765,0.08081245422363281,0.46577011563058435,-0.05072471799173092,0.2998500386806896,0.6161060791409618,control_pose,robot_origin,robot_origin
43.12548493899976,2026-09-13T11:46:11.195395+00:00,1789299971.1848862,0.01050877571105957,0.46590587952895013,-0.05406216205382592,0.3000355064868927,0.5732245545855796,control_pose,robot_origin,robot_origin
43.15697278799962,2026-09-13T11:46:11.226873+00:00,1789299971.1510723,0.07580065727233887,0.4667261144728367,-0.05468249146004654,0.2997164294391826,0.5864921391221813,control_pose,robot_origin,robot_origin
43.19295196599978,2026-09-13T11:46:11.262854+00:00,1789299971.2396245,0.023229598999023438,0.46523042785617796,-0.053668882043626964,0.30045369267463684,0.5416614282354162,control_pose,robot_origin,robot_origin
43.25159963900023,2026-09-13T11:46:11.321502+00:00,1789299971.220821,0.10068106651306152,0.46545779758114497,-0.053843726490348943,0.3004176420906183,0.5477595297563254,control_pose,robot_origin,robot_origin
43.276153187999626,2026-09-13T11:46:11.346025+00:00,1789299971.3133173,0.03270769119262695,0.46371577554339455,-0.05284817409372155,0.30052846670150757,0.503848566469056,control_pose,robot_origin,robot_origin
43.3059075430001,2026-09-13T11:46:11.375816+00:00,1789299971.291232,0.08458399772644043,0.46407393444518125,-0.05307183241231063,0.3005109111731714,0.5142720446068373,control_pose,robot_origin,robot_origin
43.35629720199995,2026-09-13T11:46:11.426193+00:00,1789299971.3776236,0.048569440841674805,0.4630958591028178,-0.05196684924612287,0.3003367781639099,0.4726403311276326,control_pose,robot_origin,robot_origin
43.37985802999992,2026-09-13T11:46:11.449757+00:00,1789299971.3593154,0.09044170379638672,0.46324713965255654,-0.052210050724151545,0.3003920494719326,0.4810357655949556,control_pose,robot_origin,robot_origin
43.421914696000385,2026-09-13T11:46:11.491818+00:00,1789299971.4303496,0.06146836280822754,0.4631863152987911,-0.05157597427669778,0.300283282995224,0.44759985919897477,control_pose,robot_origin,robot_origin
43.445310299000084,2026-09-13T11:46:11.515214+00:00,1789299971.4292352,0.08597874641418457,0.4631812476055141,-0.05158435103270674,0.30028338784440994,0.4481268032773749,control_pose,robot_origin,robot_origin
43.474002744000245,2026-09-13T11:46:11.543918+00:00,1789299971.4969857,0.046932220458984375,0.4635298966064973,-0.0508318035003985,0.30078065395355225,0.42029972792464027,control_pose,robot_origin,robot_origin
43.49426471900006,2026-09-13T11:46:11.564155+00:00,1789299971.5509326,0.013222455978393555,0.46387468299646356,-0.05030619766631644,0.3010125458240509,0.3971223885006677,control_pose,robot_origin,robot_origin
43.526558880000266,2026-09-13T11:46:11.596465+00:00,1789299971.498766,0.09769916534423828,0.4635455065148344,-0.05080424903775517,0.30078822074446115,0.41965068700543867,control_pose,robot_origin,robot_origin
43.59086827699957,2026-09-13T11:46:11.660717+00:00,1789299971.5749822,0.08573484420776367,0.46406830233645024,-0.04989160829676515,0.30122887401159604,0.38728814827717106,control_pose,robot_origin,robot_origin
43.61846418599998,2026-09-13T11:46:11.688372+00:00,1789299971.647189,0.0411829948425293,0.46438572490700813,-0.04846979796963488,0.3016868531703949,0.35869159686995666,control_pose,robot_origin,robot_origin
43.65107148300012,2026-09-13T11:46:11.720971+00:00,1789299971.6408637,0.08010745048522949,0.46436756193971773,-0.04860088273009296,0.3016564867564888,0.3612653219024864,control_pose,robot_origin,robot_origin
43.67265461199986,2026-09-13T11:46:11.742558+00:00,1789299971.7014782,0.04107975959777832,0.4646175693621366,-0.0480055229503464,0.3016689121723175,0.3390556638718269,control_pose,robot_origin,robot_origin
43.69340787500005,2026-09-13T11:46:11.763311+00:00,1789299971.7537801,0.009530782699584961,0.4647985650182931,-0.04768766814276625,0.30191898345947266,0.3191231471424378,control_pose,robot_origin,robot_origin
43.73415775600006,2026-09-13T11:46:11.804062+00:00,1789299971.7252297,0.07883214950561523,0.46462977397067584,-0.04774098446474525,0.3017210913760032,0.3289465508067308,control_pose,robot_origin,robot_origin
43.7718289229997,2026-09-13T11:46:11.841730+00:00,1789299971.8070245,0.03470563888549805,0.46476484831732673,-0.047697955884279775,0.3024810254573822,0.2995969732863108,control_pose,robot_origin,robot_origin
43.801194169000155,2026-09-13T11:46:11.871099+00:00,1789299971.7907681,0.08033084869384766,0.4647926514961912,-0.04760017100903393,0.30231058710051556,0.3056065560147874,control_pose,robot_origin,robot_origin
43.85916087999976,2026-09-13T11:46:11.929069+00:00,1789299971.8669305,0.06213855743408203,0.46495092550514716,-0.04817126495474978,0.30315932631492615,0.2804602527445034,control_pose,robot_origin,robot_origin
43.8880129170002,2026-09-13T11:46:11.957918+00:00,1789299971.8610916,0.09682631492614746,0.46492650668809227,-0.04811566004860383,0.3030566060056034,0.2830139108045613,control_pose,robot_origin,robot_origin
43.92067272799977,2026-09-13T11:46:11.990329+00:00,1789299971.9470134,0.04331564903259277,0.46536521798600194,-0.04871930737328524,0.3040601313114166,0.2530547447811222,control_pose,robot_origin,robot_origin
43.944012617000226,2026-09-13T11:46:12.013919+00:00,1789299971.9319413,0.08197784423828125,0.46527028727831854,-0.04860893229583826,0.30391731890354595,0.25822115194055045,control_pose,robot_origin,robot_origin
43.97125846099971,2026-09-13T11:46:12.041163+00:00,1789299972.0070436,0.034119367599487305,0.46573627220631836,-0.04912427117328841,0.30424830317497253,0.2332592652048184,control_pose,robot_origin,robot_origin
44.00924442700034,2026-09-13T11:46:12.079144+00:00,1789299972.0031657,0.07597827911376953,0.4657208673854106,-0.049101179376628924,0.3042318378737686,0.23463277763640494,control_pose,robot_origin,robot_origin
44.056064915000206,2026-09-13T11:46:12.125968+00:00,1789299972.0778482,0.04811978340148926,0.4661057982812102,-0.049570990172908315,0.3046494126319885,0.21010779742961497,control_pose,robot_origin,robot_origin
44.09138421900025,2026-09-13T11:46:12.161284+00:00,1789299972.0655847,0.09569931030273438,0.4660310664630763,-0.04948732478420956,0.3045638637928684,0.21392523854190326,control_pose,robot_origin,robot_origin
44.133223658000134,2026-09-13T11:46:12.203121+00:00,1789299972.1572053,0.04591560363769531,0.4662849686429617,-0.04981073805676226,0.30548548698425293,0.18477900188960453,control_pose,robot_origin,robot_origin
44.15295162199982,2026-09-13T11:46:12.222855+00:00,1789299972.1302066,0.09264850616455078,0.4662037776668199,-0.049718851535042866,0.30518496682707574,0.19341900994835995,control_pose,robot_origin,robot_origin
44.19373401499979,2026-09-13T11:46:12.263639+00:00,1789299972.2304285,0.03321051597595215,0.46650975699899605,-0.050465121668063745,0.3059341609477997,0.16210215687864835,control_pose,robot_origin,robot_origin
44.2150041040004,2026-09-13T11:46:12.284436+00:00,1789299972.1989052,0.08553075790405273,0.46641298347990734,-0.05018340331744768,0.3057410025514222,0.17186382935487451,control_pose,robot_origin,robot_origin
44.244222111000454,2026-09-13T11:46:12.313915+00:00,1789299972.2837045,0.030210494995117188,0.46661768453442715,-0.051004275904555835,0.30596446990966797,0.14377208729897284,control_pose,robot_origin,robot_origin
44.27631069400013,2026-09-13T11:46:12.346206+00:00,1789299972.2738128,0.07239317893981934,0.46659646718013953,-0.050896695682257034,0.30595252122963773,0.14749958741147337,control_pose,robot_origin,robot_origin
44.316519811000035,2026-09-13T11:46:12.386390+00:00,1789299972.348771,0.03761887550354004,0.4669306095008948,-0.0517010527563735,0.30618253350257874,0.12385713552958875,control_pose,robot_origin,robot_origin
44.36031294700024,2026-09-13T11:46:12.430227+00:00,1789299972.3369093,0.09331774711608887,0.4668768152571687,-0.05158134474279991,0.3061332997229746,0.1271897820540345,control_pose,robot_origin,robot_origin
44.38311808900016,2026-09-13T11:46:12.453027+00:00,1789299972.413821,0.03920602798461914,0.46718986293731335,-0.052376660880264075,0.30698031187057495,0.10241734546469555,control_pose,robot_origin,robot_origin
44.41679286300041,2026-09-13T11:46:12.486697+00:00,1789299972.4070928,0.0796041488647461,0.4671599304396675,-0.052291817939976,0.30689954018052396,0.10454620464107454,control_pose,robot_origin,robot_origin
44.449160019000374,2026-09-13T11:46:12.519065+00:00,1789299972.4815862,0.03747868537902832,0.46568278386081385,-0.05355739381942469,0.30770474672317505,0.08833679012157633,control_pose,robot_origin,robot_origin
44.50306127800013,2026-09-13T11:46:12.572970+00:00,1789299972.4749346,0.09803533554077148,0.46596234826827904,-0.05343437131114708,0.3076381910412415,0.0889118340542691,control_pose,robot_origin,robot_origin
44.50554204200034,2026-09-13T11:46:12.575460+00:00,1789299972.537288,0.038172006607055664,0.4662803237510539,-0.05298305099794085,0.30802658200263977,0.10272774825570774,control_pose,robot_origin,robot_origin
44.52700407700013,2026-09-13T11:46:12.596908+00:00,1789299972.590323,0.006585121154785156,0.46553152349484345,-0.054278447512732045,0.3085854947566986,0.11223324647500887,control_pose,robot_origin,robot_origin
44.55933132700011,2026-09-13T11:46:12.629158+00:00,1789299972.55002,0.07913804054260254,0.46624544314674704,-0.05315080221344626,0.3081924378168617,0.10587034694419141,control_pose,robot_origin,robot_origin
44.58334542499961,2026-09-13T11:46:12.653255+00:00,1789299972.6437666,0.009488344192504883,0.463182826832209,-0.05674139655518627,0.3090691864490509,0.11355195634939044,control_pose,robot_origin,robot_origin
44.618596373999935,2026-09-13T11:46:12.688502+00:00,1789299972.627335,0.061167001724243164,0.4641054448680151,-0.05637817184317361,0.30880787606414944,0.11433010874285585,control_pose,robot_origin,robot_origin
44.66795033299968,2026-09-13T11:46:12.737855+00:00,1789299972.6969306,0.0409243106842041,0.462227438706614,-0.055770977339683045,0.3092256784439087,0.1101931734056398,control_pose,robot_origin,robot_origin
44.6898152040003,2026-09-13T11:46:12.759717+00:00,1789299972.7472093,0.01250767707824707,0.46119592440431645,-0.05405477672239313,0.30819031596183777,0.10680716413117378,control_pose,robot_origin,robot_origin
44.74769442199977,2026-09-13T11:46:12.817590+00:00,1789299972.6911244,0.1264655590057373,0.462335684244251,-0.05594153178462745,0.30924310527851756,0.1105345446924558,control_pose,robot_origin,robot_origin
44.805771665000066,2026-09-13T11:46:12.875667+00:00,1789299972.7638977,0.11176943778991699,0.46107861867024696,-0.0534741432775278,0.30785582177099646,0.1073492891508733,control_pose,robot_origin,robot_origin
44.83491350799977,2026-09-13T11:46:12.904813+00:00,1789299972.853585,0.05122804641723633,0.46109288102986024,-0.05190250452160797,0.30731698870658875,0.11087027493256847,control_pose,robot_origin,robot_origin
44.85130840900001,2026-09-13T11:46:12.921211+00:00,1789299972.8302343,0.09097671508789062,0.4610238514407019,-0.05220033299803464,0.3072211325658249,0.11011349975578023,control_pose,robot_origin,robot_origin
44.886121608000394,2026-09-13T11:46:12.956027+00:00,1789299972.9134972,0.04252982139587402,0.46155518193349043,-0.05194325155412143,0.30735501646995544,0.11240157052906995,control_pose,robot_origin,robot_origin
44.932723236999664,2026-09-13T11:46:13.002627+00:00,1789299972.896714,0.10591292381286621,0.4614159066977774,-0.051937263005296344,0.3073370030283817,0.11189308751084726,control_pose,robot_origin,robot_origin
44.97866345700004,2026-09-13T11:46:13.048563+00:00,1789299972.9968896,0.05167341232299805,0.4617356212997072,-0.05196735962655959,0.3074367344379425,0.11357307067762674,control_pose,robot_origin,robot_origin
45.00156645900006,2026-09-13T11:46:13.071474+00:00,1789299972.9680746,0.10339951515197754,0.4616885863175001,-0.051972713822565776,0.3074122124947666,0.11326554962839763,control_pose,robot_origin,robot_origin
45.024306669,2026-09-13T11:46:13.094207+00:00,1789299973.053483,0.04072403907775879,0.46167695981976176,-0.051701828724052934,0.30746325850486755,0.11347419519295937,control_pose,robot_origin,robot_origin
45.05054225399999,2026-09-13T11:46:13.120448+00:00,1789299973.0388796,0.08156847953796387,0.46169209705444775,-0.051770347342938075,0.30745641413227,0.1134997155352251,control_pose,robot_origin,robot_origin
45.07327056000031,2026-09-13T11:46:13.143179+00:00,1789299973.1068573,0.03632164001464844,0.4615497738313143,-0.051492880800416835,0.30747127532958984,0.11319135197302427,control_pose,robot_origin,robot_origin
45.09725764900031,2026-09-13T11:46:13.167166+00:00,1789299973.156895,0.010271072387695312,0.461502271938991,-0.05124124758501809,0.30748116970062256,0.11330944718066216,control_pose,robot_origin,robot_origin
45.12114687600024,2026-09-13T11:46:13.191056+00:00,1789299973.1067753,0.08428072929382324,0.4615499995290022,-0.05149319285315707,0.3074712637981969,0.11319172830129237,control_pose,robot_origin,robot_origin
45.15443193400006,2026-09-13T11:46:13.224338+00:00,1789299973.2069,0.017438173294067383,0.4615193901451097,-0.051100979252144164,0.30748844146728516,0.11341765748556829,control_pose,robot_origin,robot_origin
45.18226436700024,2026-09-13T11:46:13.252170+00:00,1789299973.1757054,0.07646465301513672,0.46151113523318205,-0.05118961239074043,0.30748548616747895,0.11340095219753793,control_pose,robot_origin,robot_origin
45.22874320600022,2026-09-13T11:46:13.298656+00:00,1789299973.2604523,0.03820371627807617,0.4615547235799772,-0.050961186625988364,0.30747687816619873,0.11344209465871995,control_pose,robot_origin,robot_origin
45.279751711000245,2026-09-13T11:46:13.349581+00:00,1789299973.2485218,0.1010591983795166,0.46154325735785073,-0.050989584908687866,0.3074800384208078,0.11344420591025582,control_pose,robot_origin,robot_origin
45.30176983700039,2026-09-13T11:46:13.371678+00:00,1789299973.3334372,0.038240909576416016,0.46156016699923696,-0.05076558686239839,0.30746757984161377,0.11368400251221215,control_pose,robot_origin,robot_origin
45.33609993899972,2026-09-13T11:46:13.405999+00:00,1789299973.3160617,0.08993721008300781,0.46156041973398515,-0.05079830011268279,0.3074704758288539,0.11365651502734399,control_pose,robot_origin,robot_origin
45.36052020199986,2026-09-13T11:46:13.430421+00:00,1789299973.3903172,0.040103912353515625,0.4615299462711787,-0.05065914413991764,0.30746254324913025,0.11350811235817496,control_pose,robot_origin,robot_origin
45.39729756300039,2026-09-13T11:46:13.467202+00:00,1789299973.3885796,0.07862234115600586,0.4615321682069,-0.05066072488355902,0.3074626560942054,0.11351302851385181,control_pose,robot_origin,robot_origin
45.43563055300001,2026-09-13T11:46:13.505454+00:00,1789299973.4813356,0.024118423461914062,0.46140987171298353,-0.04954039120976859,0.30751800537109375,0.11368741856051913,control_pose,robot_origin,robot_origin
45.46623877300044,2026-09-13T11:46:13.536139+00:00,1789299973.4624531,0.07368588447570801,0.4614542789729283,-0.04967996892812181,0.3075089324485091,0.11370490301382412,control_pose,robot_origin,robot_origin
45.51018887700047,2026-09-13T11:46:13.580092+00:00,1789299973.536983,0.04310894012451172,0.46063069272347934,-0.04819548650807621,0.30874723196029663,0.07862586976643689,control_pose,robot_origin,robot_origin
45.557773882999754,2026-09-13T11:46:13.627630+00:00,1789299973.5355816,0.09204840660095215,0.460636519393772,-0.04821643030449728,0.30873285515728427,0.0791359620999312,control_pose,robot_origin,robot_origin
45.583341403000304,2026-09-13T11:46:13.653243+00:00,1789299973.613406,0.03983712196350098,0.4611177682619406,-0.0470690837573451,0.309968501329422,0.05908128112380218,control_pose,robot_origin,robot_origin
45.622577414999796,2026-09-13T11:46:13.692483+00:00,1789299973.6023636,0.0901193618774414,0.46106005822373275,-0.04722901095140391,0.3098320771436648,0.06216146191827079,control_pose,robot_origin,robot_origin
45.64247972300018,2026-09-13T11:46:13.712381+00:00,1789299973.6767528,0.03562808036804199,0.4612644979808849,-0.0465012655352977,0.3107869327068329,0.04273422244092749,control_pose,robot_origin,robot_origin
45.67692131900003,2026-09-13T11:46:13.746818+00:00,1789299973.6750655,0.07175254821777344,0.4612606057528397,-0.04651456870990195,0.310761346353169,0.04316288112263652,control_pose,robot_origin,robot_origin
45.728137801999765,2026-09-13T11:46:13.798016+00:00,1789299973.7401075,0.05790853500366211,0.46146302408013873,-0.046109354120762794,0.3122476041316986,0.02765017794876089,control_pose,robot_origin,robot_origin
45.75102029200025,2026-09-13T11:46:13.820835+00:00,1789299973.7387269,0.0821082592010498,0.4614606840540914,-0.04612574820635022,0.3122176630520459,0.028105189082013964,control_pose,robot_origin,robot_origin
45.761755804999666,2026-09-13T11:46:13.831659+00:00,1789299973.7902179,0.04144120216369629,0.4615979535079046,-0.04561187395723007,0.3129841387271881,0.015732295113302843,control_pose,robot_origin,robot_origin
45.78593506299967,2026-09-13T11:46:13.855840+00:00,1789299973.8436036,0.012236356735229492,0.46174334581840737,-0.045139336051456536,0.3134879171848297,0.0039731549395388855,control_pose,robot_origin,robot_origin
45.818579449000026,2026-09-13T11:46:13.888480+00:00,1789299973.8218088,0.06667113304138184,0.4616968480562395,-0.04538318487642864,0.31328886394072497,0.008509300222108595,control_pose,robot_origin,robot_origin
45.86517746200025,2026-09-13T11:46:13.935080+00:00,1789299973.9001114,0.03496861457824707,0.46157016564583997,-0.04424289339839438,0.3139634430408478,-0.00938817488255637,control_pose,robot_origin,robot_origin
45.87924920600017,2026-09-13T11:46:13.949167+00:00,1789299973.874982,0.07418489456176758,0.4616487216045626,-0.044640430185056534,0.3137582765911861,-0.0032127257052904767,control_pose,robot_origin,robot_origin
45.89878752799996,2026-09-13T11:46:13.968692+00:00,1789299973.9535246,0.015167474746704102,0.46141966318867705,-0.04323209079347012,0.31427204608917236,-0.0237263214272467,control_pose,robot_origin,robot_origin
45.95550243100024,2026-09-13T11:46:14.025409+00:00,1789299973.9534752,0.07193374633789062,0.4614199914106011,-0.043232918186585194,0.3142718491933154,-0.023713606054952593,control_pose,robot_origin,robot_origin
45.98141441500047,2026-09-13T11:46:14.051318+00:00,1789299974.010088,0.041229963302612305,0.46150347806483366,-0.041428075288821836,0.31432121992111206,-0.04078573992718977,control_pose,robot_origin,robot_origin
46.00507540699982,2026-09-13T11:46:14.074976+00:00,1789299974.0635052,0.011470794677734375,0.4616860789871685,-0.03964694103177091,0.3142504394054413,-0.057740411829100065,control_pose,robot_origin,robot_origin
46.03068337700006,2026-09-13T11:46:14.100586+00:00,1789299974.0152166,0.08536934852600098,0.4615054779522584,-0.04123552753252779,0.31430995413268614,-0.042376395013535025,control_pose,robot_origin,robot_origin
46.084399504999965,2026-09-13T11:46:14.154298+00:00,1789299974.1205802,0.03371787071228027,0.4610893867845168,-0.037846628507721705,0.3143818974494934,-0.0759176990185742,control_pose,robot_origin,robot_origin
46.108665198999915,2026-09-13T11:46:14.178568+00:00,1789299974.089304,0.089263916015625,0.4613856783362124,-0.03875894705684335,0.3142971793642925,-0.06594182123975886,control_pose,robot_origin,robot_origin
46.15199059899987,2026-09-13T11:46:14.221903+00:00,1789299974.1847396,0.037163496017456055,0.4601292476369998,-0.03562804032599169,0.3143872916698456,-0.09559247412171015,control_pose,robot_origin,robot_origin
46.166459674999714,2026-09-13T11:46:14.236361+00:00,1789299974.1560962,0.08026480674743652,0.46052128722303204,-0.03648886861395321,0.3144612002125498,-0.08658373083411795,control_pose,robot_origin,robot_origin
46.19984541000031,2026-09-13T11:46:14.269726+00:00,1789299974.2373884,0.03233766555786133,0.45995412308671013,-0.034433140831265745,0.3141728937625885,-0.11249973969382136,control_pose,robot_origin,robot_origin
46.23972084500019,2026-09-13T11:46:14.309625+00:00,1789299974.2270656,0.08255934715270996,0.45995673043533464,-0.03466311534463965,0.314211954272676,-0.10879506787249717,control_pose,robot_origin,robot_origin
46.252697494999666,2026-09-13T11:46:14.322605+00:00,1789299974.2899618,0.03264307975769043,0.45957938963258377,-0.03299149583340996,0.31410476565361023,-0.12923102391840188,control_pose,robot_origin,robot_origin
46.30595775999973,2026-09-13T11:46:14.375859+00:00,1789299974.297513,0.07834601402282715,0.4595903061999574,-0.03268555027387309,0.3141394547663211,-0.1315413248352829,control_pose,robot_origin,robot_origin
46.33533148599963,2026-09-13T11:46:14.405236+00:00,1789299974.3683658,0.03687024116516113,0.45966265695570735,-0.030966858542871088,0.3143846392631531,-0.15418638958723105,control_pose,robot_origin,robot_origin
46.38123842300047,2026-09-13T11:46:14.451147+00:00,1789299974.3673105,0.08383655548095703,0.459659562408864,-0.030987787437117227,0.3143826982476382,-0.15384311834310446,control_pose,robot_origin,robot_origin
46.417386695999994,2026-09-13T11:46:14.487290+00:00,1789299974.4473398,0.03995013236999512,0.4606503323278948,-0.029940633616221207,0.3145444691181183,-0.17970260524675763,control_pose,robot_origin,robot_origin
46.44097501200031,2026-09-13T11:46:14.510875+00:00,1789299974.4371147,0.0737602710723877,0.46049942783028375,-0.03009218179608389,0.31452133009541366,-0.17641177080840192,control_pose,robot_origin,robot_origin
46.47117671599972,2026-09-13T11:46:14.541083+00:00,1789299974.5033395,0.037743568420410156,0.4613129876555743,-0.02913276315471172,0.31426602602005005,-0.19750632553677988,control_pose,robot_origin,robot_origin
46.51658237999982,2026-09-13T11:46:14.586480+00:00,1789299974.5080218,0.07845807075500488,0.4613376611217641,-0.029046344499707444,0.3142163312857603,-0.19884056779589318,control_pose,robot_origin,robot_origin
46.53284581800017,2026-09-13T11:46:14.602755+00:00,1789299974.5635061,0.03924894332885742,0.4618750400382253,-0.0280599845672879,0.3138614594936371,-0.21752910818349683,control_pose,robot_origin,robot_origin
46.55869203899965,2026-09-13T11:46:14.628598+00:00,1789299974.6167738,0.01182413101196289,0.46281343072145253,-0.027592585425243753,0.3139815032482147,-0.23592978156637756,control_pose,robot_origin,robot_origin
46.58678506100023,2026-09-13T11:46:14.656690+00:00,1789299974.580298,0.07639193534851074,0.4622318939144024,-0.0278140759372505,0.3138396408880974,-0.22333596944553163,control_pose,robot_origin,robot_origin
46.62110809099977,2026-09-13T11:46:14.691012+00:00,1789299974.6669464,0.024065494537353516,0.46374163035612936,-0.02742681235766775,0.3142797350883484,-0.2540098803885404,control_pose,robot_origin,robot_origin
46.66183659299986,2026-09-13T11:46:14.731733+00:00,1789299974.6490061,0.08272695541381836,0.46332350092892904,-0.02751086270729297,0.3142217586316502,-0.24708560784668032,control_pose,robot_origin,robot_origin
46.69167242200001,2026-09-13T11:46:14.761589+00:00,1789299974.7233365,0.03825259208679199,0.4647146266729499,-0.027022482927083813,0.31404340267181396,-0.2742901201646094,control_pose,robot_origin,robot_origin
46.72604252600013,2026-09-13T11:46:14.795948+00:00,1789299974.7735002,0.022447824478149414,0.46536157365112074,-0.026693103090687967,0.3136705458164215,-0.29347734213675275,control_pose,robot_origin,robot_origin
46.730830573000276,2026-09-13T11:46:14.800732+00:00,1789299974.7240598,0.07667207717895508,0.464724777625118,-0.027018586295643354,0.31403946307985914,-0.27454279312491714,control_pose,robot_origin,robot_origin
46.764977914000156,2026-09-13T11:46:14.834885+00:00,1789299974.8281653,0.0067195892333984375,0.46568911367567123,-0.02588810986513776,0.3133624494075775,-0.3121627045461667,control_pose,robot_origin,robot_origin
46.81841316400005,2026-09-13T11:46:14.888319+00:00,1789299974.8043134,0.08400559425354004,0.46562482600741967,-0.026215951931451806,0.31343055234049905,-0.30483274315190495,control_pose,robot_origin,robot_origin
46.851716111000314,2026-09-13T11:46:14.921619+00:00,1789299974.8799994,0.04161953926086426,0.46585952615496046,-0.024246526208774488,0.3130691349506378,-0.33421686193624156,control_pose,robot_origin,robot_origin
46.878029299000445,2026-09-13T11:46:14.947934+00:00,1789299974.8565037,0.0914301872253418,0.4657675859307747,-0.02522166745165584,0.313234199031507,-0.3246002140023075,control_pose,robot_origin,robot_origin
46.914758400999744,2026-09-13T11:46:14.984270+00:00,1789299974.9443088,0.03996133804321289,0.4657682924795198,-0.021362623516689716,0.31226015090942383,-0.36075542475935585,control_pose,robot_origin,robot_origin
46.95097541399991,2026-09-13T11:46:15.020882+00:00,1789299974.9345887,0.08629322052001953,0.4657892929120486,-0.021794135534506903,0.31239256564982393,-0.35668279945968606,control_pose,robot_origin,robot_origin
46.98683208700004,2026-09-13T11:46:15.056741+00:00,1789299975.016962,0.039778947830200195,0.46565570316030525,-0.018354111759637692,0.3114635944366455,-0.3920227809235966,control_pose,robot_origin,robot_origin
47.014677961000416,2026-09-13T11:46:15.084580+00:00,1789299975.0088902,0.07568979263305664,0.46565547472966184,-0.018666111431641833,0.3115574576226081,-0.38870863109816706,control_pose,robot_origin,robot_origin
47.052851550000014,2026-09-13T11:46:15.122752+00:00,1789299975.0734766,0.04927539825439453,0.46631745128995966,-0.015165400675131335,0.3108177185058594,-0.41788141916614296,control_pose,robot_origin,robot_origin
47.086113053999725,2026-09-13T11:46:15.156008+00:00,1789299975.0682948,0.08771324157714844,0.4661098602344256,-0.015751594124402746,0.31090004192529747,-0.41679044448535685,control_pose,robot_origin,robot_origin
47.11786625900004,2026-09-13T11:46:15.187772+00:00,1789299975.1398735,0.04789853096008301,0.4657410301963119,-0.012864654835858469,0.30980679392814636,-0.41033662894963985,control_pose,robot_origin,robot_origin
47.12676705600006,2026-09-13T11:46:15.196672+00:00,1789299975.1901658,0.006506204605102539,0.46475965703657507,-0.013745534758860325,0.31028011441230774,-0.40368463061227366,control_pose,robot_origin,robot_origin
47.1547406159998,2026-09-13T11:46:15.224638+00:00,1789299975.1387985,0.08583950996398926,0.46576306847002485,-0.012864806857043165,0.3098118145908215,-0.41054400390998885,control_pose,robot_origin,robot_origin
47.192457318999914,2026-09-13T11:46:15.262361+00:00,1789299975.2432861,0.01907491683959961,0.46611844061799645,-0.013512065448927787,0.31004390120506287,-0.4053396995418856,control_pose,robot_origin,robot_origin
47.21871639300025,2026-09-13T11:46:15.288621+00:00,1789299975.2152767,0.07334423065185547,0.46502211429118956,-0.014363262461971338,0.31005957201078166,-0.404064884501782,control_pose,robot_origin,robot_origin
47.25474104299974,2026-09-13T11:46:15.324649+00:00,1789299975.2966232,0.02802586555480957,0.4674975344211546,-0.012046370677533974,0.310531347990036,-0.40353045663156967,control_pose,robot_origin,robot_origin
47.29055886700007,2026-09-13T11:46:15.360465+00:00,1789299975.2762935,0.08417153358459473,0.4668512740798822,-0.012884161972233396,0.31047482448837704,-0.40494202627724607,control_pose,robot_origin,robot_origin
47.31974551100029,2026-09-13T11:46:15.389650+00:00,1789299975.3499458,0.039704322814941406,0.46933965479817086,-0.009638621885443191,0.31030431389808655,-0.4005747041751334,control_pose,robot_origin,robot_origin
47.3640047810004,2026-09-13T11:46:15.433909+00:00,1789299975.351523,0.08238601684570312,0.4693773006034516,-0.009571937647641804,0.31028868506721896,-0.40051732785756344,control_pose,robot_origin,robot_origin
47.410009899000215,2026-09-13T11:46:15.479913+00:00,1789299975.4302514,0.04966163635253906,0.471752240294561,-0.0073693104091586414,0.3096582591533661,-0.3917273760473727,control_pose,robot_origin,robot_origin
47.44051504100025,2026-09-13T11:46:15.510422+00:00,1789299975.4245937,0.08582830429077148,0.4715769012331176,-0.007536665142578086,0.30967338743789147,-0.3925700107064283,control_pose,robot_origin,robot_origin
47.46770990599998,2026-09-13T11:46:15.536033+00:00,1789299975.4965405,0.03949236869812012,0.4741249482532304,-0.005556402938554625,0.30823734402656555,-0.3805552678058477,control_pose,robot_origin,robot_origin
47.511168367999744,2026-09-13T11:46:15.581074+00:00,1789299975.4965062,0.08456778526306152,0.4741236691642817,-0.005557418477611292,0.3082379266209494,-0.3805616884865736,control_pose,robot_origin,robot_origin
47.538412930999584,2026-09-13T11:46:15.608327+00:00,1789299975.5666502,0.04167675971984863,0.4758694251401744,-0.0038789526345828634,0.30773451924324036,-0.3708252089999032,control_pose,robot_origin,robot_origin
47.57740473800004,2026-09-13T11:46:15.647312+00:00,1789299975.564982,0.08232998847961426,0.47582715881988863,-0.00391715156234726,0.3077482116019674,-0.3710500430767116,control_pose,robot_origin,robot_origin
47.6094976710001,2026-09-13T11:46:15.679396+00:00,1789299975.6298354,0.049560546875,0.47706737360113805,-0.0026985043192317842,0.30734214186668396,-0.3636057315676901,control_pose,robot_origin,robot_origin
47.649879372000214,2026-09-13T11:46:15.719789+00:00,1789299975.6330855,0.08670353889465332,0.4771105795413013,-0.0026333672270470176,0.30732972178377344,-0.3632515168890575,control_pose,robot_origin,robot_origin
47.68174919000012,2026-09-13T11:46:15.751656+00:00,1789299975.7164948,0.03516125679016113,0.47820298112828774,-0.0012026797448205229,0.3068558871746063,-0.35511227228275116,control_pose,robot_origin,robot_origin
47.70456165900032,2026-09-13T11:46:15.774461+00:00,1789299975.697782,0.07667899131774902,0.47799395141401363,-0.0015131899770136903,0.30695310417317345,-0.35681396133396426,control_pose,robot_origin,robot_origin
47.72487422799986,2026-09-13T11:46:15.794778+00:00,1789299975.7732327,0.02154541015625,0.4787468579469587,-0.0005303430449182106,0.30664515495300293,-0.35119259185360757,control_pose,robot_origin,robot_origin
47.78117643600035,2026-09-13T11:46:15.850923+00:00,1789299975.7801428,0.07078027725219727,0.478801242541179,-0.0004772901721239453,0.306623248404787,-0.35084763357713217,control_pose,robot_origin,robot_origin
47.807086980999884,2026-09-13T11:46:15.876991+00:00,1789299975.8332267,0.043764352798461914,0.47923444389096775,-8.575882157901837e-05,0.30645790696144104,-0.347986050733285,control_pose,robot_origin,robot_origin
47.82929298799991,2026-09-13T11:46:15.899195+00:00,1789299975.8891706,0.010024309158325195,0.4794989512444725,0.0002161539218638736,0.30635759234428406,-0.34536540739791427,control_pose,robot_origin,robot_origin
47.86593920500036,2026-09-13T11:46:15.935839+00:00,1789299975.8462367,0.08960223197937012,0.4793191436506261,-3.6059679629912855e-06,0.30644566638657916,-0.34734195783911814,control_pose,robot_origin,robot_origin
47.91658353100047,2026-09-13T11:46:15.986483+00:00,1789299975.953312,0.03317117691040039,0.47982334490653455,0.0005112171478259403,0.30623382329940796,-0.34289356815261746,control_pose,robot_origin,robot_origin
47.93721838700003,2026-09-13T11:46:16.007124+00:00,1789299975.9153206,0.09180331230163574,0.47964607410524196,0.00034997115707295634,0.30630325169824946,-0.3442482566903891,control_pose,robot_origin,robot_origin
47.97444671300036,2026-09-13T11:46:16.044351+00:00,1789299976.006789,0.03756213188171387,0.4800944299576052,0.0007427698800891308,0.30614450573921204,-0.340984406999504,control_pose,robot_origin,robot_origin
48.01293154999985,2026-09-13T11:46:16.082836+00:00,1789299975.9844003,0.09843564033508301,0.4799789416621878,0.0006441633077290954,0.30618437703936613,-0.34177293887790217,control_pose,robot_origin,robot_origin
48.04720600099972,2026-09-13T11:46:16.117111+00:00,1789299976.0765202,0.040590763092041016,0.48049132488314455,0.0011750683799894718,0.3060244619846344,-0.337846323363159,control_pose,robot_origin,robot_origin
48.10654333599996,2026-09-13T11:46:16.176422+00:00,1789299976.06831,0.10811209678649902,0.4804542508366481,0.0011224998228676758,0.30603350912639815,-0.3382209709769625,control_pose,robot_origin,robot_origin
48.14552589400046,2026-09-13T11:46:16.215432+00:00,1789299976.1698165,0.045615434646606445,0.48101886807286326,0.0015708312932378454,0.3058473765850067,-0.3354055630902595,control_pose,robot_origin,robot_origin
48.17234816400014,2026-09-13T11:46:16.242237+00:00,1789299976.1151345,0.12710261344909668,0.4807036656636234,0.0013721109571586815,0.3059295424479228,-0.33672436386401866,control_pose,robot_origin,robot_origin
48.21232542800044,2026-09-13T11:46:16.282239+00:00,1789299976.1894603,0.09277868270874023,0.48107802526242704,0.0015789838082745228,0.305842223968036,-0.33492594075484405,control_pose,robot_origin,robot_origin
48.24480340399987,2026-09-13T11:46:16.314705+00:00,1789299976.26993,0.04477500915527344,0.4814060470141993,0.001547025834776547,0.3058048188686371,-0.33377860425614525,control_pose,robot_origin,robot_origin
48.27284858300027,2026-09-13T11:46:16.342757+00:00,1789299976.2576325,0.08512449264526367,0.48135961750173506,0.0015617958169852897,0.30580837641915726,-0.3339225325910376,control_pose,robot_origin,robot_origin
48.30678922399966,2026-09-13T11:46:16.376696+00:00,1789299976.3371,0.0395960807800293,0.4815333718692251,0.0015021581523931432,0.3058026134967804,-0.3331787053989132,control_pose,robot_origin,robot_origin
48.35341670900016,2026-09-13T11:46:16.423318+00:00,1789299976.3298316,0.09348630905151367,0.481520770385121,0.0015050344613595917,0.3058036263559805,-0.333247758706456,control_pose,robot_origin,robot_origin
48.412893220000115,2026-09-13T11:46:16.482800+00:00,1789299976.4165077,0.06629228591918945,0.4816256111750131,0.0014985749252314495,0.30578717589378357,-0.3329461028737809,control_pose,robot_origin,robot_origin
48.42293592999977,2026-09-13T11:46:16.492842+00:00,1789299976.3987455,0.09409642219543457,0.4816071988549773,0.001502142115701946,0.30579097828983537,-0.332949034098021,control_pose,robot_origin,robot_origin
48.461215061000075,2026-09-13T11:46:16.531122+00:00,1789299976.4831822,0.04793977737426758,0.48170450829532246,0.0014451406491777646,0.30577725172042847,-0.3327854470667115,control_pose,robot_origin,robot_origin
48.490666165999755,2026-09-13T11:46:16.560568+00:00,1789299976.4698253,0.09074282646179199,0.48169298225383506,0.0014595214963538106,0.30578007223549597,-0.3328011523774272,control_pose,robot_origin,robot_origin
48.5229911739998,2026-09-13T11:46:16.592896+00:00,1789299976.5564823,0.03641366958618164,0.4817844016359838,0.0013771632461459238,0.3057674467563629,-0.33257671814170603,control_pose,robot_origin,robot_origin
48.545779193999806,2026-09-13T11:46:16.615677+00:00,1789299976.5377898,0.07788729667663574,0.4817757299381792,0.0013972084822378994,0.3057696236939778,-0.33266641021275206,control_pose,robot_origin,robot_origin
48.58353711499967,2026-09-13T11:46:16.653427+00:00,1789299976.6101995,0.043227434158325195,0.48153383355859025,0.001928260443825186,0.3060905933380127,-0.3328998445669983,control_pose,robot_origin,robot_origin
48.599104742000236,2026-09-13T11:46:16.669009+00:00,1789299976.663501,0.005507946014404297,0.4823762682036279,0.0013477488364052048,0.3067961633205414,-0.353875440603205,control_pose,robot_origin,robot_origin
48.621717136999905,2026-09-13T11:46:16.691624+00:00,1789299976.6099849,0.08163905143737793,0.48153516154323267,0.0019253606561515785,0.30608888975289844,-0.3328977797062947,control_pose,robot_origin,robot_origin
48.65914198399969,2026-09-13T11:46:16.729044+00:00,1789299976.7166488,0.012395143508911133,0.4825782458122049,0.0018663676304407212,0.30725327134132385,-0.3752183499520609,control_pose,robot_origin,robot_origin
48.69687856000019,2026-09-13T11:46:16.766771+00:00,1789299976.6815612,0.08520984649658203,0.4823719714997805,0.001581509570933573,0.30688594946823045,-0.36099866101679107,control_pose,robot_origin,robot_origin
48.7229289830002,2026-09-13T11:46:16.792836+00:00,1789299976.7707007,0.022135257720947266,0.48312407882932595,0.0024410646512535994,0.30794262886047363,-0.39064313030577114,control_pose,robot_origin,robot_origin
48.77488233399981,2026-09-13T11:46:16.844793+00:00,1789299976.7572978,0.08749532699584961,0.4830440781224327,0.002325864308864667,0.30782554541553453,-0.3875277999969879,control_pose,robot_origin,robot_origin
48.81878638600028,2026-09-13T11:46:16.888694+00:00,1789299976.8499715,0.03872251510620117,0.4840253994427278,0.0035231851133097902,0.30877453088760376,-0.4152118780318988,control_pose,robot_origin,robot_origin
48.859173142000145,2026-09-13T11:46:16.929080+00:00,1789299976.8291533,0.09992671012878418,0.48376401904645616,0.0032058539212698745,0.30855957248456234,-0.4092008957179439,control_pose,robot_origin,robot_origin
48.870419208000385,2026-09-13T11:46:16.940299+00:00,1789299976.9032102,0.037088871002197266,0.48471989718596775,0.004230367187714024,0.3091328740119934,-0.43324066765272995,control_pose,robot_origin,robot_origin
48.9462545209999,2026-09-13T11:46:17.016160+00:00,1789299976.9024947,0.11366534233093262,0.4847102782022883,0.004217556112528206,0.30912757587857337,-0.4330264259933118,control_pose,robot_origin,robot_origin
48.95708456699958,2026-09-13T11:46:17.026986+00:00,1789299976.9831426,0.04384326934814453,0.4854063240218112,0.00546333344718665,0.311995267868042,-0.4585183783372063,control_pose,robot_origin,robot_origin
48.987580300000445,2026-09-13T11:46:17.057489+00:00,1789299976.9562836,0.10120534896850586,0.48532260565355034,0.005164490971297855,0.3111643773300606,-0.4495096384960863,control_pose,robot_origin,robot_origin
49.04218008600037,2026-09-13T11:46:17.112087+00:00,1789299977.0733397,0.038747310638427734,0.4855976225761,0.006367975172275622,0.3103663921356201,-0.443048821887481,control_pose,robot_origin,robot_origin
49.05827881099958,2026-09-13T11:46:17.128189+00:00,1789299977.0372255,0.09096360206604004,0.4855210278083148,0.006005762174275883,0.3110185839879816,-0.4492416930684206,control_pose,robot_origin,robot_origin
49.11719388500023,2026-09-13T11:46:17.187098+00:00,1789299977.1055162,0.08158183097839355,0.4851858585715898,0.006492137969888859,0.3097631555383368,-0.4362641820635127,control_pose,robot_origin,robot_origin
49.13733934100037,2026-09-13T11:46:17.207246+00:00,1789299977.1665592,0.040686845779418945,0.4849875232798777,0.006538393823283889,0.3089293837547302,-0.4270756423663937,control_pose,robot_origin,robot_origin
49.180235853999875,2026-09-13T11:46:17.250139+00:00,1789299977.2171786,0.03296041488647461,0.48512746045022787,0.006434603830740876,0.3087597191333771,-0.4207277778349745,control_pose,robot_origin,robot_origin
49.20322378699984,2026-09-13T11:46:17.273127+00:00,1789299977.1767309,0.09639620780944824,0.4850008412315411,0.006510135830642097,0.30887533648570276,-0.4259840019127473,control_pose,robot_origin,robot_origin
49.23468119999961,2026-09-13T11:46:17.304565+00:00,1789299977.2698536,0.034711360931396484,0.48550067154477194,0.006432550359173006,0.3085167109966278,-0.41415866866382234,control_pose,robot_origin,robot_origin
49.25471247400037,2026-09-13T11:46:17.324614+00:00,1789299977.24854,0.07607412338256836,0.48534565810125113,0.0064392981459542725,0.30860752901711297,-0.4165803915035239,control_pose,robot_origin,robot_origin
49.287468256000466,2026-09-13T11:46:17.357375+00:00,1789299977.323047,0.03432798385620117,0.4860568234892252,0.006505083590826119,0.3083467185497284,-0.40787790609959995,control_pose,robot_origin,robot_origin
49.33825153199996,2026-09-13T11:46:17.408158+00:00,1789299977.3166356,0.0915224552154541,0.48596065434603203,0.006490718850004837,0.30836960375143624,-0.4087199354547349,control_pose,robot_origin,robot_origin
49.37487774700003,2026-09-13T11:46:17.444777+00:00,1789299977.3965168,0.04826021194458008,0.48681001992491024,0.0065835017088335945,0.3080977499485016,-0.4015041896395101,control_pose,robot_origin,robot_origin
49.394276381000054,2026-09-13T11:46:17.464171+00:00,1789299977.3886302,0.07554078102111816,0.48671571495308485,0.00657788597606164,0.30812852578876154,-0.4022611240610492,control_pose,robot_origin,robot_origin
49.42735534700023,2026-09-13T11:46:17.497260+00:00,1789299977.449708,0.04755210876464844,0.4873118161353923,0.006512989169899092,0.3079388439655304,-0.39738612901756853,control_pose,robot_origin,robot_origin
49.43981472199994,2026-09-13T11:46:17.509707+00:00,1789299977.5000792,0.009627819061279297,0.48752592153880614,0.006477297891221562,0.3078591227531433,-0.39344607131262965,control_pose,robot_origin,robot_origin
49.49815165600012,2026-09-13T11:46:17.568020+00:00,1789299977.46267,0.10535001754760742,0.4873596098079291,0.006501670451890415,0.3079116729827359,-0.3964349819426105,control_pose,robot_origin,robot_origin
49.523523580000074,2026-09-13T11:46:17.593422+00:00,1789299977.556628,0.03679394721984863,0.4876084700886425,0.006393230562875399,0.3077297508716583,-0.3896700026256157,control_pose,robot_origin,robot_origin
49.54696286400031,2026-09-13T11:46:17.616868+00:00,1789299977.5202065,0.09666156768798828,0.4875553027149912,0.0064473761422573495,0.3078130759352302,-0.39210201452788074,control_pose,robot_origin,robot_origin
49.584321020999596,2026-09-13T11:46:17.654221+00:00,1789299977.6130536,0.041167497634887695,0.48772560576432816,0.006312469771763848,0.30765682458877563,-0.3867269663647161,control_pose,robot_origin,robot_origin
49.60229952000009,2026-09-13T11:46:17.672180+00:00,1789299977.5882304,0.08394956588745117,0.4876740742902933,0.006347998850209369,0.3076889070336058,-0.38802166344298666,control_pose,robot_origin,robot_origin
49.64021280799989,2026-09-13T11:46:17.710114+00:00,1789299977.673201,0.03691291809082031,0.48783797525448586,0.006212724375364326,0.30751651525497437,-0.38406830015476945,control_pose,robot_origin,robot_origin
49.68910165200032,2026-09-13T11:46:17.759003+00:00,1789299977.6651063,0.09389662742614746,0.48782368215254157,0.006225505814482987,0.3075364951081585,-0.3844417103125373,control_pose,robot_origin,robot_origin
49.72823698499997,2026-09-13T11:46:17.798144+00:00,1789299977.74673,0.05141401290893555,0.4877072446969119,0.006253652602590809,0.3074348270893097,-0.38032916852191995,control_pose,robot_origin,robot_origin
49.743952906999766,2026-09-13T11:46:17.813858+00:00,1789299977.7325149,0.08134317398071289,0.48773926997194034,0.006242266184906767,0.3074432078053698,-0.3809920297006678,control_pose,robot_origin,robot_origin
49.775719231999574,2026-09-13T11:46:17.845624+00:00,1789299977.8031049,0.04251909255981445,0.4876498508373444,0.006253197111261641,0.30734485387802124,-0.37826410199295746,control_pose,robot_origin,robot_origin
49.79519031699965,2026-09-13T11:46:17.865089+00:00,1789299977.8565013,0.00858759880065918,0.4877415052461722,0.006211803473317443,0.30732426047325134,-0.37680942567868414,control_pose,robot_origin,robot_origin
49.81700910499967,2026-09-13T11:46:17.886914+00:00,1789299977.7976937,0.08922028541564941,0.4876575142763217,0.006249930256478561,0.30734868651187686,-0.3784282258554612,control_pose,robot_origin,robot_origin
49.883265890000075,2026-09-13T11:46:17.953172+00:00,1789299977.8776891,0.07548284530639648,0.4877784227298344,0.00616534138637112,0.307314423353655,-0.3763498536822988,control_pose,robot_origin,robot_origin
49.932655751999846,2026-09-13T11:46:18.002562+00:00,1789299977.9435582,0.05900382995605469,0.48786535941396003,0.005970942211022526,0.3073009252548218,-0.3749250466369449,control_pose,robot_origin,robot_origin
49.94580469700031,2026-09-13T11:46:18.015698+00:00,1789299977.9965422,0.01915574073791504,0.4878839761613922,0.005856361705121146,0.3072652220726013,-0.3738356882367297,control_pose,robot_origin,robot_origin
49.973192466,2026-09-13T11:46:18.043109+00:00,1789299977.9402535,0.10285544395446777,0.48786006684867794,0.005982917662998244,0.30730122687795997,-0.37500034565297247,control_pose,robot_origin,robot_origin
49.99967721400026,2026-09-13T11:46:18.069581+00:00,1789299978.049811,0.019770145416259766,0.48787741077176594,0.005810020263231935,0.30722787976264954,-0.3725567237994333,control_pose,robot_origin,robot_origin
50.02676666499974,2026-09-13T11:46:18.096685+00:00,1789299978.0144765,0.08220839500427246,0.48790865727209176,0.005822025256277272,0.3072305645717891,-0.3732941431722448,control_pose,robot_origin,robot_origin
50.0591171140004,2026-09-13T11:46:18.129028+00:00,1789299978.1030762,0.025951862335205078,0.48781578481722987,0.0057299359419693,0.3072372078895569,-0.3722732866174817,control_pose,robot_origin,robot_origin
50.09323453199977,2026-09-13T11:46:18.163139+00:00,1789299978.082767,0.08037209510803223,0.48781247235729497,0.005772659909555347,0.3072415506654648,-0.37232293684876044,control_pose,robot_origin,robot_origin
50.12450105500011,2026-09-13T11:46:18.194401+00:00,1789299978.1560378,0.03836321830749512,0.48779005109699874,0.0056482782839942375,0.3072161376476288,-0.37200276547463773,control_pose,robot_origin,robot_origin
50.18112401399958,2026-09-13T11:46:18.251029+00:00,1789299978.1517937,0.09923529624938965,0.48779180811109396,0.005653525438999968,0.3072186761033035,-0.37202401693478676,control_pose,robot_origin,robot_origin
50.225786343000436,2026-09-13T11:46:18.295655+00:00,1789299978.239847,0.055808067321777344,0.4876115802343232,0.005596625282635451,0.30758756399154663,-0.371117978927877,control_pose,robot_origin,robot_origin
50.24626797499968,2026-09-13T11:46:18.316176+00:00,1789299978.2187076,0.09746837615966797,0.4876610149121714,0.005600844854409134,0.30770995774564686,-0.3713490588880452,control_pose,robot_origin,robot_origin
50.27241875399977,2026-09-13T11:46:18.342299+00:00,1789299978.3030343,0.039264678955078125,0.48758546273618536,0.005459125969276557,0.30725282430648804,-0.37050819624501563,control_pose,robot_origin,robot_origin
50.3032232380001,2026-09-13T11:46:18.373124+00:00,1789299978.2905939,0.08253002166748047,0.48758328180082655,0.005488003256327104,0.3072944638456363,-0.370633977405285,control_pose,robot_origin,robot_origin
50.341288276999876,2026-09-13T11:46:18.411190+00:00,1789299978.3596191,0.051570892333984375,0.48759885813677795,0.005350207135649404,0.3071712851524353,-0.370117163400203,control_pose,robot_origin,robot_origin
50.37025148500015,2026-09-13T11:46:18.440154+00:00,1789299978.3642921,0.07586193084716797,0.4875993921186075,0.0053427932851629195,0.30716720227905975,-0.3700906849810011,control_pose,robot_origin,robot_origin
50.42095705999964,2026-09-13T11:46:18.490841+00:00,1789299978.443363,0.04747796058654785,0.48759373086297364,0.005212650635079322,0.3070962131023407,-0.3692442739832364,control_pose,robot_origin,robot_origin
50.45721253699958,2026-09-13T11:46:18.527113+00:00,1789299978.4295797,0.0975332260131836,0.4876020403452468,0.005224925279922715,0.30710648317830697,-0.36941648220124057,control_pose,robot_origin,robot_origin
50.4942785180001,2026-09-13T11:46:18.564182+00:00,1789299978.5097067,0.05447530746459961,0.48751807216862525,0.005179616037772589,0.3071010410785675,-0.3686747401023599,control_pose,robot_origin,robot_origin
50.52418478100026,2026-09-13T11:46:18.594013+00:00,1789299978.5020702,0.09194278717041016,0.48753021527994966,0.005187462065228729,0.30710004945637265,-0.3687086241223405,control_pose,robot_origin,robot_origin
50.56675855699996,2026-09-13T11:46:18.636668+00:00,1789299978.5879552,0.048712730407714844,0.4875594232584561,0.005068520133057225,0.30708077549934387,-0.3685900406026304,control_pose,robot_origin,robot_origin
50.58380267400025,2026-09-13T11:46:18.653706+00:00,1789299978.5700898,0.08361625671386719,0.487549982045664,0.005093885367227019,0.30708540250304767,-0.36860938063158816,control_pose,robot_origin,robot_origin
50.61245578600028,2026-09-13T11:46:18.682361+00:00,1789299978.6397798,0.04258108139038086,0.4875150785596647,0.005069835851251064,0.30708250403404236,-0.36844522663113216,control_pose,robot_origin,robot_origin
50.632589112999995,2026-09-13T11:46:18.702496+00:00,1789299978.6932447,0.00925135612487793,0.4879931282517559,0.004859162574301745,0.30709800124168396,-0.36836579957249294,control_pose,robot_origin,robot_origin
50.66274092399999,2026-09-13T11:46:18.732628+00:00,1789299978.6455352,0.08709287643432617,0.4875271316399276,0.0050792521021345155,0.30708448022395674,-0.36841395194802423,control_pose,robot_origin,robot_origin
50.70701196899972,2026-09-13T11:46:18.776919+00:00,1789299978.7432532,0.03366565704345703,0.4896966675947173,0.0037068115267602647,0.3071945309638977,-0.3706424373224618,control_pose,robot_origin,robot_origin
50.72397390500009,2026-09-13T11:46:18.793884+00:00,1789299978.7130988,0.08078527450561523,0.48866285690374917,0.004457469342364087,0.30717534136847274,-0.36907438864439757,control_pose,robot_origin,robot_origin
50.75683442799982,2026-09-13T11:46:18.826693+00:00,1789299978.7933404,0.03335261344909668,0.49283380104745333,0.002674044346174728,0.30694594979286194,-0.370857153858717,control_pose,robot_origin,robot_origin
50.79320677499982,2026-09-13T11:46:18.863111+00:00,1789299978.7817667,0.0813443660736084,0.4919908401563762,0.0029485462667646345,0.3069884182908127,-0.37107839599905557,control_pose,robot_origin,robot_origin
50.817812516999766,2026-09-13T11:46:18.887726+00:00,1789299978.8462017,0.041524410247802734,0.4996882152733538,0.00048734652200908835,0.307110995054245,-0.37030056731327016,control_pose,robot_origin,robot_origin
50.835862251000435,2026-09-13T11:46:18.905769+00:00,1789299978.8995535,0.006215572357177734,0.5090768043252574,-0.002312465604392633,0.3067795932292938,-0.37093350770735095,control_pose,robot_origin,robot_origin
50.857111506000365,2026-09-13T11:46:18.927015+00:00,1789299978.8522902,0.07472491264343262,0.5004271444523148,0.0002622908976876587,0.30711887624352346,-0.37041863053609114,control_pose,robot_origin,robot_origin
50.89935278499979,2026-09-13T11:46:18.969255+00:00,1789299978.9532228,0.01603221893310547,0.5199044821187726,-0.0057508754934965794,0.3076411485671997,-0.3690456461302748,control_pose,robot_origin,robot_origin
50.92882027500036,2026-09-13T11:46:18.998718+00:00,1789299978.9303477,0.06837034225463867,0.5149328838086318,-0.0041081034936646665,0.3068990905210501,-0.3699539949087504,control_pose,robot_origin,robot_origin
50.95302372399965,2026-09-13T11:46:19.022925+00:00,1789299979.00627,0.01665496826171875,0.5318356445289071,-0.009193680777766333,0.3081243336200714,-0.3672832284795695,control_pose,robot_origin,robot_origin
51.01234304100035,2026-09-13T11:46:19.082218+00:00,1789299978.9899278,0.09229016304016113,0.5273969583783876,-0.007979324635216431,0.3081184499504667,-0.3679127202572037,control_pose,robot_origin,robot_origin
51.02301551100027,2026-09-13T11:46:19.092929+00:00,1789299979.0631106,0.029818296432495117,0.546641386563895,-0.012655045419183206,0.3053194582462311,-0.3661709661238252,control_pose,robot_origin,robot_origin
51.07206877899989,2026-09-13T11:46:19.141974+00:00,1789299979.060221,0.08175301551818848,0.5457336678099255,-0.012607898313523769,0.30542801824007554,-0.36611966839016113,control_pose,robot_origin,robot_origin
51.096077467000214,2026-09-13T11:46:19.165986+00:00,1789299979.133033,0.03295302391052246,0.5630087150370916,-0.01340904914853222,0.30183225870132446,-0.36729514639381344,control_pose,robot_origin,robot_origin
51.13472973500029,2026-09-13T11:46:19.204631+00:00,1789299979.1302085,0.07442259788513184,0.5622221453797256,-0.013314223226529726,0.3019829965766649,-0.3672867629135647,control_pose,robot_origin,robot_origin
51.17365235200032,2026-09-13T11:46:19.243525+00:00,1789299979.2062285,0.03729653358459473,0.586612686752549,-0.017681784869195513,0.2987392246723175,-0.36708360248646593,control_pose,robot_origin,robot_origin
51.219570967000436,2026-09-13T11:46:19.289473+00:00,1789299979.2004528,0.0890202522277832,0.5848117732893713,-0.017228464363533078,0.2990298180577684,-0.3673083661678282,control_pose,robot_origin,robot_origin
51.24884561500039,2026-09-13T11:46:19.318750+00:00,1789299979.276186,0.04256391525268555,0.6138236909818071,-0.02374457609609304,0.29972270131111145,-0.36891827394894255,control_pose,robot_origin,robot_origin
51.29130056899976,2026-09-13T11:46:19.361207+00:00,1789299979.276624,0.08458304405212402,0.6138660630254791,-0.023778944539139396,0.29979030684203223,-0.3689781250643922,control_pose,robot_origin,robot_origin
51.321751659000256,2026-09-13T11:46:19.391639+00:00,1789299979.3461523,0.0454866886138916,0.6330594063660554,-0.03160828441575998,0.3045715391635895,-0.3700774271304493,control_pose,robot_origin,robot_origin
51.3567429120003,2026-09-13T11:46:19.426648+00:00,1789299979.3397377,0.08691024780273438,0.6309383372947722,-0.0307274554994513,0.30431062914588974,-0.37017569228831787,control_pose,robot_origin,robot_origin
51.389350493000165,2026-09-13T11:46:19.459255+00:00,1789299979.4296405,0.02961444854736328,0.6599796394016323,-0.044081800238627414,0.3037806451320648,-0.36611385432529675,control_pose,robot_origin,robot_origin
51.424867949000145,2026-09-13T11:46:19.494773+00:00,1789299979.4103663,0.08440661430358887,0.6535966963038782,-0.04105951872827328,0.30423872155711645,-0.36748280173534104,control_pose,robot_origin,robot_origin
51.45714437799961,2026-09-13T11:46:19.527050+00:00,1789299979.4865603,0.04048967361450195,0.6760922220372758,-0.05222572569046659,0.3017677068710327,-0.36520840461562765,control_pose,robot_origin,robot_origin
51.50074242899973,2026-09-13T11:46:19.570645+00:00,1789299979.4770749,0.09357023239135742,0.674290716871347,-0.051331931593552566,0.3015652161183448,-0.3656870440497822,control_pose,robot_origin,robot_origin
51.52514934499959,2026-09-13T11:46:19.595058+00:00,1789299979.5394914,0.05556654930114746,0.6868934493342583,-0.06146657530531101,0.3035742938518524,-0.3603512650719772,control_pose,robot_origin,robot_origin
51.54367702299987,2026-09-13T11:46:19.613578+00:00,1789299979.58975,0.02382802963256836,0.6960512683387763,-0.06142926783874038,0.30528438091278076,-0.3547666192453855,control_pose,robot_origin,robot_origin
51.56448545500007,2026-09-13T11:46:19.634387+00:00,1789299979.5506327,0.08375430107116699,0.6891015827597703,-0.06044384261558246,0.3039682899193319,-0.3592923969090051,control_pose,robot_origin,robot_origin
51.60231304199988,2026-09-13T11:46:19.672216+00:00,1789299979.6606836,0.011532306671142578,0.7013654347704863,-0.06257352557788652,0.3054719567298889,-0.34690727961301104,control_pose,robot_origin,robot_origin
51.63467545900039,2026-09-13T11:46:19.704582+00:00,1789299979.619616,0.08496594429016113,0.6984355496509904,-0.06274238840861097,0.3055101163319749,-0.35029693682535146,control_pose,robot_origin,robot_origin
51.66787814300005,2026-09-13T11:46:19.737782+00:00,1789299979.7132976,0.02448439598083496,0.7010269407331222,-0.06267151874333786,0.30553680658340454,-0.3433937087144516,control_pose,robot_origin,robot_origin
51.71814763200018,2026-09-13T11:46:19.788064+00:00,1789299979.691225,0.09683895111083984,0.7017945665581451,-0.06222713138971786,0.3053383837667085,-0.345383638118014,control_pose,robot_origin,robot_origin
51.74780866600031,2026-09-13T11:46:19.817703+00:00,1789299979.7697716,0.04793143272399902,0.6994797541421961,-0.06348588185589552,0.30690452456474304,-0.3372847346462202,control_pose,robot_origin,robot_origin
51.76610577300016,2026-09-13T11:46:19.836006+00:00,1789299979.7613997,0.07460618019104004,0.6997391228285491,-0.06339559081540541,0.30670061725488745,-0.3380322962661246,control_pose,robot_origin,robot_origin
51.797684406999906,2026-09-13T11:46:19.867593+00:00,1789299979.8262675,0.04132556915283203,0.6972390824637072,-0.062483527164126904,0.30805477499961853,-0.335643760781859,control_pose,robot_origin,robot_origin
51.8464878069999,2026-09-13T11:46:19.916392+00:00,1789299979.8302402,0.0861518383026123,0.6969669458946303,-0.06234043393773396,0.30815128210663445,-0.33565482847265543,control_pose,robot_origin,robot_origin
51.86776077400009,2026-09-13T11:46:19.937664+00:00,1789299979.9029047,0.0347592830657959,0.6933245127942533,-0.06013343295717012,0.3093811571598053,-0.337494438922136,control_pose,robot_origin,robot_origin
51.91496342099981,2026-09-13T11:46:19.984869+00:00,1789299979.9015572,0.08331179618835449,0.6933901618047618,-0.060175751712480186,0.3093589926664669,-0.3374502476818672,control_pose,robot_origin,robot_origin
51.931680097000026,2026-09-13T11:46:20.001586+00:00,1789299979.9561536,0.045432329177856445,0.6913302939360033,-0.05894663650544378,0.309933066368103,-0.3387141399857316,control_pose,robot_origin,robot_origin
51.97948754200024,2026-09-13T11:46:20.049381+00:00,1789299979.9690359,0.08034515380859375,0.6908849698351335,-0.05870129973418149,0.3099774972694893,-0.3390097559132339,control_pose,robot_origin,robot_origin
52.008331254999575,2026-09-13T11:46:20.078232+00:00,1789299980.0095334,0.06869864463806152,0.6899142257807186,-0.05810500737660272,0.30992376804351807,-0.33978113672523713,control_pose,robot_origin,robot_origin
52.01175523399979,2026-09-13T11:46:20.081660+00:00,1789299980.0628557,0.018804311752319336,0.6891102882046422,-0.05760487468531801,0.3097900152206421,-0.3398318242981036,control_pose,robot_origin,robot_origin
52.05704479300039,2026-09-13T11:46:20.126950+00:00,1789299980.044933,0.0820169448852539,0.6893864972914953,-0.05773192538023826,0.30983582740951626,-0.339922765613148,control_pose,robot_origin,robot_origin
52.083871157999965,2026-09-13T11:46:20.153778+00:00,1789299980.1231139,0.03066420555114746,0.6884079969460003,-0.05723030585886375,0.30969518423080444,-0.3395021999920108,control_pose,robot_origin,robot_origin
52.126064434,2026-09-13T11:46:20.195966+00:00,1789299980.1136727,0.08229327201843262,0.6884939736238709,-0.057272898083336424,0.30971870591130995,-0.3394926529218068,control_pose,robot_origin,robot_origin
52.1586097090003,2026-09-13T11:46:20.228527+00:00,1789299980.193068,0.035459041595458984,0.6878161857490823,-0.05699619301389647,0.3095795214176178,-0.3403721608282915,control_pose,robot_origin,robot_origin
52.19656222899994,2026-09-13T11:46:20.266470+00:00,1789299980.183888,0.08258199691772461,0.6878846299861867,-0.05702037582895421,0.3095890463919825,-0.3402246538991184,control_pose,robot_origin,robot_origin
52.22633750899968,2026-09-13T11:46:20.296242+00:00,1789299980.2527094,0.043532609939575195,0.6880985020299778,-0.05775687885410288,0.3096252977848053,-0.34142169422850244,control_pose,robot_origin,robot_origin
52.246345868999924,2026-09-13T11:46:20.316243+00:00,1789299980.3063052,0.009937763214111328,0.6887939917930044,-0.05849769173609368,0.30808767676353455,-0.3422021907694624,control_pose,robot_origin,robot_origin
52.28088225099964,2026-09-13T11:46:20.350786+00:00,1789299980.2583094,0.09247660636901855,0.68795834829787,-0.057930830234729044,0.309632693913736,-0.3415434614184558,control_pose,robot_origin,robot_origin
52.31946344300013,2026-09-13T11:46:20.389372+00:00,1789299980.3595414,0.0298306941986084,0.6924284367104891,-0.05955266719907429,0.30736541748046875,-0.34054436281550793,control_pose,robot_origin,robot_origin
52.34684154699971,2026-09-13T11:46:20.416750+00:00,1789299980.3305597,0.08619022369384766,0.6903306733328147,-0.05896658142580774,0.3076898349832342,-0.34151287794654717,control_pose,robot_origin,robot_origin
52.374547667000115,2026-09-13T11:46:20.444455+00:00,1789299980.4096022,0.03485274314880371,0.6982592312897059,-0.061301865053230944,0.30690017342567444,-0.33951459187828126,control_pose,robot_origin,robot_origin
52.41039806699973,2026-09-13T11:46:20.480301+00:00,1789299980.3917632,0.08853769302368164,0.695684830815153,-0.06051562998568899,0.3070883070668794,-0.3397661071855212,control_pose,robot_origin,robot_origin
52.43450631199994,2026-09-13T11:46:20.504414+00:00,1789299980.466066,0.03834819793701172,0.7068410327986353,-0.06435976214684691,0.3084070384502411,-0.3370230932293453,control_pose,robot_origin,robot_origin
52.48204871899998,2026-09-13T11:46:20.551954+00:00,1789299980.4604847,0.09146928787231445,0.7062420552734114,-0.06410134107376757,0.30823391354089535,-0.3373538452593997,control_pose,robot_origin,robot_origin
52.50824266800009,2026-09-13T11:46:20.578150+00:00,1789299980.539724,0.03842592239379883,0.719369378123738,-0.06866914282482647,0.3098405599594116,-0.33630858696448457,control_pose,robot_origin,robot_origin
52.547670750999714,2026-09-13T11:46:20.617551+00:00,1789299980.5297854,0.08776569366455078,0.7176065465480308,-0.06811001398174908,0.3096604699626078,-0.33627199764881194,control_pose,robot_origin,robot_origin
52.59350584100048,2026-09-13T11:46:20.663412+00:00,1789299980.61943,0.04398202896118164,0.7356370754207793,-0.07226043761077826,0.3096165657043457,-0.3396160293931671,control_pose,robot_origin,robot_origin
52.61693651600035,2026-09-13T11:46:20.686841+00:00,1789299980.5993419,0.08749914169311523,0.7317600757822732,-0.07147096216487686,0.30974578840246586,-0.33883077233265657,control_pose,robot_origin,robot_origin
52.65819707399987,2026-09-13T11:46:20.728098+00:00,1789299980.68659,0.04150795936584473,0.7522757945536976,-0.0769252777299533,0.3081711530685425,-0.3387927031278566,control_pose,robot_origin,robot_origin
52.70276813300006,2026-09-13T11:46:20.772685+00:00,1789299980.6761045,0.09658050537109375,0.749631445434723,-0.07612222275792724,0.30850322971968513,-0.3387056396618621,control_pose,robot_origin,robot_origin
52.724691565000285,2026-09-13T11:46:20.794597+00:00,1789299980.7575564,0.03704047203063965,0.7768900519251563,-0.08515011067317095,0.304293692111969,-0.3387743477053002,control_pose,robot_origin,robot_origin
52.75870513599966,2026-09-13T11:46:20.828606+00:00,1789299980.7489762,0.07962965965270996,0.7738832175564155,-0.08418011807255435,0.30479377638741206,-0.33881228385986545,control_pose,robot_origin,robot_origin
52.784407860999636,2026-09-13T11:46:20.854316+00:00,1789299980.8232377,0.031078338623046875,0.8016699394667791,-0.0930865998679058,0.30021771788597107,-0.3390434306479758,control_pose,robot_origin,robot_origin
52.84821626499979,2026-09-13T11:46:20.918027+00:00,1789299980.8095422,0.10848474502563477,0.7968736666822412,-0.0914437235881834,0.30099539062927977,-0.3389338525193944,control_pose,robot_origin,robot_origin
52.864175110999895,2026-09-13T11:46:20.934066+00:00,1789299980.8895657,0.04450035095214844,0.8288827718894055,-0.09931435026587847,0.3023265302181244,-0.34399004463799043,control_pose,robot_origin,robot_origin
52.897463909999715,2026-09-13T11:46:20.967373+00:00,1789299980.88142,0.0859529972076416,0.8254409310548739,-0.09873441624744042,0.3019075690608983,-0.3431825453957501,control_pose,robot_origin,robot_origin
52.914699140000266,2026-09-13T11:46:20.984608+00:00,1789299980.9427772,0.04183077812194824,0.8438695664562772,-0.10297693886326341,0.3056274354457855,-0.345343990322067,control_pose,robot_origin,robot_origin
52.931583311000395,2026-09-13T11:46:21.001488+00:00,1789299980.9933047,0.00818324089050293,0.8572266727879859,-0.10691859649061476,0.3064267933368683,-0.34601778676486755,control_pose,robot_origin,robot_origin
52.9607631050003,2026-09-13T11:46:21.030664+00:00,1789299980.9528687,0.07779526710510254,0.8457117257001254,-0.10347882587937435,0.3058556845565453,-0.3451650198609446,control_pose,robot_origin,robot_origin
53.001543317999676,2026-09-13T11:46:21.071452+00:00,1789299981.0466704,0.024781465530395508,0.8732458157389994,-0.11214681600976233,0.3060646951198578,-0.3458747296745035,control_pose,robot_origin,robot_origin
53.035554969999794,2026-09-13T11:46:21.105459+00:00,1789299981.0269883,0.07847070693969727,0.8670023982618854,-0.109985556426699,0.306193379950361,-0.3459203535229646,control_pose,robot_origin,robot_origin
53.07713227899967,2026-09-13T11:46:21.147036+00:00,1789299981.1093512,0.03768491744995117,0.8887533200140466,-0.1194663520242826,0.30506718158721924,-0.3446765905376478,control_pose,robot_origin,robot_origin
53.102767768000376,2026-09-13T11:46:21.172673+00:00,1789299981.0893307,0.08334231376647949,0.8848049401461795,-0.11713630136941511,0.30559709328527923,-0.34520235749544553,control_pose,robot_origin,robot_origin
53.13869993099979,2026-09-13T11:46:21.208605+00:00,1789299981.1627219,0.0458831787109375,0.8975640284853097,-0.12315271140629169,0.3044459819793701,-0.34315932031713425,control_pose,robot_origin,robot_origin
53.195825441000125,2026-09-13T11:46:21.265730+00:00,1789299981.1646838,0.10104608535766602,0.8978223158451564,-0.12332797308357575,0.3044885967761595,-0.34301708816046017,control_pose,robot_origin,robot_origin
53.23222527500002,2026-09-13T11:46:21.302128+00:00,1789299981.2526925,0.04943561553955078,0.9029494504598556,-0.12762179852703925,0.30558010935783386,-0.3341080529539775,control_pose,robot_origin,robot_origin
53.25216236699998,2026-09-13T11:46:21.321971+00:00,1789299981.234574,0.08739686012268066,0.9024708936891088,-0.12720666575961762,0.3055051252179408,-0.3357902838973275,control_pose,robot_origin,robot_origin
53.280784405000304,2026-09-13T11:46:21.350620+00:00,1789299981.3060827,0.04453730583190918,0.9029602089992951,-0.12702610702155379,0.3054487705230713,-0.3313751552171567,control_pose,robot_origin,robot_origin
53.33196037000016,2026-09-13T11:46:21.401850+00:00,1789299981.3010075,0.10084247589111328,0.9029591862962629,-0.12708273324970154,0.30546125554720444,-0.33163616126809015,control_pose,robot_origin,robot_origin
53.36587252800018,2026-09-13T11:46:21.435774+00:00,1789299981.3861997,0.04957437515258789,0.899524482484144,-0.12465174463790765,0.3050958812236786,-0.32389223227532854,control_pose,robot_origin,robot_origin
53.388630784999805,2026-09-13T11:46:21.458530+00:00,1789299981.3701181,0.08841180801391602,0.900206464678344,-0.1250716554437027,0.30514820560016276,-0.3256310534954466,control_pose,robot_origin,robot_origin
53.421166490999894,2026-09-13T11:46:21.491072+00:00,1789299981.4495363,0.04153561592102051,0.8976779207344593,-0.12307649668234003,0.30555906891822815,-0.32040497707083315,control_pose,robot_origin,robot_origin
53.44253258200024,2026-09-13T11:46:21.512436+00:00,1789299981.4397018,0.07273411750793457,0.8979646449316229,-0.12332109272981637,0.30548714761915524,-0.3209472866489148,control_pose,robot_origin,robot_origin
53.47562274699976,2026-09-13T11:46:21.545526+00:00,1789299981.5058956,0.03963041305541992,0.8969925380534404,-0.1224796852547599,0.30583932995796204,-0.3190857783710883,control_pose,robot_origin,robot_origin
53.49483772300027,2026-09-13T11:46:21.564742+00:00,1789299981.559297,0.005445003509521484,0.8971190254579178,-0.12248499984580118,0.3059512674808502,-0.31835192534503887,control_pose,robot_origin,robot_origin
53.5394398239996,2026-09-13T11:46:21.609285+00:00,1789299981.5169585,0.09232664108276367,0.8969859226486183,-0.12244476261519657,0.3058780613563612,-0.31890083980508277,control_pose,robot_origin,robot_origin
53.56728828700034,2026-09-13T11:46:21.637183+00:00,1789299981.609368,0.027814865112304688,0.8973508561302994,-0.12264919479329964,0.30597561597824097,-0.3182580600563914,control_pose,robot_origin,robot_origin
53.5811708049996,2026-09-13T11:46:21.651076+00:00,1789299981.581478,0.06959795951843262,0.8972435932159708,-0.12257851905456905,0.3059663911960534,-0.31829377215794086,control_pose,robot_origin,robot_origin
53.62131453799975,2026-09-13T11:46:21.691220+00:00,1789299981.6627588,0.028461217880249023,0.8976100329376127,-0.12294113967026028,0.30599695444107056,-0.31770806081465036,control_pose,robot_origin,robot_origin
53.67105513499973,2026-09-13T11:46:21.740956+00:00,1789299981.6523466,0.08860945701599121,0.8975816268728427,-0.1229314963497111,0.3059931816220264,-0.31780371760070547,control_pose,robot_origin,robot_origin
53.690143288999934,2026-09-13T11:46:21.760048+00:00,1789299981.71593,0.04411792755126953,0.8976602508409652,-0.12297426134222818,0.3060021996498108,-0.3174516292928018,control_pose,robot_origin,robot_origin
53.73504380400027,2026-09-13T11:46:21.804950+00:00,1789299981.7248442,0.08010578155517578,0.8976399123988416,-0.12297189506469078,0.3060018960822261,-0.3174485058212959,control_pose,robot_origin,robot_origin
53.7574262979997,2026-09-13T11:46:21.825807+00:00,1789299981.7921941,0.033612966537475586,0.8975769375202012,-0.1228516279231999,0.3059942424297333,-0.3174688748799553,control_pose,robot_origin,robot_origin
53.8017022060003,2026-09-13T11:46:21.871608+00:00,1789299981.7879648,0.08364319801330566,0.8975832171659993,-0.12285749926423581,0.3059947829418028,-0.3174585923336336,control_pose,robot_origin,robot_origin
53.8251489459999,2026-09-13T11:46:21.895055+00:00,1789299981.856048,0.039006948471069336,0.8993599977086615,-0.12347793274735488,0.3060067594051361,-0.31814098727997114,control_pose,robot_origin,robot_origin
53.869989394000186,2026-09-13T11:46:21.939854+00:00,1789299981.8576438,0.08221006393432617,0.8993599977086615,-0.12347793274735488,0.3060067594051361,-0.31814098727997114,control_pose,robot_origin,robot_origin
53.879379398999845,2026-09-13T11:46:21.949282+00:00,1789299981.9126446,0.036637306213378906,0.9024153618059028,-0.12460426787323087,0.3059466481208801,-0.3193570455257922,control_pose,robot_origin,robot_origin
53.914800497000215,2026-09-13T11:46:21.984598+00:00,1789299981.9660745,0.018523454666137695,0.9085545580514937,-0.12683612080252768,0.30587467551231384,-0.31879767304718043,control_pose,robot_origin,robot_origin
53.951904333999664,2026-09-13T11:46:22.021361+00:00,1789299981.9380727,0.08328843116760254,0.9051398415027466,-0.1256261880910106,0.30594034936092496,-0.31938801415460977,control_pose,robot_origin,robot_origin
53.9996488630004,2026-09-13T11:46:22.069553+00:00,1789299982.0225313,0.04702162742614746,0.9181184579430547,-0.12965293912134732,0.3055083751678467,-0.3179846665318969,control_pose,robot_origin,robot_origin
54.02307342499989,2026-09-13T11:46:22.092982+00:00,1789299982.006094,0.08688807487487793,0.9149417565165474,-0.12874986455604226,0.3056890324308694,-0.3182859572468705,control_pose,robot_origin,robot_origin
54.06522564199986,2026-09-13T11:46:22.135126+00:00,1789299982.0895617,0.04556441307067871,0.931891254114873,-0.1345032262722015,0.3052988350391388,-0.315958191424206,control_pose,robot_origin,robot_origin
54.08041132899962,2026-09-13T11:46:22.150313+00:00,1789299982.0726957,0.07761716842651367,0.9283514638354498,-0.13326556684059823,0.3053410600830092,-0.31646785817824313,control_pose,robot_origin,robot_origin
54.10110842700033,2026-09-13T11:46:22.171013+00:00,1789299982.1462936,0.0247194766998291,0.9449127807565034,-0.1385942715437562,0.3053790032863617,-0.31516244567079266,control_pose,robot_origin,robot_origin
54.16853985899979,2026-09-13T11:46:22.238446+00:00,1789299982.1450834,0.09336256980895996,0.9446022314558608,-0.13850875073922267,0.30536381902635423,-0.3151536813094464,control_pose,robot_origin,robot_origin
54.210615560000406,2026-09-13T11:46:22.280522+00:00,1789299982.2430599,0.03746223449707031,0.9629235233588482,-0.14494141959695211,0.30554747581481934,-0.31775953864901546,control_pose,robot_origin,robot_origin
54.22859668199999,2026-09-13T11:46:22.298500+00:00,1789299982.2130184,0.08548164367675781,0.9565777804843676,-0.1429563803063158,0.30562904478197983,-0.31756648688816136,control_pose,robot_origin,robot_origin
54.254210090000015,2026-09-13T11:46:22.324112+00:00,1789299982.2960577,0.028054237365722656,0.9768788110803751,-0.1495344450466108,0.30435317754745483,-0.3215408162756759,control_pose,robot_origin,robot_origin
54.30333251100001,2026-09-13T11:46:22.373239+00:00,1789299982.284529,0.08871006965637207,0.9741136163662859,-0.1486821021998223,0.30463770085038855,-0.32087180591663844,control_pose,robot_origin,robot_origin
54.338544477999676,2026-09-13T11:46:22.408454+00:00,1789299982.3719215,0.03653240203857422,1.0023170333770817,-0.15754619615927806,0.30100858211517334,-0.3258599444557571,control_pose,robot_origin,robot_origin
54.371455978000085,2026-09-13T11:46:22.441365+00:00,1789299982.3626077,0.07875728607177734,0.9990084910963698,-0.15656510639943594,0.3014795249178341,-0.3252717191383926,control_pose,robot_origin,robot_origin
54.39489001200036,2026-09-13T11:46:22.464797+00:00,1789299982.4225857,0.042211294174194336,1.0220004569077503,-0.16213324375027816,0.29889050126075745,-0.3304733131501479,control_pose,robot_origin,robot_origin
54.43210147100035,2026-09-13T11:46:22.502006+00:00,1789299982.427633,0.07437300682067871,1.024171607329191,-0.1622879920318826,0.29928060968489884,-0.3317444140577112,control_pose,robot_origin,robot_origin
54.46450212899981,2026-09-13T11:46:22.534399+00:00,1789299982.4761863,0.0582127571105957,1.0423098615230628,-0.1667866632697167,0.3037716746330261,-0.3382129200451992,control_pose,robot_origin,robot_origin
54.510282815999744,2026-09-13T11:46:22.580191+00:00,1789299982.4874249,0.09276604652404785,1.045619301478685,-0.16736180431161385,0.30475095349285936,-0.3375441025830627,control_pose,robot_origin,robot_origin
54.51857155000016,2026-09-13T11:46:22.588476+00:00,1789299982.5294745,0.05900144577026367,1.051862530704743,-0.16818261743233914,0.3055567741394043,-0.335863776354798,control_pose,robot_origin,robot_origin
54.54094242700012,2026-09-13T11:46:22.610841+00:00,1789299982.581477,0.02936410903930664,1.0697621314112478,-0.17308798357635996,0.30611181259155273,-0.3394866258648406,control_pose,robot_origin,robot_origin
54.568370324999705,2026-09-13T11:46:22.638245+00:00,1789299982.562756,0.07548904418945312,1.0641644028209865,-0.17146481934175212,0.30598136249558017,-0.3380344438812546,control_pose,robot_origin,robot_origin
54.59795119499995,2026-09-13T11:46:22.667860+00:00,1789299982.6327727,0.03508734703063965,1.0850934206642857,-0.17739457241921103,0.30583325028419495,-0.34235153582574085,control_pose,robot_origin,robot_origin
54.63573609000014,2026-09-13T11:46:22.705635+00:00,1789299982.6276035,0.07803153991699219,1.084196422634578,-0.17712059876788647,0.3058536481909002,-0.34223947325822435,control_pose,robot_origin,robot_origin
54.66449407100026,2026-09-13T11:46:22.734396+00:00,1789299982.6924212,0.041974782943725586,1.0999336098592707,-0.18366188778868048,0.30484068393707275,-0.34237285882173407,control_pose,robot_origin,robot_origin
54.68269760400017,2026-09-13T11:46:22.752600+00:00,1789299982.7458997,0.006700277328491211,1.1057263688186345,-0.1872473367327298,0.30494236946105957,-0.3409883990201975,control_pose,robot_origin,robot_origin
54.71586521300014,2026-09-13T11:46:22.785773+00:00,1789299982.6996849,0.08608818054199219,1.1001320520607425,-0.1840417001023732,0.30456872182754474,-0.34222912515305765,control_pose,robot_origin,robot_origin
54.74353427500046,2026-09-13T11:46:22.813438+00:00,1789299982.7993197,0.014118194580078125,1.1098291276571381,-0.18981369446478086,0.30670884251594543,-0.3368960576245526,control_pose,robot_origin,robot_origin
54.780132646999846,2026-09-13T11:46:22.850009+00:00,1789299982.7722573,0.07775163650512695,1.1083162571341874,-0.1889615055070226,0.30631294596510655,-0.33922383176020937,control_pose,robot_origin,robot_origin
54.809248565000416,2026-09-13T11:46:22.879167+00:00,1789299982.852539,0.02662801742553711,1.110888014449428,-0.18997645536114802,0.30623888969421387,-0.33249281574327627,control_pose,robot_origin,robot_origin
54.8650530799996,2026-09-13T11:46:22.934966+00:00,1789299982.8450618,0.0899043083190918,1.1108454639345016,-0.18998546811848926,0.30627450605456036,-0.33294013500809777,control_pose,robot_origin,robot_origin
54.88885490899975,2026-09-13T11:46:22.958758+00:00,1789299982.919922,0.038836002349853516,1.1093186922209461,-0.18901233167565437,0.3061349391937256,-0.3282173388974757,control_pose,robot_origin,robot_origin
54.92386420999992,2026-09-13T11:46:22.993770+00:00,1789299982.913829,0.0799407958984375,1.1095055195108268,-0.18914976019302498,0.30613084315914635,-0.328690659194527,control_pose,robot_origin,robot_origin
54.94365995000044,2026-09-13T11:46:23.013564+00:00,1789299982.9758434,0.037720680236816406,1.1076850576738062,-0.1877937051566349,0.3062780797481537,-0.32515803950097416,control_pose,robot_origin,robot_origin
54.97058577500047,2026-09-13T11:46:23.040489+00:00,1789299983.0263166,0.01417231559753418,1.1069476434664798,-0.18727378780411186,0.30639296770095825,-0.32485333885450784,control_pose,robot_origin,robot_origin
55.0161422580004,2026-09-13T11:46:23.086026+00:00,1789299982.9852865,0.1007394790649414,1.107460519006123,-0.18763932215342655,0.306316971421879,-0.324944016681151,control_pose,robot_origin,robot_origin
55.07032755599994,2026-09-13T11:46:23.140235+00:00,1789299983.079133,0.06110191345214844,1.1069465613502978,-0.1873863808108542,0.30643749237060547,-0.3255042186055108,control_pose,robot_origin,robot_origin
55.074257448000026,2026-09-13T11:46:23.144161+00:00,1789299983.0622897,0.08187127113342285,1.1068674565115695,-0.18727923157345375,0.30642372991916683,-0.32533256984803766,control_pose,robot_origin,robot_origin
55.107471651000196,2026-09-13T11:46:23.177376+00:00,1789299983.1324036,0.04497241973876953,1.107401725048895,-0.18784776441274587,0.30647072196006775,-0.32544153996233904,control_pose,robot_origin,robot_origin
55.139378683999894,2026-09-13T11:46:23.209276+00:00,1789299983.1276064,0.08166956901550293,1.1073757899006962,-0.1878198515322151,0.3064676058528819,-0.3254601019494596,control_pose,robot_origin,robot_origin
55.17582392799977,2026-09-13T11:46:23.245730+00:00,1789299983.1991944,0.046535491943359375,1.1078908470424245,-0.1883762215873802,0.3065588176250458,-0.32406992735140516,control_pose,robot_origin,robot_origin
55.20799299000009,2026-09-13T11:46:23.277892+00:00,1789299983.1935456,0.08434653282165527,1.1078548717626744,-0.1883421198664193,0.3065518618029585,-0.32420093642106573,control_pose,robot_origin,robot_origin
55.235162251000474,2026-09-13T11:46:23.305070+00:00,1789299983.2590494,0.0460205078125,1.1079820060578744,-0.18845544350369925,0.30660614371299744,-0.3233534469899813,control_pose,robot_origin,robot_origin
55.249877002000176,2026-09-13T11:46:23.319773+00:00,1789299983.3125207,0.007252216339111328,1.1082429090975663,-0.18853961977868167,0.3066268265247345,-0.3235579274781837,control_pose,robot_origin,robot_origin
55.278692009000224,2026-09-13T11:46:23.348593+00:00,1789299983.2624438,0.08614921569824219,1.1079831886097056,-0.18845544863473251,0.30660696467783266,-0.3233547512111259,control_pose,robot_origin,robot_origin
55.33742598200024,2026-09-13T11:46:23.407324+00:00,1789299983.331256,0.07606816291809082,1.1083476812585786,-0.1885773845560873,0.3066400113792917,-0.32369952067847296,control_pose,robot_origin,robot_origin
55.36484738299987,2026-09-13T11:46:23.434755+00:00,1789299983.3993387,0.035416364669799805,1.1120264125770758,-0.1899744487775148,0.30655816197395325,-0.3241058865966595,control_pose,robot_origin,robot_origin
55.41185805100031,2026-09-13T11:46:23.481761+00:00,1789299983.3993073,0.08245372772216797,1.1120249139552796,-0.1899738243691923,0.30655823147863676,-0.3241057261813256,control_pose,robot_origin,robot_origin
55.445905094999944,2026-09-13T11:46:23.515813+00:00,1789299983.4657414,0.05007171630859375,1.1194830329128158,-0.19237496727463463,0.30625396966934204,-0.32450141278911987,control_pose,robot_origin,robot_origin
55.49674440099989,2026-09-13T11:46:23.566652+00:00,1789299983.4682958,0.09835624694824219,1.1198117804545078,-0.1924561253746336,0.30623136229896675,-0.32447580139776155,control_pose,robot_origin,robot_origin
55.50718124299965,2026-09-13T11:46:23.577091+00:00,1789299983.519194,0.057897090911865234,1.1276510231023584,-0.19467048359872094,0.3057153820991516,-0.32332210102939624,control_pose,robot_origin,robot_origin
55.5097173690001,2026-09-13T11:46:23.579622+00:00,1789299983.5730138,0.006608247756958008,1.138155329639653,-0.19784181752942753,0.30521705746650696,-0.3216359654460971,control_pose,robot_origin,robot_origin
55.53486144100043,2026-09-13T11:46:23.604711+00:00,1789299983.540473,0.06423807144165039,1.13123730677214,-0.19559290043069752,0.30541882574440554,-0.32272675513562554,control_pose,robot_origin,robot_origin
55.56932805799988,2026-09-13T11:46:23.639234+00:00,1789299983.6275241,0.011709928512573242,1.1494693224657377,-0.2018183354019472,0.30580925941467285,-0.3193367234363292,control_pose,robot_origin,robot_origin
55.62137756900029,2026-09-13T11:46:23.691280+00:00,1789299983.6090815,0.0821983814239502,1.1457916029677688,-0.20065348120531554,0.3057555101002873,-0.3201628589077466,control_pose,robot_origin,robot_origin
55.64673294699969,2026-09-13T11:46:23.716641+00:00,1789299983.6798062,0.036834716796875,1.1611811933198204,-0.20561122264361797,0.30601751804351807,-0.319016514994194,control_pose,robot_origin,robot_origin
55.69020010999975,2026-09-13T11:46:23.760072+00:00,1789299983.6829264,0.07714557647705078,1.1614227043648464,-0.20569629868071312,0.3060181695183061,-0.31914445739284225,control_pose,robot_origin,robot_origin
55.725437262000014,2026-09-13T11:46:23.795341+00:00,1789299983.732419,0.06292200088500977,1.1702971027013944,-0.20892404861942446,0.30601629614830017,-0.3197516391504664,control_pose,robot_origin,robot_origin
55.727678621999985,2026-09-13T11:46:23.797598+00:00,1789299983.7857487,0.011849164962768555,1.1841430307793988,-0.2128461044475287,0.30528461933135986,-0.3224776647448967,control_pose,robot_origin,robot_origin
55.755265279000014,2026-09-13T11:46:23.825164+00:00,1789299983.7494268,0.07573723793029785,1.1743783221633102,-0.21000132111781913,0.30588252946017386,-0.32023021611165275,control_pose,robot_origin,robot_origin
55.784696349000114,2026-09-13T11:46:23.854601+00:00,1789299983.839152,0.015448808670043945,1.2012742583931906,-0.2186291645925847,0.30396077036857605,-0.3246703827624956,control_pose,robot_origin,robot_origin
55.84203866799999,2026-09-13T11:46:23.911943+00:00,1789299983.8214371,0.09050583839416504,1.1911288103974558,-0.21509503559350834,0.30478727948736684,-0.3240617130880175,control_pose,robot_origin,robot_origin
55.87009050100005,2026-09-13T11:46:23.939994+00:00,1789299983.8990326,0.040961503982543945,1.2236687445977463,-0.22502992669147687,0.2999267578125,-0.32615935557617154,control_pose,robot_origin,robot_origin
55.91079592599999,2026-09-13T11:46:23.980699+00:00,1789299983.8938978,0.08680129051208496,1.2217167440230066,-0.22452966082620343,0.3003417834364881,-0.3259967063762255,control_pose,robot_origin,robot_origin
55.95826223200038,2026-09-13T11:46:24.028161+00:00,1789299983.96944,0.058721065521240234,1.2519312686483601,-0.23409344059427667,0.303921103477478,-0.3365855027636641,control_pose,robot_origin,robot_origin
55.96936038599961,2026-09-13T11:46:24.039264+00:00,1789299983.9617617,0.07750225067138672,1.2485563418753678,-0.23343682120796616,0.30313979289609255,-0.33578857957850844,control_pose,robot_origin,robot_origin
55.99538139699962,2026-09-13T11:46:24.065284+00:00,1789299984.0256863,0.03959774971008301,1.2690155062378403,-0.23896100104523743,0.3074639141559601,-0.33343448448778423,control_pose,robot_origin,robot_origin
56.02607992200046,2026-09-13T11:46:24.095986+00:00,1789299984.0833318,0.01265406608581543,1.2891575781868945,-0.2459837996628954,0.3075469732284546,-0.336220542483003,control_pose,robot_origin,robot_origin
56.03950254400024,2026-09-13T11:46:24.109402+00:00,1789299984.034234,0.07516789436340332,1.2721941198618234,-0.24003267698313382,0.3076598572776324,-0.3338167458567203,control_pose,robot_origin,robot_origin
56.086446518999765,2026-09-13T11:46:24.156354+00:00,1789299984.1361434,0.02021050453186035,1.308342895867642,-0.2526522229149148,0.3062060475349426,-0.3375967447227599,control_pose,robot_origin,robot_origin
56.115198739000334,2026-09-13T11:46:24.185073+00:00,1789299984.1043556,0.08071732521057129,1.297962976714516,-0.24886000364850347,0.30696423466171835,-0.3367125996908974,control_pose,robot_origin,robot_origin
56.15389171100014,2026-09-13T11:46:24.223767+00:00,1789299984.189123,0.034644126892089844,1.3277977069007174,-0.26114170552258953,0.3036389946937561,-0.33667394103138093,control_pose,robot_origin,robot_origin
56.180366823999975,2026-09-13T11:46:24.250267+00:00,1789299984.1745489,0.07571816444396973,1.3226611076482475,-0.2587512615350359,0.30455524192134503,-0.3372703272777274,control_pose,robot_origin,robot_origin
56.22577174700018,2026-09-13T11:46:24.295675+00:00,1789299984.2457497,0.04992532730102539,1.344527222984228,-0.2676028723811955,0.30281317234039307,-0.335637289496475,control_pose,robot_origin,robot_origin
56.23745360999965,2026-09-13T11:46:24.307350+00:00,1789299984.2993453,0.00800466537475586,1.3539737841984776,-0.27227512022627054,0.302946001291275,-0.33175507307004365,control_pose,robot_origin,robot_origin
56.26757722599996,2026-09-13T11:46:24.337482+00:00,1789299984.242659,0.09482288360595703,1.343559565329265,-0.2671504086320456,0.30279284166437437,-0.33577406309171604,control_pose,robot_origin,robot_origin
56.33914524699958,2026-09-13T11:46:24.409050+00:00,1789299984.3096461,0.09940385818481445,1.3554566624526994,-0.27259253036094255,0.30305660159308134,-0.3311335827887529,control_pose,robot_origin,robot_origin
56.36553789299978,2026-09-13T11:46:24.435458+00:00,1789299984.3722827,0.06317520141601562,1.3612729567342248,-0.2750947141820821,0.3030191957950592,-0.3281462936547187,control_pose,robot_origin,robot_origin
56.38771851999991,2026-09-13T11:46:24.457621+00:00,1789299984.3793008,0.07832026481628418,1.3613024436200558,-0.27533158562442206,0.3028897668214636,-0.32757762353951503,control_pose,robot_origin,robot_origin
56.42787025300004,2026-09-13T11:46:24.497776+00:00,1789299984.452598,0.04517793655395508,1.3613815327925443,-0.27477917773717825,0.3049142360687256,-0.3234050933047257,control_pose,robot_origin,robot_origin
56.464076764999845,2026-09-13T11:46:24.533982+00:00,1789299984.4506269,0.08335518836975098,1.3613881644861823,-0.27476632831376036,0.3048548484935868,-0.32344159086432317,control_pose,robot_origin,robot_origin
56.50023770600001,2026-09-13T11:46:24.570137+00:00,1789299984.5249372,0.04519987106323242,1.3577081550208525,-0.27383580345993425,0.3062727153301239,-0.3273354335775079,control_pose,robot_origin,robot_origin
56.53941329400004,2026-09-13T11:46:24.609320+00:00,1789299984.520647,0.08867287635803223,1.3579432153059583,-0.2738853535028196,0.3061962131235145,-0.32708769338745625,control_pose,robot_origin,robot_origin
56.56861862400001,2026-09-13T11:46:24.638517+00:00,1789299984.5758035,0.0627133846282959,1.3545066421127645,-0.27327959062891427,0.30684006214141846,-0.3303909227035259,control_pose,robot_origin,robot_origin
56.57632380799987,2026-09-13T11:46:24.646230+00:00,1789299984.6289945,0.017235517501831055,1.3527519423613368,-0.2731840928784941,0.3067282736301422,-0.3345512575054849,control_pose,robot_origin,robot_origin
56.60838326500016,2026-09-13T11:46:24.678286+00:00,1789299984.5958805,0.08240556716918945,1.3536865730320415,-0.27322091275646554,0.3068393231065891,-0.33185049716674864,control_pose,robot_origin,robot_origin
56.678139227999964,2026-09-13T11:46:24.748044+00:00,1789299984.6609035,0.08714056015014648,1.3522533356622288,-0.27316974513081366,0.30682306195363684,-0.3369157788904485,control_pose,robot_origin,robot_origin
56.72957942799985,2026-09-13T11:46:24.799318+00:00,1789299984.7490323,0.05028581619262695,1.351631700770931,-0.2731941002624257,0.30685433745384216,-0.33863852538548406,control_pose,robot_origin,robot_origin
56.75159073499981,2026-09-13T11:46:24.821496+00:00,1789299984.7307076,0.09078836441040039,1.3517450818875252,-0.27319089209001557,0.30685379205443786,-0.3384269588356189,control_pose,robot_origin,robot_origin
56.783450949000326,2026-09-13T11:46:24.853350+00:00,1789299984.8090472,0.04430270195007324,1.3513604484820816,-0.2730655545816729,0.30682438611984253,-0.33847439682704417,control_pose,robot_origin,robot_origin
56.858276605000356,2026-09-13T11:46:24.928177+00:00,1789299984.8012753,0.12690186500549316,1.3513955760209044,-0.2730822014214483,0.30682826485816517,-0.3384956515482011,control_pose,robot_origin,robot_origin
56.90620680600023,2026-09-13T11:46:24.976113+00:00,1789299984.9323802,0.04373288154602051,1.3505696093932473,-0.2729609233602426,0.30682456493377686,-0.3397264974435445,control_pose,robot_origin,robot_origin
56.92471588999979,2026-09-13T11:46:24.994628+00:00,1789299984.8734016,0.12122631072998047,1.3509701882407057,-0.2729830811894797,0.306824164161239,-0.33921466092492336,control_pose,robot_origin,robot_origin
56.948532055000214,2026-09-13T11:46:25.018380+00:00,1789299984.986096,0.03228402137756348,1.3502036330926648,-0.27301671868471333,0.3069174289703369,-0.3397481547070199,control_pose,robot_origin,robot_origin
56.97233183499975,2026-09-13T11:46:25.042169+00:00,1789299984.9427717,0.09939742088317871,1.350483676118525,-0.272974263794162,0.30683703317934274,-0.3397525944502314,control_pose,robot_origin,robot_origin
57.02101970500007,2026-09-13T11:46:25.090907+00:00,1789299985.0133934,0.0775136947631836,1.3501075477070055,-0.2730392105074937,0.30696680678540134,-0.339728388852074,control_pose,robot_origin,robot_origin
57.059413173000394,2026-09-13T11:46:25.129317+00:00,1789299985.0894308,0.0398862361907959,1.3505683953395897,-0.273589639962869,0.3070003390312195,-0.33970846294721235,control_pose,robot_origin,robot_origin
57.08999092300019,2026-09-13T11:46:25.159892+00:00,1789299985.084583,0.07530903816223145,1.3505209545830275,-0.27354591539217366,0.3070009906716374,-0.33969878839440193,control_pose,robot_origin,robot_origin
57.10513625499971,2026-09-13T11:46:25.175042+00:00,1789299985.1457658,0.029276132583618164,1.3526055782572561,-0.27636822970558667,0.306569367647171,-0.3396290785683769,control_pose,robot_origin,robot_origin
57.166324429999804,2026-09-13T11:46:25.236228+00:00,1789299985.1581175,0.0781104564666748,1.3536692339094292,-0.2767955096876884,0.30643862932653937,-0.3389928437108006,control_pose,robot_origin,robot_origin
57.18025862899958,2026-09-13T11:46:25.250168+00:00,1789299985.2058613,0.04430675506591797,1.3580323152165723,-0.27833726548709425,0.30609822273254395,-0.33568402097875977,control_pose,robot_origin,robot_origin
57.20239167,2026-09-13T11:46:25.272314+00:00,1789299985.2589579,0.013356208801269531,1.3627802885832134,-0.27996390215670386,0.3061302602291107,-0.33297748577558345,control_pose,robot_origin,robot_origin
57.23763515700011,2026-09-13T11:46:25.307535+00:00,1789299985.2373948,0.07014012336730957,1.3617048987975249,-0.2795949029975221,0.30609606924827654,-0.3333838077967183,control_pose,robot_origin,robot_origin
57.272393563999685,2026-09-13T11:46:25.342299+00:00,1789299985.3125198,0.02977919578552246,1.3735233429713356,-0.2843914612777589,0.30779021978378296,-0.3272743150484828,control_pose,robot_origin,robot_origin
57.29989327200019,2026-09-13T11:46:25.369792+00:00,1789299985.2946222,0.07516980171203613,1.3709217712498822,-0.2833299385021728,0.3072761840413523,-0.3283605220197593,control_pose,robot_origin,robot_origin
57.31625626500045,2026-09-13T11:46:25.386131+00:00,1789299985.3666456,0.0194854736328125,1.3834748928799072,-0.28743591609308183,0.308899849653244,-0.3293727229138119,control_pose,robot_origin,robot_origin
57.377339378000215,2026-09-13T11:46:25.447242+00:00,1789299985.3720763,0.0751657485961914,1.3841447567615786,-0.2876011060231932,0.3089439582322379,-0.32958328425118516,control_pose,robot_origin,robot_origin
57.40270077199966,2026-09-13T11:46:25.472605+00:00,1789299985.436589,0.036015987396240234,1.395674463778471,-0.2900937728294011,0.3090475797653198,-0.33042076494833716,control_pose,robot_origin,robot_origin
57.43817060600031,2026-09-13T11:46:25.508070+00:00,1789299985.4329045,0.0751655101776123,1.395071315829176,-0.2899719272109116,0.30904020200764165,-0.33041982292688415,control_pose,robot_origin,robot_origin
57.45260991899977,2026-09-13T11:46:25.522513+00:00,1789299985.4888773,0.033635616302490234,1.4083909762912126,-0.293933562919708,0.30858317017555237,-0.3291299502108469,control_pose,robot_origin,robot_origin
57.48183368199989,2026-09-13T11:46:25.551740+00:00,1789299985.5421863,0.009553670883178711,1.4226790192154681,-0.2992927239918825,0.3072679936885834,-0.329597602186031,control_pose,robot_origin,robot_origin
57.50490958499995,2026-09-13T11:46:25.574807+00:00,1789299985.5048225,0.06998443603515625,1.4104328586032249,-0.2945189990271019,0.3084758166306955,-0.3290842425961392,control_pose,robot_origin,robot_origin
57.53507659499974,2026-09-13T11:46:25.604982+00:00,1789299985.595775,0.009207010269165039,1.4408934655486094,-0.30656988100205945,0.3045097589492798,-0.32984293635413525,control_pose,robot_origin,robot_origin
57.57145389899961,2026-09-13T11:46:25.641354+00:00,1789299985.5695596,0.07179450988769531,1.4325395788023954,-0.30330942700268804,0.3059585826057156,-0.3294482911848656,control_pose,robot_origin,robot_origin
57.60257551599989,2026-09-13T11:46:25.672482+00:00,1789299985.6492715,0.023210525512695312,1.4598533228824424,-0.31292513105670183,0.3014182150363922,-0.3305337540865637,control_pose,robot_origin,robot_origin
57.6512289530001,2026-09-13T11:46:25.721130+00:00,1789299985.644415,0.07671499252319336,1.4582938755050454,-0.3124985157859326,0.3017262929877071,-0.33046827941156526,control_pose,robot_origin,robot_origin
57.65941230499993,2026-09-13T11:46:25.729317+00:00,1789299985.7055817,0.02373528480529785,1.480717761028373,-0.31966910171464796,0.2973572015762329,-0.33099609840372485,control_pose,robot_origin,robot_origin
57.714271234999615,2026-09-13T11:46:25.784170+00:00,1789299985.7140138,0.07015609741210938,1.4838674148056774,-0.3200729061502333,0.2972898491681057,-0.33085785731394696,control_pose,robot_origin,robot_origin
57.725815908000186,2026-09-13T11:46:25.795721+00:00,1789299985.7591002,0.0366208553314209,1.5021407364817292,-0.3221884760551293,0.3012065589427948,-0.33583635737429707,control_pose,robot_origin,robot_origin
57.75582671800021,2026-09-13T11:46:25.825731+00:00,1789299985.8157198,0.01001119613647461,1.5145233901207145,-0.3243944476599685,0.30443423986434937,-0.3327439534254085,control_pose,robot_origin,robot_origin
57.79090453200024,2026-09-13T11:46:25.860811+00:00,1789299985.7816882,0.07912278175354004,1.5066843650059536,-0.32260511540397374,0.3030929020612421,-0.3362886301606385,control_pose,robot_origin,robot_origin
57.81946151000011,2026-09-13T11:46:25.889369+00:00,1789299985.8657758,0.02359318733215332,1.522814535452318,-0.32628252002608826,0.3050367832183838,-0.332653841407887,control_pose,robot_origin,robot_origin
57.86764279500039,2026-09-13T11:46:25.937549+00:00,1789299985.855043,0.08250617980957031,1.5221714841995757,-0.3262882306593909,0.30499020408552946,-0.3320370160657243,control_pose,robot_origin,robot_origin
57.89780839600007,2026-09-13T11:46:25.967712+00:00,1789299985.9288568,0.03885507583618164,1.540264618690677,-0.3310227809355179,0.3052302896976471,-0.3382216343595126,control_pose,robot_origin,robot_origin
57.95846451200032,2026-09-13T11:46:26.028369+00:00,1789299985.926804,0.10156488418579102,1.539742087210612,-0.3308842456047653,0.3052275012740515,-0.33804634350159046,control_pose,robot_origin,robot_origin
58.018481971000256,2026-09-13T11:46:26.088383+00:00,1789299986.0258515,0.0625314712524414,1.5530681609155428,-0.33605033844074794,0.3043486773967743,-0.3404581861310574,control_pose,robot_origin,robot_origin
58.05016854400037,2026-09-13T11:46:26.120072+00:00,1789299986.0000687,0.12000322341918945,1.5500585300209302,-0.33460850513776613,0.3047237171035163,-0.3404173720636577,control_pose,robot_origin,robot_origin
58.05521218800004,2026-09-13T11:46:26.125124+00:00,1789299986.0903785,0.03474545478820801,1.5558484149429466,-0.33734299521401334,0.30485066771507263,-0.3362093319371164,control_pose,robot_origin,robot_origin
58.075166526999965,2026-09-13T11:46:26.145028+00:00,1789299986.0644543,0.08057379722595215,1.5547314276932072,-0.3368236609662091,0.3046489894585158,-0.3379258451968077,control_pose,robot_origin,robot_origin
58.12043025799994,2026-09-13T11:46:26.190331+00:00,1789299986.1423063,0.048024654388427734,1.556855021467321,-0.3382139907223084,0.30492472648620605,-0.3306074067967774,control_pose,robot_origin,robot_origin
58.141589298000326,2026-09-13T11:46:26.211490+00:00,1789299986.127465,0.08402490615844727,1.556567322247557,-0.3379650506229878,0.30490355967459115,-0.33220849229700183,control_pose,robot_origin,robot_origin
58.14884002800045,2026-09-13T11:46:26.218746+00:00,1789299986.1954615,0.023284435272216797,1.5558478707283547,-0.33817874313160956,0.3048981726169586,-0.3259909950828993,control_pose,robot_origin,robot_origin
58.24854404300004,2026-09-13T11:46:26.318446+00:00,1789299986.2064989,0.11194705963134766,1.5555649831793492,-0.33806259497516644,0.3049403618716255,-0.3256463644378491,control_pose,robot_origin,robot_origin
58.26756780899996,2026-09-13T11:46:26.337465+00:00,1789299986.2980447,0.039420366287231445,1.554554001311294,-0.3376829170111447,0.30515056848526,-0.32611563291043033,control_pose,robot_origin,robot_origin
58.27934503600045,2026-09-13T11:46:26.349245+00:00,1789299986.2684405,0.08080458641052246,1.5547623544740783,-0.3377794525985722,0.3050969446368237,-0.32583105242048893,control_pose,robot_origin,robot_origin
58.3185388640004,2026-09-13T11:46:26.388440+00:00,1789299986.3493335,0.03910636901855469,1.5548305370026365,-0.3377779939640827,0.305186003446579,-0.32636530234194966,control_pose,robot_origin,robot_origin
58.335076104999644,2026-09-13T11:46:26.404980+00:00,1789299986.339576,0.06540393829345703,1.5547609768348152,-0.3377328633365217,0.30518077996404575,-0.3263612207338965,control_pose,robot_origin,robot_origin
58.38350652200006,2026-09-13T11:46:26.453403+00:00,1789299986.412685,0.04071807861328125,1.5553642229830615,-0.3382844708341688,0.30522093176841736,-0.3257933727221763,control_pose,robot_origin,robot_origin
58.421105614000226,2026-09-13T11:46:26.491012+00:00,1789299986.4123545,0.07865762710571289,1.555361816242927,-0.3382814173633108,0.3052206447159337,-0.3257952778009644,control_pose,robot_origin,robot_origin
58.445898787999795,2026-09-13T11:46:26.515800+00:00,1789299986.4822793,0.03352069854736328,1.5558397379331923,-0.3388442488430926,0.30525922775268555,-0.32507777732035575,control_pose,robot_origin,robot_origin
58.483427987999676,2026-09-13T11:46:26.553334+00:00,1789299986.4780617,0.0752723217010498,1.5558109196884147,-0.33881032389566906,0.3052569068518425,-0.3251211265287255,control_pose,robot_origin,robot_origin
58.51516874000026,2026-09-13T11:46:26.585074+00:00,1789299986.5564377,0.02863621711730957,1.5579762868545177,-0.3398326249593598,0.3053227365016937,-0.3259615618541039,control_pose,robot_origin,robot_origin
58.5621124270001,2026-09-13T11:46:26.632008+00:00,1789299986.5576255,0.07438254356384277,1.5581409958804195,-0.339909318008272,0.30532447625944065,-0.32601181807704654,control_pose,robot_origin,robot_origin
58.604373735999616,2026-09-13T11:46:26.674280+00:00,1789299986.6288126,0.045467376708984375,1.564379071027095,-0.34079159182690366,0.3046230375766754,-0.3269044683397988,control_pose,robot_origin,robot_origin
58.64152730200021,2026-09-13T11:46:26.711436+00:00,1789299986.6292388,0.08219718933105469,1.5644116410853468,-0.34080545479793545,0.30462024113817204,-0.326893444512213,control_pose,robot_origin,robot_origin
58.67130133200044,2026-09-13T11:46:26.741215+00:00,1789299986.7026033,0.038611650466918945,1.5739445484268868,-0.3433933181667041,0.30413010716438293,-0.32435887069451524,control_pose,robot_origin,robot_origin
58.721686789999694,2026-09-13T11:46:26.791588+00:00,1789299986.6924288,0.09915924072265625,1.5724669711515424,-0.34298011221728447,0.30420026750569196,-0.3246888980152265,control_pose,robot_origin,robot_origin
58.73683823400006,2026-09-13T11:46:26.806746+00:00,1789299986.7687657,0.03798031806945801,1.5859870474281332,-0.3468038900334696,0.30301621556282043,-0.3235686930403316,control_pose,robot_origin,robot_origin
58.79008725899985,2026-09-13T11:46:26.859995+00:00,1789299986.7710435,0.08895134925842285,1.5862316893253396,-0.3468723985213053,0.30296680678603444,-0.32354198919111254,control_pose,robot_origin,robot_origin
58.83254704200044,2026-09-13T11:46:26.902444+00:00,1789299986.8591297,0.043314218521118164,1.6051690010818036,-0.35347942165812585,0.3015357553958893,-0.3209426448989284,control_pose,robot_origin,robot_origin
58.838685460000306,2026-09-13T11:46:26.908587+00:00,1789299986.8358743,0.07271265983581543,1.5999487744973238,-0.3516057012716891,0.3018678906172528,-0.32174485735781705,control_pose,robot_origin,robot_origin
58.86226510100005,2026-09-13T11:46:26.932165+00:00,1789299986.9158287,0.01633620262145996,1.6207557996727242,-0.3587762016030087,0.3010222911834717,-0.31881946084207724,control_pose,robot_origin,robot_origin
58.927848725999866,2026-09-13T11:46:26.997754+00:00,1789299986.9106855,0.08706855773925781,1.6194228227910903,-0.3583243564801558,0.3010243935910207,-0.31882361236844664,control_pose,robot_origin,robot_origin
58.957859150999866,2026-09-13T11:46:27.027752+00:00,1789299986.9887197,0.0390322208404541,1.6376671354286403,-0.36383121689138254,0.3005969822406769,-0.323147193888269,control_pose,robot_origin,robot_origin
58.97669039500033,2026-09-13T11:46:27.046594+00:00,1789299986.9710245,0.07556939125061035,1.633882419685174,-0.36269659485441774,0.30072855532478976,-0.32192129177331785,control_pose,robot_origin,robot_origin
58.99647413399998,2026-09-13T11:46:27.066381+00:00,1789299987.0422008,0.024180173873901367,1.6497504384514277,-0.3673296787753695,0.3001134991645813,-0.3253650837765253,control_pose,robot_origin,robot_origin
59.07840468500035,2026-09-13T11:46:27.148304+00:00,1789299987.0492473,0.09905672073364258,1.6526384689753777,-0.3678530527415302,0.3001073960573902,-0.32631030719868653,control_pose,robot_origin,robot_origin
59.09259316899988,2026-09-13T11:46:27.162500+00:00,1789299987.1187682,0.043731689453125,1.6787067949595964,-0.3725016970614182,0.2994472086429596,-0.33186617697196275,control_pose,robot_origin,robot_origin
59.14942992499982,2026-09-13T11:46:27.219336+00:00,1789299987.1135767,0.1057593822479248,1.6763305749927992,-0.37202222110921124,0.2996027226739419,-0.3315062877010175,control_pose,robot_origin,robot_origin
59.1967116120004,2026-09-13T11:46:27.266614+00:00,1789299987.1892705,0.07734346389770508,1.705463403924647,-0.3786405597164966,0.29997366666793823,-0.33811463186615376,control_pose,robot_origin,robot_origin
59.20591763900029,2026-09-13T11:46:27.275819+00:00,1789299987.180241,0.09557795524597168,1.701788874424701,-0.37779084133749097,0.29988038740553036,-0.337268012314879,control_pose,robot_origin,robot_origin
59.24620272100037,2026-09-13T11:46:27.316107+00:00,1789299987.2622054,0.05390167236328125,1.7226546595543593,-0.38449711334496595,0.30489516258239746,-0.33706394565771064,control_pose,robot_origin,robot_origin
59.265817010999854,2026-09-13T11:46:27.335692+00:00,1789299987.2499814,0.08571052551269531,1.7196636937609842,-0.3834685564589071,0.3040553440773272,-0.3372512226145302,control_pose,robot_origin,robot_origin
59.30310351099979,2026-09-13T11:46:27.373013+00:00,1789299987.3366044,0.03640866279602051,1.742142964160143,-0.3932587724876228,0.30556994676589966,-0.3394472855923127,control_pose,robot_origin,robot_origin
59.35370139600036,2026-09-13T11:46:27.423604+00:00,1789299987.3275855,0.09601855278015137,1.7397805049562671,-0.39219664508857505,0.3054881464175784,-0.3391605295270681,control_pose,robot_origin,robot_origin
59.37634393299959,2026-09-13T11:46:27.446249+00:00,1789299987.4021993,0.044049739837646484,1.7577284488626455,-0.4016957087489855,0.30432355403900146,-0.34087314125044954,control_pose,robot_origin,robot_origin
59.407399210999756,2026-09-13T11:46:27.477307+00:00,1789299987.389414,0.08789300918579102,1.7551371799934128,-0.4002124667815799,0.3046704587848959,-0.3407172011523801,control_pose,robot_origin,robot_origin
59.424362200999894,2026-09-13T11:46:27.494271+00:00,1789299987.4589934,0.035277605056762695,1.7657921928051359,-0.40622513625643786,0.3061296045780182,-0.3380665733537958,control_pose,robot_origin,robot_origin
59.46052349300044,2026-09-13T11:46:27.530423+00:00,1789299987.512123,0.01829981803894043,1.7703694089615396,-0.40795602161393596,0.3073173761367798,-0.3326735034396615,control_pose,robot_origin,robot_origin
59.47458832299981,2026-09-13T11:46:27.544495+00:00,1789299987.46361,0.08088517189025879,1.7662653215039867,-0.4064475439312998,0.30628791615297635,-0.33777528249362465,control_pose,robot_origin,robot_origin
59.50064053500046,2026-09-13T11:46:27.570546+00:00,1789299987.5655406,0.005005359649658203,1.7721712201776567,-0.4075673847178768,0.3071623742580414,-0.3281970917170101,control_pose,robot_origin,robot_origin
59.54850183399958,2026-09-13T11:46:27.618405+00:00,1789299987.5337238,0.08468127250671387,1.7713083376279466,-0.4079457132782132,0.3072025734000756,-0.33052906722047937,control_pose,robot_origin,robot_origin
59.58514398300031,2026-09-13T11:46:27.655034+00:00,1789299987.6187255,0.03630852699279785,1.7726875805835418,-0.40583513086512163,0.3073084354400635,-0.32732967784910366,control_pose,robot_origin,robot_origin
59.61413080500006,2026-09-13T11:46:27.684036+00:00,1789299987.6041486,0.07988739013671875,1.7727940913434657,-0.4064979752540813,0.30735066787646637,-0.32747182402816366,control_pose,robot_origin,robot_origin
59.653312727999946,2026-09-13T11:46:27.723219+00:00,1789299987.6787238,0.0444951057434082,1.7708907957625428,-0.40458126031915986,0.3068089187145233,-0.32204382873137194,control_pose,robot_origin,robot_origin
59.686998184000004,2026-09-13T11:46:27.756901+00:00,1789299987.7291062,0.027794837951660156,1.7692573953517772,-0.40310083716840855,0.306967556476593,-0.318397556392531,control_pose,robot_origin,robot_origin
59.689346076999755,2026-09-13T11:46:27.759256+00:00,1789299987.6752243,0.08403158187866211,1.771009841118601,-0.40464876111295606,0.3068376838185644,-0.32238749938469385,control_pose,robot_origin,robot_origin
59.75564864900025,2026-09-13T11:46:27.825559+00:00,1789299987.7475724,0.07798647880554199,1.7688326142059496,-0.4028179657035299,0.30710583681160913,-0.31800280248984325,control_pose,robot_origin,robot_origin
59.78871068300032,2026-09-13T11:46:27.858606+00:00,1789299987.8055658,0.053040266036987305,1.7681640645785193,-0.40278727146134535,0.3072202503681183,-0.31818329185426936,control_pose,robot_origin,robot_origin
59.837031973000194,2026-09-13T11:46:27.906934+00:00,1789299987.813689,0.09324502944946289,1.7681302583969238,-0.40284048191291355,0.307225007037715,-0.31829866464885764,control_pose,robot_origin,robot_origin
59.87094739300028,2026-09-13T11:46:27.940841+00:00,1789299987.8754463,0.06539463996887207,1.7682907643623171,-0.40340578442465763,0.30725041031837463,-0.3189185944999581,control_pose,robot_origin,robot_origin
59.89598621099958,2026-09-13T11:46:27.965890+00:00,1789299987.885829,0.08006095886230469,1.7683440856029942,-0.40350057288099006,0.3072507089557017,-0.3188652295371675,control_pose,robot_origin,robot_origin
59.93078337099996,2026-09-13T11:46:28.000690+00:00,1789299987.9589055,0.04178452491760254,1.7687231095490745,-0.4037994008128335,0.30725985765457153,-0.31769041480729604,control_pose,robot_origin,robot_origin
59.96885150900016,2026-09-13T11:46:28.038755+00:00,1789299987.9528608,0.08589410781860352,1.7686957909136614,-0.40378763008436697,0.30725948781110163,-0.3177904545113337,control_pose,robot_origin,robot_origin
60.025080137999794,2026-09-13T11:46:28.094982+00:00,1789299988.0422363,0.05274558067321777,1.768330731283017,-0.4040976677589059,0.3077336847782135,-0.3249642601105472,control_pose,robot_origin,robot_origin
60.035805632999654,2026-09-13T11:46:28.105713+00:00,1789299988.0213032,0.08440971374511719,1.768519569978609,-0.40391985983678774,0.30749959015491923,-0.32133131884824795,control_pose,robot_origin,robot_origin
60.087968427000305,2026-09-13T11:46:28.157873+00:00,1789299988.0956848,0.062188148498535156,1.7691601286638452,-0.40583016743043915,0.30876174569129944,-0.34887287770416514,control_pose,robot_origin,robot_origin
60.11347494700021,2026-09-13T11:46:28.183379+00:00,1789299988.0907412,0.09263777732849121,1.7690834135277387,-0.40566991982033285,0.3086666551657008,-0.34666149142497577,control_pose,robot_origin,robot_origin
60.13810311999987,2026-09-13T11:46:28.208012+00:00,1789299988.1586611,0.04935097694396973,1.7692123243106188,-0.40646079378220457,0.30994912981987,-0.36921144602396844,control_pose,robot_origin,robot_origin
60.157321102000424,2026-09-13T11:46:28.227224+00:00,1789299988.2120004,0.01522374153137207,1.7692450307211343,-0.40711597487971846,0.31053978204727173,-0.3859246558825226,control_pose,robot_origin,robot_origin
60.1891097280004,2026-09-13T11:46:28.259011+00:00,1789299988.16621,0.09280109405517578,1.76920658590107,-0.40657231309376785,0.3100445367377405,-0.3716467135619382,control_pose,robot_origin,robot_origin
60.23134274600034,2026-09-13T11:46:28.301242+00:00,1789299988.2653074,0.0359346866607666,1.7693090389170134,-0.4076983898046833,0.3111724257469177,-0.40161907265280944,control_pose,robot_origin,robot_origin
60.25280221699995,2026-09-13T11:46:28.322711+00:00,1789299988.2383509,0.08436012268066406,1.7692791557723604,-0.4074280918823118,0.3108515368929304,-0.3936027509420364,control_pose,robot_origin,robot_origin
60.28749005900045,2026-09-13T11:46:28.357397+00:00,1789299988.3153772,0.04201984405517578,1.7696800921280857,-0.4081128351966391,0.31170904636383057,-0.4159739466252423,control_pose,robot_origin,robot_origin
60.31960564499968,2026-09-13T11:46:28.389508+00:00,1789299988.3072686,0.08223938941955566,1.7695941015309973,-0.40805805632118913,0.3116326252948679,-0.41375762589914133,control_pose,robot_origin,robot_origin
60.3818585099998,2026-09-13T11:46:28.451758+00:00,1789299988.3923407,0.0594172477722168,1.7705395448007304,-0.4083721750287018,0.3123928904533386,-0.4394198416868388,control_pose,robot_origin,robot_origin
60.38453675500023,2026-09-13T11:46:28.454442+00:00,1789299988.3816595,0.07278251647949219,1.7704075744017382,-0.4083649499946068,0.31232926156623303,-0.4363082161521569,control_pose,robot_origin,robot_origin
60.421179511000446,2026-09-13T11:46:28.491085+00:00,1789299988.4486098,0.042475223541259766,1.7711924786240678,-0.4083970048086936,0.3129866421222687,-0.45709223224480283,control_pose,robot_origin,robot_origin
60.46308684900032,2026-09-13T11:46:28.532991+00:00,1789299988.4477117,0.08527922630310059,1.7711808217425753,-0.4083995361686838,0.3129735799544138,-0.45676772038410607,control_pose,robot_origin,robot_origin
60.51084577599977,2026-09-13T11:46:28.580748+00:00,1789299988.5286465,0.05210161209106445,1.7720153835008965,-0.4085063354602276,0.3135674297809601,-0.48215654877317726,control_pose,robot_origin,robot_origin
60.541821689000244,2026-09-13T11:46:28.611732+00:00,1789299988.517704,0.09402799606323242,1.77187680939256,-0.4084996173197847,0.31349800420298995,-0.47851279422151344,control_pose,robot_origin,robot_origin
60.56121075200008,2026-09-13T11:46:28.624489+00:00,1789299988.5818973,0.04259181022644043,1.7724039207635232,-0.4085829266284659,0.3140212595462799,-0.4986042997119362,control_pose,robot_origin,robot_origin
60.599759873999574,2026-09-13T11:46:28.669663+00:00,1789299988.5825095,0.08715343475341797,1.772407285007357,-0.40858075391773563,0.3140284017887061,-0.49883543539274083,control_pose,robot_origin,robot_origin
60.63155160400038,2026-09-13T11:46:28.701458+00:00,1789299988.6552181,0.04623985290527344,1.7729087276446465,-0.40841505036835274,0.3145470917224884,-0.5229901409231579,control_pose,robot_origin,robot_origin
60.6747567350003,2026-09-13T11:46:28.744662+00:00,1789299988.6583126,0.0863494873046875,1.7729521557410184,-0.40839284518901486,0.3145726466987802,-0.5241149871024912,control_pose,robot_origin,robot_origin
60.71440962500037,2026-09-13T11:46:28.784327+00:00,1789299988.738697,0.04562997817993164,1.7737839592729827,-0.4078810695040192,0.3150429427623749,-0.5510789597790652,control_pose,robot_origin,robot_origin
60.73979217099986,2026-09-13T11:46:28.809698+00:00,1789299988.7213333,0.08836483955383301,1.773609543587614,-0.40796830932989336,0.3149562583158139,-0.5449631254960108,control_pose,robot_origin,robot_origin
60.767133182999714,2026-09-13T11:46:28.837038+00:00,1789299988.7987683,0.038269758224487305,1.7745356411128288,-0.40756530419167825,0.31546711921691895,-0.5716565559584464,control_pose,robot_origin,robot_origin
60.82336190699971,2026-09-13T11:46:28.893247+00:00,1789299988.7956457,0.09760117530822754,1.7745039376051293,-0.40758207666663887,0.3154429512260634,-0.5705677751673075,control_pose,robot_origin,robot_origin
60.84882064900012,2026-09-13T11:46:28.918706+00:00,1789299988.8718972,0.046808719635009766,1.7750502683883755,-0.4072039175576877,0.31654998660087585,-0.5970692259784639,control_pose,robot_origin,robot_origin
60.869546066999646,2026-09-13T11:46:28.939423+00:00,1789299988.86319,0.0762331485748291,1.775001208705306,-0.40721540446993154,0.31646819793031056,-0.5943004588286277,control_pose,robot_origin,robot_origin
60.89738268800011,2026-09-13T11:46:28.967281+00:00,1789299988.925403,0.04187798500061035,1.773994037666936,-0.40688414324786426,0.31708356738090515,-0.6165777838700988,control_pose,robot_origin,robot_origin
60.923541496000325,2026-09-13T11:46:28.993442+00:00,1789299988.9755523,0.017889738082885742,1.7725252713650657,-0.40816320940772094,0.31708037853240967,-0.6391571721402713,control_pose,robot_origin,robot_origin
60.95613928199964,2026-09-13T11:46:29.026014+00:00,1789299988.9378593,0.08815479278564453,1.7734929391578664,-0.4069440288398372,0.31713554612996653,-0.6225821515647935,control_pose,robot_origin,robot_origin
61.00083575099961,2026-09-13T11:46:29.070740+00:00,1789299989.0319948,0.03874516487121582,1.7713277202017108,-0.40989343793147026,0.31711119413375854,-0.6605359335924693,control_pose,robot_origin,robot_origin
61.01335077499971,2026-09-13T11:46:29.083252+00:00,1789299989.0021906,0.08106136322021484,1.7717552062509683,-0.4091653834806127,0.3170632307804161,-0.6506717952248917,control_pose,robot_origin,robot_origin
61.048569202999715,2026-09-13T11:46:29.118470+00:00,1789299989.086065,0.03240489959716797,1.7697775276556456,-0.411179102530686,0.3161095380783081,-0.6925141723254794,control_pose,robot_origin,robot_origin
61.08931667500019,2026-09-13T11:46:29.159220+00:00,1789299989.0732622,0.08595776557922363,1.7691018128231664,-0.41236099756974964,0.31647786912691167,-0.6853532400679655,control_pose,robot_origin,robot_origin
61.11648039800002,2026-09-13T11:46:29.186387+00:00,1789299989.1455467,0.04084038734436035,1.767583269738852,-0.41259341645317815,0.3143465518951416,-0.7252571221337215,control_pose,robot_origin,robot_origin
61.16846740599976,2026-09-13T11:46:29.238368+00:00,1789299989.145722,0.09264612197875977,1.7675847429654983,-0.41259236786056885,0.31434859882619104,-0.7253446214598954,control_pose,robot_origin,robot_origin
61.214499429999705,2026-09-13T11:46:29.284400+00:00,1789299989.2418585,0.04254150390625,1.7670199547488108,-0.4117360333394536,0.3144582509994507,-0.7724601059689622,control_pose,robot_origin,robot_origin
61.24018314299974,2026-09-13T11:46:29.310086+00:00,1789299989.2129753,0.09711074829101562,1.7674218130068644,-0.412199505727068,0.31491264927080026,-0.759253558273,control_pose,robot_origin,robot_origin
61.26422959000047,2026-09-13T11:46:29.334127+00:00,1789299989.2974312,0.03669571876525879,1.7654522357401554,-0.41264913855750635,0.31341037154197693,-0.7955877382318337,control_pose,robot_origin,robot_origin
61.289749102000314,2026-09-13T11:46:29.359653+00:00,1789299989.2833557,0.07629728317260742,1.7658325249557059,-0.4123832733262319,0.3136550088430293,-0.789921089144715,control_pose,robot_origin,robot_origin
61.32056123100028,2026-09-13T11:46:29.390468+00:00,1789299989.355353,0.03511476516723633,1.7670168733382805,-0.412800053413658,0.31283465027809143,-0.830900451646636,control_pose,robot_origin,robot_origin
61.36993914899995,2026-09-13T11:46:29.439847+00:00,1789299989.3537219,0.08612513542175293,1.7669587575997538,-0.4128051055633,0.3128478427260138,-0.829920594983475,control_pose,robot_origin,robot_origin
61.401418542999636,2026-09-13T11:46:29.471322+00:00,1789299989.4160008,0.05532121658325195,1.7654879455963124,-0.41234968932547544,0.31190699338912964,-0.8631297609391623,control_pose,robot_origin,robot_origin
61.43685163800001,2026-09-13T11:46:29.506752+00:00,1789299989.4242513,0.08250069618225098,1.7651821293236922,-0.412590467791604,0.3116248349726669,-0.8654300567328637,control_pose,robot_origin,robot_origin
61.472477254000296,2026-09-13T11:46:29.542395+00:00,1789299989.495178,0.04721713066101074,1.7639745098119841,-0.4143725466448747,0.30910688638687134,-0.8724222141476089,control_pose,robot_origin,robot_origin
61.49998179399972,2026-09-13T11:46:29.569886+00:00,1789299989.4945393,0.07534670829772949,1.763986565880831,-0.41436353176736196,0.30912729085891094,-0.8723934214189955,control_pose,robot_origin,robot_origin
61.52042364499994,2026-09-13T11:46:29.590328+00:00,1789299989.54875,0.041578054428100586,1.7638135011958855,-0.4149683909812957,0.30867794156074524,-0.8667770368889558,control_pose,robot_origin,robot_origin
61.55231413199999,2026-09-13T11:46:29.622215+00:00,1789299989.6080382,0.01417684555053711,1.7649724087513676,-0.41422822445358276,0.3085625469684601,-0.8617395778416447,control_pose,robot_origin,robot_origin
61.58070514799965,2026-09-13T11:46:29.650589+00:00,1789299989.5707693,0.0798196792602539,1.7637490929424342,-0.41498030075071024,0.30878324186424916,-0.8640926441205932,control_pose,robot_origin,robot_origin
61.614209217999814,2026-09-13T11:46:29.684115+00:00,1789299989.6618824,0.022232532501220703,1.7658034097889803,-0.4133720284113401,0.30828726291656494,-0.8595029435830374,control_pose,robot_origin,robot_origin
61.64543330299966,2026-09-13T11:46:29.715339+00:00,1789299989.6362576,0.07908129692077637,1.7654518065951854,-0.41378195388568734,0.30841180007290264,-0.8604547840370277,control_pose,robot_origin,robot_origin
61.67941928599976,2026-09-13T11:46:29.749325+00:00,1789299989.715212,0.03411293029785156,1.7660215240906714,-0.41261982927115476,0.3084762692451477,-0.8568139620398649,control_pose,robot_origin,robot_origin
61.720998511999824,2026-09-13T11:46:29.790868+00:00,1789299989.703497,0.0873711109161377,1.765999657541187,-0.4127511693249728,0.3084367504725558,-0.8574234391155576,control_pose,robot_origin,robot_origin
61.754464788000405,2026-09-13T11:46:29.824371+00:00,1789299989.7821949,0.042176246643066406,1.765520818931429,-0.41216005163941394,0.30841025710105896,-0.8542855376357037,control_pose,robot_origin,robot_origin
61.783387383000445,2026-09-13T11:46:29.853292+00:00,1789299989.7728493,0.08044266700744629,1.765595885181204,-0.4121973563001687,0.3084307350145851,-0.8544726876113593,control_pose,robot_origin,robot_origin
61.797056831999726,2026-09-13T11:46:29.866968+00:00,1789299989.835287,0.03168082237243652,1.7650504314600897,-0.4120812218498323,0.30826571583747864,-0.8542274929019485,control_pose,robot_origin,robot_origin
61.82697317200018,2026-09-13T11:46:29.896878+00:00,1789299989.8887439,0.008134126663208008,1.7647308297885995,-0.4119802219910238,0.30819830298423767,-0.8538594872244574,control_pose,robot_origin,robot_origin
61.861445739000374,2026-09-13T11:46:29.931350+00:00,1789299989.8485548,0.0827951431274414,1.7649901789637876,-0.41207418007620045,0.30824787904041756,-0.854210097753475,control_pose,robot_origin,robot_origin
61.90079720599988,2026-09-13T11:46:29.970691+00:00,1789299989.9453678,0.025323152542114258,1.7645079313997423,-0.4117711305960923,0.30818384885787964,-0.8530342593570213,control_pose,robot_origin,robot_origin
61.917409489999955,2026-09-13T11:46:29.987315+00:00,1789299989.9113543,0.07596063613891602,1.7646330838122402,-0.4119332912246932,0.30818244148220786,-0.8535988001447311,control_pose,robot_origin,robot_origin
61.95897543499996,2026-09-13T11:46:30.028886+00:00,1789299989.9954195,0.03346657752990723,1.7644290717203466,-0.41150059503715636,0.30817973613739014,-0.8525562948387613,control_pose,robot_origin,robot_origin
61.98422619699977,2026-09-13T11:46:30.054124+00:00,1789299989.9773023,0.07682180404663086,1.764440322212474,-0.41158871545851894,0.3081908268643928,-0.8526967770623423,control_pose,robot_origin,robot_origin
62.01543098500042,2026-09-13T11:46:30.085334+00:00,1789299990.0485318,0.03680229187011719,1.7643612337697199,-0.4113246464501689,0.30817633867263794,-0.8522345425471163,control_pose,robot_origin,robot_origin
62.05456973699984,2026-09-13T11:46:30.124469+00:00,1789299990.0509927,0.07347631454467773,1.76436655973873,-0.4113270337433742,0.3081753457400929,-0.8522307267480299,control_pose,robot_origin,robot_origin
62.076569681000365,2026-09-13T11:46:30.146478+00:00,1789299990.1150773,0.03140068054199219,1.7642718326710332,-0.41138946110548946,0.3081471920013428,-0.8523181507993167,control_pose,robot_origin,robot_origin
62.117313601000205,2026-09-13T11:46:30.187214+00:00,1789299990.1651745,0.022039413452148438,1.7641755444583784,-0.41141570308186237,0.3081466555595398,-0.8521920496287503,control_pose,robot_origin,robot_origin
62.13000927400026,2026-09-13T11:46:30.199914+00:00,1789299990.1167552,0.08315873146057129,1.7642683555687984,-0.41139488283020165,0.308147472005993,-0.8523241680061779,control_pose,robot_origin,robot_origin
62.17041493600027,2026-09-13T11:46:30.240286+00:00,1789299990.2154243,0.024861812591552734,1.764071123145929,-0.4113182737482111,0.30816736817359924,-0.8518923209414293,control_pose,robot_origin,robot_origin
62.2114846960003,2026-09-13T11:46:30.281398+00:00,1789299990.1886754,0.09272265434265137,1.7641349592222,-0.4113871014321069,0.30815446639838295,-0.8520708343347373,control_pose,robot_origin,robot_origin
62.237512425000205,2026-09-13T11:46:30.307420+00:00,1789299990.268584,0.038836002349853516,1.7640011811895189,-0.4112082776927281,0.308188259601593,-0.8518750942925143,control_pose,robot_origin,robot_origin
62.26125341700026,2026-09-13T11:46:30.331151+00:00,1789299990.259536,0.07161498069763184,1.7640134398830503,-0.4112299855017548,0.30818101455864993,-0.851869458500078,control_pose,robot_origin,robot_origin
62.28524962099982,2026-09-13T11:46:30.355150+00:00,1789299990.3187943,0.03635573387145996,1.7639592645759452,-0.411213038519868,0.3082026243209839,-0.8520314887190868,control_pose,robot_origin,robot_origin
62.35492944700036,2026-09-13T11:46:30.424831+00:00,1789299990.3454444,0.07938647270202637,1.7639331250966308,-0.41121420128501374,0.3082100693824018,-0.8520366957756054,control_pose,robot_origin,robot_origin
62.38243401900036,2026-09-13T11:46:30.452344+00:00,1789299990.4017663,0.050577640533447266,1.7638393389094058,-0.41123529112210744,0.30821409821510315,-0.8519349593838249,control_pose,robot_origin,robot_origin
62.413342439999724,2026-09-13T11:46:30.483249+00:00,1789299990.4026608,0.08058810234069824,1.7638358758076584,-0.4112335923559285,0.30821395480530467,-0.8519334457507708,control_pose,robot_origin,robot_origin
62.450121713000044,2026-09-13T11:46:30.519811+00:00,1789299990.4718144,0.04799652099609375,1.763935894852168,-0.41064748867424933,0.3086865544319153,-0.8571359755084321,control_pose,robot_origin,robot_origin
62.4843430990004,2026-09-13T11:46:30.554245+00:00,1789299990.4738185,0.08042645454406738,1.7639735158394634,-0.4106665335240237,0.30871597114965155,-0.8580258439234946,control_pose,robot_origin,robot_origin
62.521708641999794,2026-09-13T11:46:30.591608+00:00,1789299990.5484679,0.04314017295837402,1.7647138351463094,-0.41113124787662064,0.310420960187912,-0.8881217981773354,control_pose,robot_origin,robot_origin
62.538092339000286,2026-09-13T11:46:30.607993+00:00,1789299990.602797,0.0051958560943603516,1.7651418798641951,-0.4106086480124132,0.31220656633377075,-0.9018472483826555,control_pose,robot_origin,robot_origin
62.55720596399988,2026-09-13T11:46:30.627105+00:00,1789299990.545139,0.08196592330932617,1.7646722958683607,-0.41117271579060816,0.3102641790931047,-0.8868186543384246,control_pose,robot_origin,robot_origin
62.60469530800037,2026-09-13T11:46:30.674611+00:00,1789299990.6551414,0.019469738006591797,1.7656928033290482,-0.4096245757278441,0.3131875693798065,-0.9151706125493961,control_pose,robot_origin,robot_origin
62.624772309000036,2026-09-13T11:46:30.694680+00:00,1789299990.6194687,0.0752112865447998,1.7652858529544113,-0.41031881900066686,0.3125953693085299,-0.906220547083098,control_pose,robot_origin,robot_origin
62.66966437100018,2026-09-13T11:46:30.739564+00:00,1789299990.7074819,0.03208208084106445,1.7659453937551992,-0.408325181945117,0.31383559107780457,-0.9268680280096916,control_pose,robot_origin,robot_origin
62.688070823999624,2026-09-13T11:46:30.757972+00:00,1789299990.6819632,0.07600879669189453,1.765773012304654,-0.4089532217021602,0.3135305539599555,-0.9212802186625708,control_pose,robot_origin,robot_origin
62.7341944359996,2026-09-13T11:46:30.804100+00:00,1789299990.7585263,0.04557371139526367,1.7663892781387716,-0.40698277310702785,0.3144005537033081,-0.9410915848502744,control_pose,robot_origin,robot_origin
62.74714612200023,2026-09-13T11:46:30.817049+00:00,1789299990.812008,0.0050411224365234375,1.7664734469456875,-0.4052884766892384,0.31501510739326477,-0.9573656443692014,control_pose,robot_origin,robot_origin
62.785597127000074,2026-09-13T11:46:30.855498+00:00,1789299990.7574096,0.09808850288391113,1.766375874382642,-0.4070260541601725,0.31438593245760504,-0.9406911504174917,control_pose,robot_origin,robot_origin
62.83667218499977,2026-09-13T11:46:30.906574+00:00,1789299990.8215003,0.08507370948791504,1.76655110463084,-0.4049591778507231,0.3151247144980477,-0.9606923945630954,control_pose,robot_origin,robot_origin
62.85252062299969,2026-09-13T11:46:30.922345+00:00,1789299990.8783393,0.044005632400512695,1.7671831399858868,-0.40326368441216776,0.31574979424476624,-0.9815555392440225,control_pose,robot_origin,robot_origin
62.872168611000234,2026-09-13T11:46:30.942066+00:00,1789299990.9284241,0.013641834259033203,1.7673093383136962,-0.4012906501891405,0.316344678401947,-0.9994464811814396,control_pose,robot_origin,robot_origin
62.90269979700042,2026-09-13T11:46:30.972603+00:00,1789299990.8939981,0.07860493659973145,1.7672502990954808,-0.40276929417733753,0.3159494169679848,-0.9867862980883226,control_pose,robot_origin,robot_origin
62.93557628399958,2026-09-13T11:46:31.005483+00:00,1789299990.9787169,0.026766061782836914,1.7677470846669496,-0.3991240449716317,0.31675252318382263,-1.0170395714000873,control_pose,robot_origin,robot_origin
62.995863705000374,2026-09-13T11:46:31.065766+00:00,1789299990.960869,0.10489702224731445,1.7676086858678675,-0.399836076843818,0.3166168400321419,-1.0116552071190166,control_pose,robot_origin,robot_origin
63.05344615899958,2026-09-13T11:46:31.123351+00:00,1789299991.0783327,0.04501843452453613,1.7694747691032755,-0.395012256431032,0.31746914982795715,-1.055140525034516,control_pose,robot_origin,robot_origin
63.08496580999963,2026-09-13T11:46:31.154869+00:00,1789299991.0325637,0.12230539321899414,1.7686195131705105,-0.3968880224597807,0.3171714411957699,-1.0382219327415305,control_pose,robot_origin,robot_origin
63.11515361900001,2026-09-13T11:46:31.185059+00:00,1789299991.1449518,0.04010725021362305,1.77119453664478,-0.3927638832718094,0.3176058530807495,-1.076709575689464,control_pose,robot_origin,robot_origin
63.12263639200046,2026-09-13T11:46:31.192539+00:00,1789299991.1004913,0.09204769134521484,1.7700467881323099,-0.3942644156906955,0.3175146192649833,-1.0623139095300727,control_pose,robot_origin,robot_origin
63.19305503800024,2026-09-13T11:46:31.262956+00:00,1789299991.1725307,0.09042525291442871,1.7718719073169034,-0.39187318746959054,0.31768129350984725,-1.0861409485150815,control_pose,robot_origin,robot_origin
63.22222033199978,2026-09-13T11:46:31.292126+00:00,1789299991.2487273,0.04339861869812012,1.7736241578116179,-0.3902558222081567,0.3177611529827118,-1.113669657361564,control_pose,robot_origin,robot_origin
63.24649399000009,2026-09-13T11:46:31.316323+00:00,1789299991.2434485,0.07287454605102539,1.7735051736374807,-0.39035082201354077,0.31775821920957537,-1.1117327316273118,control_pose,robot_origin,robot_origin
63.26779815499958,2026-09-13T11:46:31.337701+00:00,1789299991.3017378,0.03596329689025879,1.7745870051237458,-0.3893700283572694,0.3178679049015045,-1.131724252402851,control_pose,robot_origin,robot_origin
63.30122014100016,2026-09-13T11:46:31.371118+00:00,1789299991.3550324,0.01608562469482422,1.775661551029988,-0.3884027194050988,0.31789085268974304,-1.1507680580750037,control_pose,robot_origin,robot_origin
63.334741108000344,2026-09-13T11:46:31.404647+00:00,1789299991.3150985,0.08954858779907227,1.774774080799836,-0.3892232268292788,0.3178690562165315,-1.1372418667956399,control_pose,robot_origin,robot_origin
63.36724800800039,2026-09-13T11:46:31.437140+00:00,1789299991.408246,0.02889394760131836,1.776519437230882,-0.3879391852387529,0.3179576098918915,-1.1681534041394441,control_pose,robot_origin,robot_origin
63.387380627999846,2026-09-13T11:46:31.457231+00:00,1789299991.382404,0.07482695579528809,1.7761360697413466,-0.38813361798756785,0.317977489632878,-1.1595946294076753,control_pose,robot_origin,robot_origin
63.45035819900022,2026-09-13T11:46:31.520263+00:00,1789299991.4683847,0.05187821388244629,1.7772206332910288,-0.3880529076730134,0.31788358092308044,-1.188818610619946,control_pose,robot_origin,robot_origin
63.4741693699998,2026-09-13T11:46:31.544044+00:00,1789299991.4580379,0.08600616455078125,1.777097251924961,-0.3880228876128736,0.3179026654926324,-1.1850595293789032,control_pose,robot_origin,robot_origin
63.49896798200007,2026-09-13T11:46:31.568872+00:00,1789299991.5216997,0.04717230796813965,1.7781037254913754,-0.388650531292267,0.3175453543663025,-1.2091430703164778,control_pose,robot_origin,robot_origin
63.52471464100017,2026-09-13T11:46:31.594616+00:00,1789299991.5752242,0.019391775131225586,1.7788862547512951,-0.3895472999192287,0.31626513600349426,-1.2307596133624716,control_pose,robot_origin,robot_origin
63.55285559599997,2026-09-13T11:46:31.622760+00:00,1789299991.5273323,0.0954277515411377,1.77817075534116,-0.3887307683595675,0.31750396818355475,-1.2122540387134535,control_pose,robot_origin,robot_origin
63.597379927000475,2026-09-13T11:46:31.667281+00:00,1789299991.6319747,0.03530621528625488,1.7801586796535012,-0.390288775422906,0.3160335123538971,-1.2531237385269403,control_pose,robot_origin,robot_origin
63.6222763679998,2026-09-13T11:46:31.692178+00:00,1789299991.6005492,0.0916287899017334,1.7794366804367783,-0.3898631765100003,0.3161378888889432,-1.2408823705005034,control_pose,robot_origin,robot_origin
63.673255773000164,2026-09-13T11:46:31.743142+00:00,1789299991.6852748,0.05786705017089844,1.7814297380151742,-0.39100056025229846,0.3157581090927124,-1.2749998615036848,control_pose,robot_origin,robot_origin
63.69439439500002,2026-09-13T11:46:31.764251+00:00,1789299991.671162,0.09308910369873047,1.7811012242370206,-0.3908171422205621,0.3158458926907698,-1.269155340906171,control_pose,robot_origin,robot_origin
63.73540501499974,2026-09-13T11:46:31.805319+00:00,1789299991.7553456,0.049973487854003906,1.7830642066346636,-0.3916066835479194,0.3153439462184906,-1.3039164459361774,control_pose,robot_origin,robot_origin
63.74615867099965,2026-09-13T11:46:31.816058+00:00,1789299991.7358792,0.08017873764038086,1.7825567995597786,-0.39149062151667885,0.315410542395615,-1.2959352612998676,control_pose,robot_origin,robot_origin
63.769999219000056,2026-09-13T11:46:31.839909+00:00,1789299991.8083286,0.031580448150634766,1.7842276260949368,-0.3909316021791865,0.31486278772354126,-1.328477354067762,control_pose,robot_origin,robot_origin
63.80083064399969,2026-09-13T11:46:31.870728+00:00,1789299991.8620036,0.008724451065063477,1.7845217443785875,-0.3907029457087767,0.31417402625083923,-1.3513271811634189,control_pose,robot_origin,robot_origin
63.82449156799976,2026-09-13T11:46:31.894388+00:00,1789299991.8082728,0.08611512184143066,1.7842259234165154,-0.390931363893929,0.3148640034490411,-1.328444959294242,control_pose,robot_origin,robot_origin
63.85947491099978,2026-09-13T11:46:31.929382+00:00,1789299991.9163153,0.013066768646240234,1.7842574380368952,-0.3904826705729292,0.31296709179878235,-1.3805995320993223,control_pose,robot_origin,robot_origin
63.91990579499998,2026-09-13T11:46:31.989810+00:00,1789299991.9039764,0.08583354949951172,1.7841563479666738,-0.3903281923306996,0.31322715398264284,-1.373806960694796,control_pose,robot_origin,robot_origin
63.954231089999666,2026-09-13T11:46:32.024138+00:00,1789299991.974982,0.04915595054626465,1.7851206500717065,-0.3893494234980455,0.3119064271450043,-1.4070317447293939,control_pose,robot_origin,robot_origin
63.985844122000344,2026-09-13T11:46:32.055749+00:00,1789299991.962411,0.0933380126953125,1.7849637525464606,-0.389636861567902,0.31210813654829545,-1.4019849610000668,control_pose,robot_origin,robot_origin
64.0414562369997,2026-09-13T11:46:32.111357+00:00,1789299992.05832,0.05303692817687988,1.7891609761092448,-0.38886233643711066,0.3112400472164154,-1.4059921133590747,control_pose,robot_origin,robot_origin
64.05836792799983,2026-09-13T11:46:32.128277+00:00,1789299992.0324612,0.09581589698791504,1.7878657752424225,-0.3888847589471704,0.31128945715508854,-1.407114202349426,control_pose,robot_origin,robot_origin
64.09248287599985,2026-09-13T11:46:32.162389+00:00,1789299992.111753,0.05063605308532715,1.791015346697919,-0.3886811215198246,0.31042566895484924,-1.4031269451429134,control_pose,robot_origin,robot_origin
64.10044231200027,2026-09-13T11:46:32.170300+00:00,1789299992.0914247,0.07887530326843262,1.7903098539333966,-0.38875006448826327,0.31073549805515344,-1.4042188597288028,control_pose,robot_origin,robot_origin
64.13180317099977,2026-09-13T11:46:32.201707+00:00,1789299992.1649547,0.03675222396850586,1.7920666072311957,-0.3890276196429768,0.31046295166015625,-1.3995243268517645,control_pose,robot_origin,robot_origin
64.16956514899994,2026-09-13T11:46:32.239472+00:00,1789299992.1552594,0.0842125415802002,1.7918803420917546,-0.3889749462472032,0.31045256587067793,-1.400341623169465,control_pose,robot_origin,robot_origin
64.19669686900033,2026-09-13T11:46:32.266600+00:00,1789299992.2250638,0.04153609275817871,1.7924727184068325,-0.38980718369742823,0.31021633744239807,-1.3955248109451264,control_pose,robot_origin,robot_origin
64.24154627200005,2026-09-13T11:46:32.311450+00:00,1789299992.2245615,0.08688855171203613,1.7924691458694646,-0.38980005027070114,0.31021791651201813,-1.3955542963354295,control_pose,robot_origin,robot_origin
64.2751427940002,2026-09-13T11:46:32.345058+00:00,1789299992.3051634,0.03989458084106445,1.793199265389234,-0.3907980488065493,0.3098887503147125,-1.392179330128925,control_pose,robot_origin,robot_origin
64.30974922299993,2026-09-13T11:46:32.379659+00:00,1789299992.2983892,0.08126974105834961,1.7931167653804894,-0.390716651167548,0.30992580419659416,-1.3924594881212602,control_pose,robot_origin,robot_origin
64.34954736600048,2026-09-13T11:46:32.415993+00:00,1789299992.3682735,0.047719478607177734,1.7941890821017572,-0.3913299398296561,0.3096196949481964,-1.3881749650983792,control_pose,robot_origin,robot_origin
64.39102088900017,2026-09-13T11:46:32.460930+00:00,1789299992.3659687,0.09496140480041504,1.794144423598049,-0.3913079288012773,0.30962737658294054,-1.3883650797882308,control_pose,robot_origin,robot_origin
64.42446223499974,2026-09-13T11:46:32.494367+00:00,1789299992.4483325,0.04603433609008789,1.7954844645725565,-0.3918729907222297,0.3094584047794342,-1.3819748853951346,control_pose,robot_origin,robot_origin
64.45297805599967,2026-09-13T11:46:32.522883+00:00,1789299992.4358194,0.08706355094909668,1.7952742301576206,-0.3918012387737552,0.3094794368986577,-1.3829742056470204,control_pose,robot_origin,robot_origin
64.47743895500025,2026-09-13T11:46:32.547344+00:00,1789299992.5014486,0.04589533805847168,1.7963271165786898,-0.3922225789584384,0.3094165027141571,-1.377977864068541,control_pose,robot_origin,robot_origin
64.50388942500012,2026-09-13T11:46:32.573779+00:00,1789299992.555089,0.018690109252929688,1.7969555232051824,-0.3925024107653503,0.30939385294914246,-1.374987787574267,control_pose,robot_origin,robot_origin
64.53723486299987,2026-09-13T11:46:32.607143+00:00,1789299992.510721,0.09642195701599121,1.7964544501141224,-0.3922915475865853,0.3094075901208678,-1.3772783755435778,control_pose,robot_origin,robot_origin
64.60362265100048,2026-09-13T11:46:32.673528+00:00,1789299992.5820725,0.09145545959472656,1.7974514722285366,-0.3927504991513119,0.3093900727854748,-1.3725711630723647,control_pose,robot_origin,robot_origin
64.63830569200036,2026-09-13T11:46:32.708205+00:00,1789299992.66842,0.039784908294677734,1.7984039561318312,-0.3932116776899767,0.30927416682243347,-1.3675048985737828,control_pose,robot_origin,robot_origin
64.65935013299986,2026-09-13T11:46:32.729251+00:00,1789299992.6487012,0.08054971694946289,1.798200357782304,-0.3931283280502055,0.3093037284613487,-1.3686876541657824,control_pose,robot_origin,robot_origin
64.69875731200045,2026-09-13T11:46:32.768666+00:00,1789299992.7249012,0.04376482963562012,1.7990081145910413,-0.3933480887795749,0.3091941177845001,-1.3641929893341347,control_pose,robot_origin,robot_origin
64.72973092000029,2026-09-13T11:46:32.799355+00:00,1789299992.7199898,0.07936525344848633,1.798965903112895,-0.3933377331295063,0.30920422092297034,-1.3644246378583955,control_pose,robot_origin,robot_origin
64.76110256300035,2026-09-13T11:46:32.831004+00:00,1789299992.8010767,0.02992725372314453,1.7998188476087882,-0.39361277633149827,0.3091004192829132,-1.3602356084267195,control_pose,robot_origin,robot_origin
64.8103223600001,2026-09-13T11:46:32.880228+00:00,1789299992.7826076,0.09762048721313477,1.7996554545261816,-0.3935401009465497,0.30912096085538393,-1.361083671567162,control_pose,robot_origin,robot_origin
64.81791918700037,2026-09-13T11:46:32.887827+00:00,1789299992.8515108,0.0363161563873291,1.8003053294823599,-0.3939160608918463,0.30903902649879456,-1.356803454668137,control_pose,robot_origin,robot_origin
64.87905804100046,2026-09-13T11:46:32.948961+00:00,1789299992.8603914,0.08856964111328125,1.8003750466720978,-0.3939869119130451,0.30903953905457365,-1.3563312772228637,control_pose,robot_origin,robot_origin
64.93878488999962,2026-09-13T11:46:33.008685+00:00,1789299992.9617488,0.0469362735748291,1.8007600563387336,-0.3945951954128968,0.30892136693000793,-1.3506991273333995,control_pose,robot_origin,robot_origin
64.9587276430002,2026-09-13T11:46:33.028634+00:00,1789299992.9250891,0.10354495048522949,1.8006399041230476,-0.39438498748539086,0.3089720847276563,-1.3527260358119806,control_pose,robot_origin,robot_origin
65.01513704599984,2026-09-13T11:46:33.085045+00:00,1789299992.993985,0.09106016159057617,1.800732109482695,-0.39474307289555294,0.30889402842381164,-1.3491557390704512,control_pose,robot_origin,robot_origin
65.03829925599985,2026-09-13T11:46:33.108206+00:00,1789299993.0654578,0.042748212814331055,1.8007326984868968,-0.39504218569986704,0.308838814496994,-1.3468296335478525,control_pose,robot_origin,robot_origin
65.08037719200001,2026-09-13T11:46:33.150182+00:00,1789299993.061418,0.08876395225524902,1.800731513714789,-0.39502580878614624,0.30884183585740305,-1.346940930932577,control_pose,robot_origin,robot_origin
65.1185815910003,2026-09-13T11:46:33.188412+00:00,1789299993.1416762,0.04673576354980469,1.8009332250167331,-0.3951904064877815,0.3087707757949829,-1.344609484568733,control_pose,robot_origin,robot_origin
65.14920564499971,2026-09-13T11:46:33.219104+00:00,1789299993.1315987,0.08750534057617188,1.8009022651653346,-0.39517228844971264,0.3087820053057672,-1.3449096765610786,control_pose,robot_origin,robot_origin
65.15788031699958,2026-09-13T11:46:33.227755+00:00,1789299993.1964147,0.03134036064147949,1.8012632318883177,-0.395295914764862,0.3087363839149475,-1.3426723324857632,control_pose,robot_origin,robot_origin
65.22370753300038,2026-09-13T11:46:33.293532+00:00,1789299993.2053149,0.08821702003479004,1.8013151870994384,-0.39530652274411576,0.30872207953410696,-1.342307521373201,control_pose,robot_origin,robot_origin
65.2600160940001,2026-09-13T11:46:33.329871+00:00,1789299993.2848618,0.04500913619995117,1.8017756110111725,-0.39551514308344116,0.30865877866744995,-1.3397536828933816,control_pose,robot_origin,robot_origin
65.28183794899996,2026-09-13T11:46:33.351744+00:00,1789299993.2740684,0.07767558097839355,1.8017219255664114,-0.3954861764051481,0.30866381201252896,-1.340081173146961,control_pose,robot_origin,robot_origin
65.29737901099998,2026-09-13T11:46:33.367283+00:00,1789299993.3414857,0.025797367095947266,1.8021077755361057,-0.3957054457418893,0.308602899312973,-1.3381524523475579,control_pose,robot_origin,robot_origin
65.34121073099959,2026-09-13T11:46:33.411107+00:00,1789299993.3428676,0.06823945045471191,1.802114359646253,-0.3957086442933174,0.308602024451114,-1.3381294509702055,control_pose,robot_origin,robot_origin
65.35433058499984,2026-09-13T11:46:33.424235+00:00,1789299993.39174,0.03249502182006836,1.802334593045599,-0.39582487778860387,0.3085844814777374,-1.3368791725437899,control_pose,robot_origin,robot_origin
65.39119674199992,2026-09-13T11:46:33.461101+00:00,1789299993.4458807,0.015220403671264648,1.8024582706543133,-0.39590013710380023,0.30857133865356445,-1.3357748752185716,control_pose,robot_origin,robot_origin
65.411017249,2026-09-13T11:46:33.480237+00:00,1789299993.4166608,0.06357622146606445,1.8023957371082697,-0.3958495348619032,0.30855513649993044,-1.336316519318159,control_pose,robot_origin,robot_origin
65.44303286000013,2026-09-13T11:46:33.512936+00:00,1789299993.4982824,0.014653682708740234,1.8026372801764312,-0.39602461262066657,0.3085196912288666,-1.334794951574451,control_pose,robot_origin,robot_origin
65.48982888800037,2026-09-13T11:46:33.559732+00:00,1789299993.4808867,0.07884526252746582,1.8025757361889683,-0.39598785924018637,0.3085375929006355,-1.3351616094189933,control_pose,robot_origin,robot_origin
65.54112837100001,2026-09-13T11:46:33.611042+00:00,1789299993.5585878,0.052454233169555664,1.8028501990095067,-0.39611136595808505,0.308454692363739,-1.3331002266131642,control_pose,robot_origin,robot_origin
65.5698132890002,2026-09-13T11:46:33.639719+00:00,1789299993.5507588,0.08896017074584961,1.8028162740499742,-0.39610682276405595,0.3084630268995244,-1.3333333158415457,control_pose,robot_origin,robot_origin
65.61258965999968,2026-09-13T11:46:33.682498+00:00,1789299993.6452007,0.03729724884033203,1.8032275293341165,-0.3960327955768751,0.3083690106868744,-1.3303782702127525,control_pose,robot_origin,robot_origin
65.68459983899993,2026-09-13T11:46:33.754503+00:00,1789299993.6234655,0.13103747367858887,1.8031195844467782,-0.39602907886711386,0.30839366441802707,-1.3310395804143624,control_pose,robot_origin,robot_origin
65.73745504900035,2026-09-13T11:46:33.807353+00:00,1789299993.7513142,0.056038856506347656,1.8034420221726324,-0.3962066580111642,0.30835890769958496,-1.3291383209510412,control_pose,robot_origin,robot_origin
65.76162662099978,2026-09-13T11:46:33.831531+00:00,1789299993.6941316,0.13739943504333496,1.803356061932528,-0.39611852687213234,0.30837575620616153,-1.3296645031695593,control_pose,robot_origin,robot_origin
65.82021798799997,2026-09-13T11:46:33.890120+00:00,1789299993.8246791,0.06544089317321777,1.8034903343033952,-0.3962386698651909,0.3083641231060028,-1.3284303214839188,control_pose,robot_origin,robot_origin
65.84885483899961,2026-09-13T11:46:33.918758+00:00,1789299993.7589455,0.15981245040893555,1.8034470473782303,-0.39620998773696,0.30835945018216876,-1.3290646782004862,control_pose,robot_origin,robot_origin
65.87188238599992,2026-09-13T11:46:33.941730+00:00,1789299993.878082,0.06364798545837402,1.8035155133145955,-0.3962385907679256,0.30836790800094604,-1.3281204269022848,control_pose,robot_origin,robot_origin
65.89206662400011,2026-09-13T11:46:33.961972+00:00,1789299993.8376198,0.12435221672058105,1.8034964357129932,-0.39623865069824254,0.30836504026649614,-1.3283552277402575,control_pose,robot_origin,robot_origin
65.92781314100012,2026-09-13T11:46:33.997731+00:00,1789299993.9522173,0.04551362991333008,1.803501723804038,-0.3963155822830929,0.3083643913269043,-1.3281415381767534,control_pose,robot_origin,robot_origin
65.95372307100024,2026-09-13T11:46:34.023619+00:00,1789299993.9127486,0.110870361328125,1.803509065215893,-0.3962745926903291,0.3083662635726517,-1.3281303015052555,control_pose,robot_origin,robot_origin
65.98684219299957,2026-09-13T11:46:34.056751+00:00,1789299994.0181375,0.03861355781555176,1.80346114003572,-0.39638673861710205,0.3083621561527252,-1.3280876136731015,control_pose,robot_origin,robot_origin
66.00587165300021,2026-09-13T11:46:34.075773+00:00,1789299993.9727895,0.10298347473144531,1.8034890585949204,-0.39633778844796164,0.30836369378329104,-1.3281247114810246,control_pose,robot_origin,robot_origin
66.07694079300018,2026-09-13T11:46:34.146843+00:00,1789299994.0463853,0.10045766830444336,1.8025089890081987,-0.39586568288319296,0.30860467442569384,-1.3285309295564869,control_pose,robot_origin,robot_origin
66.10800157199992,2026-09-13T11:46:34.177906+00:00,1789299994.1313858,0.046520233154296875,1.8024234490500988,-0.3982356748925001,0.30933094024658203,-1.357703021024638,control_pose,robot_origin,robot_origin
66.132984545,2026-09-13T11:46:34.202889+00:00,1789299994.115635,0.08725404739379883,1.8023276783393498,-0.3976383717470381,0.30919650158241097,-1.35117940527788,control_pose,robot_origin,robot_origin
66.15985359499973,2026-09-13T11:46:34.229765+00:00,1789299994.1882696,0.041495323181152344,1.8033801718310318,-0.39846872564102137,0.30947935581207275,-1.3740166028282133,control_pose,robot_origin,robot_origin
66.18033915900014,2026-09-13T11:46:34.250234+00:00,1789299994.2415679,0.008666038513183594,1.8042737990504354,-0.3983845476238584,0.3101591467857361,-1.390322697105586,control_pose,robot_origin,robot_origin
66.19856851500026,2026-09-13T11:46:34.268473+00:00,1789299994.1870458,0.08142709732055664,1.8033624100117511,-0.39846624547751613,0.3094713213274603,-1.3736966971806621,control_pose,robot_origin,robot_origin
66.24241626700041,2026-09-13T11:46:34.312322+00:00,1789299994.2915926,0.02072930335998535,1.80523534199442,-0.3984320853503603,0.31157386302948,-1.4062667796689883,control_pose,robot_origin,robot_origin
66.27628864300004,2026-09-13T11:46:34.346196+00:00,1789299994.272548,0.07364797592163086,1.8048268127978673,-0.39845505340205123,0.3110028795315773,-1.4002183291587684,control_pose,robot_origin,robot_origin
66.31021109999983,2026-09-13T11:46:34.380115+00:00,1789299994.3447042,0.03541088104248047,1.8057023044626734,-0.3972955893564665,0.31268444657325745,-1.4230776985552427,control_pose,robot_origin,robot_origin
66.35190482500002,2026-09-13T11:46:34.421808+00:00,1789299994.33246,0.08934807777404785,1.8056901203601274,-0.39778437762763774,0.31243770043886493,-1.4186158080282296,control_pose,robot_origin,robot_origin
66.40340431799996,2026-09-13T11:46:34.473307+00:00,1789299994.4249673,0.0483396053314209,1.8051755957766167,-0.39701539405332464,0.3124583661556244,-1.4233982172342068,control_pose,robot_origin,robot_origin
66.41953718599962,2026-09-13T11:46:34.489437+00:00,1789299994.3933067,0.09613037109375,1.807037050537,-0.396732124877202,0.3125288103883891,-1.4289105313824686,control_pose,robot_origin,robot_origin
66.448669677,2026-09-13T11:46:34.518573+00:00,1789299994.4813797,0.03719329833984375,1.8037207275540525,-0.39734005979513837,0.31254762411117554,-1.4106466838354343,control_pose,robot_origin,robot_origin
66.46892671800015,2026-09-13T11:46:34.538826+00:00,1789299994.4603472,0.07847881317138672,1.8042631577377992,-0.397219012063628,0.3125143453519865,-1.415398305824517,control_pose,robot_origin,robot_origin
66.53490350799984,2026-09-13T11:46:34.604815+00:00,1789299994.5561092,0.0487058162689209,1.8049743676786338,-0.3964724447310757,0.3104854226112366,-1.4009361093596653,control_pose,robot_origin,robot_origin
66.54986988600012,2026-09-13T11:46:34.619776+00:00,1789299994.5332973,0.08647871017456055,1.8045916790746455,-0.3967372945800517,0.3111149342212119,-1.4038986720410473,control_pose,robot_origin,robot_origin
66.58586598300008,2026-09-13T11:46:34.655771+00:00,1789299994.611747,0.044023990631103516,1.8058276480650315,-0.39673103863598974,0.31000015139579773,-1.3906781974914417,control_pose,robot_origin,robot_origin
66.62317542500023,2026-09-13T11:46:34.693082+00:00,1789299994.606019,0.08706307411193848,1.8057398006287992,-0.3967044157205516,0.3100501113302263,-1.3917342603299818,control_pose,robot_origin,robot_origin
66.64845626799979,2026-09-13T11:46:34.718357+00:00,1789299994.6712816,0.047075510025024414,1.8063513162262739,-0.39707335266979726,0.3099598288536072,-1.3823920403916132,control_pose,robot_origin,robot_origin
66.66765226500047,2026-09-13T11:46:34.737553+00:00,1789299994.7277215,0.009831428527832031,1.8061901573433572,-0.3974440351952803,0.31002718210220337,-1.3779773405902396,control_pose,robot_origin,robot_origin
66.68705223899997,2026-09-13T11:46:34.756956+00:00,1789299994.6777587,0.07919740676879883,1.8063673241989309,-0.3970988100315167,0.3099676707559282,-1.3818222384015126,control_pose,robot_origin,robot_origin
66.7302998969999,2026-09-13T11:46:34.800202+00:00,1789299994.7814257,0.01877617835998535,1.8060241796847045,-0.39767566193700726,0.31006231904029846,-1.375148381717254,control_pose,robot_origin,robot_origin
66.74875143999998,2026-09-13T11:46:34.818652+00:00,1789299994.7429802,0.07567167282104492,1.8061339905778833,-0.39750160731053197,0.3100374429203357,-1.377073386299037,control_pose,robot_origin,robot_origin
66.79559095700006,2026-09-13T11:46:34.865492+00:00,1789299994.831438,0.03405404090881348,1.806043302739492,-0.3978703309538682,0.31011295318603516,-1.3732952003313665,control_pose,robot_origin,robot_origin
66.83220612500008,2026-09-13T11:46:34.902124+00:00,1789299994.8133185,0.0888054370880127,1.8060212409478569,-0.3978305440524025,0.31009368564325684,-1.3739781352984135,control_pose,robot_origin,robot_origin
66.8504946840003,2026-09-13T11:46:34.920403+00:00,1789299994.8880637,0.03233933448791504,1.8061394890518039,-0.39808330157701255,0.31014788150787354,-1.371515512587043,control_pose,robot_origin,robot_origin
66.89052432599965,2026-09-13T11:46:34.960413+00:00,1789299994.8792233,0.08118963241577148,1.8061219199095642,-0.3980306535907706,0.31014430885453365,-1.3718559380852933,control_pose,robot_origin,robot_origin
66.90380274699965,2026-09-13T11:46:34.973705+00:00,1789299994.9419482,0.03175687789916992,1.806270561620714,-0.3983102871048646,0.31021061539649963,-1.3698362815148235,control_pose,robot_origin,robot_origin
66.9338764690001,2026-09-13T11:46:35.003780+00:00,1789299994.9949872,0.008792638778686523,1.806437499020885,-0.39834482841805197,0.3103269934654236,-1.3670785355709496,control_pose,robot_origin,robot_origin
66.96769152900015,2026-09-13T11:46:35.037595+00:00,1789299994.9595547,0.07804036140441895,1.8063373529529587,-0.3983275106192334,0.3102495861068535,-1.369095004352918,control_pose,robot_origin,robot_origin
67.00060740800018,2026-09-13T11:46:35.070511+00:00,1789299995.0482225,0.02228856086730957,1.8066495809319008,-0.3983791432554848,0.310421347618103,-1.3641941039679804,control_pose,robot_origin,robot_origin
67.03492918200027,2026-09-13T11:46:35.104828+00:00,1789299995.0245593,0.08026862144470215,1.8065621004969576,-0.39840520221573883,0.3103860075131962,-1.3654798235162329,control_pose,robot_origin,robot_origin
67.0640641050004,2026-09-13T11:46:35.133967+00:00,1789299995.0982447,0.03572225570678711,1.8070019129372072,-0.39841422644127455,0.3105093240737915,-1.3619255149411118,control_pose,robot_origin,robot_origin
67.12569978200008,2026-09-13T11:46:35.195605+00:00,1789299995.096808,0.09879708290100098,1.8069910817711556,-0.3984126875887192,0.3105066668929794,-1.3619833581649352,control_pose,robot_origin,robot_origin
67.17048585199973,2026-09-13T11:46:35.240384+00:00,1789299995.1946573,0.045726776123046875,1.8074926285391373,-0.3985921753909818,0.31066158413887024,-1.3582814362371565,control_pose,robot_origin,robot_origin
67.18459151499974,2026-09-13T11:46:35.254496+00:00,1789299995.1707394,0.08375668525695801,1.807389186026555,-0.39851956450146436,0.3106342948984127,-1.3592425738518186,control_pose,robot_origin,robot_origin
67.2123888670003,2026-09-13T11:46:35.282291+00:00,1789299995.2452116,0.0370793342590332,1.8076305298153919,-0.39869361397489667,0.31070423126220703,-1.3573108682833568,control_pose,robot_origin,robot_origin
67.2581288729998,2026-09-13T11:46:35.328031+00:00,1789299995.235001,0.09302997589111328,1.80760519383799,-0.3986710349968825,0.310695344438322,-1.357494423124028,control_pose,robot_origin,robot_origin
67.29153095200036,2026-09-13T11:46:35.361432+00:00,1789299995.3079252,0.05350685119628906,1.8077613462725937,-0.39879217947955115,0.31073713302612305,-1.3561300787372736,control_pose,robot_origin,robot_origin
67.32313390200034,2026-09-13T11:46:35.393038+00:00,1789299995.3007648,0.09227323532104492,1.807754005522597,-0.39878450277077954,0.31073455518988824,-1.3562544680826418,control_pose,robot_origin,robot_origin
67.35372144099983,2026-09-13T11:46:35.423623+00:00,1789299995.3785522,0.04507088661193848,1.8078651651426088,-0.39890480529090144,0.3107483983039856,-1.3552512703727395,control_pose,robot_origin,robot_origin
67.39718642200023,2026-09-13T11:46:35.467091+00:00,1789299995.3731506,0.09394049644470215,1.8078592184971258,-0.398899947796155,0.31074766156278355,-1.3553136231322505,control_pose,robot_origin,robot_origin
67.42454884000017,2026-09-13T11:46:35.494452+00:00,1789299995.4545777,0.03987431526184082,1.8079084079208785,-0.399013361358314,0.31074652075767517,-1.3545872121034872,control_pose,robot_origin,robot_origin
67.45524857700002,2026-09-13T11:46:35.525148+00:00,1789299995.4379492,0.08719873428344727,1.807900822150614,-0.39898659855578245,0.3107495971017322,-1.3547791989301057,control_pose,robot_origin,robot_origin
67.48872630799997,2026-09-13T11:46:35.558632+00:00,1789299995.5079849,0.05064702033996582,1.8079645218616234,-0.39909215154795136,0.31073862314224243,-1.3538827612257718,control_pose,robot_origin,robot_origin
67.5256080170002,2026-09-13T11:46:35.595512+00:00,1789299995.5098057,0.08570623397827148,1.807966746801652,-0.39909326891236757,0.31073874317382233,-1.353848008048991,control_pose,robot_origin,robot_origin
67.5513636679998,2026-09-13T11:46:35.621270+00:00,1789299995.584759,0.03651094436645508,1.8080034945188628,-0.39909239484595843,0.3107554018497467,-1.3531319297311186,control_pose,robot_origin,robot_origin
67.59828978099995,2026-09-13T11:46:35.668195+00:00,1789299995.5803916,0.08780336380004883,1.8080049783094037,-0.39909323069055214,0.3107541138852105,-1.3531638656823919,control_pose,robot_origin,robot_origin
67.62017445400033,2026-09-13T11:46:35.690075+00:00,1789299995.6555462,0.03452873229980469,1.8079768582139255,-0.3990705450849538,0.310767263174057,-1.35252949105978,control_pose,robot_origin,robot_origin
67.68445682400034,2026-09-13T11:46:35.754359+00:00,1789299995.6546378,0.09972119331359863,1.8079772993496914,-0.3990709147525455,0.3107671645473498,-1.352539987357047,control_pose,robot_origin,robot_origin
67.70765343499988,2026-09-13T11:46:35.777548+00:00,1789299995.7378438,0.039704322814941406,1.8079700480594005,-0.3991168376644475,0.3107682466506958,-1.3521684546608879,control_pose,robot_origin,robot_origin
67.73078741900008,2026-09-13T11:46:35.800693+00:00,1789299995.7202609,0.08043217658996582,1.8079739801390855,-0.3991090580766605,0.31076876627515443,-1.3522375755209168,control_pose,robot_origin,robot_origin
67.77585929500037,2026-09-13T11:46:35.845766+00:00,1789299995.8082502,0.037515878677368164,1.8080095063072084,-0.3992333906510766,0.3107709586620331,-1.351597187208236,control_pose,robot_origin,robot_origin
67.82034832699992,2026-09-13T11:46:35.890250+00:00,1789299995.7919872,0.09826278686523438,1.8080012487740351,-0.39919829996400885,0.31077016040297967,-1.3517468714213503,control_pose,robot_origin,robot_origin
67.85686748999979,2026-09-13T11:46:35.926771+00:00,1789299995.8746161,0.0521547794342041,1.8079647367322111,-0.399301766389596,0.31077033281326294,-1.351372524863482,control_pose,robot_origin,robot_origin
67.87693130499974,2026-09-13T11:46:35.946834+00:00,1789299995.8587282,0.08810591697692871,1.8079787940801035,-0.3992882955195737,0.31077063368770974,-1.3514362907918052,control_pose,robot_origin,robot_origin
67.89204853800038,2026-09-13T11:46:35.961949+00:00,1789299995.9279325,0.03401660919189453,1.8079728272421884,-0.39937145591175194,0.3107711970806122,-1.3508930423112024,control_pose,robot_origin,robot_origin
67.92591233599978,2026-09-13T11:46:35.995809+00:00,1789299995.9779618,0.017847299575805664,1.8079993410201458,-0.39937747822365977,0.3107715845108032,-1.3507442201362776,control_pose,robot_origin,robot_origin
67.96291315399958,2026-09-13T11:46:36.032813+00:00,1789299995.9388807,0.0939323902130127,1.8079779198781933,-0.39937079423779126,0.31077128648757935,-1.3508447032769422,control_pose,robot_origin,robot_origin
68.01071207800032,2026-09-13T11:46:36.080606+00:00,1789299996.0021555,0.07845044136047363,1.8079233317832455,-0.3993811730846265,0.31077257224698296,-1.3508009339906462,control_pose,robot_origin,robot_origin
68.03103004999957,2026-09-13T11:46:36.100932+00:00,1789299996.0447268,0.056205034255981445,1.807619675378782,-0.3992661896601396,0.3108251988887787,-1.3464423180444127,control_pose,robot_origin,robot_origin
68.05848184800016,2026-09-13T11:46:36.128381+00:00,1789299996.1013293,0.027051687240600586,1.808445267960074,-0.3994387825682506,0.3108367323875427,-1.3195088738661545,control_pose,robot_origin,robot_origin
68.08101516199986,2026-09-13T11:46:36.150918+00:00,1789299996.074135,0.0767829418182373,1.807871096106307,-0.39953640371589805,0.31082648802537305,-1.3327196147076015,control_pose,robot_origin,robot_origin
68.11889848800001,2026-09-13T11:46:36.188804+00:00,1789299996.1547048,0.03409910202026367,1.8087050619643334,-0.3995927568442079,0.31076085567474365,-1.2964416453356695,control_pose,robot_origin,robot_origin
68.15546002100018,2026-09-13T11:46:36.225360+00:00,1789299996.1427255,0.08263444900512695,1.8086337674460642,-0.39954771529898636,0.31078669313877494,-1.3019336930523526,control_pose,robot_origin,robot_origin
68.18206867299978,2026-09-13T11:46:36.251973+00:00,1789299996.2111082,0.04086470603942871,1.80926442984004,-0.39967281742638583,0.3106977045536041,-1.2738243021540627,control_pose,robot_origin,robot_origin
68.20641423800043,2026-09-13T11:46:36.276321+00:00,1789299996.2646308,0.011690139770507812,1.8098683910268074,-0.39984614381658157,0.3105933368206024,-1.2531928999867672,control_pose,robot_origin,robot_origin
68.23767428999963,2026-09-13T11:46:36.307576+00:00,1789299996.2170553,0.09052062034606934,1.8092661776476233,-0.3996770578150722,0.31069367636827716,-1.27133939658571,control_pose,robot_origin,robot_origin
68.30874016399957,2026-09-13T11:46:36.378638+00:00,1789299996.2872782,0.09135985374450684,1.8101315581801904,-0.39998459904353206,0.31052169286999903,-1.2451099283211604,control_pose,robot_origin,robot_origin
68.33539384300002,2026-09-13T11:46:36.405295+00:00,1789299996.37226,0.0330348014831543,1.8112762648843315,-0.4002361166150111,0.3103596568107605,-1.2172467520945056,control_pose,robot_origin,robot_origin
68.37492179499986,2026-09-13T11:46:36.444836+00:00,1789299996.358498,0.08633780479431152,1.8110926568595598,-0.40019884367798936,0.31038496604516164,-1.2217099075855677,control_pose,robot_origin,robot_origin
68.4055595130003,2026-09-13T11:46:36.475455+00:00,1789299996.4313302,0.04412484169006348,1.8120413870786052,-0.4005045843963657,0.31042808294296265,-1.198039500012043,control_pose,robot_origin,robot_origin
68.42610978399989,2026-09-13T11:46:36.496016+00:00,1789299996.4196444,0.07637166976928711,1.8118884793168795,-0.40044763802542704,0.3104020781392557,-1.2019102104193489,control_pose,robot_origin,robot_origin
68.45437768699958,2026-09-13T11:46:36.524278+00:00,1789299996.4844549,0.039823055267333984,1.8127177801703895,-0.4007553391947244,0.31065425276756287,-1.1812418422533688,control_pose,robot_origin,robot_origin
68.52992692099997,2026-09-13T11:46:36.599834+00:00,1789299996.4918327,0.1080012321472168,1.8127814151582635,-0.40081436488294686,0.3106774468108811,-1.1791515888438482,control_pose,robot_origin,robot_origin
68.5767345309996,2026-09-13T11:46:36.646639+00:00,1789299996.6045587,0.04208040237426758,1.813513760588625,-0.4016754585224629,0.3105417788028717,-1.144740865992889,control_pose,robot_origin,robot_origin
68.60274030599976,2026-09-13T11:46:36.672639+00:00,1789299996.5618443,0.1107945442199707,1.8132524300805166,-0.40134825013588055,0.3106356093115614,-1.1577894843674124,control_pose,robot_origin,robot_origin
68.63103035400036,2026-09-13T11:46:36.700929+00:00,1789299996.6546168,0.04631209373474121,1.8139821674078258,-0.40229824510655693,0.31064027547836304,-1.130246620659916,control_pose,robot_origin,robot_origin
68.65570393500002,2026-09-13T11:46:36.725605+00:00,1789299996.6342416,0.09136343002319336,1.8138051812157836,-0.40200180580222555,0.3105854382330119,-1.1366692314560656,control_pose,robot_origin,robot_origin
68.6737707860002,2026-09-13T11:46:36.743649+00:00,1789299996.707924,0.03572511672973633,1.814618695554332,-0.40293198330608504,0.310888409614563,-1.1159318198654113,control_pose,robot_origin,robot_origin
68.71377479399962,2026-09-13T11:46:36.783674+00:00,1789299996.701043,0.08263111114501953,1.8144798659392738,-0.4028881257346487,0.3108595735973987,-1.117632825477622,control_pose,robot_origin,robot_origin
68.72845418100042,2026-09-13T11:46:36.798361+00:00,1789299996.7580197,0.04034137725830078,1.8159935150029731,-0.4035283331235161,0.3102535307407379,-1.101803496508648,control_pose,robot_origin,robot_origin
68.75045716400018,2026-09-13T11:46:36.820358+00:00,1789299996.8115056,0.008852481842041016,1.8174437552569256,-0.4041920106150453,0.30981796979904175,-1.0856079801880718,control_pose,robot_origin,robot_origin
68.78323754800022,2026-09-13T11:46:36.853140+00:00,1789299996.774517,0.07862305641174316,1.8164922899821103,-0.40368810641095404,0.3100706465703379,-1.0970890129669177,control_pose,robot_origin,robot_origin
68.82835592300034,2026-09-13T11:46:36.898257+00:00,1789299996.86786,0.03039693832397461,1.818811569250872,-0.40494280371845603,0.3092079758644104,-1.0687749871901577,control_pose,robot_origin,robot_origin
68.88348961199972,2026-09-13T11:46:36.953365+00:00,1789299996.8416831,0.11168193817138672,1.818197427095796,-0.40461018094251344,0.30952256991922245,-1.0767027861684828,control_pose,robot_origin,robot_origin
68.92164568699991,2026-09-13T11:46:36.991557+00:00,1789299996.9545336,0.037023305892944336,1.8209104177009905,-0.40615534982465534,0.30855435132980347,-1.0445794577496768,control_pose,robot_origin,robot_origin
68.93207427099969,2026-09-13T11:46:37.001979+00:00,1789299996.9120164,0.08996272087097168,1.819885627143225,-0.4055715984561216,0.3088399519723305,-1.0562803790508368,control_pose,robot_origin,robot_origin
68.98211048899975,2026-09-13T11:46:37.052011+00:00,1789299997.0078588,0.044152259826660156,1.8220913132200218,-0.4068279837605986,0.3083804249763489,-1.03005452496238,control_pose,robot_origin,robot_origin
68.99762870199993,2026-09-13T11:46:37.067531+00:00,1789299996.9944632,0.07306790351867676,1.8218552670227506,-0.4066563840992704,0.3084471495652902,-1.0335558887188272,control_pose,robot_origin,robot_origin
69.03430409500015,2026-09-13T11:46:37.104209+00:00,1789299997.0611017,0.04310727119445801,1.823211282804676,-0.4074989093426342,0.30803561210632324,-1.0144874836199018,control_pose,robot_origin,robot_origin
69.06976954099991,2026-09-13T11:46:37.139678+00:00,1789299997.1119714,0.027706623077392578,1.824230516633947,-0.40804907217052205,0.3079861104488373,-1.0013393960585246,control_pose,robot_origin,robot_origin
69.09814548099985,2026-09-13T11:46:37.168048+00:00,1789299997.06813,0.09991788864135742,1.8233630086572732,-0.4075902113539507,0.30801780050599487,-1.0128278020567254,control_pose,robot_origin,robot_origin
69.14308762200017,2026-09-13T11:46:37.212971+00:00,1789299997.1278148,0.08515620231628418,1.8245485131033863,-0.4082257624575858,0.3079665399437901,-0.9968202901454157,control_pose,robot_origin,robot_origin
69.16459867699996,2026-09-13T11:46:37.234503+00:00,1789299997.191278,0.04322504997253418,1.8257752643167084,-0.4092008433850548,0.30761826038360596,-0.9791317902643988,control_pose,robot_origin,robot_origin
69.21001978599998,2026-09-13T11:46:37.279923+00:00,1789299997.194788,0.08513498306274414,1.8258303894315564,-0.40927292266028914,0.3075932734263314,-0.9782638310237312,control_pose,robot_origin,robot_origin
69.24084999200022,2026-09-13T11:46:37.310759+00:00,1789299997.2743883,0.03637075424194336,1.8272187270673481,-0.41052810903868525,0.3071497082710266,-0.9558214245508185,control_pose,robot_origin,robot_origin
69.26810050099994,2026-09-13T11:46:37.338003+00:00,1789299997.263927,0.07407593727111816,1.827041721778129,-0.4103661113505332,0.3072039634273567,-0.9587446796112782,control_pose,robot_origin,robot_origin
69.29548676000013,2026-09-13T11:46:37.365377+00:00,1789299997.3277745,0.03760242462158203,1.8281682966840003,-0.41115748087980053,0.3066677749156952,-0.9411490893333144,control_pose,robot_origin,robot_origin
69.31758971599993,2026-09-13T11:46:37.387492+00:00,1789299997.381805,0.00568699836730957,1.8294559083040818,-0.4118064408036392,0.3062344789505005,-0.9257512755870914,control_pose,robot_origin,robot_origin
69.3463710850001,2026-09-13T11:46:37.416273+00:00,1789299997.3305607,0.08571243286132812,1.8282137551098583,-0.411185624379917,0.3066524263998245,-0.9404475367190553,control_pose,robot_origin,robot_origin
69.39092040600008,2026-09-13T11:46:37.460821+00:00,1789299997.434422,0.026398897171020508,1.8306291837104738,-0.4123516158706049,0.30552804470062256,-0.9105031946940968,control_pose,robot_origin,robot_origin
69.44177138600026,2026-09-13T11:46:37.511678+00:00,1789299997.4091861,0.10249185562133789,1.8300031499956113,-0.41208959759782354,0.3058425188570753,-0.9186644766185021,control_pose,robot_origin,robot_origin
69.48815129400009,2026-09-13T11:46:37.558016+00:00,1789299997.5178578,0.04015827178955078,1.8323808364921572,-0.41232688888378377,0.30497172474861145,-0.8867913705240446,control_pose,robot_origin,robot_origin
69.50593061099971,2026-09-13T11:46:37.575832+00:00,1789299997.4732099,0.10262203216552734,1.8314815396313422,-0.4123848702843527,0.3052852604997487,-0.899790490865073,control_pose,robot_origin,robot_origin
69.5452419760004,2026-09-13T11:46:37.615139+00:00,1789299997.5431676,0.07197141647338867,1.8328631412209788,-0.41219261265671725,0.30479528225091257,-0.8791323063556351,control_pose,robot_origin,robot_origin
69.55815609100046,2026-09-13T11:46:37.628063+00:00,1789299997.5811038,0.04695916175842285,1.8333397927667385,-0.4120695203523708,0.3045753538608551,-0.8676007436078164,control_pose,robot_origin,robot_origin
69.56736138100041,2026-09-13T11:46:37.637267+00:00,1789299997.6322894,0.004977703094482422,1.834006661900872,-0.4124270498239523,0.3042183518409729,-0.8502983776116612,control_pose,robot_origin,robot_origin
69.61749718900046,2026-09-13T11:46:37.687404+00:00,1789299997.6139815,0.07342243194580078,1.8337881869694965,-0.4121340593237386,0.30438989808166556,-0.8575172196240475,control_pose,robot_origin,robot_origin
69.6303359399999,2026-09-13T11:46:37.700244+00:00,1789299997.6878147,0.012429237365722656,1.8363467566287932,-0.4110768589901648,0.30415213108062744,-0.8317906515847582,control_pose,robot_origin,robot_origin
69.69485479899959,2026-09-13T11:46:37.764761+00:00,1789299997.6822662,0.08249473571777344,1.8362133273689971,-0.41134818093744396,0.30409141004997337,-0.833630023566661,control_pose,robot_origin,robot_origin
69.70474037900021,2026-09-13T11:46:37.774641+00:00,1789299997.7412093,0.0334317684173584,1.8363034538656495,-0.41119390900697983,0.3046385943889618,-0.8130153716364014,control_pose,robot_origin,robot_origin
69.7323336569998,2026-09-13T11:46:37.802237+00:00,1789299997.7945602,0.007676839828491211,1.8387212466401097,-0.409674941862877,0.3071227967739105,-0.7923812068978796,control_pose,robot_origin,robot_origin
69.77454094200039,2026-09-13T11:46:37.844452+00:00,1789299997.7526464,0.09180545806884766,1.836765747031073,-0.4111287667420581,0.3054027213353991,-0.8094381631570412,control_pose,robot_origin,robot_origin
69.78332435500033,2026-09-13T11:46:37.853202+00:00,1789299997.8479643,0.0052378177642822266,1.84078002429907,-0.4081300116693405,0.3085498511791229,-0.7661012995881479,control_pose,robot_origin,robot_origin
69.83775400800005,2026-09-13T11:46:37.907657+00:00,1789299997.8294823,0.07817459106445312,1.8399868095169647,-0.408131421242379,0.30846795982332303,-0.7773352953045565,control_pose,robot_origin,robot_origin
69.86256509899977,2026-09-13T11:46:37.932437+00:00,1789299997.9044974,0.027939558029174805,1.8423409394905088,-0.4068868460336818,0.30654534697532654,-0.7239356015372842,control_pose,robot_origin,robot_origin
69.90631706899967,2026-09-13T11:46:37.976214+00:00,1789299997.9027805,0.07343339920043945,1.8422831664606407,-0.40704677537483347,0.30666110218430115,-0.7252060275061527,control_pose,robot_origin,robot_origin
69.93415903099958,2026-09-13T11:46:38.004064+00:00,1789299997.9676065,0.03645753860473633,1.845015507862069,-0.40354393198709326,0.30221089720726013,-0.674041655314183,control_pose,robot_origin,robot_origin
69.98004835499978,2026-09-13T11:46:38.049947+00:00,1789299997.9723637,0.07758331298828125,1.8450178945871107,-0.40351285781876767,0.3019414185843119,-0.6706827982172131,control_pose,robot_origin,robot_origin
70.00915437900039,2026-09-13T11:46:38.079059+00:00,1789299998.0342696,0.04478931427001953,1.8465365266555562,-0.39957347210644206,0.30043455958366394,-0.6386058467946799,control_pose,robot_origin,robot_origin
70.04860267799995,2026-09-13T11:46:38.118504+00:00,1789299998.0396063,0.07889771461486816,1.8465017845288447,-0.39950045310720045,0.30048340209722174,-0.6368354510493652,control_pose,robot_origin,robot_origin
70.07837731200016,2026-09-13T11:46:38.148283+00:00,1789299998.1008985,0.04738450050354004,1.8476522498901646,-0.39902039863778593,0.30000969767570496,-0.6110127691296828,control_pose,robot_origin,robot_origin
70.11354491800012,2026-09-13T11:46:38.183445+00:00,1789299998.1068907,0.0765542984008789,1.8476096136833826,-0.3988983257124792,0.29990262707193316,-0.608566299585572,control_pose,robot_origin,robot_origin
70.13998127400009,2026-09-13T11:46:38.209885+00:00,1789299998.1677558,0.0421290397644043,1.8466017542694975,-0.39858968956485363,0.29910364747047424,-0.5834600174565562,control_pose,robot_origin,robot_origin
70.1599571480001,2026-09-13T11:46:38.229859+00:00,1789299998.2212605,0.008598566055297852,1.8448689631519612,-0.3967607228838049,0.2981692850589752,-0.5714425299949539,control_pose,robot_origin,robot_origin
70.17598895399988,2026-09-13T11:46:38.245835+00:00,1789299998.1799166,0.0659184455871582,1.8460386391089478,-0.3986617890640826,0.29882705439796925,-0.5784591388897055,control_pose,robot_origin,robot_origin
70.22611330400014,2026-09-13T11:46:38.296013+00:00,1789299998.2745621,0.02145099639892578,1.841706402936671,-0.3954260266896604,0.2985271215438843,-0.5750613257657212,control_pose,robot_origin,robot_origin
70.2480353230003,2026-09-13T11:46:38.317934+00:00,1789299998.2454472,0.07248687744140625,1.8429788800389268,-0.396238522711423,0.29829183335983106,-0.5720907797401472,control_pose,robot_origin,robot_origin
70.2714128710004,2026-09-13T11:46:38.341321+00:00,1789299998.3251567,0.016164302825927734,1.8402051074572066,-0.39392019045533916,0.29799896478652954,-0.5780122239580897,control_pose,robot_origin,robot_origin
70.31335927800046,2026-09-13T11:46:38.383264+00:00,1789299998.314294,0.0689699649810791,1.8403423698209602,-0.39414663345189527,0.2980508395268392,-0.5777463703303856,control_pose,robot_origin,robot_origin
70.33640234500035,2026-09-13T11:46:38.406307+00:00,1789299998.3777916,0.028515338897705078,1.8391118348631776,-0.3920620765254723,0.29791581630706787,-0.5805524320948847,control_pose,robot_origin,robot_origin
70.39662927799964,2026-09-13T11:46:38.466533+00:00,1789299998.384708,0.08182501792907715,1.8389975440241246,-0.39189739341508245,0.29791659431136475,-0.5809167777408007,control_pose,robot_origin,robot_origin
70.4152956150001,2026-09-13T11:46:38.485205+00:00,1789299998.4408488,0.04435610771179199,1.838295999155223,-0.3905977743854946,0.2980037331581116,-0.5838838963841262,control_pose,robot_origin,robot_origin
70.44027257000016,2026-09-13T11:46:38.510180+00:00,1789299998.4942453,0.01593470573425293,1.8376386410888812,-0.3897687833048764,0.2980455756187439,-0.5847628625277805,control_pose,robot_origin,robot_origin
70.46320727900002,2026-09-13T11:46:38.533107+00:00,1789299998.4538245,0.07928252220153809,1.8381329465048206,-0.39037804702050927,0.29802377275458314,-0.584193105789926,control_pose,robot_origin,robot_origin
70.50277376000031,2026-09-13T11:46:38.572649+00:00,1789299998.547842,0.024806976318359375,1.8370536335523062,-0.38924841427338325,0.2980972230434418,-0.5848705680929615,control_pose,robot_origin,robot_origin
70.53557689700028,2026-09-13T11:46:38.605484+00:00,1789299998.5326066,0.07287740707397461,1.8370825187579138,-0.3892615678300838,0.2980953836789766,-0.58485623970891,control_pose,robot_origin,robot_origin
70.56951506600035,2026-09-13T11:46:38.639420+00:00,1789299998.6044536,0.034966468811035156,1.8362406720681415,-0.38850287098588837,0.29818031191825867,-0.5851000715947186,control_pose,robot_origin,robot_origin
70.59385662899967,2026-09-13T11:46:38.663756+00:00,1789299998.5916023,0.07215356826782227,1.8363799698842995,-0.38863223344601,0.29815996905337505,-0.5850743546593988,control_pose,robot_origin,robot_origin
70.63012617799995,2026-09-13T11:46:38.700029+00:00,1789299998.6545637,0.04546523094177246,1.8357549974045178,-0.3879714551577964,0.2982255220413208,-0.5854664361286028,control_pose,robot_origin,robot_origin
70.67725946799965,2026-09-13T11:46:38.747160+00:00,1789299998.6684303,0.07872962951660156,1.8356253047238862,-0.38781070773935256,0.29824263021177894,-0.5855831804816951,control_pose,robot_origin,robot_origin
70.71263034799995,2026-09-13T11:46:38.782535+00:00,1789299998.740992,0.041543006896972656,1.8349333818041464,-0.38701777290059886,0.29834479093551636,-0.5861252385794348,control_pose,robot_origin,robot_origin
70.76055814099982,2026-09-13T11:46:38.830461+00:00,1789299998.7378268,0.09263420104980469,1.8349635338325485,-0.387051045744356,0.29834032789732307,-0.5861097675291002,control_pose,robot_origin,robot_origin
70.78709235800034,2026-09-13T11:46:38.856956+00:00,1789299998.8147676,0.042188405990600586,1.8343344377603945,-0.38642411608195437,0.29840126633644104,-0.5867519546575567,control_pose,robot_origin,robot_origin
70.8375954789999,2026-09-13T11:46:38.907497+00:00,1789299998.80614,0.10135698318481445,1.834399346065064,-0.38649666999241916,0.298394173808951,-0.5866739638527416,control_pose,robot_origin,robot_origin
70.87153003200001,2026-09-13T11:46:38.941446+00:00,1789299998.884462,0.05698394775390625,1.8338610508530444,-0.38593162169383766,0.29844018816947937,-0.5872832083057142,control_pose,robot_origin,robot_origin
70.88669840199964,2026-09-13T11:46:38.956597+00:00,1789299998.8763244,0.08027267456054688,1.833918073549599,-0.38599090000289304,0.29843867974727056,-0.5872376777167785,control_pose,robot_origin,robot_origin
70.93239043599988,2026-09-13T11:46:39.002222+00:00,1789299998.9644635,0.037758588790893555,1.83338997560732,-0.3853654362954652,0.29848599433898926,-0.5874814345824375,control_pose,robot_origin,robot_origin
70.9644776969999,2026-09-13T11:46:39.034378+00:00,1789299998.9542336,0.08014440536499023,1.8334502134172803,-0.38543783612699734,0.29848013696618314,-0.5874560953554393,control_pose,robot_origin,robot_origin
71.00118771500001,2026-09-13T11:46:39.071095+00:00,1789299999.030921,0.040174007415771484,1.8329698062241913,-0.38495893381867674,0.298510879278183,-0.5875365840126668,control_pose,robot_origin,robot_origin
71.03168456100047,2026-09-13T11:46:39.101584+00:00,1789299999.0209534,0.08063054084777832,1.8330312609284554,-0.38501832568627803,0.29850718501719764,-0.5875265934185598,control_pose,robot_origin,robot_origin
71.0508804279998,2026-09-13T11:46:39.120785+00:00,1789299999.087609,0.03317594528198242,1.8326546439646287,-0.38465362446458773,0.298543781042099,-0.5876144905030178,control_pose,robot_origin,robot_origin
71.09820883100019,2026-09-13T11:46:39.167917+00:00,1789299999.0828753,0.08504176139831543,1.8326791957631712,-0.38467639227699424,0.2985404645995148,-0.5876040087908527,control_pose,robot_origin,robot_origin
71.13097881300018,2026-09-13T11:46:39.200882+00:00,1789299999.1541662,0.046715736389160156,1.832418461646689,-0.3843655406068112,0.2985754609107971,-0.5876436315007786,control_pose,robot_origin,robot_origin
71.14524009900015,2026-09-13T11:46:39.215149+00:00,1789299999.2044506,0.010698318481445312,1.8322712275774713,-0.3841854120791935,0.29858458042144775,-0.5876204455002103,control_pose,robot_origin,robot_origin
71.17522706199998,2026-09-13T11:46:39.245132+00:00,1789299999.1663556,0.07877635955810547,1.8323871947394021,-0.3843149651755272,0.29857640162332244,-0.5876313612758417,control_pose,robot_origin,robot_origin
71.2103321049999,2026-09-13T11:46:39.280240+00:00,1789299999.2546914,0.025548696517944336,1.8320928174692959,-0.38403723017825625,0.2985910475254059,-0.5877226748866299,control_pose,robot_origin,robot_origin
71.24451969399979,2026-09-13T11:46:39.314426+00:00,1789299999.2311647,0.08326125144958496,1.8321726670069476,-0.38409987333072754,0.2985852899899483,-0.587681374647529,control_pose,robot_origin,robot_origin
71.28090575999977,2026-09-13T11:46:39.350813+00:00,1789299999.3079584,0.04285454750061035,1.8319473639543704,-0.3838676682646899,0.29859957098960876,-0.5876980829584041,control_pose,robot_origin,robot_origin
71.30136089000007,2026-09-13T11:46:39.371259+00:00,1789299999.297474,0.07378506660461426,1.8319669152181752,-0.38389602755570446,0.29859728245340317,-0.5876991011982474,control_pose,robot_origin,robot_origin
71.32300964699971,2026-09-13T11:46:39.392916+00:00,1789299999.3600092,0.03290677070617676,1.8317724077611932,-0.3837021847732804,0.29862090945243835,-0.5875817302121006,control_pose,robot_origin,robot_origin
71.37882343199999,2026-09-13T11:46:39.448720+00:00,1789299999.3629937,0.08572626113891602,1.8317626923235841,-0.38370318642881607,0.2986217789652117,-0.5875797282613705,control_pose,robot_origin,robot_origin
71.41182773000037,2026-09-13T11:46:39.481732+00:00,1789299999.4451985,0.036533355712890625,1.83168303876738,-0.3835287453874538,0.2986520528793335,-0.5876389265843527,control_pose,robot_origin,robot_origin
71.44750419299999,2026-09-13T11:46:39.517409+00:00,1789299999.4310389,0.08637022972106934,1.8316995702816168,-0.3835595595734221,0.2986439200425878,-0.5876276565293677,control_pose,robot_origin,robot_origin
71.4757186529996,2026-09-13T11:46:39.545620+00:00,1789299999.495808,0.04981207847595215,1.831571787640596,-0.3834880589936719,0.2986423373222351,-0.5877613014355199,control_pose,robot_origin,robot_origin
71.509767259,2026-09-13T11:46:39.579615+00:00,1789299999.5030928,0.0765223503112793,1.8315541378635152,-0.3834742447363635,0.29863280149283117,-0.5877572808193413,control_pose,robot_origin,robot_origin
71.53526219200012,2026-09-13T11:46:39.605169+00:00,1789299999.5659034,0.03926563262939453,1.83138541238698,-0.3833596818273845,0.29861438274383545,-0.5876518388891752,control_pose,robot_origin,robot_origin
71.55736172300021,2026-09-13T11:46:39.627183+00:00,1789299999.6176252,0.009557723999023438,1.8313071124200389,-0.383216654407803,0.29862749576568604,-0.5873806881758123,control_pose,robot_origin,robot_origin
71.59651717500037,2026-09-13T11:46:39.666395+00:00,1789299999.574866,0.09152889251708984,1.8313594943290077,-0.38333878486304124,0.2986181734997219,-0.5876159781956648,control_pose,robot_origin,robot_origin
71.62515994400019,2026-09-13T11:46:39.694840+00:00,1789299999.667762,0.027077913284301758,1.8311753099317214,-0.38304082209987744,0.2986510097980499,-0.5875376873510773,control_pose,robot_origin,robot_origin
71.66355033499985,2026-09-13T11:46:39.733452+00:00,1789299999.6446757,0.0887763500213623,1.8312385076229185,-0.38311836508544483,0.29863419153560666,-0.5873819322000344,control_pose,robot_origin,robot_origin
71.6880576980002,2026-09-13T11:46:39.757964+00:00,1789299999.720855,0.0371088981628418,1.831086310682056,-0.38292094356589274,0.2986604869365692,-0.5878394872531651,control_pose,robot_origin,robot_origin
71.73123936600041,2026-09-13T11:46:39.801146+00:00,1789299999.7174728,0.08367323875427246,1.8310852702777165,-0.38293209592147237,0.29865979832289247,-0.5878053885389452,control_pose,robot_origin,robot_origin
71.76404573499985,2026-09-13T11:46:39.833950+00:00,1789299999.794939,0.03901100158691406,1.8310120759670874,-0.38283610469859247,0.2986772954463959,-0.5879551321920492,control_pose,robot_origin,robot_origin
71.8068373039996,2026-09-13T11:46:39.876742+00:00,1789299999.7870805,0.0896613597869873,1.8310224186633854,-0.3828468976822504,0.29867641310734117,-0.5879467323445053,control_pose,robot_origin,robot_origin
71.8385242559998,2026-09-13T11:46:39.908427+00:00,1789299999.870846,0.03758096694946289,1.8310259011451955,-0.3827936437567292,0.29868364334106445,-0.5880296818556958,control_pose,robot_origin,robot_origin
71.88302624599964,2026-09-13T11:46:39.952902+00:00,1789299999.856218,0.09668397903442383,1.8310269664344667,-0.3828015058134958,0.2986837405811823,-0.5880190824328919,control_pose,robot_origin,robot_origin
71.92436775900023,2026-09-13T11:46:39.994270+00:00,1789299999.9377725,0.05649757385253906,1.8310184606174629,-0.3827109553534181,0.2986876368522644,-0.5880724726829396,control_pose,robot_origin,robot_origin
71.94084912299968,2026-09-13T11:46:40.010743+00:00,1789299999.9267426,0.0840003490447998,1.8310192652372377,-0.3827261401677973,0.29868703928441004,-0.5880462303547408,control_pose,robot_origin,robot_origin
71.9658538550002,2026-09-13T11:46:40.035757+00:00,1789299999.9907975,0.04495954513549805,1.830973105422284,-0.3827104104015521,0.29869112372398376,-0.5882541549830714,control_pose,robot_origin,robot_origin
71.9959339750003,2026-09-13T11:46:40.065732+00:00,1789300000.0038023,0.06192970275878906,1.8309666546151755,-0.3826992105799804,0.29868943174312296,-0.5882630348654914,control_pose,robot_origin,robot_origin
72.03544362100001,2026-09-13T11:46:40.105348+00:00,1789300000.044474,0.060874223709106445,1.8309659019700264,-0.38270265118138724,0.29868611693382263,-0.5881551702124598,control_pose,robot_origin,robot_origin
72.0462107479998,2026-09-13T11:46:40.116105+00:00,1789300000.09764,0.018465042114257812,1.8309363270913899,-0.38263523705511554,0.29870182275772095,-0.5882633071956826,control_pose,robot_origin,robot_origin
72.06883782600016,2026-09-13T11:46:40.138738+00:00,1789300000.0704765,0.06826138496398926,1.8309442759854542,-0.38267357318679945,0.2986936848278822,-0.5881373205516552,control_pose,robot_origin,robot_origin
72.10544748699976,2026-09-13T11:46:40.175357+00:00,1789300000.1664143,0.008942842483520508,1.8309177942249077,-0.38258801833998995,0.2987140119075775,-0.5884757853253468,control_pose,robot_origin,robot_origin
72.13802731499982,2026-09-13T11:46:40.207899+00:00,1789300000.1375825,0.07031655311584473,1.8309347609925841,-0.3826083483794025,0.29870798169101537,-0.5884371336492437,control_pose,robot_origin,robot_origin
72.1789522629997,2026-09-13T11:46:40.248857+00:00,1789300000.2178292,0.031027793884277344,1.8298039277402955,-0.3834971512864874,0.2998170852661133,-0.5730074271516372,control_pose,robot_origin,robot_origin
72.24418904400045,2026-09-13T11:46:40.314094+00:00,1789300000.2013173,0.1127767562866211,1.8298439200978305,-0.3832337996424072,0.299482616755378,-0.5798983387876051,control_pose,robot_origin,robot_origin
72.25832945999991,2026-09-13T11:46:40.328236+00:00,1789300000.2895133,0.03872275352478027,1.8288792224498842,-0.38382286743471195,0.3007560074329376,-0.5471327170461324,control_pose,robot_origin,robot_origin
72.29146275600033,2026-09-13T11:46:40.361363+00:00,1789300000.2803795,0.08098340034484863,1.8289737494879075,-0.38375655645765083,0.30060920377188094,-0.5500331007579535,control_pose,robot_origin,robot_origin
72.31895945199994,2026-09-13T11:46:40.388860+00:00,1789300000.3408518,0.04800820350646973,1.8285509174161174,-0.3846892180373663,0.3012869954109192,-0.5319089035191321,control_pose,robot_origin,robot_origin
72.33399792799992,2026-09-13T11:46:40.403904+00:00,1789300000.3908634,0.013040542602539062,1.8276313130610402,-0.3850271361386538,0.30125850439071655,-0.5183058608877681,control_pose,robot_origin,robot_origin
72.36524063399975,2026-09-13T11:46:40.435146+00:00,1789300000.3556142,0.07953190803527832,1.8284005176123863,-0.38483057057830056,0.30133774537053537,-0.5282089288094468,control_pose,robot_origin,robot_origin
72.3811306079997,2026-09-13T11:46:40.451034+00:00,1789300000.4441886,0.0068454742431640625,1.8264195106061627,-0.38514261479557155,0.30061450600624084,-0.5013207141767404,control_pose,robot_origin,robot_origin
72.42488894500002,2026-09-13T11:46:40.494791+00:00,1789300000.4251328,0.06965827941894531,1.8268699312093064,-0.38517295863396966,0.30081926709910567,-0.5081925471701149,control_pose,robot_origin,robot_origin
72.44954220300042,2026-09-13T11:46:40.519443+00:00,1789300000.4942963,0.0251467227935791,1.8252121380450963,-0.38502703853718306,0.30055180191993713,-0.4850809629218567,control_pose,robot_origin,robot_origin
72.51315368700034,2026-09-13T11:46:40.583055+00:00,1789300000.4937973,0.08925771713256836,1.8252226079936535,-0.3850303100368488,0.30055204000673175,-0.4853263679114951,control_pose,robot_origin,robot_origin
72.54666162600006,2026-09-13T11:46:40.616575+00:00,1789300000.5707524,0.0458226203918457,1.8234867310066307,-0.3848301712858902,0.30041375756263733,-0.46183532462691906,control_pose,robot_origin,robot_origin
72.58920511799988,2026-09-13T11:46:40.659113+00:00,1789300000.564663,0.09444999694824219,1.823609696845328,-0.38484493772027245,0.3004260168088927,-0.46368918650000923,control_pose,robot_origin,robot_origin
72.63646842900016,2026-09-13T11:46:40.706370+00:00,1789300000.667584,0.03878617286682129,1.8220213496266462,-0.3853725213962055,0.30044135451316833,-0.43269105392420487,control_pose,robot_origin,robot_origin
72.64735169100004,2026-09-13T11:46:40.717253+00:00,1789300000.6285555,0.08869743347167969,1.8226237548562192,-0.3850288844771847,0.30042296609397945,-0.44430536280442867,control_pose,robot_origin,robot_origin
72.67316187100005,2026-09-13T11:46:40.742892+00:00,1789300000.717746,0.025146007537841797,1.8201300870481731,-0.38660444246617653,0.3005569875240326,-0.41423291896379877,control_pose,robot_origin,robot_origin
72.69584795900028,2026-09-13T11:46:40.765717+00:00,1789300000.6932411,0.07247591018676758,1.8212782824027975,-0.3860065141263405,0.3004842294592083,-0.42390748242822535,control_pose,robot_origin,robot_origin
72.72199540400015,2026-09-13T11:46:40.791903+00:00,1789300000.7740047,0.0178983211517334,1.8205279795868177,-0.38846523526889226,0.300193190574646,-0.3906517948879158,control_pose,robot_origin,robot_origin
72.78174029599995,2026-09-13T11:46:40.844540+00:00,1789300000.7652907,0.07924938201904297,1.8200920948678034,-0.38837548427978374,0.30035767200847124,-0.3937571404493393,control_pose,robot_origin,robot_origin
72.7860971199998,2026-09-13T11:46:40.856011+00:00,1789300000.8240166,0.03199434280395508,1.8204217182064617,-0.388124315694237,0.3004862666130066,-0.3683983390236555,control_pose,robot_origin,robot_origin
72.83702090099996,2026-09-13T11:46:40.906922+00:00,1789300000.83266,0.07426214218139648,1.8205028390958145,-0.38818705181700175,0.30079855178834647,-0.3634658729715678,control_pose,robot_origin,robot_origin
72.84172516699982,2026-09-13T11:46:40.911626+00:00,1789300000.875899,0.03572702407836914,1.8211143351111063,-0.38909454933911364,0.30174028873443604,-0.34412770059159536,control_pose,robot_origin,robot_origin
72.87604642699989,2026-09-13T11:46:40.945949+00:00,1789300000.927571,0.018378019332885742,1.8218780181075138,-0.3880780683654942,0.30197668075561523,-0.32113707949452075,control_pose,robot_origin,robot_origin
72.89560970399998,2026-09-13T11:46:40.965510+00:00,1789300000.9063761,0.05913376808166504,1.8216446975156624,-0.3885908839040983,0.3022158537141364,-0.32878395303913566,control_pose,robot_origin,robot_origin
72.92957388899958,2026-09-13T11:46:40.999480+00:00,1789300000.9840531,0.015426874160766602,1.8224265397303419,-0.3869799782031843,0.30278897285461426,-0.29576585260959226,control_pose,robot_origin,robot_origin
72.97163281299981,2026-09-13T11:46:41.041536+00:00,1789300000.9741378,0.0673983097076416,1.8223374544071187,-0.38720846603237463,0.30257416128291087,-0.29971801015580696,control_pose,robot_origin,robot_origin
72.99441823400048,2026-09-13T11:46:41.064322+00:00,1789300001.0373766,0.02694535255432129,1.8218468781201353,-0.3857806616036881,0.30347126722335815,-0.27193086684002005,control_pose,robot_origin,robot_origin
73.06029626199961,2026-09-13T11:46:41.130195+00:00,1789300001.0429616,0.08723330497741699,1.8219032580446384,-0.3857469411857844,0.30351281878759184,-0.2700589958076322,control_pose,robot_origin,robot_origin
73.09811420700044,2026-09-13T11:46:41.168017+00:00,1789300001.121274,0.046742916107177734,1.8200892967860909,-0.38241653046835683,0.3032602071762085,-0.22684695722036397,control_pose,robot_origin,robot_origin
73.1295595470001,2026-09-13T11:46:41.199466+00:00,1789300001.1169498,0.08251619338989258,1.8201492267893,-0.3824791708178384,0.30327692827032504,-0.2293854883134681,control_pose,robot_origin,robot_origin
73.16139847399972,2026-09-13T11:46:41.231306+00:00,1789300001.184031,0.04727506637573242,1.8174948035674416,-0.3843213117955512,0.3020820617675781,-0.19300664671262657,control_pose,robot_origin,robot_origin
73.19757604900042,2026-09-13T11:46:41.267490+00:00,1789300001.1876466,0.07984328269958496,1.817347271452396,-0.3844224844809884,0.3020778863888392,-0.19110986658652668,control_pose,robot_origin,robot_origin
73.23198774499997,2026-09-13T11:46:41.301892+00:00,1789300001.2647526,0.0371394157409668,1.8156140719740874,-0.3850571763258351,0.3005487024784088,-0.1593964072721821,control_pose,robot_origin,robot_origin
73.27323590800006,2026-09-13T11:46:41.343137+00:00,1789300001.2562244,0.08691263198852539,1.8157078520914443,-0.38497187615128875,0.3007929825813615,-0.16242745845514714,control_pose,robot_origin,robot_origin
73.28984937400037,2026-09-13T11:46:41.359754+00:00,1789300001.3172865,0.042467594146728516,1.8153950013026205,-0.3858811489268943,0.29999831318855286,-0.14023014474753145,control_pose,robot_origin,robot_origin
73.33019346099991,2026-09-13T11:46:41.400091+00:00,1789300001.3709445,0.029146432876586914,1.815411125530662,-0.38724050738823435,0.30003467202186584,-0.12104819692045664,control_pose,robot_origin,robot_origin
73.34748734500045,2026-09-13T11:46:41.417390+00:00,1789300001.3318782,0.08551192283630371,1.815409391868533,-0.38630010374212437,0.2999490011084315,-0.1351981079997174,control_pose,robot_origin,robot_origin
73.38975191099962,2026-09-13T11:46:41.459659+00:00,1789300001.4243207,0.035338401794433594,1.8159854433147828,-0.3884020456410252,0.30012741684913635,-0.10338770684303947,control_pose,robot_origin,robot_origin
73.4191486689997,2026-09-13T11:46:41.489061+00:00,1789300001.392049,0.09701204299926758,1.8154720617425049,-0.3878371850479428,0.30008912055712106,-0.11387952747685608,control_pose,robot_origin,robot_origin
73.43176951999976,2026-09-13T11:46:41.501674+00:00,1789300001.477363,0.024310827255249023,1.8177399965976997,-0.38831590133936833,0.30030158162117004,-0.08795056116294954,control_pose,robot_origin,robot_origin
73.46397524999975,2026-09-13T11:46:41.533876+00:00,1789300001.4652667,0.06860923767089844,1.8173263255542051,-0.38836681562229,0.3002041675110756,-0.09141598583763869,control_pose,robot_origin,robot_origin
73.49707599999965,2026-09-13T11:46:41.566983+00:00,1789300001.5347054,0.032277584075927734,1.8190169352003474,-0.38761655906581005,0.30084821581840515,-0.08090723619187834,control_pose,robot_origin,robot_origin
73.54276931200002,2026-09-13T11:46:41.612674+00:00,1789300001.5352437,0.07743024826049805,1.819030410923624,-0.3876066087357896,0.30084866085506634,-0.08100866752681946,control_pose,robot_origin,robot_origin
73.5556654740003,2026-09-13T11:46:41.625570+00:00,1789300001.5874023,0.038167715072631836,1.8195679603238364,-0.38632690157947636,0.302412748336792,-0.09084573670703251,control_pose,robot_origin,robot_origin
73.57804281100016,2026-09-13T11:46:41.647945+00:00,1789300001.6406274,0.007317543029785156,1.8205674907106149,-0.38393474753983403,0.3035883903503418,-0.09692518080742778,control_pose,robot_origin,robot_origin
73.61716392400012,2026-09-13T11:46:41.687068+00:00,1789300001.606979,0.08008909225463867,1.8200104655295912,-0.38562410977198724,0.30300563763409366,-0.09332221504204956,control_pose,robot_origin,robot_origin
73.65429207499983,2026-09-13T11:46:41.724208+00:00,1789300001.6941032,0.030104875564575195,1.820465271170968,-0.3812212690056052,0.3039376139640808,-0.10206939918405813,control_pose,robot_origin,robot_origin
73.68234553399998,2026-09-13T11:46:41.752247+00:00,1789300001.674917,0.07733011245727539,1.8205872677608352,-0.38215441425998736,0.30384940780381153,-0.10031471664555862,control_pose,robot_origin,robot_origin
73.7159117150004,2026-09-13T11:46:41.785815+00:00,1789300001.7472892,0.03852581977844238,1.8206944137561363,-0.3790711266111657,0.30534088611602783,-0.10538522571888255,control_pose,robot_origin,robot_origin
73.73917399200036,2026-09-13T11:46:41.809079+00:00,1789300001.7977173,0.01136159896850586,1.8211929687449475,-0.3786788154564164,0.3059951364994049,-0.10744663222056687,control_pose,robot_origin,robot_origin
73.77897417900022,2026-09-13T11:46:41.848875+00:00,1789300001.7537148,0.09516024589538574,1.8207622081781483,-0.3790079510129373,0.30544991964375456,-0.10563802279452254,control_pose,robot_origin,robot_origin
73.81382935300007,2026-09-13T11:46:41.883674+00:00,1789300001.8540974,0.029576539993286133,1.8221751075760957,-0.37721289154379284,0.3063501715660095,-0.11224944576701473,control_pose,robot_origin,robot_origin
73.84230120099983,2026-09-13T11:46:41.912206+00:00,1789300001.829522,0.08268404006958008,1.821578099440247,-0.3777602495292758,0.3063430757920422,-0.10953655189208367,control_pose,robot_origin,robot_origin
73.87666066899965,2026-09-13T11:46:41.946561+00:00,1789300001.9078093,0.038751840591430664,1.8233677628884157,-0.3766379782141181,0.3051561713218689,-0.11658147673780542,control_pose,robot_origin,robot_origin
73.903577176,2026-09-13T11:46:41.973480+00:00,1789300001.885312,0.08816790580749512,1.822978288025265,-0.37678970603354356,0.3057275688001134,-0.11530067928120802,control_pose,robot_origin,robot_origin
73.93440702899989,2026-09-13T11:46:42.004309+00:00,1789300001.968023,0.0362858772277832,1.8237730316456606,-0.3765613383361538,0.30448704957962036,-0.11672723323518623,control_pose,robot_origin,robot_origin
73.96336184499978,2026-09-13T11:46:42.033265+00:00,1789300001.9517682,0.0814969539642334,1.8236902755418336,-0.3765790689818177,0.3046793974705261,-0.1168314513834878,control_pose,robot_origin,robot_origin
73.98775067400038,2026-09-13T11:46:42.057658+00:00,1789300002.0206056,0.03705239295959473,1.8229839192279231,-0.37654579167149294,0.30445942282676697,-0.11602916446669147,control_pose,robot_origin,robot_origin
74.01386822800032,2026-09-13T11:46:42.083776+00:00,1789300002.0722985,0.011477470397949219,1.8219600926141777,-0.37688575744575725,0.30448272824287415,-0.11649123183760392,control_pose,robot_origin,robot_origin
74.05262714699984,2026-09-13T11:46:42.122533+00:00,1789300002.024258,0.09827518463134766,1.8229073996358711,-0.37658445779997807,0.3044491524150476,-0.11601787116353114,control_pose,robot_origin,robot_origin
74.0969030770002,2026-09-13T11:46:42.166790+00:00,1789300002.1272988,0.03949117660522461,1.8211860827522812,-0.37706675153809555,0.30475756525993347,-0.11755705541567427,control_pose,robot_origin,robot_origin
74.11704484599977,2026-09-13T11:46:42.186952+00:00,1789300002.0945666,0.09238553047180176,1.8216453254742733,-0.37697550371830474,0.30459067798071554,-0.11690049763570821,control_pose,robot_origin,robot_origin
74.15189566699974,2026-09-13T11:46:42.221793+00:00,1789300002.1807535,0.041039466857910156,1.8209080558809898,-0.3770516074608091,0.3048678934574127,-0.11867394295378979,control_pose,robot_origin,robot_origin
74.19465366500026,2026-09-13T11:46:42.264555+00:00,1789300002.164505,0.10004997253417969,1.8209955050495155,-0.37703324357197,0.30484075704251745,-0.11825785744484554,control_pose,robot_origin,robot_origin
74.20791147599994,2026-09-13T11:46:42.277807+00:00,1789300002.24074,0.03706693649291992,1.8208331550358723,-0.3771314729459062,0.3049949109554291,-0.11881626491546704,control_pose,robot_origin,robot_origin
74.24194884799999,2026-09-13T11:46:42.311845+00:00,1789300002.2320123,0.07983279228210449,1.8208417346491772,-0.37712270389736313,0.30497536532394476,-0.1188030904407417,control_pose,robot_origin,robot_origin
74.26289001799978,2026-09-13T11:46:42.332797+00:00,1789300002.2938995,0.03889751434326172,1.8207947878495587,-0.3771245430765718,0.3050304353237152,-0.11889889515384938,control_pose,robot_origin,robot_origin
74.29286629200033,2026-09-13T11:46:42.362764+00:00,1789300002.3507705,0.011993408203125,1.8206554921527704,-0.3769807658614528,0.305033415555954,-0.11892283720344488,control_pose,robot_origin,robot_origin
74.30694862400014,2026-09-13T11:46:42.376851+00:00,1789300002.310547,0.06630396842956543,1.820767043676425,-0.37710873542546075,0.305045831230773,-0.11892131941001083,control_pose,robot_origin,robot_origin
74.34385561100044,2026-09-13T11:46:42.413759+00:00,1789300002.4040084,0.009750604629516602,1.8207873335423768,-0.37549218650427585,0.3050247132778168,-0.09981623196652681,control_pose,robot_origin,robot_origin
74.3886554390001,2026-09-13T11:46:42.458559+00:00,1789300002.3722577,0.08630132675170898,1.819864448797273,-0.3765537148648544,0.30490507257532123,-0.11516745246822817,control_pose,robot_origin,robot_origin
74.41994758700002,2026-09-13T11:46:42.489851+00:00,1789300002.4605818,0.02926921844482422,1.8213772307449942,-0.37562818184954766,0.30413830280303955,-0.07156785775913853,control_pose,robot_origin,robot_origin
74.46780302200023,2026-09-13T11:46:42.537704+00:00,1789300002.446005,0.09169888496398926,1.821439539457012,-0.375761035528349,0.30439591157904056,-0.07838073903884063,control_pose,robot_origin,robot_origin
74.50428150799962,2026-09-13T11:46:42.574189+00:00,1789300002.5240555,0.050133466720581055,1.821243184546257,-0.3746658852670225,0.3040395677089691,-0.04825876042992516,control_pose,robot_origin,robot_origin
74.52465586499966,2026-09-13T11:46:42.594555+00:00,1789300002.5781446,0.016410350799560547,1.821095908827584,-0.37574828568829205,0.3035697340965271,-0.03458062301494525,control_pose,robot_origin,robot_origin
74.5408835520002,2026-09-13T11:46:42.610785+00:00,1789300002.5162592,0.09452581405639648,1.821288457104371,-0.37470397689590734,0.3040329469444411,-0.051182991039813455,control_pose,robot_origin,robot_origin
74.5998769810003,2026-09-13T11:46:42.669777+00:00,1789300002.5897503,0.08002662658691406,1.8212369921424116,-0.37610314869669237,0.30338581863068464,-0.03471465336676872,control_pose,robot_origin,robot_origin
74.62842352000007,2026-09-13T11:46:42.698323+00:00,1789300002.657149,0.04117393493652344,1.820317255320432,-0.3766107987740349,0.30357223749160767,-0.044706808026540604,control_pose,robot_origin,robot_origin
74.65429933500036,2026-09-13T11:46:42.724203+00:00,1789300002.7106972,0.013505935668945312,1.8203273289890072,-0.37647204161564607,0.303388386964798,-0.047932590657146015,control_pose,robot_origin,robot_origin
74.66753266500018,2026-09-13T11:46:42.737437+00:00,1789300002.6594543,0.07798266410827637,1.8203155688791282,-0.37661362244768437,0.3035784664487466,-0.04489662044439004,control_pose,robot_origin,robot_origin
74.71253090200025,2026-09-13T11:46:42.782433+00:00,1789300002.7674303,0.015002727508544922,1.8202347235852525,-0.3760730674553073,0.30343493819236755,-0.04917649523990633,control_pose,robot_origin,robot_origin
74.73992759199973,2026-09-13T11:46:42.809810+00:00,1789300002.7395103,0.07029962539672852,1.820270547741351,-0.3762062269179216,0.3034367232807142,-0.04847021576126097,control_pose,robot_origin,robot_origin
74.77696645800006,2026-09-13T11:46:42.846872+00:00,1789300002.8206415,0.026230573654174805,1.819995900097214,-0.37591817394059873,0.30346429347991943,-0.05011027244190844,control_pose,robot_origin,robot_origin
74.80645691599966,2026-09-13T11:46:42.876359+00:00,1789300002.7940865,0.08227252960205078,1.8201146716763346,-0.376021217122844,0.30341574532804977,-0.04979585665420462,control_pose,robot_origin,robot_origin
74.85012423900025,2026-09-13T11:46:42.920039+00:00,1789300002.8811634,0.038875579833984375,1.819887758908844,-0.37594472406045526,0.30344468355178833,-0.05038136248590035,control_pose,robot_origin,robot_origin
74.87736197699996,2026-09-13T11:46:42.947258+00:00,1789300002.8630342,0.08422374725341797,1.819919485985831,-0.37592197322883325,0.3034535965930067,-0.050294532452696425,control_pose,robot_origin,robot_origin
74.90694812099991,2026-09-13T11:46:42.976749+00:00,1789300002.9372833,0.03946566581726074,1.8198278747148122,-0.3759140489200729,0.30346018075942993,-0.05119590212350906,control_pose,robot_origin,robot_origin
74.94157595399975,2026-09-13T11:46:43.011476+00:00,1789300002.9904466,0.02102947235107422,1.8198721064511447,-0.37584532268995935,0.3034903407096863,-0.05200364775708096,control_pose,robot_origin,robot_origin
74.95327243999964,2026-09-13T11:46:43.023179+00:00,1789300002.94028,0.08289909362792969,1.819833069461477,-0.37591217532309973,0.3034608497370264,-0.05123358603279312,control_pose,robot_origin,robot_origin
74.99175883299995,2026-09-13T11:46:43.061664+00:00,1789300003.0405238,0.021140336990356445,1.819949036123941,-0.3757510317221421,0.30351442098617554,-0.05205919489203075,control_pose,robot_origin,robot_origin
75.0251592450004,2026-09-13T11:46:43.095066+00:00,1789300003.0092616,0.08580446243286133,1.8199265361977228,-0.37579488914190673,0.30349641882162076,-0.05201668605497645,control_pose,robot_origin,robot_origin
75.06428058199981,2026-09-13T11:46:43.134184+00:00,1789300003.097496,0.03668785095214844,1.8200345079095264,-0.3756815426918551,0.3035435974597931,-0.05205738939816681,control_pose,robot_origin,robot_origin
75.09508150500005,2026-09-13T11:46:43.164960+00:00,1789300003.0812702,0.08368968963623047,1.8200218091887719,-0.37570238432857395,0.30353939963162624,-0.052075179062454555,control_pose,robot_origin,robot_origin
75.11355557499974,2026-09-13T11:46:43.183457+00:00,1789300003.1539211,0.029535770416259766,1.8199597256468416,-0.37563476481427216,0.30355221033096313,-0.052552676192514046,control_pose,robot_origin,robot_origin
75.16504507900027,2026-09-13T11:46:43.234952+00:00,1789300003.1557496,0.07920241355895996,1.8199554060401304,-0.3756370244514667,0.3035520855394719,-0.05257218837849576,control_pose,robot_origin,robot_origin
75.20058674899974,2026-09-13T11:46:43.270486+00:00,1789300003.217441,0.053045034408569336,1.8199161963825574,-0.37564090556845015,0.30355244874954224,-0.052852138302628096,control_pose,robot_origin,robot_origin
75.2238054720001,2026-09-13T11:46:43.293709+00:00,1789300003.2086608,0.08504819869995117,1.8199020092695921,-0.3756364699283022,0.303551623217718,-0.05287272157413002,control_pose,robot_origin,robot_origin
75.25906418399973,2026-09-13T11:46:43.328968+00:00,1789300003.2837849,0.04518318176269531,1.8199612602818909,-0.37561124512830935,0.3035644590854645,-0.052912699018723794,control_pose,robot_origin,robot_origin
75.30195838100008,2026-09-13T11:46:43.371863+00:00,1789300003.2844326,0.08743023872375488,1.8199615942184642,-0.37560986662728885,0.30356464199662075,-0.052912825981399306,control_pose,robot_origin,robot_origin
75.35020058700047,2026-09-13T11:46:43.419985+00:00,1789300003.3604653,0.05951976776123047,1.820016719188854,-0.3754917593832571,0.30357852578163147,-0.0528677948581431,control_pose,robot_origin,robot_origin
75.36579688199981,2026-09-13T11:46:43.435697+00:00,1789300003.3614655,0.07423162460327148,1.8200174857655025,-0.37549159771377877,0.303578238601235,-0.05286948452686783,control_pose,robot_origin,robot_origin
75.38163603700013,2026-09-13T11:46:43.451538+00:00,1789300003.4138544,0.037683725357055664,1.820012717051792,-0.37547953366028897,0.30358684062957764,-0.05314915763225659,control_pose,robot_origin,robot_origin
75.40107303500008,2026-09-13T11:46:43.470976+00:00,1789300003.4640145,0.0069615840911865234,1.8199691104461948,-0.37553112295869984,0.3035773038864136,-0.05336004170018927,control_pose,robot_origin,robot_origin
75.45846904100017,2026-09-13T11:46:43.528372+00:00,1789300003.4409795,0.08739256858825684,1.8200146964567567,-0.3755093120331532,0.30358510873987854,-0.053312929022210485,control_pose,robot_origin,robot_origin
75.4800318079997,2026-09-13T11:46:43.549856+00:00,1789300003.5205908,0.029265165328979492,1.8200080740179596,-0.3755058365375915,0.30357515811920166,-0.053221494970291196,control_pose,robot_origin,robot_origin
75.54170156199962,2026-09-13T11:46:43.611596+00:00,1789300003.5159793,0.09561681747436523,1.8199914354294662,-0.37551308327222305,0.3035767369797241,-0.05327212951558171,control_pose,robot_origin,robot_origin
75.57689556700007,2026-09-13T11:46:43.646801+00:00,1789300003.5946753,0.05212569236755371,1.8200649435441323,-0.37540851345608595,0.3036460876464844,-0.0533628349354525,control_pose,robot_origin,robot_origin
75.59686795200014,2026-09-13T11:46:43.666773+00:00,1789300003.5608966,0.10587644577026367,1.8200581369527,-0.3754486114828909,0.30359817742999895,-0.05320434731351589,control_pose,robot_origin,robot_origin
75.619852455,2026-09-13T11:46:43.689751+00:00,1789300003.6504943,0.03925657272338867,1.8201312500283644,-0.37541980523048635,0.3036487400531769,-0.053534995450141405,control_pose,robot_origin,robot_origin
75.64525426199998,2026-09-13T11:46:43.715163+00:00,1789300003.6333704,0.08179259300231934,1.8200948195186903,-0.3754107541282047,0.3036540594663489,-0.05352229396324791,control_pose,robot_origin,robot_origin
75.677874987,2026-09-13T11:46:43.747778+00:00,1789300003.700527,0.047250986099243164,1.820081979797259,-0.3754547040336926,0.30364498496055603,-0.05352870276917413,control_pose,robot_origin,robot_origin
75.7058027109997,2026-09-13T11:46:43.775696+00:00,1789300003.700708,0.07498812675476074,1.8200812943965332,-0.3754547230045918,0.3036448568458369,-0.05352953059971661,control_pose,robot_origin,robot_origin
75.73424943700047,2026-09-13T11:46:43.804156+00:00,1789300003.7538347,0.050321340560913086,1.8200121039842507,-0.3753991807138945,0.303621381521225,-0.05356202586740951,control_pose,robot_origin,robot_origin
75.75036226999964,2026-09-13T11:46:43.820268+00:00,1789300003.8046036,0.015664339065551758,1.820052445727101,-0.37530487938806345,0.3036518692970276,-0.05335857392166347,control_pose,robot_origin,robot_origin
75.79202558900033,2026-09-13T11:46:43.861928+00:00,1789300003.7752078,0.08672022819519043,1.8200293140611443,-0.3753595930570137,0.30363736374077516,-0.05346319475967837,control_pose,robot_origin,robot_origin
75.8602117950004,2026-09-13T11:46:43.930116+00:00,1789300003.8446448,0.08547115325927734,1.8201277214156955,-0.37524103397745884,0.3036853953418969,-0.053452432709485576,control_pose,robot_origin,robot_origin
75.89705858700017,2026-09-13T11:46:43.966953+00:00,1789300003.925382,0.04157114028930664,1.8201679446684838,-0.3753255052025803,0.30369845032691956,-0.053669726527660666,control_pose,robot_origin,robot_origin
75.91784685200037,2026-09-13T11:46:43.987750+00:00,1789300003.9120634,0.07568669319152832,1.8201633746766344,-0.3753097785630987,0.30369695202744695,-0.053631206156321644,control_pose,robot_origin,robot_origin
75.96163072400032,2026-09-13T11:46:44.031551+00:00,1789300003.9876344,0.04391646385192871,1.8201743803705748,-0.37534380856481636,0.30367469787597656,-0.0536752855871236,control_pose,robot_origin,robot_origin
76.00199269800032,2026-09-13T11:46:44.071805+00:00,1789300003.9819226,0.08988237380981445,1.8201725285611945,-0.37534207941959186,0.30367608757990733,-0.053670515684935804,control_pose,robot_origin,robot_origin
76.01366479799981,2026-09-13T11:46:44.083571+00:00,1789300004.0436914,0.039879560470581055,1.8202298980660314,-0.37525812863997476,0.30370059609413147,-0.05375447887901586,control_pose,robot_origin,robot_origin
76.07145509400016,2026-09-13T11:46:44.141312+00:00,1789300004.0502958,0.09101605415344238,1.820250049090497,-0.3752500324860965,0.3037137912794637,-0.053771940055890394,control_pose,robot_origin,robot_origin
76.10058668599959,2026-09-13T11:46:44.170494+00:00,1789300004.1207023,0.049791812896728516,1.8202864402469385,-0.3752263833958326,0.3037400245666504,-0.05387039145462644,control_pose,robot_origin,robot_origin
76.13968379699963,2026-09-13T11:46:44.209592+00:00,1789300004.1250594,0.0845327377319336,1.8202880204266259,-0.3752291622092318,0.30374435269081634,-0.05383916202949588,control_pose,robot_origin,robot_origin
76.15544301200043,2026-09-13T11:46:44.225345+00:00,1789300004.1870406,0.03830432891845703,1.8214264301508767,-0.3746059467764623,0.3048495948314667,-0.07083626021513219,control_pose,robot_origin,robot_origin
76.21171025700005,2026-09-13T11:46:44.281615+00:00,1789300004.194739,0.08687591552734375,1.821239757992088,-0.3747336654012635,0.3050475374182669,-0.07483808661512126,control_pose,robot_origin,robot_origin
76.24763799399989,2026-09-13T11:46:44.317543+00:00,1789300004.2682137,0.049329280853271484,1.8209617286887143,-0.3737526900065746,0.3098210394382477,-0.11411087394857083,control_pose,robot_origin,robot_origin
76.28930016100003,2026-09-13T11:46:44.359207+00:00,1789300004.2670143,0.0921926498413086,1.8209473353686891,-0.3737806373531319,0.30976158862787617,-0.11348103549071142,control_pose,robot_origin,robot_origin
76.33696502600014,2026-09-13T11:46:44.406877+00:00,1789300004.353899,0.0529780387878418,1.8233652328872323,-0.3714339135415393,0.3120674192905426,-0.1584648975579805,control_pose,robot_origin,robot_origin
76.35854232200018,2026-09-13T11:46:44.428445+00:00,1789300004.335669,0.09277606010437012,1.8228699264829875,-0.3719219669993693,0.31173283064597246,-0.14962398911963465,control_pose,robot_origin,robot_origin
76.39393940900027,2026-09-13T11:46:44.463843+00:00,1789300004.4137838,0.05005931854248047,1.8250313806736247,-0.3694145554629679,0.311673641204834,-0.18770393030305674,control_pose,robot_origin,robot_origin
76.4351392489998,2026-09-13T11:46:44.505048+00:00,1789300004.4154408,0.08960723876953125,1.8250700441337435,-0.3693835140222334,0.31160655518073815,-0.18851466114321616,control_pose,robot_origin,robot_origin
76.47484774999975,2026-09-13T11:46:44.544752+00:00,1789300004.4672875,0.07746434211730957,1.826206064257851,-0.368135617339656,0.31016525626182556,-0.21223446532165446,control_pose,robot_origin,robot_origin
76.50652113199976,2026-09-13T11:46:44.576415+00:00,1789300004.4786367,0.0977783203125,1.8263979989373265,-0.3678548250431076,0.3100197448917223,-0.21742899520146125,control_pose,robot_origin,robot_origin
76.55620094500046,2026-09-13T11:46:44.626103+00:00,1789300004.571487,0.05461597442626953,1.8274172165924794,-0.3659962538096988,0.31201720237731934,-0.25828482020883525,control_pose,robot_origin,robot_origin
76.58516552099991,2026-09-13T11:46:44.655066+00:00,1789300004.548991,0.10607504844665527,1.827183467138465,-0.36643605432739074,0.3114569482869651,-0.24842608815931724,control_pose,robot_origin,robot_origin
76.65330497099967,2026-09-13T11:46:44.723213+00:00,1789300004.670376,0.05283689498901367,1.8283355450343768,-0.3641752743795922,0.31330808997154236,-0.2990364472771269,control_pose,robot_origin,robot_origin
76.66303063800024,2026-09-13T11:46:44.732882+00:00,1789300004.6202652,0.11261677742004395,1.827870191749762,-0.36509803656396383,0.3126539462527669,-0.27838551640721787,control_pose,robot_origin,robot_origin
76.69979684999998,2026-09-13T11:46:44.769693+00:00,1789300004.689567,0.08012580871582031,1.8285917001671603,-0.3638481849971027,0.3134270550975013,-0.3068605202016182,control_pose,robot_origin,robot_origin
76.74476093999965,2026-09-13T11:46:44.814663+00:00,1789300004.7711961,0.043466806411743164,1.829637935417716,-0.36253429243745294,0.3138653337955475,-0.339288552762013,control_pose,robot_origin,robot_origin
76.77976184799991,2026-09-13T11:46:44.849671+00:00,1789300004.7617407,0.08793020248413086,1.8295193042729314,-0.36268191409363926,0.31381857044154393,-0.33558251391819965,control_pose,robot_origin,robot_origin
76.8123725559999,2026-09-13T11:46:44.882276+00:00,1789300004.8369594,0.04531669616699219,1.830485002392602,-0.3614940989973934,0.31426581740379333,-0.36553509254919264,control_pose,robot_origin,robot_origin
76.84027589499965,2026-09-13T11:46:44.910178+00:00,1789300004.8295617,0.08061623573303223,1.830376761543855,-0.3615966432309536,0.3142131375793594,-0.3623362692340177,control_pose,robot_origin,robot_origin
76.88123693899979,2026-09-13T11:46:44.951139+00:00,1789300004.9170678,0.03407120704650879,1.8316631142258057,-0.3603228193348257,0.3150458335876465,-0.39627986661591513,control_pose,robot_origin,robot_origin
76.9301937399996,2026-09-13T11:46:45.000094+00:00,1789300004.903493,0.09660100936889648,1.831460211475129,-0.3604877803835561,0.31491446432606185,-0.3910952584119881,control_pose,robot_origin,robot_origin
76.9702635069998,2026-09-13T11:46:45.040166+00:00,1789300004.9803197,0.05984616279602051,1.8323304806582974,-0.3597784620918401,0.31537729501724243,-0.42020697825794073,control_pose,robot_origin,robot_origin
76.97229128799972,2026-09-13T11:46:45.042199+00:00,1789300004.9643726,0.07782626152038574,1.8321503723048156,-0.35990412359019286,0.31532454977836244,-0.4139636378236952,control_pose,robot_origin,robot_origin
77.00565041699974,2026-09-13T11:46:45.075561+00:00,1789300005.0349605,0.04060053825378418,1.8328489132311059,-0.35946743218232546,0.31533822417259216,-0.4409637934298833,control_pose,robot_origin,robot_origin
77.04020582999965,2026-09-13T11:46:45.110102+00:00,1789300005.031953,0.07814884185791016,1.8328044726664512,-0.3594961976464797,0.3153455073763285,-0.4395564133907943,control_pose,robot_origin,robot_origin
77.07014623000032,2026-09-13T11:46:45.140056+00:00,1789300005.1036835,0.03637242317199707,1.8335835662113518,-0.3586663977957616,0.31544432044029236,-0.46566305182526924,control_pose,robot_origin,robot_origin
77.11311329300042,2026-09-13T11:46:45.183014+00:00,1789300005.1028156,0.08019828796386719,1.8335693430756006,-0.35867073416063794,0.3154421854925974,-0.46539101663938337,control_pose,robot_origin,robot_origin
77.14689279499999,2026-09-13T11:46:45.216805+00:00,1789300005.1736698,0.04313516616821289,1.8345554425755344,-0.35805689217734193,0.31480762362480164,-0.48789280325814605,control_pose,robot_origin,robot_origin
77.16844311400018,2026-09-13T11:46:45.238350+00:00,1789300005.2281868,0.010163068771362305,1.835098540560965,-0.35840478684561744,0.3141925036907196,-0.5059054438494736,control_pose,robot_origin,robot_origin
77.19414269499975,2026-09-13T11:46:45.264042+00:00,1789300005.174782,0.08925986289978027,1.8345661230502333,-0.3580578312689567,0.3147909561855429,-0.4882018641754998,control_pose,robot_origin,robot_origin
77.22692569999981,2026-09-13T11:46:45.296832+00:00,1789300005.2803547,0.016477346420288086,1.836163199127024,-0.35829688854907854,0.3140712380409241,-0.524796294922594,control_pose,robot_origin,robot_origin
77.26345628299987,2026-09-13T11:46:45.332679+00:00,1789300005.2570708,0.0756082534790039,1.8357587215125868,-0.35824975602403,0.3140961666333935,-0.5152435309715033,control_pose,robot_origin,robot_origin
77.30217702299979,2026-09-13T11:46:45.372078+00:00,1789300005.3372047,0.034873247146606445,1.8367177829398713,-0.35859820842748996,0.31394195556640625,-0.5432093580448486,control_pose,robot_origin,robot_origin
77.3455054799997,2026-09-13T11:46:45.415410+00:00,1789300005.32138,0.09403014183044434,1.8365946713249115,-0.35851733221840265,0.3139842714948675,-0.5379842622510587,control_pose,robot_origin,robot_origin
77.3848999490001,2026-09-13T11:46:45.454801+00:00,1789300005.4072845,0.047516584396362305,1.83747860162247,-0.35958424529353067,0.31362929940223694,-0.567527499010943,control_pose,robot_origin,robot_origin
77.40161722799985,2026-09-13T11:46:45.471513+00:00,1789300005.3928564,0.07865667343139648,1.8372855216006114,-0.35936760393796047,0.3136834137501857,-0.5623869039682454,control_pose,robot_origin,robot_origin
77.42122812199977,2026-09-13T11:46:45.491131+00:00,1789300005.463518,0.027613162994384766,1.8381236258308151,-0.36017907803543886,0.31384846568107605,-0.5867457553699942,control_pose,robot_origin,robot_origin
77.4664278399996,2026-09-13T11:46:45.536332+00:00,1789300005.469146,0.06718587875366211,1.8381159846734154,-0.360262470152976,0.3138797663740068,-0.5878657023752701,control_pose,robot_origin,robot_origin
77.50682424699971,2026-09-13T11:46:45.576729+00:00,1789300005.5368905,0.039838552474975586,1.8386174969000786,-0.3608149711015309,0.31412139534950256,-0.6113210117981008,control_pose,robot_origin,robot_origin
77.54596923200006,2026-09-13T11:46:45.615868+00:00,1789300005.5303328,0.08553528785705566,1.8385749828901996,-0.36076743630669456,0.31410899323685326,-0.6090927745855194,control_pose,robot_origin,robot_origin
77.59876129500026,2026-09-13T11:46:45.668668+00:00,1789300005.6074855,0.061182498931884766,1.8385525255766266,-0.3612707418493045,0.31426572799682617,-0.6345127078836064,control_pose,robot_origin,robot_origin
77.60674438000024,2026-09-13T11:46:45.676646+00:00,1789300005.6017385,0.07490754127502441,1.8385633828908885,-0.36123804057597036,0.3142508723229325,-0.632625821608614,control_pose,robot_origin,robot_origin
77.64603897199959,2026-09-13T11:46:45.715946+00:00,1789300005.6669073,0.04903864860534668,1.8385765714828548,-0.3619626074706308,0.3142467141151428,-0.6554834135998684,control_pose,robot_origin,robot_origin
77.67194842000026,2026-09-13T11:46:45.741852+00:00,1789300005.6665246,0.07532739639282227,1.8385770131755048,-0.3619583486944392,0.3142467916715142,-0.6553490874225197,control_pose,robot_origin,robot_origin
77.7039825869997,2026-09-13T11:46:45.773891+00:00,1789300005.720243,0.05364799499511719,1.8385421319927733,-0.3628098230954661,0.3139883279800415,-0.6741128166649956,control_pose,robot_origin,robot_origin
77.71594865400039,2026-09-13T11:46:45.785852+00:00,1789300005.773804,0.012048006057739258,1.838429090716343,-0.3636513154917885,0.3147153854370117,-0.693495568695374,control_pose,robot_origin,robot_origin
77.73495670200009,2026-09-13T11:46:45.804872+00:00,1789300005.735739,0.06913304328918457,1.838496447311458,-0.36307300601088305,0.31424446477611623,-0.6799101348973235,control_pose,robot_origin,robot_origin
77.7695142270004,2026-09-13T11:46:45.839418+00:00,1789300005.825287,0.014130830764770508,1.8386411147670743,-0.36437706033009104,0.31478792428970337,-0.7114077366382975,control_pose,robot_origin,robot_origin
77.81223186999978,2026-09-13T11:46:45.882120+00:00,1789300005.814937,0.06718277931213379,1.8385773267924572,-0.3641933513199973,0.3147931525172553,-0.7071257718335305,control_pose,robot_origin,robot_origin
77.84867505700004,2026-09-13T11:46:45.918031+00:00,1789300005.8847237,0.03330731391906738,1.838633466213783,-0.3650236991238808,0.3148200511932373,-0.7316702125015043,control_pose,robot_origin,robot_origin
77.8782736789999,2026-09-13T11:46:45.948173+00:00,1789300005.8787243,0.06944870948791504,1.8386263984356537,-0.36499307614989096,0.31481954463409123,-0.7303663515907126,control_pose,robot_origin,robot_origin
77.89793107199966,2026-09-13T11:46:45.967836+00:00,1789300005.9406977,0.027138233184814453,1.8385409128793437,-0.36516519758352656,0.3147018849849701,-0.7545846726610473,control_pose,robot_origin,robot_origin
77.92977428599988,2026-09-13T11:46:45.999674+00:00,1789300005.9936454,0.006028652191162109,1.8383449021480731,-0.36509300326278443,0.3144838511943817,-0.7741289992728839,control_pose,robot_origin,robot_origin
77.95646716400006,2026-09-13T11:46:46.026367+00:00,1789300005.9595256,0.06684136390686035,1.8384184382914321,-0.3652146602694301,0.3146354291750083,-0.7616666587637512,control_pose,robot_origin,robot_origin
77.98795004000021,2026-09-13T11:46:46.057859+00:00,1789300006.0439265,0.013932466506958008,1.8380594544982491,-0.3646565045133053,0.3142477571964264,-0.7921246939136749,control_pose,robot_origin,robot_origin
78.0155886929997,2026-09-13T11:46:46.085486+00:00,1789300006.0237353,0.06175065040588379,1.8381349351346425,-0.3649090918120377,0.314346126814272,-0.784948655546402,control_pose,robot_origin,robot_origin
78.04367418400034,2026-09-13T11:46:46.113579+00:00,1789300006.097446,0.01613306999206543,1.8376570333462583,-0.36366907764253825,0.3139099180698395,-0.8114051547198428,control_pose,robot_origin,robot_origin
78.0933628290004,2026-09-13T11:46:46.163265+00:00,1789300006.0866714,0.07659363746643066,1.8377292655711834,-0.3641114151244644,0.3140467841088484,-0.8029859108163809,control_pose,robot_origin,robot_origin
78.12316450100025,2026-09-13T11:46:46.193073+00:00,1789300006.1535587,0.03951430320739746,1.8375587371256545,-0.3616660580897919,0.3135693073272705,-0.8358058841432068,control_pose,robot_origin,robot_origin
78.18577957999969,2026-09-13T11:46:46.255681+00:00,1789300006.15767,0.09801101684570312,1.8375877264063354,-0.3615410927191668,0.313538499071603,-0.837054772438225,control_pose,robot_origin,robot_origin
78.22625822999998,2026-09-13T11:46:46.296164+00:00,1789300006.2468686,0.04929542541503906,1.8375068858781107,-0.35812726426003444,0.31202930212020874,-0.8757568297744741,control_pose,robot_origin,robot_origin
78.24111240799994,2026-09-13T11:46:46.311018+00:00,1789300006.229176,0.08184194564819336,1.8375069628537695,-0.358717879060923,0.31239096737287003,-0.8681729331225777,control_pose,robot_origin,robot_origin
78.27051265299997,2026-09-13T11:46:46.340419+00:00,1789300006.3001773,0.04024171829223633,1.8374524998373853,-0.3571227638528001,0.3108617067337036,-0.8994344502477986,control_pose,robot_origin,robot_origin
78.30920433499978,2026-09-13T11:46:46.379108+00:00,1789300006.3056443,0.07346367835998535,1.8376197754744523,-0.35710456786948197,0.31073516129991785,-0.9022010849240987,control_pose,robot_origin,robot_origin
78.35086189200047,2026-09-13T11:46:46.420762+00:00,1789300006.376749,0.044013023376464844,1.8347844744916708,-0.3575008846004865,0.3104359209537506,-0.9341349969002912,control_pose,robot_origin,robot_origin
78.40213874300025,2026-09-13T11:46:46.472043+00:00,1789300006.3778713,0.09417176246643066,1.8347403192510399,-0.35753568359399013,0.31040781451822325,-0.9346844021690627,control_pose,robot_origin,robot_origin
78.42780158599999,2026-09-13T11:46:46.497704+00:00,1789300006.4535918,0.044112205505371094,1.8317482190969632,-0.355215021026498,0.3088237941265106,-0.9785040395646187,control_pose,robot_origin,robot_origin
78.45748386099967,2026-09-13T11:46:46.527390+00:00,1789300006.4384608,0.0889291763305664,1.8322143919423783,-0.3560874490857084,0.30902126318046874,-0.9695241665878152,control_pose,robot_origin,robot_origin
78.49035064500004,2026-09-13T11:46:46.560253+00:00,1789300006.5135493,0.04670357704162598,1.8334922612476634,-0.35331575584369945,0.30813807249069214,-1.0083195008838943,control_pose,robot_origin,robot_origin
78.53260922499976,2026-09-13T11:46:46.602511+00:00,1789300006.51453,0.08798098564147949,1.8335452510726755,-0.35327528063153785,0.30812036793632197,-1.0086554730367847,control_pose,robot_origin,robot_origin
78.56698549199973,2026-09-13T11:46:46.636884+00:00,1789300006.5868227,0.05006122589111328,1.835834785750541,-0.3499901901890402,0.30758020281791687,-1.0426233192508454,control_pose,robot_origin,robot_origin
78.58540154300044,2026-09-13T11:46:46.655308+00:00,1789300006.5791411,0.07616686820983887,1.8356380314431924,-0.3502881852290303,0.3075013673291737,-1.0391516875025106,control_pose,robot_origin,robot_origin
78.61095004399976,2026-09-13T11:46:46.680811+00:00,1789300006.6434417,0.0373692512512207,1.8387945170407838,-0.3483858843485129,0.30704188346862793,-1.0652903695673193,control_pose,robot_origin,robot_origin
78.63410764299988,2026-09-13T11:46:46.704004+00:00,1789300006.6970344,0.0069696903228759766,1.8426893638730693,-0.34667164559387764,0.30789896845817566,-1.087301738876043,control_pose,robot_origin,robot_origin
78.6639938950002,2026-09-13T11:46:46.733895+00:00,1789300006.6487193,0.08517575263977051,1.8391173529696627,-0.34832814362407727,0.30700947110434895,-1.066680595587421,control_pose,robot_origin,robot_origin
78.71631233399967,2026-09-13T11:46:46.786213+00:00,1789300006.7510443,0.03516864776611328,1.8469101629357618,-0.34674257123157626,0.30867093801498413,-1.1128295537403896,control_pose,robot_origin,robot_origin
78.74310060900007,2026-09-13T11:46:46.813007+00:00,1789300006.719245,0.09376215934753418,1.8446184375000296,-0.34680742675388854,0.3082582273502891,-1.0973625659969324,control_pose,robot_origin,robot_origin
78.80114073999994,2026-09-13T11:46:46.871043+00:00,1789300006.7840033,0.08703970909118652,1.8469715950994872,-0.34695024400405755,0.3092028375163861,-1.1311311664326158,control_pose,robot_origin,robot_origin
78.83247464899978,2026-09-13T11:46:46.902389+00:00,1789300006.8468008,0.0555882453918457,1.849090062147888,-0.347024820011897,0.309588760137558,-1.1573320388874784,control_pose,robot_origin,robot_origin
78.86047869600043,2026-09-13T11:46:46.930378+00:00,1789300006.8552182,0.07515978813171387,1.849449531428107,-0.3464937226390626,0.3094964220046362,-1.1582847071960694,control_pose,robot_origin,robot_origin
78.89144436199967,2026-09-13T11:46:46.961350+00:00,1789300006.9134426,0.047907352447509766,1.8501686500593089,-0.34467081552658163,0.3091561794281006,-1.150781177235495,control_pose,robot_origin,robot_origin
78.92985939099981,2026-09-13T11:46:46.999759+00:00,1789300006.9264812,0.07327771186828613,1.8500230786276348,-0.3444330963933033,0.30944825641519264,-1.1482022951364104,control_pose,robot_origin,robot_origin
78.95092904499961,2026-09-13T11:46:47.020839+00:00,1789300006.9667397,0.054099321365356445,1.8504939385423336,-0.34327701538764477,0.30989161133766174,-1.1418756738943532,control_pose,robot_origin,robot_origin
78.97190896699976,2026-09-13T11:46:47.041815+00:00,1789300007.020206,0.021609067916870117,1.8513008815211331,-0.34215465951067925,0.3102455139160156,-1.1351396064433386,control_pose,robot_origin,robot_origin
79.00154371900044,2026-09-13T11:46:47.071457+00:00,1789300006.9975474,0.07390952110290527,1.8510980806902335,-0.34264542751147975,0.3100981515606666,-1.1381542756592324,control_pose,robot_origin,robot_origin
79.02634402199965,2026-09-13T11:46:47.096250+00:00,1789300007.0703862,0.0258638858795166,1.8517686152128396,-0.3416086198976716,0.31035494804382324,-1.1277198033260931,control_pose,robot_origin,robot_origin
79.07981282200035,2026-09-13T11:46:47.149718+00:00,1789300007.0657613,0.08395671844482422,1.8517175833580035,-0.3416751133299225,0.3103511196163502,-1.1285855361021084,control_pose,robot_origin,robot_origin
79.10919876099979,2026-09-13T11:46:47.179103+00:00,1789300007.1301239,0.04897904396057129,1.851648152891863,-0.3407798351882034,0.3104873299598694,-1.118677359949908,control_pose,robot_origin,robot_origin
79.1419125780003,2026-09-13T11:46:47.211813+00:00,1789300007.136767,0.07504606246948242,1.8515196579908126,-0.3406860921088213,0.3105471236782052,-1.1177078778311156,control_pose,robot_origin,robot_origin
79.17597225400004,2026-09-13T11:46:47.245877+00:00,1789300007.2068315,0.03904557228088379,1.8501273362622022,-0.3394716508394404,0.311125785112381,-1.1131934897670028,control_pose,robot_origin,robot_origin
79.22791643399978,2026-09-13T11:46:47.297833+00:00,1789300007.204007,0.0938260555267334,1.850177512324374,-0.3395240782208336,0.311107980171538,-1.1133199300663081,control_pose,robot_origin,robot_origin
79.26852603400039,2026-09-13T11:46:47.338425+00:00,1789300007.2901318,0.048293113708496094,1.851186821873482,-0.3363900560652814,0.31111735105514526,-1.1157835580323574,control_pose,robot_origin,robot_origin
79.29568754299999,2026-09-13T11:46:47.365592+00:00,1789300007.2863116,0.07928037643432617,1.8511222383834947,-0.33653305800982813,0.31113187101212186,-1.11566942975729,control_pose,robot_origin,robot_origin
79.32894765899982,2026-09-13T11:46:47.398851+00:00,1789300007.3499928,0.0488581657409668,1.851769256701042,-0.3352651850317159,0.31100228428840637,-1.1119917915042588,control_pose,robot_origin,robot_origin
79.36240397700021,2026-09-13T11:46:47.432306+00:00,1789300007.3496487,0.0826573371887207,1.8517632185113388,-0.33527500507145125,0.31100386484059434,-1.1120198246934068,control_pose,robot_origin,robot_origin
79.41513881999981,2026-09-13T11:46:47.485040+00:00,1789300007.4166558,0.06838417053222656,1.852782318118215,-0.3343689930939356,0.31139934062957764,-1.1065553051349106,control_pose,robot_origin,robot_origin
79.43618968900046,2026-09-13T11:46:47.506092+00:00,1789300007.4197352,0.08635687828063965,1.8527925335802842,-0.33433314115363927,0.3114024660748688,-1.1063947478683998,control_pose,robot_origin,robot_origin
79.461245814,2026-09-13T11:46:47.531158+00:00,1789300007.486811,0.04434704780578613,1.853341149390256,-0.3337295458679903,0.31148120760917664,-1.1032461213423046,control_pose,robot_origin,robot_origin
79.49778106800022,2026-09-13T11:46:47.567678+00:00,1789300007.4858456,0.0818324089050293,1.8533312345014106,-0.33373713496422264,0.3114800083235403,-1.1032892797938196,control_pose,robot_origin,robot_origin
79.53502999000011,2026-09-13T11:46:47.604933+00:00,1789300007.5711849,0.03374814987182617,1.8540308924408269,-0.3332594319420347,0.3117331564426422,-1.100667780442033,control_pose,robot_origin,robot_origin
79.58890613800031,2026-09-13T11:46:47.658812+00:00,1789300007.5607047,0.09810733795166016,1.8539410651573707,-0.3333136592311757,0.31170647967860365,-1.1009949479501038,control_pose,robot_origin,robot_origin
79.62829551800041,2026-09-13T11:46:47.698199+00:00,1789300007.656814,0.04138493537902832,1.855087381705355,-0.33272905705408845,0.311707466840744,-1.0956442513195397,control_pose,robot_origin,robot_origin
79.65387371700035,2026-09-13T11:46:47.723778+00:00,1789300007.6235766,0.10020136833190918,1.8547626011061742,-0.3328506446027223,0.31173077039440644,-1.097542898958256,control_pose,robot_origin,robot_origin
79.69048535900038,2026-09-13T11:46:47.760390+00:00,1789300007.7135673,0.04682278633117676,1.8556607658223128,-0.3323181330703083,0.31161829829216003,-1.0928689820024018,control_pose,robot_origin,robot_origin
79.71086441900025,2026-09-13T11:46:47.780735+00:00,1789300007.6944718,0.08626317977905273,1.8554616043547563,-0.33247106574854707,0.3116558737371994,-1.09381101415164,control_pose,robot_origin,robot_origin
79.73869552900032,2026-09-13T11:46:47.808601+00:00,1789300007.7669501,0.04165077209472656,1.8562380032597559,-0.3320925086120427,0.31126031279563904,-1.090157921227041,control_pose,robot_origin,robot_origin
79.77153283999996,2026-09-13T11:46:47.841422+00:00,1789300007.7645822,0.07683992385864258,1.8562141978021192,-0.33210242876514084,0.31127695860484517,-1.0902744855570636,control_pose,robot_origin,robot_origin
79.80380311499994,2026-09-13T11:46:47.873721+00:00,1789300007.8199894,0.053731441497802734,1.856722033003326,-0.33187769498189096,0.31117188930511475,-1.0882622408439961,control_pose,robot_origin,robot_origin
79.81565909599976,2026-09-13T11:46:47.885564+00:00,1789300007.870142,0.01542210578918457,1.8570880690978482,-0.3316614504745296,0.31114792823791504,-1.0867067337052763,control_pose,robot_origin,robot_origin
79.84457634000046,2026-09-13T11:46:47.914387+00:00,1789300007.8345041,0.07988286018371582,1.8568345392034347,-0.33178244718982486,0.3111607745938603,-1.0877988561788148,control_pose,robot_origin,robot_origin
79.85924996500034,2026-09-13T11:46:47.928447+00:00,1789300007.9238017,0.004645347595214844,1.8573809200560687,-0.3314848124333625,0.3111221492290497,-1.0851117155103487,control_pose,robot_origin,robot_origin
79.9215028159997,2026-09-13T11:46:47.991408+00:00,1789300007.9057448,0.0856633186340332,1.8572996493290113,-0.33154918691976276,0.3111267365117584,-1.0856231332656259,control_pose,robot_origin,robot_origin
79.9506068540004,2026-09-13T11:46:48.020510+00:00,1789300007.983403,0.037106990814208984,1.857548688219772,-0.33129171342662284,0.3111085295677185,-1.0838576386057641,control_pose,robot_origin,robot_origin
79.99737672799984,2026-09-13T11:46:48.067278+00:00,1789300007.9798803,0.08739757537841797,1.8575368988304475,-0.3313001675653243,0.3111098386497803,-1.0839201269296086,control_pose,robot_origin,robot_origin
80.02922304500044,2026-09-13T11:46:48.099128+00:00,1789300008.0566332,0.042494773864746094,1.8577504152572886,-0.331265854746452,0.31105732917785645,-1.083012677025556,control_pose,robot_origin,robot_origin
80.0622131629998,2026-09-13T11:46:48.132121+00:00,1789300008.0473838,0.08473730087280273,1.857716859309351,-0.33127649023286776,0.31106620635327903,-1.0831430248403393,control_pose,robot_origin,robot_origin
80.08243912800026,2026-09-13T11:46:48.152318+00:00,1789300008.1137218,0.038596153259277344,1.8578589857928107,-0.3311975731968838,0.3110125660896301,-1.0820454942535562,control_pose,robot_origin,robot_origin
80.13360861300043,2026-09-13T11:46:48.203512+00:00,1789300008.1161723,0.08733963966369629,1.8578663689569688,-0.33119291822159125,0.31101108628474416,-1.082019006708494,control_pose,robot_origin,robot_origin
80.1840699659997,2026-09-13T11:46:48.253984+00:00,1789300008.1999695,0.05401444435119629,1.8581407262413319,-0.3310053454056714,0.3109406530857086,-1.0805936561633926,control_pose,robot_origin,robot_origin
80.20032072499998,2026-09-13T11:46:48.270225+00:00,1789300008.1856194,0.08460569381713867,1.858097103820068,-0.33104083616030294,0.3109531503137204,-1.0808209373445388,control_pose,robot_origin,robot_origin
80.23979302099997,2026-09-13T11:46:48.309699+00:00,1789300008.2603886,0.04931044578552246,1.8583054394121112,-0.330899403900896,0.3109091520309448,-1.079813650810279,control_pose,robot_origin,robot_origin
80.27125288699972,2026-09-13T11:46:48.341160+00:00,1789300008.2548363,0.08632373809814453,1.8582903027832451,-0.33090913959617596,0.31091204688004886,-1.0798853288467838,control_pose,robot_origin,robot_origin
80.29577397699995,2026-09-13T11:46:48.365676+00:00,1789300008.319887,0.04578900337219238,1.8583742997743715,-0.33079499275552543,0.3108963668346405,-1.078972092233637,control_pose,robot_origin,robot_origin
80.33111457900031,2026-09-13T11:46:48.401016+00:00,1789300008.3270442,0.07397174835205078,1.8583804047430974,-0.3307904934430661,0.31089478032624845,-1.078822404017956,control_pose,robot_origin,robot_origin
80.3628624920002,2026-09-13T11:46:48.432761+00:00,1789300008.3902903,0.042470693588256836,1.8584249842767544,-0.3307268253218109,0.31073689460754395,-1.0778290833697937,control_pose,robot_origin,robot_origin
80.4034721879998,2026-09-13T11:46:48.473376+00:00,1789300008.3999417,0.07343435287475586,1.8584409836104594,-0.3306987044392525,0.310669714448511,-1.077735506665042,control_pose,robot_origin,robot_origin
80.44625767300022,2026-09-13T11:46:48.516161+00:00,1789300008.483365,0.03279590606689453,1.858589751286034,-0.3307064738285703,0.31049472093582153,-1.0771709403071672,control_pose,robot_origin,robot_origin
80.47155259299961,2026-09-13T11:46:48.541463+00:00,1789300008.4675837,0.07387924194335938,1.8585660681222513,-0.3307166946723344,0.31050010748198026,-1.077281407920911,control_pose,robot_origin,robot_origin
80.49667044800026,2026-09-13T11:46:48.566571+00:00,1789300008.540335,0.02623605728149414,1.8587378383744435,-0.33065580588134696,0.31027543544769287,-1.0766386924168432,control_pose,robot_origin,robot_origin
80.54119304300002,2026-09-13T11:46:48.611097+00:00,1789300008.5455108,0.06558632850646973,1.8587375810740803,-0.33064607553376235,0.31027085138882604,-1.0766181894098752,control_pose,robot_origin,robot_origin
80.5670312860002,2026-09-13T11:46:48.636944+00:00,1789300008.5965965,0.04034757614135742,1.8588024811562491,-0.33052502487537505,0.31021711230278015,-1.0760752303216976,control_pose,robot_origin,robot_origin
80.61126298599993,2026-09-13T11:46:48.681169+00:00,1789300008.6026366,0.07853245735168457,1.8588095924460073,-0.3305077252948806,0.3102117318034775,-1.0760502664184672,control_pose,robot_origin,robot_origin
80.633648129,2026-09-13T11:46:48.703550+00:00,1789300008.6498885,0.05366158485412598,1.8588752367036914,-0.330460777236645,0.31018340587615967,-1.0756135378572946,control_pose,robot_origin,robot_origin
80.64510527400034,2026-09-13T11:46:48.715010+00:00,1789300008.703279,0.01173090934753418,1.8589356362390217,-0.33042858642128814,0.310149222612381,-1.0751404095389545,control_pose,robot_origin,robot_origin
80.6874420969998,2026-09-13T11:46:48.757347+00:00,1789300008.6763477,0.08099937438964844,1.8589175902384574,-0.3304671298414482,0.31017380156186525,-1.0753543467120659,control_pose,robot_origin,robot_origin
80.7124815799998,2026-09-13T11:46:48.782380+00:00,1789300008.753313,0.029067039489746094,1.858936648992376,-0.33031816767382616,0.3101896643638611,-1.0746542400774513,control_pose,robot_origin,robot_origin
80.76488216600046,2026-09-13T11:46:48.834785+00:00,1789300008.7535005,0.0812845230102539,1.8589364399307475,-0.3303182577218684,0.3101894220518928,-1.0746516630683767,control_pose,robot_origin,robot_origin
80.79264127199986,2026-09-13T11:46:48.862547+00:00,1789300008.8066688,0.0558781623840332,1.858971849182348,-0.33022891801295245,0.3101372718811035,-1.073809832816028,control_pose,robot_origin,robot_origin
80.80506208099996,2026-09-13T11:46:48.874965+00:00,1789300008.8601248,0.014840126037597656,1.858993126951383,-0.330171655596303,0.3101166784763336,-1.0733847364475892,control_pose,robot_origin,robot_origin
80.83201500300038,2026-09-13T11:46:48.901921+00:00,1789300008.8174753,0.08444571495056152,1.8589868510371024,-0.3302351974874179,0.3101356851468834,-1.0736956835526748,control_pose,robot_origin,robot_origin
80.86639245399965,2026-09-13T11:46:48.936129+00:00,1789300008.9132926,0.02283644676208496,1.8590232869667878,-0.3301752452084653,0.310090035200119,-1.0733491915263826,control_pose,robot_origin,robot_origin
80.90140488100042,2026-09-13T11:46:48.971310+00:00,1789300008.887786,0.08352398872375488,1.8590186215011668,-0.33016190647270927,0.31010121460811746,-1.0733427109184082,control_pose,robot_origin,robot_origin
80.9393595649999,2026-09-13T11:46:49.009269+00:00,1789300008.9633334,0.045935630798339844,1.8590516549882823,-0.3302018168842467,0.31007465720176697,-1.0732088983125445,control_pose,robot_origin,robot_origin
80.9714190450004,2026-09-13T11:46:49.041325+00:00,1789300008.9574118,0.08391332626342773,1.8590528311639198,-0.3302033164226853,0.3100730035132046,-1.0732470928386681,control_pose,robot_origin,robot_origin
81.00472066600014,2026-09-13T11:46:49.074626+00:00,1789300009.0340335,0.04059243202209473,1.859104567995702,-0.330154759774013,0.31007474660873413,-1.0728843170429563,control_pose,robot_origin,robot_origin
81.05284263900012,2026-09-13T11:46:49.122748+00:00,1789300009.0268934,0.09585452079772949,1.8590937829740102,-0.33015539909158303,0.3100728925514075,-1.0729183291284896,control_pose,robot_origin,robot_origin
81.08824458799972,2026-09-13T11:46:49.158146+00:00,1789300009.116622,0.04152393341064453,1.8591253762326823,-0.3301576981060056,0.31008970737457275,-1.0726739880873044,control_pose,robot_origin,robot_origin
81.11557327300034,2026-09-13T11:46:49.185480+00:00,1789300009.0986948,0.08678531646728516,1.8591280294942194,-0.3301566433250992,0.31008716627594984,-1.0726758117013786,control_pose,robot_origin,robot_origin
81.15078625299975,2026-09-13T11:46:49.220690+00:00,1789300009.176641,0.04404902458190918,1.859139857691725,-0.3301856306979781,0.3100684881210327,-1.0726761153979103,control_pose,robot_origin,robot_origin
81.19116828999995,2026-09-13T11:46:49.261074+00:00,1789300009.1668649,0.09420919418334961,1.8591356468509967,-0.33018486163523797,0.3100708297985185,-1.072667604161282,control_pose,robot_origin,robot_origin
81.23224968900013,2026-09-13T11:46:49.302146+00:00,1789300009.2585797,0.043566226959228516,1.8591073749569467,-0.3301589669710678,0.3100607693195343,-1.072440789092588,control_pose,robot_origin,robot_origin
81.25456122899959,2026-09-13T11:46:49.324463+00:00,1789300009.2361057,0.08835721015930176,1.8591170590554624,-0.3301627624363237,0.31006800888276537,-1.072514133058389,control_pose,robot_origin,robot_origin
81.29283266499988,2026-09-13T11:46:49.362735+00:00,1789300009.3243685,0.03836655616760254,1.8591168265740499,-0.330177386154338,0.3100653290748596,-1.0723685467887896,control_pose,robot_origin,robot_origin
81.32971043100042,2026-09-13T11:46:49.399612+00:00,1789300009.3056834,0.09392857551574707,1.8591141421384947,-0.3301721547627222,0.3100640340192956,-1.072389066597265,control_pose,robot_origin,robot_origin
81.34152900200024,2026-09-13T11:46:49.411434+00:00,1789300009.3802154,0.031218528747558594,1.8591299685072775,-0.3301858446271245,0.310060977935791,-1.0723554097356705,control_pose,robot_origin,robot_origin
81.38750885300033,2026-09-13T11:46:49.457412+00:00,1789300009.3835855,0.07382655143737793,1.8591318528657914,-0.33018524089304374,0.3100609539121016,-1.0723632995893053,control_pose,robot_origin,robot_origin
81.4283271989998,2026-09-13T11:46:49.498229+00:00,1789300009.4567704,0.0414586067199707,1.8591146019627884,-0.33016721713904945,0.31006741523742676,-1.0722828583933912,control_pose,robot_origin,robot_origin
81.46906237300027,2026-09-13T11:46:49.538964+00:00,1789300009.451795,0.08716893196105957,1.8591157982443285,-0.33017076687707003,0.31006611982948085,-1.0722980727943898,control_pose,robot_origin,robot_origin
81.49125189099959,2026-09-13T11:46:49.561050+00:00,1789300009.5232754,0.03777456283569336,1.8591383448796934,-0.3302047785281168,0.3100663721561432,-1.0720581873932797,control_pose,robot_origin,robot_origin
81.52922766400025,2026-09-13T11:46:49.599129+00:00,1789300009.521748,0.07738089561462402,1.8591373272463463,-0.3302033691812969,0.3100669522111884,-1.0720608461577708,control_pose,robot_origin,robot_origin
81.55351879000045,2026-09-13T11:46:49.623430+00:00,1789300009.58483,0.03859996795654297,1.8591392029504221,-0.3301852568691205,0.3100634515285492,-1.0721409646253173,control_pose,robot_origin,robot_origin
81.59207475200037,2026-09-13T11:46:49.661975+00:00,1789300009.5893013,0.07267355918884277,1.859152171466668,-0.3302025073663683,0.31006350517742093,-1.0721573742629724,control_pose,robot_origin,robot_origin
81.61374763599997,2026-09-13T11:46:49.683663+00:00,1789300009.6365013,0.04716157913208008,1.8591412469205586,-0.3302133809182593,0.3100515305995941,-1.072193539284919,control_pose,robot_origin,robot_origin
81.62652174200048,2026-09-13T11:46:49.696427+00:00,1789300009.6898403,0.006586790084838867,1.859106968298095,-0.3301987579467756,0.31004902720451355,-1.071913144386125,control_pose,robot_origin,robot_origin
81.67208390799988,2026-09-13T11:46:49.741987+00:00,1789300009.6650643,0.07692265510559082,1.8591236347547127,-0.3301925342212231,0.31005576127475987,-1.0720400155231302,control_pose,robot_origin,robot_origin
81.70425116899969,2026-09-13T11:46:49.774153+00:00,1789300009.7433348,0.03081822395324707,1.8590941059793875,-0.33018768094141887,0.3100457787513733,-1.0717725428547564,control_pose,robot_origin,robot_origin
81.76216373999978,2026-09-13T11:46:49.832067+00:00,1789300009.726781,0.1052861213684082,1.859109763043051,-0.33019161248793727,0.31004500732954626,-1.0717639352331585,control_pose,robot_origin,robot_origin
81.8059763780002,2026-09-13T11:46:49.875880+00:00,1789300009.820285,0.05559492111206055,1.8590976625706213,-0.33026181406175614,0.31003904342651367,-1.0721356821885843,control_pose,robot_origin,robot_origin
81.84675622699979,2026-09-13T11:46:49.916657+00:00,1789300009.7972262,0.1194307804107666,1.8590981415966072,-0.33024982361898286,0.31004097967866545,-1.0720295316601602,control_pose,robot_origin,robot_origin
81.86269573800018,2026-09-13T11:46:49.932599+00:00,1789300009.8898222,0.04277682304382324,1.8591217676350589,-0.33026589678494356,0.3100338876247406,-1.071835680042958,control_pose,robot_origin,robot_origin
81.90468921499996,2026-09-13T11:46:49.974593+00:00,1789300009.8656595,0.1089334487915039,1.8591133915483555,-0.3302644781103123,0.31003567917534147,-1.0719399254438864,control_pose,robot_origin,robot_origin
81.93278225799986,2026-09-13T11:46:50.002685+00:00,1789300009.963583,0.03910207748413086,1.859103166271032,-0.33022328373091886,0.31004777550697327,-1.0716913452278645,control_pose,robot_origin,robot_origin
81.95494844600034,2026-09-13T11:46:50.024852+00:00,1789300009.9334817,0.0913703441619873,1.8591107574076833,-0.3302406739349797,0.3100421079219685,-1.0717502478540493,control_pose,robot_origin,robot_origin
81.98352912799965,2026-09-13T11:46:50.053436+00:00,1789300010.01645,0.03698611259460449,1.8591090114029483,-0.33022445059409383,0.31002864241600037,-1.071652977580452,control_pose,robot_origin,robot_origin
82.0172206240004,2026-09-13T11:46:50.087125+00:00,1789300010.0048182,0.0823068618774414,1.8591094429221566,-0.33021737821801317,0.31002948094648064,-1.0716474509042417,control_pose,robot_origin,robot_origin
82.05727867699989,2026-09-13T11:46:50.127186+00:00,1789300010.0899138,0.03727221488952637,1.859101801270131,-0.3302636127616122,0.31002748012542725,-1.071626205859302,control_pose,robot_origin,robot_origin
82.09883427499972,2026-09-13T11:46:50.168738+00:00,1789300010.0753279,0.09341001510620117,1.8591008580664528,-0.33024879380435124,0.3100264040578145,-1.071632305252565,control_pose,robot_origin,robot_origin
82.13386244600042,2026-09-13T11:46:50.203770+00:00,1789300010.1632593,0.04051065444946289,1.8593661191794506,-0.3296623778991925,0.3103366196155548,-1.0723104376872608,control_pose,robot_origin,robot_origin
82.16291268700024,2026-09-13T11:46:50.232813+00:00,1789300010.1469905,0.08582234382629395,1.859279066705766,-0.32984446439447374,0.31024130490719004,-1.0720772630303643,control_pose,robot_origin,robot_origin
82.1948672010003,2026-09-13T11:46:50.264775+00:00,1789300010.2232337,0.041541337966918945,1.8603196514733835,-0.3305215625889486,0.31098946928977966,-1.0994526928633699,control_pose,robot_origin,robot_origin
82.22303602299962,2026-09-13T11:46:50.292937+00:00,1789300010.2163951,0.07654190063476562,1.860124888352889,-0.33058417230676984,0.31100139755552625,-1.0957190276902151,control_pose,robot_origin,robot_origin
82.25355328200021,2026-09-13T11:46:50.323462+00:00,1789300010.2764153,0.047046661376953125,1.8608226356673456,-0.33147290345917657,0.31079205870628357,-1.1249543337937598,control_pose,robot_origin,robot_origin
82.26638563100005,2026-09-13T11:46:50.336293+00:00,1789300010.3298097,0.006483316421508789,1.8622868247333761,-0.33217875146200726,0.31119242310523987,-1.1431390330166349,control_pose,robot_origin,robot_origin
82.31387825999991,2026-09-13T11:46:50.383775+00:00,1789300010.287393,0.09638190269470215,1.8610685356993628,-0.3315843622925816,0.3108608670819564,-1.1285476880241947,control_pose,robot_origin,robot_origin
82.32699286299976,2026-09-13T11:46:50.396907+00:00,1789300010.3799121,0.016994953155517578,1.863427349802892,-0.33247086195295095,0.3115556538105011,-1.1616270968751339,control_pose,robot_origin,robot_origin
82.38771334900048,2026-09-13T11:46:50.457617+00:00,1789300010.3652623,0.09235477447509766,1.8630833813816863,-0.33235308473950864,0.31147077679634094,-1.1556337348316805,control_pose,robot_origin,robot_origin
82.43817630099966,2026-09-13T11:46:50.508079+00:00,1789300010.4632416,0.04483747482299805,1.865177860686607,-0.33331045207143795,0.31220799684524536,-1.192741489780699,control_pose,robot_origin,robot_origin
82.4485160459999,2026-09-13T11:46:50.518421+00:00,1789300010.4259493,0.09247159957885742,1.8644174887428133,-0.33290610891108285,0.31189264412668144,-1.1785726414868798,control_pose,robot_origin,robot_origin
82.4842921899999,2026-09-13T11:46:50.554195+00:00,1789300010.5166743,0.037520647048950195,1.86624028210695,-0.3337484043488882,0.31254392862319946,-1.213878497045854,control_pose,robot_origin,robot_origin
82.51078915299968,2026-09-13T11:46:50.580691+00:00,1789300010.5080907,0.0726003646850586,1.8659881564026881,-0.33361367017940874,0.3124754667390499,-1.2098954120780065,control_pose,robot_origin,robot_origin
82.5311268659998,2026-09-13T11:46:50.601031+00:00,1789300010.569896,0.031135082244873047,1.867180146844501,-0.33489587870691984,0.3128804564476013,-1.2339764785526925,control_pose,robot_origin,robot_origin
82.5752874259997,2026-09-13T11:46:50.645187+00:00,1789300010.6233985,0.021788358688354492,1.8675752645146209,-0.33592293535575846,0.31314200162887573,-1.2553652501365167,control_pose,robot_origin,robot_origin
82.62582372599991,2026-09-13T11:46:50.695723+00:00,1789300010.577042,0.11868095397949219,1.8672469192030365,-0.3349633250116171,0.3129358391792357,-1.2374164431478762,control_pose,robot_origin,robot_origin
82.6577159010003,2026-09-13T11:46:50.727592+00:00,1789300010.690031,0.03756093978881836,1.8681927052352723,-0.33685628052382044,0.31396085023880005,-1.2815782786238308,control_pose,robot_origin,robot_origin
82.68532450400016,2026-09-13T11:46:50.755222+00:00,1789300010.639052,0.11617016792297363,1.8677203126136863,-0.33614219517758637,0.3133343641186167,-1.2615230890438258,control_pose,robot_origin,robot_origin
82.72628496899961,2026-09-13T11:46:50.796200+00:00,1789300010.709074,0.08712601661682129,1.8681554460997372,-0.33712509775516736,0.3140089666262955,-1.289335265951508,control_pose,robot_origin,robot_origin
82.75573750199965,2026-09-13T11:46:50.825641+00:00,1789300010.7697463,0.05589461326599121,1.8681941441914311,-0.3380748566765471,0.31409952044487,-1.3147679851282041,control_pose,robot_origin,robot_origin
82.76751651900031,2026-09-13T11:46:50.837422+00:00,1789300010.8207111,0.016710758209228516,1.8679251343719256,-0.33915629512908535,0.3142489790916443,-1.3351988741410419,control_pose,robot_origin,robot_origin
82.79906442100037,2026-09-13T11:46:50.868730+00:00,1789300010.7791357,0.08959436416625977,1.8681388372005596,-0.33830998417761854,0.3141223025064545,-1.3190623728834743,control_pose,robot_origin,robot_origin
82.81146637999973,2026-09-13T11:46:50.881371+00:00,1789300010.8745048,0.0068662166595458984,1.8670527991601131,-0.339683074271728,0.3139103055000305,-1.356812788406667,control_pose,robot_origin,robot_origin
82.86826827099958,2026-09-13T11:46:50.938172+00:00,1789300010.8596659,0.0785062313079834,1.8672978471426263,-0.34005608937286147,0.3140806498509355,-1.3516214553352026,control_pose,robot_origin,robot_origin
82.89051631999973,2026-09-13T11:46:50.960421+00:00,1789300010.9263675,0.03405356407165527,1.8653635274411773,-0.3419589301252918,0.3133307099342346,-1.3787001177681666,control_pose,robot_origin,robot_origin
82.93200436299958,2026-09-13T11:46:51.001905+00:00,1789300010.9765055,0.025399446487426758,1.8639413768513469,-0.344021405516052,0.3119523525238037,-1.3889622084568767,control_pose,robot_origin,robot_origin
82.95287359000031,2026-09-13T11:46:51.022778+00:00,1789300010.9192042,0.10357379913330078,1.8656259014791368,-0.34246813136518106,0.31350262927456235,-1.3759569100363944,control_pose,robot_origin,robot_origin
83.00380469399988,2026-09-13T11:46:51.073710+00:00,1789300010.9878073,0.08590269088745117,1.8635010892382586,-0.3446081004178554,0.31144100318792617,-1.3905636247215007,control_pose,robot_origin,robot_origin
83.03852494399962,2026-09-13T11:46:51.108429+00:00,1789300011.0562978,0.05213117599487305,1.8618661898005624,-0.3455078710039201,0.3099042475223541,-1.3915712143496648,control_pose,robot_origin,robot_origin
83.06758414599972,2026-09-13T11:46:51.137484+00:00,1789300011.0601096,0.07737445831298828,1.8618657051835399,-0.3455981017621474,0.3099078703819743,-1.391192425916051,control_pose,robot_origin,robot_origin
83.10155303200008,2026-09-13T11:46:51.171457+00:00,1789300011.1230278,0.048429250717163086,1.862493629354935,-0.3466834176717938,0.30927178263664246,-1.3826853516523143,control_pose,robot_origin,robot_origin
83.15132692600037,2026-09-13T11:46:51.221227+00:00,1789300011.1282015,0.09302544593811035,1.862610242026171,-0.34662701110344885,0.3093820702493305,-1.3820945788581285,control_pose,robot_origin,robot_origin
83.18263113499961,2026-09-13T11:46:51.252536+00:00,1789300011.220775,0.03176116943359375,1.8647216820463448,-0.3457635547514796,0.3098330497741699,-1.3703280830672913,control_pose,robot_origin,robot_origin
83.21435296500022,2026-09-13T11:46:51.284258+00:00,1789300011.201191,0.08306694030761719,1.8643536696569383,-0.3459378517944594,0.30971670389142464,-1.372665447913579,control_pose,robot_origin,robot_origin
83.24800049100031,2026-09-13T11:46:51.317907+00:00,1789300011.2764442,0.04146289825439453,1.865449875198111,-0.3451391967588743,0.3099410831928253,-1.3652086821887939,control_pose,robot_origin,robot_origin
83.27362310599983,2026-09-13T11:46:51.343527+00:00,1789300011.265153,0.07837414741516113,1.865325983784881,-0.34523430654402676,0.30997483281151306,-1.365960131678313,control_pose,robot_origin,robot_origin
83.30618222599969,2026-09-13T11:46:51.376087+00:00,1789300011.3328893,0.0431976318359375,1.8654857877093451,-0.34475226373583184,0.30970436334609985,-1.3625471692976021,control_pose,robot_origin,robot_origin
83.34886917600033,2026-09-13T11:46:51.418775+00:00,1789300011.3373148,0.08146023750305176,1.8654571818579855,-0.3447333176480709,0.30968374900090495,-1.3623697011439844,control_pose,robot_origin,robot_origin
83.38520672300001,2026-09-13T11:46:51.455106+00:00,1789300011.4096494,0.045456647872924805,1.8649403112953111,-0.34448752854255404,0.30945733189582825,-1.3595523182180569,control_pose,robot_origin,robot_origin
83.43278825200014,2026-09-13T11:46:51.502696+00:00,1789300011.4037209,0.09897518157958984,1.8649918318729972,-0.3445032590852366,0.3094755062747522,-1.3597752875089306,control_pose,robot_origin,robot_origin
83.4655985520003,2026-09-13T11:46:51.535502+00:00,1789300011.493103,0.042398929595947266,1.8640098120527084,-0.3441675692144172,0.30924278497695923,-1.3563992580268065,control_pose,robot_origin,robot_origin
83.50746117400013,2026-09-13T11:46:51.577362+00:00,1789300011.4776402,0.09972190856933594,1.864174000423903,-0.3442368432892437,0.3092851854807197,-1.356942252047635,control_pose,robot_origin,robot_origin
83.53649246999976,2026-09-13T11:46:51.606397+00:00,1789300011.5596917,0.04670524597167969,1.8634982012528245,-0.34374232604975546,0.3091386556625366,-1.3533623062942672,control_pose,robot_origin,robot_origin
83.56155304200001,2026-09-13T11:46:51.631464+00:00,1789300011.544605,0.08685898780822754,1.8636166116172106,-0.3438427073934382,0.3091620872630071,-1.3540775792732533,control_pose,robot_origin,robot_origin
83.56606789000034,2026-09-13T11:46:51.635970+00:00,1789300011.6181993,0.017770767211914062,1.8631370990431846,-0.3433699824552356,0.3091077208518982,-1.3518297300756397,control_pose,robot_origin,robot_origin
83.61697243199978,2026-09-13T11:46:51.686875+00:00,1789300011.615505,0.07137012481689453,1.8631449326579357,-0.34337346729081664,0.3091086156763521,-1.3518479689062535,control_pose,robot_origin,robot_origin
83.63309515200035,2026-09-13T11:46:51.702991+00:00,1789300011.67308,0.029911041259765625,1.8628467112991791,-0.3431104634841404,0.30907487869262695,-1.3515557605709039,control_pose,robot_origin,robot_origin
83.662270455,2026-09-13T11:46:51.732146+00:00,1789300011.7264102,0.005735874176025391,1.8625783976287245,-0.34286337421440166,0.3090418577194214,-1.351319871099028,control_pose,robot_origin,robot_origin
83.71746615400025,2026-09-13T11:46:51.787372+00:00,1789300011.693728,0.0936441421508789,1.8627480845749593,-0.3430153887282079,0.3090471080626783,-1.3515020712445507,control_pose,robot_origin,robot_origin
83.73187064499962,2026-09-13T11:46:51.801773+00:00,1789300011.7806726,0.021100521087646484,1.8623973116883454,-0.3426195970801272,0.3090686500072479,-1.3505958443990267,control_pose,robot_origin,robot_origin
83.80547096900045,2026-09-13T11:46:51.875376+00:00,1789300011.7748857,0.10049033164978027,1.8624113482471358,-0.34263272160065456,0.30906841994658396,-1.3506858946045703,control_pose,robot_origin,robot_origin
83.82231167700047,2026-09-13T11:46:51.892220+00:00,1789300011.839623,0.0525970458984375,1.8622829451897398,-0.34243071315953616,0.30908283591270447,-1.3501729866609924,control_pose,robot_origin,robot_origin
83.85289194600045,2026-09-13T11:46:51.922791+00:00,1789300011.8270836,0.09570741653442383,1.8622960867173426,-0.3424492725068795,0.30908261266196085,-1.350259311052552,control_pose,robot_origin,robot_origin
83.86162844400042,2026-09-13T11:46:51.931517+00:00,1789300011.8962376,0.035279273986816406,1.8622034081315122,-0.34229327372933077,0.30906838178634644,-1.350029638444805,control_pose,robot_origin,robot_origin
83.89565128400045,2026-09-13T11:46:51.965559+00:00,1789300011.9480846,0.01747441291809082,1.8621466958838147,-0.34230699392783226,0.3090735971927643,-1.3501092705008244,control_pose,robot_origin,robot_origin
83.91137273599998,2026-09-13T11:46:51.981274+00:00,1789300011.898904,0.08236980438232422,1.862200531962408,-0.34229221720317293,0.3090692805307361,-1.350042079001435,control_pose,robot_origin,robot_origin
83.94407576699996,2026-09-13T11:46:52.013976+00:00,1789300011.9999092,0.014066934585571289,1.8620330314753877,-0.3421858383339799,0.3090932071208954,-1.349890472403386,control_pose,robot_origin,robot_origin
83.98469103000025,2026-09-13T11:46:52.054592+00:00,1789300011.9671183,0.08747363090515137,1.8620828570822798,-0.34226061342766634,0.3090794601649122,-1.3500293708107345,control_pose,robot_origin,robot_origin
84.0004016009998,2026-09-13T11:46:52.070304+00:00,1789300012.0530746,0.017229318618774414,1.8619592665341804,-0.3421071713202849,0.30910417437553406,-1.349732033777544,control_pose,robot_origin,robot_origin
84.05256457300038,2026-09-13T11:46:52.122473+00:00,1789300012.0375323,0.08494067192077637,1.8619915898918282,-0.3421354679480995,0.3091021643538506,-1.3497417821415638,control_pose,robot_origin,robot_origin
84.0669477499996,2026-09-13T11:46:52.136851+00:00,1789300012.1096528,0.027198314666748047,1.8619104258411625,-0.3420351817924424,0.30906665325164795,-1.3496195469327894,control_pose,robot_origin,robot_origin
84.14322087799974,2026-09-13T11:46:52.213125+00:00,1789300012.1058617,0.10726332664489746,1.8619230280310406,-0.3420404274422056,0.3090679750469188,-1.3496138675583567,control_pose,robot_origin,robot_origin
84.17818997300037,2026-09-13T11:46:52.248092+00:00,1789300012.2063057,0.04178619384765625,1.8617669515016693,-0.3419744477986451,0.30905118584632874,-1.3495913333777878,control_pose,robot_origin,robot_origin
84.24648184099988,2026-09-13T11:46:52.316381+00:00,1789300012.174875,0.14150595664978027,1.8618294903547052,-0.3420069647186107,0.30905048899121657,-1.349586104298429,control_pose,robot_origin,robot_origin
84.27409479499966,2026-09-13T11:46:52.343996+00:00,1789300012.3097212,0.03427481651306152,1.8616552389614778,-0.3417540014636311,0.30905023217201233,-1.3491266940706763,control_pose,robot_origin,robot_origin
84.29078685500008,2026-09-13T11:46:52.360690+00:00,1789300012.242915,0.11777520179748535,1.861721204521923,-0.34191123599062734,0.30905363373411804,-1.3495066250903942,control_pose,robot_origin,robot_origin
84.3529847890004,2026-09-13T11:46:52.422890+00:00,1789300012.3236372,0.09925270080566406,1.8616372066426545,-0.34174517686861594,0.30904363047269234,-1.3491595756683765,control_pose,robot_origin,robot_origin
84.3988375910003,2026-09-13T11:46:52.468748+00:00,1789300012.4175308,0.05121731758117676,1.861418463146416,-0.34170333020759075,0.30900245904922485,-1.3491983391232822,control_pose,robot_origin,robot_origin
84.42544505499973,2026-09-13T11:46:52.495352+00:00,1789300012.396186,0.0991659164428711,1.861474070155522,-0.3417117711656839,0.3090116141794734,-1.3492006172805644,control_pose,robot_origin,robot_origin
84.49826978800047,2026-09-13T11:46:52.567636+00:00,1789300012.5329661,0.03466987609863281,1.861186564984974,-0.3414973046470109,0.30898797512054443,-1.3486263967207055,control_pose,robot_origin,robot_origin
84.5096563369998,2026-09-13T11:46:52.579567+00:00,1789300012.47126,0.108306884765625,1.8612968296642738,-0.3416173355058194,0.3089814873466886,-1.3489156243886682,control_pose,robot_origin,robot_origin
84.55829593399994,2026-09-13T11:46:52.628200+00:00,1789300012.5329542,0.0952458381652832,1.861186586676496,-0.3414973282597585,0.30898797384425464,-1.348626453616546,control_pose,robot_origin,robot_origin
84.58376916599991,2026-09-13T11:46:52.653674+00:00,1789300012.613443,0.04023098945617676,1.8611605205481367,-0.3414962384877981,0.3089732527732849,-1.3487705909053709,control_pose,robot_origin,robot_origin
84.62516571499964,2026-09-13T11:46:52.695000+00:00,1789300012.605519,0.08948087692260742,1.8611671525756552,-0.3414886714463191,0.3089777206006116,-1.3487524454320596,control_pose,robot_origin,robot_origin
84.64152707100038,2026-09-13T11:46:52.711374+00:00,1789300012.6665952,0.04477882385253906,1.8610651532794136,-0.3414825490322404,0.3089667856693268,-1.3485164133196712,control_pose,robot_origin,robot_origin
84.67930884900034,2026-09-13T11:46:52.749215+00:00,1789300012.6684494,0.0807654857635498,1.8610617154236193,-0.34148036063740533,0.30896652621499643,-1.3485097860088004,control_pose,robot_origin,robot_origin
84.73361183100042,2026-09-13T11:46:52.803512+00:00,1789300012.7531185,0.05039358139038086,1.860988532730161,-0.34132867322087895,0.30896225571632385,-1.3479873673048017,control_pose,robot_origin,robot_origin
84.76765604800039,2026-09-13T11:46:52.837561+00:00,1789300012.7369657,0.10059523582458496,1.8609945054920147,-0.34135298920521684,0.3089661832165648,-1.3480956910773194,control_pose,robot_origin,robot_origin
84.80332607400032,2026-09-13T11:46:52.873230+00:00,1789300012.8228073,0.05042266845703125,1.8609517155122897,-0.3412756162961036,0.3089156746864319,-1.3476968515799723,control_pose,robot_origin,robot_origin
84.82267801000035,2026-09-13T11:46:52.892582+00:00,1789300012.803988,0.08859395980834961,1.8609616579303214,-0.34128994421537856,0.30892825380289723,-1.3477753048617722,control_pose,robot_origin,robot_origin
84.85322147700026,2026-09-13T11:46:52.923126+00:00,1789300012.8761024,0.04702353477478027,1.86081937264023,-0.34122366879470684,0.30893272161483765,-1.3478332542098612,control_pose,robot_origin,robot_origin
84.89144827000018,2026-09-13T11:46:52.961320+00:00,1789300012.8767762,0.08454370498657227,1.8608171472028343,-0.34122309041683274,0.308933059379412,-1.347830591477512,control_pose,robot_origin,robot_origin
84.92334742000003,2026-09-13T11:46:52.993250+00:00,1789300012.9495826,0.04366731643676758,1.8606663306462783,-0.34114692368219635,0.3089367747306824,-1.3474071995705366,control_pose,robot_origin,robot_origin
84.94396508299997,2026-09-13T11:46:53.013775+00:00,1789300012.9424677,0.07130742073059082,1.8606791629868864,-0.34115651899192645,0.30893888384330154,-1.3474519600648711,control_pose,robot_origin,robot_origin
84.96107655600008,2026-09-13T11:46:53.030984+00:00,1789300013.0028193,0.02816462516784668,1.8606208557109043,-0.341072688585358,0.308932363986969,-1.3473366622871776,control_pose,robot_origin,robot_origin
85.02013529299984,2026-09-13T11:46:53.090012+00:00,1789300013.0194545,0.0705575942993164,1.8606036647538422,-0.34104069038826357,0.3089179665775015,-1.3473448788981748,control_pose,robot_origin,robot_origin
85.06776994400025,2026-09-13T11:46:53.137688+00:00,1789300013.0865397,0.051148176193237305,1.8604971251797453,-0.3410458001640318,0.30889686942100525,-1.3472110203500933,control_pose,robot_origin,robot_origin
85.08635230500022,2026-09-13T11:46:53.156248+00:00,1789300013.1429062,0.013341903686523438,1.860318121091034,-0.34100228566033586,0.30889326333999634,-1.3471606596999657,control_pose,robot_origin,robot_origin
85.12382344399975,2026-09-13T11:46:53.193724+00:00,1789300013.0848215,0.1089024543762207,1.8604997130464442,-0.3410458246696181,0.3088971458286206,-1.3472150765389164,control_pose,robot_origin,robot_origin
85.18281020900031,2026-09-13T11:46:53.252716+00:00,1789300013.1569536,0.09576249122619629,1.86030341934371,-0.3409688151744963,0.3088963354005039,-1.3470969404243738,control_pose,robot_origin,robot_origin
85.23143585300022,2026-09-13T11:46:53.301330+00:00,1789300013.2533545,0.04797554016113281,1.8603032495536853,-0.3408636542737393,0.30888012051582336,-1.3469205937220405,control_pose,robot_origin,robot_origin
85.25453523899978,2026-09-13T11:46:53.324442+00:00,1789300013.2265143,0.09792757034301758,1.8602930048304571,-0.34088020839091066,0.3088884462039058,-1.3469430308026167,control_pose,robot_origin,robot_origin
85.27408311999989,2026-09-13T11:46:53.343998+00:00,1789300013.306159,0.03783893585205078,1.8602901759270674,-0.340915747041189,0.30887821316719055,-1.3469620933721391,control_pose,robot_origin,robot_origin
85.31801704400004,2026-09-13T11:46:53.387925+00:00,1789300013.2979753,0.0899496078491211,1.8603031962578411,-0.3409055135875347,0.30887463117584313,-1.3469367213512031,control_pose,robot_origin,robot_origin
85.35241289399983,2026-09-13T11:46:53.422324+00:00,1789300013.3795326,0.04279136657714844,1.8601705329035398,-0.3409438910172301,0.30889180302619934,-1.3468890943934662,control_pose,robot_origin,robot_origin
85.37569366400021,2026-09-13T11:46:53.445601+00:00,1789300013.3616145,0.08398652076721191,1.8602045980672097,-0.3409388824087435,0.3088895995078982,-1.346880245380095,control_pose,robot_origin,robot_origin
85.3944824680002,2026-09-13T11:46:53.464389+00:00,1789300013.432809,0.03157997131347656,1.8601947239621235,-0.3409268392143898,0.30888664722442627,-1.3468120340380918,control_pose,robot_origin,robot_origin
85.436733044,2026-09-13T11:46:53.506633+00:00,1789300013.4332285,0.07340455055236816,1.8601951083403592,-0.34092741533740645,0.30888677151111066,-1.3468124287083998,control_pose,robot_origin,robot_origin
85.47061750800003,2026-09-13T11:46:53.540527+00:00,1789300013.4961967,0.04433035850524902,1.8602154779787339,-0.3409745013375219,0.30888956785202026,-1.346949283828574,control_pose,robot_origin,robot_origin
85.52607411499957,2026-09-13T11:46:53.595980+00:00,1789300013.5058386,0.09014129638671875,1.8602166482797022,-0.34097594595186564,0.30888905504411324,-1.3469535981370577,control_pose,robot_origin,robot_origin
85.52909925699987,2026-09-13T11:46:53.598956+00:00,1789300013.54938,0.0495760440826416,1.8601785497242727,-0.3410035977895638,0.3088902235031128,-1.3469707217968458,control_pose,robot_origin,robot_origin
85.53981028399994,2026-09-13T11:46:53.609720+00:00,1789300013.6028948,0.00682520866394043,1.8601097787665195,-0.3409650705126042,0.308886855840683,-1.3469654055352147,control_pose,robot_origin,robot_origin
85.57900800399966,2026-09-13T11:46:53.648912+00:00,1789300013.5788124,0.0700995922088623,1.8601272966210618,-0.3409878661231092,0.3088805636732067,-1.3470103382547645,control_pose,robot_origin,robot_origin
85.61005853700044,2026-09-13T11:46:53.679966+00:00,1789300013.6594737,0.0204923152923584,1.86013004675992,-0.340895207246204,0.30889299511909485,-1.346778944811971,control_pose,robot_origin,robot_origin
85.65840327000024,2026-09-13T11:46:53.728310+00:00,1789300013.6474032,0.08090686798095703,1.8601157851821342,-0.3409083769294321,0.30889314049763156,-1.3467963104788259,control_pose,robot_origin,robot_origin
85.68188680300045,2026-09-13T11:46:53.751786+00:00,1789300013.7127557,0.03903031349182129,1.8601302792672718,-0.3408916068180002,0.30888867378234863,-1.3467580780534387,control_pose,robot_origin,robot_origin
85.74054327999966,2026-09-13T11:46:53.810441+00:00,1789300013.715283,0.09515810012817383,1.8601261121126575,-0.34089018136698435,0.3088892038882922,-1.34676119984752,control_pose,robot_origin,robot_origin
85.78087712100023,2026-09-13T11:46:53.850781+00:00,1789300013.7961373,0.05464363098144531,1.8600413972127239,-0.34096965372711086,0.30887407064437866,-1.3470288010783626,control_pose,robot_origin,robot_origin
85.8052888279999,2026-09-13T11:46:53.875202+00:00,1789300013.783131,0.0920710563659668,1.860058165163594,-0.34095708533994573,0.3088763970447872,-1.346990062937365,control_pose,robot_origin,robot_origin
85.82996301200001,2026-09-13T11:46:53.899867+00:00,1789300013.8565326,0.0433344841003418,1.860018424641835,-0.34092884240143395,0.3088802099227905,-1.3468411212165665,control_pose,robot_origin,robot_origin
85.85232664900013,2026-09-13T11:46:53.922231+00:00,1789300013.909192,0.013038873672485352,1.860056257641552,-0.340879990485119,0.30888664722442627,-1.3467149411773078,control_pose,robot_origin,robot_origin
85.8782101730003,2026-09-13T11:46:53.948116+00:00,1789300013.8617153,0.08640074729919434,1.8600198322686616,-0.3409088443068843,0.30887996621315006,-1.3468440082314963,control_pose,robot_origin,robot_origin
85.91572028900009,2026-09-13T11:46:53.985623+00:00,1789300013.9628851,0.022737741470336914,1.8600254405307013,-0.3409351054408849,0.3089040219783783,-1.3467423282465714,control_pose,robot_origin,robot_origin
85.94564689300023,2026-09-13T11:46:54.015545+00:00,1789300013.9297173,0.08582758903503418,1.8600487604444973,-0.34090416241921107,0.3088992258050499,-1.3466897487846927,control_pose,robot_origin,robot_origin
85.99057312100012,2026-09-13T11:46:54.060472+00:00,1789300014.0129828,0.047489166259765625,1.8599806443736282,-0.3409944803252158,0.30890369415283203,-1.3468860823443336,control_pose,robot_origin,robot_origin
86.02284252899972,2026-09-13T11:46:54.092744+00:00,1789300013.9961715,0.0965726375579834,1.8599979187896138,-0.34097767123071865,0.3089015443529804,-1.3468579608464546,control_pose,robot_origin,robot_origin
86.03836352300004,2026-09-13T11:46:54.108277+00:00,1789300014.0661788,0.042098283767700195,1.8599396080864425,-0.34097656333844545,0.3089105784893036,-1.3468421804439756,control_pose,robot_origin,robot_origin
86.07143469899984,2026-09-13T11:46:54.141333+00:00,1789300014.0642595,0.07707357406616211,1.8599383265692178,-0.3409785069358465,0.30891157267090735,-1.3468478316999886,control_pose,robot_origin,robot_origin
86.08993392000048,2026-09-13T11:46:54.159838+00:00,1789300014.1195767,0.040261268615722656,1.8599634957352147,-0.34089526651811114,0.30891016125679016,-1.3467712275445864,control_pose,robot_origin,robot_origin
86.11110530600035,2026-09-13T11:46:54.181012+00:00,1789300014.1727533,0.008258581161499023,1.8599798664309968,-0.34091069074410363,0.3088948428630829,-1.3468700182331292,control_pose,robot_origin,robot_origin
86.14955511700009,2026-09-13T11:46:54.219459+00:00,1789300014.1371775,0.08228158950805664,1.8599640841994576,-0.34091180382377706,0.3089045585092137,-1.3467805161889495,control_pose,robot_origin,robot_origin
86.18268507999983,2026-09-13T11:46:54.252588+00:00,1789300014.2260544,0.02653360366821289,1.8599275889377127,-0.3409697877444808,0.3088994026184082,-1.3468345922535807,control_pose,robot_origin,robot_origin
86.22521659700033,2026-09-13T11:46:54.295125+00:00,1789300014.2091887,0.08593630790710449,1.8599401041971748,-0.34096284434705315,0.3088931181411487,-1.3468511151655165,control_pose,robot_origin,robot_origin
86.25237263100007,2026-09-13T11:46:54.322279+00:00,1789300014.2795408,0.04273819923400879,1.8598699388730586,-0.3409760270394126,0.30889463424682617,-1.3469193115014337,control_pose,robot_origin,robot_origin
86.2818745100003,2026-09-13T11:46:54.351782+00:00,1789300014.2763426,0.075439453125,1.8598744309401078,-0.3409738514853243,0.30889435001501575,-1.346923419135229,control_pose,robot_origin,robot_origin
86.29725511299966,2026-09-13T11:46:54.367163+00:00,1789300014.3329194,0.03424358367919922,1.8598605991578285,-0.34087788588114565,0.30891090631484985,-1.34680822813106,control_pose,robot_origin,robot_origin
86.32331506100036,2026-09-13T11:46:54.393223+00:00,1789300014.386824,0.0063991546630859375,1.859879365155239,-0.3408575629676405,0.3089161515235901,-1.3468279037422632,control_pose,robot_origin,robot_origin
86.3699721590001,2026-09-13T11:46:54.439880+00:00,1789300014.3546731,0.08520674705505371,1.8598820260306688,-0.3408645711413309,0.3089103012987716,-1.3468154723101853,control_pose,robot_origin,robot_origin
86.41051839299962,2026-09-13T11:46:54.480412+00:00,1789300014.4393408,0.041071176528930664,1.8598393715244537,-0.3409446400998005,0.30890026688575745,-1.3470191406706242,control_pose,robot_origin,robot_origin
86.46089801200014,2026-09-13T11:46:54.530803+00:00,1789300014.4180136,0.11278939247131348,1.859870287645967,-0.34091396326410167,0.3089057141120708,-1.3469680157716704,control_pose,robot_origin,robot_origin
86.48194020699975,2026-09-13T11:46:54.551839+00:00,1789300014.4994931,0.052345991134643555,1.859773917728316,-0.3409643951568178,0.30891314148902893,-1.3470775936778117,control_pose,robot_origin,robot_origin
86.52747427299983,2026-09-13T11:46:54.597380+00:00,1789300014.4898334,0.10754656791687012,1.8597879365850967,-0.34096437888956155,0.30891274612149977,-1.3470502136203195,control_pose,robot_origin,robot_origin
86.58205121900028,2026-09-13T11:46:54.651954+00:00,1789300014.572628,0.07932591438293457,1.8597986913278177,-0.34087622463440664,0.30893075466156006,-1.346879036415614,control_pose,robot_origin,robot_origin
86.62283129000025,2026-09-13T11:46:54.692738+00:00,1789300014.5646293,0.12810873985290527,1.8597937153855724,-0.3408851339925225,0.3089280805279079,-1.3469077885842096,control_pose,robot_origin,robot_origin
86.65286471499985,2026-09-13T11:46:54.722766+00:00,1789300014.6733625,0.04940342903137207,1.8597961335560145,-0.34098098624598533,0.3089228868484497,-1.3471100814642423,control_pose,robot_origin,robot_origin
86.67702581699996,2026-09-13T11:46:54.745979+00:00,1789300014.726006,0.019973039627075195,1.8597544643505435,-0.34095832357453304,0.3089239299297333,-1.3469623762653886,control_pose,robot_origin,robot_origin
86.71845308699994,2026-09-13T11:46:54.788369+00:00,1789300014.7033708,0.08499813079833984,1.8597669056604738,-0.34097467340179716,0.3089210189405138,-1.3470626146802973,control_pose,robot_origin,robot_origin
86.75714166200032,2026-09-13T11:46:54.827039+00:00,1789300014.7760687,0.05097031593322754,1.8597665346911516,-0.3409118654709865,0.3089279532432556,-1.3469062301202417,control_pose,robot_origin,robot_origin
86.77185352699962,2026-09-13T11:46:54.841751+00:00,1789300014.7676404,0.07411074638366699,1.859755719327081,-0.34090529669605885,0.3089264216924486,-1.3469111269222909,control_pose,robot_origin,robot_origin
86.8048105859998,2026-09-13T11:46:54.874666+00:00,1789300014.8292875,0.04537844657897949,1.8598020015671666,-0.3409150557538194,0.30892348289489746,-1.3469506580670196,control_pose,robot_origin,robot_origin
86.82384461699985,2026-09-13T11:46:54.893744+00:00,1789300014.8827527,0.010991334915161133,1.859786057673459,-0.34098213539623834,0.3089095652103424,-1.3470257816885391,control_pose,robot_origin,robot_origin
86.84611503399992,2026-09-13T11:46:54.916020+00:00,1789300014.8366523,0.07936763763427734,1.8598055387821226,-0.3409253999415694,0.30892254669900776,-1.3469690747566667,control_pose,robot_origin,robot_origin
86.89484356200046,2026-09-13T11:46:54.964695+00:00,1789300014.9412553,0.023439645767211914,1.8597297222831106,-0.34100371075980856,0.3089097738265991,-1.347088258989785,control_pose,robot_origin,robot_origin
86.9364985559996,2026-09-13T11:46:55.006402+00:00,1789300014.9066641,0.09973788261413574,1.8597549219174603,-0.3410003907743356,0.3089145554494946,-1.3470675964394028,control_pose,robot_origin,robot_origin
86.97638840499985,2026-09-13T11:46:55.046289+00:00,1789300014.9967272,0.04956173896789551,1.8596987916799828,-0.3409369984820085,0.308922678232193,-1.3471542441608992,control_pose,robot_origin,robot_origin
86.99689700599993,2026-09-13T11:46:55.066809+00:00,1789300014.9880803,0.07872867584228516,1.8597002496165849,-0.3409458942380962,0.30892129943959046,-1.347150670729831,control_pose,robot_origin,robot_origin
87.03344982599992,2026-09-13T11:46:55.103361+00:00,1789300015.0559633,0.047397613525390625,1.859724378215318,-0.3408995598108558,0.3089243471622467,-1.3469839914643738,control_pose,robot_origin,robot_origin
87.04219889999968,2026-09-13T11:46:55.112106+00:00,1789300015.1060548,0.006051301956176758,1.859704063114749,-0.3409684411816224,0.308918297290802,-1.3471700192971985,control_pose,robot_origin,robot_origin
87.08557951500006,2026-09-13T11:46:55.155484+00:00,1789300015.0503542,0.10512971878051758,1.8597219554243758,-0.3409031048814242,0.30892418913113523,-1.3470001126464028,control_pose,robot_origin,robot_origin
87.12787284299975,2026-09-13T11:46:55.197771+00:00,1789300015.1571274,0.04064369201660156,1.8596308330344866,-0.3410131442567343,0.3089177906513214,-1.3472957167837156,control_pose,robot_origin,robot_origin
87.13181079900005,2026-09-13T11:46:55.201718+00:00,1789300015.1160798,0.08563828468322754,1.859676156347823,-0.34098857292015894,0.30891802288420783,-1.3472197863482758,control_pose,robot_origin,robot_origin
87.17768177699963,2026-09-13T11:46:55.247578+00:00,1789300015.2127979,0.034780025482177734,1.8596179363461536,-0.3409711837808043,0.3089227080345154,-1.3471857922171955,control_pose,robot_origin,robot_origin
87.19805302700024,2026-09-13T11:46:55.267955+00:00,1789300015.1869657,0.08098936080932617,1.8596373642851503,-0.34101626167347143,0.30891727192459606,-1.3472678132637634,control_pose,robot_origin,robot_origin
87.25620422999964,2026-09-13T11:46:55.326107+00:00,1789300015.2694163,0.05669069290161133,1.8596492323162408,-0.34094777039775914,0.30893227458000183,-1.3470708611706506,control_pose,robot_origin,robot_origin
87.26629986599983,2026-09-13T11:46:55.336195+00:00,1789300015.2564244,0.07977056503295898,1.859641895732143,-0.34095198392701437,0.30892953263311124,-1.3470990585302702,control_pose,robot_origin,robot_origin
87.28734990199973,2026-09-13T11:46:55.357249+00:00,1789300015.3260186,0.031230449676513672,1.859657738137903,-0.34100198296241235,0.3089196979999542,-1.347296984114309,control_pose,robot_origin,robot_origin
87.33656898200024,2026-09-13T11:46:55.406359+00:00,1789300015.3335333,0.07282567024230957,1.859631907473667,-0.3410007947331635,0.30892041842134127,-1.3472784623389509,control_pose,robot_origin,robot_origin
87.35975387500002,2026-09-13T11:46:55.429659+00:00,1789300015.3761456,0.053513288497924805,1.8595795480111708,-0.3410362140704518,0.30894047021865845,-1.3473358180447643,control_pose,robot_origin,robot_origin
87.41554025700043,2026-09-13T11:46:55.485442+00:00,1789300015.432674,0.05276799201965332,1.8595722730328772,-0.341024550605016,0.3089323937892914,-1.3471956720743796,control_pose,robot_origin,robot_origin
87.42016554299971,2026-09-13T11:46:55.490079+00:00,1789300015.3972614,0.09281754493713379,1.8595771140385844,-0.3410334825125814,0.30894213880218413,-1.347285484978161,control_pose,robot_origin,robot_origin
87.46544625099978,2026-09-13T11:46:55.535353+00:00,1789300015.485951,0.04940199851989746,1.859624953291238,-0.3409147213207387,0.3089419901371002,-1.347072235771318,control_pose,robot_origin,robot_origin
87.4959886939996,2026-09-13T11:46:55.565894+00:00,1789300015.4683402,0.09755373001098633,1.8596065818624803,-0.3409369809576527,0.30894015662146407,-1.347087422117092,control_pose,robot_origin,robot_origin
87.53713719799998,2026-09-13T11:46:55.607046+00:00,1789300015.553247,0.05379891395568848,1.8596171647022124,-0.3409707866146831,0.30894726514816284,-1.3473570688186038,control_pose,robot_origin,robot_origin
87.54868781799996,2026-09-13T11:46:55.618367+00:00,1789300015.5386324,0.07973456382751465,1.8596188561635858,-0.34095861081765655,0.3089461195648707,-1.3472952111509349,control_pose,robot_origin,robot_origin
87.56839423499969,2026-09-13T11:46:55.638266+00:00,1789300015.6123412,0.0259249210357666,1.859565558581549,-0.3410112971771706,0.3089548647403717,-1.347406421331845,control_pose,robot_origin,robot_origin
87.61720001499998,2026-09-13T11:46:55.687106+00:00,1789300015.6107016,0.07640433311462402,1.8595665273164896,-0.34100995070169315,0.30895480372751477,-1.3474042456315733,control_pose,robot_origin,robot_origin
87.64532252899971,2026-09-13T11:46:55.715197+00:00,1789300015.6760364,0.039160728454589844,1.8595123594192122,-0.3409112078027361,0.30896419286727905,-1.3473532763578986,control_pose,robot_origin,robot_origin
87.6891717110002,2026-09-13T11:46:55.759072+00:00,1789300015.6755686,0.08350348472595215,1.8595121965037962,-0.34091218033149484,0.30896410098892046,-1.3473551109779929,control_pose,robot_origin,robot_origin
87.71659809500034,2026-09-13T11:46:55.786505+00:00,1789300015.7457945,0.04071044921875,1.8595549692284246,-0.3408834886818823,0.3089752793312073,-1.3472032901515063,control_pose,robot_origin,robot_origin
87.75866818099985,2026-09-13T11:46:55.828571+00:00,1789300015.7999496,0.028621435165405273,1.859517149398892,-0.3409036547241677,0.30898070335388184,-1.3473625885468787,control_pose,robot_origin,robot_origin
87.77897974799998,2026-09-13T11:46:55.848882+00:00,1789300015.7499995,0.09888243675231934,1.8595523098114104,-0.34087226832073514,0.3089765350623538,-1.347212339709872,control_pose,robot_origin,robot_origin
87.81003811899973,2026-09-13T11:46:55.879943+00:00,1789300015.8527503,0.02719259262084961,1.8594535995493098,-0.34095223524615376,0.3089735507965088,-1.347434354961657,control_pose,robot_origin,robot_origin
87.82265509700028,2026-09-13T11:46:55.892557+00:00,1789300015.8146594,0.07789754867553711,1.8595078464116173,-0.34092848225160544,0.30897864265409214,-1.3474015187586994,control_pose,robot_origin,robot_origin
87.85898960200029,2026-09-13T11:46:55.928906+00:00,1789300015.9058664,0.023039579391479492,1.8594642692214667,-0.3409115755999966,0.3089672923088074,-1.3472747795532187,control_pose,robot_origin,robot_origin
87.8928628980002,2026-09-13T11:46:55.962766+00:00,1789300015.8951852,0.0675806999206543,1.8594632016396833,-0.3409270849318576,0.308964902375794,-1.3472939895978544,control_pose,robot_origin,robot_origin
87.92423469300047,2026-09-13T11:46:55.994135+00:00,1789300015.9626389,0.03149604797363281,1.8594840672501707,-0.3409006973813282,0.30895695090293884,-1.3472013619283376,control_pose,robot_origin,robot_origin
87.97320284800026,2026-09-13T11:46:56.043102+00:00,1789300015.9699373,0.07316470146179199,1.8594872747211972,-0.34090619194724286,0.308953784100364,-1.3472117659822782,control_pose,robot_origin,robot_origin
88.00682678700014,2026-09-13T11:46:56.076732+00:00,1789300016.039168,0.03756403923034668,1.8594324965553513,-0.3409093659148723,0.3089595139026642,-1.3472858368311442,control_pose,robot_origin,robot_origin
88.03501288799998,2026-09-13T11:46:56.104923+00:00,1789300016.0266283,0.07829475402832031,1.8594484412560977,-0.34090039988400855,0.3089579825052974,-1.3472713544803392,control_pose,robot_origin,robot_origin
88.06269202000021,2026-09-13T11:46:56.132607+00:00,1789300016.095028,0.03757905960083008,1.8593750859203153,-0.34093145599616453,0.30895522236824036,-1.3473532312825431,control_pose,robot_origin,robot_origin
88.10916085099961,2026-09-13T11:46:56.179065+00:00,1789300016.0937107,0.08535432815551758,1.8593754474992867,-0.34093359716449423,0.3089555877516008,-1.3473539125943776,control_pose,robot_origin,robot_origin
88.15517266799998,2026-09-13T11:46:56.225080+00:00,1789300016.165845,0.0592350959777832,1.8593996008630311,-0.34083910074867874,0.3089677393436432,-1.3473197426191328,control_pose,robot_origin,robot_origin
88.17852137699992,2026-09-13T11:46:56.248426+00:00,1789300016.1653519,0.08307409286499023,1.8593990714295892,-0.34083974984083526,0.3089675768789415,-1.347319754027412,control_pose,robot_origin,robot_origin
88.20275470599972,2026-09-13T11:46:56.272660+00:00,1789300016.2258923,0.0467677116394043,1.859432127243845,-0.3408570207639407,0.3089767396450043,-1.3473321393479432,control_pose,robot_origin,robot_origin
88.21723961600037,2026-09-13T11:46:56.287137+00:00,1789300016.2758968,0.011240243911743164,1.8593873352222539,-0.3409937095587112,0.3089584708213806,-1.347493671637194,control_pose,robot_origin,robot_origin
88.24023544400006,2026-09-13T11:46:56.309632+00:00,1789300016.2332683,0.07636380195617676,1.8594359643883682,-0.34088853247517864,0.30897179163295324,-1.3473438717286872,control_pose,robot_origin,robot_origin
88.28088398700038,2026-09-13T11:46:56.350784+00:00,1789300016.327555,0.023229122161865234,1.859338947480745,-0.3410120090525584,0.30895987153053284,-1.3475508298189203,control_pose,robot_origin,robot_origin
88.32944412199959,2026-09-13T11:46:56.399348+00:00,1789300016.3148277,0.08452033996582031,1.8593429504159942,-0.3410225068447026,0.3089579957856042,-1.3475538073409676,control_pose,robot_origin,robot_origin
88.34829859199999,2026-09-13T11:46:56.418203+00:00,1789300016.3793368,0.038866281509399414,1.8593667324779073,-0.340976954243416,0.3089621067047119,-1.347470507352534,control_pose,robot_origin,robot_origin
88.38162034000015,2026-09-13T11:46:56.451521+00:00,1789300016.375611,0.07590985298156738,1.8593629091982518,-0.3409799194635963,0.308961771542324,-1.3474852930550352,control_pose,robot_origin,robot_origin
88.40214430099968,2026-09-13T11:46:56.472051+00:00,1789300016.432586,0.03946495056152344,1.8594309457216256,-0.3409530615684927,0.30895477533340454,-1.3474192076236489,control_pose,robot_origin,robot_origin
88.44224180899982,2026-09-13T11:46:56.512137+00:00,1789300016.486031,0.026105880737304688,1.8594083558741346,-0.34100228212196537,0.3089386224746704,-1.3475390852533995,control_pose,robot_origin,robot_origin
88.45955645899994,2026-09-13T11:46:56.529442+00:00,1789300016.4554079,0.07403421401977539,1.8594244768403279,-0.3409729131707273,0.30895269196395453,-1.347468222901386,control_pose,robot_origin,robot_origin
88.49382907000017,2026-09-13T11:46:56.563735+00:00,1789300016.539242,0.024492979049682617,1.859354009991846,-0.3410303327235664,0.3089417517185211,-1.3476376515212218,control_pose,robot_origin,robot_origin
88.55255924500034,2026-09-13T11:46:56.622434+00:00,1789300016.5209904,0.10144352912902832,1.859365025501769,-0.34103377473943236,0.30894351801898323,-1.347662920587048,control_pose,robot_origin,robot_origin
88.59409333500025,2026-09-13T11:46:56.663996+00:00,1789300016.6200564,0.04393959045410156,1.859365423427943,-0.34097742228661093,0.3089461028575897,-1.3475110772381187,control_pose,robot_origin,robot_origin
88.61018133299967,2026-09-13T11:46:56.680087+00:00,1789300016.5919888,0.08809828758239746,1.8593454844793138,-0.3409956067203591,0.3089452074840887,-1.347538289053936,control_pose,robot_origin,robot_origin
88.65270023999983,2026-09-13T11:46:56.722597+00:00,1789300016.6760275,0.0465693473815918,1.859410390326155,-0.34100366075107846,0.3089466691017151,-1.3474432849267266,control_pose,robot_origin,robot_origin
88.6884353559999,2026-09-13T11:46:56.758341+00:00,1789300016.6667926,0.09154844284057617,1.8594072791951244,-0.34099330046038995,0.3089469613524201,-1.3474408467000887,control_pose,robot_origin,robot_origin
88.70702434099985,2026-09-13T11:46:56.776932+00:00,1789300016.739564,0.037368059158325195,1.8593721161070256,-0.3411265770738651,0.3089321255683899,-1.347618953660973,control_pose,robot_origin,robot_origin
88.74391103299968,2026-09-13T11:46:56.813817+00:00,1789300016.736203,0.07761406898498535,1.8593757121706167,-0.3411212356573412,0.30893210328568954,-1.3476039906172044,control_pose,robot_origin,robot_origin
88.75792824000018,2026-09-13T11:46:56.827836+00:00,1789300016.7924716,0.035364389419555664,1.8593404354920393,-0.34112025267545676,0.3089291453361511,-1.3476258748632506,control_pose,robot_origin,robot_origin
88.82176413999969,2026-09-13T11:46:56.891664+00:00,1789300016.797651,0.09401297569274902,1.8593362346411637,-0.34111870669124605,0.30892886352807425,-1.3476357106871923,control_pose,robot_origin,robot_origin
88.85074733700003,2026-09-13T11:46:56.920649+00:00,1789300016.852545,0.06810402870178223,1.8593709062213917,-0.34107722471700297,0.3089343309402466,-1.3475537622750215,control_pose,robot_origin,robot_origin
88.89016705100039,2026-09-13T11:46:56.960067+00:00,1789300016.8786936,0.08137345314025879,1.859396242924782,-0.34106527281658766,0.30892832261356895,-1.347570331302437,control_pose,robot_origin,robot_origin
88.93708784000046,2026-09-13T11:46:57.006981+00:00,1789300016.9357255,0.07125544548034668,1.8593698396295373,-0.34110205345293004,0.3089273273944855,-1.347706613199143,control_pose,robot_origin,robot_origin
88.95683921900036,2026-09-13T11:46:57.026746+00:00,1789300016.9464226,0.08032345771789551,1.859367998601691,-0.34111206727536475,0.3089258243677053,-1.3477229858427675,control_pose,robot_origin,robot_origin
88.97248389800006,2026-09-13T11:46:57.042390+00:00,1789300016.9894197,0.05297040939331055,1.8593397364811244,-0.3411925637586744,0.30892467498779297,-1.3479262244025572,control_pose,robot_origin,robot_origin
88.9887032939996,2026-09-13T11:46:57.058607+00:00,1789300017.0424602,0.01614689826965332,1.8593206595280598,-0.34119313164054826,0.30892056226730347,-1.3477061478051027,control_pose,robot_origin,robot_origin
89.03966514799959,2026-09-13T11:46:57.109563+00:00,1789300017.0278301,0.08173298835754395,1.859312548733707,-0.3411794924634416,0.30892476009817,-1.347849330196589,control_pose,robot_origin,robot_origin
89.09379314200032,2026-09-13T11:46:57.163700+00:00,1789300017.0742893,0.08941078186035156,1.85935403637577,-0.3411404126813219,0.30892143262902216,-1.3474863541642126,control_pose,robot_origin,robot_origin
89.0985594900003,2026-09-13T11:46:57.168481+00:00,1789300017.1091082,0.059372901916503906,1.8593811381352694,-0.34112035508459954,0.308929979801178,-1.3474790281754687,control_pose,robot_origin,robot_origin
89.1119729230004,2026-09-13T11:46:57.181882+00:00,1789300017.1624417,0.019440174102783203,1.85948523225477,-0.34167795076636776,0.3089432120323181,-1.3478331216625925,control_pose,robot_origin,robot_origin
89.16254611699969,2026-09-13T11:46:57.232461+00:00,1789300017.1520894,0.08037161827087402,1.8594629744337692,-0.34149517206519725,0.3089430031845795,-1.3476737691287581,control_pose,robot_origin,robot_origin
89.17620887399971,2026-09-13T11:46:57.246110+00:00,1789300017.215801,0.030308961868286133,1.858929691586575,-0.34354922930345166,0.30915889143943787,-1.3480684151502882,control_pose,robot_origin,robot_origin
89.22182060599971,2026-09-13T11:46:57.291737+00:00,1789300017.2204573,0.07127976417541504,1.8587356203846541,-0.34374632935097527,0.30919672054004493,-1.3481238908945847,control_pose,robot_origin,robot_origin
89.24466432999998,2026-09-13T11:46:57.314486+00:00,1789300017.2699594,0.04452657699584961,1.859262360595988,-0.34633958905461104,0.3093509078025818,-1.3491043927008173,control_pose,robot_origin,robot_origin
89.25897489599993,2026-09-13T11:46:57.328880+00:00,1789300017.3224008,0.0064792633056640625,1.8617153670673814,-0.3517328284623705,0.30829426646232605,-1.3483741346930749,control_pose,robot_origin,robot_origin
89.29627789599999,2026-09-13T11:46:57.366180+00:00,1789300017.2900314,0.07614850997924805,1.8602596633005881,-0.34820816060553805,0.3089548728915086,-1.3489646443547005,control_pose,robot_origin,robot_origin
89.33589989200027,2026-09-13T11:46:57.405706+00:00,1789300017.37251,0.03319597244262695,1.8646656878328454,-0.35915987566151253,0.30739685893058777,-1.3467145944635464,control_pose,robot_origin,robot_origin
89.37001534200044,2026-09-13T11:46:57.439920+00:00,1789300017.358451,0.08146905899047852,1.863876994399893,-0.35731523678986743,0.30766319017887633,-1.34724456440491,control_pose,robot_origin,robot_origin
89.40517702099987,2026-09-13T11:46:57.475083+00:00,1789300017.4304643,0.044618844985961914,1.8687612976725354,-0.3706744036209719,0.306291401386261,-1.3457832076887488,control_pose,robot_origin,robot_origin
89.4359752829996,2026-09-13T11:46:57.505877+00:00,1789300017.4309719,0.0749051570892334,1.868798245231041,-0.3707800169523554,0.30628156648680605,-1.3457757275994966,control_pose,robot_origin,robot_origin
89.46329375700043,2026-09-13T11:46:57.533201+00:00,1789300017.4825847,0.05061626434326172,1.8728813877155992,-0.3827872815807218,0.30497097969055176,-1.345650684898366,control_pose,robot_origin,robot_origin
89.4799976889999,2026-09-13T11:46:57.549902+00:00,1789300017.5325925,0.01730942726135254,1.8764943009372999,-0.3941896458673589,0.30386438965797424,-1.3459401105631588,control_pose,robot_origin,robot_origin
89.5206847290001,2026-09-13T11:46:57.590585+00:00,1789300017.4990125,0.09157252311706543,1.8742367286361639,-0.386749879057695,0.3045733951639833,-1.3457824613837945,control_pose,robot_origin,robot_origin
89.55226587800007,2026-09-13T11:46:57.622173+00:00,1789300017.5945895,0.027583599090576172,1.8779819554967507,-0.4056498576798693,0.3029763698577881,-1.3462715414002158,control_pose,robot_origin,robot_origin
89.59513798599983,2026-09-13T11:46:57.665042+00:00,1789300017.5711706,0.0938713550567627,1.877547872145417,-0.40156229986854103,0.3032964976953538,-1.3460683926796677,control_pose,robot_origin,robot_origin
89.62657855199996,2026-09-13T11:46:57.696484+00:00,1789300017.662408,0.03407597541809082,1.8810017446010643,-0.4272940131466544,0.3002457320690155,-1.346113714702283,control_pose,robot_origin,robot_origin
89.66374074600026,2026-09-13T11:46:57.733657+00:00,1789300017.639055,0.09460186958312988,1.8799440514509338,-0.41969725537231395,0.3012025172222047,-1.3461713747850983,control_pose,robot_origin,robot_origin
89.692412247,2026-09-13T11:46:57.762266+00:00,1789300017.7225304,0.03973555564880371,1.8861325052705498,-0.44519415689323594,0.2970485985279083,-1.3475717741640196,control_pose,robot_origin,robot_origin
89.72583572700023,2026-09-13T11:46:57.795739+00:00,1789300017.7134814,0.08225750923156738,1.884822694173834,-0.4432496668080029,0.29688350099657024,-1.3473062955580248,control_pose,robot_origin,robot_origin
89.74943587300004,2026-09-13T11:46:57.819280+00:00,1789300017.7790155,0.04026436805725098,1.8884011562375718,-0.46947017503715316,0.3017142117023468,-1.34522668019738,control_pose,robot_origin,robot_origin
89.79166350099968,2026-09-13T11:46:57.861570+00:00,1789300017.832334,0.02923583984375,1.8906301667603558,-0.4834607450554977,0.3042408525943756,-1.3437953908050082,control_pose,robot_origin,robot_origin
89.81007737399977,2026-09-13T11:46:57.879985+00:00,1789300017.781617,0.09836816787719727,1.8884026564018623,-0.4698281610594418,0.3018841285727722,-1.3451609664713355,control_pose,robot_origin,robot_origin
89.84043871799986,2026-09-13T11:46:57.910345+00:00,1789300017.8858407,0.024504423141479492,1.8956047073453395,-0.49931737428733125,0.30454280972480774,-1.3428491733657837,control_pose,robot_origin,robot_origin
89.86932859799981,2026-09-13T11:46:57.939183+00:00,1789300017.850241,0.08894205093383789,1.8921755622145304,-0.48870807035338065,0.30444892130248397,-1.3432648669858345,control_pose,robot_origin,robot_origin
89.8991306830003,2026-09-13T11:46:57.968945+00:00,1789300017.9415932,0.027351856231689453,1.9014342971124512,-0.5163298309377347,0.3030983805656433,-1.3444497891320908,control_pose,robot_origin,robot_origin
89.93491655199978,2026-09-13T11:46:58.004825+00:00,1789300017.9217005,0.08312463760375977,1.899397607757492,-0.5103346079808951,0.30367770631399676,-1.344043732785017,control_pose,robot_origin,robot_origin
89.96456541299995,2026-09-13T11:46:58.034470+00:00,1789300017.9923654,0.04210472106933594,1.905931165794769,-0.5305584557546684,0.3012760877609253,-1.3429851459562518,control_pose,robot_origin,robot_origin
90.0112456779998,2026-09-13T11:46:58.081152+00:00,1789300017.990807,0.09034490585327148,1.9058517054115856,-0.5301757846001975,0.30130973308507775,-1.3430917196157455,control_pose,robot_origin,robot_origin
90.04539261799982,2026-09-13T11:46:58.115295+00:00,1789300018.079258,0.03603696823120117,1.9130303576131145,-0.5446503933826263,0.30265334248542786,-1.3452647191142106,control_pose,robot_origin,robot_origin
90.06332153800031,2026-09-13T11:46:58.133225+00:00,1789300018.0584729,0.0747520923614502,1.9114543941045634,-0.5414925658600875,0.30222539207037297,-1.3447183614894724,control_pose,robot_origin,robot_origin
90.09506499899999,2026-09-13T11:46:58.164970+00:00,1789300018.135951,0.029018878936767578,1.916609332187937,-0.5483876108852835,0.3035416901111603,-1.3470845875411936,control_pose,robot_origin,robot_origin
90.15742844099987,2026-09-13T11:46:58.227332+00:00,1789300018.1387217,0.08861041069030762,1.9166896862058544,-0.5484117341242123,0.30353467980310056,-1.3471242475869973,control_pose,robot_origin,robot_origin
90.17859252899962,2026-09-13T11:46:58.248494+00:00,1789300018.2100086,0.03848528861999512,1.917434775979117,-0.5476822572681751,0.30282214283943176,-1.3459755130466204,control_pose,robot_origin,robot_origin
90.21532801299963,2026-09-13T11:46:58.285221+00:00,1789300018.2054188,0.07980227470397949,1.9174347461947734,-0.5477621796421184,0.3028477208199015,-1.3461509331277721,control_pose,robot_origin,robot_origin
90.2426912889996,2026-09-13T11:46:58.312595+00:00,1789300018.2689364,0.04365849494934082,1.9166496941412523,-0.5446712685045989,0.30289405584335327,-1.3448064633667276,control_pose,robot_origin,robot_origin
90.25938878800025,2026-09-13T11:46:58.329293+00:00,1789300018.3223372,0.006955862045288086,1.9157579033906174,-0.5429523274012892,0.30304014682769775,-1.3442443546719431,control_pose,robot_origin,robot_origin
90.32015679100004,2026-09-13T11:46:58.390060+00:00,1789300018.2798595,0.11020040512084961,1.9164765726647521,-0.5442726548116967,0.3029231833666631,-1.3446340192404256,control_pose,robot_origin,robot_origin
90.36878646399964,2026-09-13T11:46:58.438692+00:00,1789300018.3365624,0.10212969779968262,1.91549772499797,-0.5425118797346657,0.30303497253231604,-1.3441572612939972,control_pose,robot_origin,robot_origin
90.41578962499989,2026-09-13T11:46:58.485697+00:00,1789300018.4330628,0.052634239196777344,1.9149505150469288,-0.5412465886994953,0.3031844198703766,-1.3437146292405944,control_pose,robot_origin,robot_origin
90.45295796200026,2026-09-13T11:46:58.522847+00:00,1789300018.4095283,0.11331868171691895,1.9150001997168538,-0.5414866327300185,0.3031200655093015,-1.34379622814896,control_pose,robot_origin,robot_origin
90.50756853999974,2026-09-13T11:46:58.577473+00:00,1789300018.5123222,0.06515073776245117,1.915333591911929,-0.541023534877506,0.3033859133720398,-1.3444852646278194,control_pose,robot_origin,robot_origin
90.51215065500037,2026-09-13T11:46:58.582027+00:00,1789300018.478217,0.10381007194519043,1.9151658701126146,-0.5410842968241989,0.30332357302976326,-1.344199163750351,control_pose,robot_origin,robot_origin
90.57419286500044,2026-09-13T11:46:58.644111+00:00,1789300018.5892677,0.05484318733215332,1.9151897782025944,-0.5406661231870787,0.30344054102897644,-1.3444484302565467,control_pose,robot_origin,robot_origin
90.59621171599974,2026-09-13T11:46:58.666112+00:00,1789300018.5490556,0.11705636978149414,1.9152649360007394,-0.5408529084094891,0.3034119923291886,-1.344467668036991,control_pose,robot_origin,robot_origin
90.64022173600006,2026-09-13T11:46:58.709994+00:00,1789300018.6525803,0.05741381645202637,1.9148436900989623,-0.5403074742652024,0.30343177914619446,-1.344492148142091,control_pose,robot_origin,robot_origin
90.6609265699999,2026-09-13T11:46:58.730829+00:00,1789300018.6221476,0.10868144035339355,1.9150100462559771,-0.5404798681028834,0.3034359907707274,-1.3444710804188107,control_pose,robot_origin,robot_origin
90.70660678500008,2026-09-13T11:46:58.776512+00:00,1789300018.735699,0.04081296920776367,1.9135262000988835,-0.5420886412652206,0.30392545461654663,-1.344271211915383,control_pose,robot_origin,robot_origin
90.72681693899995,2026-09-13T11:46:58.796696+00:00,1789300018.6871126,0.10958337783813477,1.9142963290091382,-0.5410474734380464,0.30363688031846536,-1.3444016404008092,control_pose,robot_origin,robot_origin
90.7595151989999,2026-09-13T11:46:58.829420+00:00,1789300018.7959316,0.03348851203918457,1.9143880227360748,-0.5444089208618597,0.3037453591823578,-1.3458045307818782,control_pose,robot_origin,robot_origin
90.77368226900035,2026-09-13T11:46:58.843587+00:00,1789300018.755473,0.08811402320861816,1.9138091294255326,-0.5428503700892096,0.3038663307577284,-1.3447785147439653,control_pose,robot_origin,robot_origin
90.82920437899975,2026-09-13T11:46:58.896319+00:00,1789300018.84902,0.04729890823364258,1.916214060381531,-0.548307000948665,0.3029725253582001,-1.3471922248936044,control_pose,robot_origin,robot_origin
90.84905496299962,2026-09-13T11:46:58.918958+00:00,1789300018.827967,0.09099102020263672,1.915378169415111,-0.5465778600530928,0.30324659216519856,-1.3467381927174265,control_pose,robot_origin,robot_origin
90.8611989889996,2026-09-13T11:46:58.931106+00:00,1789300018.9022963,0.028809785842895508,1.918791914135905,-0.5548943416751794,0.3028522729873657,-1.3475837399641455,control_pose,robot_origin,robot_origin
90.91105854699981,2026-09-13T11:46:58.980955+00:00,1789300018.9560666,0.024888277053833008,1.9214308230057306,-0.5625033171447809,0.30398887395858765,-1.3467830668899003,control_pose,robot_origin,robot_origin
90.93719459400018,2026-09-13T11:46:59.007103+00:00,1789300018.9131835,0.09391951560974121,1.919008329844916,-0.5559909297766668,0.3030129622620965,-1.3475425971064707,control_pose,robot_origin,robot_origin
90.96602088600048,2026-09-13T11:46:59.035926+00:00,1789300019.0090754,0.02685070037841797,1.9250723238399532,-0.5746149860709475,0.3054453432559967,-1.3446153796277873,control_pose,robot_origin,robot_origin
91.00709088799977,2026-09-13T11:46:59.076993+00:00,1789300018.970328,0.10666489601135254,1.922357985390751,-0.5655171861633171,0.30443365759279384,-1.3462136145985963,control_pose,robot_origin,robot_origin
91.0428223859999,2026-09-13T11:46:59.112718+00:00,1789300019.0622137,0.050504446029663086,1.9280445730410407,-0.5848642053502341,0.3061297833919525,-1.3405455169498075,control_pose,robot_origin,robot_origin
91.05777634300011,2026-09-13T11:46:59.127683+00:00,1789300019.0423286,0.08535432815551758,1.926998707938401,-0.581552694619927,0.30591836651888343,-1.3419907967904259,control_pose,robot_origin,robot_origin
91.09218143900034,2026-09-13T11:46:59.162098+00:00,1789300019.122297,0.03980088233947754,1.933561075912791,-0.5995198096043569,0.30603963136672974,-1.342281956439552,control_pose,robot_origin,robot_origin
91.15964321200045,2026-09-13T11:46:59.229550+00:00,1789300019.112442,0.11710786819458008,1.9326386641570534,-0.5971132316015866,0.30606722999806146,-1.3418342910880066,control_pose,robot_origin,robot_origin
91.17780523199963,2026-09-13T11:46:59.247711+00:00,1789300019.2022455,0.04546546936035156,1.9441046314969088,-0.628201599419258,0.30389153957366943,-1.3448728716181124,control_pose,robot_origin,robot_origin
91.19190477800021,2026-09-13T11:46:59.261809+00:00,1789300019.1786325,0.0831766128540039,1.9414712024175937,-0.6196624416302277,0.30456374526908214,-1.345246433400724,control_pose,robot_origin,robot_origin
91.21314592700037,2026-09-13T11:46:59.283053+00:00,1789300019.2554758,0.02757716178894043,1.9485109900733328,-0.6462765943407915,0.3045799732208252,-1.3373057360747675,control_pose,robot_origin,robot_origin
91.2618177459999,2026-09-13T11:46:59.331725+00:00,1789300019.2495835,0.08214139938354492,1.9479307997926214,-0.6443654874618582,0.30466498799440034,-1.3379810949696047,control_pose,robot_origin,robot_origin
91.30234007299987,2026-09-13T11:46:59.372243+00:00,1789300019.3356056,0.036637306213378906,1.953870936542743,-0.6737757619916316,0.30412614345550537,-1.3256766212715323,control_pose,robot_origin,robot_origin
91.32711973200003,2026-09-13T11:46:59.397019+00:00,1789300019.3175364,0.0794825553894043,1.953238256932176,-0.6675248999535903,0.30402182065240985,-1.3285407439050922,control_pose,robot_origin,robot_origin
91.35503013899961,2026-09-13T11:46:59.424935+00:00,1789300019.392159,0.0327761173248291,1.957050268434599,-0.6911650238501323,0.3056669533252716,-1.3225462082201562,control_pose,robot_origin,robot_origin
91.39724586200009,2026-09-13T11:46:59.466743+00:00,1789300019.3890147,0.077728271484375,1.9570523543168772,-0.6905861732598416,0.30564974841553777,-1.3226697163069832,control_pose,robot_origin,robot_origin
91.41106116999981,2026-09-13T11:46:59.480822+00:00,1789300019.442193,0.03862905502319336,1.957933086646129,-0.7035401958250461,0.3054629862308502,-1.320434972261747,control_pose,robot_origin,robot_origin
91.43052277399966,2026-09-13T11:46:59.500429+00:00,1789300019.4922724,0.008156538009643555,1.9608490328785275,-0.7149531883639382,0.30461055040359497,-1.3218369709381463,control_pose,robot_origin,robot_origin
91.4859470880001,2026-09-13T11:46:59.555855+00:00,1789300019.4579587,0.09789633750915527,1.9583942781212702,-0.7057470858789445,0.3054968248283816,-1.320259696490404,control_pose,robot_origin,robot_origin
91.50294053699963,2026-09-13T11:46:59.572847+00:00,1789300019.5468838,0.02596306800842285,1.9653874025559437,-0.730636922448844,0.3019482493400574,-1.322078205956617,control_pose,robot_origin,robot_origin
91.55467890799991,2026-09-13T11:46:59.624583+00:00,1789300019.540034,0.0845489501953125,1.9647610346914481,-0.7298988451518278,0.30220507629504306,-1.322145453798738,control_pose,robot_origin,robot_origin
91.57523464600035,2026-09-13T11:46:59.645142+00:00,1789300019.6122303,0.03291177749633789,1.9730471352760148,-0.7406160140287437,0.30331090092658997,-1.3225382971595583,control_pose,robot_origin,robot_origin
91.61626237499968,2026-09-13T11:46:59.686161+00:00,1789300019.6011841,0.0849769115447998,1.9723717790625703,-0.7392859095612334,0.30295667683990796,-1.3229147656881008,control_pose,robot_origin,robot_origin
91.64352865300043,2026-09-13T11:46:59.713440+00:00,1789300019.668796,0.04464387893676758,1.9774833590465777,-0.7461727374326341,0.3059944808483124,-1.3185783705254808,control_pose,robot_origin,robot_origin
91.65566874199976,2026-09-13T11:46:59.725576+00:00,1789300019.7189097,0.0066661834716796875,1.9783661057814814,-0.746916408954605,0.30604344606399536,-1.3154705239286364,control_pose,robot_origin,robot_origin
91.70615802700013,2026-09-13T11:46:59.776063+00:00,1789300019.6779144,0.09814858436584473,1.9777055600476643,-0.7462686248463744,0.3060704027785149,-1.3183720136936623,control_pose,robot_origin,robot_origin
91.75605515500047,2026-09-13T11:46:59.825937+00:00,1789300019.739299,0.08663797378540039,1.9786001860338809,-0.7461078204519975,0.30581028320136505,-1.3147563926040935,control_pose,robot_origin,robot_origin
91.80058212899985,2026-09-13T11:46:59.870419+00:00,1789300019.8256843,0.04473471641540527,1.9776042477026852,-0.7430754154034616,0.3058207035064697,-1.3110524142395499,control_pose,robot_origin,robot_origin
91.81223073799993,2026-09-13T11:46:59.882131+00:00,1789300019.809107,0.07302403450012207,1.9778269823018026,-0.743619402731567,0.30576363249439403,-1.311756002438805,control_pose,robot_origin,robot_origin
91.84629879299973,2026-09-13T11:46:59.916206+00:00,1789300019.8821495,0.03405642509460449,1.9768969750473349,-0.7423101261190381,0.30625519156455994,-1.3103357553404813,control_pose,robot_origin,robot_origin
91.88763120800013,2026-09-13T11:46:59.957536+00:00,1789300019.877169,0.0803670883178711,1.9769338505817136,-0.7423279643275722,0.30623869904593587,-1.3103280817434642,control_pose,robot_origin,robot_origin
91.92067738900005,2026-09-13T11:46:59.990582+00:00,1789300019.950121,0.040461063385009766,1.9768111054345125,-0.7417872883262258,0.3065185248851776,-1.3104205265522793,control_pose,robot_origin,robot_origin
91.954227403,2026-09-13T11:47:00.024060+00:00,1789300019.9471724,0.07688760757446289,1.9768058250604168,-0.7418088219173884,0.30650732796528984,-1.3104223767028904,control_pose,robot_origin,robot_origin
91.97011558200029,2026-09-13T11:47:00.040010+00:00,1789300020.002143,0.037867069244384766,1.9772206712259608,-0.7415661187655966,0.30664315819740295,-1.3107539706278661,control_pose,robot_origin,robot_origin
92.02796926300016,2026-09-13T11:47:00.097875+00:00,1789300020.0183573,0.07951784133911133,1.9773640594947473,-0.7414829920214117,0.30668561529628524,-1.310901125962972,control_pose,robot_origin,robot_origin
92.08665492100045,2026-09-13T11:47:00.156574+00:00,1789300020.099549,0.05702495574951172,1.9785360974802375,-0.7411465143130873,0.30674779415130615,-1.312069493742708,control_pose,robot_origin,robot_origin
92.10750437000024,2026-09-13T11:47:00.177412+00:00,1789300020.0883148,0.08909726142883301,1.9783766241476317,-0.7411928755325521,0.30674274112133637,-1.3119037388372345,control_pose,robot_origin,robot_origin
92.15096002599967,2026-09-13T11:47:00.220858+00:00,1789300020.1722035,0.04865455627441406,1.9794527521144762,-0.7409944826300352,0.3066503703594208,-1.3130885218814994,control_pose,robot_origin,robot_origin
92.18708827899991,2026-09-13T11:47:00.256995+00:00,1789300020.164765,0.09223008155822754,1.979358899944629,-0.7410100484743639,0.3066603451459125,-1.3129841136605807,control_pose,robot_origin,robot_origin
92.21521779999966,2026-09-13T11:47:00.285118+00:00,1789300020.2488415,0.03627657890319824,1.9789833215735635,-0.740057133759893,0.3049466907978058,-1.2844875553972541,control_pose,robot_origin,robot_origin
92.25376921299994,2026-09-13T11:47:00.323688+00:00,1789300020.2338197,0.08986830711364746,1.9791114264584901,-0.7403462723249477,0.3052550032177793,-1.2911468255692544,control_pose,robot_origin,robot_origin
92.30081071099994,2026-09-13T11:47:00.370697+00:00,1789300020.3022964,0.06840062141418457,1.9794502975817179,-0.7381703631736204,0.30480700731277466,-1.2645977878311572,control_pose,robot_origin,robot_origin
92.31902956500016,2026-09-13T11:47:00.388936+00:00,1789300020.2998247,0.089111328125,1.9794431040102196,-0.7382638055352535,0.3048092355631935,-1.2654600326389824,control_pose,robot_origin,robot_origin
92.34966913100016,2026-09-13T11:47:00.419575+00:00,1789300020.3686924,0.050882577896118164,1.9784443687043474,-0.7361816238110762,0.3043232560157776,-1.2439474098607892,control_pose,robot_origin,robot_origin
92.37246920399957,2026-09-13T11:47:00.442370+00:00,1789300020.3698385,0.07253146171569824,1.9784434317200321,-0.7361574036968518,0.30431242882061577,-1.2436260429551411,control_pose,robot_origin,robot_origin
92.41264700099964,2026-09-13T11:47:00.482529+00:00,1789300020.4459445,0.03658437728881836,1.9784037349040708,-0.7342727771911327,0.30414941906929016,-1.2209403108901948,control_pose,robot_origin,robot_origin
92.47269151100045,2026-09-13T11:47:00.542595+00:00,1789300020.438446,0.10414886474609375,1.9783858774287773,-0.7344604310434404,0.3041402980433685,-1.2231562153355433,control_pose,robot_origin,robot_origin
92.50009910799963,2026-09-13T11:47:00.570006+00:00,1789300020.5321913,0.03781461715698242,1.9787921880189745,-0.7329961294527677,0.30440717935562134,-1.192832283069638,control_pose,robot_origin,robot_origin
92.51705594800023,2026-09-13T11:47:00.586956+00:00,1789300020.5097413,0.07721471786499023,1.9786922786481556,-0.7332717417666119,0.30433756874764617,-1.200674138219035,control_pose,robot_origin,robot_origin
92.5488348660001,2026-09-13T11:47:00.618738+00:00,1789300020.5824199,0.036318063735961914,1.97990310891823,-0.7323501968349453,0.3045749068260193,-1.1791205732692114,control_pose,robot_origin,robot_origin
92.58473728399986,2026-09-13T11:47:00.654605+00:00,1789300020.578956,0.07564902305603027,1.9798192166966322,-0.7324080464704472,0.30456422163057406,-1.1799376746777093,control_pose,robot_origin,robot_origin
92.6217893590001,2026-09-13T11:47:00.691689+00:00,1789300020.6423519,0.049337148666381836,1.9810858707196857,-0.7317633404253143,0.30484601855278015,-1.1611920672127325,control_pose,robot_origin,robot_origin
92.65503967699988,2026-09-13T11:47:00.724942+00:00,1789300020.6495264,0.07541561126708984,1.9811876950479534,-0.7317045860508659,0.3048504376228736,-1.1601803096722678,control_pose,robot_origin,robot_origin
92.69146740100041,2026-09-13T11:47:00.761368+00:00,1789300020.722243,0.03912496566772461,1.9830735103932884,-0.7306892391642363,0.30505719780921936,-1.1381635166403963,control_pose,robot_origin,robot_origin
92.74104384099974,2026-09-13T11:47:00.810949+00:00,1789300020.7176335,0.09331560134887695,1.9829307776801335,-0.7307650063375136,0.3050396921742643,-1.1398786310733318,control_pose,robot_origin,robot_origin
92.7745402190003,2026-09-13T11:47:00.844436+00:00,1789300020.788841,0.05559492111206055,1.9847185625649377,-0.7298302285012082,0.3051223158836365,-1.1177320857605049,control_pose,robot_origin,robot_origin
92.80834112499997,2026-09-13T11:47:00.878243+00:00,1789300020.7875059,0.09073710441589355,1.9846844054597386,-0.7298469903866698,0.3051235190334064,-1.1181388935356604,control_pose,robot_origin,robot_origin
92.83858291100023,2026-09-13T11:47:00.908475+00:00,1789300020.8654184,0.043056488037109375,1.987193772106496,-0.7296202704234916,0.3048776686191559,-1.0984393574563394,control_pose,robot_origin,robot_origin
92.85870365099981,2026-09-13T11:47:00.928606+00:00,1789300020.8570359,0.07157015800476074,1.9868960697535862,-0.7296418533626636,0.30490369671454376,-1.1006360838566123,control_pose,robot_origin,robot_origin
92.88733377300014,2026-09-13T11:47:00.957238+00:00,1789300020.925473,0.031764984130859375,1.990109907897504,-0.7305294186690798,0.3036680817604065,-1.0790433643505264,control_pose,robot_origin,robot_origin
92.92605421900043,2026-09-13T11:47:00.995947+00:00,1789300020.978805,0.01714181900024414,1.9927143216274232,-0.7302890922203815,0.3025933504104614,-1.0576038788965696,control_pose,robot_origin,robot_origin
92.96622673599995,2026-09-13T11:47:01.036130+00:00,1789300020.9419432,0.09418678283691406,1.991014745782605,-0.7307067787681323,0.30335407018741606,-1.0720562668631843,control_pose,robot_origin,robot_origin
93.01066704799996,2026-09-13T11:47:01.080571+00:00,1789300020.9968598,0.08371114730834961,1.9933146993355657,-0.7305143305759794,0.30197016109951347,-1.0518028416665075,control_pose,robot_origin,robot_origin
93.04789423599959,2026-09-13T11:47:01.117797+00:00,1789300021.075946,0.04185080528259277,1.9953189512576837,-0.7312466754415773,0.2998238503932953,-1.0220689479494882,control_pose,robot_origin,robot_origin
93.08550409800046,2026-09-13T11:47:01.155405+00:00,1789300021.0703042,0.08510088920593262,1.995201247709423,-0.7312047047158561,0.299953390645047,-1.0243628379159317,control_pose,robot_origin,robot_origin
93.11787571599962,2026-09-13T11:47:01.187789+00:00,1789300021.1419802,0.04580879211425781,1.9955418104041593,-0.7305571767330784,0.2986118197441101,-0.9979246022962123,control_pose,robot_origin,robot_origin
93.16570093199971,2026-09-13T11:47:01.235603+00:00,1789300021.146596,0.08900713920593262,1.9955495446195128,-0.7304345935636234,0.2985194162630775,-0.9965351379544528,control_pose,robot_origin,robot_origin
93.18644531999962,2026-09-13T11:47:01.256352+00:00,1789300021.2161582,0.040193796157836914,1.995837967492712,-0.7292910355731185,0.29810184240341187,-0.9751295858306619,control_pose,robot_origin,robot_origin
93.2251465319996,2026-09-13T11:47:01.295065+00:00,1789300021.2133818,0.08168315887451172,1.9958414239662747,-0.729327172437444,0.29810800592756137,-0.9760312756194713,control_pose,robot_origin,robot_origin
93.25414694400024,2026-09-13T11:47:01.324053+00:00,1789300021.2786055,0.045447587966918945,1.9954696625051627,-0.7289785210615913,0.29832765460014343,-0.9575019076547576,control_pose,robot_origin,robot_origin
93.29305927000041,2026-09-13T11:47:01.362958+00:00,1789300021.281478,0.08148002624511719,1.9954572170532108,-0.7289768576228275,0.298338121664855,-0.9568595305942547,control_pose,robot_origin,robot_origin
93.31386269999985,2026-09-13T11:47:01.383769+00:00,1789300021.3419561,0.041812896728515625,1.9952707839117183,-0.7289937647226171,0.2984853982925415,-0.9421982913586451,control_pose,robot_origin,robot_origin
93.34467049799969,2026-09-13T11:47:01.414566+00:00,1789300021.3964212,0.018144845962524414,1.9954022429962563,-0.729058664430642,0.2987045347690582,-0.9285330388821309,control_pose,robot_origin,robot_origin
93.36237604600046,2026-09-13T11:47:01.432280+00:00,1789300021.353714,0.07856607437133789,1.9952880377992714,-0.7289699236269714,0.2985311127946023,-0.9390784281918262,control_pose,robot_origin,robot_origin
93.41812776700044,2026-09-13T11:47:01.488029+00:00,1789300021.4161596,0.0718693733215332,1.9957241922291946,-0.729039419096297,0.29870316240722306,-0.923901338686134,control_pose,robot_origin,robot_origin
93.44892129100026,2026-09-13T11:47:01.518828+00:00,1789300021.4819505,0.03687739372253418,1.9972604837662873,-0.7285188864586953,0.2987821400165558,-0.9093369926609712,control_pose,robot_origin,robot_origin
93.47369285399964,2026-09-13T11:47:01.543593+00:00,1789300021.53544,0.008152961730957031,1.9986095037569718,-0.7278317456801724,0.29882895946502686,-0.8977367496869697,control_pose,robot_origin,robot_origin
93.50305472400032,2026-09-13T11:47:01.572958+00:00,1789300021.489304,0.08365392684936523,1.997477734672532,-0.728433067378045,0.2988189989700707,-0.9076432092646688,control_pose,robot_origin,robot_origin
93.54711479300022,2026-09-13T11:47:01.617017+00:00,1789300021.5887089,0.02830815315246582,2.0000145481823495,-0.7271032745064478,0.2987305223941803,-0.8842719591291189,control_pose,robot_origin,robot_origin
93.57775474200025,2026-09-13T11:47:01.647660+00:00,1789300021.5568945,0.09076547622680664,1.9991243888926353,-0.7275681562335243,0.2987765510422673,-0.8926548527770278,control_pose,robot_origin,robot_origin
93.60905910800011,2026-09-13T11:47:01.678966+00:00,1789300021.6388876,0.04007840156555176,2.002117332195646,-0.7260387877399038,0.29893189668655396,-0.8691965659073665,control_pose,robot_origin,robot_origin
93.63614275300006,2026-09-13T11:47:01.706014+00:00,1789300021.6308763,0.07513761520385742,2.001720307593715,-0.7262292725884071,0.2988967411838321,-0.8719082394635852,control_pose,robot_origin,robot_origin
93.66452495799967,2026-09-13T11:47:01.734431+00:00,1789300021.6889808,0.04545021057128906,2.004309568550278,-0.7249877821241125,0.29916858673095703,-0.8535858143907318,control_pose,robot_origin,robot_origin
93.67786888299997,2026-09-13T11:47:01.747773+00:00,1789300021.7422926,0.005480289459228516,2.006230099670629,-0.7240135792637163,0.2991836965084076,-0.8360498097294864,control_pose,robot_origin,robot_origin
93.70327903700036,2026-09-13T11:47:01.773081+00:00,1789300021.7018752,0.07120585441589355,2.0047643671220015,-0.7247442336289123,0.299222454351841,-0.8496231122117027,control_pose,robot_origin,robot_origin
93.73712880899984,2026-09-13T11:47:01.806999+00:00,1789300021.798647,0.008352041244506836,2.0079077645097168,-0.7233492561957544,0.2990034222602844,-0.8171119952572978,control_pose,robot_origin,robot_origin
93.77993380800035,2026-09-13T11:47:01.849838+00:00,1789300021.7705033,0.07933473587036133,2.00714299472284,-0.7236810652124062,0.29906479894063576,-0.8261944921753377,control_pose,robot_origin,robot_origin
93.82021727499978,2026-09-13T11:47:01.889995+00:00,1789300021.851951,0.03804421424865723,2.0089922668121796,-0.722964755466281,0.2989243268966675,-0.8006645707308566,control_pose,robot_origin,robot_origin
93.85770009099997,2026-09-13T11:47:01.927603+00:00,1789300021.83904,0.0885629653930664,2.0087884813336054,-0.7230547928744924,0.29891727699166537,-0.8045211644968164,control_pose,robot_origin,robot_origin
93.88015486699987,2026-09-13T11:47:01.950028+00:00,1789300021.9087708,0.04125714302062988,2.011364305694624,-0.725317625463625,0.29909825325012207,-0.7866637859533515,control_pose,robot_origin,robot_origin
93.92061943000044,2026-09-13T11:47:01.990511+00:00,1789300021.9099844,0.08052659034729004,2.01136075226479,-0.7253287013989599,0.29908381782410204,-0.7867932775079444,control_pose,robot_origin,robot_origin
93.94782541699988,2026-09-13T11:47:02.017734+00:00,1789300021.9785926,0.03914141654968262,2.0092841163286543,-0.7236529488155024,0.30147504806518555,-0.7990741613562826,control_pose,robot_origin,robot_origin
93.99982527100019,2026-09-13T11:47:02.069728+00:00,1789300021.9822154,0.08751249313354492,2.009369286074114,-0.7238094976546385,0.3016839666644227,-0.7991528188170832,control_pose,robot_origin,robot_origin
94.02820043599968,2026-09-13T11:47:02.098108+00:00,1789300022.0519886,0.04611945152282715,2.0133361334037603,-0.7257324129503604,0.3024734556674957,-0.7961893554746665,control_pose,robot_origin,robot_origin
94.05470747599975,2026-09-13T11:47:02.124605+00:00,1789300022.0500324,0.07457256317138672,2.013132359540133,-0.7256718103748463,0.3024883704538979,-0.7964367851387436,control_pose,robot_origin,robot_origin
94.07055914099965,2026-09-13T11:47:02.140461+00:00,1789300022.1054957,0.03496527671813965,2.0172270144530358,-0.7246993422648939,0.3005446195602417,-0.7908558081793786,control_pose,robot_origin,robot_origin
94.11509852899962,2026-09-13T11:47:02.185002+00:00,1789300022.1589506,0.02605152130126953,2.018868231272061,-0.723179973500244,0.2975422143936157,-0.7944533546375522,control_pose,robot_origin,robot_origin
94.13424120499985,2026-09-13T11:47:02.204141+00:00,1789300022.1227827,0.08135819435119629,2.017671153724974,-0.7246863763667688,0.29936262014306314,-0.7915382305702096,control_pose,robot_origin,robot_origin
94.18728239099983,2026-09-13T11:47:02.257185+00:00,1789300022.2187304,0.038454532623291016,2.0204659660862863,-0.7220623158961592,0.2979428172111511,-0.7964747101109712,control_pose,robot_origin,robot_origin
94.21104209500027,2026-09-13T11:47:02.280945+00:00,1789300022.189048,0.09189701080322266,2.0201454493241617,-0.7224705606452126,0.29763030294300713,-0.7958982132538616,control_pose,robot_origin,robot_origin
94.23725631999969,2026-09-13T11:47:02.307162+00:00,1789300022.275385,0.031777143478393555,2.019904580034473,-0.7210412098930293,0.29860618710517883,-0.8001602647651216,control_pose,robot_origin,robot_origin
94.28073069600032,2026-09-13T11:47:02.350630+00:00,1789300022.2724311,0.07819890975952148,2.019962221135369,-0.7210796111041298,0.29857363999565034,-0.7999538107049663,control_pose,robot_origin,robot_origin
94.31947741400018,2026-09-13T11:47:02.389375+00:00,1789300022.352467,0.03690791130065918,2.018653988567665,-0.7199644502931111,0.299412339925766,-0.8048847465896051,control_pose,robot_origin,robot_origin
94.35619808000047,2026-09-13T11:47:02.426101+00:00,1789300022.3286088,0.09749221801757812,2.0189573767173243,-0.720272619537139,0.2992493886852169,-0.8034216711762174,control_pose,robot_origin,robot_origin
94.3867648409996,2026-09-13T11:47:02.456668+00:00,1789300022.4111085,0.04555940628051758,2.018096376433361,-0.7194310728623464,0.29950907826423645,-0.8080387388992795,control_pose,robot_origin,robot_origin
94.42177732599976,2026-09-13T11:47:02.491681+00:00,1789300022.4014926,0.09018850326538086,2.018187812650395,-0.7195185351170578,0.29949321528858047,-0.8075217070706779,control_pose,robot_origin,robot_origin
94.44653666399972,2026-09-13T11:47:02.516441+00:00,1789300022.4617796,0.05466151237487793,2.017932461959859,-0.7190878826762512,0.2995578944683075,-0.8096594418235931,control_pose,robot_origin,robot_origin
94.45041119199959,2026-09-13T11:47:02.520308+00:00,1789300022.5118654,0.00844264030456543,2.0179657339753425,-0.7189017282994343,0.29950565099716187,-0.811107322609251,control_pose,robot_origin,robot_origin
94.48818934999963,2026-09-13T11:47:02.558092+00:00,1789300022.4691288,0.08896327018737793,2.0179294490612723,-0.7190537564401244,0.2995464819923666,-0.8099088245995715,control_pose,robot_origin,robot_origin
94.51441983200039,2026-09-13T11:47:02.584325+00:00,1789300022.5625117,0.021813392639160156,2.0181208779520317,-0.7187097559709674,0.29943883419036865,-0.8128243393466696,control_pose,robot_origin,robot_origin
94.55265602899999,2026-09-13T11:47:02.622571+00:00,1789300022.53659,0.08598089218139648,2.0180519190536796,-0.7188192652913323,0.2994817913606824,-0.811891826611541,control_pose,robot_origin,robot_origin
94.58494671599965,2026-09-13T11:47:02.654852+00:00,1789300022.6153052,0.03954672813415527,2.018186493060582,-0.7184206529342166,0.29937461018562317,-0.8149161962875697,control_pose,robot_origin,robot_origin
94.61754317699979,2026-09-13T11:47:02.687444+00:00,1789300022.6127276,0.07471632957458496,2.018184202865742,-0.7184353947853586,0.2993749530908514,-0.8148498976347373,control_pose,robot_origin,robot_origin
94.64797290699971,2026-09-13T11:47:02.717882+00:00,1789300022.6731944,0.044687509536743164,2.0181551645915987,-0.7182213592454079,0.29933080077171326,-0.81569584065094,control_pose,robot_origin,robot_origin
94.66088625100019,2026-09-13T11:47:02.730795+00:00,1789300022.7256334,0.0051615238189697266,2.0179912430556675,-0.7180554042496702,0.29931020736694336,-0.8162681057659982,control_pose,robot_origin,robot_origin
94.68421338900043,2026-09-13T11:47:02.754113+00:00,1789300022.6796227,0.07449030876159668,2.018143563562274,-0.7181890066359836,0.29933046012742104,-0.8157497878535067,control_pose,robot_origin,robot_origin
94.72028995900018,2026-09-13T11:47:02.790192+00:00,1789300022.7795618,0.010630130767822266,2.017922120715651,-0.7179492186577625,0.29928165674209595,-0.8174886709134631,control_pose,robot_origin,robot_origin
94.74869638899963,2026-09-13T11:47:02.818600+00:00,1789300022.7465847,0.07201528549194336,2.017962842396887,-0.7179895564837336,0.29930518419999336,-0.8167461898208515,control_pose,robot_origin,robot_origin
94.79203559100006,2026-09-13T11:47:02.861939+00:00,1789300022.8373804,0.024558544158935547,2.017914987733212,-0.718008089182385,0.2992752492427826,-0.817963064283355,control_pose,robot_origin,robot_origin
94.83192425299967,2026-09-13T11:47:02.901831+00:00,1789300022.8326616,0.06916928291320801,2.017909799260134,-0.7180092691833029,0.29927608005786904,-0.8179612915927902,control_pose,robot_origin,robot_origin
94.87045271999978,2026-09-13T11:47:02.940359+00:00,1789300022.8931077,0.04725146293640137,2.0179932718833467,-0.7180409787669499,0.2992633283138275,-0.8182239426577218,control_pose,robot_origin,robot_origin
94.89936663200024,2026-09-13T11:47:02.969271+00:00,1789300022.890322,0.078948974609375,2.017989653355761,-0.7180408300750504,0.2992639897778824,-0.8182078227930791,control_pose,robot_origin,robot_origin
94.92477544200028,2026-09-13T11:47:02.994683+00:00,1789300022.958454,0.03622913360595703,2.018079932978701,-0.7178973315484956,0.2992478013038635,-0.8185188264658594,control_pose,robot_origin,robot_origin
94.97068651399968,2026-09-13T11:47:03.040496+00:00,1789300022.9617112,0.07878494262695312,2.018075036566971,-0.7178895610291407,0.29924897273040796,-0.8185406467425176,control_pose,robot_origin,robot_origin
94.99963642700004,2026-09-13T11:47:03.069540+00:00,1789300023.0218823,0.04765772819519043,2.018020135402391,-0.7177815806816588,0.2992222309112549,-0.8190296931670282,control_pose,robot_origin,robot_origin
95.03767245299969,2026-09-13T11:47:03.107569+00:00,1789300023.0347786,0.07279038429260254,2.0180053647442247,-0.7177823734706574,0.2992195330617329,-0.8191770488184791,control_pose,robot_origin,robot_origin
95.07416507499966,2026-09-13T11:47:03.144067+00:00,1789300023.095099,0.04896807670593262,2.0179829817537795,-0.7177685718751314,0.2992427349090576,-0.8193942361165582,control_pose,robot_origin,robot_origin
95.1030785060002,2026-09-13T11:47:03.172987+00:00,1789300023.1459236,0.027063369750976562,2.0179851579599473,-0.7177741118920555,0.29923543334007263,-0.8195851228044193,control_pose,robot_origin,robot_origin
95.1201989049996,2026-09-13T11:47:03.190106+00:00,1789300023.1037986,0.08630728721618652,2.0179835682711214,-0.7177810199439474,0.2992415588810428,-0.8193605371653753,control_pose,robot_origin,robot_origin
95.18312966800022,2026-09-13T11:47:03.253036+00:00,1789300023.1985567,0.054479360580444336,2.0180022968385374,-0.7177802076768871,0.2992362380027771,-0.8199314470670751,control_pose,robot_origin,robot_origin
95.24973504399986,2026-09-13T11:47:03.319634+00:00,1789300023.1721454,0.14748859405517578,2.0180107117607187,-0.7177937857123585,0.29924639393712393,-0.8197674453911789,control_pose,robot_origin,robot_origin
95.25604118000047,2026-09-13T11:47:03.325948+00:00,1789300023.2618318,0.06411623954772949,2.018285314333694,-0.718088824890796,0.2992601692676544,-0.8203545568836854,control_pose,robot_origin,robot_origin
95.25947200599967,2026-09-13T11:47:03.329373+00:00,1789300023.2521734,0.07719945907592773,2.0182421134970934,-0.7180417164184991,0.2992565163109246,-0.8202899716364772,control_pose,robot_origin,robot_origin
95.29903198000011,2026-09-13T11:47:03.368924+00:00,1789300023.322351,0.04657292366027832,2.020986096351435,-0.7198209858811482,0.2996032238006592,-0.8204993132757553,control_pose,robot_origin,robot_origin
95.32332383799985,2026-09-13T11:47:03.393224+00:00,1789300023.3124995,0.08072447776794434,2.020429006569566,-0.71946916066564,0.29953087531541844,-0.8204894231047417,control_pose,robot_origin,robot_origin
95.37219640100011,2026-09-13T11:47:03.442100+00:00,1789300023.396693,0.04540705680847168,2.022032256991284,-0.7217348517951618,0.3009406328201294,-0.8174531919767324,control_pose,robot_origin,robot_origin
95.41216020299998,2026-09-13T11:47:03.482063+00:00,1789300023.3816628,0.10040020942687988,2.021820748454605,-0.7213479141075311,0.30067024086130867,-0.81806725931836,control_pose,robot_origin,robot_origin
95.4687202819996,2026-09-13T11:47:03.538628+00:00,1789300023.4851453,0.053482770919799805,2.0291916515645645,-0.7270299784763901,0.30141329765319824,-0.8160957701076099,control_pose,robot_origin,robot_origin
95.49489053700017,2026-09-13T11:47:03.564793+00:00,1789300023.4637084,0.10108470916748047,2.027120727931012,-0.7255107829158314,0.301376451139192,-0.8164626411900712,control_pose,robot_origin,robot_origin
95.51695367699995,2026-09-13T11:47:03.586854+00:00,1789300023.5453243,0.04152965545654297,2.036700619306674,-0.7327539829545607,0.30154120922088623,-0.8100104925599785,control_pose,robot_origin,robot_origin
95.57672428299975,2026-09-13T11:47:03.646627+00:00,1789300023.5237496,0.12287735939025879,2.0340085729798827,-0.7307018653054753,0.3014953515374103,-0.8121969751196148,control_pose,robot_origin,robot_origin
95.58661443700021,2026-09-13T11:47:03.656517+00:00,1789300023.618111,0.0384061336517334,2.046902036608317,-0.7391978230849245,0.3010672628879547,-0.8018592619140462,control_pose,robot_origin,robot_origin
95.61073492600008,2026-09-13T11:47:03.680641+00:00,1789300023.5911431,0.08949780464172363,2.043122347613209,-0.7368103399630406,0.30124286297232383,-0.8048792899545342,control_pose,robot_origin,robot_origin
95.6416268869998,2026-09-13T11:47:03.711250+00:00,1789300023.668838,0.04241204261779785,2.0576735179891266,-0.7455585355019132,0.30027538537979126,-0.8027740204423857,control_pose,robot_origin,robot_origin
95.6744359029999,2026-09-13T11:47:03.744341+00:00,1789300023.6667962,0.0775446891784668,2.05683302748467,-0.7449846924812225,0.3003257949262338,-0.802528891786713,control_pose,robot_origin,robot_origin
95.7033988080002,2026-09-13T11:47:03.773306+00:00,1789300023.7319024,0.04140353202819824,2.074295247676494,-0.7589884548342078,0.3002035915851593,-0.8031385828507945,control_pose,robot_origin,robot_origin
95.72754957199959,2026-09-13T11:47:03.797434+00:00,1789300023.731005,0.06642913818359375,2.07403446694656,-0.7587469511511324,0.3001830187643819,-0.8032391037223866,control_pose,robot_origin,robot_origin
95.75167063699973,2026-09-13T11:47:03.821578+00:00,1789300023.785103,0.03647494316101074,2.0867704053301326,-0.7726734637868886,0.3021756708621979,-0.7935008947624794,control_pose,robot_origin,robot_origin
95.79228829600015,2026-09-13T11:47:03.862196+00:00,1789300023.838476,0.02372002601623535,2.1012825430150457,-0.7849866708106563,0.30259260535240173,-0.790015269471992,control_pose,robot_origin,robot_origin
95.80882946600013,2026-09-13T11:47:03.878731+00:00,1789300023.8077908,0.07094025611877441,2.092731731529226,-0.7768884238779727,0.302240898729353,-0.7920381399579033,control_pose,robot_origin,robot_origin
95.83810099499988,2026-09-13T11:47:03.908008+00:00,1789300023.8918846,0.016123533248901367,2.1126768371936717,-0.8033686916922388,0.3049803674221039,-0.7854717463550307,control_pose,robot_origin,robot_origin
95.87814444899959,2026-09-13T11:47:03.948049+00:00,1789300023.8753033,0.07274580001831055,2.1085473513708872,-0.7985766905792344,0.304037404645844,-0.7858512984626455,control_pose,robot_origin,robot_origin
95.9290176860004,2026-09-13T11:47:03.998919+00:00,1789300023.9603958,0.038523197174072266,2.123417546029242,-0.8194352918108903,0.30547240376472473,-0.7835262816298805,control_pose,robot_origin,robot_origin
95.95649824599968,2026-09-13T11:47:04.026412+00:00,1789300023.940213,0.08619904518127441,2.1204748975802152,-0.8147905302614913,0.3054804489589155,-0.7843305498785762,control_pose,robot_origin,robot_origin
95.9887716510002,2026-09-13T11:47:04.058671+00:00,1789300024.0116692,0.04700183868408203,2.1347700028757366,-0.8316068953160098,0.3042255640029907,-0.7858391649360359,control_pose,robot_origin,robot_origin
96.02519815800042,2026-09-13T11:47:04.095100+00:00,1789300024.0133452,0.08175468444824219,2.135343176900912,-0.8321988548915946,0.30411388148647733,-0.7860390394252075,control_pose,robot_origin,robot_origin
96.06435353500001,2026-09-13T11:47:04.134261+00:00,1789300024.0919847,0.04227614402770996,2.158533243662873,-0.854343059839821,0.29974809288978577,-0.7917283448041539,control_pose,robot_origin,robot_origin
96.10764092499994,2026-09-13T11:47:04.177542+00:00,1789300024.082147,0.09539508819580078,2.155606557265918,-0.8515877263008422,0.30028486357442996,-0.7910477070388405,control_pose,robot_origin,robot_origin
96.14945864200035,2026-09-13T11:47:04.219357+00:00,1789300024.1784897,0.04086732864379883,2.1830672938441618,-0.8690218678672181,0.30067428946495056,-0.7976273181011607,control_pose,robot_origin,robot_origin
96.17728469099984,2026-09-13T11:47:04.247184+00:00,1789300024.154582,0.09260201454162598,2.178449368604145,-0.8645162748823022,0.3000724612384732,-0.7981752701888628,control_pose,robot_origin,robot_origin
96.21047158100009,2026-09-13T11:47:04.280371+00:00,1789300024.231841,0.048529863357543945,2.1963830255160546,-0.8743926085093467,0.30562278628349304,-0.7952209919906725,control_pose,robot_origin,robot_origin
96.2485764740004,2026-09-13T11:47:04.318476+00:00,1789300024.2254894,0.0929865837097168,2.1954503499159572,-0.8738802756055416,0.30532455127326136,-0.7952542539173564,control_pose,robot_origin,robot_origin
96.27522553699964,2026-09-13T11:47:04.345134+00:00,1789300024.2917483,0.05338573455810547,2.2049308090491704,-0.8807056946595304,0.3060429096221924,-0.7953735258069703,control_pose,robot_origin,robot_origin
96.31836373500028,2026-09-13T11:47:04.388269+00:00,1789300024.2930942,0.09517478942871094,2.2050595429544293,-0.8807874756326313,0.306027882227813,-0.7954990925575928,control_pose,robot_origin,robot_origin
96.36619432600037,2026-09-13T11:47:04.436085+00:00,1789300024.3550415,0.08104348182678223,2.2113202365516202,-0.8879506122850704,0.3050810694694519,-0.800988280455622,control_pose,robot_origin,robot_origin
96.38463719100037,2026-09-13T11:47:04.454481+00:00,1789300024.3691826,0.08529829978942871,2.2127038918922817,-0.8895641125771296,0.3049561816096746,-0.8009116603013339,control_pose,robot_origin,robot_origin
96.4104943100001,2026-09-13T11:47:04.480398+00:00,1789300024.438579,0.041818857192993164,2.214627594124594,-0.8930636558565812,0.3051709234714508,-0.7924390077960876,control_pose,robot_origin,robot_origin
96.45039561199974,2026-09-13T11:47:04.520297+00:00,1789300024.429412,0.09088516235351562,2.2145675840481336,-0.8925442486588986,0.30502961611619517,-0.7939847302440802,control_pose,robot_origin,robot_origin
96.4848220519998,2026-09-13T11:47:04.554653+00:00,1789300024.508391,0.04626202583312988,2.2154069462972514,-0.8940329702373205,0.30530279874801636,-0.7860696632366507,control_pose,robot_origin,robot_origin
96.50300733600034,2026-09-13T11:47:04.572909+00:00,1789300024.558764,0.014145135879516602,2.2149144843075663,-0.893349220129797,0.3054533302783966,-0.7875522839263122,control_pose,robot_origin,robot_origin
96.52919579900026,2026-09-13T11:47:04.599106+00:00,1789300024.5123007,0.08680534362792969,2.215392299074815,-0.8940155331015225,0.30531215971280884,-0.7861555210049782,control_pose,robot_origin,robot_origin
96.56989586100008,2026-09-13T11:47:04.639796+00:00,1789300024.6117094,0.02808666229248047,2.2142796849892883,-0.8925150075337522,0.3055054247379303,-0.7874902416116716,control_pose,robot_origin,robot_origin
96.59809223200045,2026-09-13T11:47:04.668002+00:00,1789300024.576544,0.09145784378051758,2.2146924030725232,-0.8930380736819066,0.3054781564426376,-0.7877035719150466,control_pose,robot_origin,robot_origin
96.65019468199989,2026-09-13T11:47:04.720095+00:00,1789300024.665479,0.05461597442626953,2.213791995533454,-0.8919717627161717,0.3055616319179535,-0.7870660076342392,control_pose,robot_origin,robot_origin
96.67260561500007,2026-09-13T11:47:04.742511+00:00,1789300024.6582599,0.08425116539001465,2.213839727334818,-0.8920130719599473,0.3055541681411935,-0.7870969797576324,control_pose,robot_origin,robot_origin
96.70075808000001,2026-09-13T11:47:04.770655+00:00,1789300024.725209,0.045445919036865234,2.213693114021608,-0.8918715493258975,0.3055865466594696,-0.7869543900591071,control_pose,robot_origin,robot_origin
96.73584874500011,2026-09-13T11:47:04.805756+00:00,1789300024.712591,0.09316515922546387,2.2136884551423868,-0.8918761582402462,0.30558307257758616,-0.7869767890185227,control_pose,robot_origin,robot_origin
96.76101091800047,2026-09-13T11:47:04.830914+00:00,1789300024.7783282,0.05258584022521973,2.2139312412855165,-0.8920408912279483,0.30560439825057983,-0.7868555305400945,control_pose,robot_origin,robot_origin
96.79133104199991,2026-09-13T11:47:04.861232+00:00,1789300024.7821412,0.07909083366394043,2.2139460868921073,-0.8920379588076495,0.30560525545996314,-0.7868613333599339,control_pose,robot_origin,robot_origin
96.83007183900008,2026-09-13T11:47:04.899979+00:00,1789300024.8585658,0.041413307189941406,2.214201502065148,-0.8921753170465125,0.3056202232837677,-0.7869704614350517,control_pose,robot_origin,robot_origin
96.86221733300044,2026-09-13T11:47:04.932120+00:00,1789300024.8486323,0.08348774909973145,2.2141713096320257,-0.8921604376397857,0.3056184121222226,-0.7869806781531362,control_pose,robot_origin,robot_origin
96.86938738400022,2026-09-13T11:47:04.939298+00:00,1789300024.914986,0.02431201934814453,2.21430835261621,-0.8922666670103291,0.30562564730644226,-0.7866660866254781,control_pose,robot_origin,robot_origin
96.91030748899993,2026-09-13T11:47:04.980215+00:00,1789300024.971534,0.008681058883666992,2.213811483546866,-0.8932576402026275,0.3060663044452667,-0.7943555486932458,control_pose,robot_origin,robot_origin
96.95006363199991,2026-09-13T11:47:05.019968+00:00,1789300024.9232664,0.09670162200927734,2.2142263664734587,-0.8926435609839949,0.3056676249418222,-0.7866503392735658,control_pose,robot_origin,robot_origin
96.97941334000006,2026-09-13T11:47:05.049304+00:00,1789300025.0238483,0.025455713272094727,2.214727935842813,-0.8945735442477691,0.3072395622730255,-0.8210267850421424,control_pose,robot_origin,robot_origin
97.01394928799982,2026-09-13T11:47:05.083846+00:00,1789300024.994428,0.08941817283630371,2.2142265600495907,-0.8942336769448933,0.30659427896484187,-0.8103669880439774,control_pose,robot_origin,robot_origin
97.04854869599967,2026-09-13T11:47:05.118213+00:00,1789300025.075202,0.04301095008850098,2.2156165039143416,-0.8952515190828507,0.30847176909446716,-0.8385036307124115,control_pose,robot_origin,robot_origin
97.07091444199978,2026-09-13T11:47:05.140767+00:00,1789300025.0631888,0.07757830619812012,2.2154096752815824,-0.8950839756341769,0.3081947657353908,-0.8345509712831244,control_pose,robot_origin,robot_origin
97.10476712499985,2026-09-13T11:47:05.174679+00:00,1789300025.1282384,0.04644060134887695,2.216820853560892,-0.8962670191298222,0.30905288457870483,-0.8566197335416302,control_pose,robot_origin,robot_origin
97.1255412090004,2026-09-13T11:47:05.195419+00:00,1789300025.1786065,0.016812562942504883,2.2177899359673865,-0.8968723271730059,0.31009453535079956,-0.8713173771889623,control_pose,robot_origin,robot_origin
97.13585515900013,2026-09-13T11:47:05.205761+00:00,1789300025.1317518,0.07400918006896973,2.216872147478775,-0.8963300319970435,0.3090887750394307,-0.8574608752296394,control_pose,robot_origin,robot_origin
97.1684118410003,2026-09-13T11:47:05.238318+00:00,1789300025.2298748,0.008443117141723633,2.2189532240812193,-0.8974048110696586,0.31096768379211426,-0.8888221126713743,control_pose,robot_origin,robot_origin
97.20914982500017,2026-09-13T11:47:05.278990+00:00,1789300025.2088418,0.07014822959899902,2.2185358727889555,-0.8971979272680215,0.3107015390083261,-0.8815702742782981,control_pose,robot_origin,robot_origin
97.22754340699976,2026-09-13T11:47:05.297448+00:00,1789300025.2819874,0.015460491180419922,2.2199462726741785,-0.8976239618438369,0.31164294481277466,-0.9050428994124456,control_pose,robot_origin,robot_origin
97.28043600700039,2026-09-13T11:47:05.350341+00:00,1789300025.269849,0.08049201965332031,2.2197652800740473,-0.8975950771915455,0.31148961889838833,-0.9013868992343448,control_pose,robot_origin,robot_origin
97.33460822300003,2026-09-13T11:47:05.404511+00:00,1789300025.36211,0.04240107536315918,2.2202548751142666,-0.8976935911780304,0.3124304711818695,-0.9304143586770293,control_pose,robot_origin,robot_origin
97.35314162000032,2026-09-13T11:47:05.423043+00:00,1789300025.3401775,0.08286547660827637,2.220215245667146,-0.8977302447196389,0.31225043606986924,-0.9233926986668157,control_pose,robot_origin,robot_origin
97.38651111099989,2026-09-13T11:47:05.456418+00:00,1789300025.421694,0.03472399711608887,2.2195629652497937,-0.8967393016685681,0.31300684809684753,-0.9527829573123442,control_pose,robot_origin,robot_origin
97.42314101900047,2026-09-13T11:47:05.493046+00:00,1789300025.4130332,0.08001279830932617,2.219692612171032,-0.8969455775903934,0.31293367651780285,-0.9492858664333519,control_pose,robot_origin,robot_origin
97.46907148300033,2026-09-13T11:47:05.538956+00:00,1789300025.5015678,0.03738808631896973,2.2190566444131883,-0.8950836970077263,0.3136102855205536,-0.9880110257095385,control_pose,robot_origin,robot_origin
97.49697251100042,2026-09-13T11:47:05.566841+00:00,1789300025.4798708,0.08697009086608887,2.2190543589164933,-0.8954126721960811,0.3134382725350816,-0.9783320372877133,control_pose,robot_origin,robot_origin
97.52667164400009,2026-09-13T11:47:05.596572+00:00,1789300025.55489,0.04168200492858887,2.2185112789728185,-0.8940140040183715,0.31385859847068787,-1.0115009987361978,control_pose,robot_origin,robot_origin
97.55165918399962,2026-09-13T11:47:05.621541+00:00,1789300025.5517955,0.06974554061889648,2.218542930394104,-0.8940760858830192,0.31384418711049955,-1.010137704176947,control_pose,robot_origin,robot_origin
97.57353316199988,2026-09-13T11:47:05.643441+00:00,1789300025.6083133,0.03512763977050781,2.2177639130389393,-0.8932528670616703,0.3139589726924896,-1.032134606414204,control_pose,robot_origin,robot_origin
97.59904549699968,2026-09-13T11:47:05.668951+00:00,1789300025.6618292,0.0071218013763427734,2.217632328386776,-0.8925723550825015,0.3142329752445221,-1.0529461435929637,control_pose,robot_origin,robot_origin
97.63418768300016,2026-09-13T11:47:05.704089+00:00,1789300025.6227643,0.08132457733154297,2.2179023417910075,-0.8930600923277624,0.31401779930057083,-1.037229755387882,control_pose,robot_origin,robot_origin
97.6979827109999,2026-09-13T11:47:05.767884+00:00,1789300025.7297108,0.03817319869995117,2.2176474731384106,-0.8923619165143679,0.3131745159626007,-1.077845798307171,control_pose,robot_origin,robot_origin
97.71162841000023,2026-09-13T11:47:05.781531+00:00,1789300025.6908507,0.09068036079406738,2.217638803237478,-0.8924823860725449,0.31378045109688946,-1.0635904137204943,control_pose,robot_origin,robot_origin
97.74957931100016,2026-09-13T11:47:05.819482+00:00,1789300025.7816656,0.037816524505615234,2.218215032991796,-0.8922712383182742,0.3133048415184021,-1.0991527120708915,control_pose,robot_origin,robot_origin
97.77390595500037,2026-09-13T11:47:05.842996+00:00,1789300025.7669437,0.07605218887329102,2.218011318554902,-0.8922621080314952,0.3132951408535228,-1.0930903314298586,control_pose,robot_origin,robot_origin
97.80548111700045,2026-09-13T11:47:05.875386+00:00,1789300025.8366237,0.03876233100891113,2.21940137212482,-0.8928678890004389,0.3135111331939697,-1.1218362256654546,control_pose,robot_origin,robot_origin
97.83237972700044,2026-09-13T11:47:05.902281+00:00,1789300025.8318305,0.0704505443572998,2.2192175349921732,-0.8928334218590368,0.3134946810681057,-1.1196867550459084,control_pose,robot_origin,robot_origin
97.85155955600021,2026-09-13T11:47:05.921466+00:00,1789300025.8915212,0.029944896697998047,2.2201211474070317,-0.8938817145664821,0.31329214572906494,-1.1436348126714744,control_pose,robot_origin,robot_origin
97.88151134199961,2026-09-13T11:47:05.951415+00:00,1789300025.9415398,0.009875297546386719,2.221239867124238,-0.8950478751249242,0.3134019374847412,-1.16287371270194,control_pose,robot_origin,robot_origin
97.90831346800042,2026-09-13T11:47:05.978221+00:00,1789300025.9004555,0.07776546478271484,2.22042141368618,-0.8941038180837081,0.3133386611175991,-1.1469464019755675,control_pose,robot_origin,robot_origin
97.93765786299991,2026-09-13T11:47:06.007561+00:00,1789300025.9926689,0.014892101287841797,2.2214775690484667,-0.896124223687723,0.3132529556751251,-1.184445406135412,control_pose,robot_origin,robot_origin
97.9871774330004,2026-09-13T11:47:06.057077+00:00,1789300025.968646,0.08843088150024414,2.2213008695969862,-0.8955700342235121,0.3132942744646538,-1.1746242657780197,control_pose,robot_origin,robot_origin
98.01184911699966,2026-09-13T11:47:06.081757+00:00,1789300026.0485754,0.03318166732788086,2.2205800165234346,-0.8970690025609562,0.31333157420158386,-1.2060258079312085,control_pose,robot_origin,robot_origin
98.05054511100025,2026-09-13T11:47:06.120448+00:00,1789300026.0419586,0.07848954200744629,2.2207330669894643,-0.8969814072881181,0.31332603754914984,-1.2034554345419197,control_pose,robot_origin,robot_origin
98.08436543900007,2026-09-13T11:47:06.154267+00:00,1789300026.1150599,0.03920722007751465,2.218683587349639,-0.8983669941466741,0.3120052218437195,-1.2362718485401596,control_pose,robot_origin,robot_origin
98.11764887800018,2026-09-13T11:47:06.187157+00:00,1789300026.1095548,0.07760214805603027,2.218773971436455,-0.8982439400915812,0.3121252438326324,-1.2336206023908893,control_pose,robot_origin,robot_origin
98.13818330100003,2026-09-13T11:47:06.208085+00:00,1789300026.1715035,0.03658151626586914,2.2175324336946125,-0.8998733301318032,0.31082114577293396,-1.267597863807016,control_pose,robot_origin,robot_origin
98.20404959900043,2026-09-13T11:47:06.273953+00:00,1789300026.1886542,0.08529877662658691,2.2168055363874606,-0.8997027355552167,0.3102446283968408,-1.276763294751011,control_pose,robot_origin,robot_origin
98.23920858600013,2026-09-13T11:47:06.309113+00:00,1789300026.2447932,0.06431984901428223,2.2160580920525974,-0.900332688454382,0.3092116117477417,-1.301566654315832,control_pose,robot_origin,robot_origin
98.26407781600028,2026-09-13T11:47:06.333984+00:00,1789300026.2949855,0.03899836540222168,2.2169702337379804,-0.9007695720275415,0.3081514835357666,-1.3231706218012087,control_pose,robot_origin,robot_origin
98.2763189010002,2026-09-13T11:47:06.346220+00:00,1789300026.2497025,0.09651756286621094,2.2160629159608733,-0.9004006174897197,0.30914043266166713,-1.3032012570628342,control_pose,robot_origin,robot_origin
98.31790041400018,2026-09-13T11:47:06.387800+00:00,1789300026.3493757,0.03842425346374512,2.2191288917017515,-0.900554770283961,0.3085872232913971,-1.3215363417918633,control_pose,robot_origin,robot_origin
98.34539140499965,2026-09-13T11:47:06.415298+00:00,1789300026.3231723,0.09212565422058105,2.2183603379806884,-0.9010637297216875,0.30840523855745405,-1.3242900237655815,control_pose,robot_origin,robot_origin
98.38886446800007,2026-09-13T11:47:06.458767+00:00,1789300026.4017997,0.05696725845336914,2.220552074919987,-0.8994888187153767,0.3085854649543762,-1.3076349306803268,control_pose,robot_origin,robot_origin
98.4071425559996,2026-09-13T11:47:06.477041+00:00,1789300026.3919542,0.08508682250976562,2.2202847912451205,-0.8996890118098639,0.30858579518225876,-1.310245653184786,control_pose,robot_origin,robot_origin
98.43959721699957,2026-09-13T11:47:06.509502+00:00,1789300026.4614978,0.048004150390625,2.221490521545416,-0.8985565797401927,0.30902746319770813,-1.298286334731848,control_pose,robot_origin,robot_origin
98.48516571100026,2026-09-13T11:47:06.555070+00:00,1789300026.475351,0.07971882820129395,2.2216607687195697,-0.8983703215535819,0.3091122665038207,-1.296913993588405,control_pose,robot_origin,robot_origin
98.50804860199969,2026-09-13T11:47:06.577960+00:00,1789300026.5392754,0.03868460655212402,2.2223997387576504,-0.8974108787360198,0.30960288643836975,-1.2900085489446742,control_pose,robot_origin,robot_origin
98.54848477799987,2026-09-13T11:47:06.618390+00:00,1789300026.541303,0.0770871639251709,2.2224258571476145,-0.8973657633238921,0.3096209763277852,-1.2897213792063196,control_pose,robot_origin,robot_origin
98.57388811500005,2026-09-13T11:47:06.643798+00:00,1789300026.6047506,0.0390474796295166,2.2227585603807856,-0.896630364471399,0.3098549544811249,-1.2843763661277894,control_pose,robot_origin,robot_origin
98.59849720399961,2026-09-13T11:47:06.668405+00:00,1789300026.6590142,0.009390830993652344,2.2231051417488383,-0.8962728717754376,0.30999279022216797,-1.2807292549671065,control_pose,robot_origin,robot_origin
98.63133828399987,2026-09-13T11:47:06.701246+00:00,1789300026.6110802,0.09016585350036621,2.222791470787267,-0.8965574423602214,0.3098662169389381,-1.2838648217172648,control_pose,robot_origin,robot_origin
98.6844783839997,2026-09-13T11:47:06.754383+00:00,1789300026.7201486,0.03423452377319336,2.2234468043623132,-0.8959552417975412,0.31026530265808105,-1.2768956240902072,control_pose,robot_origin,robot_origin
98.69908115500039,2026-09-13T11:47:06.768986+00:00,1789300026.6749425,0.09404349327087402,2.2232109567885145,-0.8961956014368289,0.31007598027894223,-1.2796581738043649,control_pose,robot_origin,robot_origin
98.73910290999993,2026-09-13T11:47:06.809006+00:00,1789300026.7718275,0.03717851638793945,2.2238731228478206,-0.8956404105353121,0.3103790581226349,-1.2731166067542012,control_pose,robot_origin,robot_origin
98.77318245100014,2026-09-13T11:47:06.843085+00:00,1789300026.7435508,0.09953427314758301,2.223661606473574,-0.8957626701463597,0.31032870322266726,-1.274882737070637,control_pose,robot_origin,robot_origin
98.7907111579998,2026-09-13T11:47:06.860618+00:00,1789300026.824734,0.03588414192199707,2.224276640801503,-0.8953740283989351,0.3105577826499939,-1.2702206865165733,control_pose,robot_origin,robot_origin
98.82120940300047,2026-09-13T11:47:06.891117+00:00,1789300026.8114922,0.07962489128112793,2.2241688973559435,-0.8954412421997102,0.3105121493544088,-1.2709168017258707,control_pose,robot_origin,robot_origin
98.84271622699998,2026-09-13T11:47:06.912597+00:00,1789300026.878113,0.034483909606933594,2.2246739357097023,-0.8951613497338309,0.310565322637558,-1.2674124946615604,control_pose,robot_origin,robot_origin
98.90642238500004,2026-09-13T11:47:06.976323+00:00,1789300026.8816218,0.09470105171203613,2.2246974458788555,-0.8951405962558826,0.31056189601385475,-1.2672129640919116,control_pose,robot_origin,robot_origin
98.9310012650003,2026-09-13T11:47:07.000908+00:00,1789300026.9515405,0.049367427825927734,2.225228183703232,-0.8948475016143883,0.3104226589202881,-1.2633863237729561,control_pose,robot_origin,robot_origin
98.96357846000046,2026-09-13T11:47:07.033479+00:00,1789300026.9526165,0.08086252212524414,2.225235760876251,-0.89484603106515,0.31042206528061356,-1.2633360580397015,control_pose,robot_origin,robot_origin
98.99417581299986,2026-09-13T11:47:07.064000+00:00,1789300027.0214763,0.04252362251281738,2.2257461849566145,-0.8945069677286968,0.31041422486305237,-1.2595439233102104,control_pose,robot_origin,robot_origin
99.0418544590002,2026-09-13T11:47:07.111758+00:00,1789300027.0195386,0.09221935272216797,2.225731770182241,-0.8945151368815163,0.31041452626569205,-1.2596394055395856,control_pose,robot_origin,robot_origin
99.06515317899994,2026-09-13T11:47:07.135062+00:00,1789300027.0880742,0.04698777198791504,2.2262925788920658,-0.8942623004706713,0.3103622496128082,-1.2560149817623893,control_pose,robot_origin,robot_origin
99.10065285400015,2026-09-13T11:47:07.170557+00:00,1789300027.0899053,0.08065176010131836,2.226314166082898,-0.8942600941184033,0.3103598752497593,-1.2559128564144373,control_pose,robot_origin,robot_origin
99.12681926799996,2026-09-13T11:47:07.196723+00:00,1789300027.158077,0.03864598274230957,2.2268367611955053,-0.8940439352246651,0.31030043959617615,-1.252591488548153,control_pose,robot_origin,robot_origin
99.17506501400021,2026-09-13T11:47:07.244950+00:00,1789300027.161076,0.08387398719787598,2.2268603955723982,-0.8940337407301842,0.3102976445118496,-1.2524643704927563,control_pose,robot_origin,robot_origin
99.2205520309999,2026-09-13T11:47:07.290449+00:00,1789300027.245191,0.0452578067779541,2.227386826219913,-0.8938009733174417,0.3102109134197235,-1.2484875289428612,control_pose,robot_origin,robot_origin
99.25757946199974,2026-09-13T11:47:07.327487+00:00,1789300027.2341058,0.09338116645812988,2.227325446439133,-0.8938250773740389,0.31022568910796244,-1.2489781611126713,control_pose,robot_origin,robot_origin
99.29144715199982,2026-09-13T11:47:07.361348+00:00,1789300027.3148432,0.04650473594665527,2.227584116963385,-0.8936597181304171,0.31013256311416626,-1.2464571965966142,control_pose,robot_origin,robot_origin
99.3296589620004,2026-09-13T11:47:07.399566+00:00,1789300027.3025281,0.09703779220581055,2.2275551012288988,-0.8936795692786099,0.3101461420094177,-1.246779381180072,control_pose,robot_origin,robot_origin
99.36273429300036,2026-09-13T11:47:07.432640+00:00,1789300027.3947256,0.03791451454162598,2.227602131409305,-0.8936297633913255,0.3101040720939636,-1.2441763349345647,control_pose,robot_origin,robot_origin
99.38815052599966,2026-09-13T11:47:07.458035+00:00,1789300027.368912,0.08912301063537598,2.227604785332081,-0.8936398297094017,0.3101076561662905,-1.2449218146547996,control_pose,robot_origin,robot_origin
99.42422907800028,2026-09-13T11:47:07.494128+00:00,1789300027.4483187,0.045809268951416016,2.22758030560914,-0.8935923415931974,0.31009528040885925,-1.2433273974776755,control_pose,robot_origin,robot_origin
99.45271192699965,2026-09-13T11:47:07.522222+00:00,1789300027.441333,0.08088898658752441,2.2275698316239536,-0.8935915123865064,0.31009919158754967,-1.2434107996930872,control_pose,robot_origin,robot_origin
99.47361334400011,2026-09-13T11:47:07.543484+00:00,1789300027.5013654,0.04211854934692383,2.227684367751776,-0.8936002299955159,0.31006908416748047,-1.2419272689454925,control_pose,robot_origin,robot_origin
99.49470507499973,2026-09-13T11:47:07.564609+00:00,1789300027.5553155,0.009293556213378906,2.22781125873888,-0.8935735329298118,0.3100658357143402,-1.2404189588807089,control_pose,robot_origin,robot_origin
99.51671912399979,2026-09-13T11:47:07.586623+00:00,1789300027.512422,0.07420086860656738,2.2276911199745744,-0.8935845723745127,0.3100676352507534,-1.2416421304763812,control_pose,robot_origin,robot_origin
99.55327485100042,2026-09-13T11:47:07.623180+00:00,1789300027.6080174,0.015162467956542969,2.227949591474723,-0.8935077890849819,0.31010738015174866,-1.2393521992261982,control_pose,robot_origin,robot_origin
99.59617287699984,2026-09-13T11:47:07.666075+00:00,1789300027.581577,0.08449792861938477,2.227903570451917,-0.8935739090104988,0.310075593540336,-1.239792605847839,control_pose,robot_origin,robot_origin
99.6300265509999,2026-09-13T11:47:07.699942+00:00,1789300027.658173,0.04176902770996094,2.228061181195456,-0.8935145058650671,0.31014853715896606,-1.2382607502660194,control_pose,robot_origin,robot_origin
99.66636946800008,2026-09-13T11:47:07.736270+00:00,1789300027.6488845,0.08738541603088379,2.228040604210158,-0.8935136607591524,0.3101413985527908,-1.2384783700597464,control_pose,robot_origin,robot_origin
99.70237396799985,2026-09-13T11:47:07.772283+00:00,1789300027.721349,0.0509340763092041,2.2281781023866007,-0.8934585887641231,0.31024834513664246,-1.2368325255187478,control_pose,robot_origin,robot_origin
99.74416160199962,2026-09-13T11:47:07.814030+00:00,1789300027.7242079,0.08982205390930176,2.22818441366549,-0.8934582318355261,0.31025432816061305,-1.236745758904285,control_pose,robot_origin,robot_origin
99.77578002999962,2026-09-13T11:47:07.845685+00:00,1789300027.8017113,0.043973684310913086,2.228394111587672,-0.8932948130670494,0.3104260265827179,-1.2338613623858432,control_pose,robot_origin,robot_origin
99.81001881100019,2026-09-13T11:47:07.879917+00:00,1789300027.798245,0.08167195320129395,2.228385183306277,-0.893304478699668,0.31041819345787824,-1.2339991077940335,control_pose,robot_origin,robot_origin
99.83741021300011,2026-09-13T11:47:07.907318+00:00,1789300027.8547032,0.05261492729187012,2.2285679537385756,-0.893154711789336,0.3105095624923706,-1.2318818459877898,control_pose,robot_origin,robot_origin
99.87880694799969,2026-09-13T11:47:07.948711+00:00,1789300027.8621442,0.08656668663024902,2.22857083301208,-0.8931362650332519,0.3105189023910604,-1.2316974304591093,control_pose,robot_origin,robot_origin
99.89532530100041,2026-09-13T11:47:07.965223+00:00,1789300027.9147031,0.05051994323730469,2.2287115762710696,-0.8931063131810137,0.31059977412223816,-1.2304532711106897,control_pose,robot_origin,robot_origin
99.90773125800024,2026-09-13T11:47:07.977632+00:00,1789300027.9681857,0.009446382522583008,2.228785058327558,-0.8931127162186596,0.31066808104515076,-1.2291615467733583,control_pose,robot_origin,robot_origin
99.95432709800025,2026-09-13T11:47:08.024240+00:00,1789300027.92905,0.09519004821777344,2.228713775368091,-0.8930888972522368,0.3106189386382933,-1.230087922402893,control_pose,robot_origin,robot_origin
99.98573770700023,2026-09-13T11:47:08.055642+00:00,1789300028.0183167,0.037325143814086914,2.228802279306519,-0.8930867361692711,0.31068384647369385,-1.2279298203758378,control_pose,robot_origin,robot_origin
100.02662049599985,2026-09-13T11:47:08.096526+00:00,1789300028.0033689,0.09315705299377441,2.2288230350628484,-0.8931119519595889,0.31068381936095907,-1.2281987768548164,control_pose,robot_origin,robot_origin
100.03989100800027,2026-09-13T11:47:08.109797+00:00,1789300028.0712414,0.03855562210083008,2.22881671019726,-0.893103961258328,0.3106735646724701,-1.2270837921710165,control_pose,robot_origin,robot_origin
100.0620674009997,2026-09-13T11:47:08.131985+00:00,1789300028.1213338,0.010651111602783203,2.228901200328919,-0.8931008919374572,0.3106335401535034,-1.2260607206518146,control_pose,robot_origin,robot_origin
100.09286137100025,2026-09-13T11:47:08.162769+00:00,1789300028.078448,0.0843210220336914,2.22882595766681,-0.8931048176871008,0.31067129801157173,-1.2270014014321475,control_pose,robot_origin,robot_origin
100.14366618700024,2026-09-13T11:47:08.213573+00:00,1789300028.1766703,0.036902666091918945,2.229009139867657,-0.8929675706055111,0.31060487031936646,-1.2250303167436192,control_pose,robot_origin,robot_origin
100.14583183000013,2026-09-13T11:47:08.215742+00:00,1789300028.139844,0.0758981704711914,2.228946482199461,-0.8930620945542975,0.31061896460042976,-1.2256417956961443,control_pose,robot_origin,robot_origin
100.18058381999981,2026-09-13T11:47:08.250487+00:00,1789300028.2281945,0.022292613983154297,2.2291442136068023,-0.8929412914473416,0.3105720579624176,-1.2243321098335824,control_pose,robot_origin,robot_origin
100.21377650100021,2026-09-13T11:47:08.283676+00:00,1789300028.2084546,0.07522130012512207,2.2290863585971437,-0.8929387458754277,0.31058544292510704,-1.2246540935297419,control_pose,robot_origin,robot_origin
100.23745143100041,2026-09-13T11:47:08.307354+00:00,1789300028.281518,0.02583599090576172,2.2291525702686363,-0.8928391462051248,0.3105632960796356,-1.223513217173849,control_pose,robot_origin,robot_origin
100.28075392400024,2026-09-13T11:47:08.350630+00:00,1789300028.2781763,0.07245373725891113,2.2291496766831136,-0.8928442141658142,0.31056306539768896,-1.2235572116105025,control_pose,robot_origin,robot_origin
100.29417045900027,2026-09-13T11:47:08.364057+00:00,1789300028.3362243,0.027832746505737305,2.2291989082247317,-0.8928420754516426,0.31056368350982666,-1.2232960752582192,control_pose,robot_origin,robot_origin
100.34376420700028,2026-09-13T11:47:08.413666+00:00,1789300028.3488538,0.06481218338012695,2.229213397959552,-0.8928442601625433,0.31056254658640947,-1.2231988529309559,control_pose,robot_origin,robot_origin
100.36432883999987,2026-09-13T11:47:08.434230+00:00,1789300028.3879507,0.0462794303894043,2.2292499209884356,-0.8928422910859697,0.31055566668510437,-1.2226632217022197,control_pose,robot_origin,robot_origin
100.38008731500031,2026-09-13T11:47:08.449990+00:00,1789300028.4414299,0.0085601806640625,2.2292937158317727,-0.8928597862714305,0.3105478882789612,-1.2220700298763567,control_pose,robot_origin,robot_origin
100.41980559799958,2026-09-13T11:47:08.489708+00:00,1789300028.4231172,0.06659078598022461,2.229274265346146,-0.892845399964014,0.3105489645861203,-1.2222405347133354,control_pose,robot_origin,robot_origin
100.44229599000028,2026-09-13T11:47:08.512154+00:00,1789300028.4948118,0.017342329025268555,2.229324428153951,-0.8928386876038883,0.3105555474758148,-1.221833987765715,control_pose,robot_origin,robot_origin
100.49001751800006,2026-09-13T11:47:08.559920+00:00,1789300028.491431,0.06848907470703125,2.2293223952676624,-0.8928393817080715,0.31055490328450414,-1.221858414369097,control_pose,robot_origin,robot_origin
100.51699219500006,2026-09-13T11:47:08.586897+00:00,1789300028.5479996,0.03889727592468262,2.229313658401409,-0.8927952067446976,0.3105606734752655,-1.221255172582664,control_pose,robot_origin,robot_origin
100.55759020200003,2026-09-13T11:47:08.627441+00:00,1789300028.565163,0.062278032302856445,2.2294072791159505,-0.8925468378968747,0.31061075829028106,-1.2211368969604324,control_pose,robot_origin,robot_origin
100.57391990500037,2026-09-13T11:47:08.643825+00:00,1789300028.6017318,0.04209327697753906,2.2292420997338858,-0.8939233560407478,0.31129688024520874,-1.234525819326597,control_pose,robot_origin,robot_origin
100.59034270099983,2026-09-13T11:47:08.660245+00:00,1789300028.654596,0.00564885139465332,2.2298929458130416,-0.8947167668038462,0.31171369552612305,-1.2562013667603051,control_pose,robot_origin,robot_origin
100.63756983599978,2026-09-13T11:47:08.707470+00:00,1789300028.6299076,0.07756233215332031,2.229495107110021,-0.8944713592342282,0.3115691037449019,-1.2471626300032173,control_pose,robot_origin,robot_origin
100.66708019100042,2026-09-13T11:47:08.736979+00:00,1789300028.7045984,0.03238058090209961,2.2307624137597912,-0.8952645047703104,0.3123498857021332,-1.2716260083136057,control_pose,robot_origin,robot_origin
100.7062641120001,2026-09-13T11:47:08.776168+00:00,1789300028.707873,0.06829500198364258,2.23084975145338,-0.8952572170297313,0.3123817211415152,-1.2724591705155766,control_pose,robot_origin,robot_origin
100.75596138499986,2026-09-13T11:47:08.825866+00:00,1789300028.7646532,0.061212778091430664,2.2323771585110808,-0.8954329593232415,0.31292790174484253,-1.290056801551387,control_pose,robot_origin,robot_origin
100.76628928799983,2026-09-13T11:47:08.836193+00:00,1789300028.8180559,0.018137216567993164,2.2334890595875567,-0.8953733917102846,0.3137111961841583,-1.30652496394808,control_pose,robot_origin,robot_origin
100.78451879699969,2026-09-13T11:47:08.854422+00:00,1789300028.7751505,0.07927155494689941,2.23262879689874,-0.8953700637165449,0.3130658640951627,-1.293495854082393,control_pose,robot_origin,robot_origin
100.82728334300009,2026-09-13T11:47:08.897181+00:00,1789300028.878141,0.01904010772705078,2.2341234230955225,-0.8951800798946212,0.31426429748535156,-1.322082172742331,control_pose,robot_origin,robot_origin
100.85687568600042,2026-09-13T11:47:08.926775+00:00,1789300028.8433201,0.08345484733581543,2.233879751224027,-0.8953644535703307,0.3140210586708667,-1.3138321689150947,control_pose,robot_origin,robot_origin
100.89304060999984,2026-09-13T11:47:08.962943+00:00,1789300028.9282029,0.03474020957946777,2.2338554199237737,-0.8937689801242531,0.31469419598579407,-1.3408922106251826,control_pose,robot_origin,robot_origin
100.9264298449998,2026-09-13T11:47:08.996332+00:00,1789300028.9102552,0.08607673645019531,2.234048185737989,-0.8943192815842622,0.3145634933654984,-1.3350200566692159,control_pose,robot_origin,robot_origin
100.96761501600031,2026-09-13T11:47:09.037520+00:00,1789300029.000724,0.036795854568481445,2.2337337885521067,-0.8917574122107995,0.31502318382263184,-1.3743793082237223,control_pose,robot_origin,robot_origin
101.00395575699986,2026-09-13T11:47:09.073855+00:00,1789300028.9885178,0.08533716201782227,2.2336864736727993,-0.8919537498745402,0.3149342835793431,-1.3687494183236986,control_pose,robot_origin,robot_origin
101.01604870600022,2026-09-13T11:47:09.085956+00:00,1789300029.051278,0.034677982330322266,2.2338392788248655,-0.8901286391682967,0.31508687138557434,-1.3977277001000685,control_pose,robot_origin,robot_origin
101.03761095600021,2026-09-13T11:47:09.107515+00:00,1789300029.101453,0.006062030792236328,2.2335816470420786,-0.8901379888850569,0.31426766514778137,-1.4001724967850178,control_pose,robot_origin,robot_origin
101.07184874399991,2026-09-13T11:47:09.141753+00:00,1789300029.0631514,0.07860159873962402,2.2339734737317256,-0.8897868007890576,0.31488668727540614,-1.4002722437806967,control_pose,robot_origin,robot_origin
101.10394485899997,2026-09-13T11:47:09.173850+00:00,1789300029.1546674,0.019182682037353516,2.233768054236098,-0.8890422485837685,0.31464844942092896,-1.390213058366408,control_pose,robot_origin,robot_origin
101.13805438500003,2026-09-13T11:47:09.207962+00:00,1789300029.1265771,0.08138489723205566,2.2337589420858195,-0.8895863397784047,0.3141801974716886,-1.3964795686046565,control_pose,robot_origin,robot_origin
101.17222138499983,2026-09-13T11:47:09.242127+00:00,1789300029.2079232,0.03420376777648926,2.2343538420959126,-0.888536308471822,0.31330740451812744,-1.383223614283642,control_pose,robot_origin,robot_origin
101.19547152700034,2026-09-13T11:47:09.265369+00:00,1789300029.1922963,0.07307267189025879,2.2340671562616388,-0.8886192811830291,0.3136948923065151,-1.3849198513841552,control_pose,robot_origin,robot_origin
101.23303786300039,2026-09-13T11:47:09.302945+00:00,1789300029.2652843,0.03766059875488281,2.2356373027502014,-0.8887548415595637,0.3124855160713196,-1.3754591545876715,control_pose,robot_origin,robot_origin
101.27949984000043,2026-09-13T11:47:09.349407+00:00,1789300029.2665794,0.08282756805419922,2.2356667906396868,-0.888767297622455,0.31248424523035595,-1.3752890860386002,control_pose,robot_origin,robot_origin
101.30586741499974,2026-09-13T11:47:09.375778+00:00,1789300029.3413377,0.03444027900695801,2.237186427786199,-0.8895936149499863,0.31251007318496704,-1.3667257524321745,control_pose,robot_origin,robot_origin
101.34754099499969,2026-09-13T11:47:09.417457+00:00,1789300029.337144,0.08031320571899414,2.237114645185805,-0.889552241118215,0.3125086690731784,-1.3671696164330418,control_pose,robot_origin,robot_origin
101.36610312799985,2026-09-13T11:47:09.436006+00:00,1789300029.401543,0.03446316719055176,2.2377387758406453,-0.8901162165966116,0.3125079572200775,-1.3610770382481345,control_pose,robot_origin,robot_origin
101.39462021800045,2026-09-13T11:47:09.464518+00:00,1789300029.4546852,0.00983285903930664,2.2379232355679246,-0.8904460033805222,0.31246235966682434,-1.3569089807047363,control_pose,robot_origin,robot_origin
101.43061994900017,2026-09-13T11:47:09.500526+00:00,1789300029.406363,0.0941629409790039,2.237766304291848,-0.8901578157662398,0.3125064967606905,-1.3606991381833162,control_pose,robot_origin,robot_origin
101.46919801599961,2026-09-13T11:47:09.539096+00:00,1789300029.5051785,0.03391766548156738,2.238174753712796,-0.8906663999617455,0.31238657236099243,-1.3532455709176954,control_pose,robot_origin,robot_origin
101.49523027899977,2026-09-13T11:47:09.565138+00:00,1789300029.4768205,0.0883176326751709,2.2380076347190325,-0.8905370825416742,0.3124308958936765,-1.3553754520498003,control_pose,robot_origin,robot_origin
101.52935247700043,2026-09-13T11:47:09.599256+00:00,1789300029.5678976,0.03135848045349121,2.2387825718213445,-0.8908380650798162,0.31229934096336365,-1.3489445939931668,control_pose,robot_origin,robot_origin
101.56446051700004,2026-09-13T11:47:09.634369+00:00,1789300029.5434892,0.09087967872619629,2.238546026200152,-0.8907712578698632,0.31233328895676726,-1.3506183744205738,control_pose,robot_origin,robot_origin
101.60281662000034,2026-09-13T11:47:09.672725+00:00,1789300029.6183329,0.054392099380493164,2.2393419016753575,-0.890942673485476,0.3122228980064392,-1.3460538695339928,control_pose,robot_origin,robot_origin
101.620552761,2026-09-13T11:47:09.690454+00:00,1789300029.6120338,0.07842016220092773,2.239270964431666,-0.8909286177124265,0.3122324479961559,-1.3464185363712928,control_pose,robot_origin,robot_origin
101.66270982100013,2026-09-13T11:47:09.732614+00:00,1789300029.6714387,0.06117534637451172,2.239850461223776,-0.8910714269495408,0.3121626079082489,-1.3433805495790834,control_pose,robot_origin,robot_origin
101.70444506799959,2026-09-13T11:47:09.774354+00:00,1789300029.6850536,0.08930039405822754,2.2399808447517446,-0.8911145034603509,0.31214362536789064,-1.3425314111328512,control_pose,robot_origin,robot_origin
101.74145598500036,2026-09-13T11:47:09.811362+00:00,1789300029.7617054,0.04965662956237793,2.2403342257823167,-0.8912939384927512,0.3120402991771698,-1.3397870269796428,control_pose,robot_origin,robot_origin
101.76369887599958,2026-09-13T11:47:09.833606+00:00,1789300029.7497044,0.08390164375305176,2.240283414876991,-0.8912561342070775,0.3120581293509002,-1.3402010555492803,control_pose,robot_origin,robot_origin
101.78965318300015,2026-09-13T11:47:09.859556+00:00,1789300029.8211186,0.0384373664855957,2.2405759430910295,-0.8914343360803074,0.3119654357433319,-1.3380248462112632,control_pose,robot_origin,robot_origin
101.81843230200047,2026-09-13T11:47:09.888335+00:00,1789300029.8714561,0.016878843307495117,2.2407837421942447,-0.891521769226859,0.31192293763160706,-1.3367362093939033,control_pose,robot_origin,robot_origin
101.84586188100002,2026-09-13T11:47:09.915764+00:00,1789300029.8227732,0.09299087524414062,2.2405793549209423,-0.891438604824027,0.31196394338318184,-1.3379931320237632,control_pose,robot_origin,robot_origin
101.90136219299984,2026-09-13T11:47:09.971266+00:00,1789300029.8901525,0.08111357688903809,2.240829384403976,-0.8915262577714969,0.3119176862667044,-1.3363411368787788,control_pose,robot_origin,robot_origin
101.93651420199967,2026-09-13T11:47:10.006413+00:00,1789300029.9543927,0.05202031135559082,2.241063288176258,-0.8916011578889977,0.31187674403190613,-1.3350984018543257,control_pose,robot_origin,robot_origin
101.96910806899996,2026-09-13T11:47:10.039012+00:00,1789300029.9627604,0.07625150680541992,2.241081157732768,-0.8916025211126155,0.3118703170354172,-1.3349578862083498,control_pose,robot_origin,robot_origin
101.98989719200017,2026-09-13T11:47:10.059395+00:00,1789300030.0078382,0.05155682563781738,2.241166281996473,-0.8916290122236021,0.3118442893028259,-1.3341272222876968,control_pose,robot_origin,robot_origin
102.01056096499997,2026-09-13T11:47:10.080468+00:00,1789300030.0614753,0.01899266242980957,2.2412181217822504,-0.8917852347405635,0.3118060827255249,-1.3332831397831824,control_pose,robot_origin,robot_origin
102.05689666299986,2026-09-13T11:47:10.126802+00:00,1789300030.0302298,0.0965721607208252,2.2411900475537334,-0.8916894620389746,0.3118324343424621,-1.3337381294330979,control_pose,robot_origin,robot_origin
102.08648238099977,2026-09-13T11:47:10.156398+00:00,1789300030.1178544,0.038543701171875,2.241138287040097,-0.8918624134118665,0.31178081035614014,-1.332504978120536,control_pose,robot_origin,robot_origin
102.11088979499982,2026-09-13T11:47:10.180794+00:00,1789300030.1033738,0.07742023468017578,2.2411424905141017,-0.891847880234282,0.31178374733012193,-1.3326886744082456,control_pose,robot_origin,robot_origin
102.13344671800041,2026-09-13T11:47:10.203342+00:00,1789300030.178373,0.024968862533569336,2.2411014791494073,-0.8919012588084538,0.3117717206478119,-1.3318918435278315,control_pose,robot_origin,robot_origin
102.18110984099985,2026-09-13T11:47:10.251016+00:00,1789300030.1831596,0.0678563117980957,2.2410795881199035,-0.8919021159065131,0.31177125665117056,-1.331700111036237,control_pose,robot_origin,robot_origin
102.207556716,2026-09-13T11:47:10.277463+00:00,1789300030.2315545,0.045908451080322266,2.241050917364939,-0.8919200967899281,0.3117671608924866,-1.3311775280716935,control_pose,robot_origin,robot_origin
102.22693754600004,2026-09-13T11:47:10.296837+00:00,1789300030.2847114,0.012125730514526367,2.2409959686075744,-0.8919621281683181,0.31175166368484497,-1.3306392407617593,control_pose,robot_origin,robot_origin
102.25438811799995,2026-09-13T11:47:10.324233+00:00,1789300030.241997,0.08223605155944824,2.241030461054204,-0.8919175787638389,0.31176551014292997,-1.3310868504349376,control_pose,robot_origin,robot_origin
102.29324562199963,2026-09-13T11:47:10.363149+00:00,1789300030.337937,0.025211811065673828,2.2409263607785337,-0.8920026918949573,0.31173571944236755,-1.3299685271576172,control_pose,robot_origin,robot_origin
102.32478446099958,2026-09-13T11:47:10.394689+00:00,1789300030.3118954,0.0827937126159668,2.2409704667829264,-0.8920107191151947,0.311741194255881,-1.330312430169913,control_pose,robot_origin,robot_origin
102.37063587900047,2026-09-13T11:47:10.440535+00:00,1789300030.391456,0.049079179763793945,2.240899067378151,-0.8920395467018809,0.31172916293144226,-1.3294451645083427,control_pose,robot_origin,robot_origin
102.40485536199958,2026-09-13T11:47:10.474758+00:00,1789300030.3813686,0.09338927268981934,2.240904211686118,-0.892032600243241,0.3117303987141193,-1.329543808341092,control_pose,robot_origin,robot_origin
102.43641877800019,2026-09-13T11:47:10.506323+00:00,1789300030.464491,0.04183220863342285,2.2409428926973383,-0.8920769840497225,0.311720073223114,-1.329299746112899,control_pose,robot_origin,robot_origin
102.46782032900046,2026-09-13T11:47:10.537723+00:00,1789300030.4524088,0.08531427383422852,2.240935642627609,-0.8920707907489693,0.31172157694334746,-1.3293238021189593,control_pose,robot_origin,robot_origin
102.49546268700033,2026-09-13T11:47:10.565366+00:00,1789300030.5212133,0.04415273666381836,2.240987802970265,-0.8920754951985308,0.31171759963035583,-1.3291304972355034,control_pose,robot_origin,robot_origin
102.54057752500012,2026-09-13T11:47:10.610480+00:00,1789300030.5218418,0.0886383056640625,2.2409873004375447,-0.8920770629787009,0.311717557805319,-1.3291319597972289,control_pose,robot_origin,robot_origin
102.56753332100016,2026-09-13T11:47:10.637443+00:00,1789300030.5993392,0.03810381889343262,2.2409699237888674,-0.8920913758117794,0.31171557307243347,-1.3288796557129587,control_pose,robot_origin,robot_origin
102.59862666499976,2026-09-13T11:47:10.668527+00:00,1789300030.589902,0.07862496376037598,2.2409752387694177,-0.8920911076339207,0.31171556628343683,-1.3289180710144963,control_pose,robot_origin,robot_origin
102.62253152700032,2026-09-13T11:47:10.692436+00:00,1789300030.6511636,0.04127240180969238,2.24091803867726,-0.8920705637064102,0.31171292066574097,-1.328723662673476,control_pose,robot_origin,robot_origin
102.67016296800011,2026-09-13T11:47:10.740062+00:00,1789300030.701665,0.03839707374572754,2.240907644293207,-0.8920964478108948,0.3117105960845947,-1.3286763226752691,control_pose,robot_origin,robot_origin
102.71241929600001,2026-09-13T11:47:10.782319+00:00,1789300030.6771464,0.10517263412475586,2.2409111354215923,-0.8920978770367427,0.31171099832635635,-1.3286614705103437,control_pose,robot_origin,robot_origin
102.74900846499986,2026-09-13T11:47:10.818909+00:00,1789300030.7361937,0.08271527290344238,2.240941308849506,-0.8921347984331296,0.31170942357828474,-1.3287040487249795,control_pose,robot_origin,robot_origin
102.77881496099963,2026-09-13T11:47:10.848723+00:00,1789300030.7943547,0.05436825752258301,2.2409690750453204,-0.8922027997921387,0.31170889735221863,-1.3284333318010895,control_pose,robot_origin,robot_origin
102.80817750000006,2026-09-13T11:47:10.878079+00:00,1789300030.800763,0.0773160457611084,2.2409599234530195,-0.8922150462253514,0.3117088434418635,-1.328423321493299,control_pose,robot_origin,robot_origin
102.84597437600041,2026-09-13T11:47:10.915876+00:00,1789300030.8678477,0.04802823066711426,2.241258610036148,-0.8939420376716726,0.3116135895252228,-1.3282283672453437,control_pose,robot_origin,robot_origin
102.87834656799987,2026-09-13T11:47:10.948252+00:00,1789300030.8706102,0.07764172554016113,2.2413004847123084,-0.8940601331559899,0.3115805620506709,-1.3282164543980624,control_pose,robot_origin,robot_origin
102.9104479939997,2026-09-13T11:47:10.980347+00:00,1789300030.9244616,0.05588531494140625,2.2423028240359217,-0.8977436074847968,0.3107657730579376,-1.327879706773596,control_pose,robot_origin,robot_origin
102.92508945400004,2026-09-13T11:47:10.994992+00:00,1789300030.9777908,0.01720118522644043,2.244104983841043,-0.9041812020769102,0.3098803758621216,-1.3269722049336687,control_pose,robot_origin,robot_origin
102.94681747100003,2026-09-13T11:47:11.016718+00:00,1789300030.953592,0.0631258487701416,2.2431730056441324,-0.9009805280445099,0.31028724016939285,-1.3275029408991121,control_pose,robot_origin,robot_origin
102.98992225700022,2026-09-13T11:47:11.059827+00:00,1789300031.0312998,0.028527259826660156,2.246576515705996,-0.9132137996797092,0.3085944950580597,-1.3262989690233111,control_pose,robot_origin,robot_origin
103.01784478900026,2026-09-13T11:47:11.087749+00:00,1789300031.0213103,0.06643867492675781,2.2460491969868865,-0.9112767677065484,0.30884610935834694,-1.326411032347078,control_pose,robot_origin,robot_origin
103.03699808700003,2026-09-13T11:47:11.106902+00:00,1789300031.0847178,0.022184133529663086,2.249184659558593,-0.9226009125564114,0.3071245849132538,-1.3253624476053416,control_pose,robot_origin,robot_origin
103.09281418899991,2026-09-13T11:47:11.162720+00:00,1789300031.0971293,0.06559062004089355,2.2500370228397157,-0.9256122969127578,0.30665792854645174,-1.3251310227660527,control_pose,robot_origin,robot_origin
103.1064169729998,2026-09-13T11:47:11.176319+00:00,1789300031.1390936,0.03722524642944336,2.2525218141784524,-0.9345808329850774,0.30562442541122437,-1.324716567024655,control_pose,robot_origin,robot_origin
103.13112628900035,2026-09-13T11:47:11.201029+00:00,1789300031.1945357,0.006493330001831055,2.2553057290772456,-0.9485910074249843,0.3042643666267395,-1.3247425752577038,control_pose,robot_origin,robot_origin
103.17301888699967,2026-09-13T11:47:11.242916+00:00,1789300031.1635082,0.07940793037414551,2.2541718553835044,-0.9408501950612866,0.3050604998488156,-1.324613151419914,control_pose,robot_origin,robot_origin
103.21382944699963,2026-09-13T11:47:11.283727+00:00,1789300031.2509441,0.032782793045043945,2.262199696337818,-0.9600415334640267,0.30313006043434143,-1.3230770589683967,control_pose,robot_origin,robot_origin
103.24887847500031,2026-09-13T11:47:11.318782+00:00,1789300031.2224793,0.09630274772644043,2.2580377715204287,-0.9544422260063352,0.30372031657972043,-1.324933474459166,control_pose,robot_origin,robot_origin
103.28964404100043,2026-09-13T11:47:11.359426+00:00,1789300031.3115287,0.0478973388671875,2.2664294286591815,-0.9747692051204113,0.30212318897247314,-1.3226496073418965,control_pose,robot_origin,robot_origin
103.31519080700036,2026-09-13T11:47:11.385094+00:00,1789300031.296705,0.08838891983032227,2.265403553818927,-0.9711373506572112,0.3022844798437051,-1.3225337272909081,control_pose,robot_origin,robot_origin
103.34115634600039,2026-09-13T11:47:11.411062+00:00,1789300031.3676326,0.04342937469482422,2.275403875724122,-0.9929705970316707,0.30265122652053833,-1.3221107575266244,control_pose,robot_origin,robot_origin
103.39593012400019,2026-09-13T11:47:11.465830+00:00,1789300031.372169,0.09366106986999512,2.275784313658632,-0.9943884422969564,0.302446969657027,-1.321999161347129,control_pose,robot_origin,robot_origin
103.45925469299982,2026-09-13T11:47:11.529157+00:00,1789300031.4878523,0.041304588317871094,2.287870770473881,-1.0313277710672046,0.30866843461990356,-1.324856165511795,control_pose,robot_origin,robot_origin
103.49625943299998,2026-09-13T11:47:11.566170+00:00,1789300031.4380803,0.12808966636657715,2.2814827050518764,-1.0156038482105039,0.30527255719735374,-1.322608341317338,control_pose,robot_origin,robot_origin
103.51783253099984,2026-09-13T11:47:11.587735+00:00,1789300031.5056977,0.08203721046447754,2.2891831674042242,-1.0373550482847036,0.3090405889717483,-1.3256450846229673,control_pose,robot_origin,robot_origin
103.55272020699977,2026-09-13T11:47:11.622626+00:00,1789300031.5879762,0.03464984893798828,2.2949805073684684,-1.0663136084502483,0.30818137526512146,-1.3260253699449207,control_pose,robot_origin,robot_origin
103.58639201400001,2026-09-13T11:47:11.656294+00:00,1789300031.5742548,0.08203935623168945,2.29404067373244,-1.0613597556101007,0.30859871845550374,-1.3263170155079576,control_pose,robot_origin,robot_origin
103.62159368900029,2026-09-13T11:47:11.691503+00:00,1789300031.6509283,0.04057478904724121,2.2985399906281025,-1.088200922474202,0.3046095371246338,-1.3255043884711553,control_pose,robot_origin,robot_origin
103.68186162700022,2026-09-13T11:47:11.751764+00:00,1789300031.6513476,0.10041642189025879,2.2985176116198227,-1.0882425825989845,0.30460376448344745,-1.3254918577028616,control_pose,robot_origin,robot_origin
103.70785782300027,2026-09-13T11:47:11.777773+00:00,1789300031.736198,0.041574954986572266,2.299400870091372,-1.1035059652002928,0.3066052496433258,-1.317097224583986,control_pose,robot_origin,robot_origin
103.72660745400026,2026-09-13T11:47:11.796515+00:00,1789300031.720801,0.0757138729095459,2.2991786804877585,-1.1015134434069558,0.3061323877001939,-1.3190353599393478,control_pose,robot_origin,robot_origin
103.76849019499969,2026-09-13T11:47:11.838396+00:00,1789300031.8079174,0.030478715896606445,2.301843380467146,-1.111332714569833,0.3067473769187927,-1.3084911214053794,control_pose,robot_origin,robot_origin
103.82956444400043,2026-09-13T11:47:11.899461+00:00,1789300031.787741,0.11172008514404297,2.3013636747273503,-1.110328822491587,0.3071420092313735,-1.309831353937218,control_pose,robot_origin,robot_origin
103.84219658799975,2026-09-13T11:47:11.912098+00:00,1789300031.8711224,0.04097557067871094,2.30275907303003,-1.1121561430600027,0.3056129515171051,-1.3059121438396772,control_pose,robot_origin,robot_origin
103.86527603299965,2026-09-13T11:47:11.935177+00:00,1789300031.8533943,0.08178281784057617,2.3024746428427045,-1.1121189677834908,0.30581691432890734,-1.3064295160461101,control_pose,robot_origin,robot_origin
103.90893143700032,2026-09-13T11:47:11.978830+00:00,1789300031.931131,0.0476992130279541,2.3026547029480775,-1.1115457346167494,0.30724531412124634,-1.300882864449961,control_pose,robot_origin,robot_origin
103.95007036599964,2026-09-13T11:47:12.019974+00:00,1789300031.9241173,0.0958566665649414,2.302918453798919,-1.111873484313413,0.3070691732817912,-1.3015343290926995,control_pose,robot_origin,robot_origin
103.9893696830004,2026-09-13T11:47:12.059271+00:00,1789300032.0109086,0.04836249351501465,2.300534905284882,-1.1084231659419568,0.30865809321403503,-1.299484310888075,control_pose,robot_origin,robot_origin
104.01312720799979,2026-09-13T11:47:12.083013+00:00,1789300031.9946835,0.08832955360412598,2.300789985404744,-1.1091534071592397,0.30843534233962494,-1.2994152274133597,control_pose,robot_origin,robot_origin
104.07738996700027,2026-09-13T11:47:12.147290+00:00,1789300032.0677295,0.07956051826477051,2.29954639374286,-1.1062375703240217,0.3090663254261017,-1.3018933746623502,control_pose,robot_origin,robot_origin
104.08222684599968,2026-09-13T11:47:12.152146+00:00,1789300032.0647924,0.08735370635986328,2.299597490621739,-1.1063505453473992,0.3090452236068432,-1.3017690044742876,control_pose,robot_origin,robot_origin
104.11716367499957,2026-09-13T11:47:12.187068+00:00,1789300032.1446047,0.04246330261230469,2.299240476807567,-1.1044512999948284,0.30909696221351624,-1.3056258651814794,control_pose,robot_origin,robot_origin
104.17990482200003,2026-09-13T11:47:12.249806+00:00,1789300032.1359048,0.11390113830566406,2.299260159357842,-1.1046348651278823,0.3090982843931004,-1.3052269005766048,control_pose,robot_origin,robot_origin
104.20115166400046,2026-09-13T11:47:12.271052+00:00,1789300032.2310028,0.040049076080322266,2.298162361052674,-1.103467807450081,0.30902573466300964,-1.3097321129136392,control_pose,robot_origin,robot_origin
104.22888698600036,2026-09-13T11:47:12.298788+00:00,1789300032.2092953,0.0894927978515625,2.2984204650208526,-1.1036379125146256,0.30903196561813584,-1.3089514721708364,control_pose,robot_origin,robot_origin
104.25750196700028,2026-09-13T11:47:12.327410+00:00,1789300032.2813258,0.04608416557312012,2.2978812064031158,-1.1030725241146666,0.30900436639785767,-1.3105425444499597,control_pose,robot_origin,robot_origin
104.28405137499976,2026-09-13T11:47:12.353956+00:00,1789300032.3344448,0.01951122283935547,2.2977607753338827,-1.102594328877906,0.3089606761932373,-1.3111265754324843,control_pose,robot_origin,robot_origin
104.33204670600026,2026-09-13T11:47:12.401949+00:00,1789300032.2786965,0.12325239181518555,2.297895896424748,-1.1030931772347807,0.30900548286624197,-1.3105002009582523,control_pose,robot_origin,robot_origin
104.36649935100013,2026-09-13T11:47:12.436410+00:00,1789300032.3912857,0.04512429237365723,2.297709181315032,-1.1020776041502054,0.3089205324649811,-1.3113880360716383,control_pose,robot_origin,robot_origin
104.37562290599999,2026-09-13T11:47:12.445525+00:00,1789300032.3428054,0.10271954536437988,2.297753186459094,-1.1025183247335055,0.30895477152184153,-1.3111650352418593,control_pose,robot_origin,robot_origin
104.42077908900046,2026-09-13T11:47:12.490686+00:00,1789300032.444536,0.04614996910095215,2.2975926007795,-1.101842571134835,0.3088887631893158,-1.3118259270010386,control_pose,robot_origin,robot_origin
104.43240398299986,2026-09-13T11:47:12.502307+00:00,1789300032.4111648,0.09114217758178711,2.297666540110563,-1.1019350837962278,0.3088987646287493,-1.3115395179407912,control_pose,robot_origin,robot_origin
104.47143112600043,2026-09-13T11:47:12.541344+00:00,1789300032.4976254,0.043718576431274414,2.296162462865807,-1.1030085165909775,0.30895906686782837,-1.3126777607242017,control_pose,robot_origin,robot_origin
104.49381466399973,2026-09-13T11:47:12.563720+00:00,1789300032.4816608,0.08205914497375488,2.297338653309407,-1.1027143866846187,0.3089404835729149,-1.3124437352641112,control_pose,robot_origin,robot_origin
104.5271091730001,2026-09-13T11:47:12.597018+00:00,1789300032.5476792,0.04933881759643555,2.2964635601093084,-1.1045217702310097,0.3079850673675537,-1.3118619386691557,control_pose,robot_origin,robot_origin
104.5499947190001,2026-09-13T11:47:12.619898+00:00,1789300032.601799,0.018099069595336914,2.297660647969898,-1.1089130409289827,0.3076407015323639,-1.309349162792738,control_pose,robot_origin,robot_origin
104.56585742300012,2026-09-13T11:47:12.635760+00:00,1789300032.5518236,0.08393645286560059,2.296497986633247,-1.104749482195986,0.3079515313580541,-1.311681609427703,control_pose,robot_origin,robot_origin
104.59450002199992,2026-09-13T11:47:12.664403+00:00,1789300032.6545432,0.009859800338745117,2.2989672736533717,-1.1134577081464392,0.3073064386844635,-1.3084378551276366,control_pose,robot_origin,robot_origin
104.63983592499972,2026-09-13T11:47:12.709744+00:00,1789300032.6211827,0.0885612964630127,2.298290978360267,-1.1109746388620207,0.30751115581773003,-1.3089179596888754,control_pose,robot_origin,robot_origin
104.68290461200013,2026-09-13T11:47:12.752799+00:00,1789300032.711651,0.04114794731140137,2.301737641426796,-1.1240215853001942,0.30800169706344604,-1.3041248669408745,control_pose,robot_origin,robot_origin
104.71514860499974,2026-09-13T11:47:12.785057+00:00,1789300032.6935844,0.09147262573242188,2.3009279045882027,-1.121153784952529,0.307508190918236,-1.305623168149367,control_pose,robot_origin,robot_origin
104.77284761499959,2026-09-13T11:47:12.842697+00:00,1789300032.7856624,0.05703449249267578,2.3054634710802646,-1.1363995328852234,0.30931031703948975,-1.3028822051354796,control_pose,robot_origin,robot_origin
104.79069035199973,2026-09-13T11:47:12.860592+00:00,1789300032.7671204,0.09347152709960938,2.3045300346605244,-1.133298471335952,0.3089824669607557,-1.30319618166928,control_pose,robot_origin,robot_origin
104.83791908500007,2026-09-13T11:47:12.907832+00:00,1789300032.8408203,0.06701159477233887,2.3102443099411443,-1.1469130378431052,0.3096447288990021,-1.304871663284026,control_pose,robot_origin,robot_origin
104.845130961,2026-09-13T11:47:12.915037+00:00,1789300032.83507,0.07996702194213867,2.3097770644809725,-1.1460805246004329,0.30965403636251176,-1.3044890571069268,control_pose,robot_origin,robot_origin
104.89503451400014,2026-09-13T11:47:12.964933+00:00,1789300032.9076858,0.057247161865234375,2.316168031555492,-1.1609932601637074,0.3089331090450287,-1.3040422603878645,control_pose,robot_origin,robot_origin
104.91074287399988,2026-09-13T11:47:12.980650+00:00,1789300032.9027019,0.07794809341430664,2.3157209401917047,-1.159915245023631,0.3089869059406464,-1.3041325997180053,control_pose,robot_origin,robot_origin
104.95000199700007,2026-09-13T11:47:13.019906+00:00,1789300032.9808447,0.03906130790710449,2.3231173985926454,-1.1837201887393274,0.3059399425983429,-1.3029413207896858,control_pose,robot_origin,robot_origin
104.99335674699978,2026-09-13T11:47:13.063133+00:00,1789300032.9736829,0.08945012092590332,2.3224304032499723,-1.181370678706691,0.3062886279228757,-1.3030780043705492,control_pose,robot_origin,robot_origin
105.02390523099984,2026-09-13T11:47:13.093806+00:00,1789300033.050892,0.04291391372680664,2.331975684014248,-1.209827115600864,0.3015979826450348,-1.3022612523535757,control_pose,robot_origin,robot_origin
105.05522418599958,2026-09-13T11:47:13.125129+00:00,1789300033.0442064,0.08092260360717773,2.3309889797656487,-1.2071406469657704,0.3020754723307299,-1.302282566656984,control_pose,robot_origin,robot_origin
105.09807049400024,2026-09-13T11:47:13.167970+00:00,1789300033.1292002,0.03876972198486328,2.3430370772613505,-1.2386940921619696,0.30011433362960815,-1.306161551677067,control_pose,robot_origin,robot_origin
105.14270316199963,2026-09-13T11:47:13.212609+00:00,1789300033.1143806,0.09822845458984375,2.3409437337412307,-1.2332310824868125,0.30039511083218967,-1.3054334119565738,control_pose,robot_origin,robot_origin
105.16001185700043,2026-09-13T11:47:13.229914+00:00,1789300033.1842768,0.04563713073730469,2.3488055567898174,-1.2540701667911374,0.3045910894870758,-1.3080163242787466,control_pose,robot_origin,robot_origin
105.20616463199985,2026-09-13T11:47:13.276068+00:00,1789300033.185176,0.09089207649230957,2.3488651343366254,-1.2542422415746397,0.3046260970051797,-1.3080012933735627,control_pose,robot_origin,robot_origin
105.24151226600043,2026-09-13T11:47:13.311418+00:00,1789300033.264537,0.04688096046447754,2.3556837953386602,-1.2727617646492164,0.305905818939209,-1.309380350352139,control_pose,robot_origin,robot_origin
105.27573222800038,2026-09-13T11:47:13.345640+00:00,1789300033.2535279,0.09211206436157227,2.354707324804593,-1.2697494874961075,0.3058227692624558,-1.308822382160057,control_pose,robot_origin,robot_origin
105.30614505700032,2026-09-13T11:47:13.376052+00:00,1789300033.3409371,0.03511476516723633,2.361268098428585,-1.2911661226583147,0.3054717779159546,-1.3123398944666906,control_pose,robot_origin,robot_origin
105.34357161000025,2026-09-13T11:47:13.413333+00:00,1789300033.326785,0.0865478515625,2.360376309854237,-1.2880249090874756,0.3055495155655423,-1.3118078041034396,control_pose,robot_origin,robot_origin
105.41322000899982,2026-09-13T11:47:13.483128+00:00,1789300033.4388146,0.04431343078613281,2.363678706909918,-1.3073647620021072,0.3044293224811554,-1.3093902982009635,control_pose,robot_origin,robot_origin
105.43324301400025,2026-09-13T11:47:13.503150+00:00,1789300033.3957834,0.10736656188964844,2.3630165214144485,-1.3014570800017102,0.3048889326580407,-1.3109223451513718,control_pose,robot_origin,robot_origin
105.47134044799986,2026-09-13T11:47:13.541241+00:00,1789300033.4909294,0.05031156539916992,2.364009497854038,-1.3111187291670947,0.305264413356781,-1.3038743345190196,control_pose,robot_origin,robot_origin
105.49297252399992,2026-09-13T11:47:13.562886+00:00,1789300033.4681153,0.09477066993713379,2.3638646881889813,-1.309475362752575,0.3048988373573757,-1.306289125300277,control_pose,robot_origin,robot_origin
105.52448758399987,2026-09-13T11:47:13.594396+00:00,1789300033.550906,0.04349017143249512,2.364589078561333,-1.3109739246168144,0.3050779402256012,-1.299562095110393,control_pose,robot_origin,robot_origin
105.54924333500003,2026-09-13T11:47:13.619149+00:00,1789300033.5351615,0.08398747444152832,2.3644427400064654,-1.3111669551325789,0.3051325315030902,-1.3005532674006262,control_pose,robot_origin,robot_origin
105.62053379900044,2026-09-13T11:47:13.690440+00:00,1789300033.6308777,0.05956220626831055,2.364562114176015,-1.3079936898116395,0.3055736720561981,-1.2933902066548422,control_pose,robot_origin,robot_origin
105.62319457099966,2026-09-13T11:47:13.693109+00:00,1789300033.6061206,0.08698844909667969,2.364485219295297,-1.3092039362910008,0.3053820750637494,-1.2955141300494144,control_pose,robot_origin,robot_origin
105.65777823099961,2026-09-13T11:47:13.727686+00:00,1789300033.6844275,0.0432584285736084,2.364786062527567,-1.3059633425782748,0.3059022128582001,-1.2904709455554229,control_pose,robot_origin,robot_origin
105.69615206199978,2026-09-13T11:47:13.766058+00:00,1789300033.679122,0.08693599700927734,2.3647647899716597,-1.3061649458475961,0.3058696178774733,-1.2907533848941035,control_pose,robot_origin,robot_origin
105.7388729559998,2026-09-13T11:47:13.808776+00:00,1789300033.750695,0.05808091163635254,2.3650347903182043,-1.3049780218643456,0.30613693594932556,-1.288750347940627,control_pose,robot_origin,robot_origin
105.7688730609998,2026-09-13T11:47:13.838745+00:00,1789300033.7508013,0.08794379234313965,2.3650349385143845,-1.3049779484342232,0.3061370753211994,-1.2887494466214984,control_pose,robot_origin,robot_origin
105.80583683900022,2026-09-13T11:47:13.875742+00:00,1789300033.8173678,0.05837416648864746,2.3649398357013114,-1.305335541906122,0.3062012195587158,-1.288486889726304,control_pose,robot_origin,robot_origin
105.82955298599973,2026-09-13T11:47:13.899453+00:00,1789300033.8223934,0.07705950736999512,2.364920683748498,-1.3053881566269112,0.3062034600650329,-1.288459650419064,control_pose,robot_origin,robot_origin
105.87335306899968,2026-09-13T11:47:13.943254+00:00,1789300033.8775792,0.0656747817993164,2.3647517307155654,-1.3058649531466218,0.3062158524990082,-1.2880635872410673,control_pose,robot_origin,robot_origin
105.90272908000043,2026-09-13T11:47:13.972632+00:00,1789300033.8893213,0.08331060409545898,2.3647250861193645,-1.3059478358425765,0.30621917966412093,-1.2879590273266148,control_pose,robot_origin,robot_origin
105.9367776729996,2026-09-13T11:47:14.006684+00:00,1789300033.9673476,0.039336442947387695,2.364731330536906,-1.306088929948821,0.30622977018356323,-1.2874840055519745,control_pose,robot_origin,robot_origin
105.97190151900031,2026-09-13T11:47:14.041816+00:00,1789300033.9608266,0.08098936080932617,2.364726456831805,-1.3060837673313104,0.30622902083714515,-1.2875182351011922,control_pose,robot_origin,robot_origin
106.00544007099961,2026-09-13T11:47:14.075344+00:00,1789300034.034157,0.04118704795837402,2.3648215793990794,-1.3061727110680348,0.3063322603702545,-1.2829436704282937,control_pose,robot_origin,robot_origin
106.04504689100031,2026-09-13T11:47:14.114955+00:00,1789300034.0279858,0.08696913719177246,2.3648147002586972,-1.3061526461220838,0.3063164010661625,-1.2836424119198253,control_pose,robot_origin,robot_origin
106.07898674199987,2026-09-13T11:47:14.148891+00:00,1789300034.0948982,0.05399274826049805,2.365102649632742,-1.3061994032223645,0.3067200481891632,-1.2550807702980666,control_pose,robot_origin,robot_origin
106.10949624899968,2026-09-13T11:47:14.179398+00:00,1789300034.0960076,0.08339047431945801,2.365089313969122,-1.3062167421950441,0.30672776661834117,-1.2544068478891888,control_pose,robot_origin,robot_origin
106.14872448999995,2026-09-13T11:47:14.218633+00:00,1789300034.160689,0.05794382095336914,2.3653752200123357,-1.3065171185332907,0.3070593476295471,-1.2274632768407787,control_pose,robot_origin,robot_origin
106.15332737300014,2026-09-13T11:47:14.223234+00:00,1789300034.2146528,0.008581161499023438,2.3657118176118876,-1.3068794646935582,0.30725666880607605,-1.2122497161285999,control_pose,robot_origin,robot_origin
106.17470007599968,2026-09-13T11:47:14.244597+00:00,1789300034.1669765,0.0776205062866211,2.3654118907906114,-1.306571514034978,0.30708426951904805,-1.2252918928979155,control_pose,robot_origin,robot_origin
106.21229918100016,2026-09-13T11:47:14.282205+00:00,1789300034.2675953,0.014609813690185547,2.366432536106923,-1.307324692508874,0.3076092600822449,-1.1871089921606952,control_pose,robot_origin,robot_origin
106.23655922600028,2026-09-13T11:47:14.306461+00:00,1789300034.2478967,0.05856442451477051,2.366250769068863,-1.30715847555188,0.3074983944853053,-1.1946730205601908,control_pose,robot_origin,robot_origin
106.28089616800025,2026-09-13T11:47:14.350802+00:00,1789300034.3260674,0.0247344970703125,2.3669850167792705,-1.3076943963206102,0.30790072679519653,-1.1675345252977958,control_pose,robot_origin,robot_origin
106.3135202100002,2026-09-13T11:47:14.383422+00:00,1789300034.3049033,0.07851862907409668,2.3668107100121163,-1.3076109855582678,0.30778880630113464,-1.173933131658789,control_pose,robot_origin,robot_origin
106.33207795900034,2026-09-13T11:47:14.401986+00:00,1789300034.37743,0.02455592155456543,2.367771212025838,-1.3082500659789449,0.30826568603515625,-1.1491698116293796,control_pose,robot_origin,robot_origin
106.38442927899996,2026-09-13T11:47:14.454337+00:00,1789300034.3783665,0.07597041130065918,2.367783805045706,-1.3082620506341238,0.30827121330510054,-1.1488821544121581,control_pose,robot_origin,robot_origin
106.41582350200042,2026-09-13T11:47:14.485518+00:00,1789300034.4339745,0.051543474197387695,2.3681874584320948,-1.3093923261632252,0.3086589574813843,-1.1304202603996811,control_pose,robot_origin,robot_origin
106.42564961900007,2026-09-13T11:47:14.495520+00:00,1789300034.484023,0.011497020721435547,2.3689747523367717,-1.3101446584565763,0.30896517634391785,-1.1142091793920412,control_pose,robot_origin,robot_origin
106.4461340859998,2026-09-13T11:47:14.516038+00:00,1789300034.4453347,0.07070326805114746,2.368349953074235,-1.3095495281804264,0.3087567059653676,-1.1266548420781826,control_pose,robot_origin,robot_origin
106.47869073400034,2026-09-13T11:47:14.548595+00:00,1789300034.5375013,0.011093616485595703,2.3699550021961153,-1.311056950423089,0.3091700077056885,-1.0971712510746046,control_pose,robot_origin,robot_origin
106.52007648899962,2026-09-13T11:47:14.589983+00:00,1789300034.5264242,0.06355881690979004,2.3696660450933886,-1.3108885327196078,0.3091568512364438,-1.100923730444583,control_pose,robot_origin,robot_origin
106.55898020200038,2026-09-13T11:47:14.628887+00:00,1789300034.5911355,0.03775143623352051,2.371115113871648,-1.3116638036248844,0.3092126250267029,-1.082294829372902,control_pose,robot_origin,robot_origin
106.60768753499997,2026-09-13T11:47:14.677593+00:00,1789300034.5824134,0.09517955780029297,2.370983575705042,-1.3116124960882547,0.30920171820031256,-1.0843272804183097,control_pose,robot_origin,robot_origin
106.63741015400046,2026-09-13T11:47:14.707313+00:00,1789300034.6540375,0.05327558517456055,2.3727852715164897,-1.3123061047050806,0.30932003259658813,-1.0631224637012022,control_pose,robot_origin,robot_origin
106.67208025000036,2026-09-13T11:47:14.741984+00:00,1789300034.6643543,0.07762956619262695,2.3730046078824323,-1.3124386844063562,0.3093364341158764,-1.0593390831882148,control_pose,robot_origin,robot_origin
106.70089792900035,2026-09-13T11:47:14.770806+00:00,1789300034.7304199,0.040386199951171875,2.374471339626855,-1.313050168329482,0.3092852532863617,-1.0425856181709223,control_pose,robot_origin,robot_origin
106.73959513499995,2026-09-13T11:47:14.809500+00:00,1789300034.7214162,0.08808374404907227,2.3742885808505556,-1.3129809204225793,0.3093104506861071,-1.044482938735748,control_pose,robot_origin,robot_origin
106.76587524899969,2026-09-13T11:47:14.835783+00:00,1789300034.7973986,0.038384437561035156,2.376467795325109,-1.3140187222652702,0.30855244398117065,-1.019676907459064,control_pose,robot_origin,robot_origin
106.80862651200005,2026-09-13T11:47:14.878529+00:00,1789300034.7958026,0.08272647857666016,2.3764290663363674,-1.3140003807302825,0.3085673820253795,-1.0201294372829366,control_pose,robot_origin,robot_origin
106.85817676599981,2026-09-13T11:47:14.928078+00:00,1789300034.8484368,0.07964110374450684,2.377512643595103,-1.314609859130717,0.3089147210121155,-1.0047087631934644,control_pose,robot_origin,robot_origin
106.86194975299986,2026-09-13T11:47:14.931859+00:00,1789300034.9013395,0.030519485473632812,2.3790672899042695,-1.3155908675807524,0.30783283710479736,-0.9882050037258163,control_pose,robot_origin,robot_origin
106.88030336300017,2026-09-13T11:47:14.950209+00:00,1789300034.8679285,0.08228039741516113,2.3781304080950285,-1.315050164449922,0.30850600785922305,-0.9983124249225576,control_pose,robot_origin,robot_origin
106.91032455700042,2026-09-13T11:47:14.980233+00:00,1789300034.9573164,0.022916555404663086,2.380463106743686,-1.3163932011194523,0.30740031599998474,-0.9728696680936904,control_pose,robot_origin,robot_origin
106.94646474100045,2026-09-13T11:47:15.016364+00:00,1789300034.9354835,0.08088064193725586,2.379865489555585,-1.316114344864556,0.3074798182041858,-0.97875119453552,control_pose,robot_origin,robot_origin
106.96662394400028,2026-09-13T11:47:15.036532+00:00,1789300035.0073779,0.029154062271118164,2.3815766807603795,-1.3168958245167368,0.3073609471321106,-0.9587050202540934,control_pose,robot_origin,robot_origin
107.01654842500011,2026-09-13T11:47:15.086455+00:00,1789300035.0051105,0.0813446044921875,2.381542764608752,-1.316880700381804,0.3073714780386832,-0.9591373471841856,control_pose,robot_origin,robot_origin
107.05468438699972,2026-09-13T11:47:15.124589+00:00,1789300035.086557,0.03803205490112305,2.3835442496600936,-1.3179567118769933,0.3066600561141968,-0.9340079473913322,control_pose,robot_origin,robot_origin
107.09434829699967,2026-09-13T11:47:15.164258+00:00,1789300035.0758371,0.08842086791992188,2.383275441306314,-1.3178256739763299,0.3067535285771686,-0.937079665416519,control_pose,robot_origin,robot_origin
107.14533951900012,2026-09-13T11:47:15.215255+00:00,1789300035.1538973,0.061357736587524414,2.385591199332853,-1.3184531116316827,0.3059491515159607,-0.9132466230866612,control_pose,robot_origin,robot_origin
107.15682382900013,2026-09-13T11:47:15.226726+00:00,1789300035.1449056,0.08182048797607422,2.385331125425824,-1.3183721556405743,0.3060411541752841,-0.9159482829015343,control_pose,robot_origin,robot_origin
107.19265228600034,2026-09-13T11:47:15.262559+00:00,1789300035.228539,0.03401994705200195,2.3869613074664384,-1.3190809778379722,0.305107444524765,-0.8906166522027161,control_pose,robot_origin,robot_origin
107.22546613000031,2026-09-13T11:47:15.295369+00:00,1789300035.2159882,0.07938075065612793,2.3867480169281308,-1.318983528227834,0.3052499850653459,-0.894386240705055,control_pose,robot_origin,robot_origin
107.26400636800008,2026-09-13T11:47:15.333916+00:00,1789300035.297332,0.036583900451660156,2.388274340288737,-1.319622082003238,0.30457645654678345,-0.8685536503165979,control_pose,robot_origin,robot_origin
107.30299840499993,2026-09-13T11:47:15.372847+00:00,1789300035.2845275,0.08831954002380371,2.388042679159758,-1.3194663286214685,0.304657886376283,-0.8727570195599595,control_pose,robot_origin,robot_origin
107.33918140700007,2026-09-13T11:47:15.409095+00:00,1789300035.3641577,0.0449373722076416,2.388977691506847,-1.3211931487001318,0.3042798638343811,-0.8404935990203485,control_pose,robot_origin,robot_origin
107.37282876399968,2026-09-13T11:47:15.442733+00:00,1789300035.354737,0.08799600601196289,2.388954039758383,-1.3209312376970672,0.3043388033655824,-0.8446839994842081,control_pose,robot_origin,robot_origin
107.39760029100034,2026-09-13T11:47:15.467481+00:00,1789300035.4205015,0.046979427337646484,2.3887804054098156,-1.3193766575947667,0.3043757677078247,-0.8179551899342222,control_pose,robot_origin,robot_origin
107.43022590199962,2026-09-13T11:47:15.500131+00:00,1789300035.4710822,0.029048681259155273,2.3894060345343937,-1.3181584193748728,0.30679234862327576,-0.797887801788692,control_pose,robot_origin,robot_origin
107.44144802400024,2026-09-13T11:47:15.511351+00:00,1789300035.4302897,0.08106136322021484,2.3888309296482286,-1.3193149881898791,0.3048082250475172,-0.8145684050300079,control_pose,robot_origin,robot_origin
107.47141791899958,2026-09-13T11:47:15.541327+00:00,1789300035.5240636,0.017263412475585938,2.390650867018984,-1.3162571108576673,0.30908676981925964,-0.7705030411797326,control_pose,robot_origin,robot_origin
107.51377498599959,2026-09-13T11:47:15.582932+00:00,1789300035.4956603,0.08727169036865234,2.3905172076306624,-1.3168747371554501,0.3082663102402054,-0.7877654189470052,control_pose,robot_origin,robot_origin
107.54089837300035,2026-09-13T11:47:15.610805+00:00,1789300035.577286,0.03351902961730957,2.3896760140483346,-1.3151375399390686,0.308187335729599,-0.7441453801932881,control_pose,robot_origin,robot_origin
107.58337554199989,2026-09-13T11:47:15.653278+00:00,1789300035.5686083,0.08466982841491699,2.389873580406279,-1.315582715200501,0.3085821281128431,-0.7465041908691024,control_pose,robot_origin,robot_origin
107.64876004899997,2026-09-13T11:47:15.718661+00:00,1789300035.647595,0.07106614112854004,2.391902455529279,-1.311792447484485,0.3056921064853668,-0.7276303890335342,control_pose,robot_origin,robot_origin
107.6524084849998,2026-09-13T11:47:15.722313+00:00,1789300035.640455,0.08185791969299316,2.391708556523844,-1.312149877148292,0.30588442768339247,-0.7291099989161921,control_pose,robot_origin,robot_origin
107.6803122629999,2026-09-13T11:47:15.750217+00:00,1789300035.700596,0.049620866775512695,2.391432594445912,-1.3100394568689349,0.3033027648925781,-0.7244092591633456,control_pose,robot_origin,robot_origin
107.7215542670001,2026-09-13T11:47:15.791461+00:00,1789300035.7035942,0.08786678314208984,2.3914203337063866,-1.3100208735128844,0.3033717160402924,-0.724529788286431,control_pose,robot_origin,robot_origin
107.74427762800042,2026-09-13T11:47:15.814170+00:00,1789300035.7673736,0.046796321868896484,2.3895576634102302,-1.3100599961529618,0.3025558292865753,-0.7248558304291406,control_pose,robot_origin,robot_origin
107.76438745300038,2026-09-13T11:47:15.834288+00:00,1789300035.8206694,0.01361846923828125,2.388455672793801,-1.3103762134367518,0.30218783020973206,-0.7226770745299409,control_pose,robot_origin,robot_origin
107.79201336099959,2026-09-13T11:47:15.861919+00:00,1789300035.785465,0.07645392417907715,2.389122654375127,-1.310178098163713,0.30234013932964016,-0.7238718058619887,control_pose,robot_origin,robot_origin
107.83247939000012,2026-09-13T11:47:15.902385+00:00,1789300035.8707523,0.03163266181945801,2.388014885154152,-1.3106319948311582,0.30215761065483093,-0.7223831719928876,control_pose,robot_origin,robot_origin
107.8769931400002,2026-09-13T11:47:15.946900+00:00,1789300035.853485,0.0934147834777832,2.38816831545342,-1.31056180665816,0.3021633487324513,-0.7224267123672924,control_pose,robot_origin,robot_origin
107.90701846200045,2026-09-13T11:47:15.976919+00:00,1789300035.9338357,0.04308319091796875,2.387732208975724,-1.3106255259679758,0.3021942377090454,-0.7210995559313906,control_pose,robot_origin,robot_origin
107.94981203000043,2026-09-13T11:47:16.018209+00:00,1789300035.9210474,0.09716153144836426,2.387790260662603,-1.3106322029786992,0.3021846475030112,-0.7213814565697877,control_pose,robot_origin,robot_origin
107.99012192400005,2026-09-13T11:47:16.060030+00:00,1789300036.0166988,0.043331146240234375,2.3873673400500883,-1.3105083172853698,0.30223700404167175,-0.7205651270043562,control_pose,robot_origin,robot_origin
108.00225221799974,2026-09-13T11:47:16.072159+00:00,1789300035.9827669,0.08939218521118164,2.3875219788077517,-1.3105614991843741,0.30222093423399404,-0.7207295739670662,control_pose,robot_origin,robot_origin
108.0315911380003,2026-09-13T11:47:16.101505+00:00,1789300036.0673037,0.03420138359069824,2.387162991617059,-1.310394464791519,0.3022548258304596,-0.7208066974094343,control_pose,robot_origin,robot_origin
108.06477197599997,2026-09-13T11:47:16.134681+00:00,1789300036.0532546,0.08142638206481934,2.3872020669105622,-1.3104348325283675,0.3022515772266911,-0.7206719278980099,control_pose,robot_origin,robot_origin
108.08907727099995,2026-09-13T11:47:16.158985+00:00,1789300036.1204274,0.03855752944946289,2.3870045186958855,-1.3102322718542632,0.302263081073761,-0.7210146350760954,control_pose,robot_origin,robot_origin
108.11021460200027,2026-09-13T11:47:16.180120+00:00,1789300036.1739345,0.0061855316162109375,2.386873217297078,-1.310019220212352,0.3022710680961609,-0.7210095763474679,control_pose,robot_origin,robot_origin
108.1390617220004,2026-09-13T11:47:16.208961+00:00,1789300036.1282778,0.08068323135375977,2.3869820720144665,-1.3102103046838753,0.30226346967971734,-0.7210036219616511,control_pose,robot_origin,robot_origin
108.18044373300017,2026-09-13T11:47:16.250344+00:00,1789300036.2256906,0.02465343475341797,2.3867805534226947,-1.3098501070894266,0.30228614807128906,-0.7211380751999726,control_pose,robot_origin,robot_origin
108.2278146460003,2026-09-13T11:47:16.297718+00:00,1789300036.2003775,0.09734058380126953,2.3868221022100795,-1.3099246589481686,0.3022798132985053,-0.7210328063774247,control_pose,robot_origin,robot_origin
108.26186992699968,2026-09-13T11:47:16.331773+00:00,1789300036.2811522,0.05062079429626465,2.386742237860901,-1.3097911592234914,0.3022949695587158,-0.7212627959783214,control_pose,robot_origin,robot_origin
108.28896838499986,2026-09-13T11:47:16.358874+00:00,1789300036.2616525,0.09722161293029785,2.38675570933997,-1.3098118848739821,0.3022918679864653,-0.7212189440848205,control_pose,robot_origin,robot_origin
108.33202919799987,2026-09-13T11:47:16.400596+00:00,1789300036.3591142,0.041481733322143555,2.3867568552334295,-1.3098068412409867,0.30229711532592773,-0.7210288063916027,control_pose,robot_origin,robot_origin
108.36080133799987,2026-09-13T11:47:16.430678+00:00,1789300036.3324363,0.09824156761169434,2.3867518532639296,-1.3098014749569264,0.30229638105838913,-0.7211088738365249,control_pose,robot_origin,robot_origin
108.4005717809996,2026-09-13T11:47:16.470475+00:00,1789300036.4239335,0.046541452407836914,2.386726243997082,-1.3097178254107755,0.3022974729537964,-0.7209367501644498,control_pose,robot_origin,robot_origin
108.43506273100047,2026-09-13T11:47:16.504965+00:00,1789300036.401132,0.10383296012878418,2.3867370121401104,-1.309749138592007,0.302297347150709,-0.7209691341617628,control_pose,robot_origin,robot_origin
108.46701976399982,2026-09-13T11:47:16.536933+00:00,1789300036.48735,0.04958295822143555,2.386686903733517,-1.3096043350136854,0.30231088399887085,-0.720969549736755,control_pose,robot_origin,robot_origin
108.49339850599972,2026-09-13T11:47:16.563305+00:00,1789300036.4766428,0.08666205406188965,2.3866935459053717,-1.3096234966219975,0.3023086196910584,-0.7209640129399892,control_pose,robot_origin,robot_origin
108.54333732299983,2026-09-13T11:47:16.613238+00:00,1789300036.5605226,0.05271553993225098,2.3860552282235723,-1.3089420261121998,0.3024919629096985,-0.7116487932568336,control_pose,robot_origin,robot_origin
108.55796207599997,2026-09-13T11:47:16.627872+00:00,1789300036.5415258,0.08634614944458008,2.386301996426744,-1.3091900289260852,0.3024194119275367,-0.715435831290756,control_pose,robot_origin,robot_origin
108.58971455499977,2026-09-13T11:47:16.659618+00:00,1789300036.6172073,0.04241061210632324,2.3858826529786907,-1.3085033830958774,0.30256450176239014,-0.6866124985022303,control_pose,robot_origin,robot_origin
108.62991970799976,2026-09-13T11:47:16.699826+00:00,1789300036.6140077,0.08581829071044922,2.3858794395210032,-1.3085384719156612,0.30253739163854193,-0.6877273191284843,control_pose,robot_origin,robot_origin
108.64275416500004,2026-09-13T11:47:16.712656+00:00,1789300036.6705382,0.04211783409118652,2.3857454750439073,-1.3075439866073302,0.3034694790840149,-0.6663690190774997,control_pose,robot_origin,robot_origin
108.67133026299962,2026-09-13T11:47:16.741229+00:00,1789300036.727255,0.01397395133972168,2.3852837831980667,-1.3066074532434855,0.3037344515323639,-0.6442956424632306,control_pose,robot_origin,robot_origin
108.69964327700018,2026-09-13T11:47:16.769541+00:00,1789300036.6899133,0.07962775230407715,2.385860452503827,-1.3073757056950845,0.30362686502522185,-0.659092161817239,control_pose,robot_origin,robot_origin
108.7431834099998,2026-09-13T11:47:16.813088+00:00,1789300036.7795534,0.03353452682495117,2.383760912010702,-1.3058326350889577,0.30359023809432983,-0.6262298602202534,control_pose,robot_origin,robot_origin
108.78571299699979,2026-09-13T11:47:16.855618+00:00,1789300036.7592196,0.09639835357666016,2.3843548153834906,-1.3061759393651136,0.3036558531726175,-0.6328222251575115,control_pose,robot_origin,robot_origin
108.81099552399974,2026-09-13T11:47:16.880903+00:00,1789300036.8337889,0.04711413383483887,2.3820111296590785,-1.3052664605563198,0.3036084473133087,-0.6078014894960356,control_pose,robot_origin,robot_origin
108.84825691500009,2026-09-13T11:47:16.918162+00:00,1789300036.8381212,0.08004093170166016,2.381865766381526,-1.3052368942008676,0.303632090228345,-0.6062416425643289,control_pose,robot_origin,robot_origin
108.8741720500002,2026-09-13T11:47:16.944081+00:00,1789300036.8939648,0.05011630058288574,2.380824490971399,-1.305076251576944,0.30373144149780273,-0.5902781659571571,control_pose,robot_origin,robot_origin
108.89812641699973,2026-09-13T11:47:16.968024+00:00,1789300036.8946567,0.07336735725402832,2.3808281714415984,-1.3050782782702592,0.30373104632618336,-0.5900462661208663,control_pose,robot_origin,robot_origin
108.94449014499969,2026-09-13T11:47:17.014172+00:00,1789300036.9603722,0.05379986763000488,2.379776710527941,-1.3047860017683903,0.3038909137248993,-0.5714813232031687,control_pose,robot_origin,robot_origin
108.98533948800014,2026-09-13T11:47:17.055242+00:00,1789300036.9683304,0.08691167831420898,2.379763462597365,-1.304783742968393,0.3039434190205752,-0.5691393434010193,control_pose,robot_origin,robot_origin
109.02814358399974,2026-09-13T11:47:17.098023+00:00,1789300037.0539699,0.044053077697753906,2.3795467014884615,-1.3048299189985442,0.3041965067386627,-0.547084123948594,control_pose,robot_origin,robot_origin
109.04912004299968,2026-09-13T11:47:17.119021+00:00,1789300037.035054,0.08396697044372559,2.3796393151624713,-1.3048496642387453,0.3041727393399287,-0.5518963631794953,control_pose,robot_origin,robot_origin
109.07398411800023,2026-09-13T11:47:17.143887+00:00,1789300037.1104343,0.033452749252319336,2.3797632973527003,-1.3051978486562223,0.3043445646762848,-0.5331824395842375,control_pose,robot_origin,robot_origin
109.11743368600037,2026-09-13T11:47:17.187341+00:00,1789300037.1123428,0.07499814033508301,2.379759953138995,-1.3051895887432616,0.30436046999545985,-0.5327756513227964,control_pose,robot_origin,robot_origin
109.15494657700037,2026-09-13T11:47:17.224854+00:00,1789300037.1673229,0.057531118392944336,2.379501462292019,-1.305286711394212,0.3047897517681122,-0.5195277092088477,control_pose,robot_origin,robot_origin
109.16868645500017,2026-09-13T11:47:17.238587+00:00,1789300037.2194216,0.0191652774810791,2.3791150951399587,-1.3056583858422446,0.30500033497810364,-0.5068419143235322,control_pose,robot_origin,robot_origin
109.18601278200003,2026-09-13T11:47:17.255917+00:00,1789300037.1746726,0.08124446868896484,2.379438751345779,-1.3053117130253153,0.30482770628758477,-0.51775917372443,control_pose,robot_origin,robot_origin
109.22343520499999,2026-09-13T11:47:17.293337+00:00,1789300037.2706661,0.022670984268188477,2.378229504502641,-1.306054879278535,0.3050650358200073,-0.4925441843301036,control_pose,robot_origin,robot_origin
109.26124651000009,2026-09-13T11:47:17.331149+00:00,1789300037.243466,0.08768320083618164,2.378701102547028,-1.3058672368427946,0.30506108400042475,-0.4999323536589517,control_pose,robot_origin,robot_origin
109.30617397500009,2026-09-13T11:47:17.376079+00:00,1789300037.3307085,0.04537057876586914,2.3772718180091776,-1.3064642099910884,0.30477407574653625,-0.4749994473637298,control_pose,robot_origin,robot_origin
109.33409938499972,2026-09-13T11:47:17.404001+00:00,1789300037.3139052,0.09009575843811035,2.3775287373458993,-1.3063449060172072,0.3048615743540713,-0.480105875736414,control_pose,robot_origin,robot_origin
109.35687798100025,2026-09-13T11:47:17.426783+00:00,1789300037.385128,0.04165506362915039,2.376595268681904,-1.3067598427401004,0.30470550060272217,-0.46034928338344694,control_pose,robot_origin,robot_origin
109.40292297300039,2026-09-13T11:47:17.472826+00:00,1789300037.383315,0.08951091766357422,2.3766191123654714,-1.3067498622012432,0.30470538837267874,-0.46076197667568813,control_pose,robot_origin,robot_origin
109.42777728700003,2026-09-13T11:47:17.497683+00:00,1789300037.4623837,0.03529930114746094,2.3758976869066473,-1.307276530157995,0.30465155839920044,-0.44009460772168996,control_pose,robot_origin,robot_origin
109.47219023100024,2026-09-13T11:47:17.542090+00:00,1789300037.4583533,0.08373665809631348,2.3759279407864335,-1.3072578534695507,0.30465343493494923,-0.4410466442075771,control_pose,robot_origin,robot_origin
109.49422658200001,2026-09-13T11:47:17.564130+00:00,1789300037.5203938,0.04373621940612793,2.3754375989682144,-1.3077593038369715,0.304905503988266,-0.4235555709732547,control_pose,robot_origin,robot_origin
109.52855438799998,2026-09-13T11:47:17.598459+00:00,1789300037.5236394,0.07481956481933594,2.3754147731923694,-1.3077772074270095,0.3049103322821223,-0.42279804023384826,control_pose,robot_origin,robot_origin
109.55621888899987,2026-09-13T11:47:17.626125+00:00,1789300037.57368,0.052445173263549805,2.3751186454843976,-1.3080344229536651,0.30489039421081543,-0.4093464645138955,control_pose,robot_origin,robot_origin
109.56841897899994,2026-09-13T11:47:17.638328+00:00,1789300037.6269984,0.01132965087890625,2.3747472448477622,-1.3082860649742134,0.30455338954925537,-0.39338118343654344,control_pose,robot_origin,robot_origin
109.60549300000002,2026-09-13T11:47:17.675406+00:00,1789300037.5933766,0.08202934265136719,2.37498458535672,-1.3081903261342693,0.30477975341968383,-0.4037127599350369,control_pose,robot_origin,robot_origin
109.6298844439998,2026-09-13T11:47:17.699791+00:00,1789300037.6804044,0.01938652992248535,2.3743475070727387,-1.3084665284304788,0.30445849895477295,-0.37804664967081947,control_pose,robot_origin,robot_origin
109.67281689799984,2026-09-13T11:47:17.742719+00:00,1789300037.6631026,0.07961630821228027,2.374488825455033,-1.308423854318021,0.30448651729795523,-0.38259381689703587,control_pose,robot_origin,robot_origin
109.68726330699974,2026-09-13T11:47:17.757167+00:00,1789300037.7337327,0.02343440055847168,2.3739604932472504,-1.3084663388561955,0.304368257522583,-0.3621061962256089,control_pose,robot_origin,robot_origin
109.75175554500038,2026-09-13T11:47:17.821655+00:00,1789300037.7384214,0.08323359489440918,2.373911383113538,-1.3084874632477126,0.30436437178023673,-0.3604467608767696,control_pose,robot_origin,robot_origin
109.79343430599965,2026-09-13T11:47:17.863335+00:00,1789300037.8071835,0.056151390075683594,2.3734588946543607,-1.3087807293316542,0.30432504415512085,-0.3406435049252695,control_pose,robot_origin,robot_origin
109.82080909700016,2026-09-13T11:47:17.890711+00:00,1789300037.8051543,0.0855567455291748,2.3734720836635286,-1.3087687646897903,0.3043268551702034,-0.3412630089242258,control_pose,robot_origin,robot_origin
109.8438852749996,2026-09-13T11:47:17.913789+00:00,1789300037.8702989,0.04349017143249512,2.373059839054767,-1.3094985090366693,0.3043821454048157,-0.32037283178567566,control_pose,robot_origin,robot_origin
109.87829958099974,2026-09-13T11:47:17.948204+00:00,1789300037.8737378,0.07446622848510742,2.3730323509087348,-1.3095601121599971,0.3043850567039199,-0.3193574143651653,control_pose,robot_origin,robot_origin
109.90980827200019,2026-09-13T11:47:17.979709+00:00,1789300037.931576,0.048132896423339844,2.3721844045793397,-1.3113019156729098,0.3043273985385895,-0.2983992518203137,control_pose,robot_origin,robot_origin
109.9298176430002,2026-09-13T11:47:17.999718+00:00,1789300037.983707,0.01601099967956543,2.3719027023291357,-1.3130467339827443,0.3040536046028137,-0.2780558178753578,control_pose,robot_origin,robot_origin
109.95824496600017,2026-09-13T11:47:18.028149+00:00,1789300037.9417698,0.0863790512084961,2.372003413693446,-1.3117449340901675,0.3042978389643846,-0.29430835790510695,control_pose,robot_origin,robot_origin
110.01118962599958,2026-09-13T11:47:18.081091+00:00,1789300038.0352433,0.04584765434265137,2.3720594508114226,-1.3141443627448797,0.3033756911754608,-0.2594805320667683,control_pose,robot_origin,robot_origin
110.0324467700002,2026-09-13T11:47:18.102349+00:00,1789300038.0146036,0.08774542808532715,2.372073651775909,-1.313678003534036,0.30359995821771085,-0.26661855253649136,control_pose,robot_origin,robot_origin
110.0639065940004,2026-09-13T11:47:18.133811+00:00,1789300038.0873854,0.046425580978393555,2.372297410322987,-1.3158131316961525,0.30289384722709656,-0.23462336924826935,control_pose,robot_origin,robot_origin
110.09393316400019,2026-09-13T11:47:18.163830+00:00,1789300038.084755,0.07907509803771973,2.3722961230950115,-1.3157140528025864,0.30293334704249997,-0.23573524245688035,control_pose,robot_origin,robot_origin
110.10697604699999,2026-09-13T11:47:18.176883+00:00,1789300038.140332,0.03655099868774414,2.3725963660102716,-1.3169583559799904,0.3035091459751129,-0.2092135055537414,control_pose,robot_origin,robot_origin
110.13548094100042,2026-09-13T11:47:18.205384+00:00,1789300038.1938908,0.011493206024169922,2.3721497097745123,-1.3168842636548992,0.30350834131240845,-0.18356573851738497,control_pose,robot_origin,robot_origin
110.15963160499996,2026-09-13T11:47:18.229532+00:00,1789300038.16734,0.06219196319580078,2.372319690365158,-1.3170073347385007,0.3034638481517039,-0.1967835113109023,control_pose,robot_origin,robot_origin
110.21723569400001,2026-09-13T11:47:18.287133+00:00,1789300038.2475367,0.0395963191986084,2.3715392453703275,-1.3142036496495586,0.3030971884727478,-0.15490291481260046,control_pose,robot_origin,robot_origin
110.23376089399972,2026-09-13T11:47:18.303652+00:00,1789300038.2244446,0.0792074203491211,2.3719700437870306,-1.3154873938621368,0.30328809069640605,-0.16871484494253364,control_pose,robot_origin,robot_origin
110.27613696800017,2026-09-13T11:47:18.343132+00:00,1789300038.3003545,0.04277753829956055,2.3710668210288204,-1.3145765002879481,0.30258819460868835,-0.12492336141748132,control_pose,robot_origin,robot_origin
110.30321488000027,2026-09-13T11:47:18.373119+00:00,1789300038.2944212,0.07869791984558105,2.371129804417662,-1.3143739720379295,0.3026869877326927,-0.1278511620210274,control_pose,robot_origin,robot_origin
110.32635822999964,2026-09-13T11:47:18.396260+00:00,1789300038.3536093,0.042650699615478516,2.369902681828372,-1.3159225787636737,0.3008418083190918,-0.09661793813505333,control_pose,robot_origin,robot_origin
110.38023112700012,2026-09-13T11:47:18.450136+00:00,1789300038.3615427,0.0885932445526123,2.3696992816009743,-1.3159658224917452,0.30073161481427396,-0.09277116462351051,control_pose,robot_origin,robot_origin
110.4113350939997,2026-09-13T11:47:18.481239+00:00,1789300038.4404356,0.04080343246459961,2.3683482298514673,-1.315684714277721,0.3003695011138916,-0.061467682006462784,control_pose,robot_origin,robot_origin
110.43878739200045,2026-09-13T11:47:18.508686+00:00,1789300038.4937408,0.014945268630981445,2.3680867184575183,-1.3168144508001682,0.3003835380077362,-0.040182331697955036,control_pose,robot_origin,robot_origin
110.47746754000036,2026-09-13T11:47:18.547365+00:00,1789300038.4329507,0.11441421508789062,2.3684570428347893,-1.315616856869355,0.30038252861504733,-0.06439748087036018,control_pose,robot_origin,robot_origin
110.52072900300027,2026-09-13T11:47:18.589973+00:00,1789300038.5036275,0.08634543418884277,2.3682259484348394,-1.3168330891820166,0.30037455021544174,-0.03686970529369027,control_pose,robot_origin,robot_origin
110.55038345699995,2026-09-13T11:47:18.620287+00:00,1789300038.5803306,0.03995633125305176,2.3692795222807033,-1.316394071725998,0.30097129940986633,-0.014557528661726273,control_pose,robot_origin,robot_origin
110.59002294899983,2026-09-13T11:47:18.659925+00:00,1789300038.5739987,0.08592629432678223,2.369193505942064,-1.3164513640171518,0.30089799724729765,-0.016277528645721386,control_pose,robot_origin,robot_origin
110.62735954300024,2026-09-13T11:47:18.697266+00:00,1789300038.6501827,0.047083377838134766,2.371320481709968,-1.3149049064704723,0.3025921583175659,0.010993065825105258,control_pose,robot_origin,robot_origin
110.6610507409996,2026-09-13T11:47:18.730956+00:00,1789300038.6482782,0.08267784118652344,2.371260252141407,-1.3149567611746014,0.3025551072997026,0.01023792113610892,control_pose,robot_origin,robot_origin
110.66949330100033,2026-09-13T11:47:18.739397+00:00,1789300038.7036734,0.03572368621826172,2.3730389800177734,-1.3122433356743053,0.3027929365634918,0.033180470756114834,control_pose,robot_origin,robot_origin
110.70575902699966,2026-09-13T11:47:18.775659+00:00,1789300038.753721,0.021938085556030273,2.3745815845814584,-1.310657722916757,0.3027229905128479,0.053693411720890004,control_pose,robot_origin,robot_origin
110.73503848699966,2026-09-13T11:47:18.804946+00:00,1789300038.723928,0.08101797103881836,2.3737355589227795,-1.311914515204125,0.30273267280532595,0.04114897895451316,control_pose,robot_origin,robot_origin
110.75944167499983,2026-09-13T11:47:18.829347+00:00,1789300038.8069608,0.02238607406616211,2.375314460036983,-1.3087378467429556,0.3027667999267578,0.07536765610061807,control_pose,robot_origin,robot_origin
110.78701705100048,2026-09-13T11:47:18.856917+00:00,1789300038.7824469,0.07447004318237305,2.375157190773184,-1.3094455877905349,0.3027799774740438,0.06563471392264304,control_pose,robot_origin,robot_origin
110.80732234100014,2026-09-13T11:47:18.877228+00:00,1789300038.860303,0.01692509651184082,2.3769380642458766,-1.307589249691975,0.3029618561267853,0.09404795982023886,control_pose,robot_origin,robot_origin
110.85148928800027,2026-09-13T11:47:18.921386+00:00,1789300038.9103637,0.011022329330444336,2.3757167690618637,-1.3058627575839146,0.30365610122680664,0.08906206213198467,control_pose,robot_origin,robot_origin
110.88524560899987,2026-09-13T11:47:18.955148+00:00,1789300038.8669596,0.08818840980529785,2.376840136902522,-1.3065932589730318,0.30290248413122123,0.09467012293803721,control_pose,robot_origin,robot_origin
110.93815759500012,2026-09-13T11:47:19.008062+00:00,1789300038.9670115,0.04105043411254883,2.378107268245006,-1.3044458021480723,0.30504676699638367,0.09411663309533559,control_pose,robot_origin,robot_origin
110.9544070689999,2026-09-13T11:47:19.024311+00:00,1789300038.9267557,0.09755539894104004,2.376408500584675,-1.3054527374725076,0.30405851397695294,0.09053034162222168,control_pose,robot_origin,robot_origin
111.00188870700003,2026-09-13T11:47:19.071794+00:00,1789300039.0213985,0.05039548873901367,2.379021425756669,-1.3014156692207373,0.3030482530593872,0.09607774674757327,control_pose,robot_origin,robot_origin
111.00975072599977,2026-09-13T11:47:19.079652+00:00,1789300038.997442,0.08221006393432617,2.378618752541564,-1.3027503991250255,0.3039285696592903,0.09521605214776047,control_pose,robot_origin,robot_origin
111.04366811100044,2026-09-13T11:47:19.113572+00:00,1789300039.0810988,0.032473087310791016,2.3800318954650543,-1.3005945711248725,0.3006996512413025,0.0936555384445761,control_pose,robot_origin,robot_origin
111.08504493599958,2026-09-13T11:47:19.154954+00:00,1789300039.068172,0.08678197860717773,2.380671280654258,-1.3004222491825215,0.301112249380179,0.09419971580298815,control_pose,robot_origin,robot_origin
111.10023134899984,2026-09-13T11:47:19.170137+00:00,1789300039.136846,0.033290863037109375,2.379620612797033,-1.2978308211219605,0.30092287063598633,0.09004403500359472,control_pose,robot_origin,robot_origin
111.16130556099961,2026-09-13T11:47:19.231212+00:00,1789300039.1384387,0.0927731990814209,2.379591263746998,-1.2978237427751096,0.3009327224277099,0.09005224893191455,control_pose,robot_origin,robot_origin
111.18352355299976,2026-09-13T11:47:19.253431+00:00,1789300039.2106273,0.04280376434326172,2.377649623141254,-1.2987198259706292,0.30123627185821533,0.09060907302846229,control_pose,robot_origin,robot_origin
111.21181486899968,2026-09-13T11:47:19.281720+00:00,1789300039.1987815,0.08293843269348145,2.3779739868903533,-1.2984823041051627,0.3011933688290229,0.0907160620624959,control_pose,robot_origin,robot_origin
111.24294709199967,2026-09-13T11:47:19.312851+00:00,1789300039.2670274,0.04582357406616211,2.376561958117015,-1.300005559754971,0.30152538418769836,0.08877442337191276,control_pose,robot_origin,robot_origin
111.256447406,2026-09-13T11:47:19.326352+00:00,1789300039.3203402,0.0060117244720458984,2.375972751462335,-1.300824567486497,0.301819771528244,0.08640314850457323,control_pose,robot_origin,robot_origin
111.29068663100043,2026-09-13T11:47:19.360556+00:00,1789300039.276015,0.08454084396362305,2.3764399727650765,-1.3001526094802238,0.30156198143959045,0.08851462677659767,control_pose,robot_origin,robot_origin
111.32743647500047,2026-09-13T11:47:19.397340+00:00,1789300039.3768914,0.020448684692382812,2.3758964420972113,-1.3012823294728972,0.30197983980178833,0.08431904152517822,control_pose,robot_origin,robot_origin
111.36414730999968,2026-09-13T11:47:19.434031+00:00,1789300039.35318,0.08085107803344727,2.3758739753059928,-1.3011187073412815,0.301952450299037,0.08507655286711828,control_pose,robot_origin,robot_origin
111.39273255999979,2026-09-13T11:47:19.462569+00:00,1789300039.4269376,0.035631418228149414,2.375986892367309,-1.301406509201953,0.30194640159606934,0.08318747606532935,control_pose,robot_origin,robot_origin
111.42991401000018,2026-09-13T11:47:19.499820+00:00,1789300039.4121563,0.08766365051269531,2.3759700727992397,-1.3013739869424783,0.30195626458209945,0.0835177632257525,control_pose,robot_origin,robot_origin
111.46150942399981,2026-09-13T11:47:19.531413+00:00,1789300039.4869635,0.044449567794799805,2.3761185848244826,-1.301470239883595,0.3019375205039978,0.08232820093390113,control_pose,robot_origin,robot_origin
111.5036896800002,2026-09-13T11:47:19.573595+00:00,1789300039.5371308,0.03646421432495117,2.3760689792442413,-1.3015482260573248,0.30195897817611694,0.08181877096003184,control_pose,robot_origin,robot_origin
111.5240898230004,2026-09-13T11:47:19.593993+00:00,1789300039.4895394,0.10445356369018555,2.3761224989534626,-1.3014796682065302,0.3019377534608887,0.08230934601721837,control_pose,robot_origin,robot_origin
111.56500268899981,2026-09-13T11:47:19.634911+00:00,1789300039.5901737,0.04473733901977539,2.375951533410002,-1.3016408715444374,0.3019721806049347,0.08109978028940579,control_pose,robot_origin,robot_origin
111.57496186800017,2026-09-13T11:47:19.644865+00:00,1789300039.5553577,0.0895073413848877,2.3760333938575027,-1.3015814443356115,0.3019651276691161,0.08157255938206599,control_pose,robot_origin,robot_origin
111.61854315300025,2026-09-13T11:47:19.688454+00:00,1789300039.643671,0.04478287696838379,2.375810343169998,-1.3017574654410893,0.3019924759864807,0.0809946763125514,control_pose,robot_origin,robot_origin
111.64749712499997,2026-09-13T11:47:19.717404+00:00,1789300039.623707,0.09369683265686035,2.375860324598133,-1.30170143881001,0.30198391520026935,0.08102822583637871,control_pose,robot_origin,robot_origin
111.6854572379998,2026-09-13T11:47:19.755374+00:00,1789300039.7001512,0.05522274971008301,2.3757873797353564,-1.3018737133381122,0.30200597643852234,0.0807363581773266,control_pose,robot_origin,robot_origin
111.72862035799972,2026-09-13T11:47:19.798525+00:00,1789300039.707218,0.09130716323852539,2.3757870459110735,-1.3018839018094313,0.3020142536141838,0.08063110033987027,control_pose,robot_origin,robot_origin
111.77659078800025,2026-09-13T11:47:19.846496+00:00,1789300039.7873409,0.05915522575378418,2.3757426543405806,-1.3021976200730625,0.30209195613861084,0.07993706361572352,control_pose,robot_origin,robot_origin
111.78542735199972,2026-09-13T11:47:19.855334+00:00,1789300039.7574728,0.09786128997802734,2.375779178703366,-1.302064405851521,0.30204470841106473,0.08016379243683515,control_pose,robot_origin,robot_origin
111.8100642469999,2026-09-13T11:47:19.879969+00:00,1789300039.840388,0.0395808219909668,2.3756881060449215,-1.3023795270679224,0.30217409133911133,0.07904911164707507,control_pose,robot_origin,robot_origin
111.8570581490003,2026-09-13T11:47:19.926962+00:00,1789300039.8345177,0.09244418144226074,2.3756941425311076,-1.3023593966669926,0.302165001999156,0.07914737089771927,control_pose,robot_origin,robot_origin
111.88757495000027,2026-09-13T11:47:19.957481+00:00,1789300039.9103422,0.04713869094848633,2.375485332991415,-1.3025537250290498,0.30223727226257324,0.07812782571376369,control_pose,robot_origin,robot_origin
111.91831835500034,2026-09-13T11:47:19.988219+00:00,1789300039.9052114,0.0830075740814209,2.3754980948417304,-1.3025404426993599,0.30223811012199364,0.07820083250843121,control_pose,robot_origin,robot_origin
111.95798907900007,2026-09-13T11:47:20.027895+00:00,1789300039.9768224,0.05107259750366211,2.375333035104655,-1.3027941607351576,0.30233776569366455,0.07735595594841825,control_pose,robot_origin,robot_origin
111.99054044399963,2026-09-13T11:47:20.060447+00:00,1789300039.9803693,0.0800776481628418,2.375329871310475,-1.30280366338899,0.3023403123441755,0.07727506741335663,control_pose,robot_origin,robot_origin
112.01760766700045,2026-09-13T11:47:20.087509+00:00,1789300040.0434678,0.04404115676879883,2.3751410227182164,-1.3029863098363603,0.3024197518825531,0.07617003075615027,control_pose,robot_origin,robot_origin
112.03882135300046,2026-09-13T11:47:20.108725+00:00,1789300040.097325,0.011399984359741211,2.375027583996418,-1.3031051616069091,0.3024398386478424,0.075521462386743,control_pose,robot_origin,robot_origin
112.07742917700034,2026-09-13T11:47:20.147335+00:00,1789300040.0475502,0.09978485107421875,2.3751383438113893,-1.3029972687332436,0.30242748283054327,0.07614704999127989,control_pose,robot_origin,robot_origin
112.13498926299962,2026-09-13T11:47:20.204906+00:00,1789300040.1128232,0.09208273887634277,2.3750137971699754,-1.3031101107447287,0.30244323244290816,0.07537501214494026,control_pose,robot_origin,robot_origin
112.16136694800025,2026-09-13T11:47:20.231268+00:00,1789300040.1945326,0.03673529624938965,2.375020117802665,-1.3031474332548145,0.30244606733322144,0.07499876144704122,control_pose,robot_origin,robot_origin
112.20822343500004,2026-09-13T11:47:20.278130+00:00,1789300040.1832838,0.09484624862670898,2.3750130082605043,-1.3031446407829517,0.3024493918107884,0.07502471129126724,control_pose,robot_origin,robot_origin
112.24923377699997,2026-09-13T11:47:20.319133+00:00,1789300040.2603865,0.0587465763092041,2.375071290898722,-1.3031383206643015,0.3024514615535736,0.07475099185437054,control_pose,robot_origin,robot_origin
112.28209283700016,2026-09-13T11:47:20.352000+00:00,1789300040.2555776,0.09642243385314941,2.3750697516923465,-1.303137558000425,0.3024523759804906,0.07476617546544748,control_pose,robot_origin,robot_origin
112.33222468500026,2026-09-13T11:47:20.402124+00:00,1789300040.3468416,0.0552823543548584,2.3750215577653497,-1.3030549693248819,0.3024579882621765,0.07482687516252735,control_pose,robot_origin,robot_origin
112.36632937499962,2026-09-13T11:47:20.436234+00:00,1789300040.3291736,0.10706043243408203,2.3750382492142723,-1.3030734215394366,0.3024560834456774,0.07479454515659562,control_pose,robot_origin,robot_origin
112.40740407300018,2026-09-13T11:47:20.477306+00:00,1789300040.403804,0.0735018253326416,2.3749860163348067,-1.3030393648904064,0.3024669885635376,0.0747022966313969,control_pose,robot_origin,robot_origin
112.43739265499971,2026-09-13T11:47:20.507231+00:00,1789300040.4008963,0.10633468627929688,2.3749878307116297,-1.3030401614909881,0.30246652910149735,0.0747086561871097,control_pose,robot_origin,robot_origin
112.46600091399978,2026-09-13T11:47:20.535900+00:00,1789300040.4569662,0.0789339542388916,2.3750270541362384,-1.3030615368303624,0.3024735450744629,0.07453555637822225,control_pose,robot_origin,robot_origin
112.48446345600041,2026-09-13T11:47:20.554367+00:00,1789300040.5101173,0.044249773025512695,2.3750583481594383,-1.3030326527932212,0.3024607002735138,0.07455300804393473,control_pose,robot_origin,robot_origin
112.50902345200029,2026-09-13T11:47:20.578927+00:00,1789300040.4716995,0.10722756385803223,2.375043439703907,-1.3030602053932139,0.302466555231615,0.07455802039179793,control_pose,robot_origin,robot_origin
112.55928900199979,2026-09-13T11:47:20.629190+00:00,1789300040.5923517,0.03683829307556152,2.3750713941223762,-1.3029685199193073,0.3024631142616272,0.0745232626783022,control_pose,robot_origin,robot_origin
112.59535538900036,2026-09-13T11:47:20.665254+00:00,1789300040.538525,0.12672901153564453,2.3750941605654448,-1.303009166290417,0.30245960119881427,0.07454134831107952,control_pose,robot_origin,robot_origin
112.63689471700036,2026-09-13T11:47:20.706801+00:00,1789300040.607863,0.09893798828125,2.375083332020473,-1.3029559227319747,0.30246740885912576,0.07449914420025826,control_pose,robot_origin,robot_origin
112.67800093599999,2026-09-13T11:47:20.747906+00:00,1789300040.7035046,0.04440140724182129,2.374264480601828,-1.3037137980460796,0.3021298050880432,0.055054412801708176,control_pose,robot_origin,robot_origin
112.6974439429996,2026-09-13T11:47:20.767345+00:00,1789300040.672777,0.09456801414489746,2.374583892514519,-1.3034175687145804,0.30226125111290875,0.06251957388708633,control_pose,robot_origin,robot_origin
112.73802651999995,2026-09-13T11:47:20.807935+00:00,1789300040.76696,0.040975093841552734,2.373278680570635,-1.3033663882300193,0.30261528491973877,0.03010837369847503,control_pose,robot_origin,robot_origin
112.76898427099968,2026-09-13T11:47:20.838892+00:00,1789300040.7467759,0.09211611747741699,2.3735922484352256,-1.3034768939621282,0.3024608612340927,0.03804194268859303,control_pose,robot_origin,robot_origin
112.82048895400021,2026-09-13T11:47:20.890382+00:00,1789300040.837016,0.05336594581604004,2.37216019735502,-1.303587412638293,0.30392777919769287,0.005843530220375687,control_pose,robot_origin,robot_origin
112.84620609499962,2026-09-13T11:47:20.916108+00:00,1789300040.8297558,0.08635210990905762,2.3722841117127738,-1.3035526679049045,0.3037883757526426,0.008421676185209283,control_pose,robot_origin,robot_origin
112.88599112799966,2026-09-13T11:47:20.955898+00:00,1789300040.9067194,0.0491786003112793,2.371174322093871,-1.30427678544699,0.3057399094104767,-0.017376487375241122,control_pose,robot_origin,robot_origin
112.92393994400027,2026-09-13T11:47:20.993843+00:00,1789300040.890636,0.10320711135864258,2.371388685082353,-1.304102716159399,0.3052771231494782,-0.011839859210921224,control_pose,robot_origin,robot_origin
112.95025829699989,2026-09-13T11:47:21.020163+00:00,1789300040.9801433,0.04001975059509277,2.3704809686135664,-1.3045871762410737,0.3093566596508026,-0.039070854300279144,control_pose,robot_origin,robot_origin
112.9808118359997,2026-09-13T11:47:21.050716+00:00,1789300040.9586797,0.09203624725341797,2.3706836551956405,-1.3044964403452468,0.30829938256883616,-0.03272892315113308,control_pose,robot_origin,robot_origin
113.00654321599995,2026-09-13T11:47:21.076450+00:00,1789300041.0367997,0.03965044021606445,2.3696290141755436,-1.304441291380257,0.3105815052986145,-0.05995715623700196,control_pose,robot_origin,robot_origin
113.0534224869998,2026-09-13T11:47:21.123329+00:00,1789300041.0309527,0.0923762321472168,2.369706996904043,-1.304465872811161,0.3104664185228314,-0.057837343722995205,control_pose,robot_origin,robot_origin
113.09219665500041,2026-09-13T11:47:21.162098+00:00,1789300041.116739,0.045358896255493164,2.368329194494644,-1.3036488830754245,0.31148433685302734,-0.0890657916387586,control_pose,robot_origin,robot_origin
113.11872625100023,2026-09-13T11:47:21.188632+00:00,1789300041.1011486,0.08748340606689453,2.368611999766358,-1.3038411169604796,0.31132762416668747,-0.08317227227410146,control_pose,robot_origin,robot_origin
113.14253516900044,2026-09-13T11:47:21.212439+00:00,1789300041.1699958,0.042443275451660156,2.3674316658939913,-1.3027557790985669,0.3118821084499359,-0.10753928459373169,control_pose,robot_origin,robot_origin
113.17424162800035,2026-09-13T11:47:21.244150+00:00,1789300041.2234166,0.020733356475830078,2.366200521671815,-1.3014707770128129,0.31246399879455566,-0.1255477610428451,control_pose,robot_origin,robot_origin
113.19647056400026,2026-09-13T11:47:21.266370+00:00,1789300041.1754541,0.09091591835021973,2.367277267256262,-1.3026037242390305,0.31193822818507033,-0.10970892265587659,control_pose,robot_origin,robot_origin
113.2469553889996,2026-09-13T11:47:21.316866+00:00,1789300041.2768185,0.040047407150268555,2.3649802733050707,-1.2999923576859147,0.31301575899124146,-0.14341293142603884,control_pose,robot_origin,robot_origin
113.27192596399982,2026-09-13T11:47:21.341833+00:00,1789300041.2452688,0.09656429290771484,2.365658782528696,-1.3008725729580894,0.31266712049893014,-0.13282799516124194,control_pose,robot_origin,robot_origin
113.31609854199996,2026-09-13T11:47:21.385997+00:00,1789300041.3301458,0.05585122108459473,2.3641017128867245,-1.2983331916361627,0.3134114146232605,-0.1616306155362026,control_pose,robot_origin,robot_origin
113.33978326099987,2026-09-13T11:47:21.409689+00:00,1789300041.317765,0.09192395210266113,2.3643056853702054,-1.298718394762331,0.31331955655615346,-0.15740115334335802,control_pose,robot_origin,robot_origin
113.36014263299967,2026-09-13T11:47:21.430015+00:00,1789300041.3870406,0.04297447204589844,2.3632077628029466,-1.2966561228514288,0.3138771653175354,-0.18188466012544088,control_pose,robot_origin,robot_origin
113.399700295,2026-09-13T11:47:21.469603+00:00,1789300041.3923812,0.07722187042236328,2.3631086924388,-1.296445353030559,0.31392626999402956,-0.1835530069436817,control_pose,robot_origin,robot_origin
113.43018285400012,2026-09-13T11:47:21.500088+00:00,1789300041.460046,0.04004192352294922,2.362347555119837,-1.2941438554273814,0.314656525850296,-0.20486339061033693,control_pose,robot_origin,robot_origin
113.47116842699961,2026-09-13T11:47:21.541071+00:00,1789300041.5133715,0.02769947052001953,2.361766045285537,-1.2922839696092878,0.3152698278427124,-0.2223241339450768,control_pose,robot_origin,robot_origin
113.47860271300033,2026-09-13T11:47:21.548502+00:00,1789300041.459005,0.08949685096740723,2.3623594331085855,-1.2941797689478398,0.3146455272017541,-0.20453809752108962,control_pose,robot_origin,robot_origin
113.51613509199979,2026-09-13T11:47:21.586015+00:00,1789300041.5667646,0.01925039291381836,2.3613640780021896,-1.2904040075860572,0.3157992660999298,-0.2402196043705949,control_pose,robot_origin,robot_origin
113.54314138300015,2026-09-13T11:47:21.613032+00:00,1789300041.5335908,0.07944130897521973,2.361583675426074,-1.2915122555743879,0.315470212783204,-0.22895330066679243,control_pose,robot_origin,robot_origin
113.57206367300023,2026-09-13T11:47:21.641969+00:00,1789300041.6202917,0.021677255630493164,2.3610091553078534,-1.2886074679956412,0.3161526620388031,-0.25749378801163575,control_pose,robot_origin,robot_origin
113.6090920910001,2026-09-13T11:47:21.679000+00:00,1789300041.5979736,0.08102631568908691,2.361173313035638,-1.289337128322048,0.31603450205751965,-0.25057115384326767,control_pose,robot_origin,robot_origin
113.64588766500037,2026-09-13T11:47:21.715764+00:00,1789300041.6732433,0.042520761489868164,2.360530588534532,-1.2868298859105733,0.31483185291290283,-0.2755293645578377,control_pose,robot_origin,robot_origin
113.68621422900014,2026-09-13T11:47:21.756115+00:00,1789300041.6619012,0.09421372413635254,2.360618363187637,-1.287211338462986,0.31513098814514257,-0.2716123753220586,control_pose,robot_origin,robot_origin
113.73552168399965,2026-09-13T11:47:21.805419+00:00,1789300041.7401943,0.06522464752197266,2.3600653529122377,-1.2848698270272705,0.3145677447319031,-0.2972234997712133,control_pose,robot_origin,robot_origin
113.75207993999993,2026-09-13T11:47:21.821986+00:00,1789300041.7304437,0.09154224395751953,2.3601356325877516,-1.2851571989960853,0.3145964280841158,-0.29403448281590416,control_pose,robot_origin,robot_origin
113.77608774800046,2026-09-13T11:47:21.845993+00:00,1789300041.806695,0.039298057556152344,2.359529567495233,-1.2833910472204808,0.314969927072525,-0.3201854613218238,control_pose,robot_origin,robot_origin
113.81711412200002,2026-09-13T11:47:21.887018+00:00,1789300041.797912,0.08910608291625977,2.359603489745894,-1.2835824680969923,0.31491441207708626,-0.31726202417585825,control_pose,robot_origin,robot_origin
113.82326057000046,2026-09-13T11:47:21.893163+00:00,1789300041.8600433,0.03311967849731445,2.359090644598376,-1.282317318564335,0.3152458369731903,-0.33600986195027077,control_pose,robot_origin,robot_origin
113.85699442500027,2026-09-13T11:47:21.926903+00:00,1789300041.9168406,0.010062456130981445,2.35896545601082,-1.2814123438105292,0.3156116306781769,-0.35197384505496165,control_pose,robot_origin,robot_origin
113.90316786899984,2026-09-13T11:47:21.973072+00:00,1789300041.8674226,0.10564947128295898,2.358990188296854,-1.2821552461363028,0.3153191165050827,-0.33850978050455816,control_pose,robot_origin,robot_origin
113.9432149309996,2026-09-13T11:47:22.013114+00:00,1789300041.9323456,0.08076834678649902,2.3589623911451105,-1.2811862073646063,0.31567515638793414,-0.3562902981267058,control_pose,robot_origin,robot_origin
113.97552372399969,2026-09-13T11:47:22.045430+00:00,1789300041.989891,0.05553889274597168,2.359122093484062,-1.2804243205421577,0.3157789409160614,-0.37270017735750605,control_pose,robot_origin,robot_origin
113.9880755109998,2026-09-13T11:47:22.057977+00:00,1789300042.0465457,0.011431217193603516,2.3596203348452103,-1.2798076658949387,0.31615743041038513,-0.3889983776978223,control_pose,robot_origin,robot_origin
114.02309592500023,2026-09-13T11:47:22.093002+00:00,1789300042.0071218,0.08588027954101562,2.35926438194159,-1.280179206909503,0.3158755422928516,-0.37779659968434615,control_pose,robot_origin,robot_origin
114.06147733699981,2026-09-13T11:47:22.131374+00:00,1789300042.1002727,0.031101226806640625,2.3600635417219413,-1.2793863145061768,0.31646549701690674,-0.4038192477302813,control_pose,robot_origin,robot_origin
114.08605406799961,2026-09-13T11:47:22.155952+00:00,1789300042.0755455,0.08040642738342285,2.3598268385201786,-1.279533734051645,0.31635283572977124,-0.39683011893894465,control_pose,robot_origin,robot_origin
114.13066157899993,2026-09-13T11:47:22.200569+00:00,1789300042.1575823,0.04298663139343262,2.3604519911836976,-1.279281883141425,0.316439688205719,-0.4204179383540238,control_pose,robot_origin,robot_origin
114.16612236699984,2026-09-13T11:47:22.236031+00:00,1789300042.1442935,0.09173750877380371,2.3603550114237515,-1.279292718548891,0.31645144506742945,-0.4166503419550758,control_pose,robot_origin,robot_origin
114.19853596400026,2026-09-13T11:47:22.268433+00:00,1789300042.223279,0.04515409469604492,2.3608267083583723,-1.2791524646552808,0.31639304757118225,-0.4402425154683979,control_pose,robot_origin,robot_origin
114.22129724600018,2026-09-13T11:47:22.291203+00:00,1789300042.212984,0.07821893692016602,2.3607746617144283,-1.2791584468175046,0.31637224221391586,-0.4372849162358559,control_pose,robot_origin,robot_origin
114.25105749700015,2026-09-13T11:47:22.320972+00:00,1789300042.2832718,0.03770017623901367,2.3612016074213242,-1.2788772087344324,0.31721290946006775,-0.4568357533138501,control_pose,robot_origin,robot_origin
114.28322951500013,2026-09-13T11:47:22.353133+00:00,1789300042.3366468,0.016486167907714844,2.361402104901244,-1.2782211731420998,0.31777793169021606,-0.4716965834851436,control_pose,robot_origin,robot_origin
114.31243978699968,2026-09-13T11:47:22.382346+00:00,1789300042.2869253,0.09542059898376465,2.3612280148671805,-1.278846822413044,0.3172595731310838,-0.45766127932618045,control_pose,robot_origin,robot_origin
114.36266114200043,2026-09-13T11:47:22.432559+00:00,1789300042.3581312,0.07442784309387207,2.361418515124658,-1.2778678882149994,0.3178855151404018,-0.4783091814781961,control_pose,robot_origin,robot_origin
114.3966116800002,2026-09-13T11:47:22.466514+00:00,1789300042.426486,0.04002809524536133,2.3616973856719605,-1.2767261999475286,0.3178773820400238,-0.5001065995293696,control_pose,robot_origin,robot_origin
114.43365152099977,2026-09-13T11:47:22.503559+00:00,1789300042.427086,0.07647299766540527,2.361702903720012,-1.2767347543790266,0.3178771795842299,-0.5003610696868562,control_pose,robot_origin,robot_origin
114.45289461399989,2026-09-13T11:47:22.522803+00:00,1789300042.4865055,0.03629755973815918,2.3623324360271813,-1.2751782228400177,0.31782862544059753,-0.5232298747851465,control_pose,robot_origin,robot_origin
114.49882356600028,2026-09-13T11:47:22.568729+00:00,1789300042.540085,0.02864384651184082,2.3620839955656936,-1.27263515814371,0.3174057900905609,-0.5431593369697472,control_pose,robot_origin,robot_origin
114.51154553699962,2026-09-13T11:47:22.581450+00:00,1789300042.4957922,0.08565783500671387,2.3623098135724323,-1.2747078880882048,0.31777208521019373,-0.5272214443678856,control_pose,robot_origin,robot_origin
114.54987513800006,2026-09-13T11:47:22.619776+00:00,1789300042.5934658,0.026310205459594727,2.3618675111982306,-1.270018485402801,0.3163386881351471,-0.5660321000849273,control_pose,robot_origin,robot_origin
114.59742781800014,2026-09-13T11:47:22.667348+00:00,1789300042.5774117,0.0899362564086914,2.361922946850646,-1.2707216133037762,0.31660379876233713,-0.5591586017270147,control_pose,robot_origin,robot_origin
114.62001638699985,2026-09-13T11:47:22.689921+00:00,1789300042.6465387,0.04338216781616211,2.3620263046339516,-1.267533863220507,0.3154575526714325,-0.5901609053332794,control_pose,robot_origin,robot_origin
114.65769802100021,2026-09-13T11:47:22.727601+00:00,1789300042.6313028,0.0962982177734375,2.361946034091123,-1.2682416245546828,0.31569875335676995,-0.5832415428971788,control_pose,robot_origin,robot_origin
114.69066623799972,2026-09-13T11:47:22.760574+00:00,1789300042.7249367,0.03563737869262695,2.3627967678696846,-1.2656644018853265,0.31486213207244873,-0.6214415719823021,control_pose,robot_origin,robot_origin
114.72681025899965,2026-09-13T11:47:22.796714+00:00,1789300042.711892,0.08482217788696289,2.362668876433868,-1.2658801608531807,0.3149132592110772,-0.6165840484004601,control_pose,robot_origin,robot_origin
114.7682589269998,2026-09-13T11:47:22.834620+00:00,1789300042.7938285,0.04079151153564453,2.3641318931925026,-1.2646930725489858,0.3143165409564972,-0.6508122855048784,control_pose,robot_origin,robot_origin
114.78779832199962,2026-09-13T11:47:22.857718+00:00,1789300042.77897,0.07874798774719238,2.363799679265155,-1.2648658039483973,0.3143115163933935,-0.6448654802748532,control_pose,robot_origin,robot_origin
114.83149753199996,2026-09-13T11:47:22.901398+00:00,1789300042.853721,0.047677040100097656,2.362535850036863,-1.266162745145739,0.313570111989975,-0.6800834160195725,control_pose,robot_origin,robot_origin
114.84842086200024,2026-09-13T11:47:22.918171+00:00,1789300042.8463786,0.0717923641204834,2.3627119731431945,-1.2659653032144984,0.31366733432445293,-0.6764879623558777,control_pose,robot_origin,robot_origin
114.87893763000011,2026-09-13T11:47:22.948843+00:00,1789300042.9064693,0.0423736572265625,2.3618222104451383,-1.26438989911246,0.3131103515625,-0.7074114405957662,control_pose,robot_origin,robot_origin
114.8990411169998,2026-09-13T11:47:22.968953+00:00,1789300042.9600732,0.008879661560058594,2.362548484586207,-1.2616578902192872,0.31260916590690613,-0.7313872216477967,control_pose,robot_origin,robot_origin
114.93337189700014,2026-09-13T11:47:23.003271+00:00,1789300042.9175692,0.08570194244384766,2.361889173654184,-1.2639309730322843,0.3130129877899029,-0.7119647285996049,control_pose,robot_origin,robot_origin
114.97304460400028,2026-09-13T11:47:23.042956+00:00,1789300043.0132208,0.029735326766967773,2.364515609953143,-1.2601586048115943,0.31098052859306335,-0.7518031837055681,control_pose,robot_origin,robot_origin
114.98904830500032,2026-09-13T11:47:23.058898+00:00,1789300042.9862049,0.0726931095123291,2.363322656686401,-1.2598837158598595,0.31210198283784824,-0.7436009757195899,control_pose,robot_origin,robot_origin
115.03369856900008,2026-09-13T11:47:23.103609+00:00,1789300043.0665026,0.03710651397705078,2.3653199286105613,-1.2580343017818463,0.31024324893951416,-0.7432012952841208,control_pose,robot_origin,robot_origin
115.07403626900032,2026-09-13T11:47:23.143939+00:00,1789300043.1198416,0.024097442626953125,2.3653587008653227,-1.25779989146691,0.31010526418685913,-0.7336473877582549,control_pose,robot_origin,robot_origin
115.08619414799978,2026-09-13T11:47:23.156067+00:00,1789300043.0543647,0.10170221328735352,2.3653678657634734,-1.2585002440679722,0.3104442154112279,-0.7464122867750587,control_pose,robot_origin,robot_origin
115.15396545600015,2026-09-13T11:47:23.223872+00:00,1789300043.1264098,0.09746217727661133,2.3654643988031006,-1.2577663709303384,0.3100628703681879,-0.7330202252028292,control_pose,robot_origin,robot_origin
115.19034548899981,2026-09-13T11:47:23.260237+00:00,1789300043.20658,0.05365705490112305,2.367364095042288,-1.2572792785546103,0.30986741185188293,-0.7256920491199881,control_pose,robot_origin,robot_origin
115.21723900600045,2026-09-13T11:47:23.287141+00:00,1789300043.198287,0.08885407447814941,2.367190119067418,-1.2572948509953112,0.3098685795798545,-0.7264469808823172,control_pose,robot_origin,robot_origin
115.24105726800008,2026-09-13T11:47:23.310962+00:00,1789300043.2698288,0.04113316535949707,2.368578132415669,-1.2570058514794504,0.3096206486225128,-0.719524245401161,control_pose,robot_origin,robot_origin
115.26898385999993,2026-09-13T11:47:23.338887+00:00,1789300043.323514,0.015372991561889648,2.369136784763919,-1.2569147322548795,0.30959171056747437,-0.71491216640858,control_pose,robot_origin,robot_origin
115.28925801100013,2026-09-13T11:47:23.359162+00:00,1789300043.2733228,0.08583927154541016,2.36865157422237,-1.2569725434779409,0.3096117019009024,-0.7191513903460387,control_pose,robot_origin,robot_origin
115.34952171700024,2026-09-13T11:47:23.419428+00:00,1789300043.3420317,0.07739639282226562,2.3695333943279335,-1.2566861763545552,0.30956216922471286,-0.7138020231183597,control_pose,robot_origin,robot_origin
115.38665775499976,2026-09-13T11:47:23.456557+00:00,1789300043.4132278,0.04332923889160156,2.3705777046456653,-1.2560893662905839,0.3092762529850006,-0.709756830112178,control_pose,robot_origin,robot_origin
115.4182025099999,2026-09-13T11:47:23.488109+00:00,1789300043.405302,0.08280706405639648,2.3704722012080905,-1.2561452539879874,0.3093077867830312,-0.7102150298558858,control_pose,robot_origin,robot_origin
115.44960277700011,2026-09-13T11:47:23.519512+00:00,1789300043.469794,0.04971790313720703,2.371006130407154,-1.2557834650054696,0.3091408610343933,-0.7065383167097244,control_pose,robot_origin,robot_origin
115.4838256160001,2026-09-13T11:47:23.553730+00:00,1789300043.4750848,0.07864522933959961,2.371053339901107,-1.2557602106141026,0.3091265001403415,-0.7063147364976011,control_pose,robot_origin,robot_origin
115.52165784800036,2026-09-13T11:47:23.591561+00:00,1789300043.5464082,0.045152902603149414,2.3714531819261517,-1.2554573343722248,0.30899864435195923,-0.7030544443411477,control_pose,robot_origin,robot_origin
115.5706104689998,2026-09-13T11:47:23.640528+00:00,1789300043.5456078,0.09492015838623047,2.371448727233085,-1.2554599472304089,0.30900026333321473,-0.703090989692684,control_pose,robot_origin,robot_origin
115.59602247299972,2026-09-13T11:47:23.665848+00:00,1789300043.629862,0.03598594665527344,2.371747703840162,-1.2551803770197356,0.3088729679584503,-0.699463846666639,control_pose,robot_origin,robot_origin
115.6710116080003,2026-09-13T11:47:23.740912+00:00,1789300043.6244102,0.1165018081665039,2.371735532320686,-1.2552000256177787,0.30887511978157395,-0.6996932116925498,control_pose,robot_origin,robot_origin
115.70967751399985,2026-09-13T11:47:23.779580+00:00,1789300043.7335868,0.04599332809448242,2.371972676255598,-1.2549108087613934,0.30876487493515015,-0.6965415451965102,control_pose,robot_origin,robot_origin
115.74142163800025,2026-09-13T11:47:23.811317+00:00,1789300043.6916046,0.11971235275268555,2.3718946106845333,-1.2550142679998957,0.30879997834008804,-0.6976689993459368,control_pose,robot_origin,robot_origin
115.79136381100034,2026-09-13T11:47:23.861279+00:00,1789300043.756867,0.10441207885742188,2.3719787898179217,-1.254912556763622,0.30878125211856666,-0.6961004571640859,control_pose,robot_origin,robot_origin
115.84333901300033,2026-09-13T11:47:23.913251+00:00,1789300043.8503656,0.06288528442382812,2.372073785190876,-1.255029093222873,0.3087601661682129,-0.6952774943234002,control_pose,robot_origin,robot_origin
115.84723984500033,2026-09-13T11:47:23.917144+00:00,1789300043.82437,0.0927741527557373,2.3720421671467484,-1.2549885981786795,0.30877244837062784,-0.6954361658138623,control_pose,robot_origin,robot_origin
115.88770059099988,2026-09-13T11:47:23.957597+00:00,1789300043.9164033,0.04119372367858887,2.3720151294860696,-1.2551000455784938,0.3087669610977173,-0.6936844415117218,control_pose,robot_origin,robot_origin
115.91031876200032,2026-09-13T11:47:23.980159+00:00,1789300043.8987417,0.08141732215881348,2.372021574954665,-1.2550919441549344,0.30876750033413136,-0.6939964368726744,control_pose,robot_origin,robot_origin
115.93814586099961,2026-09-13T11:47:24.008054+00:00,1789300043.9733388,0.03471517562866211,2.3720414919917627,-1.2550751610825648,0.30878186225891113,-0.6930184936810981,control_pose,robot_origin,robot_origin
115.98044871300044,2026-09-13T11:47:24.050353+00:00,1789300043.9700181,0.08033490180969238,2.3720399544263513,-1.2550766124446118,0.3087809931643603,-0.6930573369215063,control_pose,robot_origin,robot_origin
116.0079770780003,2026-09-13T11:47:24.077850+00:00,1789300044.0430913,0.034758806228637695,2.372117860704952,-1.2549812443762467,0.30876997113227844,-0.6914078787093304,control_pose,robot_origin,robot_origin
116.05208990699975,2026-09-13T11:47:24.121993+00:00,1789300044.0375278,0.08446526527404785,2.3721142876626122,-1.2549849313528765,0.3087658476381822,-0.6915193147245516,control_pose,robot_origin,robot_origin
116.08402751300036,2026-09-13T11:47:24.153906+00:00,1789300044.1132991,0.04060697555541992,2.3721851957085724,-1.2548607257346174,0.3087114095687866,-0.6903883963908315,control_pose,robot_origin,robot_origin
116.12114591699992,2026-09-13T11:47:24.190968+00:00,1789300044.1112254,0.0797426700592041,2.3721854895074115,-1.2548656901758015,0.3087115732036541,-0.6904122544838407,control_pose,robot_origin,robot_origin
116.15487561099962,2026-09-13T11:47:24.224780+00:00,1789300044.194448,0.030332088470458984,2.3722427847453664,-1.2546173078595468,0.30866193771362305,-0.6886302341883755,control_pose,robot_origin,robot_origin
116.19177352499992,2026-09-13T11:47:24.261671+00:00,1789300044.175979,0.08569216728210449,2.3722296947583628,-1.2546746967427125,0.30866207120051314,-0.6890326349831657,control_pose,robot_origin,robot_origin
116.23106749300041,2026-09-13T11:47:24.300972+00:00,1789300044.2678277,0.033144235610961914,2.372425221524248,-1.2545181866763757,0.30859220027923584,-0.6875028098038855,control_pose,robot_origin,robot_origin
116.25930699699984,2026-09-13T11:47:24.329217+00:00,1789300044.2500308,0.07918620109558105,2.372378045788247,-1.254535354616243,0.30860770068426097,-0.6877440385474437,control_pose,robot_origin,robot_origin
116.29308494900033,2026-09-13T11:47:24.362974+00:00,1789300044.3198168,0.043157100677490234,2.372522522108388,-1.254511839755215,0.30856621265411377,-0.6869270011602583,control_pose,robot_origin,robot_origin
116.32906461000039,2026-09-13T11:47:24.398970+00:00,1789300044.317606,0.08136391639709473,2.372517924368356,-1.2545109219087731,0.3085671445815782,-0.6869426879618736,control_pose,robot_origin,robot_origin
116.34970914699988,2026-09-13T11:47:24.419582+00:00,1789300044.379762,0.039819955825805664,2.3725810325979135,-1.254427000404501,0.30856016278266907,-0.6859335128500329,control_pose,robot_origin,robot_origin
116.37628495199988,2026-09-13T11:47:24.446191+00:00,1789300044.4333334,0.012857675552368164,2.3726398784873477,-1.254430603186848,0.30857881903648376,-0.6850998007023,control_pose,robot_origin,robot_origin
116.39396953600044,2026-09-13T11:47:24.463874+00:00,1789300044.3899913,0.0738828182220459,2.3725854552766785,-1.2544184148881763,0.30856012406378724,-0.6857608932129522,control_pose,robot_origin,robot_origin
116.42539719599972,2026-09-13T11:47:24.495299+00:00,1789300044.4870143,0.008284807205200195,2.372753334565584,-1.254491908956294,0.30858978629112244,-0.6845523563658227,control_pose,robot_origin,robot_origin
116.47954495199974,2026-09-13T11:47:24.549380+00:00,1789300044.4554381,0.09394192695617676,2.3726991357663114,-1.2544485042205689,0.3085885594570869,-0.6848946907537181,control_pose,robot_origin,robot_origin
116.50860792000003,2026-09-13T11:47:24.578514+00:00,1789300044.543061,0.035453081130981445,2.3728338111459486,-1.2545759273419177,0.3085971176624298,-0.6841640036564862,control_pose,robot_origin,robot_origin
116.53396740900007,2026-09-13T11:47:24.603871+00:00,1789300044.5314891,0.07238197326660156,2.3728342845907258,-1.2545439956659759,0.30859032545411264,-0.6842267888566419,control_pose,robot_origin,robot_origin
116.5781156639996,2026-09-13T11:47:24.648032+00:00,1789300044.5964284,0.05160355567932129,2.372847374473231,-1.2546516934217373,0.30859220027923584,-0.6839349122610764,control_pose,robot_origin,robot_origin
116.61224291399958,2026-09-13T11:47:24.682147+00:00,1789300044.5973608,0.08478617668151855,2.3728344575960376,-1.2546295397137506,0.30860885691378326,-0.683920362864048,control_pose,robot_origin,robot_origin
116.6372732990003,2026-09-13T11:47:24.707180+00:00,1789300044.6629255,0.04425454139709473,2.3730876020776215,-1.2553360242502216,0.3097003102302551,-0.703064316713803,control_pose,robot_origin,robot_origin
116.65063030900001,2026-09-13T11:47:24.720537+00:00,1789300044.7133255,0.007211446762084961,2.373791295772381,-1.2551760026463776,0.31001636385917664,-0.7224278992104434,control_pose,robot_origin,robot_origin
116.6750608250004,2026-09-13T11:47:24.744961+00:00,1789300044.6689909,0.07597017288208008,2.373176406609113,-1.255379004095062,0.30972551748776334,-0.7055143502761737,control_pose,robot_origin,robot_origin
116.71002632399995,2026-09-13T11:47:24.779402+00:00,1789300044.7704065,0.008995532989501953,2.374708034326948,-1.2546685420242403,0.310827374458313,-0.7392803292731737,control_pose,robot_origin,robot_origin
116.75577859399982,2026-09-13T11:47:24.825648+00:00,1789300044.7488902,0.07675790786743164,2.374382382681977,-1.2549152819491243,0.31050595460850233,-0.7327730031386894,control_pose,robot_origin,robot_origin
116.78787415900024,2026-09-13T11:47:24.857781+00:00,1789300044.823222,0.034559011459350586,2.375568287134958,-1.2542857108632415,0.31111761927604675,-0.7570566325258808,control_pose,robot_origin,robot_origin
116.81917259700003,2026-09-13T11:47:24.889080+00:00,1789300044.8090029,0.0800771713256836,2.375329631093966,-1.2543881497703615,0.3110442902137977,-0.7520701623418548,control_pose,robot_origin,robot_origin
116.84897429000011,2026-09-13T11:47:24.918877+00:00,1789300044.874049,0.044827938079833984,2.3763865872292014,-1.2538718942551683,0.31141602993011475,-0.7712823657993301,control_pose,robot_origin,robot_origin
116.89883546599958,2026-09-13T11:47:24.968739+00:00,1789300044.8746111,0.09412789344787598,2.376395745925093,-1.253868503826769,0.3114215848058674,-0.7715117413383055,control_pose,robot_origin,robot_origin
116.94481120399996,2026-09-13T11:47:25.014714+00:00,1789300044.9597535,0.05496048927307129,2.377211096053135,-1.2538240014578743,0.3108707666397095,-0.7800969805153948,control_pose,robot_origin,robot_origin
116.97005366299982,2026-09-13T11:47:25.039962+00:00,1789300044.948478,0.09148406982421875,2.3771031952519484,-1.2539403234944984,0.311034367399542,-0.7817703013014634,control_pose,robot_origin,robot_origin
116.99382334599977,2026-09-13T11:47:25.063734+00:00,1789300045.025265,0.03846907615661621,2.3777519638294278,-1.2530949026712621,0.31128671765327454,-0.7638468872815313,control_pose,robot_origin,robot_origin
117.02948420699977,2026-09-13T11:47:25.099375+00:00,1789300045.0828435,0.01653146743774414,2.3773236938189357,-1.2538384562840692,0.31106120347976685,-0.7588899770047159,control_pose,robot_origin,robot_origin
117.04409020599996,2026-09-13T11:47:25.113992+00:00,1789300045.0214388,0.09255313873291016,2.377751356875952,-1.2531015266855254,0.3112637116519976,-0.764672250603509,control_pose,robot_origin,robot_origin
117.08278225600043,2026-09-13T11:47:25.152683+00:00,1789300045.1347919,0.01789116859436035,2.377551108197294,-1.254058417244836,0.31092628836631775,-0.7546245639780814,control_pose,robot_origin,robot_origin
117.10617319999983,2026-09-13T11:47:25.176079+00:00,1789300045.098451,0.07762813568115234,2.3773287594594614,-1.253956004168073,0.31102388941954284,-0.757523255424947,control_pose,robot_origin,robot_origin
117.14963457300018,2026-09-13T11:47:25.219533+00:00,1789300045.1863823,0.033150672912597656,2.377908144887869,-1.254240434933035,0.31079408526420593,-0.7504858860949389,control_pose,robot_origin,robot_origin
117.17337251000026,2026-09-13T11:47:25.243292+00:00,1789300045.160339,0.08295297622680664,2.377740929834269,-1.254143249815297,0.31084951818678475,-0.7524911650703909,control_pose,robot_origin,robot_origin
117.2110841599997,2026-09-13T11:47:25.280989+00:00,1789300045.236395,0.04459404945373535,2.3782850407497844,-1.2543863018259902,0.3107180893421173,-0.7465243642921162,control_pose,robot_origin,robot_origin
117.23183843100014,2026-09-13T11:47:25.300890+00:00,1789300045.2324085,0.0684814453125,2.3782552142602724,-1.2543825518181189,0.3107244869815918,-0.7467954077891308,control_pose,robot_origin,robot_origin
117.2514586289999,2026-09-13T11:47:25.321360+00:00,1789300045.2895489,0.03181123733520508,2.378597879564853,-1.254469419258589,0.3106498718261719,-0.7424767991151909,control_pose,robot_origin,robot_origin
117.30290829899968,2026-09-13T11:47:25.372789+00:00,1789300045.3016915,0.07109737396240234,2.378679716734111,-1.2544824073505128,0.31061640563282067,-0.741627096708102,control_pose,robot_origin,robot_origin
117.31792484699963,2026-09-13T11:47:25.387831+00:00,1789300045.343051,0.04478001594543457,2.379002718733238,-1.254368138208089,0.3105171322822571,-0.7389331864469515,control_pose,robot_origin,robot_origin
117.33139591100007,2026-09-13T11:47:25.401301+00:00,1789300045.3937664,0.007534503936767578,2.3792313150156854,-1.254361744561629,0.31043902039527893,-0.7363651170179634,control_pose,robot_origin,robot_origin
117.38376706700001,2026-09-13T11:47:25.453670+00:00,1789300045.3697507,0.08391928672790527,2.379140856729515,-1.2543721223212414,0.3104734371567552,-0.7373978788169909,control_pose,robot_origin,robot_origin
117.41501097400032,2026-09-13T11:47:25.484915+00:00,1789300045.44631,0.0386049747467041,2.3796380617826944,-1.2542338576820427,0.31021714210510254,-0.7331236309596022,control_pose,robot_origin,robot_origin
117.447804077,2026-09-13T11:47:25.517704+00:00,1789300045.4410863,0.07661771774291992,2.3796211801826384,-1.2542341211448642,0.3102282771917998,-0.7334183747035213,control_pose,robot_origin,robot_origin
117.47363446899999,2026-09-13T11:47:25.543539+00:00,1789300045.4999316,0.043607473373413086,2.379667833666681,-1.2541322191536772,0.31017306447029114,-0.7299939615442032,control_pose,robot_origin,robot_origin
117.51538465399972,2026-09-13T11:47:25.585284+00:00,1789300045.507026,0.07825803756713867,2.379657388764527,-1.2541217527539956,0.31015828283804153,-0.7296711413959619,control_pose,robot_origin,robot_origin
117.52606204400035,2026-09-13T11:47:25.595966+00:00,1789300045.5532913,0.04267477989196777,2.3797020089385605,-1.2539878191111935,0.31005555391311646,-0.7277216123990162,control_pose,robot_origin,robot_origin
117.55473913700007,2026-09-13T11:47:25.624643+00:00,1789300045.6034555,0.021187543869018555,2.3796963444223826,-1.2539029324623763,0.3099967837333679,-0.725575991110783,control_pose,robot_origin,robot_origin
117.57987775099991,2026-09-13T11:47:25.649776+00:00,1789300045.5765133,0.07326269149780273,2.3797217459379922,-1.253958000771896,0.3100113461806376,-0.7267323920634188,control_pose,robot_origin,robot_origin
117.61164545999964,2026-09-13T11:47:25.681553+00:00,1789300045.6600342,0.021518707275390625,2.3796491646196203,-1.2539651136589893,0.30994918942451477,-0.7241478377577603,control_pose,robot_origin,robot_origin
117.64634003300034,2026-09-13T11:47:25.716226+00:00,1789300045.6450853,0.07114076614379883,2.379678239749969,-1.2539540781478937,0.30997316755421134,-0.7244555322186809,control_pose,robot_origin,robot_origin
117.68034238000018,2026-09-13T11:47:25.750247+00:00,1789300045.716612,0.03363490104675293,2.3796293888719617,-1.2540386004745359,0.30989906191825867,-0.722934923310496,control_pose,robot_origin,robot_origin
117.7255179169997,2026-09-13T11:47:25.795421+00:00,1789300045.7186716,0.07674932479858398,2.3796294901137776,-1.2540391460957705,0.30989315378862614,-0.7228798892678152,control_pose,robot_origin,robot_origin
117.76662618200044,2026-09-13T11:47:25.836530+00:00,1789300045.796263,0.040266990661621094,2.379584930876195,-1.25406279004426,0.30985376238822937,-0.720678933413561,control_pose,robot_origin,robot_origin
117.79400538699974,2026-09-13T11:47:25.863912+00:00,1789300045.7865624,0.07734966278076172,2.379590264130675,-1.2540634370078516,0.3098538411634117,-0.7209255803165918,control_pose,robot_origin,robot_origin
117.82612047299972,2026-09-13T11:47:25.896028+00:00,1789300045.8495965,0.046431541442871094,2.3795088681178957,-1.2540967164699488,0.3097994327545166,-0.7185488752078913,control_pose,robot_origin,robot_origin
117.8599813410001,2026-09-13T11:47:25.929876+00:00,1789300045.8521295,0.07774662971496582,2.3795052597259048,-1.2540940866873072,0.30979484514719846,-0.7184631759141328,control_pose,robot_origin,robot_origin
117.87638906099983,2026-09-13T11:47:25.946267+00:00,1789300045.903144,0.04312300682067871,2.3795034875426553,-1.2540213682976638,0.30972665548324585,-0.7168445750070109,control_pose,robot_origin,robot_origin
117.89462106300016,2026-09-13T11:47:25.964527+00:00,1789300045.9564385,0.008088350296020508,2.3794643236445703,-1.2540092953612056,0.30971258878707886,-0.7158261132434405,control_pose,robot_origin,robot_origin
117.93722533799973,2026-09-13T11:47:26.007130+00:00,1789300045.9304967,0.07663321495056152,2.3794967614689053,-1.2540069155681743,0.30972812961339724,-0.7161879903448253,control_pose,robot_origin,robot_origin
117.97101877800014,2026-09-13T11:47:26.040924+00:00,1789300046.0098562,0.031067848205566406,2.37940466268148,-1.2540146469748412,0.3096939027309418,-0.7151500405578652,control_pose,robot_origin,robot_origin
118.0096740580002,2026-09-13T11:47:26.079577+00:00,1789300045.9997663,0.07981061935424805,2.379420595356901,-1.2540226318818442,0.3097034960938056,-0.715338031481283,control_pose,robot_origin,robot_origin
118.03514280000036,2026-09-13T11:47:26.105042+00:00,1789300046.0661752,0.03886675834655762,2.3793168348884994,-1.2540332176720823,0.309662401676178,-0.7139085343903083,control_pose,robot_origin,robot_origin
118.08997945299961,2026-09-13T11:47:26.159882+00:00,1789300046.069599,0.09028315544128418,2.3793179008721137,-1.2540297518351733,0.30965853435789076,-0.7137997714410539,control_pose,robot_origin,robot_origin
118.12618526799997,2026-09-13T11:47:26.196087+00:00,1789300046.147599,0.04848790168762207,2.379403132830875,-1.2541173041226092,0.30956903100013733,-0.7124551868777387,control_pose,robot_origin,robot_origin
118.15889475099993,2026-09-13T11:47:26.228792+00:00,1789300046.1356013,0.09319067001342773,2.3793889374698525,-1.254101980741779,0.30958063287101917,-0.7126449509559759,control_pose,robot_origin,robot_origin
118.19217309400028,2026-09-13T11:47:26.262077+00:00,1789300046.2264159,0.03566122055053711,2.3794911252826254,-1.2541015622096303,0.30953365564346313,-0.7114387434552221,control_pose,robot_origin,robot_origin
118.22320396600026,2026-09-13T11:47:26.293109+00:00,1789300046.2087536,0.08435535430908203,2.37946303675136,-1.254105344734398,0.30954273765078766,-0.71165833944825,control_pose,robot_origin,robot_origin
118.26391301100011,2026-09-13T11:47:26.333816+00:00,1789300046.2829287,0.050887346267700195,2.3795592174874636,-1.254072244257213,0.3095284700393677,-0.7107068335716075,control_pose,robot_origin,robot_origin
118.29254312499961,2026-09-13T11:47:26.362445+00:00,1789300046.2793992,0.08304595947265625,2.3795533357980574,-1.254072268010465,0.30952864323751195,-0.7107565040844351,control_pose,robot_origin,robot_origin
118.32127804399988,2026-09-13T11:47:26.391181+00:00,1789300046.3528101,0.03837084770202637,2.379622873041773,-1.2541236083524083,0.30953314900398254,-0.710168175890541,control_pose,robot_origin,robot_origin
118.3700894399999,2026-09-13T11:47:26.439958+00:00,1789300046.3450196,0.09493851661682129,2.379615676382103,-1.2541162221202118,0.309533125728283,-0.7102156554292329,control_pose,robot_origin,robot_origin
118.40745880099985,2026-09-13T11:47:26.477352+00:00,1789300046.436874,0.04047799110412598,2.3796397671334963,-1.254230186593086,0.309535950422287,-0.7099132348904882,control_pose,robot_origin,robot_origin
118.43365599499975,2026-09-13T11:47:26.503560+00:00,1789300046.4164484,0.0871117115020752,2.3796524871480265,-1.2542164315669284,0.3095370156911577,-0.7100540484961148,control_pose,robot_origin,robot_origin
118.44298634299957,2026-09-13T11:47:26.512892+00:00,1789300046.4895868,0.023305177688598633,2.379529487544332,-1.2542260410220814,0.3095332384109497,-0.7092997335793816,control_pose,robot_origin,robot_origin
118.48519766899972,2026-09-13T11:47:26.555100+00:00,1789300046.5399294,0.015170574188232422,2.3794085981277227,-1.2542336354179282,0.3095144033432007,-0.7086562809667988,control_pose,robot_origin,robot_origin
118.49660459900042,2026-09-13T11:47:26.566500+00:00,1789300046.4938068,0.0726931095123291,2.3795284961491427,-1.2542346046322774,0.30953255175597594,-0.7092614275873153,control_pose,robot_origin,robot_origin
118.5639796610003,2026-09-13T11:47:26.633755+00:00,1789300046.55154,0.0822150707244873,2.379394544719253,-1.254237341961339,0.3095177205253458,-0.7085031391611419,control_pose,robot_origin,robot_origin
118.585584853,2026-09-13T11:47:26.655376+00:00,1789300046.612847,0.04252886772155762,2.379262446517938,-1.2542703454929844,0.3095114827156067,-0.7078228057459935,control_pose,robot_origin,robot_origin
118.60940826699971,2026-09-13T11:47:26.679313+00:00,1789300046.6629632,0.01634979248046875,2.3791588483337867,-1.254317981733775,0.30942991375923157,-0.7068298334670325,control_pose,robot_origin,robot_origin
118.63831055399987,2026-09-13T11:47:26.708211+00:00,1789300046.6267235,0.08148741722106934,2.379204626810056,-1.2542626668617132,0.3094905461712453,-0.7076081635543581,control_pose,robot_origin,robot_origin
118.6948597390001,2026-09-13T11:47:26.764762+00:00,1789300046.726156,0.03860592842102051,2.3789917882157012,-1.254332769872828,0.3094029724597931,-0.7051789838665384,control_pose,robot_origin,robot_origin
118.71562479400018,2026-09-13T11:47:26.785523+00:00,1789300046.6936493,0.0918736457824707,2.3790646982239223,-1.2543230067939755,0.3094175546515193,-0.7060221389191893,control_pose,robot_origin,robot_origin
118.74374336300025,2026-09-13T11:47:26.813659+00:00,1789300046.7777212,0.03593778610229492,2.378915906531168,-1.254349956965577,0.30934250354766846,-0.704066190103364,control_pose,robot_origin,robot_origin
118.76752661400042,2026-09-13T11:47:26.837427+00:00,1789300046.7662323,0.07119464874267578,2.3789353280825916,-1.2543610222661872,0.3093496208837914,-0.704290287952289,control_pose,robot_origin,robot_origin
118.8040799979999,2026-09-13T11:47:26.873985+00:00,1789300046.8296773,0.044307708740234375,2.3788315871152617,-1.254372874883454,0.3093501925468445,-0.7029737290849593,control_pose,robot_origin,robot_origin
118.85048340400044,2026-09-13T11:47:26.920336+00:00,1789300046.8334014,0.08693456649780273,2.3788315871152617,-1.254372874883454,0.3093501925468445,-0.7029737290849593,control_pose,robot_origin,robot_origin
118.8766275070002,2026-09-13T11:47:26.946537+00:00,1789300046.8997064,0.04683065414428711,2.3787944565875927,-1.254359141323833,0.3093601167201996,-0.7019237535419482,control_pose,robot_origin,robot_origin
118.89428255300027,2026-09-13T11:47:26.964182+00:00,1789300046.9511232,0.013058662414550781,2.378733895803854,-1.2542666994586251,0.3094111382961273,-0.7004305437605044,control_pose,robot_origin,robot_origin
118.92321002500012,2026-09-13T11:47:26.993113+00:00,1789300046.9053926,0.08772039413452148,2.3787894848534537,-1.2543583061169725,0.30936869079961854,-0.7017656739460815,control_pose,robot_origin,robot_origin
118.9483248939996,2026-09-13T11:47:27.018226+00:00,1789300047.0027146,0.015511274337768555,2.378752811101255,-1.2542060479470685,0.3094985783100128,-0.6994158183204595,control_pose,robot_origin,robot_origin
118.99010173500028,2026-09-13T11:47:27.060009+00:00,1789300046.9762733,0.08373570442199707,2.3787582534259086,-1.2542236171049022,0.3094479282941685,-0.6998007218350762,control_pose,robot_origin,robot_origin
119.02757148399996,2026-09-13T11:47:27.097480+00:00,1789300047.0563216,0.041158437728881836,2.3788209841085393,-1.2541410070577002,0.30954423546791077,-0.6985632730834191,control_pose,robot_origin,robot_origin
119.0718043500001,2026-09-13T11:47:27.141678+00:00,1789300047.0487206,0.0929574966430664,2.378800408021337,-1.2541374623892971,0.3095416825228304,-0.6986929175212349,control_pose,robot_origin,robot_origin
119.09987325200018,2026-09-13T11:47:27.169763+00:00,1789300047.126491,0.04327201843261719,2.378875184126584,-1.2540972459096407,0.30955782532691956,-0.6976400820499261,control_pose,robot_origin,robot_origin
119.12339415499991,2026-09-13T11:47:27.193295+00:00,1789300047.1135547,0.07974028587341309,2.378865148979412,-1.2540962504748023,0.3095571220575059,-0.6977634696470824,control_pose,robot_origin,robot_origin
119.15364498800045,2026-09-13T11:47:27.223547+00:00,1789300047.179386,0.044161081314086914,2.3789091926526442,-1.25414123283372,0.3095383644104004,-0.6971328328835553,control_pose,robot_origin,robot_origin
119.1663826390004,2026-09-13T11:47:27.236288+00:00,1789300047.2310417,0.005246400833129883,2.378863727260773,-1.2541595079086998,0.3095526099205017,-0.6967949476132436,control_pose,robot_origin,robot_origin
119.19159239300006,2026-09-13T11:47:27.261496+00:00,1789300047.1857216,0.0757744312286377,2.3789177987852637,-1.2541431757250208,0.3095363799190045,-0.697074360079876,control_pose,robot_origin,robot_origin
119.22674231499968,2026-09-13T11:47:27.296651+00:00,1789300047.2834942,0.013156652450561523,2.3788592149487258,-1.2541589718006017,0.30957043170928955,-0.6967226792882895,control_pose,robot_origin,robot_origin
119.26456772999973,2026-09-13T11:47:27.334471+00:00,1789300047.2578456,0.07662534713745117,2.3788513197326693,-1.2541570855523985,0.3095583659031202,-0.6967237818664044,control_pose,robot_origin,robot_origin
119.30628792799962,2026-09-13T11:47:27.376193+00:00,1789300047.349713,0.02647995948791504,2.3788449074502482,-1.2541600055624622,0.3095795810222626,-0.6964716179021178,control_pose,robot_origin,robot_origin
119.3432759569996,2026-09-13T11:47:27.413186+00:00,1789300047.3267114,0.08647465705871582,2.3788566479750743,-1.254168732738974,0.3095750323565707,-0.6965992324266626,control_pose,robot_origin,robot_origin
119.37502529700032,2026-09-13T11:47:27.444933+00:00,1789300047.4063106,0.038622379302978516,2.378818471878887,-1.254110966108142,0.30960845947265625,-0.6961229970460063,control_pose,robot_origin,robot_origin
119.39943827499974,2026-09-13T11:47:27.469337+00:00,1789300047.3973122,0.07202482223510742,2.378810086470492,-1.2541105460560522,0.30959977706648356,-0.696146181160147,control_pose,robot_origin,robot_origin
119.42167306600004,2026-09-13T11:47:27.491579+00:00,1789300047.4563165,0.0352625846862793,2.3788329872495275,-1.2541028017179854,0.3096124231815338,-0.6959652440878503,control_pose,robot_origin,robot_origin
119.4896099790003,2026-09-13T11:47:27.559517+00:00,1789300047.4723108,0.08720612525939941,2.3788421456976505,-1.2540865576939768,0.3096080622408804,-0.6959061144655626,control_pose,robot_origin,robot_origin
119.50364580600035,2026-09-13T11:47:27.573550+00:00,1789300047.522835,0.050714969635009766,2.3788652394238423,-1.2541385365271958,0.3095933794975281,-0.6959167104125918,control_pose,robot_origin,robot_origin
119.522385321,2026-09-13T11:47:27.592286+00:00,1789300047.576268,0.016018152236938477,2.37880480919634,-1.2541501773297166,0.3096100986003876,-0.6956819878709146,control_pose,robot_origin,robot_origin
119.55770277200008,2026-09-13T11:47:27.627607+00:00,1789300047.533694,0.09391307830810547,2.378849821784241,-1.2541373296637883,0.3095962368562459,-0.6959110560880469,control_pose,robot_origin,robot_origin
119.5922773379998,2026-09-13T11:47:27.662179+00:00,1789300047.6293309,0.03284811973571777,2.378800713061261,-1.2541365956659365,0.30961963534355164,-0.6954354147466176,control_pose,robot_origin,robot_origin
119.61946107699987,2026-09-13T11:47:27.689363+00:00,1789300047.6036103,0.08575272560119629,2.378806620738612,-1.2541468258718762,0.3096146326555987,-0.6955411996830037,control_pose,robot_origin,robot_origin
119.65600361199995,2026-09-13T11:47:27.724770+00:00,1789300047.6827059,0.04206418991088867,2.3787586108057974,-1.2540795662146662,0.30961987376213074,-0.6954686758013322,control_pose,robot_origin,robot_origin
119.68589023599998,2026-09-13T11:47:27.755797+00:00,1789300047.6748214,0.08097553253173828,2.378764830098214,-1.254087990533742,0.309619838543237,-0.6954637637283185,control_pose,robot_origin,robot_origin
119.71827336600018,2026-09-13T11:47:27.788180+00:00,1789300047.749389,0.03879117965698242,2.3788100406117527,-1.2540691676951314,0.3096197545528412,-0.6951987771135423,control_pose,robot_origin,robot_origin
119.75156550100019,2026-09-13T11:47:27.821468+00:00,1789300047.742095,0.07937312126159668,2.3788044150178522,-1.2540703051259847,0.3096197675924208,-0.6952282999010526,control_pose,robot_origin,robot_origin
119.78794591699989,2026-09-13T11:47:27.857849+00:00,1789300047.8226597,0.035189151763916016,2.3788371542362947,-1.254052699323879,0.30960220098495483,-0.6947741651088458,control_pose,robot_origin,robot_origin
119.83761172200047,2026-09-13T11:47:27.907516+00:00,1789300047.8166203,0.0908956527709961,2.3788350373351776,-1.2540552311090447,0.3096028484688031,-0.6948107666098431,control_pose,robot_origin,robot_origin
119.84065248000024,2026-09-13T11:47:27.910564+00:00,1789300047.8735747,0.03698921203613281,2.378839623227167,-1.2540269349342035,0.3095628321170807,-0.6946281500737534,control_pose,robot_origin,robot_origin
119.86504734499977,2026-09-13T11:47:27.934914+00:00,1789300047.9263346,0.008579492568969727,2.3787639312438476,-1.2539859319604254,0.30955246090888977,-0.6946014151472623,control_pose,robot_origin,robot_origin
119.90623596499972,2026-09-13T11:47:27.976144+00:00,1789300047.889894,0.08625006675720215,2.3788203004487496,-1.254014605047261,0.30956075222102375,-0.694643323859917,control_pose,robot_origin,robot_origin
119.95161813600043,2026-09-13T11:47:28.021521+00:00,1789300047.9827616,0.038759469985961914,2.378746857859696,-1.2540324853599136,0.309569388628006,-0.6945200363575957,control_pose,robot_origin,robot_origin
119.95528727599958,2026-09-13T11:47:28.025189+00:00,1789300047.954241,0.07094788551330566,2.3787450929460427,-1.2539921951069786,0.30956151113385116,-0.6945582408862396,control_pose,robot_origin,robot_origin
119.98341195699959,2026-09-13T11:47:28.053319+00:00,1789300048.0393424,0.013976573944091797,2.3786688412355015,-1.2540287023690835,0.3095758259296417,-0.6943494507394891,control_pose,robot_origin,robot_origin
120.03618770699995,2026-09-13T11:47:28.105991+00:00,1789300048.0285237,0.07746720314025879,2.3786572995293285,-1.254015464419401,0.3095764746385293,-0.6943957161418246,control_pose,robot_origin,robot_origin
120.06025925999984,2026-09-13T11:47:28.130169+00:00,1789300048.0925906,0.03757834434509277,2.3787169692386207,-1.254003178897886,0.3095785081386566,-0.6939233589643259,control_pose,robot_origin,robot_origin
120.10963487499976,2026-09-13T11:47:28.179543+00:00,1789300048.092769,0.08677411079406738,2.378716914072977,-1.2540029518134004,0.30957843668708335,-0.6939232445954364,control_pose,robot_origin,robot_origin
120.14003230700018,2026-09-13T11:47:28.209936+00:00,1789300048.1693747,0.04056119918823242,2.3787497796751476,-1.2537681862329664,0.30966782569885254,-0.6937205103431291,control_pose,robot_origin,robot_origin
120.18036021300031,2026-09-13T11:47:28.250263+00:00,1789300048.1640124,0.08625054359436035,2.3787521552537894,-1.2538000586491034,0.30965068733005047,-0.6937443454474503,control_pose,robot_origin,robot_origin
120.21892380700046,2026-09-13T11:47:28.288829+00:00,1789300048.2361681,0.05266094207763672,2.378956450381677,-1.2544294073045381,0.3106865882873535,-0.7166768909196946,control_pose,robot_origin,robot_origin
120.24951273700026,2026-09-13T11:47:28.319416+00:00,1789300048.2339823,0.0854337215423584,2.3789495323564327,-1.2543420219794335,0.3106572960821471,-0.7156361897808663,control_pose,robot_origin,robot_origin
120.28904805900038,2026-09-13T11:47:28.358957+00:00,1789300048.3060606,0.05289649963378906,2.3789809183441544,-1.25466489392038,0.3108036518096924,-0.7400516101104688,control_pose,robot_origin,robot_origin
120.32734056800018,2026-09-13T11:47:28.397247+00:00,1789300048.312742,0.08450508117675781,2.3790526938555576,-1.2544747437912425,0.31071067928967877,-0.7398123189964546,control_pose,robot_origin,robot_origin
120.37290908399973,2026-09-13T11:47:28.442801+00:00,1789300048.393555,0.04924607276916504,2.3791246397495787,-1.2532519877266104,0.3106316030025482,-0.719670168582831,control_pose,robot_origin,robot_origin
120.38928393799961,2026-09-13T11:47:28.459189+00:00,1789300048.3739555,0.08523344993591309,2.379143632168904,-1.2535249896430505,0.3105980912706679,-0.7251530442433729,control_pose,robot_origin,robot_origin
120.42261367500032,2026-09-13T11:47:28.492519+00:00,1789300048.453005,0.03951382637023926,2.3784173661638617,-1.2539950327802232,0.3105522096157074,-0.7130098481677327,control_pose,robot_origin,robot_origin
120.45403467699998,2026-09-13T11:47:28.523836+00:00,1789300048.4445999,0.07923603057861328,2.378517363405478,-1.2538899780216992,0.3105634345785039,-0.7139516454624357,control_pose,robot_origin,robot_origin
120.50061549899965,2026-09-13T11:47:28.570523+00:00,1789300048.5166442,0.0538787841796875,2.3784193149396007,-1.254281212792988,0.3103010058403015,-0.710246651652012,control_pose,robot_origin,robot_origin
120.52986240999962,2026-09-13T11:47:28.599774+00:00,1789300048.5228107,0.07696318626403809,2.378446288512789,-1.254269405113677,0.31029257596769444,-0.7101387458986029,control_pose,robot_origin,robot_origin
120.55962902800002,2026-09-13T11:47:28.629535+00:00,1789300048.58269,0.0468449592590332,2.3788257331781963,-1.2539528054913203,0.31007784605026245,-0.7069238813289526,control_pose,robot_origin,robot_origin
120.5735654580003,2026-09-13T11:47:28.643469+00:00,1789300048.6328025,0.010666608810424805,2.378940653803533,-1.2537936480273415,0.30997949838638306,-0.7043830362813148,control_pose,robot_origin,robot_origin
120.59753793399977,2026-09-13T11:47:28.667447+00:00,1789300048.5845091,0.08293795585632324,2.378828660073533,-1.2539449773910047,0.31007351818508283,-0.7068289691420355,control_pose,robot_origin,robot_origin
120.63483788200028,2026-09-13T11:47:28.704742+00:00,1789300048.6858635,0.018878459930419922,2.3789382404965043,-1.253647414075479,0.30991917848587036,-0.7026764664208675,control_pose,robot_origin,robot_origin
120.67158663499958,2026-09-13T11:47:28.741485+00:00,1789300048.6574495,0.08403563499450684,2.3789129575592995,-1.2537245737112117,0.30995455594589433,-0.7035333578566475,control_pose,robot_origin,robot_origin
120.7049275090003,2026-09-13T11:47:28.774831+00:00,1789300048.739392,0.03543901443481445,2.378974151378716,-1.2535186772559646,0.3098421096801758,-0.7009919097165407,control_pose,robot_origin,robot_origin
120.73122368300028,2026-09-13T11:47:28.801115+00:00,1789300048.7927225,0.008392572402954102,2.378970988683405,-1.2533688899830668,0.3097611367702484,-0.6995611108475664,control_pose,robot_origin,robot_origin
120.75564543000019,2026-09-13T11:47:28.825551+00:00,1789300048.7326598,0.09289121627807617,2.378965339676842,-1.2535288912965248,0.3098451339917261,-0.701190990374537,control_pose,robot_origin,robot_origin
120.7953131739996,2026-09-13T11:47:28.865211+00:00,1789300048.8473134,0.017897605895996094,2.378944427340252,-1.2532949053228228,0.30971941351890564,-0.6983002111376518,control_pose,robot_origin,robot_origin
120.81758275100037,2026-09-13T11:47:28.887484+00:00,1789300048.800757,0.08672714233398438,2.378959958673082,-1.2533461153041061,0.30975274266046826,-0.6993049402739427,control_pose,robot_origin,robot_origin
120.89028645800045,2026-09-13T11:47:28.960190+00:00,1789300048.8681273,0.09206271171569824,2.378963087379897,-1.25332008361087,0.30968299079904854,-0.6978005762783346,control_pose,robot_origin,robot_origin
120.8958157220004,2026-09-13T11:47:28.965718+00:00,1789300048.918086,0.04763197898864746,2.3789860516017622,-1.2533226646031927,0.3096664845943451,-0.6967114693539924,control_pose,robot_origin,robot_origin
120.91568217199983,2026-09-13T11:47:28.985583+00:00,1789300048.9740727,0.011510372161865234,2.3790128968604662,-1.253340422988177,0.3096272945404053,-0.6954417071887714,control_pose,robot_origin,robot_origin
120.97261099000025,2026-09-13T11:47:29.042524+00:00,1789300048.9380217,0.10450243949890137,2.3790194684929764,-1.2533356223490668,0.30962869505212565,-0.6961062465965457,control_pose,robot_origin,robot_origin
121.02211125099984,2026-09-13T11:47:29.092014+00:00,1789300049.04909,0.04292416572570801,2.379128614897309,-1.253319761646272,0.30958452820777893,-0.6947341755720369,control_pose,robot_origin,robot_origin
121.04933630300002,2026-09-13T11:47:29.119236+00:00,1789300049.0063438,0.11289215087890625,2.3790708238338816,-1.253341617330721,0.3096122706448207,-0.6951180791890713,control_pose,robot_origin,robot_origin
121.09077866200005,2026-09-13T11:47:29.160693+00:00,1789300049.1094542,0.0512387752532959,2.379237695175174,-1.2532385747809234,0.3095172345638275,-0.6934377643921117,control_pose,robot_origin,robot_origin
121.09818376299972,2026-09-13T11:47:29.168089+00:00,1789300049.0772731,0.09081578254699707,2.379179542939588,-1.253281856644636,0.30955310975513733,-0.6941288687279992,control_pose,robot_origin,robot_origin
121.16050545399958,2026-09-13T11:47:29.230415+00:00,1789300049.1727386,0.05767655372619629,2.379247106149348,-1.2532084828304217,0.3094886839389801,-0.692802739961814,control_pose,robot_origin,robot_origin
121.16257845200016,2026-09-13T11:47:29.232484+00:00,1789300049.1518116,0.0806725025177002,2.3792439940860857,-1.2532184337719419,0.30949812518800135,-0.6930127295694252,control_pose,robot_origin,robot_origin
121.20478990599986,2026-09-13T11:47:29.274695+00:00,1789300049.2259479,0.04874706268310547,2.379237193843958,-1.2532094215126617,0.3094727098941803,-0.6920841574799095,control_pose,robot_origin,robot_origin
121.23961130000043,2026-09-13T11:47:29.309516+00:00,1789300049.2284467,0.0810692310333252,2.379234732056017,-1.2532084052062982,0.3094723634587776,-0.6920444061023905,control_pose,robot_origin,robot_origin
121.29370404200017,2026-09-13T11:47:29.363605+00:00,1789300049.3125813,0.05102372169494629,2.379194891045853,-1.2531144248533699,0.30949899554252625,-0.6912484045376006,control_pose,robot_origin,robot_origin
121.29791839399968,2026-09-13T11:47:29.367822+00:00,1789300049.2828467,0.0849752426147461,2.379210545363539,-1.2531484006707818,0.3094842457070228,-0.6914127405915906,control_pose,robot_origin,robot_origin
121.33973491600045,2026-09-13T11:47:29.409639+00:00,1789300049.36957,0.040068864822387695,2.379220112188843,-1.2531013470912702,0.309518426656723,-0.6908570913071106,control_pose,robot_origin,robot_origin
121.3756345390002,2026-09-13T11:47:29.445539+00:00,1789300049.355867,0.08967208862304688,2.379214047642422,-1.2531044917027323,0.30951375435086825,-0.6909511862066738,control_pose,robot_origin,robot_origin
121.40383819900035,2026-09-13T11:47:29.473756+00:00,1789300049.4282115,0.04554462432861328,2.378780171767421,-1.2515333895568985,0.3098180592060089,-0.6909104364295879,control_pose,robot_origin,robot_origin
121.44186122199972,2026-09-13T11:47:29.511764+00:00,1789300049.4283783,0.08338570594787598,2.37876595096922,-1.2515139869361827,0.30982209566234337,-0.6909375374642589,control_pose,robot_origin,robot_origin
121.47726526899987,2026-09-13T11:47:29.547170+00:00,1789300049.4994416,0.04772830009460449,2.3793785938643937,-1.2535509130539004,0.31097105145454407,-0.7208873456340067,control_pose,robot_origin,robot_origin
121.4944306260004,2026-09-13T11:47:29.564337+00:00,1789300049.5526192,0.011717796325683594,2.379557108558153,-1.2531389606522758,0.31135618686676025,-0.7387629880206822,control_pose,robot_origin,robot_origin
121.51790477299983,2026-09-13T11:47:29.587811+00:00,1789300049.5049667,0.08284425735473633,2.3794440457967516,-1.2535183176619493,0.3109881994019852,-0.7229221540563053,control_pose,robot_origin,robot_origin
121.55778606399963,2026-09-13T11:47:29.627695+00:00,1789300049.605825,0.021870136260986328,2.3794192512711847,-1.253358209966129,0.3115658462047577,-0.754460196671408,control_pose,robot_origin,robot_origin
121.59743265500038,2026-09-13T11:47:29.667336+00:00,1789300049.5776908,0.0896451473236084,2.379670104169412,-1.2530824681242683,0.31152125700581584,-0.7454445185647681,control_pose,robot_origin,robot_origin
121.6402910529996,2026-09-13T11:47:29.710189+00:00,1789300049.6559384,0.05425071716308594,2.3792495215434273,-1.2531635010314588,0.31091049313545227,-0.7490647873598041,control_pose,robot_origin,robot_origin
121.66505255999982,2026-09-13T11:47:29.734955+00:00,1789300049.6496587,0.0852963924407959,2.379253644527382,-1.253129024376321,0.31090243094200726,-0.7508664269080034,control_pose,robot_origin,robot_origin
121.70898480199958,2026-09-13T11:47:29.778903+00:00,1789300049.7092874,0.06961560249328613,2.378944014319784,-1.25252849946428,0.3111953139305115,-0.7338161906210635,control_pose,robot_origin,robot_origin
121.7364781870001,2026-09-13T11:47:29.806384+00:00,1789300049.7113276,0.09505653381347656,2.378928288509865,-1.2525326228138742,0.3111869153296415,-0.733452128388079,control_pose,robot_origin,robot_origin
121.73895619700033,2026-09-13T11:47:29.808872+00:00,1789300049.7631006,0.04577136039733887,2.378488686623534,-1.2526573855451666,0.31109538674354553,-0.727146378089722,control_pose,robot_origin,robot_origin
121.76002068999969,2026-09-13T11:47:29.829925+00:00,1789300049.816876,0.013049125671386719,2.3781426874906875,-1.2532713675796079,0.3109048902988434,-0.7233459530531199,control_pose,robot_origin,robot_origin
121.80928090599991,2026-09-13T11:47:29.879185+00:00,1789300049.795176,0.08400893211364746,2.378075688728114,-1.2532346669674834,0.31098399206053706,-0.7246556975822271,control_pose,robot_origin,robot_origin
121.85068304000015,2026-09-13T11:47:29.920581+00:00,1789300049.869165,0.05141615867614746,2.378508416383167,-1.2532429957537292,0.31072357296943665,-0.7203066740056154,control_pose,robot_origin,robot_origin
121.87040868300028,2026-09-13T11:47:29.940315+00:00,1789300049.8538482,0.08646678924560547,2.3784096865628426,-1.2532583448219698,0.31077662786036586,-0.7212428460560656,control_pose,robot_origin,robot_origin
121.90291300300032,2026-09-13T11:47:29.972818+00:00,1789300049.9325151,0.04030275344848633,2.378808726523484,-1.253332850758599,0.3106660544872284,-0.7168987168075569,control_pose,robot_origin,robot_origin
121.92918668000038,2026-09-13T11:47:29.999089+00:00,1789300049.9264743,0.07261466979980469,2.37877487328264,-1.2533247369832927,0.31067614149486095,-0.7172241054071304,control_pose,robot_origin,robot_origin
121.96853127200029,2026-09-13T11:47:30.038436+00:00,1789300050.0025213,0.03591465950012207,2.379254548522424,-1.25303358288066,0.3104531764984131,-0.7135254143708611,control_pose,robot_origin,robot_origin
122.00315831999978,2026-09-13T11:47:30.073065+00:00,1789300049.9928746,0.08019042015075684,2.3791972642229133,-1.2530822671396866,0.31048074016458316,-0.7140378810755528,control_pose,robot_origin,robot_origin
122.0384130149996,2026-09-13T11:47:30.108315+00:00,1789300050.0725975,0.03571748733520508,2.379319501012731,-1.2530504393071729,0.3103167712688446,-0.7100731255207219,control_pose,robot_origin,robot_origin
122.07136919700042,2026-09-13T11:47:30.141272+00:00,1789300050.0627306,0.07854151725769043,2.379313751004849,-1.2530476164122122,0.3103356296998595,-0.7105426948587044,control_pose,robot_origin,robot_origin
122.11002514699976,2026-09-13T11:47:30.179932+00:00,1789300050.132369,0.04756307601928711,2.379342551306802,-1.252915488285943,0.31023743748664856,-0.7076806831613933,control_pose,robot_origin,robot_origin
122.14765301500029,2026-09-13T11:47:30.217552+00:00,1789300050.129751,0.08780097961425781,2.379341134452325,-1.2529212657831792,0.3102410889270521,-0.7077907582928878,control_pose,robot_origin,robot_origin
122.18289340499996,2026-09-13T11:47:30.252797+00:00,1789300050.2023602,0.05043673515319824,2.3793657057405824,-1.2527446974251237,0.31012916564941406,-0.7059652129423426,control_pose,robot_origin,robot_origin
122.19910492300005,2026-09-13T11:47:30.268989+00:00,1789300050.255795,0.013194084167480469,2.3793976000176222,-1.2526287736539397,0.3100723326206207,-0.704298963120439,control_pose,robot_origin,robot_origin
122.2290810860004,2026-09-13T11:47:30.298989+00:00,1789300050.2082276,0.09076142311096191,2.379358466832707,-1.252733847431399,0.3101263882957258,-0.7059041568143477,control_pose,robot_origin,robot_origin
122.25816869299979,2026-09-13T11:47:30.328073+00:00,1789300050.3092048,0.018868207931518555,2.379498364034876,-1.2526318705623325,0.31000426411628723,-0.7029142777604188,control_pose,robot_origin,robot_origin
122.28913504899992,2026-09-13T11:47:30.359051+00:00,1789300050.2663665,0.09268450736999512,2.379420837830581,-1.2526307807997905,0.3100583606090674,-0.7040004667827825,control_pose,robot_origin,robot_origin
122.33574617399972,2026-09-13T11:47:30.405638+00:00,1789300050.362519,0.043118953704833984,2.3794804099170808,-1.2527656508266127,0.3099532127380371,-0.7018310924697211,control_pose,robot_origin,robot_origin
122.35979407800005,2026-09-13T11:47:30.429699+00:00,1789300050.346017,0.08368206024169922,2.379500825111266,-1.2527247575634428,0.3099711489639502,-0.7021779813439267,control_pose,robot_origin,robot_origin
122.38717328100029,2026-09-13T11:47:30.457082+00:00,1789300050.4164393,0.040642738342285156,2.3794057158879083,-1.25290111118293,0.30988070368766785,-0.7003783898609544,control_pose,robot_origin,robot_origin
122.41977949400007,2026-09-13T11:47:30.489685+00:00,1789300050.412991,0.07669401168823242,2.3794123475869045,-1.2528921161635707,0.3098835204607014,-0.7004664479672293,control_pose,robot_origin,robot_origin
122.4439471149999,2026-09-13T11:47:30.513851+00:00,1789300050.4692793,0.044571638107299805,2.3792563009803946,-1.2530308936873367,0.3098102807998657,-0.6986611745304329,control_pose,robot_origin,robot_origin
122.48929542699989,2026-09-13T11:47:30.559193+00:00,1789300050.4766731,0.0825197696685791,2.3792422964875555,-1.253051803192375,0.3098050091025997,-0.6984527072277527,control_pose,robot_origin,robot_origin
122.51227479699992,2026-09-13T11:47:30.582185+00:00,1789300050.542378,0.03980708122253418,2.3791105457476056,-1.2532616949720081,0.30976083874702454,-0.6968690893874777,control_pose,robot_origin,robot_origin
122.55253232999985,2026-09-13T11:47:30.622404+00:00,1789300050.5469995,0.07540464401245117,2.379093048642255,-1.2532550072836057,0.30976030285181955,-0.6967659745750537,control_pose,robot_origin,robot_origin
122.58295305899992,2026-09-13T11:47:30.652859+00:00,1789300050.6147203,0.038138628005981445,2.37902352353555,-1.2533103306050335,0.3097550868988037,-0.695607591951951,control_pose,robot_origin,robot_origin
122.61148447899996,2026-09-13T11:47:30.681381+00:00,1789300050.6674604,0.01392054557800293,2.37902061760091,-1.2532907869066987,0.30969473719596863,-0.6946223558800353,control_pose,robot_origin,robot_origin
122.64042087899998,2026-09-13T11:47:30.710327+00:00,1789300050.618351,0.09197592735290527,2.3790255024084876,-1.253311660824123,0.3097527254137712,-0.6955673515211754,control_pose,robot_origin,robot_origin
122.6753777670001,2026-09-13T11:47:30.745273+00:00,1789300050.719416,0.025857210159301758,2.379096593525166,-1.253341328357009,0.30964696407318115,-0.6934581281436257,control_pose,robot_origin,robot_origin
122.69548170100006,2026-09-13T11:47:30.765387+00:00,1789300050.6849525,0.08043456077575684,2.3790368432889433,-1.2533170221374537,0.30969110395788535,-0.6942255264715382,control_pose,robot_origin,robot_origin
122.7310830690003,2026-09-13T11:47:30.800986+00:00,1789300050.7757955,0.02519059181213379,2.3790715525906596,-1.2533352353843483,0.3096509277820587,-0.6925059277058613,control_pose,robot_origin,robot_origin
122.79391156800011,2026-09-13T11:47:30.863815+00:00,1789300050.7581005,0.10571455955505371,2.379079530681991,-1.2533198987847984,0.309645816662708,-0.6926811059632166,control_pose,robot_origin,robot_origin
122.85233517899997,2026-09-13T11:47:30.922248+00:00,1789300050.879557,0.04269099235534668,2.3791023910918865,-1.253274532871848,0.30955588817596436,-0.6916296694856249,control_pose,robot_origin,robot_origin
122.86262669400003,2026-09-13T11:47:30.932529+00:00,1789300050.8260028,0.10652613639831543,2.3791191904462323,-1.2533159068233464,0.309586843944036,-0.692197226480359,control_pose,robot_origin,robot_origin
122.91227896100008,2026-09-13T11:47:30.982183+00:00,1789300050.8968325,0.08535051345825195,2.379101724638494,-1.2532676226509305,0.3095496340003343,-0.6914989304472129,control_pose,robot_origin,robot_origin
122.9548723529997,2026-09-13T11:47:31.024777+00:00,1789300050.986946,0.03783082962036133,2.379102955487241,-1.2532181194658385,0.30955466628074646,-0.6909695166010018,control_pose,robot_origin,robot_origin
122.9813179419998,2026-09-13T11:47:31.051190+00:00,1789300050.964657,0.0865328311920166,2.3791024078433782,-1.253231059059458,0.30955147608480044,-0.6910925818785794,control_pose,robot_origin,robot_origin
123.05264836300012,2026-09-13T11:47:31.122553+00:00,1789300051.0656497,0.05690336227416992,2.3792585973218596,-1.2524542998826762,0.3101179301738739,-0.6974916535607237,control_pose,robot_origin,robot_origin
123.07027876699976,2026-09-13T11:47:31.140184+00:00,1789300051.0492208,0.09096312522888184,2.3791068981867802,-1.2525132974724906,0.309837203169144,-0.6937544351799935,control_pose,robot_origin,robot_origin
123.0917865450001,2026-09-13T11:47:31.161090+00:00,1789300051.1190493,0.04204058647155762,2.3795701777303444,-1.2538626721963204,0.31060266494750977,-0.7222253141462617,control_pose,robot_origin,robot_origin
123.11805004500002,2026-09-13T11:47:31.187955+00:00,1789300051.1022248,0.08573007583618164,2.3794254931251406,-1.2537977796996045,0.31050048665669755,-0.7146057113990435,control_pose,robot_origin,robot_origin
123.13948674800031,2026-09-13T11:47:31.209391+00:00,1789300051.1723788,0.037012338638305664,2.379867058795019,-1.2533826919265347,0.31114140152931213,-0.7390839062720421,control_pose,robot_origin,robot_origin
123.15936430199963,2026-09-13T11:47:31.229267+00:00,1789300051.2223952,0.006871700286865234,2.3797200211075746,-1.2530974519447067,0.3110634386539459,-0.7489477633522036,control_pose,robot_origin,robot_origin
123.2112611270004,2026-09-13T11:47:31.281026+00:00,1789300051.1868825,0.09414339065551758,2.3801212475813744,-1.2533363055542048,0.3114937174909122,-0.7432431457567112,control_pose,robot_origin,robot_origin
123.23529277299986,2026-09-13T11:47:31.305190+00:00,1789300051.2724237,0.03276634216308594,2.3796967851340742,-1.2525135730200594,0.31092822551727295,-0.7361017975867908,control_pose,robot_origin,robot_origin
123.2680615850004,2026-09-13T11:47:31.337962+00:00,1789300051.2466388,0.0913231372833252,2.379663200027207,-1.2528885795669562,0.31085620083025317,-0.7435524498460948,control_pose,robot_origin,robot_origin
123.29106207699988,2026-09-13T11:47:31.360963+00:00,1789300051.324099,0.03686404228210449,2.3790981356685195,-1.252616279017716,0.3110383152961731,-0.7249507637309032,control_pose,robot_origin,robot_origin
123.33605005000027,2026-09-13T11:47:31.405954+00:00,1789300051.3172176,0.08873629570007324,2.3791797559091274,-1.2525962422011794,0.3110266147263649,-0.7263885537249031,control_pose,robot_origin,robot_origin
123.36786684799972,2026-09-13T11:47:31.437774+00:00,1789300051.3970616,0.04071235656738281,2.3783049358060757,-1.2532685043749476,0.31085652112960815,-0.7190035173618948,control_pose,robot_origin,robot_origin
123.39034996999999,2026-09-13T11:47:31.460222+00:00,1789300051.3889995,0.07122254371643066,2.3783725788403496,-1.253169235313965,0.3108866408259655,-0.719444735607837,control_pose,robot_origin,robot_origin
123.4269174330002,2026-09-13T11:47:31.496819+00:00,1789300051.4525294,0.044289588928222656,2.378591187319491,-1.253204695092687,0.3106722831726074,-0.7158516250352913,control_pose,robot_origin,robot_origin
123.44960398900002,2026-09-13T11:47:31.519503+00:00,1789300051.5059,0.01360321044921875,2.3789613718987326,-1.2531491320592472,0.3105311095714569,-0.7129016603120967,control_pose,robot_origin,robot_origin
123.46810461099994,2026-09-13T11:47:31.538019+00:00,1789300051.462656,0.0753629207611084,2.3786927703640277,-1.253173783908322,0.3106305522235029,-0.7152120592900678,control_pose,robot_origin,robot_origin
123.50974867599962,2026-09-13T11:47:31.579655+00:00,1789300051.559072,0.020582914352416992,2.3792300871257295,-1.2530136260338487,0.31039002537727356,-0.7101389896913127,control_pose,robot_origin,robot_origin
123.53569280099964,2026-09-13T11:47:31.605597+00:00,1789300051.5292504,0.07634663581848145,2.379079468975106,-1.2531263496743499,0.3104730579030615,-0.7116827112280701,control_pose,robot_origin,robot_origin
123.59321226999964,2026-09-13T11:47:31.663114+00:00,1789300051.6156874,0.047426700592041016,2.3794683726227874,-1.2527735805462095,0.31026214361190796,-0.7074131552063515,control_pose,robot_origin,robot_origin
123.61520029599978,2026-09-13T11:47:31.685106+00:00,1789300051.5984411,0.08666491508483887,2.379463868281481,-1.2527880770465112,0.31027783527995395,-0.7080831108699508,control_pose,robot_origin,robot_origin
123.64026876200023,2026-09-13T11:47:31.710179+00:00,1789300051.6657145,0.0444645881652832,2.3795534971362056,-1.252647982359622,0.31018179655075073,-0.7051016958042838,control_pose,robot_origin,robot_origin
123.65680467899983,2026-09-13T11:47:31.726709+00:00,1789300051.719016,0.007692813873291016,2.3795802995633855,-1.2525453863544904,0.3101458251476288,-0.7037395566740416,control_pose,robot_origin,robot_origin
123.67984846899981,2026-09-13T11:47:31.749750+00:00,1789300051.6741736,0.0755763053894043,2.379560261510481,-1.252628552261295,0.3101723039457438,-0.7048175116294103,control_pose,robot_origin,robot_origin
123.72127437899962,2026-09-13T11:47:31.791182+00:00,1789300051.7726855,0.01849651336669922,2.3795405288964497,-1.252536352886629,0.3100094497203827,-0.7023079802098579,control_pose,robot_origin,robot_origin
123.76249135099988,2026-09-13T11:47:31.832370+00:00,1789300051.7395473,0.09282279014587402,2.3795515347202474,-1.2525326560415397,0.31008060957160477,-0.7033326037608443,control_pose,robot_origin,robot_origin
123.80578964100005,2026-09-13T11:47:31.875694+00:00,1789300051.832438,0.04325604438781738,2.3793957611074776,-1.252585616920588,0.30992361903190613,-0.6997112124818482,control_pose,robot_origin,robot_origin
123.82984266400035,2026-09-13T11:47:31.899751+00:00,1789300051.8192918,0.0804591178894043,2.379421886053868,-1.252582091227858,0.3099510352807485,-0.7003053963231293,control_pose,robot_origin,robot_origin
123.8883072689996,2026-09-13T11:47:31.958212+00:00,1789300051.9066775,0.051534414291381836,2.379218398032892,-1.2526861156512683,0.3098258376121521,-0.6976199228700815,control_pose,robot_origin,robot_origin
123.91012130200033,2026-09-13T11:47:31.980021+00:00,1789300051.8888938,0.09112715721130371,2.379254222067948,-1.2526494928065086,0.30986138973325034,-0.6979958157516635,control_pose,robot_origin,robot_origin
123.94428592700024,2026-09-13T11:47:32.014188+00:00,1789300051.978951,0.03523707389831543,2.3790265878181165,-1.2526580357569645,0.30981484055519104,-0.6957147558055797,control_pose,robot_origin,robot_origin
123.97092714100017,2026-09-13T11:47:32.040831+00:00,1789300051.9459782,0.09485292434692383,2.3791140960157695,-1.2526708464456116,0.3098198576635618,-0.6965839349698765,control_pose,robot_origin,robot_origin
124.0228529269998,2026-09-13T11:47:32.092758+00:00,1789300052.0568397,0.035918235778808594,2.379000500575141,-1.2526023799594284,0.30972617864608765,-0.6943518636202501,control_pose,robot_origin,robot_origin
124.06725440700029,2026-09-13T11:47:32.126586+00:00,1789300052.0154927,0.11109328269958496,2.3790143489496485,-1.252631924757571,0.3097732446899386,-0.6950753527449678,control_pose,robot_origin,robot_origin
124.07502640599978,2026-09-13T11:47:32.144930+00:00,1789300052.1091871,0.035742759704589844,2.3789396355670793,-1.2525747911784904,0.30971381068229675,-0.6933366875401338,control_pose,robot_origin,robot_origin
124.11312460000045,2026-09-13T11:47:32.182852+00:00,1789300052.0870028,0.09584927558898926,2.3789609504545948,-1.2525699651401279,0.30971776289918446,-0.6937231280288537,control_pose,robot_origin,robot_origin
124.13846095000008,2026-09-13T11:47:32.208364+00:00,1789300052.1694095,0.03895449638366699,2.3789580201897893,-1.252599612992151,0.30968621373176575,-0.6929154094394937,control_pose,robot_origin,robot_origin
124.18189374200028,2026-09-13T11:47:32.251779+00:00,1789300052.1643627,0.08741641044616699,2.3789565012913747,-1.252595674860916,0.30968650715752366,-0.6929396569527257,control_pose,robot_origin,robot_origin
124.21014060400012,2026-09-13T11:47:32.280047+00:00,1789300052.2337186,0.04632830619812012,2.3789433479479287,-1.25262683121443,0.30964794754981995,-0.6919488989029382,control_pose,robot_origin,robot_origin
124.2405679880003,2026-09-13T11:47:32.310453+00:00,1789300052.233978,0.07647490501403809,2.3789436973042974,-1.2526266587106738,0.3096481361117851,-0.6919401050244434,control_pose,robot_origin,robot_origin
124.25877083599971,2026-09-13T11:47:32.328678+00:00,1789300052.293018,0.0356597900390625,2.3788790234005273,-1.2526007399121308,0.30965372920036316,-0.691054851664778,control_pose,robot_origin,robot_origin
124.28143969499979,2026-09-13T11:47:32.351343+00:00,1789300052.3455918,0.005751132965087891,2.3788846662846224,-1.2526248415154353,0.3096370995044708,-0.6910382059656333,control_pose,robot_origin,robot_origin
124.31597451400012,2026-09-13T11:47:32.385880+00:00,1789300052.3021376,0.08374238014221191,2.3788761903513174,-1.252599800790143,0.3096471141993824,-0.6909976999191823,control_pose,robot_origin,robot_origin
124.35187717600002,2026-09-13T11:47:32.421780+00:00,1789300052.3956974,0.026082754135131836,2.378873476486723,-1.2526492296555265,0.30965325236320496,-0.6911264489840213,control_pose,robot_origin,robot_origin
124.37194129900035,2026-09-13T11:47:32.441809+00:00,1789300052.3695672,0.07224178314208984,2.378884262163735,-1.2526252232570503,0.30964045994575135,-0.6910938904672039,control_pose,robot_origin,robot_origin
124.38847436800006,2026-09-13T11:47:32.458379+00:00,1789300052.446282,0.01209712028503418,2.378902482185561,-1.2526939197260027,0.30965086817741394,-0.690938044334574,control_pose,robot_origin,robot_origin
124.44519258200035,2026-09-13T11:47:32.515093+00:00,1789300052.4416504,0.07344269752502441,2.378905858108846,-1.2526979357794168,0.3096525069021726,-0.6909755003365126,control_pose,robot_origin,robot_origin
124.48217353699965,2026-09-13T11:47:32.552089+00:00,1789300052.5071416,0.04494738578796387,2.379131075184577,-1.253138153734807,0.3105533719062805,-0.707622847787144,control_pose,robot_origin,robot_origin
124.50071512100021,2026-09-13T11:47:32.570623+00:00,1789300052.5573938,0.013229131698608398,2.3794658569573874,-1.2527995787411617,0.31087952852249146,-0.7280335632079062,control_pose,robot_origin,robot_origin
124.52638953600035,2026-09-13T11:47:32.596296+00:00,1789300052.509653,0.08664298057556152,2.3791475887563016,-1.2531562404240983,0.31057190302165716,-0.7091233344112666,control_pose,robot_origin,robot_origin
124.56954938699982,2026-09-13T11:47:32.639456+00:00,1789300052.6088731,0.030582904815673828,2.37931180424636,-1.2525105071217029,0.3114193081855774,-0.7416779004012582,control_pose,robot_origin,robot_origin
124.60381395199965,2026-09-13T11:47:32.673718+00:00,1789300052.5904467,0.08327126502990723,2.3796004057604376,-1.2524884812681942,0.31159594451300465,-0.7390810713645707,control_pose,robot_origin,robot_origin
124.63878872799978,2026-09-13T11:47:32.708689+00:00,1789300052.658963,0.049726009368896484,2.3792212238526673,-1.2522834604258284,0.31082913279533386,-0.7307018900282097,control_pose,robot_origin,robot_origin
124.67556657000023,2026-09-13T11:47:32.745470+00:00,1789300052.6568954,0.08857464790344238,2.379209892792797,-1.2523162870500162,0.3108389107304295,-0.7313339157834531,control_pose,robot_origin,robot_origin
124.70068719699975,2026-09-13T11:47:32.770592+00:00,1789300052.7254915,0.04510045051574707,2.3784912329303327,-1.2525204078594658,0.31081467866897583,-0.7162250662715832,control_pose,robot_origin,robot_origin
124.74894822700026,2026-09-13T11:47:32.818851+00:00,1789300052.7262447,0.0926063060760498,2.3784777539533613,-1.2525208798036032,0.310813183720339,-0.7161633522953282,control_pose,robot_origin,robot_origin
124.78379810099977,2026-09-13T11:47:32.853702+00:00,1789300052.8088136,0.04488849639892578,2.3777869542765075,-1.2532046072399652,0.3105821907520294,-0.7105194704193903,control_pose,robot_origin,robot_origin
124.80307271299989,2026-09-13T11:47:32.872970+00:00,1789300052.7912214,0.08174872398376465,2.3778787297438484,-1.2530632681760512,0.31064251712109286,-0.7115828809381662,control_pose,robot_origin,robot_origin
124.83445704099995,2026-09-13T11:47:32.904371+00:00,1789300052.868942,0.03542900085449219,2.3782975187049975,-1.2528574831604922,0.31023460626602173,-0.707050834173526,control_pose,robot_origin,robot_origin
124.87780682100038,2026-09-13T11:47:32.947713+00:00,1789300052.866912,0.08080101013183594,2.378283748917969,-1.252867569017464,0.3102459912820941,-0.7071751695190984,control_pose,robot_origin,robot_origin
124.92290807999962,2026-09-13T11:47:32.992806+00:00,1789300052.9424176,0.050388336181640625,2.37853425187947,-1.2527226431250797,0.3101397752761841,-0.703065445046428,control_pose,robot_origin,robot_origin
124.94018947400036,2026-09-13T11:47:33.010088+00:00,1789300052.9321415,0.07794642448425293,2.3784782760422667,-1.252758551705455,0.31016069236599336,-0.7035256903091519,control_pose,robot_origin,robot_origin
124.99071464700046,2026-09-13T11:47:33.060620+00:00,1789300053.0155766,0.0450434684753418,2.378582260575035,-1.2526246452098202,0.3100219666957855,-0.7002791010456465,control_pose,robot_origin,robot_origin
125.01824892900004,2026-09-13T11:47:33.088161+00:00,1789300052.9968688,0.09129214286804199,2.378569983955701,-1.2526497049013405,0.310052092302799,-0.7009915646465221,control_pose,robot_origin,robot_origin
125.06052262400044,2026-09-13T11:47:33.130423+00:00,1789300053.0755892,0.05483388900756836,2.3786847688046824,-1.2525361898558027,0.30991771817207336,-0.698571924332807,control_pose,robot_origin,robot_origin
125.08748305399968,2026-09-13T11:47:33.157385+00:00,1789300053.063802,0.0935831069946289,2.378664634773235,-1.2525535637084735,0.30993819402129996,-0.6989072231304919,control_pose,robot_origin,robot_origin
125.1076258359999,2026-09-13T11:47:33.177526+00:00,1789300053.13545,0.04207611083984375,2.378631723077818,-1.2524730857937563,0.30985090136528015,-0.6972364106583624,control_pose,robot_origin,robot_origin
125.14151335899987,2026-09-13T11:47:33.211418+00:00,1789300053.1375866,0.07383131980895996,2.378636888459111,-1.252467738232537,0.3098481338688775,-0.6971952728912592,control_pose,robot_origin,robot_origin
125.18190305700045,2026-09-13T11:47:33.251807+00:00,1789300053.188943,0.06286406517028809,2.3786726986042366,-1.2523859615544275,0.30977171659469604,-0.6955624263408289,control_pose,robot_origin,robot_origin
125.19296590500016,2026-09-13T11:47:33.262869+00:00,1789300053.2421439,0.020725011825561523,2.3786385669022345,-1.2523243236298858,0.30976954102516174,-0.6940007836942438,control_pose,robot_origin,robot_origin
125.22068797199972,2026-09-13T11:47:33.290595+00:00,1789300053.2050805,0.08551454544067383,2.3786548143386885,-1.2523403135522635,0.30977651873715234,-0.6949699141825054,control_pose,robot_origin,robot_origin
125.24258786500013,2026-09-13T11:47:33.312487+00:00,1789300053.295565,0.0169219970703125,2.378604817681923,-1.2522863449822461,0.30973175168037415,-0.693363932309423,control_pose,robot_origin,robot_origin
125.29027344299993,2026-09-13T11:47:33.360177+00:00,1789300053.275094,0.0850830078125,2.378619441469785,-1.252278516768869,0.309743020700207,-0.6935623267011367,control_pose,robot_origin,robot_origin
125.32636757,2026-09-13T11:47:33.396272+00:00,1789300053.3622284,0.03404355049133301,2.3785369553885864,-1.2523047683009985,0.3096996545791626,-0.6925809159934571,control_pose,robot_origin,robot_origin
125.37865190100001,2026-09-13T11:47:33.448558+00:00,1789300053.3525765,0.09598159790039062,2.378552771724872,-1.2523123885317933,0.3097016302847034,-0.6927104661541772,control_pose,robot_origin,robot_origin
125.40090928300015,2026-09-13T11:47:33.470817+00:00,1789300053.4287663,0.042050838470458984,2.3785441264181055,-1.2522871147046861,0.309675008058548,-0.6916662137835456,control_pose,robot_origin,robot_origin
125.4330785129996,2026-09-13T11:47:33.502984+00:00,1789300053.4247222,0.0782618522644043,2.378541368692468,-1.2522838868782484,0.3096770025660946,-0.6917048198323736,control_pose,robot_origin,robot_origin
125.46572469500006,2026-09-13T11:47:33.535634+00:00,1789300053.48896,0.04667401313781738,2.378606113345382,-1.2523139549626254,0.3096415102481842,-0.6917694232537288,control_pose,robot_origin,robot_origin
125.50499872199998,2026-09-13T11:47:33.574903+00:00,1789300053.4901989,0.08470416069030762,2.3786054356714814,-1.2523143098144875,0.3096404058931903,-0.6917676793623454,control_pose,robot_origin,robot_origin
125.54937530500047,2026-09-13T11:47:33.619279+00:00,1789300053.5755112,0.043767690658569336,2.378610422976965,-1.252336210109943,0.30963027477264404,-0.6913195800099008,control_pose,robot_origin,robot_origin
125.58216738099964,2026-09-13T11:47:33.652085+00:00,1789300053.564067,0.08801817893981934,2.378616290220112,-1.2523339365178137,0.3096318949358045,-0.6913964939867062,control_pose,robot_origin,robot_origin
125.60805274999984,2026-09-13T11:47:33.677956+00:00,1789300053.6357312,0.042224884033203125,2.3785943241335397,-1.2523620494867878,0.30963417887687683,-0.6911283972956542,control_pose,robot_origin,robot_origin
125.64717185799964,2026-09-13T11:47:33.717080+00:00,1789300053.6258824,0.09119772911071777,2.3785989061193695,-1.2523594338962842,0.30963941512498994,-0.6911496443034472,control_pose,robot_origin,robot_origin
125.68300670900044,2026-09-13T11:47:33.752913+00:00,1789300053.715486,0.03742694854736328,2.378750337708887,-1.2529055759927061,0.3107372522354126,-0.7099322438835742,control_pose,robot_origin,robot_origin
125.7088448430004,2026-09-13T11:47:33.778744+00:00,1789300053.6947143,0.0840296745300293,2.3786091074781894,-1.2525473247239507,0.3103798074624367,-0.702565907529335,control_pose,robot_origin,robot_origin
125.73492871800045,2026-09-13T11:47:33.804834+00:00,1789300053.7667854,0.038048505783081055,2.379036126931458,-1.2520683004517177,0.31145739555358887,-0.7321207971647185,control_pose,robot_origin,robot_origin
125.75660783199964,2026-09-13T11:47:33.826512+00:00,1789300053.8192122,0.007299900054931641,2.378638030858141,-1.2519348552816343,0.3109171390533447,-0.735018725079348,control_pose,robot_origin,robot_origin
125.78720194499965,2026-09-13T11:47:33.857101+00:00,1789300053.7796044,0.07749652862548828,2.3789687933262056,-1.2520339112583758,0.3115822826481365,-0.7360181924810605,control_pose,robot_origin,robot_origin
125.8160536360001,2026-09-13T11:47:33.885958+00:00,1789300053.8693454,0.016612529754638672,2.37857501044933,-1.2515003347153737,0.3108280301094055,-0.7210592256967228,control_pose,robot_origin,robot_origin
125.85714932100018,2026-09-13T11:47:33.927051+00:00,1789300053.8504388,0.07661223411560059,2.37856824520852,-1.25173896688746,0.3108402090777766,-0.7256665160592007,control_pose,robot_origin,robot_origin
125.88302976100022,2026-09-13T11:47:33.952933+00:00,1789300053.9222355,0.03069758415222168,2.3776744173619435,-1.2518501926518049,0.3107220232486725,-0.7109850296110748,control_pose,robot_origin,robot_origin
125.91861916000016,2026-09-13T11:47:33.988497+00:00,1789300053.9790478,0.009449243545532227,2.3771861250045676,-1.2523719489387792,0.31052929162979126,-0.7075658439135031,control_pose,robot_origin,robot_origin
125.93357471099989,2026-09-13T11:47:34.003408+00:00,1789300053.922631,0.08077692985534668,2.377669715286745,-1.2518482767445283,0.310720502901078,-0.7109464697036396,control_pose,robot_origin,robot_origin
125.99392564699974,2026-09-13T11:47:34.063829+00:00,1789300054.032423,0.03140592575073242,2.3776742860419677,-1.2520067375894246,0.3102372884750366,-0.7048275368542744,control_pose,robot_origin,robot_origin
126.00048657699972,2026-09-13T11:47:34.070351+00:00,1789300053.9819536,0.08839726448059082,2.3772277385464236,-1.252335897164345,0.3105107781518591,-0.7074474835094186,control_pose,robot_origin,robot_origin
126.05668294000043,2026-09-13T11:47:34.126585+00:00,1789300054.051635,0.07494997978210449,2.3777656293885157,-1.2519585689108172,0.31020580668927367,-0.7038040994238925,control_pose,robot_origin,robot_origin
126.0869957269997,2026-09-13T11:47:34.156835+00:00,1789300054.1121895,0.04464554786682129,2.378173357389677,-1.25194858039151,0.3100317716598511,-0.7014049919926099,control_pose,robot_origin,robot_origin
126.11572552300004,2026-09-13T11:47:34.185634+00:00,1789300054.162196,0.023437976837158203,2.3782675899762564,-1.2519271551932136,0.3099402189254761,-0.6993251180933084,control_pose,robot_origin,robot_origin
126.12760777200037,2026-09-13T11:47:34.197509+00:00,1789300054.1187484,0.07876062393188477,2.378187137673552,-1.2519507446010236,0.3100198322336674,-0.7013075429107529,control_pose,robot_origin,robot_origin
126.16100410200033,2026-09-13T11:47:34.230907+00:00,1789300054.2187603,0.012146711349487305,2.378395127942499,-1.251944714091775,0.30985116958618164,-0.6979190968982368,control_pose,robot_origin,robot_origin
126.19758967600046,2026-09-13T11:47:34.267470+00:00,1789300054.1916785,0.0757913589477539,2.3783331356988744,-1.251954957928045,0.3099146637853096,-0.6985419052352518,control_pose,robot_origin,robot_origin
126.21521963099985,2026-09-13T11:47:34.285126+00:00,1789300054.2724452,0.012680768966674805,2.3783676862729575,-1.2518934072454413,0.3098204433917999,-0.6964710062999483,control_pose,robot_origin,robot_origin
126.27687299900026,2026-09-13T11:47:34.346778+00:00,1789300054.2584553,0.08832263946533203,2.3783628508834163,-1.251923529691037,0.30982272489277024,-0.6969107741384463,control_pose,robot_origin,robot_origin
126.31607022200023,2026-09-13T11:47:34.385980+00:00,1789300054.3390112,0.046968698501586914,2.378311501646073,-1.2517473794605611,0.3097721040248871,-0.694288586475036,control_pose,robot_origin,robot_origin
126.33794592200047,2026-09-13T11:47:34.407846+00:00,1789300054.335045,0.07280087471008301,2.3783150761618543,-1.2517581731973717,0.3097727593100961,-0.6944002253876768,control_pose,robot_origin,robot_origin
126.3674010020004,2026-09-13T11:47:34.437310+00:00,1789300054.3986557,0.038654327392578125,2.378321130417782,-1.2516723532509069,0.3097386360168457,-0.693374456419733,control_pose,robot_origin,robot_origin
126.41904894900017,2026-09-13T11:47:34.488952+00:00,1789300054.411178,0.0777738094329834,2.3783176435391016,-1.2516651574850843,0.3097242330861941,-0.6933198700861201,control_pose,robot_origin,robot_origin
126.45621708100043,2026-09-13T11:47:34.526100+00:00,1789300054.4823232,0.043776750564575195,2.3783357551198328,-1.2516429374320843,0.3097112476825714,-0.6924286844000801,control_pose,robot_origin,robot_origin
126.4944383840002,2026-09-13T11:47:34.564341+00:00,1789300054.4729178,0.09142327308654785,2.378339090165623,-1.2516443191572222,0.30970607353373686,-0.6925669343330147,control_pose,robot_origin,robot_origin
126.51801791100024,2026-09-13T11:47:34.587924+00:00,1789300054.535358,0.0525660514831543,2.3783105862757115,-1.2516715855007405,0.3096958100795746,-0.6918989715973989,control_pose,robot_origin,robot_origin
126.55123349699988,2026-09-13T11:47:34.621139+00:00,1789300054.5374205,0.08371853828430176,2.378301537257214,-1.251671169524216,0.30969649186610526,-0.6918890300664211,control_pose,robot_origin,robot_origin
126.57995766099975,2026-09-13T11:47:34.649857+00:00,1789300054.608771,0.04108595848083496,2.3782574403282983,-1.251721027338268,0.3096824884414673,-0.6914908092679741,control_pose,robot_origin,robot_origin
126.62163874999987,2026-09-13T11:47:34.691543+00:00,1789300054.603188,0.08835506439208984,2.3782569388339714,-1.2517161819211573,0.309684136550435,-0.6915227680160926,control_pose,robot_origin,robot_origin
126.64675979300046,2026-09-13T11:47:34.716668+00:00,1789300054.6752355,0.04143238067626953,2.3783571036257785,-1.2517844421142619,0.3096578121185303,-0.6914676463028923,control_pose,robot_origin,robot_origin
126.6807956749999,2026-09-13T11:47:34.750695+00:00,1789300054.6759229,0.07477211952209473,2.3783573864565235,-1.2517851621228413,0.3096575187190599,-0.6914674030163317,control_pose,robot_origin,robot_origin
126.69584572700023,2026-09-13T11:47:34.765746+00:00,1789300054.7256713,0.040074825286865234,2.3778220821545553,-1.2499559609487023,0.30996426939964294,-0.6917709694008213,control_pose,robot_origin,robot_origin
126.71934262600007,2026-09-13T11:47:34.789244+00:00,1789300054.7787795,0.01046442985534668,2.378655816651866,-1.2523791876910295,0.31069591641426086,-0.7129379524795268,control_pose,robot_origin,robot_origin
126.76975918500011,2026-09-13T11:47:34.839664+00:00,1789300054.7521102,0.08755373954772949,2.3784656648559,-1.2509243775110668,0.31026082895641194,-0.6994653568099655,control_pose,robot_origin,robot_origin
126.79938361800032,2026-09-13T11:47:34.869288+00:00,1789300054.8314722,0.03781580924987793,2.3789015355380685,-1.2522017715416822,0.31097686290740967,-0.7322133720313048,control_pose,robot_origin,robot_origin
126.85457500299981,2026-09-13T11:47:34.924475+00:00,1789300054.8280582,0.09641671180725098,2.378889254776917,-1.2522211558757856,0.3109574991771132,-0.7311327070378886,control_pose,robot_origin,robot_origin
126.88330777600004,2026-09-13T11:47:34.953215+00:00,1789300054.9133327,0.03988218307495117,2.378987955104602,-1.2516422143720178,0.3114859461784363,-0.7553309676850499,control_pose,robot_origin,robot_origin
126.90662668300047,2026-09-13T11:47:34.976514+00:00,1789300054.9033697,0.07314443588256836,2.3790388038912136,-1.2517241759440778,0.3114768813618414,-0.7527316820979453,control_pose,robot_origin,robot_origin
126.9421542529999,2026-09-13T11:47:35.012060+00:00,1789300054.965321,0.04673886299133301,2.3789655679761923,-1.2512099704741804,0.31115853786468506,-0.7445494782329314,control_pose,robot_origin,robot_origin
126.98439911399964,2026-09-13T11:47:35.054304+00:00,1789300054.9712636,0.08304023742675781,2.3789459744195574,-1.2511340441550174,0.3111898298966693,-0.7429508973842249,control_pose,robot_origin,robot_origin
127.01447620900035,2026-09-13T11:47:35.084356+00:00,1789300055.0385914,0.04576468467712402,2.3783752857468063,-1.2511745511501293,0.31121137738227844,-0.7290539318402479,control_pose,robot_origin,robot_origin
127.03558431800047,2026-09-13T11:47:35.105489+00:00,1789300055.0345228,0.07096624374389648,2.3784137493604924,-1.2511631493126152,0.31122240782091026,-0.7296408229439564,control_pose,robot_origin,robot_origin
127.04883293799958,2026-09-13T11:47:35.118733+00:00,1789300055.0919755,0.026757478713989258,2.3779698257354838,-1.251764871553526,0.31106066703796387,-0.7248024915237193,control_pose,robot_origin,robot_origin
127.08680235599968,2026-09-13T11:47:35.156691+00:00,1789300055.1453505,0.011340618133544922,2.3782570224969217,-1.2519265043456858,0.31084373593330383,-0.721454778815309,control_pose,robot_origin,robot_origin
127.11629903799985,2026-09-13T11:47:35.186199+00:00,1789300055.1106875,0.07551145553588867,2.378019673079674,-1.2518388464689143,0.3109839933257293,-0.7236284465526678,control_pose,robot_origin,robot_origin
127.15092480400017,2026-09-13T11:47:35.220833+00:00,1789300055.1954267,0.025406360626220703,2.3785494104888705,-1.2520255968221914,0.3107914626598358,-0.7182460266851832,control_pose,robot_origin,robot_origin
127.17886956999973,2026-09-13T11:47:35.248774+00:00,1789300055.1679487,0.0808253288269043,2.378396383253052,-1.2519912415398982,0.31078894228711273,-0.7199739748619585,control_pose,robot_origin,robot_origin
127.21564689800016,2026-09-13T11:47:35.285553+00:00,1789300055.249679,0.0358738899230957,2.378851057342831,-1.2521270238903301,0.3106442093849182,-0.7151952141915278,control_pose,robot_origin,robot_origin
127.26141596399975,2026-09-13T11:47:35.331290+00:00,1789300055.2394538,0.09183621406555176,2.3788059581380487,-1.2521059907396626,0.3106677475271196,-0.715755645618393,control_pose,robot_origin,robot_origin
127.28877084499982,2026-09-13T11:47:35.358655+00:00,1789300055.311913,0.04674196243286133,2.3792602159920144,-1.2518129001009142,0.31048455834388733,-0.7118971980025346,control_pose,robot_origin,robot_origin
127.34361421300036,2026-09-13T11:47:35.413523+00:00,1789300055.3168385,0.09668445587158203,2.379305780440112,-1.2517634366897763,0.3104564610645256,-0.7115956995539335,control_pose,robot_origin,robot_origin
127.39912769399962,2026-09-13T11:47:35.469036+00:00,1789300055.4119716,0.05706453323364258,2.3793873191015393,-1.2515939351606398,0.31024426221847534,-0.7073123974228708,control_pose,robot_origin,robot_origin
127.41249183899981,2026-09-13T11:47:35.482396+00:00,1789300055.3807364,0.10165953636169434,2.379381272111558,-1.251637086957306,0.3102957705999127,-0.7084981426363273,control_pose,robot_origin,robot_origin
127.44950687399978,2026-09-13T11:47:35.519404+00:00,1789300055.481952,0.037451982498168945,2.379348360428996,-1.2514359078868393,0.3101724088191986,-0.7048196202325543,control_pose,robot_origin,robot_origin
127.46596841900009,2026-09-13T11:47:35.535869+00:00,1789300055.4464443,0.08942461013793945,2.3793681279017096,-1.25151609028575,0.31020886694307404,-0.7060844419847265,control_pose,robot_origin,robot_origin
127.49947237000015,2026-09-13T11:47:35.569372+00:00,1789300055.5352783,0.034093618392944336,2.3793839912894317,-1.251374338650777,0.31008538603782654,-0.7038612482162231,control_pose,robot_origin,robot_origin
127.53257617399959,2026-09-13T11:47:35.602322+00:00,1789300055.5171778,0.0851442813873291,2.379377372704632,-1.2513943071341473,0.31011489022138417,-0.7041832919861003,control_pose,robot_origin,robot_origin
127.54614730499998,2026-09-13T11:47:35.616050+00:00,1789300055.5885944,0.027455568313598633,2.3793968531501113,-1.2513184352034312,0.3100320100784302,-0.7025026603875678,control_pose,robot_origin,robot_origin
127.60659277200011,2026-09-13T11:47:35.676503+00:00,1789300055.5862205,0.09028244018554688,2.379394117309313,-1.251323548675717,0.31003294560942257,-0.7025754223540054,control_pose,robot_origin,robot_origin
127.63044719299978,2026-09-13T11:47:35.700354+00:00,1789300055.6451921,0.05516195297241211,2.3794133880466353,-1.2512697077609836,0.3099685609340668,-0.7010502890748849,control_pose,robot_origin,robot_origin
127.6426412640003,2026-09-13T11:47:35.712548+00:00,1789300055.6986587,0.013889312744140625,2.3793078230173395,-1.2512431635579475,0.30992868542671204,-0.6997799679188617,control_pose,robot_origin,robot_origin
127.68773791300009,2026-09-13T11:47:35.757640+00:00,1789300055.65553,0.10210990905761719,2.379380678460955,-1.251271109464356,0.30997102430620393,-0.7008410754066248,control_pose,robot_origin,robot_origin
127.72321431300043,2026-09-13T11:47:35.793127+00:00,1789300055.7521462,0.04098081588745117,2.3792226565376806,-1.2512508387562402,0.30983662605285645,-0.6984896303116462,control_pose,robot_origin,robot_origin
127.74120146899986,2026-09-13T11:47:35.811110+00:00,1789300055.7285728,0.08253717422485352,2.3792809209224117,-1.251244118514087,0.30984317671515715,-0.6990410777344442,control_pose,robot_origin,robot_origin
127.77339601200038,2026-09-13T11:47:35.843305+00:00,1789300055.8059258,0.03737926483154297,2.3791079545751623,-1.2513674933628867,0.30978789925575256,-0.6968251263387132,control_pose,robot_origin,robot_origin
127.811283602,2026-09-13T11:47:35.881190+00:00,1789300055.7963889,0.08480119705200195,2.3791508574516023,-1.2513185384803638,0.30978996851166524,-0.6970425418648108,control_pose,robot_origin,robot_origin
127.84242327700031,2026-09-13T11:47:35.912328+00:00,1789300055.8785603,0.0337677001953125,2.37887605223962,-1.2515438993039578,0.30973872542381287,-0.6952067821495551,control_pose,robot_origin,robot_origin
127.87524178700005,2026-09-13T11:47:35.945147+00:00,1789300055.870489,0.07465815544128418,2.378903263632543,-1.251525535583491,0.30974218276042986,-0.6954286824205469,control_pose,robot_origin,robot_origin
127.89761568599988,2026-09-13T11:47:35.967520+00:00,1789300055.931864,0.035655975341796875,2.3787035087298953,-1.2515885909648379,0.30970433354377747,-0.6941612836859543,control_pose,robot_origin,robot_origin
127.94509907700012,2026-09-13T11:47:36.015013+00:00,1789300055.9356992,0.07931375503540039,2.3786974954299795,-1.2515875058990313,0.30969927069016173,-0.6940913951427836,control_pose,robot_origin,robot_origin
127.959521193,2026-09-13T11:47:36.029424+00:00,1789300055.9818685,0.04755544662475586,2.3785669137168206,-1.2515445470336037,0.3096619248390198,-0.6933758227811594,control_pose,robot_origin,robot_origin
127.97307277100026,2026-09-13T11:47:36.042973+00:00,1789300056.0352466,0.007726430892944336,2.378460682722925,-1.2515517855298355,0.3096636235713959,-0.6927649271945492,control_pose,robot_origin,robot_origin
128.01663196800018,2026-09-13T11:47:36.086536+00:00,1789300056.0105743,0.07596158981323242,2.3785101410385354,-1.251536648318873,0.3096670861533059,-0.6929657743292835,control_pose,robot_origin,robot_origin
128.05628009300017,2026-09-13T11:47:36.126188+00:00,1789300056.0886297,0.03755831718444824,2.3783217933538907,-1.251630060645267,0.3096667528152466,-0.6925590263937217,control_pose,robot_origin,robot_origin
128.09492986399982,2026-09-13T11:47:36.164127+00:00,1789300056.0778694,0.0862576961517334,2.3783547904996722,-1.2516022701051899,0.309666212909327,-0.6926109622244602,control_pose,robot_origin,robot_origin
128.12016684900027,2026-09-13T11:47:36.190022+00:00,1789300056.1485384,0.04148364067077637,2.3782680756308294,-1.2516494842215373,0.30965179204940796,-0.6921072587839456,control_pose,robot_origin,robot_origin
128.15331266999965,2026-09-13T11:47:36.223213+00:00,1789300056.1434186,0.07979440689086914,2.378273276665186,-1.2516504992119484,0.3096516607139989,-0.6921541862316485,control_pose,robot_origin,robot_origin
128.18208026000048,2026-09-13T11:47:36.251998+00:00,1789300056.2023983,0.049599647521972656,2.378280912016423,-1.2516533839240709,0.30964669585227966,-0.691913637498505,control_pose,robot_origin,robot_origin
128.22279941299985,2026-09-13T11:47:36.292702+00:00,1789300056.216952,0.07574987411499023,2.37825740711857,-1.2516365047929332,0.30965130376639266,-0.6919475369950584,control_pose,robot_origin,robot_origin
128.2754072150001,2026-09-13T11:47:36.345314+00:00,1789300056.3085828,0.03673124313354492,2.3778913629815817,-1.2503104066688429,0.3102467656135559,-0.6966957750767994,control_pose,robot_origin,robot_origin
128.29988278600013,2026-09-13T11:47:36.369786+00:00,1789300056.2827199,0.0870661735534668,2.3780422029454855,-1.250838524229342,0.31001496836701703,-0.6948956564354039,control_pose,robot_origin,robot_origin
128.33254237500023,2026-09-13T11:47:36.402438+00:00,1789300056.3619273,0.04051065444946289,2.378604272272029,-1.2522647197247228,0.3107776939868927,-0.7206466621197528,control_pose,robot_origin,robot_origin
128.3728938940003,2026-09-13T11:47:36.442800+00:00,1789300056.3549418,0.08785820007324219,2.378510916744777,-1.252008802277451,0.3107081688749463,-0.717510327453198,control_pose,robot_origin,robot_origin
128.39677977199972,2026-09-13T11:47:36.466681+00:00,1789300056.4286075,0.03807353973388672,2.379076151992768,-1.2516753809752532,0.31191107630729675,-0.742440571160959,control_pose,robot_origin,robot_origin
128.45577431899983,2026-09-13T11:47:36.525677+00:00,1789300056.429189,0.09648799896240234,2.3790825685256025,-1.2516728707545641,0.3119190027864613,-0.7425858492570586,control_pose,robot_origin,robot_origin
128.5053600199999,2026-09-13T11:47:36.575259+00:00,1789300056.5252109,0.050048112869262695,2.378415044707032,-1.251084995941622,0.3112170994281769,-0.7345804951580753,control_pose,robot_origin,robot_origin
128.5192064290004,2026-09-13T11:47:36.589113+00:00,1789300056.499379,0.08973407745361328,2.378611618768884,-1.2512473345702566,0.3115078239839197,-0.7416630940947384,control_pose,robot_origin,robot_origin
128.55480424300004,2026-09-13T11:47:36.624707+00:00,1789300056.5901396,0.03456735610961914,2.3775490784943374,-1.2512455662509443,0.3110783100128174,-0.7229632829185312,control_pose,robot_origin,robot_origin
128.59669193300033,2026-09-13T11:47:36.666596+00:00,1789300056.5754924,0.09110355377197266,2.3777444320893477,-1.2512093431434854,0.31110961956143773,-0.7255837643873944,control_pose,robot_origin,robot_origin
128.62608243399973,2026-09-13T11:47:36.695993+00:00,1789300056.6452878,0.0507051944732666,2.377009288049782,-1.2517829345690092,0.3108900785446167,-0.7192929698415924,control_pose,robot_origin,robot_origin
128.66943787699984,2026-09-13T11:47:36.739344+00:00,1789300056.6421578,0.09718608856201172,2.3770027303407555,-1.2517868467253421,0.31090558906414845,-0.7194129705384683,control_pose,robot_origin,robot_origin
128.70131886800027,2026-09-13T11:47:36.771212+00:00,1789300056.7154448,0.05576729774475098,2.3774793217339427,-1.251721654936844,0.3105761706829071,-0.7156911645486562,control_pose,robot_origin,robot_origin
128.72077934400022,2026-09-13T11:47:36.790683+00:00,1789300056.706771,0.08391213417053223,2.3774452371510177,-1.2517037727510285,0.31059963182958306,-0.7161824468516266,control_pose,robot_origin,robot_origin
128.74784563400044,2026-09-13T11:47:36.817751+00:00,1789300056.7785099,0.03924107551574707,2.377721378069246,-1.2518292986116135,0.3104516565799713,-0.7118830943666452,control_pose,robot_origin,robot_origin
128.7731155800002,2026-09-13T11:47:36.843017+00:00,1789300056.7753968,0.06762027740478516,2.3777094289478593,-1.251823984776986,0.31045780322400934,-0.7120710620987318,control_pose,robot_origin,robot_origin
128.79305086400018,2026-09-13T11:47:36.862950+00:00,1789300056.8317192,0.031230926513671875,2.3779703226641256,-1.2515845735573081,0.3103247284889221,-0.7087345498859164,control_pose,robot_origin,robot_origin
128.82400374499957,2026-09-13T11:47:36.893906+00:00,1789300056.8852806,0.008625507354736328,2.3780596495647677,-1.2513112661958785,0.31016597151756287,-0.7062766296214099,control_pose,robot_origin,robot_origin
128.85352862000036,2026-09-13T11:47:36.923436+00:00,1789300056.848763,0.07467293739318848,2.3781143609191187,-1.2513765506824535,0.31027081219418734,-0.7078415567780731,control_pose,robot_origin,robot_origin
128.90307633599969,2026-09-13T11:47:36.972977+00:00,1789300056.9418442,0.03113269805908203,2.378156670050973,-1.2511747926027932,0.3100099265575409,-0.704357410500803,control_pose,robot_origin,robot_origin
128.94142941999962,2026-09-13T11:47:37.011331+00:00,1789300056.9150052,0.09632587432861328,2.37819077072575,-1.251233873130083,0.31006303734693186,-0.7054772991322744,control_pose,robot_origin,robot_origin
128.98911758800023,2026-09-13T11:47:37.059012+00:00,1789300057.006805,0.052206993103027344,2.377977386805769,-1.2512008770843701,0.3099398910999298,-0.7020836627929138,control_pose,robot_origin,robot_origin
129.0118422559999,2026-09-13T11:47:37.081743+00:00,1789300056.9860144,0.09572863578796387,2.3780412921516882,-1.251195130167738,0.30995864946087964,-0.702796767720785,control_pose,robot_origin,robot_origin
129.04333878000034,2026-09-13T11:47:37.113239+00:00,1789300057.065217,0.04802203178405762,2.377965191774973,-1.2512254292342684,0.3099079132080078,-0.7002561765775305,control_pose,robot_origin,robot_origin
129.07200169299995,2026-09-13T11:47:37.141905+00:00,1789300057.0575173,0.08438777923583984,2.3779667992912117,-1.2512221928357452,0.3099121284479205,-0.700497066033011,control_pose,robot_origin,robot_origin
129.08990484399965,2026-09-13T11:47:37.159808+00:00,1789300057.121765,0.03804302215576172,2.3780900943356205,-1.251195296182809,0.3098423480987549,-0.6992500108574654,control_pose,robot_origin,robot_origin
129.12214143599977,2026-09-13T11:47:37.192044+00:00,1789300057.1727955,0.019248485565185547,2.378189018577447,-1.2511528049560297,0.30983054637908936,-0.6980013626690311,control_pose,robot_origin,robot_origin
129.1584372999996,2026-09-13T11:47:37.228344+00:00,1789300057.1296988,0.09864521026611328,2.3781026555659444,-1.2511804085184894,0.30982662955254525,-0.6989956430329906,control_pose,robot_origin,robot_origin
129.2149788300003,2026-09-13T11:47:37.284880+00:00,1789300057.201498,0.08338189125061035,2.3782960058733713,-1.2511821613984995,0.3097933202072985,-0.6972303033993982,control_pose,robot_origin,robot_origin
129.2630518799997,2026-09-13T11:47:37.332965+00:00,1789300057.2817795,0.05118536949157715,2.378402917575589,-1.2512346483826386,0.30970919132232666,-0.6954366713889724,control_pose,robot_origin,robot_origin
129.27301451400035,2026-09-13T11:47:37.342919+00:00,1789300057.2682455,0.07467365264892578,2.3783937549739838,-1.2512255603754157,0.3097191434708963,-0.695710819576767,control_pose,robot_origin,robot_origin
129.3013404180001,2026-09-13T11:47:37.371247+00:00,1789300057.336874,0.03437304496765137,2.378322540426648,-1.2512329469509975,0.3096337914466858,-0.6946275372665084,control_pose,robot_origin,robot_origin
129.34258481300003,2026-09-13T11:47:37.412490+00:00,1789300057.3422337,0.07025623321533203,2.378313671979835,-1.2512401898512426,0.3096294607755704,-0.6944689446024483,control_pose,robot_origin,robot_origin
129.39163938300044,2026-09-13T11:47:37.461543+00:00,1789300057.4123216,0.04922151565551758,2.378086617516001,-1.2512139303768302,0.30962860584259033,-0.6932562336869715,control_pose,robot_origin,robot_origin
129.43672998300008,2026-09-13T11:47:37.506634+00:00,1789300057.4188638,0.08777022361755371,2.378057934477321,-1.2512294363157759,0.30963116493113935,-0.6932445929833582,control_pose,robot_origin,robot_origin
129.46159658099987,2026-09-13T11:47:37.531497+00:00,1789300057.4887779,0.042719125747680664,2.3780336327662246,-1.2512564753913376,0.3096088767051697,-0.6933517818820595,control_pose,robot_origin,robot_origin
129.48213000600026,2026-09-13T11:47:37.551998+00:00,1789300057.4813435,0.07065439224243164,2.3780364830834535,-1.251253923280498,0.3096097648625667,-0.6933405683383868,control_pose,robot_origin,robot_origin
129.50238162500045,2026-09-13T11:47:37.572286+00:00,1789300057.5416474,0.030638456344604492,2.3780760876511047,-1.251253280756702,0.3096011281013489,-0.6929275479362149,control_pose,robot_origin,robot_origin
129.5301485250002,2026-09-13T11:47:37.600067+00:00,1789300057.5919368,0.008130073547363281,2.378114041447235,-1.2512153934858432,0.3096078932285309,-0.6927288348522352,control_pose,robot_origin,robot_origin
129.55874564199985,2026-09-13T11:47:37.628655+00:00,1789300057.5611775,0.06747746467590332,2.378081002647298,-1.251216015966222,0.30960315230522506,-0.6928440029128895,control_pose,robot_origin,robot_origin
129.60508267099976,2026-09-13T11:47:37.674985+00:00,1789300057.6485274,0.026457548141479492,2.378179092045654,-1.2512451550118158,0.3095843195915222,-0.6924884223031224,control_pose,robot_origin,robot_origin
129.62963597399994,2026-09-13T11:47:37.699535+00:00,1789300057.6158915,0.08364343643188477,2.378155454471024,-1.2512435827426942,0.30959543548471474,-0.6926518309547385,control_pose,robot_origin,robot_origin
129.66791119899972,2026-09-13T11:47:37.737817+00:00,1789300057.7017856,0.036031484603881836,2.3781381584093184,-1.2512529079840626,0.31041219830513,-0.7045582542083443,control_pose,robot_origin,robot_origin
129.70478094600003,2026-09-13T11:47:37.774682+00:00,1789300057.68714,0.08754205703735352,2.3782424467258587,-1.250730292373929,0.3101203834179108,-0.6999224727266412,control_pose,robot_origin,robot_origin
129.7350103360004,2026-09-13T11:47:37.804915+00:00,1789300057.7549553,0.049959659576416016,2.3786643048764615,-1.2510700850338823,0.31111589074134827,-0.7275106021723997,control_pose,robot_origin,robot_origin
129.75937460499972,2026-09-13T11:47:37.829277+00:00,1789300057.805613,0.023663997650146484,2.378906556843031,-1.2508077346959072,0.31207144260406494,-0.7427685865714762,control_pose,robot_origin,robot_origin
129.783181023,2026-09-13T11:47:37.853085+00:00,1789300057.7688074,0.08427762985229492,2.378778116795526,-1.2510003337736402,0.31139532046966617,-0.7316660075788738,control_pose,robot_origin,robot_origin
129.81730541999968,2026-09-13T11:47:37.887210+00:00,1789300057.8583438,0.028866052627563477,2.378684317381731,-1.2508078605438577,0.311490535736084,-0.755920755356794,control_pose,robot_origin,robot_origin
129.84896764699988,2026-09-13T11:47:37.918870+00:00,1789300057.8385737,0.08029627799987793,2.378859860440545,-1.2507637446005009,0.3119076497551893,-0.7533324813316561,control_pose,robot_origin,robot_origin
129.90664161699988,2026-09-13T11:47:37.976545+00:00,1789300057.9255655,0.0509796142578125,2.3782626970421736,-1.2500030762116996,0.3111322224140167,-0.7388940342306969,control_pose,robot_origin,robot_origin
129.93222489100026,2026-09-13T11:47:38.002130+00:00,1789300057.9037442,0.09838581085205078,2.3783745356872292,-1.2502818049024957,0.31105765823972575,-0.7458042731946292,control_pose,robot_origin,robot_origin
129.9617142750003,2026-09-13T11:47:38.031616+00:00,1789300057.986773,0.04484295845031738,2.3775278580006285,-1.2502155944550601,0.3110525906085968,-0.7282621788133122,control_pose,robot_origin,robot_origin
129.99335349400008,2026-09-13T11:47:38.063256+00:00,1789300057.9785135,0.08474254608154297,2.377624593954746,-1.2502091133520155,0.31108278240086445,-0.7293821463791368,control_pose,robot_origin,robot_origin
130.03625540899975,2026-09-13T11:47:38.106156+00:00,1789300058.0483813,0.05777478218078613,2.377107739973848,-1.2507417217071892,0.3109181821346283,-0.7233843225883214,control_pose,robot_origin,robot_origin
130.04764144100045,2026-09-13T11:47:38.117499+00:00,1789300058.1020162,0.015482902526855469,2.377408111447736,-1.2507411472341463,0.3107178807258606,-0.7207009599906297,control_pose,robot_origin,robot_origin
130.09337175099972,2026-09-13T11:47:38.163273+00:00,1789300058.0564487,0.10682439804077148,2.3771758570615025,-1.2507617935990742,0.31087416090316145,-0.7230355439598939,control_pose,robot_origin,robot_origin
130.14455020199966,2026-09-13T11:47:38.214460+00:00,1789300058.1584132,0.05604672431945801,2.377869922627595,-1.2506991347142873,0.3106098175048828,-0.7172297561158559,control_pose,robot_origin,robot_origin
130.17420881100043,2026-09-13T11:47:38.244113+00:00,1789300058.1148155,0.12929749488830566,2.377492854938555,-1.250739416042658,0.3106980404214647,-0.7198604383735352,control_pose,robot_origin,robot_origin
130.19139685499977,2026-09-13T11:47:38.261297+00:00,1789300058.1797857,0.08151125907897949,2.3779962977548337,-1.2507687975755015,0.3105522415216847,-0.7158223173721607,control_pose,robot_origin,robot_origin
130.2173953800002,2026-09-13T11:47:38.287268+00:00,1789300058.2388828,0.0483851432800293,2.378221801732164,-1.2507754583819717,0.3104678690433502,-0.7124171930013304,control_pose,robot_origin,robot_origin
130.25903144200038,2026-09-13T11:47:38.328935+00:00,1789300058.2483418,0.08059310913085938,2.3782889844951978,-1.2506959522684868,0.31044597198354756,-0.711993202852568,control_pose,robot_origin,robot_origin
130.2730423060002,2026-09-13T11:47:38.342945+00:00,1789300058.301654,0.041290998458862305,2.3785879894046618,-1.250262512624396,0.31028977036476135,-0.7100612081715042,control_pose,robot_origin,robot_origin
130.29475310100042,2026-09-13T11:47:38.364658+00:00,1789300058.3517554,0.01290273666381836,2.3786305670074563,-1.2502099885375204,0.310188889503479,-0.7082381652508859,control_pose,robot_origin,robot_origin
130.3244578240001,2026-09-13T11:47:38.394363+00:00,1789300058.3235776,0.0707852840423584,2.3786527061617195,-1.2502518954709756,0.31023726381695704,-0.7093295219582979,control_pose,robot_origin,robot_origin
130.36057556699961,2026-09-13T11:47:38.430483+00:00,1789300058.4051464,0.025336742401123047,2.3785869089428884,-1.2501826741794027,0.3101327121257782,-0.7064820089853849,control_pose,robot_origin,robot_origin
130.3959822019997,2026-09-13T11:47:38.465798+00:00,1789300058.3901184,0.07567954063415527,2.378576313523887,-1.250186425580091,0.3101416596158127,-0.7070219840575275,control_pose,robot_origin,robot_origin
130.42653307900036,2026-09-13T11:47:38.496441+00:00,1789300058.4616854,0.03475546836853027,2.3784687422239448,-1.2502204731019728,0.31003129482269287,-0.7047490957847691,control_pose,robot_origin,robot_origin
130.4667850730002,2026-09-13T11:47:38.536690+00:00,1789300058.4568973,0.07979273796081543,2.3784724949343405,-1.2502113695088508,0.3100354357225813,-0.7048856889312615,control_pose,robot_origin,robot_origin
130.50143826299973,2026-09-13T11:47:38.571347+00:00,1789300058.53179,0.03955698013305664,2.3784944340313654,-1.2502817633470913,0.30991819500923157,-0.7024127085691978,control_pose,robot_origin,robot_origin
130.53854677399977,2026-09-13T11:47:38.608447+00:00,1789300058.5267658,0.0816812515258789,2.378481612290449,-1.2502697683025548,0.3099294963794058,-0.7025723833032105,control_pose,robot_origin,robot_origin
130.5575469080004,2026-09-13T11:47:38.627453+00:00,1789300058.5884821,0.038970947265625,2.378415667637019,-1.2504047408379004,0.30990421772003174,-0.7009267392890004,control_pose,robot_origin,robot_origin
130.6028314360001,2026-09-13T11:47:38.672729+00:00,1789300058.5958345,0.07689452171325684,2.3784086350142317,-1.2504228102077106,0.3098923836634808,-0.7007821326513274,control_pose,robot_origin,robot_origin
130.62819825099996,2026-09-13T11:47:38.698096+00:00,1789300058.6548817,0.04321432113647461,2.3783984818929675,-1.2504640357596828,0.3098597526550293,-0.6990290347221799,control_pose,robot_origin,robot_origin
130.64588775999982,2026-09-13T11:47:38.715793+00:00,1789300058.7085488,0.007244110107421875,2.3784134523529397,-1.2504864741439747,0.3098268508911133,-0.6976322377281327,control_pose,robot_origin,robot_origin
130.68350183199982,2026-09-13T11:47:38.753406+00:00,1789300058.6667607,0.08664536476135254,2.3783864780102904,-1.2504828093634908,0.3098534766446422,-0.6986687315236809,control_pose,robot_origin,robot_origin
130.7217439340002,2026-09-13T11:47:38.791651+00:00,1789300058.764989,0.026662111282348633,2.378594912453274,-1.2504677532306876,0.30973127484321594,-0.6966522733869159,control_pose,robot_origin,robot_origin
130.7636193999997,2026-09-13T11:47:38.833527+00:00,1789300058.742728,0.09079909324645996,2.378513940645544,-1.2504635607310788,0.3097827100432917,-0.6969726233241605,control_pose,robot_origin,robot_origin
130.777877988,2026-09-13T11:47:38.847783+00:00,1789300058.818547,0.0292360782623291,2.378625023605557,-1.250399733391783,0.3096804618835449,-0.6955088370491092,control_pose,robot_origin,robot_origin
130.8175724820003,2026-09-13T11:47:38.887474+00:00,1789300058.8067138,0.08076024055480957,2.3786342243925356,-1.250413016603164,0.30968782768797687,-0.6957514596461627,control_pose,robot_origin,robot_origin
130.8484438229998,2026-09-13T11:47:38.918344+00:00,1789300058.8783557,0.03998827934265137,2.378568028282206,-1.2504063465155726,0.30962270498275757,-0.6946332812434254,control_pose,robot_origin,robot_origin
130.88804592799988,2026-09-13T11:47:38.957952+00:00,1789300058.8741052,0.0838468074798584,2.3785767767617356,-1.2504056786466509,0.3096254941646401,-0.694693495127054,control_pose,robot_origin,robot_origin
130.91309487099988,2026-09-13T11:47:38.983003+00:00,1789300058.9486344,0.03436851501464844,2.378422270377409,-1.2504325593394054,0.3096329867839813,-0.6933861087590846,control_pose,robot_origin,robot_origin
130.9617832470003,2026-09-13T11:47:39.031689+00:00,1789300058.9466977,0.0849912166595459,2.378425507390238,-1.250431839792105,0.30963269344887984,-0.6934229320722484,control_pose,robot_origin,robot_origin
130.99414163599977,2026-09-13T11:47:39.064046+00:00,1789300059.0163388,0.04770708084106445,2.378413663686236,-1.2504890691229607,0.3096242845058441,-0.6930896876580338,control_pose,robot_origin,robot_origin
131.03374770899973,2026-09-13T11:47:39.103657+00:00,1789300059.0196564,0.0840005874633789,2.378414987836555,-1.2504908627457794,0.30962670275888143,-0.6931118101738858,control_pose,robot_origin,robot_origin
131.06555954400028,2026-09-13T11:47:39.135463+00:00,1789300059.0885317,0.04693126678466797,2.3784724927280316,-1.2505110243215998,0.3096177875995636,-0.6928757877395144,control_pose,robot_origin,robot_origin
131.10798729199996,2026-09-13T11:47:39.177893+00:00,1789300059.089291,0.08860182762145996,2.3784740561383364,-1.2505110615284298,0.3096175661609072,-0.6928673744150826,control_pose,robot_origin,robot_origin
131.14170366800045,2026-09-13T11:47:39.211605+00:00,1789300059.1581872,0.05341792106628418,2.3785356720189545,-1.2505379810495358,0.30959731340408325,-0.6924896293125488,control_pose,robot_origin,robot_origin
131.16822545099967,2026-09-13T11:47:39.238092+00:00,1789300059.1571155,0.08097648620605469,2.378534069064125,-1.2505366592178946,0.30959738888490795,-0.6924922541864351,control_pose,robot_origin,robot_origin
131.19438366400027,2026-09-13T11:47:39.264290+00:00,1789300059.2160518,0.048238277435302734,2.378532513726218,-1.2505976450411174,0.30958449840545654,-0.6924123837662047,control_pose,robot_origin,robot_origin
131.22016384200015,2026-09-13T11:47:39.290036+00:00,1789300059.2683206,0.021715402603149414,2.3777158493804,-1.2487100220581504,0.3100965619087219,-0.694822803275667,control_pose,robot_origin,robot_origin
131.24241338299998,2026-09-13T11:47:39.312319+00:00,1789300059.2421937,0.07012534141540527,2.3785539330190812,-1.2506047642986173,0.30958457949264734,-0.6923154619791536,control_pose,robot_origin,robot_origin
131.29496508400007,2026-09-13T11:47:39.364870+00:00,1789300059.3216305,0.043239593505859375,2.3787632914186863,-1.2512026547381803,0.3107422888278961,-0.7187164130791945,control_pose,robot_origin,robot_origin
131.3069160389996,2026-09-13T11:47:39.376770+00:00,1789300059.2948349,0.08193516731262207,2.3783222873387815,-1.250198325031343,0.3104589681207517,-0.7066490912985203,control_pose,robot_origin,robot_origin
131.3411310319998,2026-09-13T11:47:39.411036+00:00,1789300059.3785038,0.0325322151184082,2.3790818117255803,-1.2505643450827073,0.31150972843170166,-0.737794476586205,control_pose,robot_origin,robot_origin
131.3792308230004,2026-09-13T11:47:39.449132+00:00,1789300059.3723614,0.07677054405212402,2.37906533610035,-1.2505502449308705,0.3113893393208265,-0.7363103726619932,control_pose,robot_origin,robot_origin
131.41907374000039,2026-09-13T11:47:39.488982+00:00,1789300059.4381843,0.05079770088195801,2.3794525035660916,-1.2502261313713117,0.3123933672904968,-0.7560662872831511,control_pose,robot_origin,robot_origin
131.44038208300026,2026-09-13T11:47:39.510289+00:00,1789300059.4420393,0.06824970245361328,2.3794461625279633,-1.2502073462068113,0.3124097916689774,-0.75757045562655,control_pose,robot_origin,robot_origin
131.47635495400027,2026-09-13T11:47:39.546261+00:00,1789300059.4915178,0.054743289947509766,2.3787153517945496,-1.2499837912087695,0.3113994300365448,-0.7584305152224485,control_pose,robot_origin,robot_origin
131.49279784099963,2026-09-13T11:47:39.562701+00:00,1789300059.543798,0.018903017044067383,2.3785678235157715,-1.249502496226059,0.3113500773906708,-0.7426289560369583,control_pose,robot_origin,robot_origin
131.52907133499957,2026-09-13T11:47:39.598976+00:00,1789300059.5264065,0.07256937026977539,2.3787344281218195,-1.2495395626326387,0.31129442387608086,-0.7465313725966426,control_pose,robot_origin,robot_origin
131.55818582099982,2026-09-13T11:47:39.628091+00:00,1789300059.594939,0.033152103424072266,2.378027868743545,-1.2497751924536027,0.31122633814811707,-0.733205863843493,control_pose,robot_origin,robot_origin
131.59745882199968,2026-09-13T11:47:39.667360+00:00,1789300059.5821655,0.08519458770751953,2.378220757711055,-1.249724714367093,0.3112667050049876,-0.7345022748578782,control_pose,robot_origin,robot_origin
131.63488430800044,2026-09-13T11:47:39.704795+00:00,1789300059.6618116,0.042983293533325195,2.377765308700217,-1.2503889343840773,0.311002254486084,-0.727737805689367,control_pose,robot_origin,robot_origin
131.66760802800036,2026-09-13T11:47:39.737515+00:00,1789300059.6569571,0.08055782318115234,2.377760449946353,-1.2503597577378538,0.3110208132249179,-0.7281142968464431,control_pose,robot_origin,robot_origin
131.69230191299994,2026-09-13T11:47:39.762211+00:00,1789300059.721586,0.04062509536743164,2.3782542093528427,-1.250459668497368,0.3107992112636566,-0.723646496795286,control_pose,robot_origin,robot_origin
131.72712320699975,2026-09-13T11:47:39.797020+00:00,1789300059.7227063,0.07431364059448242,2.3782599525920207,-1.2504623119568141,0.3107975449170779,-0.7235767191681776,control_pose,robot_origin,robot_origin
131.7460034300002,2026-09-13T11:47:39.815916+00:00,1789300059.7748508,0.041065216064453125,2.378530180407124,-1.2505447862540677,0.3107472360134125,-0.7203923106299764,control_pose,robot_origin,robot_origin
131.76857977100008,2026-09-13T11:47:39.838485+00:00,1789300059.8282113,0.01027369499206543,2.3788645417780945,-1.2504701588141711,0.3105989098548889,-0.7177524211601701,control_pose,robot_origin,robot_origin
131.8025608959997,2026-09-13T11:47:39.872460+00:00,1789300059.794116,0.07834386825561523,2.378648999506434,-1.2505543423631864,0.3107038840074234,-0.7194049712398821,control_pose,robot_origin,robot_origin
131.8280153630003,2026-09-13T11:47:39.897881+00:00,1789300059.8783386,0.019542455673217773,2.379103644944658,-1.2502284531360113,0.3104851543903351,-0.7152676172963944,control_pose,robot_origin,robot_origin
131.8738653270002,2026-09-13T11:47:39.943770+00:00,1789300059.86224,0.08152985572814941,2.378980341834887,-1.2504512101809093,0.3105465436911287,-0.7159941034364635,control_pose,robot_origin,robot_origin
131.9016909490001,2026-09-13T11:47:39.971596+00:00,1789300059.931444,0.04015207290649414,2.379302055635071,-1.2500152140200995,0.3103451132774353,-0.7127351676734125,control_pose,robot_origin,robot_origin
131.92418619799992,2026-09-13T11:47:39.994093+00:00,1789300059.9816222,0.012470722198486328,2.379328022705209,-1.2499959639717528,0.3102569878101349,-0.7110954900041034,control_pose,robot_origin,robot_origin
131.95685897099975,2026-09-13T11:47:40.026766+00:00,1789300059.9340715,0.09269452095031738,2.379300357447087,-1.2500133964458575,0.3103427625920202,-0.7126515028955932,control_pose,robot_origin,robot_origin
131.99416582699996,2026-09-13T11:47:40.064074+00:00,1789300060.0347924,0.0292816162109375,2.3793291048467773,-1.2499491357168027,0.3101736307144165,-0.7089013246427777,control_pose,robot_origin,robot_origin
132.01936139999998,2026-09-13T11:47:40.089274+00:00,1789300060.0021954,0.08707857131958008,2.3793321505965395,-1.2499701418545546,0.3102193199682707,-0.7103266567934432,control_pose,robot_origin,robot_origin
132.05295863399988,2026-09-13T11:47:40.122868+00:00,1789300060.085103,0.0377650260925293,2.3793544378916405,-1.2498563359797066,0.31013262271881104,-0.7070362411372106,control_pose,robot_origin,robot_origin
132.10174579799968,2026-09-13T11:47:40.171650+00:00,1789300060.0778215,0.09382843971252441,2.3793526841129697,-1.249874253785837,0.310136257744331,-0.7073129486202248,control_pose,robot_origin,robot_origin
132.126324029,2026-09-13T11:47:40.196224+00:00,1789300060.1519914,0.04423260688781738,2.3794301670059848,-1.2498045949763898,0.3100641965866089,-0.7053374626167306,control_pose,robot_origin,robot_origin
132.15242447899982,2026-09-13T11:47:40.222332+00:00,1789300060.1413343,0.08099770545959473,2.3794209057267266,-1.249808640457202,0.3100697867032858,-0.7055960079999815,control_pose,robot_origin,robot_origin
132.1806342480004,2026-09-13T11:47:40.250538+00:00,1789300060.2051733,0.0453648567199707,2.379585099076573,-1.2498054983729485,0.30999433994293213,-0.70398163948507,control_pose,robot_origin,robot_origin
132.2295655150001,2026-09-13T11:47:40.299472+00:00,1789300060.2099922,0.08947992324829102,2.3795793637341798,-1.2497900419586918,0.30999674523483817,-0.7038719444938847,control_pose,robot_origin,robot_origin
132.27197409400014,2026-09-13T11:47:40.341889+00:00,1789300060.2949514,0.04693746566772461,2.3796298984530724,-1.2496894764936524,0.3099435269832611,-0.7023308138047931,control_pose,robot_origin,robot_origin
132.29691371799981,2026-09-13T11:47:40.366822+00:00,1789300060.2760153,0.09080672264099121,2.379626664990131,-1.2497072709697887,0.3099541449806519,-0.7026018889124513,control_pose,robot_origin,robot_origin
132.33007864299998,2026-09-13T11:47:40.399984+00:00,1789300060.3513544,0.0486295223236084,2.379673018869911,-1.2496512834588387,0.3098764717578888,-0.7017173817674338,control_pose,robot_origin,robot_origin
132.36128859200016,2026-09-13T11:47:40.431190+00:00,1789300060.353142,0.0780479907989502,2.379670177586028,-1.2496527462288292,0.30987406440452625,-0.7017027376089784,control_pose,robot_origin,robot_origin
132.39640071600024,2026-09-13T11:47:40.466305+00:00,1789300060.4147608,0.051544189453125,2.379542363228475,-1.2496761349338388,0.3098398447036743,-0.7007746598201517,control_pose,robot_origin,robot_origin
132.426022267,2026-09-13T11:47:40.495921+00:00,1789300060.4176981,0.07822275161743164,2.3795439543111594,-1.2496818731320074,0.30983932861778707,-0.7007384523485669,control_pose,robot_origin,robot_origin
132.49302011700001,2026-09-13T11:47:40.562923+00:00,1789300060.4950275,0.06789541244506836,2.3793175649137672,-1.2497779831410925,0.3097805976867676,-0.6991559601554432,control_pose,robot_origin,robot_origin
132.49520268800006,2026-09-13T11:47:40.565108+00:00,1789300060.4884698,0.07663822174072266,2.379337954396998,-1.2497700768429574,0.30978577863697976,-0.6992929351813246,control_pose,robot_origin,robot_origin
132.53286149700034,2026-09-13T11:47:40.602768+00:00,1789300060.5588686,0.0438992977142334,2.37914383642069,-1.2499089899992422,0.3097033202648163,-0.6979225097594062,control_pose,robot_origin,robot_origin
132.54837906000012,2026-09-13T11:47:40.618280+00:00,1789300060.6113806,0.006899356842041016,2.3789434605903135,-1.249987146723176,0.30966946482658386,-0.697014354986396,control_pose,robot_origin,robot_origin
132.57320098299988,2026-09-13T11:47:40.643105+00:00,1789300060.5671864,0.07591867446899414,2.3791122211104936,-1.2499033454489399,0.3096993674843147,-0.697808528130546,control_pose,robot_origin,robot_origin
132.6052636129998,2026-09-13T11:47:40.675167+00:00,1789300060.6648018,0.01036524772644043,2.3787398875294508,-1.2500155543567681,0.30969035625457764,-0.6960534559398447,control_pose,robot_origin,robot_origin
132.64959494200048,2026-09-13T11:47:40.719499+00:00,1789300060.6319256,0.08757352828979492,2.3788888652313287,-1.2500064548048204,0.3096825111209276,-0.6967356707767763,control_pose,robot_origin,robot_origin
132.68292838700017,2026-09-13T11:47:40.752823+00:00,1789300060.718251,0.03457212448120117,2.3785937043622107,-1.250029283017168,0.30968883633613586,-0.6953002774082586,control_pose,robot_origin,robot_origin
132.71362941500047,2026-09-13T11:47:40.783536+00:00,1789300060.6978128,0.0857231616973877,2.3786521947395878,-1.2500227143187645,0.3096866216799204,-0.6955483646410285,control_pose,robot_origin,robot_origin
132.7419680539997,2026-09-13T11:47:40.811872+00:00,1789300060.7714794,0.04039263725280762,2.378532528665588,-1.2501140765586385,0.3096446096897125,-0.6947229776668157,control_pose,robot_origin,robot_origin
132.7821013849998,2026-09-13T11:47:40.852004+00:00,1789300060.7696917,0.08231234550476074,2.3785349015243256,-1.2501121442806202,0.30964609984783675,-0.6947416975193806,control_pose,robot_origin,robot_origin
132.80598620599994,2026-09-13T11:47:40.875893+00:00,1789300060.8251858,0.050707340240478516,2.378501991385578,-1.250167180832289,0.30963775515556335,-0.6941955834829929,control_pose,robot_origin,robot_origin
132.8270883619998,2026-09-13T11:47:40.896987+00:00,1789300060.8780687,0.018918275833129883,2.3784638703602146,-1.2502607098652163,0.3096453845500946,-0.6940583608429367,control_pose,robot_origin,robot_origin
132.84972588999972,2026-09-13T11:47:40.919629+00:00,1789300060.8394403,0.08018875122070312,2.3784880151410857,-1.250192430498395,0.3096314580362701,-0.6941102209541187,control_pose,robot_origin,robot_origin
132.87365154500003,2026-09-13T11:47:40.943562+00:00,1789300060.9313295,0.012232542037963867,2.3784282878794865,-1.2502611433478508,0.3096475601196289,-0.6937621032140271,control_pose,robot_origin,robot_origin
132.9112724329998,2026-09-13T11:47:40.981171+00:00,1789300060.9096828,0.0714881420135498,2.378460254266484,-1.2502965850959806,0.3096530892837104,-0.693949287269475,control_pose,robot_origin,robot_origin
132.94349276699995,2026-09-13T11:47:41.013400+00:00,1789300060.9814923,0.03190779685974121,2.378373570955125,-1.2502319859948794,0.3096306324005127,-0.6933049410952944,control_pose,robot_origin,robot_origin
132.98594937899998,2026-09-13T11:47:41.055851+00:00,1789300060.9776192,0.0782318115234375,2.378374737975437,-1.2502254478662824,0.30962953136638877,-0.693334589975411,control_pose,robot_origin,robot_origin
133.00572574200032,2026-09-13T11:47:41.075625+00:00,1789300061.0347612,0.040863752365112305,2.377565917745351,-1.2481104542445136,0.30999618768692017,-0.6944422423768128,control_pose,robot_origin,robot_origin
133.02755084599994,2026-09-13T11:47:41.097456+00:00,1789300061.0880933,0.00936269760131836,2.378597580841179,-1.2508708974570566,0.3107014298439026,-0.7166605221172625,control_pose,robot_origin,robot_origin
133.06709064299957,2026-09-13T11:47:41.136998+00:00,1789300061.050748,0.08624982833862305,2.378181669316622,-1.2490474601733603,0.31020751573025357,-0.6990430646961394,control_pose,robot_origin,robot_origin
133.10957061699992,2026-09-13T11:47:41.179323+00:00,1789300061.1408393,0.038483619689941406,2.3789644292865764,-1.25030958058929,0.31125539541244507,-0.7357985157774021,control_pose,robot_origin,robot_origin
133.1369892749999,2026-09-13T11:47:41.206890+00:00,1789300061.1225092,0.0843808650970459,2.378845239348034,-1.2505538949967498,0.31095688360660456,-0.7304922933116769,control_pose,robot_origin,robot_origin
133.19241391600008,2026-09-13T11:47:41.262318+00:00,1789300061.2013378,0.06098008155822754,2.379302824441455,-1.2499419443785116,0.31230035424232483,-0.755208072632274,control_pose,robot_origin,robot_origin
133.22550379699987,2026-09-13T11:47:41.295401+00:00,1789300061.1989315,0.09646964073181152,2.3792928930754216,-1.24995540169543,0.31226601584169833,-0.7544463431735767,control_pose,robot_origin,robot_origin
133.2555699450004,2026-09-13T11:47:41.325475+00:00,1789300061.2754211,0.05005383491516113,2.3787122801327683,-1.2494328693100134,0.3112027645111084,-0.7468057921059821,control_pose,robot_origin,robot_origin
133.27499838699987,2026-09-13T11:47:41.344860+00:00,1789300061.2639778,0.08088231086730957,2.3788035002233534,-1.2495115050248615,0.3113723068015584,-0.7481036961955043,control_pose,robot_origin,robot_origin
133.30266137699982,2026-09-13T11:47:41.372567+00:00,1789300061.3312776,0.041289329528808594,2.378121552382939,-1.2495251221351238,0.3112154006958008,-0.7330829317134461,control_pose,robot_origin,robot_origin
133.33307762300046,2026-09-13T11:47:41.402977+00:00,1789300061.3384445,0.06453251838684082,2.3781153123895122,-1.249571104815776,0.3112102119321199,-0.7324482704595208,control_pose,robot_origin,robot_origin
133.35884704799992,2026-09-13T11:47:41.428751+00:00,1789300061.3846862,0.04406476020812988,2.3776224051695443,-1.2500927282425476,0.3110990524291992,-0.7280345150161476,control_pose,robot_origin,robot_origin
133.3788255010004,2026-09-13T11:47:41.448732+00:00,1789300061.43848,0.010251998901367188,2.377860773784573,-1.2502176268332628,0.3108500838279724,-0.7244405230744868,control_pose,robot_origin,robot_origin
133.42293249900013,2026-09-13T11:47:41.492847+00:00,1789300061.4051726,0.08767437934875488,2.3775710391978704,-1.2502561975573419,0.3110034303182753,-0.7267041499416929,control_pose,robot_origin,robot_origin
133.4606228929997,2026-09-13T11:47:41.530312+00:00,1789300061.494813,0.03549909591674805,2.3781849393672436,-1.250201380051776,0.3107507824897766,-0.7206090430420705,control_pose,robot_origin,robot_origin
133.51427887200043,2026-09-13T11:47:41.584175+00:00,1789300061.4818487,0.1023263931274414,2.3781139056568126,-1.2502250174176233,0.3107506999610973,-0.7213323087845762,control_pose,robot_origin,robot_origin
133.52296134599965,2026-09-13T11:47:41.592862+00:00,1789300061.5514963,0.041365623474121094,2.378620631339417,-1.2501452793706063,0.31059741973876953,-0.7181799748214844,control_pose,robot_origin,robot_origin
133.54880792699987,2026-09-13T11:47:41.618712+00:00,1789300061.5388331,0.0798788070678711,2.3785408781828363,-1.2501339065511323,0.3106337068319947,-0.7187323664818872,control_pose,robot_origin,robot_origin
133.55801212299957,2026-09-13T11:47:41.627919+00:00,1789300061.6058075,0.02211141586303711,2.3789736551408924,-1.2498906981527822,0.3104349672794342,-0.7155626297027315,control_pose,robot_origin,robot_origin
133.61919192700043,2026-09-13T11:47:41.689096+00:00,1789300061.6087837,0.08031225204467773,2.3789992847752397,-1.2498646190089953,0.3104228770423314,-0.7153263255706409,control_pose,robot_origin,robot_origin
133.63737070699972,2026-09-13T11:47:41.707267+00:00,1789300061.6581752,0.04909181594848633,2.379116234800665,-1.2497366975750746,0.31031087040901184,-0.7126104650957369,control_pose,robot_origin,robot_origin
133.64899649400013,2026-09-13T11:47:41.718899+00:00,1789300061.711287,0.007611989974975586,2.3792308875181924,-1.249678747320035,0.3102041482925415,-0.7107098407152571,control_pose,robot_origin,robot_origin
133.68623621000006,2026-09-13T11:47:41.756138+00:00,1789300061.6863499,0.06978821754455566,2.379150537859253,-1.2497230672109638,0.3102824127819571,-0.7117347763343984,control_pose,robot_origin,robot_origin
133.72052534999966,2026-09-13T11:47:41.790431+00:00,1789300061.761642,0.028789043426513672,2.37931503619296,-1.24957021605336,0.31018099188804626,-0.7087416329901014,control_pose,robot_origin,robot_origin
133.76085117000002,2026-09-13T11:47:41.830751+00:00,1789300061.7487538,0.08199715614318848,2.379263135517078,-1.2495884067025087,0.31017829271504777,-0.7092441133058115,control_pose,robot_origin,robot_origin
133.78930795900033,2026-09-13T11:47:41.859214+00:00,1789300061.8145912,0.04462289810180664,2.379392708331771,-1.2494600271920135,0.3101165294647217,-0.7077645792316349,control_pose,robot_origin,robot_origin
133.8256232140002,2026-09-13T11:47:41.895522+00:00,1789300061.8209376,0.0745844841003418,2.379424201468509,-1.2494535218481921,0.31011099167460454,-0.7077082880232028,control_pose,robot_origin,robot_origin
133.86086174400043,2026-09-13T11:47:41.930726+00:00,1789300061.8948686,0.035857439041137695,2.379468149178762,-1.249386590703062,0.3100375831127167,-0.7062903544928684,control_pose,robot_origin,robot_origin
133.9063646499999,2026-09-13T11:47:41.976273+00:00,1789300061.8898585,0.08641457557678223,2.3794701834680696,-1.2493928136503816,0.31003692874414485,-0.7064202257432023,control_pose,robot_origin,robot_origin
133.940194023,2026-09-13T11:47:42.009698+00:00,1789300061.964654,0.0450439453125,2.379487291333787,-1.249240769899676,0.30999839305877686,-0.7043755801505421,control_pose,robot_origin,robot_origin
133.97140054699958,2026-09-13T11:47:42.041305+00:00,1789300061.961195,0.08011007308959961,2.3794872551905875,-1.2492539234955267,0.30999760203638727,-0.7045169895372576,control_pose,robot_origin,robot_origin
133.9922727080002,2026-09-13T11:47:42.062179+00:00,1789300062.0179672,0.04421186447143555,2.3795366976946983,-1.2491942283724473,0.30995193123817444,-0.7033929930587529,control_pose,robot_origin,robot_origin
134.0480864230003,2026-09-13T11:47:42.117988+00:00,1789300062.0294719,0.0885162353515625,2.3795326299194977,-1.2491843748605116,0.30994717808732175,-0.7033347806607172,control_pose,robot_origin,robot_origin
134.06230853000034,2026-09-13T11:47:42.132212+00:00,1789300062.0879493,0.04426264762878418,2.379556100046141,-1.249122611999114,0.30985167622566223,-0.7027181970293027,control_pose,robot_origin,robot_origin
134.08576942499985,2026-09-13T11:47:42.155669+00:00,1789300062.1413078,0.014361143112182617,2.379495299018273,-1.2491434174493095,0.3098194897174835,-0.7013816834792633,control_pose,robot_origin,robot_origin
134.1028869060001,2026-09-13T11:47:42.172790+00:00,1789300062.1009498,0.07184028625488281,2.379565877144245,-1.2491215630963102,0.309828953511498,-0.7023927381486524,control_pose,robot_origin,robot_origin
134.14658713100016,2026-09-13T11:47:42.216489+00:00,1789300062.2043746,0.012114524841308594,2.3793546662767433,-1.24924991147718,0.30968740582466125,-0.6998425232343879,control_pose,robot_origin,robot_origin
134.18951154200022,2026-09-13T11:47:42.259416+00:00,1789300062.1819093,0.07750678062438965,2.379396260587129,-1.24922527148876,0.3097210843891162,-0.7003983973471791,control_pose,robot_origin,robot_origin
134.2174480169997,2026-09-13T11:47:42.287356+00:00,1789300062.254961,0.0323948860168457,2.379234871624468,-1.2494432271998508,0.30968233942985535,-0.6986907530871113,control_pose,robot_origin,robot_origin
134.2383008810002,2026-09-13T11:47:42.308207+00:00,1789300062.2386873,0.0695197582244873,2.379262466969426,-1.249382692028667,0.30968279962280465,-0.6990045016033314,control_pose,robot_origin,robot_origin
134.25732267900003,2026-09-13T11:47:42.327224+00:00,1789300062.3079343,0.019289731979370117,2.3790526660803986,-1.2496008656038797,0.309626042842865,-0.697700592178638,control_pose,robot_origin,robot_origin
134.32209664200036,2026-09-13T11:47:42.392007+00:00,1789300062.3091938,0.08281326293945312,2.379046027419399,-1.2496041329492726,0.3096262333001816,-0.6976726647339955,control_pose,robot_origin,robot_origin
134.34894884000005,2026-09-13T11:47:42.418687+00:00,1789300062.3745956,0.04409146308898926,2.378799302446368,-1.249647292684157,0.3096092641353607,-0.6964630655900738,control_pose,robot_origin,robot_origin
134.3822524269999,2026-09-13T11:47:42.452149+00:00,1789300062.3764448,0.07570409774780273,2.378793987367539,-1.2496446170058197,0.3096080467197397,-0.6964519888357213,control_pose,robot_origin,robot_origin
134.40229664300023,2026-09-13T11:47:42.472199+00:00,1789300062.4280632,0.04413580894470215,2.3786855287319173,-1.2496131532707633,0.30955949425697327,-0.6957823703120645,control_pose,robot_origin,robot_origin
134.43013231300029,2026-09-13T11:47:42.500026+00:00,1789300062.4846861,0.015339851379394531,2.3785506343359724,-1.2496178302923515,0.30955684185028076,-0.6954825622252657,control_pose,robot_origin,robot_origin
134.4578277849996,2026-09-13T11:47:42.527733+00:00,1789300062.447945,0.0797879695892334,2.378617312995562,-1.2495970487714363,0.30956072503166626,-0.6956675665474116,control_pose,robot_origin,robot_origin
134.49124814599963,2026-09-13T11:47:42.561154+00:00,1789300062.5413342,0.01981973648071289,2.378462940967617,-1.2496856602137216,0.30956870317459106,-0.6953223668115187,control_pose,robot_origin,robot_origin
134.51924993600005,2026-09-13T11:47:42.589149+00:00,1789300062.5147107,0.07443833351135254,2.3785069396012704,-1.249654133705984,0.30956278711910146,-0.6954542791883657,control_pose,robot_origin,robot_origin
134.54028082500008,2026-09-13T11:47:42.610185+00:00,1789300062.5947936,0.015391349792480469,2.37844306708646,-1.2496804771780163,0.3095652461051941,-0.6948750556193365,control_pose,robot_origin,robot_origin
134.59247881099964,2026-09-13T11:47:42.662379+00:00,1789300062.5878544,0.0745246410369873,2.3784544882585177,-1.2496908549338372,0.3095631939194349,-0.6949134437551366,control_pose,robot_origin,robot_origin
134.61235706699972,2026-09-13T11:47:42.682262+00:00,1789300062.647981,0.034281015396118164,2.378534675007328,-1.2494444582970794,0.30961060523986816,-0.6947150341011535,control_pose,robot_origin,robot_origin
134.65658426200025,2026-09-13T11:47:42.726499+00:00,1789300062.6564124,0.07008671760559082,2.378065875795272,-1.2481865416324311,0.3098511623580637,-0.6949358999909548,control_pose,robot_origin,robot_origin
134.67717989700031,2026-09-13T11:47:42.747083+00:00,1789300062.7012634,0.04581952095031738,2.378679792676471,-1.2500498725405578,0.31049829721450806,-0.7105464640227632,control_pose,robot_origin,robot_origin
134.69831287000034,2026-09-13T11:47:42.768220+00:00,1789300062.754559,0.013660907745361328,2.3791329041218146,-1.249737229356756,0.3109078109264374,-0.7336844248559361,control_pose,robot_origin,robot_origin
134.7259067369996,2026-09-13T11:47:42.795807+00:00,1789300062.7296236,0.06618332862854004,2.3789118241023446,-1.2502427130162828,0.3106302687694502,-0.7237705003211926,control_pose,robot_origin,robot_origin
134.76418688800004,2026-09-13T11:47:42.834015+00:00,1789300062.8080184,0.02599644660949707,2.3794449334114103,-1.2496478110417937,0.31199386715888977,-0.7490495259628159,control_pose,robot_origin,robot_origin
134.79722851000042,2026-09-13T11:47:42.867124+00:00,1789300062.7988162,0.06830787658691406,2.3794109475338034,-1.249663103411732,0.311855906546315,-0.7463095763480069,control_pose,robot_origin,robot_origin
134.81119268299972,2026-09-13T11:47:42.881097+00:00,1789300062.8612413,0.019855737686157227,2.3788999147079437,-1.2494867375802183,0.31218647956848145,-0.7645699183794491,control_pose,robot_origin,robot_origin
134.88029034699957,2026-09-13T11:47:42.950196+00:00,1789300062.8718717,0.0783243179321289,2.3788678864365873,-1.2494351773944974,0.3119960220554366,-0.7649204374935665,control_pose,robot_origin,robot_origin
134.891938535,2026-09-13T11:47:42.961847+00:00,1789300062.9168365,0.04501056671142578,2.378610005148826,-1.2491913318786865,0.31136006116867065,-0.7550076055097757,control_pose,robot_origin,robot_origin
134.9266281099999,2026-09-13T11:47:42.996535+00:00,1789300062.971284,0.025251150131225586,2.3778590287079755,-1.2491899626142944,0.31138870120048523,-0.7404651570000161,control_pose,robot_origin,robot_origin
134.93298867799967,2026-09-13T11:47:43.002896+00:00,1789300062.9393063,0.06358981132507324,2.3782306043242305,-1.2490868169099052,0.3114569599231003,-0.7471301565925892,control_pose,robot_origin,robot_origin
134.97150688800048,2026-09-13T11:47:43.041409+00:00,1789300063.0245993,0.016809701919555664,2.37719577742141,-1.2497356276093192,0.31123414635658264,-0.7349952351371544,control_pose,robot_origin,robot_origin
135.0037931449997,2026-09-13T11:47:43.073692+00:00,1789300063.0104268,0.06326532363891602,2.377461867259984,-1.2494251240524994,0.311279715824915,-0.7362570342809799,control_pose,robot_origin,robot_origin
135.05284979299995,2026-09-13T11:47:43.122742+00:00,1789300063.0778837,0.04485821723937988,2.3773537922247603,-1.2498587078657548,0.3109566569328308,-0.7307518157070666,control_pose,robot_origin,robot_origin
135.07622585199988,2026-09-13T11:47:43.146127+00:00,1789300063.079732,0.06639504432678223,2.3773659559235543,-1.249861365122356,0.31094888461646,-0.7306104021412806,control_pose,robot_origin,robot_origin
135.10053523700026,2026-09-13T11:47:43.170446+00:00,1789300063.1311216,0.039324283599853516,2.3777560989054933,-1.249867542178291,0.3108322024345398,-0.7267096841494449,control_pose,robot_origin,robot_origin
135.1244444419999,2026-09-13T11:47:43.194349+00:00,1789300063.1818118,0.012537240982055664,2.3781073966655253,-1.2497555726611083,0.3106851875782013,-0.7232267643959458,control_pose,robot_origin,robot_origin
135.15465786099958,2026-09-13T11:47:43.224553+00:00,1789300063.1549938,0.06955933570861816,2.3779249246775755,-1.2498253103236219,0.31075939222241233,-0.7251230209063377,control_pose,robot_origin,robot_origin
135.18646591800007,2026-09-13T11:47:43.256340+00:00,1789300063.2348711,0.0214688777923584,2.3783622573963257,-1.2498429189228446,0.31060269474983215,-0.7203929638587254,control_pose,robot_origin,robot_origin
135.2133203559997,2026-09-13T11:47:43.283219+00:00,1789300063.2245998,0.05861926078796387,2.3782858122815926,-1.249827384796033,0.31062569334542245,-0.7208462060752516,control_pose,robot_origin,robot_origin
135.2457365070004,2026-09-13T11:47:43.315643+00:00,1789300063.2913857,0.024257421493530273,2.378740922869562,-1.2496401361481335,0.31044280529022217,-0.7181331627178413,control_pose,robot_origin,robot_origin
135.28734082099982,2026-09-13T11:47:43.357245+00:00,1789300063.289043,0.06820201873779297,2.378731139318614,-1.2496521077769887,0.3104474275422999,-0.7181976983334216,control_pose,robot_origin,robot_origin
135.30933969299986,2026-09-13T11:47:43.379238+00:00,1789300063.3478458,0.03139209747314453,2.378885888121911,-1.2494887999122395,0.3102639615535736,-0.7152323297431772,control_pose,robot_origin,robot_origin
135.33812193700032,2026-09-13T11:47:43.408024+00:00,1789300063.3979433,0.010080814361572266,2.3789528588147903,-1.2493956814319387,0.31020912528038025,-0.713098218724596,control_pose,robot_origin,robot_origin
135.39124070399976,2026-09-13T11:47:43.461142+00:00,1789300063.3553154,0.10582661628723145,2.3789080741770854,-1.2494867196435058,0.3102519554638744,-0.7148573475596591,control_pose,robot_origin,robot_origin
135.3991841979996,2026-09-13T11:47:43.469093+00:00,1789300063.451097,0.01799607276916504,2.3790249559434753,-1.249320726506614,0.3101356625556946,-0.7111626123966462,control_pose,robot_origin,robot_origin
135.43712062000031,2026-09-13T11:47:43.507027+00:00,1789300063.4430752,0.06395173072814941,2.379013119838808,-1.2493309787004776,0.31013700911191155,-0.7113999057481548,control_pose,robot_origin,robot_origin
135.4694407019997,2026-09-13T11:47:43.539346+00:00,1789300063.5051494,0.03419661521911621,2.3790729361354632,-1.2492740218348617,0.3101081848144531,-0.7103219803476372,control_pose,robot_origin,robot_origin
135.50708581399977,2026-09-13T11:47:43.576991+00:00,1789300063.496988,0.08000302314758301,2.379050269671798,-1.2492769548719913,0.31011971324066284,-0.7104174521038233,control_pose,robot_origin,robot_origin
135.5319372089998,2026-09-13T11:47:43.601845+00:00,1789300063.5579522,0.043892860412597656,2.3791546015929557,-1.2492826663314078,0.3100396394729614,-0.7092858146924138,control_pose,robot_origin,robot_origin
135.54691874499986,2026-09-13T11:47:43.616830+00:00,1789300063.6113696,0.005460500717163086,2.3792047888996035,-1.249262659539871,0.3100305199623108,-0.708101219063037,control_pose,robot_origin,robot_origin
135.5989664509998,2026-09-13T11:47:43.668881+00:00,1789300063.5687237,0.10015726089477539,2.3791499425816087,-1.2492711235269836,0.31005337933292737,-0.7089925035993131,control_pose,robot_origin,robot_origin
135.6307537069997,2026-09-13T11:47:43.700650+00:00,1789300063.6644301,0.03621983528137207,2.37929059154236,-1.2492688477830876,0.3099604547023773,-0.707349895241608,control_pose,robot_origin,robot_origin
135.64956576700024,2026-09-13T11:47:43.719468+00:00,1789300063.6427314,0.0767366886138916,2.379264425195051,-1.2492765710066638,0.3099957175634994,-0.7077094663476657,control_pose,robot_origin,robot_origin
135.69127447000028,2026-09-13T11:47:43.761178+00:00,1789300063.714602,0.04657602310180664,2.3792925367300355,-1.249216478429609,0.3099137544631958,-0.7064155511357982,control_pose,robot_origin,robot_origin
135.72266090599987,2026-09-13T11:47:43.792566+00:00,1789300063.7127652,0.07980084419250488,2.3792928759473884,-1.2492185092765955,0.3099158103005,-0.7064530633145258,control_pose,robot_origin,robot_origin
135.75534884599983,2026-09-13T11:47:43.825255+00:00,1789300063.777662,0.047592878341674805,2.379214341144511,-1.2491039837726858,0.3098551332950592,-0.7052273685828798,control_pose,robot_origin,robot_origin
135.7916473639998,2026-09-13T11:47:43.861553+00:00,1789300063.7774246,0.08412837982177734,2.379214828535074,-1.2491045036598125,0.3098553870675821,-0.7052324463684598,control_pose,robot_origin,robot_origin
135.82320523199996,2026-09-13T11:47:43.893120+00:00,1789300063.8484406,0.04467940330505371,2.3790337151032936,-1.2490357116264574,0.309779554605484,-0.7038700168155093,control_pose,robot_origin,robot_origin
135.85381003099974,2026-09-13T11:47:43.923714+00:00,1789300063.9013467,0.022367238998413086,2.3788884468483884,-1.2490582537939752,0.3097439408302307,-0.7024196026586466,control_pose,robot_origin,robot_origin
135.8897420659996,2026-09-13T11:47:43.959647+00:00,1789300063.850669,0.1089780330657959,2.379033328196278,-1.2490385096159713,0.3097736629181136,-0.703815429292818,control_pose,robot_origin,robot_origin
135.92786870500004,2026-09-13T11:47:43.997771+00:00,1789300063.917461,0.08031010627746582,2.3788518227432482,-1.2490964073617663,0.30973367986935,-0.7019754134573407,control_pose,robot_origin,robot_origin
135.96628726200015,2026-09-13T11:47:44.036188+00:00,1789300063.9945874,0.04160046577453613,2.378697053370153,-1.2493471678038608,0.309660404920578,-0.7005312641403494,control_pose,robot_origin,robot_origin
136.0020960920001,2026-09-13T11:47:44.071995+00:00,1789300063.989446,0.0825490951538086,2.378706984838422,-1.2493291689844659,0.30966574432658184,-0.7006147104573051,control_pose,robot_origin,robot_origin
136.03107994600032,2026-09-13T11:47:44.100983+00:00,1789300064.086777,0.0142059326171875,2.3785502491822736,-1.249389582554611,0.3096545934677124,-0.69968058324539,control_pose,robot_origin,robot_origin
136.06485853100003,2026-09-13T11:47:44.134757+00:00,1789300064.0607271,0.07402992248535156,2.3785560301537676,-1.2493958095453626,0.3096533657183416,-0.6997347024334984,control_pose,robot_origin,robot_origin
136.0839599159999,2026-09-13T11:47:44.153870+00:00,1789300064.1380475,0.015822649002075195,2.378437671292603,-1.2493652852184955,0.30959552526474,-0.6983881928199592,control_pose,robot_origin,robot_origin
136.1436500130003,2026-09-13T11:47:44.213549+00:00,1789300064.1292436,0.0843052864074707,2.3784346927505164,-1.2493677954857723,0.3096021723653364,-0.698479217103306,control_pose,robot_origin,robot_origin
136.1516990480004,2026-09-13T11:47:44.221602+00:00,1789300064.1943696,0.02723240852355957,2.3783964844328875,-1.2494498144788384,0.30958548188209534,-0.6978830912764161,control_pose,robot_origin,robot_origin
136.20554885900037,2026-09-13T11:47:44.275445+00:00,1789300064.2082913,0.0671536922454834,2.3783931407757244,-1.2494659022159447,0.30957572963759916,-0.6977683207973315,control_pose,robot_origin,robot_origin
136.21226493199993,2026-09-13T11:47:44.282167+00:00,1789300064.2446332,0.03753376007080078,2.378393107451947,-1.24948621657596,0.30955585837364197,-0.6971731730704058,control_pose,robot_origin,robot_origin
136.2456938690002,2026-09-13T11:47:44.315573+00:00,1789300064.3013916,0.014181375503540039,2.3783331482453596,-1.2493761468312323,0.30954959988594055,-0.6964383306739772,control_pose,robot_origin,robot_origin
136.27047585299988,2026-09-13T11:47:44.340374+00:00,1789300064.2774696,0.06290435791015625,2.3783563740634364,-1.2494314642684912,0.30955562317438856,-0.6965880443940774,control_pose,robot_origin,robot_origin
136.3302797790002,2026-09-13T11:47:44.400184+00:00,1789300064.3577747,0.04240918159484863,2.378353484519984,-1.249301070053276,0.3095318078994751,-0.6962681333539165,control_pose,robot_origin,robot_origin
136.35331031700025,2026-09-13T11:47:44.423226+00:00,1789300064.3373811,0.0858449935913086,2.3783393728188593,-1.2493206089035205,0.30953753810840623,-0.6963408627886098,control_pose,robot_origin,robot_origin
136.3831104990004,2026-09-13T11:47:44.453016+00:00,1789300064.4112303,0.04178571701049805,2.3783800138730404,-1.2493508575979533,0.3095109462738037,-0.6962496125159394,control_pose,robot_origin,robot_origin
136.42463186500026,2026-09-13T11:47:44.494537+00:00,1789300064.4084303,0.08610677719116211,2.3783793549644536,-1.2493461026783899,0.3095120674336522,-0.6962471628489765,control_pose,robot_origin,robot_origin
