t_s,utc,source_stamp_s,receipt_age_s,x_m,y_m,z_m,yaw_rad,source,frame,raw_frame
0.024053389000073366,2026-09-13T15:47:49.801533+00:00,1789314469.7723243,0.029208660125732422,0.00013969386148405055,1.6182169203686722e-05,0.31087562441825867,0.0008157383048211439,control_pose,robot_origin,robot_origin
0.06199404100061656,2026-09-13T15:47:49.839465+00:00,1789314469.7622042,0.07726073265075684,0.00014750772181449122,1.198689865319254e-05,0.31088076493454225,0.0008572275765607052,control_pose,robot_origin,robot_origin
0.08184002000052715,2026-09-13T15:47:49.859316+00:00,1789314469.8252015,0.03411459922790527,9.423513672677174e-05,2.7293093456270227e-06,0.31086236238479614,0.0006477097119737545,control_pose,robot_origin,robot_origin
0.11135346599985496,2026-09-13T15:47:49.888819+00:00,1789314469.8788126,0.010006427764892578,8.99813722556057e-05,-6.530429090160814e-05,0.31087398529052734,0.0007844411435846177,control_pose,robot_origin,robot_origin
0.14169278300050792,2026-09-13T15:47:49.919171+00:00,1789314469.8312597,0.08791136741638184,9.657525995140955e-05,-1.5841106554080107e-06,0.3108677392343875,0.0006256144801769098,control_pose,robot_origin,robot_origin
0.17109635900033027,2026-09-13T15:47:49.948579+00:00,1789314469.9289074,0.01967167854309082,7.697390574246998e-05,-8.600522264599503e-05,0.3107958137989044,0.0009287676275211822,control_pose,robot_origin,robot_origin
0.21777741000005335,2026-09-13T15:47:49.995254+00:00,1789314469.9022038,0.09305024147033691,8.047120684134484e-05,-8.15229809185427e-05,0.3108739618310824,0.0008562599052668549,control_pose,robot_origin,robot_origin
0.2331283550001899,2026-09-13T15:47:50.010617+00:00,1789314469.9820426,0.028574466705322266,0.00010148788679466107,-6.577750345680719e-06,0.3104150593280792,0.0008744346687815893,control_pose,robot_origin,robot_origin
0.2865373990007356,2026-09-13T15:47:50.064011+00:00,1789314469.978558,0.08545303344726562,8.783167309087432e-05,-1.690090572397263e-05,0.3104298365818562,0.0008779210894782263,control_pose,robot_origin,robot_origin
0.29316266700061533,2026-09-13T15:47:50.070644+00:00,1789314470.035223,0.035420894622802734,0.0001034978345364766,4.989678098560033e-06,0.31037646532058716,0.000573478267488405,control_pose,robot_origin,robot_origin
0.3733344800002669,2026-09-13T15:47:50.150810+00:00,1789314470.0556705,0.0951395034790039,0.0001005466918232369,-2.7934004649097466e-06,0.31043952722478546,0.000522105345148083,control_pose,robot_origin,robot_origin
0.4280827100001261,2026-09-13T15:47:50.205561+00:00,1789314470.1286504,0.07691049575805664,9.846752935160429e-05,-8.476441952115687e-05,0.3107186555862427,0.0007953359308509996,control_pose,robot_origin,robot_origin
0.45168105799984914,2026-09-13T15:47:50.229153+00:00,1789314470.1179922,0.1111607551574707,9.944647133816339e-05,-7.861461138109328e-05,0.3106786013413821,0.0007398862000234531,control_pose,robot_origin,robot_origin
0.4772385470005247,2026-09-13T15:47:50.254723+00:00,1789314470.1853418,0.0693812370300293,0.00010034068605086151,-4.59860029811803e-05,0.31080833077430725,0.0008353240537619528,control_pose,robot_origin,robot_origin
0.49832539100043505,2026-09-13T15:47:50.275804+00:00,1789314470.183267,0.09253692626953125,0.0001002721334565425,-4.740519074217164e-05,0.310805048898957,0.0008338605408248793,control_pose,robot_origin,robot_origin
0.5169763909998437,2026-09-13T15:47:50.294456+00:00,1789314470.2520387,0.042417287826538086,9.127391866000515e-05,-2.011037847636323e-05,0.31042468547821045,0.0006929083473167073,control_pose,robot_origin,robot_origin
0.5581493700001374,2026-09-13T15:47:50.335623+00:00,1789314470.305508,0.030115127563476562,0.00011404123430610147,-6.965690784664603e-05,0.3106934130191803,0.0005963120506551355,control_pose,robot_origin,robot_origin
0.5854803120000724,2026-09-13T15:47:50.362956+00:00,1789314470.276864,0.08609199523925781,0.00011107231652447839,-4.846971509192597e-05,0.3105649354991399,0.0006550786889708219,control_pose,robot_origin,robot_origin
0.6217021030006435,2026-09-13T15:47:50.399172+00:00,1789314470.3604016,0.038770437240600586,7.231697850285768e-05,-0.00012765380174813658,0.310803085565567,0.0005939109704258201,control_pose,robot_origin,robot_origin
0.6439890440005911,2026-09-13T15:47:50.421466+00:00,1789314470.3245494,0.09691667556762695,0.00010803283933356662,-9.829797760212516e-05,0.31074328456433764,0.0005800784423636838,control_pose,robot_origin,robot_origin
0.672997041000599,2026-09-13T15:47:50.450471+00:00,1789314470.4119594,0.03851151466369629,6.903840307941319e-05,-0.0001154131481105824,0.31057825684547424,0.0007093987740989832,control_pose,robot_origin,robot_origin
0.7347306190004019,2026-09-13T15:47:50.512205+00:00,1789314470.4014075,0.11079740524291992,6.521508759636125e-05,-0.00012467550264904227,0.3106386605595683,0.0007240872966436314,control_pose,robot_origin,robot_origin
0.7546955530006016,2026-09-13T15:47:50.532074+00:00,1789314470.4889255,0.04314851760864258,7.3977266585913e-05,-6.606157637533563e-05,0.3107651174068451,0.0006184176192529318,control_pose,robot_origin,robot_origin
0.7783206570002221,2026-09-13T15:47:50.555789+00:00,1789314470.4614768,0.09431219100952148,7.221589674276385e-05,-8.366205673816886e-05,0.3106984764565093,0.0006508643405357035,control_pose,robot_origin,robot_origin
0.8361912549999033,2026-09-13T15:47:50.613667+00:00,1789314470.5426624,0.07100462913513184,1.6169708751624786e-05,-0.00010137405638983122,0.31082335114479065,0.0006036497777180764,control_pose,robot_origin,robot_origin
0.8516554300003918,2026-09-13T15:47:50.629123+00:00,1789314470.5986779,0.030445098876953125,0.00038833153000626956,-0.0001567038403146112,0.31084978580474854,0.0008679608342197732,control_pose,robot_origin,robot_origin
0.9092176350004593,2026-09-13T15:47:50.686704+00:00,1789314470.5296516,0.15705227851867676,2.2631263348276753e-05,-9.219263163239577e-05,0.3108146279295208,0.0005774502977908353,control_pose,robot_origin,robot_origin
0.94070653900053,2026-09-13T15:47:50.718185+00:00,1789314470.6751597,0.04302525520324707,0.003649367837663946,0.0002465554528366797,0.31115853786468506,3.276439330641811e-05,control_pose,robot_origin,robot_origin
0.9566494020000391,2026-09-13T15:47:50.734122+00:00,1789314470.6017401,0.13238191604614258,0.0004024053960684702,-0.00015849543333676754,0.31081858133856216,0.0008890741009900389,control_pose,robot_origin,robot_origin
0.987916099999893,2026-09-13T15:47:50.765385+00:00,1789314470.6735947,0.09179019927978516,0.0035769427547287826,0.00023742679219641676,0.3111500908434624,5.239435098293926e-05,control_pose,robot_origin,robot_origin
1.0209735650005314,2026-09-13T15:47:50.798452+00:00,1789314470.7496872,0.048764705657958984,0.010821395834367213,0.0001504435355348232,0.3117276430130005,-0.009335311212135383,control_pose,robot_origin,robot_origin
1.0373512060004941,2026-09-13T15:47:50.814828+00:00,1789314470.7405565,0.07427144050598145,0.009673758146929022,0.00018224172535527897,0.31163036833292695,-0.007877654180434467,control_pose,robot_origin,robot_origin
1.0576731480005037,2026-09-13T15:47:50.835151+00:00,1789314470.801862,0.03328895568847656,0.017339346505437763,-0.0005428890831594693,0.31180277466773987,-0.00975115946859342,control_pose,robot_origin,robot_origin
1.104895415000101,2026-09-13T15:47:50.882376+00:00,1789314470.8167322,0.0656437873840332,0.0190646191234963,-0.0008591661237525548,0.3118164836190454,-0.009158810453398877,control_pose,robot_origin,robot_origin
1.133464665000247,2026-09-13T15:47:50.910953+00:00,1789314470.8751242,0.03582882881164551,0.030154805780710565,-0.001131580838309559,0.3117334544658661,-0.012419265665818077,control_pose,robot_origin,robot_origin
1.156875755999863,2026-09-13T15:47:50.934352+00:00,1789314470.9286191,0.00573277473449707,0.0442574222621791,-0.0006000096377723751,0.3104313611984253,-0.015802353121501845,control_pose,robot_origin,robot_origin
1.1813573570007065,2026-09-13T15:47:50.958761+00:00,1789314470.8841503,0.07461071014404297,0.032156898255176314,-0.0010680340068219395,0.3116741717484621,-0.013020398698369767,control_pose,robot_origin,robot_origin
1.2181086910004524,2026-09-13T15:47:50.995590+00:00,1789314470.9853053,0.010284662246704102,0.059837710654088785,-0.00011380561207618642,0.30859431624412537,-0.017093764699666152,control_pose,robot_origin,robot_origin
1.2527754530001403,2026-09-13T15:47:51.030254+00:00,1789314470.9690545,0.06119942665100098,0.05411238548004581,-0.0003118358250334234,0.3093893104711844,-0.016850657132593386,control_pose,robot_origin,robot_origin
1.2927526500006934,2026-09-13T15:47:51.070230+00:00,1789314471.0385814,0.03164863586425781,0.07877847264157165,-0.0002830395960395221,0.30511924624443054,-0.015748048052963284,control_pose,robot_origin,robot_origin
1.3448275529999592,2026-09-13T15:47:51.122307+00:00,1789314471.0353208,0.08698630332946777,0.07776589605242232,-0.00025999963871305154,0.3053699375770713,-0.015895330581620962,control_pose,robot_origin,robot_origin
1.3504186650006886,2026-09-13T15:47:51.127904+00:00,1789314471.0905688,0.03733515739440918,0.09425227857527149,0.0004571623628136928,0.3019009828567505,-0.014015045903683607,control_pose,robot_origin,robot_origin
1.38000731000011,2026-09-13T15:47:51.157485+00:00,1789314471.1421213,0.015363693237304688,0.11583579312785741,-0.0005401261551603864,0.2997967600822449,-0.010426551373063307,control_pose,robot_origin,robot_origin
1.4101557730000422,2026-09-13T15:47:51.187631+00:00,1789314471.0990608,0.08857011795043945,0.10056363464152539,0.0008522357060579966,0.30141011828604963,-0.013268718748527808,control_pose,robot_origin,robot_origin
1.452958050000234,2026-09-13T15:47:51.230448+00:00,1789314471.1953387,0.03510928153991699,0.13650447113719955,-0.0011235470696167524,0.3025922477245331,-0.00218094594386382,control_pose,robot_origin,robot_origin
1.477027206999992,2026-09-13T15:47:51.254505+00:00,1789314471.1696393,0.08486557006835938,0.128831589711162,-0.001266467830223987,0.30152600892504794,-0.005399465370583311,control_pose,robot_origin,robot_origin
1.4932953900006396,2026-09-13T15:47:51.270773+00:00,1789314471.2483716,0.02240133285522461,0.15183024535107542,-0.001512435078708435,0.3024829924106598,0.002011402091103514,control_pose,robot_origin,robot_origin
1.550310919000367,2026-09-13T15:47:51.327786+00:00,1789314471.2465599,0.08122611045837402,0.150746420783345,-0.0015378463597151837,0.30249306018375666,0.0019098585034070267,control_pose,robot_origin,robot_origin
1.5841638430001694,2026-09-13T15:47:51.361552+00:00,1789314471.3151581,0.04639387130737305,0.1699141314356428,0.0019029214442880388,0.30175870656967163,0.001073941256285324,control_pose,robot_origin,robot_origin
1.623282589000155,2026-09-13T15:47:51.400758+00:00,1789314471.3121498,0.0886082649230957,0.16911185965992698,0.0016287308776984921,0.30184998946092284,0.0013678117359821873,control_pose,robot_origin,robot_origin
1.6447141790004025,2026-09-13T15:47:51.422195+00:00,1789314471.3856144,0.036580562591552734,0.191460129099914,0.004255111002132009,0.29931509494781494,0.0008562833433247471,control_pose,robot_origin,robot_origin
1.673874830999921,2026-09-13T15:47:51.451353+00:00,1789314471.3749566,0.07639646530151367,0.18874497716248542,0.0039493222952123735,0.2994160622376368,0.0004506955025626586,control_pose,robot_origin,robot_origin
1.6993543520002277,2026-09-13T15:47:51.476833+00:00,1789314471.4384372,0.03839588165283203,0.20459025960844932,0.006432996696656645,0.29992181062698364,0.001038433416426591,control_pose,robot_origin,robot_origin
1.7233730070001911,2026-09-13T15:47:51.500847+00:00,1789314471.4922822,0.008564949035644531,0.20946182308463707,0.007320750011197877,0.2993370592594147,-0.0011728693414589568,control_pose,robot_origin,robot_origin
1.7449065950004297,2026-09-13T15:47:51.522372+00:00,1789314471.4402795,0.0820925235748291,0.20497317677182103,0.006417210629125869,0.2999222245411556,0.0010296974355848848,control_pose,robot_origin,robot_origin
1.7801015220002228,2026-09-13T15:47:51.557573+00:00,1789314471.545325,0.012248039245605469,0.21158575572750676,0.007720433193373774,0.30194395780563354,-0.0015615010218792693,control_pose,robot_origin,robot_origin
1.8007357900005445,2026-09-13T15:47:51.578209+00:00,1789314471.51745,0.06075882911682129,0.21110895618069547,0.007891676248147433,0.30028448777843864,-0.0019985260454474857,control_pose,robot_origin,robot_origin
1.8294384930004526,2026-09-13T15:47:51.606920+00:00,1789314471.59613,0.010790109634399414,0.21104352863305906,0.007546328407334352,0.3019515573978424,0.002441143115528198,control_pose,robot_origin,robot_origin
1.8841542600002867,2026-09-13T15:47:51.661634+00:00,1789314471.5884821,0.07315182685852051,0.2110799166881003,0.007594769019212924,0.3019892215776423,0.0018083248048202233,control_pose,robot_origin,robot_origin
1.900018388000717,2026-09-13T15:47:51.677492+00:00,1789314471.6484485,0.02904343605041504,0.20870738753344728,0.006907850077694483,0.30210191011428833,0.008658306698659085,control_pose,robot_origin,robot_origin
1.9297125510001933,2026-09-13T15:47:51.707190+00:00,1789314471.6985643,0.00862574577331543,0.20687522297657723,0.006517888263569124,0.30224552750587463,0.012376149651418086,control_pose,robot_origin,robot_origin
1.952034435999849,2026-09-13T15:47:51.729513+00:00,1789314471.6610353,0.06847763061523438,0.20833480040523034,0.006804479418606096,0.30212005972862244,0.009384827635336851,control_pose,robot_origin,robot_origin
1.984391097000298,2026-09-13T15:47:51.761869+00:00,1789314471.7518542,0.010014772415161133,0.2057454837903544,0.006291419198332968,0.30242040753364563,0.015493184109832669,control_pose,robot_origin,robot_origin
2.0277001610002117,2026-09-13T15:47:51.805178+00:00,1789314471.7396762,0.06550168991088867,0.205899145449751,0.006310256904314124,0.3023875092079992,0.01482662927836198,control_pose,robot_origin,robot_origin
2.04268868500003,2026-09-13T15:47:51.820167+00:00,1789314471.8053496,0.014817476272583008,0.2055444385677093,0.006368712147768393,0.3024708032608032,0.01701693667936594,control_pose,robot_origin,robot_origin
2.091845824000302,2026-09-13T15:47:51.869313+00:00,1789314471.7969937,0.07231926918029785,0.20555880593785447,0.006352330384386151,0.30246497982879667,0.016880005272784382,control_pose,robot_origin,robot_origin
2.1119122079999215,2026-09-13T15:47:51.889393+00:00,1789314471.8563972,0.03299593925476074,0.2055275174101868,0.00648866919445884,0.30250704288482666,0.01714731664120556,control_pose,robot_origin,robot_origin
2.1777830609999,2026-09-13T15:47:51.955256+00:00,1789314471.8620543,0.0932016372680664,0.20551304129400166,0.006491049416056965,0.302509605884552,0.017147179462675084,control_pose,robot_origin,robot_origin
2.20497769099984,2026-09-13T15:47:51.982455+00:00,1789314471.9283645,0.05409049987792969,0.2053141023246958,0.006622461390346876,0.30254366993904114,0.01783348273440725,control_pose,robot_origin,robot_origin
2.2227863980006077,2026-09-13T15:47:52.000257+00:00,1789314471.9318762,0.06838083267211914,0.20529917558516825,0.006625716425584474,0.30254498477221375,0.017897457380062275,control_pose,robot_origin,robot_origin
2.263225345000137,2026-09-13T15:47:52.040709+00:00,1789314472.0018044,0.038904666900634766,0.20499528629210712,0.0066700329333975045,0.30255696177482605,0.019042986251304482,control_pose,robot_origin,robot_origin
2.3000940230003835,2026-09-13T15:47:52.077571+00:00,1789314472.0002983,0.07727265357971191,0.204998211661234,0.006668605413159237,0.3025569804847317,0.019025788367802485,control_pose,robot_origin,robot_origin
2.321576240000468,2026-09-13T15:47:52.099058+00:00,1789314472.0588164,0.04024147987365723,0.20474577423257867,0.0067195305790445775,0.30255720019340515,0.019873174419665907,control_pose,robot_origin,robot_origin
2.341273003000424,2026-09-13T15:47:52.118751+00:00,1789314472.111815,0.006936073303222656,0.20471845210259576,0.006918630429154526,0.30252525210380554,0.02009138912745571,control_pose,robot_origin,robot_origin
2.3657872710000447,2026-09-13T15:47:52.143261+00:00,1789314472.0766184,0.06664252281188965,0.20472863677335862,0.006788269650996798,0.30255026569677607,0.020047097432184156,control_pose,robot_origin,robot_origin
2.41794326299987,2026-09-13T15:47:52.195415+00:00,1789314472.1650386,0.030376434326171875,0.20680993223115512,0.00679910283578726,0.3022543489933014,0.01962723480095583,control_pose,robot_origin,robot_origin
2.442791174999911,2026-09-13T15:47:52.220274+00:00,1789314472.147771,0.07250308990478516,0.20612794702991072,0.006485563938383884,0.30239098475172377,0.019849002093904174,control_pose,robot_origin,robot_origin
2.475119665999955,2026-09-13T15:47:52.252299+00:00,1789314472.2154095,0.03688955307006836,0.21126889796752768,0.00834107769249802,0.30270829796791077,0.01768195985796913,control_pose,robot_origin,robot_origin
2.5123251900004107,2026-09-13T15:47:52.289804+00:00,1789314472.2107313,0.07907271385192871,0.21069847949002724,0.008307007536663677,0.3026265564742022,0.017849223216740838,control_pose,robot_origin,robot_origin
2.56178344700038,2026-09-13T15:47:52.339262+00:00,1789314472.3260725,0.013189554214477539,0.21641527206651162,0.008962648685365851,0.30356380343437195,0.016748730273849394,control_pose,robot_origin,robot_origin
2.584055752000495,2026-09-13T15:47:52.361530+00:00,1789314472.2832177,0.07831239700317383,0.21607834279800442,0.008960061026689697,0.3035304627773897,0.0167420882747104,control_pose,robot_origin,robot_origin
2.618132732000049,2026-09-13T15:47:52.395608+00:00,1789314472.379756,0.015851974487304688,0.2325430211110756,0.010094685580299606,0.3047654330730438,0.019527374774522013,control_pose,robot_origin,robot_origin
2.6789223519999723,2026-09-13T15:47:52.456405+00:00,1789314472.3502622,0.10614275932312012,0.2285093092341632,0.009785997947933472,0.3046797041618421,0.01815571739189659,control_pose,robot_origin,robot_origin
2.711772224000015,2026-09-13T15:47:52.489251+00:00,1789314472.4435203,0.0457305908203125,0.24240509849403064,0.011340091737730804,0.3048700988292694,0.01978223883241209,control_pose,robot_origin,robot_origin
2.734000396000738,2026-09-13T15:47:52.511479+00:00,1789314472.418956,0.09252285957336426,0.23863463415013902,0.01072090969242917,0.30485392207021444,0.020180257376835802,control_pose,robot_origin,robot_origin
2.7690443840001535,2026-09-13T15:47:52.546509+00:00,1789314472.4950583,0.05145072937011719,0.2564405518056348,0.01427647186912169,0.30457642674446106,0.015296704117511013,control_pose,robot_origin,robot_origin
2.786734864000209,2026-09-13T15:47:52.564215+00:00,1789314472.493984,0.07023096084594727,0.2561435757217405,0.014209336087514166,0.30458747243245643,0.015393991491025794,control_pose,robot_origin,robot_origin
2.80166120100057,2026-09-13T15:47:52.579136+00:00,1789314472.5451665,0.03396940231323242,0.2711365550497195,0.017309983311079608,0.3040149509906769,0.01227937871738453,control_pose,robot_origin,robot_origin
2.827633806999984,2026-09-13T15:47:52.605105+00:00,1789314472.5986161,0.006488800048828125,0.28950119858230006,0.01823669618174359,0.30481791496276855,0.018808548991953594,control_pose,robot_origin,robot_origin
2.8721707700005936,2026-09-13T15:47:52.649648+00:00,1789314472.567006,0.0826418399810791,0.2780787199081163,0.018111273941051664,0.3047759981196483,0.014643856803640245,control_pose,robot_origin,robot_origin
2.9015040459999,2026-09-13T15:47:52.678981+00:00,1789314472.6488934,0.030087709426879883,0.3077702978596805,0.02024762202031502,0.3034500479698181,0.023494874968798596,control_pose,robot_origin,robot_origin
2.9295676820001972,2026-09-13T15:47:52.707038+00:00,1789314472.6371226,0.0699152946472168,0.3029438331210679,0.01914735819772373,0.30399469648207456,0.022713754493774736,control_pose,robot_origin,robot_origin
2.9598111920004158,2026-09-13T15:47:52.737288+00:00,1789314472.703561,0.03372693061828613,0.32418882555686324,0.020543173402894965,0.3028129041194916,0.029470126830997995,control_pose,robot_origin,robot_origin
2.987560258000485,2026-09-13T15:47:52.765034+00:00,1789314472.7044687,0.06056523323059082,0.3245921604422479,0.020523938131935454,0.3027631554115714,0.029518317569320243,control_pose,robot_origin,robot_origin
3.0238846080001167,2026-09-13T15:47:52.801361+00:00,1789314472.7616742,0.03968691825866699,0.345873654699084,0.019199785707195632,0.3017384707927704,0.030378851368948686,control_pose,robot_origin,robot_origin
3.047613556000215,2026-09-13T15:47:52.825086+00:00,1789314472.8118627,0.013223409652709961,0.3600650941784168,0.017138272475323096,0.30347171425819397,0.033270549765698994,control_pose,robot_origin,robot_origin
3.0866255920000185,2026-09-13T15:47:52.864106+00:00,1789314472.7703457,0.09376025199890137,0.34867527873123433,0.018861598291985165,0.30202184960625406,0.03107703670932357,control_pose,robot_origin,robot_origin
3.0930972679998376,2026-09-13T15:47:52.870580+00:00,1789314472.8650348,0.005545139312744141,0.3674943103514576,0.016147825056820414,0.3034566342830658,0.03701180078804234,control_pose,robot_origin,robot_origin
3.1309634240005835,2026-09-13T15:47:52.908441+00:00,1789314472.8454018,0.06303930282592773,0.36414685456612533,0.016004867777296566,0.30343512610277557,0.03572975721048969,control_pose,robot_origin,robot_origin
3.152306998000313,2026-09-13T15:47:52.929785+00:00,1789314472.9183095,0.011475563049316406,0.3800402240814023,0.018239284337359274,0.3027151823043823,0.03541327357679563,control_pose,robot_origin,robot_origin
3.2115661100006037,2026-09-13T15:47:52.989044+00:00,1789314472.9182706,0.07077336311340332,0.38003112868938244,0.018237252308044155,0.30271661102798675,0.03541800167498286,control_pose,robot_origin,robot_origin
3.234339953000017,2026-09-13T15:47:53.011815+00:00,1789314472.981649,0.030166149139404297,0.39690269910431497,0.02171070246098991,0.3000578284263611,0.03495778435917396,control_pose,robot_origin,robot_origin
3.2831917520006755,2026-09-13T15:47:53.060663+00:00,1789314472.9831684,0.07749462127685547,0.39717421495506466,0.021691484951216616,0.30000509523000785,0.035140372206378466,control_pose,robot_origin,robot_origin
3.316479179000453,2026-09-13T15:47:53.093949+00:00,1789314473.054967,0.03898215293884277,0.40948506007727614,0.027576461555884557,0.30030983686447144,0.03289605376958097,control_pose,robot_origin,robot_origin
3.3604275430006965,2026-09-13T15:47:53.137911+00:00,1789314473.053867,0.08404397964477539,0.4092069040665483,0.02741236817578596,0.30027899382958206,0.03301881000412777,control_pose,robot_origin,robot_origin
3.402696322999873,2026-09-13T15:47:53.180170+00:00,1789314473.1287103,0.05145978927612305,0.41336300549042226,0.030035293212682612,0.3006719648838043,0.034668411815651196,control_pose,robot_origin,robot_origin
3.4318579870005124,2026-09-13T15:47:53.209336+00:00,1789314473.1218586,0.08747744560241699,0.4130601456706282,0.02984508776952216,0.3004176699258268,0.03405208827890597,control_pose,robot_origin,robot_origin
3.4550206470003104,2026-09-13T15:47:53.232495+00:00,1789314473.1917396,0.040755510330200195,0.4139193605807449,0.03130953045480628,0.30200931429862976,0.042293589343685,control_pose,robot_origin,robot_origin
3.496669249000661,2026-09-13T15:47:53.274142+00:00,1789314473.1942294,0.07991266250610352,0.4138666052884935,0.03134427256058239,0.302000783320337,0.04256213730049553,control_pose,robot_origin,robot_origin
3.5135210230000666,2026-09-13T15:47:53.290936+00:00,1789314473.243652,0.04728388786315918,0.4124057436215798,0.03145459717767185,0.3019656240940094,0.04633772808920496,control_pose,robot_origin,robot_origin
3.5322034390001136,2026-09-13T15:47:53.309680+00:00,1789314473.295269,0.014410972595214844,0.41094790647911617,0.031089643264890582,0.30197417736053467,0.050397503530914274,control_pose,robot_origin,robot_origin
3.5673180540006797,2026-09-13T15:47:53.344796+00:00,1789314473.2626443,0.08215165138244629,0.41166065635468263,0.03133090870614233,0.30196676763159486,0.04817856895548125,control_pose,robot_origin,robot_origin
3.6100494239999534,2026-09-13T15:47:53.387528+00:00,1789314473.3518906,0.03563737869262695,0.41036572479900535,0.030762944929420916,0.3020504117012024,0.053651886854693354,control_pose,robot_origin,robot_origin
3.6343266310004765,2026-09-13T15:47:53.411817+00:00,1789314473.3361459,0.07567119598388672,0.4104425868000109,0.03083038084626702,0.3020207286582839,0.052818085902480466,control_pose,robot_origin,robot_origin
3.668962974000351,2026-09-13T15:47:53.446432+00:00,1789314473.4051101,0.04132199287414551,0.4102030813104297,0.03077419069380191,0.3021135628223419,0.0556596761715091,control_pose,robot_origin,robot_origin
3.737697221000417,2026-09-13T15:47:53.515175+00:00,1789314473.4014235,0.11375164985656738,0.4102098716094629,0.030767334061161555,0.3021107990278606,0.05562112959409743,control_pose,robot_origin,robot_origin
3.76342799700069,2026-09-13T15:47:53.540903+00:00,1789314473.4930942,0.04780888557434082,0.409750055009401,0.031241698957070962,0.30220311880111694,0.057552446695539175,control_pose,robot_origin,robot_origin
3.7986000910004805,2026-09-13T15:47:53.576078+00:00,1789314473.470577,0.10550093650817871,0.4098898371492245,0.031115028414738427,0.30217935940682794,0.05701221167770638,control_pose,robot_origin,robot_origin
3.852170212000601,2026-09-13T15:47:53.629647+00:00,1789314473.561788,0.06785893440246582,0.4092725165018489,0.03151369627838843,0.30226555466651917,0.06015033934453296,control_pose,robot_origin,robot_origin
3.8636867820005136,2026-09-13T15:47:53.641144+00:00,1789314473.5439973,0.09714674949645996,0.4093961925996114,0.03144325260364733,0.3022493846109713,0.0594775380961304,control_pose,robot_origin,robot_origin
3.9115525289998914,2026-09-13T15:47:53.689022+00:00,1789314473.6388829,0.05013918876647949,0.40889162177848737,0.03171319960394675,0.3023189306259155,0.06277264126829347,control_pose,robot_origin,robot_origin
3.9251069050005754,2026-09-13T15:47:53.702583+00:00,1789314473.6219563,0.0806267261505127,0.40897524905881866,0.031669397683074224,0.3023072116756502,0.06219687460358422,control_pose,robot_origin,robot_origin
3.9542727300004117,2026-09-13T15:47:53.731746+00:00,1789314473.6993198,0.03242611885070801,0.4087309383958453,0.03188929201714885,0.30235064029693604,0.06348649673701161,control_pose,robot_origin,robot_origin
3.9798075759999847,2026-09-13T15:47:53.757242+00:00,1789314473.6813767,0.07586526870727539,0.40877747659411234,0.03183906212469631,0.30234090509896533,0.06330807922453105,control_pose,robot_origin,robot_origin
4.0158729089998815,2026-09-13T15:47:53.793352+00:00,1789314473.7515438,0.041808128356933594,0.4097922447395852,0.03200204770562126,0.30243876576423645,0.06209905965979115,control_pose,robot_origin,robot_origin
4.05022943899985,2026-09-13T15:47:53.827707+00:00,1789314473.7529802,0.07472681999206543,0.4098384709584193,0.03199972408550969,0.30244328844732876,0.062062663593701904,control_pose,robot_origin,robot_origin
4.068142889000228,2026-09-13T15:47:53.845622+00:00,1789314473.80162,0.04400205612182617,0.4135388673819176,0.032855118356198226,0.3023850917816162,0.05982946379731392,control_pose,robot_origin,robot_origin
4.089446454000608,2026-09-13T15:47:53.866925+00:00,1789314473.858171,0.00875401496887207,0.4197917616564163,0.03516005680568801,0.30311885476112366,0.054415416817095066,control_pose,robot_origin,robot_origin
4.1279090329999235,2026-09-13T15:47:53.905385+00:00,1789314473.8295321,0.07585287094116211,0.4162862972671356,0.03388212174226504,0.30261700442141515,0.05773996857199641,control_pose,robot_origin,robot_origin
4.193089496000539,2026-09-13T15:47:53.970578+00:00,1789314473.9216619,0.04891610145568848,0.42803198846414625,0.03676121932386789,0.30380797386169434,0.051060798360098594,control_pose,robot_origin,robot_origin
4.203168850000111,2026-09-13T15:47:53.980649+00:00,1789314473.8946154,0.08603358268737793,0.424439924545971,0.036057762796759235,0.3035318599289655,0.05236058167323467,control_pose,robot_origin,robot_origin
4.2404415080000035,2026-09-13T15:47:54.017920+00:00,1789314473.9748554,0.04306459426879883,0.43596975049248365,0.03730776817878459,0.30448612570762634,0.05088882788334585,control_pose,robot_origin,robot_origin
4.27225145400007,2026-09-13T15:47:54.049731+00:00,1789314473.9702451,0.07948589324951172,0.43532610623039847,0.037272328390344084,0.3044072194849355,0.05088146424682283,control_pose,robot_origin,robot_origin
4.300363852999908,2026-09-13T15:47:54.077839+00:00,1789314474.028179,0.04965996742248535,0.4451764065875007,0.03815099409148712,0.3047555983066559,0.05123878898377158,control_pose,robot_origin,robot_origin
4.324926405000042,2026-09-13T15:47:54.102403+00:00,1789314474.0782497,0.02415323257446289,0.4518381106350974,0.03882924364640197,0.3048669695854187,0.04886275824927464,control_pose,robot_origin,robot_origin
4.351368375000675,2026-09-13T15:47:54.128848+00:00,1789314474.0337145,0.09513354301452637,0.4462476038933728,0.038167587609138326,0.3047472500180957,0.05115813349653642,control_pose,robot_origin,robot_origin
4.393060879000586,2026-09-13T15:47:54.170524+00:00,1789314474.1336153,0.036908626556396484,0.4674517338455423,0.04221124306234664,0.30432024598121643,0.041779091050457066,control_pose,robot_origin,robot_origin
4.410824577999847,2026-09-13T15:47:54.188278+00:00,1789314474.1053815,0.08289647102355957,0.4601289115317026,0.040494127195108115,0.30472820817352353,0.0450744568460528,control_pose,robot_origin,robot_origin
4.443942857000366,2026-09-13T15:47:54.221421+00:00,1789314474.1849947,0.03642630577087402,0.485058527564199,0.04501469519333845,0.30408787727355957,0.03848134157205792,control_pose,robot_origin,robot_origin
4.491846744000213,2026-09-13T15:47:54.269324+00:00,1789314474.1726122,0.09671187400817871,0.4812513121461909,0.044529318642436005,0.30362287737139004,0.03754156289254046,control_pose,robot_origin,robot_origin
4.496838701999877,2026-09-13T15:47:54.274319+00:00,1789314474.2355235,0.03879547119140625,0.500937164309933,0.04567165455807351,0.3052935302257538,0.04405234267993493,control_pose,robot_origin,robot_origin
4.518437628999891,2026-09-13T15:47:54.295919+00:00,1789314474.2881818,0.007737159729003906,0.5218295480891921,0.04856632989736545,0.3036253750324249,0.046521932380315476,control_pose,robot_origin,robot_origin
4.542889671000012,2026-09-13T15:47:54.320363+00:00,1789314474.2569818,0.06338119506835938,0.50994897011192,0.04633911525721998,0.304708768177393,0.04519481143769157,control_pose,robot_origin,robot_origin
4.57859347700014,2026-09-13T15:47:54.356076+00:00,1789314474.3385508,0.017525196075439453,0.5381965807910735,0.04691178899161033,0.302447646856308,0.0510874770537884,control_pose,robot_origin,robot_origin
4.6242929119998735,2026-09-13T15:47:54.401768+00:00,1789314474.3210433,0.08072471618652344,0.5328977026087072,0.047527666001643515,0.30306213856882064,0.04964210125936358,control_pose,robot_origin,robot_origin
4.6496273430002475,2026-09-13T15:47:54.427057+00:00,1789314474.3931482,0.033908843994140625,0.5596919735438738,0.04487312275413971,0.3032717704772949,0.05206280232313434,control_pose,robot_origin,robot_origin
4.685002657000041,2026-09-13T15:47:54.462475+00:00,1789314474.3828604,0.07961463928222656,0.5560950498624175,0.045626893223452814,0.30292224059079526,0.052384447059728986,control_pose,robot_origin,robot_origin
4.7015559870005745,2026-09-13T15:47:54.479033+00:00,1789314474.4504027,0.02863025665283203,0.5652322805475838,0.042553858633241376,0.30475401878356934,0.04856388558580545,control_pose,robot_origin,robot_origin
4.731950160999986,2026-09-13T15:47:54.509428+00:00,1789314474.5015213,0.007906675338745117,0.5878209599119757,0.044123141911461494,0.30368945002555847,0.046563778241463724,control_pose,robot_origin,robot_origin
4.753458357000454,2026-09-13T15:47:54.530937+00:00,1789314474.453838,0.07709884643554688,0.5707574915553011,0.042910924308486864,0.3046478261852912,0.04854098474463415,control_pose,robot_origin,robot_origin
4.802380875000381,2026-09-13T15:47:54.579844+00:00,1789314474.5516944,0.02814960479736328,0.6044456640071829,0.04692994090783342,0.30215948820114136,0.04208395420106807,control_pose,robot_origin,robot_origin
4.832096750999881,2026-09-13T15:47:54.609573+00:00,1789314474.523528,0.0860447883605957,0.5945319247608805,0.04529357292277675,0.3031052236295835,0.04407515165326496,control_pose,robot_origin,robot_origin
4.868144730000495,2026-09-13T15:47:54.645624+00:00,1789314474.6031528,0.04247117042541504,0.6201869203958261,0.04941098791634646,0.29937535524368286,0.0406159254375646,control_pose,robot_origin,robot_origin
4.914173967999886,2026-09-13T15:47:54.691657+00:00,1789314474.5963912,0.09526586532592773,0.6184493683998177,0.049070327396489255,0.29973012822189565,0.04073603288881284,control_pose,robot_origin,robot_origin
4.943410644999858,2026-09-13T15:47:54.720884+00:00,1789314474.6682477,0.05263638496398926,0.6427085210889156,0.05698687445976719,0.30066338181495667,0.03837408746154011,control_pose,robot_origin,robot_origin
4.967942504999883,2026-09-13T15:47:54.745421+00:00,1789314474.663312,0.08210897445678711,0.6411811738951008,0.05641320965743346,0.3003226161112319,0.03868724274610618,control_pose,robot_origin,robot_origin
5.0401774259999,2026-09-13T15:47:54.817646+00:00,1789314474.7483122,0.06933379173278809,0.6533311499736845,0.06105527899220331,0.3041343092918396,0.03787873169999597,control_pose,robot_origin,robot_origin
5.057786865000708,2026-09-13T15:47:54.835269+00:00,1789314474.7325354,0.10273361206054688,0.6515831791346947,0.06027227887758124,0.3035545176159946,0.0378736887968075,control_pose,robot_origin,robot_origin
5.089607212000374,2026-09-13T15:47:54.867042+00:00,1789314474.824727,0.042315006256103516,0.6673283108557766,0.06235298846281828,0.3043955862522125,0.032774643528381595,control_pose,robot_origin,robot_origin
5.106843481000396,2026-09-13T15:47:54.884279+00:00,1789314474.8090293,0.07524967193603516,0.6642679536499413,0.06211943031192907,0.30431696729447205,0.03398917524585179,control_pose,robot_origin,robot_origin
5.1378969739998865,2026-09-13T15:47:54.915378+00:00,1789314474.8749645,0.040413618087768555,0.6708903114906111,0.06136567290843353,0.30512163043022156,0.0343187761197428,control_pose,robot_origin,robot_origin
5.171694479000507,2026-09-13T15:47:54.949170+00:00,1789314474.9282875,0.020882606506347656,0.6730389744547074,0.0600412738498457,0.3057929277420044,0.041726123568297455,control_pose,robot_origin,robot_origin
5.1968569509999725,2026-09-13T15:47:54.974332+00:00,1789314474.8786104,0.09572172164916992,0.6710628437234314,0.06114806623483571,0.30531481577929637,0.034742512961675846,control_pose,robot_origin,robot_origin
5.259345293000479,2026-09-13T15:47:55.036825+00:00,1789314474.979046,0.05777883529663086,0.6729238745135868,0.060256707007426524,0.30569934844970703,0.044121641887600975,control_pose,robot_origin,robot_origin
5.2653499280004326,2026-09-13T15:47:55.042828+00:00,1789314474.9490592,0.09376883506774902,0.6731449444642179,0.06016349393078335,0.30573693631574494,0.04313116160703217,control_pose,robot_origin,robot_origin
5.371885952000412,2026-09-13T15:47:55.149358+00:00,1789314475.074926,0.0744321346282959,0.6710218188765549,0.060248183502377595,0.30585455894470215,0.04196649998283652,control_pose,robot_origin,robot_origin
5.38184762200035,2026-09-13T15:47:55.159323+00:00,1789314475.0144684,0.14485454559326172,0.6722211725270912,0.0602535580543605,0.30575668994962674,0.043325436625671565,control_pose,robot_origin,robot_origin
5.398895959000583,2026-09-13T15:47:55.176372+00:00,1789314475.088063,0.08830904960632324,0.6707494115466046,0.06022469032251154,0.3058639731822073,0.04200871257357671,control_pose,robot_origin,robot_origin
5.447878380000475,2026-09-13T15:47:55.225354+00:00,1789314475.171432,0.05392193794250488,0.669678748323044,0.05990032780847149,0.3059021830558777,0.04271227701031718,control_pose,robot_origin,robot_origin
5.465395930999875,2026-09-13T15:47:55.242877+00:00,1789314475.152878,0.08999896049499512,0.6699094117714458,0.05997454493531135,0.30589392854458936,0.0425507038137411,control_pose,robot_origin,robot_origin
5.510144030000447,2026-09-13T15:47:55.287623+00:00,1789314475.2517827,0.03584027290344238,0.6697277529677345,0.059902795795747754,0.305902361869812,0.04274020762679372,control_pose,robot_origin,robot_origin
5.572011517000647,2026-09-13T15:47:55.349483+00:00,1789314475.2307718,0.11871123313903809,0.6697149387719012,0.05990215044320052,0.30590231511186106,0.042732904133737835,control_pose,robot_origin,robot_origin
5.623901586000102,2026-09-13T15:47:55.401380+00:00,1789314475.3639774,0.03740262985229492,0.6700930812793469,0.060188094369636236,0.30591270327568054,0.0424930228215668,control_pose,robot_origin,robot_origin
5.653517219000605,2026-09-13T15:47:55.430987+00:00,1789314475.2935288,0.13745808601379395,0.6699196517593609,0.060048836001737604,0.3059046025442273,0.04268531852052511,control_pose,robot_origin,robot_origin
5.680610084999898,2026-09-13T15:47:55.458091+00:00,1789314475.357876,0.10021495819091797,0.6700780606908278,0.06017603331658006,0.3059120016779717,0.04250968093265701,control_pose,robot_origin,robot_origin
5.713807216000532,2026-09-13T15:47:55.491291+00:00,1789314475.448377,0.04291415214538574,0.6698320899726237,0.06004482885087109,0.3059157133102417,0.042854637975057244,control_pose,robot_origin,robot_origin
5.73637695600064,2026-09-13T15:47:55.513851+00:00,1789314475.4298282,0.08402276039123535,0.6698980977700772,0.060079877467053566,0.3059153901574469,0.04275246368013906,control_pose,robot_origin,robot_origin
5.767715312000291,2026-09-13T15:47:55.545192+00:00,1789314475.5025702,0.04262185096740723,0.6697488955580285,0.06001188822357417,0.30591318011283875,0.04293692090303861,control_pose,robot_origin,robot_origin
5.807511173000421,2026-09-13T15:47:55.584986+00:00,1789314475.499451,0.08553504943847656,0.6697493184331191,0.0600135376382222,0.3059132627584588,0.042940301366109886,control_pose,robot_origin,robot_origin
5.837630519999948,2026-09-13T15:47:55.615114+00:00,1789314475.5816844,0.033429622650146484,0.6707994558850299,0.0585904885201301,0.3074314594268799,0.007373027539738865,control_pose,robot_origin,robot_origin
5.902859443000125,2026-09-13T15:47:55.680334+00:00,1789314475.573047,0.10728716850280762,0.670647141062977,0.0588049311517449,0.307183067791707,0.013668989437894786,control_pose,robot_origin,robot_origin
5.937049729000137,2026-09-13T15:47:55.714514+00:00,1789314475.667979,0.04653501510620117,0.6722317889182124,0.05954877891009125,0.3112074136734009,-0.04141991566322335,control_pose,robot_origin,robot_origin
5.962502250999933,2026-09-13T15:47:55.739979+00:00,1789314475.6420789,0.0979001522064209,0.6714976582405425,0.05929107933714034,0.3101622303931719,-0.02756379220386862,control_pose,robot_origin,robot_origin
5.997615443000541,2026-09-13T15:47:55.775094+00:00,1789314475.7281117,0.0469822883605957,0.671895556003883,0.06043221727499093,0.312488853931427,-0.0776384943589857,control_pose,robot_origin,robot_origin
6.039100295000026,2026-09-13T15:47:55.816576+00:00,1789314475.714579,0.10199689865112305,0.6719712245078482,0.06023340134541216,0.3122004685202638,-0.06948756924307638,control_pose,robot_origin,robot_origin
6.072962025999914,2026-09-13T15:47:55.850438+00:00,1789314475.804749,0.04568910598754883,0.6700628696473749,0.06270417515557658,0.31358492374420166,-0.12295401611941645,control_pose,robot_origin,robot_origin
6.090045311000722,2026-09-13T15:47:55.867517+00:00,1789314475.7869325,0.08058452606201172,0.6706890904951948,0.06211515574888388,0.31338886129009985,-0.1120642531589205,control_pose,robot_origin,robot_origin
6.108670689000064,2026-09-13T15:47:55.886148+00:00,1789314475.8579469,0.02820110321044922,0.6688216871261901,0.06474702472559679,0.314163476228714,-0.15545959980236643,control_pose,robot_origin,robot_origin
6.165484418000233,2026-09-13T15:47:55.942960+00:00,1789314475.8581576,0.08480238914489746,0.6688185528593797,0.0647536848520383,0.3141647998833971,-0.15553082810926147,control_pose,robot_origin,robot_origin
6.204748304000532,2026-09-13T15:47:55.982210+00:00,1789314475.9520023,0.03020763397216797,0.6676172166857455,0.06851914058550423,0.3142653703689575,-0.2068464860703952,control_pose,robot_origin,robot_origin
6.255432448000647,2026-09-13T15:47:56.032912+00:00,1789314475.9223824,0.11052966117858887,0.6679688192899412,0.0673085382314243,0.3142799100464058,-0.19027772855813957,control_pose,robot_origin,robot_origin
6.276399924000543,2026-09-13T15:47:56.053879+00:00,1789314476.007969,0.04591012001037598,0.666936856123151,0.07071287583865749,0.3143251836299896,-0.24016113461039437,control_pose,robot_origin,robot_origin
6.29526398500002,2026-09-13T15:47:56.072466+00:00,1789314476.057974,0.014491796493530273,0.6673125719539427,0.07202332892018115,0.3143852651119232,-0.2703483288133161,control_pose,robot_origin,robot_origin
6.3198302720002175,2026-09-13T15:47:56.097308+00:00,1789314475.9971983,0.10010957717895508,0.6670709422388069,0.07031223677346143,0.31430926336965487,-0.23373391006976288,control_pose,robot_origin,robot_origin
6.376551306000692,2026-09-13T15:47:56.154027+00:00,1789314476.0617864,0.09224057197570801,0.667332786766393,0.07208453940131099,0.3143851375389321,-0.272395654850719,control_pose,robot_origin,robot_origin
6.409701896000115,2026-09-13T15:47:56.185822+00:00,1789314476.1447215,0.041100502014160156,0.6675657506066991,0.07371074373472086,0.3143903613090515,-0.32296452250344587,control_pose,robot_origin,robot_origin
6.459181940000235,2026-09-13T15:47:56.236492+00:00,1789314476.1326756,0.10381627082824707,0.6675176474154353,0.07341988552617351,0.3143846347405304,-0.3152044358013457,control_pose,robot_origin,robot_origin
6.4841826210004,2026-09-13T15:47:56.261653+00:00,1789314476.2214103,0.040242671966552734,0.6687034908676264,0.07493053323925403,0.313895046710968,-0.36942750326800633,control_pose,robot_origin,robot_origin
6.534734743000627,2026-09-13T15:47:56.312209+00:00,1789314476.2001238,0.11208510398864746,0.6684019847247138,0.07468291043965941,0.3140340651296814,-0.3564467272338661,control_pose,robot_origin,robot_origin
6.56277265800054,2026-09-13T15:47:56.340247+00:00,1789314476.2949674,0.045279502868652344,0.669562928412307,0.0748443441070189,0.3125787079334259,-0.4177079070249693,control_pose,robot_origin,robot_origin
6.590214749000552,2026-09-13T15:47:56.367692+00:00,1789314476.273404,0.09428811073303223,0.6693114196206946,0.07488368807518958,0.31299311301138516,-0.4037673583029603,control_pose,robot_origin,robot_origin
6.6203989949999595,2026-09-13T15:47:56.397875+00:00,1789314476.3480284,0.049846649169921875,0.6694719747399576,0.07497673500515184,0.31261926889419556,-0.45210448590337343,control_pose,robot_origin,robot_origin
6.65218799700051,2026-09-13T15:47:56.429546+00:00,1789314476.3429828,0.0865633487701416,0.6694806236783405,0.074964145730955,0.3126154118839024,-0.4488316143219763,control_pose,robot_origin,robot_origin
6.676970729000459,2026-09-13T15:47:56.454417+00:00,1789314476.41464,0.03977704048156738,0.6678910386849173,0.0711176531235308,0.31198811531066895,-0.49202597690696004,control_pose,robot_origin,robot_origin
6.724106559000575,2026-09-13T15:47:56.501584+00:00,1789314476.412383,0.08920097351074219,0.6679367597016227,0.07125658976555566,0.3120224563769163,-0.49074054827500385,control_pose,robot_origin,robot_origin
6.757317157000216,2026-09-13T15:47:56.534800+00:00,1789314476.4946394,0.0401606559753418,0.6693202907941755,0.07129900791767191,0.3126462697982788,-0.4933795517778227,control_pose,robot_origin,robot_origin
6.787520446000599,2026-09-13T15:47:56.564952+00:00,1789314476.4838836,0.08106827735900879,0.6690777019511466,0.07088461639618837,0.31241138646836164,-0.49430157831638216,control_pose,robot_origin,robot_origin
6.8044740790001015,2026-09-13T15:47:56.581956+00:00,1789314476.5479546,0.03400135040283203,0.6713012252667956,0.07387464569955715,0.3125007748603821,-0.4859714201812467,control_pose,robot_origin,robot_origin
6.863987866000571,2026-09-13T15:47:56.641462+00:00,1789314476.5617158,0.07974624633789062,0.6717083741634309,0.0745020890114319,0.31250338265389294,-0.4841188012443819,control_pose,robot_origin,robot_origin
6.887900562000141,2026-09-13T15:47:56.665379+00:00,1789314476.6119246,0.05345439910888672,0.6726777124408745,0.07671618691214283,0.312806636095047,-0.47978370813197896,control_pose,robot_origin,robot_origin
6.89853876899997,2026-09-13T15:47:56.676023+00:00,1789314476.664791,0.01123189926147461,0.6735322822368176,0.07900785179464209,0.31296950578689575,-0.47650054808323883,control_pose,robot_origin,robot_origin
6.949991106000198,2026-09-13T15:47:56.727459+00:00,1789314476.6230402,0.10441875457763672,0.6728828646703782,0.07735701270182588,0.31286890544229845,-0.4788523654049232,control_pose,robot_origin,robot_origin
6.979704313000184,2026-09-13T15:47:56.757181+00:00,1789314476.7180698,0.03911113739013672,0.6742265398874064,0.0805586116909246,0.31306976079940796,-0.4735141807103261,control_pose,robot_origin,robot_origin
7.004076879000422,2026-09-13T15:47:56.781556+00:00,1789314476.6946006,0.08695530891418457,0.6740823634320308,0.08004316214947582,0.3130317368925896,-0.4748267977763912,control_pose,robot_origin,robot_origin
7.042083055000148,2026-09-13T15:47:56.819573+00:00,1789314476.7748463,0.04472661018371582,0.6749243908410529,0.08159341857245356,0.3128204643726349,-0.4692396754773468,control_pose,robot_origin,robot_origin
7.072044487000312,2026-09-13T15:47:56.849523+00:00,1789314476.7631605,0.08636260032653809,0.674819263967117,0.08144002813245671,0.3129008410027582,-0.4700450542998208,control_pose,robot_origin,robot_origin
7.086603372000354,2026-09-13T15:47:56.864081+00:00,1789314476.827942,0.03613901138305664,0.6754118326512795,0.08195732859466487,0.31263449788093567,-0.46504790608282076,control_pose,robot_origin,robot_origin
7.1153219520001585,2026-09-13T15:47:56.892793+00:00,1789314476.881662,0.011131048202514648,0.6760110063016949,0.08222457463405947,0.3126080334186554,-0.4625183467045454,control_pose,robot_origin,robot_origin
7.149627255000269,2026-09-13T15:47:56.927102+00:00,1789314476.8342166,0.09288549423217773,0.6754444554449539,0.08197239193088512,0.31261978219838366,-0.46482028674086223,control_pose,robot_origin,robot_origin
7.182949867000389,2026-09-13T15:47:56.960426+00:00,1789314476.9339492,0.02647686004638672,0.6765363793313056,0.08269436505884559,0.3124859929084778,-0.459394977547296,control_pose,robot_origin,robot_origin
7.2227495280003495,2026-09-13T15:47:57.000224+00:00,1789314476.9110975,0.0891265869140625,0.6763517794602809,0.08250530052457339,0.3125437864608619,-0.46064026410735415,control_pose,robot_origin,robot_origin
7.252902693000578,2026-09-13T15:47:57.030383+00:00,1789314476.9903915,0.03999161720275879,0.6772508073068387,0.08328186096071988,0.31238362193107605,-0.4548927674267601,control_pose,robot_origin,robot_origin
7.300655748000281,2026-09-13T15:47:57.078133+00:00,1789314476.9907467,0.0873863697052002,0.6772536327178079,0.08328607836485252,0.31238398956438956,-0.45486106074599497,control_pose,robot_origin,robot_origin
7.331236040000476,2026-09-13T15:47:57.108710+00:00,1789314477.062672,0.046038150787353516,0.6779017178977889,0.08408682235664316,0.31219467520713806,-0.45016833045618226,control_pose,robot_origin,robot_origin
7.359408910000639,2026-09-13T15:47:57.136890+00:00,1789314477.0379164,0.09897351264953613,0.6776924942863449,0.08383557205749925,0.31228886300256664,-0.45163858261715634,control_pose,robot_origin,robot_origin
7.3757113820001905,2026-09-13T15:47:57.153190+00:00,1789314477.1145198,0.03867006301879883,0.6783886176082006,0.08453259708082411,0.3120715320110321,-0.4462040378264758,control_pose,robot_origin,robot_origin
7.399771901999884,2026-09-13T15:47:57.177241+00:00,1789314477.1679301,0.00931096076965332,0.6789116328049396,0.08492476140444338,0.3118172883987427,-0.4429943073875082,control_pose,robot_origin,robot_origin
7.431448563000231,2026-09-13T15:47:57.208924+00:00,1789314477.119397,0.08952713012695312,0.6784232624838356,0.08456739341858749,0.31207014105559705,-0.4459246124942714,control_pose,robot_origin,robot_origin
7.4564041120002,2026-09-13T15:47:57.233883+00:00,1789314477.221315,0.012567996978759766,0.6793079269873631,0.08524771454093955,0.31162503361701965,-0.44009045558072574,control_pose,robot_origin,robot_origin
7.537443481000082,2026-09-13T15:47:57.314911+00:00,1789314477.1849496,0.12996125221252441,0.6790544292044969,0.08504325008388247,0.3117209550934341,-0.4419820071072042,control_pose,robot_origin,robot_origin
7.56297632299993,2026-09-13T15:47:57.340449+00:00,1789314477.287999,0.05245018005371094,0.6799423042782495,0.08581809977818544,0.3114583194255829,-0.4362302536152198,control_pose,robot_origin,robot_origin
7.579007238000486,2026-09-13T15:47:57.356482+00:00,1789314477.2623842,0.09409785270690918,0.6796831570641806,0.08558504251958332,0.31151999182678336,-0.43778008376772964,control_pose,robot_origin,robot_origin
7.621569144000205,2026-09-13T15:47:57.399012+00:00,1789314477.3230228,0.0759892463684082,0.6801423456313925,0.08615339181366816,0.3114225041480925,-0.4337795198351721,control_pose,robot_origin,robot_origin
7.64777170600064,2026-09-13T15:47:57.425257+00:00,1789314477.3814137,0.04384326934814453,0.6806742942460038,0.08674408586840537,0.3112921416759491,-0.43035060856104435,control_pose,robot_origin,robot_origin
7.6677161309999065,2026-09-13T15:47:57.445197+00:00,1789314477.4314497,0.013747453689575195,0.6811891548338882,0.0871853338326401,0.3112163841724396,-0.4274346917883517,control_pose,robot_origin,robot_origin
7.708474598000066,2026-09-13T15:47:57.485961+00:00,1789314477.3968182,0.0891427993774414,0.6808636358550526,0.08686225355038618,0.3112693119121108,-0.4296755030790881,control_pose,robot_origin,robot_origin
7.738960030000271,2026-09-13T15:47:57.516430+00:00,1789314477.487932,0.028497934341430664,0.6815368988914955,0.08753134242922717,0.3111414611339569,-0.42404878799719997,control_pose,robot_origin,robot_origin
7.764505610000015,2026-09-13T15:47:57.541981+00:00,1789314477.461185,0.0807960033416748,0.681403609949736,0.08737565068977604,0.311182314217377,-0.42560698657925683,control_pose,robot_origin,robot_origin
7.7969201599999,2026-09-13T15:47:57.574402+00:00,1789314477.5400841,0.034317970275878906,0.6817625765449842,0.08776111401266057,0.3110847771167755,-0.42201006063911906,control_pose,robot_origin,robot_origin
7.8246789600007105,2026-09-13T15:47:57.602123+00:00,1789314477.594588,0.007534980773925781,0.6821636331455689,0.0879678075909367,0.31106626987457275,-0.42009758595045466,control_pose,robot_origin,robot_origin
7.8597099190001245,2026-09-13T15:47:57.637191+00:00,1789314477.5329952,0.10419583320617676,0.6817494565178762,0.08774252101729546,0.3110889995238626,-0.4221272046202733,control_pose,robot_origin,robot_origin
7.90215638600057,2026-09-13T15:47:57.679624+00:00,1789314477.6479943,0.03162980079650879,0.6824530019110705,0.08811530704702175,0.3110352158546448,-0.418295364810763,control_pose,robot_origin,robot_origin
7.923114352000084,2026-09-13T15:47:57.700593+00:00,1789314477.6078708,0.09272217750549316,0.6822333509592138,0.08800505460653568,0.31105900936500924,-0.41965329127564444,control_pose,robot_origin,robot_origin
7.957955014000618,2026-09-13T15:47:57.735432+00:00,1789314477.7046838,0.03074812889099121,0.6826551997408922,0.0882843292955316,0.3110419511795044,-0.41634628996318584,control_pose,robot_origin,robot_origin
7.989999788000205,2026-09-13T15:47:57.767475+00:00,1789314477.678457,0.08901786804199219,0.6825460372308876,0.08823735106406033,0.31101625547089695,-0.41723511061579244,control_pose,robot_origin,robot_origin
8.037281933000486,2026-09-13T15:47:57.814771+00:00,1789314477.7645268,0.05024409294128418,0.6829542123644192,0.08848563315172842,0.31091588735580444,-0.41455763310885024,control_pose,robot_origin,robot_origin
8.04703125100059,2026-09-13T15:47:57.824508+00:00,1789314477.7413168,0.0831911563873291,0.682788595553698,0.08839646554801156,0.31099865325070597,-0.41546259218159265,control_pose,robot_origin,robot_origin
8.082965145999879,2026-09-13T15:47:57.860438+00:00,1789314477.8213916,0.039046525955200195,0.683301067067788,0.0886139913959445,0.3105795681476593,-0.41310587231698515,control_pose,robot_origin,robot_origin
8.120171016999848,2026-09-13T15:47:57.897626+00:00,1789314477.813813,0.08381295204162598,0.6832604605354189,0.08859754765683153,0.31060920339289505,-0.4132503516406165,control_pose,robot_origin,robot_origin
8.13410098300028,2026-09-13T15:47:57.911578+00:00,1789314477.8751428,0.03643512725830078,0.6836316211374631,0.08872744215047645,0.31061670184135437,-0.4116773091537401,control_pose,robot_origin,robot_origin
8.159288148000087,2026-09-13T15:47:57.936737+00:00,1789314477.925907,0.010830163955688477,0.6838495629388041,0.0888407179602621,0.3107544481754303,-0.4105354203728738,control_pose,robot_origin,robot_origin
8.186076386999957,2026-09-13T15:47:57.963551+00:00,1789314477.893565,0.06998610496520996,0.6837217996264938,0.08876080607358577,0.310643376121029,-0.4112512805267394,control_pose,robot_origin,robot_origin
8.229351474000396,2026-09-13T15:47:58.006829+00:00,1789314477.9817176,0.02511143684387207,0.6840985663446422,0.08897551347308225,0.3105383515357971,-0.40900695886010335,control_pose,robot_origin,robot_origin
8.2672383550007,2026-09-13T15:47:58.044715+00:00,1789314477.9585032,0.0862116813659668,0.6839986501347896,0.08893630223900734,0.3106502844799015,-0.40943436828909086,control_pose,robot_origin,robot_origin
8.305370484000377,2026-09-13T15:47:58.082851+00:00,1789314478.0386033,0.04424762725830078,0.6843528057433198,0.08908642579903087,0.31041088700294495,-0.407724185675355,control_pose,robot_origin,robot_origin
8.318647850000161,2026-09-13T15:47:58.096124+00:00,1789314478.0210207,0.0751032829284668,0.6842834764137968,0.08904540382767534,0.3104457043451617,-0.4081224202297367,control_pose,robot_origin,robot_origin
8.3603058839999,2026-09-13T15:47:58.137788+00:00,1789314478.0981486,0.03963947296142578,0.684554719319832,0.08915907064977491,0.3103911280632019,-0.4065346708299906,control_pose,robot_origin,robot_origin
8.402650121000079,2026-09-13T15:47:58.180126+00:00,1789314478.0956776,0.08444833755493164,0.684546340171165,0.08915605598372417,0.31039194803329245,-0.40658403392280684,control_pose,robot_origin,robot_origin
8.42904601600003,2026-09-13T15:47:58.206535+00:00,1789314478.1679108,0.03862428665161133,0.6847408115029925,0.08919482016895247,0.31035900115966797,-0.40571163247028186,control_pose,robot_origin,robot_origin
8.468925799000317,2026-09-13T15:47:58.246407+00:00,1789314478.1618528,0.08455419540405273,0.6847303964539626,0.0891898610660502,0.31035977366515766,-0.40575870040433415,control_pose,robot_origin,robot_origin
8.493948328999977,2026-09-13T15:47:58.271426+00:00,1789314478.2245643,0.04686164855957031,0.6849124976104024,0.08926389652529937,0.31033459305763245,-0.40516530577052984,control_pose,robot_origin,robot_origin
8.509263947000363,2026-09-13T15:47:58.286740+00:00,1789314478.27466,0.012079954147338867,0.6850230594455496,0.08932226662610737,0.3103317618370056,-0.40447327582165227,control_pose,robot_origin,robot_origin
8.535621533000267,2026-09-13T15:47:58.313099+00:00,1789314478.2308972,0.08220171928405762,0.684920313610365,0.08927436135495487,0.31033721307638934,-0.4050963695743674,control_pose,robot_origin,robot_origin
8.573108041000523,2026-09-13T15:47:58.350586+00:00,1789314478.3312125,0.019373416900634766,0.6851910200394962,0.08941062702250496,0.3103068470954895,-0.40348822048518185,control_pose,robot_origin,robot_origin
8.603569112000514,2026-09-13T15:47:58.381050+00:00,1789314478.3043697,0.07668042182922363,0.6850973743925755,0.0893703108965424,0.3103269007612422,-0.40400410499684586,control_pose,robot_origin,robot_origin
8.64347968400034,2026-09-13T15:47:58.420958+00:00,1789314478.3845835,0.036374568939208984,0.6853461875802407,0.08951458894841391,0.31030866503715515,-0.402447749062896,control_pose,robot_origin,robot_origin
8.68156719900071,2026-09-13T15:47:58.459043+00:00,1789314478.375462,0.08358097076416016,0.685308237340742,0.0895018369090928,0.3103169802979865,-0.40260265291041974,control_pose,robot_origin,robot_origin
8.717613902000267,2026-09-13T15:47:58.495092+00:00,1789314478.4577377,0.037354230880737305,0.6855589072081518,0.08962863702160423,0.3102591037750244,-0.40144945251140673,control_pose,robot_origin,robot_origin
8.747528820000298,2026-09-13T15:47:58.525007+00:00,1789314478.450651,0.0743560791015625,0.68553839863711,0.08961632439227618,0.31026321506318866,-0.4015472577363697,control_pose,robot_origin,robot_origin
8.777562602000216,2026-09-13T15:47:58.555043+00:00,1789314478.521037,0.03400588035583496,0.6856913777035186,0.08963789235271469,0.31026870012283325,-0.4009090685887904,control_pose,robot_origin,robot_origin
8.821518538999953,2026-09-13T15:47:58.598997+00:00,1789314478.5141466,0.08485054969787598,0.6856723989174398,0.08964467099616025,0.31026567602755695,-0.40094512575153346,control_pose,robot_origin,robot_origin
8.867548318000445,2026-09-13T15:47:58.645002+00:00,1789314478.5978687,0.04713320732116699,0.6858660415957176,0.08959104381787059,0.3102669417858124,-0.400391671463209,control_pose,robot_origin,robot_origin
8.906438691000403,2026-09-13T15:47:58.683916+00:00,1789314478.5893753,0.09454083442687988,0.6858483850336267,0.08959676836026514,0.3102671462783548,-0.40045674797341324,control_pose,robot_origin,robot_origin
8.909439022000697,2026-09-13T15:47:58.686919+00:00,1789314478.6512372,0.035681724548339844,0.6859593645739083,0.0895705651111055,0.3102641701698303,-0.3999976433122658,control_pose,robot_origin,robot_origin
8.94044662900069,2026-09-13T15:47:58.717922+00:00,1789314478.7045333,0.013388633728027344,0.6859933708591475,0.08960761766217445,0.31026503443717957,-0.3994532767236297,control_pose,robot_origin,robot_origin
9.005648534000102,2026-09-13T15:47:58.783115+00:00,1789314478.6680195,0.11509537696838379,0.6859451368412204,0.08958081010307423,0.31026092504341074,-0.3997763992174677,control_pose,robot_origin,robot_origin
9.046640208000099,2026-09-13T15:47:58.824085+00:00,1789314478.735109,0.08897590637207031,0.6860353887482662,0.08960169653507599,0.3102635757061046,-0.39933348745503283,control_pose,robot_origin,robot_origin
9.087069344000156,2026-09-13T15:47:58.864541+00:00,1789314478.8110764,0.053464651107788086,0.6859050890871999,0.08969345010077678,0.31041383743286133,-0.3989364762725238,control_pose,robot_origin,robot_origin
9.102513202999944,2026-09-13T15:47:58.879990+00:00,1789314478.7959538,0.08403635025024414,0.685935836117947,0.08967328956378362,0.3103809136790466,-0.39901778985501046,control_pose,robot_origin,robot_origin
9.139193238000189,2026-09-13T15:47:58.916672+00:00,1789314478.8713183,0.04535365104675293,0.6864627033526369,0.08763819512923082,0.3115297555923462,-0.4307223039371745,control_pose,robot_origin,robot_origin
9.162102433000655,2026-09-13T15:47:58.939573+00:00,1789314478.8663838,0.07318925857543945,0.6864170272071409,0.0878065482918563,0.3114383468114497,-0.4281185042101874,control_pose,robot_origin,robot_origin
9.17814189100045,2026-09-13T15:47:58.955616+00:00,1789314478.924417,0.031198978424072266,0.6873783727110679,0.08800133433518764,0.3112664520740509,-0.4627046693766449,control_pose,robot_origin,robot_origin
9.243952927999999,2026-09-13T15:47:59.021426+00:00,1789314478.941596,0.07982993125915527,0.687626051507018,0.08823081277366651,0.3114644326304377,-0.4713362079879122,control_pose,robot_origin,robot_origin
9.28204837300018,2026-09-13T15:47:59.059524+00:00,1789314479.0157435,0.04378056526184082,0.6894973974725254,0.08909577709099642,0.3125467896461487,-0.5093407975051798,control_pose,robot_origin,robot_origin
9.312389773000177,2026-09-13T15:47:59.089861+00:00,1789314479.0078998,0.08196115493774414,0.6892930677270219,0.08900662847681035,0.3124632446640267,-0.5052452902206598,control_pose,robot_origin,robot_origin
9.328983797000546,2026-09-13T15:47:59.106461+00:00,1789314479.0678666,0.03859448432922363,0.6911706853655246,0.09013872495305442,0.31288769841194153,-0.541370261646003,control_pose,robot_origin,robot_origin
9.351135992000309,2026-09-13T15:47:59.128615+00:00,1789314479.1210356,0.007579326629638672,0.6931411300938188,0.09108892039199984,0.3131287693977356,-0.5694904225013367,control_pose,robot_origin,robot_origin
9.384926039000675,2026-09-13T15:47:59.162402+00:00,1789314479.0838852,0.07851672172546387,0.691578802647485,0.09037673426590387,0.3130508224310119,-0.5497263272431288,control_pose,robot_origin,robot_origin
9.440235685000516,2026-09-13T15:47:59.217704+00:00,1789314479.1743886,0.04331541061401367,0.6950313048842871,0.09283085382640016,0.3118935525417328,-0.5657885426399193,control_pose,robot_origin,robot_origin
9.452840128000389,2026-09-13T15:47:59.230312+00:00,1789314479.1481345,0.08217763900756836,0.6934236797383813,0.09148599956228282,0.3123313139331298,-0.5718399712243619,control_pose,robot_origin,robot_origin
9.495567894000487,2026-09-13T15:47:59.273043+00:00,1789314479.231056,0.041986942291259766,0.6955322669062887,0.09300376255737008,0.3124252259731293,-0.5533750517021381,control_pose,robot_origin,robot_origin
9.528656536000199,2026-09-13T15:47:59.306139+00:00,1789314479.2254622,0.08067679405212402,0.6954721620802491,0.09288841496393907,0.3124410024864659,-0.5541714357389768,control_pose,robot_origin,robot_origin
9.549866368000039,2026-09-13T15:47:59.327342+00:00,1789314479.2898889,0.03745317459106445,0.6960009223262051,0.0937153042392353,0.31259700655937195,-0.5473218337702642,control_pose,robot_origin,robot_origin
9.593491596000604,2026-09-13T15:47:59.370968+00:00,1789314479.284495,0.08647298812866211,0.6959645468492188,0.09367001541803077,0.31255537921350435,-0.5478083070721164,control_pose,robot_origin,robot_origin
9.630558073999964,2026-09-13T15:47:59.407977+00:00,1789314479.3543758,0.05360126495361328,0.6965224811773844,0.09390225110384098,0.3127877712249756,-0.5422691213940863,control_pose,robot_origin,robot_origin
9.6472545430006,2026-09-13T15:47:59.424731+00:00,1789314479.405447,0.01928400993347168,0.6970635303428788,0.09396493694400176,0.31285032629966736,-0.5387703905331676,control_pose,robot_origin,robot_origin
9.680871927000226,2026-09-13T15:47:59.458347+00:00,1789314479.3598707,0.09847640991210938,0.6965383309115796,0.09392485804327344,0.3127927944506289,-0.5419104578959602,control_pose,robot_origin,robot_origin
9.701363582999875,2026-09-13T15:47:59.478839+00:00,1789314479.4576302,0.021208763122558594,0.6977176626628677,0.0939436849182021,0.31287920475006104,-0.5350534823219515,control_pose,robot_origin,robot_origin
9.748126281000623,2026-09-13T15:47:59.525599+00:00,1789314479.43373,0.09186911582946777,0.6974088203114724,0.09394492827967926,0.31286585371275644,-0.536730394461333,control_pose,robot_origin,robot_origin
9.79277948500021,2026-09-13T15:47:59.570256+00:00,1789314479.535391,0.03486490249633789,0.6985620533799453,0.09398753274236349,0.31286895275115967,-0.5297314135435527,control_pose,robot_origin,robot_origin
9.820588040000075,2026-09-13T15:47:59.598064+00:00,1789314479.5018346,0.09622931480407715,0.6981954025878143,0.09396443543805555,0.31287317939360404,-0.5320543522851066,control_pose,robot_origin,robot_origin
9.850465668000652,2026-09-13T15:47:59.627953+00:00,1789314479.5877104,0.040242671966552734,0.6991899613591568,0.09415373997900728,0.31282445788383484,-0.5264080797384953,control_pose,robot_origin,robot_origin
9.887872063000032,2026-09-13T15:47:59.665346+00:00,1789314479.5728703,0.09247565269470215,0.6990118579976815,0.09410659602077148,0.3128370786590142,-0.5273507057875313,control_pose,robot_origin,robot_origin
9.917156620000242,2026-09-13T15:47:59.694635+00:00,1789314479.6544073,0.040227651596069336,0.699812402394893,0.09430022110147945,0.31280654668807983,-0.5219600316230256,control_pose,robot_origin,robot_origin
9.940791474000434,2026-09-13T15:47:59.718266+00:00,1789314479.6359725,0.08229351043701172,0.6996592008257432,0.09423102699824548,0.3128154399053292,-0.5232285060679257,control_pose,robot_origin,robot_origin
9.982288423000682,2026-09-13T15:47:59.759769+00:00,1789314479.7210064,0.038762569427490234,0.700500218578409,0.09437808121862162,0.312773197889328,-0.518366914286799,control_pose,robot_origin,robot_origin
10.02050638000037,2026-09-13T15:47:59.797984+00:00,1789314479.7088692,0.08911466598510742,0.7003772363261376,0.09436946342751446,0.3127837938400462,-0.5189093846736745,control_pose,robot_origin,robot_origin
10.045818319000318,2026-09-13T15:47:59.823294+00:00,1789314479.7842913,0.03900265693664551,0.7011308815455192,0.09447600755279478,0.31268972158432007,-0.5150620627230675,control_pose,robot_origin,robot_origin
10.078491259000657,2026-09-13T15:47:59.855966+00:00,1789314479.7740083,0.08195781707763672,0.7010502386194514,0.0944676317367158,0.31270244949712805,-0.5156371080477212,control_pose,robot_origin,robot_origin
10.104502201000287,2026-09-13T15:47:59.881983+00:00,1789314479.8385098,0.043473243713378906,0.7016298135627939,0.0947161375360347,0.31223064661026,-0.5116194527609492,control_pose,robot_origin,robot_origin
10.130246901000646,2026-09-13T15:47:59.907717+00:00,1789314479.8943717,0.01334524154663086,0.7020739303693829,0.09495754877844703,0.312004417181015,-0.5085089809611061,control_pose,robot_origin,robot_origin
10.146629921000567,2026-09-13T15:47:59.924104+00:00,1789314479.8479671,0.07613682746887207,0.7017121116555174,0.09476286342052243,0.3121701313355509,-0.5109552210927005,control_pose,robot_origin,robot_origin
10.17653564900047,2026-09-13T15:47:59.954017+00:00,1789314479.944811,0.009205818176269531,0.702402545103662,0.09514906517608918,0.3118513226509094,-0.506214568120596,control_pose,robot_origin,robot_origin
10.224796271000741,2026-09-13T15:48:00.002271+00:00,1789314479.911293,0.09097790718078613,0.7022148688221779,0.0949873085325797,0.3119431358261559,-0.5077178559605969,control_pose,robot_origin,robot_origin
10.274223854000411,2026-09-13T15:48:00.051687+00:00,1789314480.004618,0.04706907272338867,0.7026499086204796,0.09537736597854546,0.3118302524089813,-0.5031193280562628,control_pose,robot_origin,robot_origin
10.297119855000346,2026-09-13T15:48:00.074594+00:00,1789314479.9867775,0.08781647682189941,0.7025798841767628,0.09533173522297039,0.3118369916272656,-0.5040140302390321,control_pose,robot_origin,robot_origin
10.325018528000328,2026-09-13T15:48:00.102494+00:00,1789314480.0576444,0.04484963417053223,0.7029094359704111,0.09542891862331737,0.3117387592792511,-0.500223452633705,control_pose,robot_origin,robot_origin
10.40090136300023,2026-09-13T15:48:00.178369+00:00,1789314480.0679615,0.11040759086608887,0.7029220745025637,0.09544620395823056,0.3117370169641589,-0.49975435489437886,control_pose,robot_origin,robot_origin
10.423748141000033,2026-09-13T15:48:00.201220+00:00,1789314480.1609285,0.040291547775268555,0.7032938851095287,0.09554356991066404,0.3116736114025116,-0.4959672561336672,control_pose,robot_origin,robot_origin
10.44816005300072,2026-09-13T15:48:00.225637+00:00,1789314480.1329944,0.09264254570007324,0.7031489687775823,0.09550279636648201,0.3117002988525662,-0.4973136453274873,control_pose,robot_origin,robot_origin
10.47684555000069,2026-09-13T15:48:00.254321+00:00,1789314480.2143254,0.039995670318603516,0.7035197484230844,0.09559242147151975,0.3116239011287689,-0.4944293115712527,control_pose,robot_origin,robot_origin
10.509946443000445,2026-09-13T15:48:00.287425+00:00,1789314480.2026207,0.08480429649353027,0.7034622331207256,0.09559041109577587,0.3116298761767233,-0.49473658133474263,control_pose,robot_origin,robot_origin
10.535370872000385,2026-09-13T15:48:00.312845+00:00,1789314480.27418,0.038665056228637695,0.7038109498892375,0.09570239050985013,0.31157350540161133,-0.49208839807067567,control_pose,robot_origin,robot_origin
10.568515835000653,2026-09-13T15:48:00.345976+00:00,1789314480.327756,0.018220186233520508,0.7040927405940053,0.09577389575638329,0.31152236461639404,-0.49049485923555924,control_pose,robot_origin,robot_origin
10.586755128000732,2026-09-13T15:48:00.364235+00:00,1789314480.273855,0.09037995338439941,0.7038094298649886,0.09570160003284173,0.3115737322716685,-0.49210213158428356,control_pose,robot_origin,robot_origin
10.632441546999871,2026-09-13T15:48:00.409887+00:00,1789314480.3819947,0.027892351150512695,0.704258282641611,0.09581623821897262,0.31151697039604187,-0.4885875797625741,control_pose,robot_origin,robot_origin
10.669095963000473,2026-09-13T15:48:00.446570+00:00,1789314480.3469288,0.09964108467102051,0.7041562722818218,0.09578234085630238,0.3114988333146507,-0.4898440496900622,control_pose,robot_origin,robot_origin
10.71578331300043,2026-09-13T15:48:00.493257+00:00,1789314480.4476855,0.04557156562805176,0.7042465073795086,0.09596015414393455,0.31177619099617004,-0.48665101028996005,control_pose,robot_origin,robot_origin
10.740596366000318,2026-09-13T15:48:00.518084+00:00,1789314480.4248452,0.09323883056640625,0.7042973147185295,0.0958986996554066,0.3117121650060171,-0.487135548299348,control_pose,robot_origin,robot_origin
10.780732840000383,2026-09-13T15:48:00.558201+00:00,1789314480.5075386,0.05066251754760742,0.7041385205084594,0.09604613036880366,0.3118385374546051,-0.48523675427915214,control_pose,robot_origin,robot_origin
10.793317309000486,2026-09-13T15:48:00.570778+00:00,1789314480.4889488,0.08182907104492188,0.7041720601161241,0.09601942704068073,0.3118191732880644,-0.48567598830328246,control_pose,robot_origin,robot_origin
10.823157838000043,2026-09-13T15:48:00.600636+00:00,1789314480.5575793,0.04305672645568848,0.7042368891559396,0.0961514111062799,0.31182557344436646,-0.4835347685412453,control_pose,robot_origin,robot_origin
10.844037477000711,2026-09-13T15:48:00.621512+00:00,1789314480.610923,0.010588884353637695,0.7042229539369518,0.096246696551543,0.31183353066444397,-0.4824813856145118,control_pose,robot_origin,robot_origin
10.889140428000246,2026-09-13T15:48:00.666614+00:00,1789314480.5642884,0.1023256778717041,0.7042511757302764,0.09616459735763316,0.31181914544766814,-0.48337676328089385,control_pose,robot_origin,robot_origin
10.931380250000075,2026-09-13T15:48:00.708855+00:00,1789314480.6708295,0.0380253791809082,0.7042921958228867,0.09633805764927111,0.3118513822555542,-0.48161647722140233,control_pose,robot_origin,robot_origin
10.945678641000086,2026-09-13T15:48:00.723151+00:00,1789314480.63192,0.09123086929321289,0.7042538129772666,0.09628514074433397,0.3118392912585558,-0.4821736061859237,control_pose,robot_origin,robot_origin
10.979093271000238,2026-09-13T15:48:00.756573+00:00,1789314480.7212727,0.035300254821777344,0.7043370655537697,0.09644187245499053,0.3118906021118164,-0.48042924893652494,control_pose,robot_origin,robot_origin
11.007238793000397,2026-09-13T15:48:00.784714+00:00,1789314480.6945462,0.09016776084899902,0.7043170871161741,0.09638221496302507,0.3118713415074829,-0.4810612995017828,control_pose,robot_origin,robot_origin
11.104760150999937,2026-09-13T15:48:00.882241+00:00,1789314480.8408382,0.04140281677246094,0.7045247827749623,0.09669894063149514,0.31195956468582153,-0.4778132967221577,control_pose,robot_origin,robot_origin
11.118686941000306,2026-09-13T15:48:00.896160+00:00,1789314480.7531166,0.14304327964782715,0.7043451642561387,0.09653752825687512,0.3118990296220665,-0.47953551003930756,control_pose,robot_origin,robot_origin
11.163155920000463,2026-09-13T15:48:00.940634+00:00,1789314480.8455172,0.09511685371398926,0.7045364334669681,0.09669188880864882,0.3119518340627598,-0.4776705872860486,control_pose,robot_origin,robot_origin
11.199929456000064,2026-09-13T15:48:00.977399+00:00,1789314480.9343197,0.043079376220703125,0.7047617249496545,0.09670521530356141,0.3119034171104431,-0.47483127740390624,control_pose,robot_origin,robot_origin
11.23809318900021,2026-09-13T15:48:01.015565+00:00,1789314480.9061275,0.10943746566772461,0.7046897647469865,0.09668554898742016,0.31190847714011655,-0.47574637063408537,control_pose,robot_origin,robot_origin
11.267529275000015,2026-09-13T15:48:01.045005+00:00,1789314480.9943068,0.050698280334472656,0.7047366638044321,0.09673463178364405,0.311875581741333,-0.4731977349566647,control_pose,robot_origin,robot_origin
11.28803942200011,2026-09-13T15:48:01.065515+00:00,1789314480.9709535,0.09456157684326172,0.7047464203081424,0.09672317971333644,0.31188641827252894,-0.47383368604588144,control_pose,robot_origin,robot_origin
11.313842423000096,2026-09-13T15:48:01.091326+00:00,1789314481.0496056,0.04172039031982422,0.704751160950386,0.09665389269543684,0.3118339478969574,-0.4718847699802149,control_pose,robot_origin,robot_origin
11.352577649000523,2026-09-13T15:48:01.130054+00:00,1789314481.048022,0.0820319652557373,0.7047494868597066,0.09665615494807961,0.3118352279581756,-0.47192173599414444,control_pose,robot_origin,robot_origin
11.399053763000666,2026-09-13T15:48:01.176532+00:00,1789314481.1279008,0.04863119125366211,0.7046603925372311,0.09666362021287017,0.3118067979812622,-0.4698311246569879,control_pose,robot_origin,robot_origin
11.439342889000727,2026-09-13T15:48:01.216817+00:00,1789314481.108031,0.10878586769104004,0.7047011894540628,0.096649596289615,0.3118200877222135,-0.4703453780734287,control_pose,robot_origin,robot_origin
11.482115411999985,2026-09-13T15:48:01.259596+00:00,1789314481.2179513,0.04164481163024902,0.7046448577436291,0.09666570526540186,0.31174424290657043,-0.46762061664360316,control_pose,robot_origin,robot_origin
11.500153587000568,2026-09-13T15:48:01.277628+00:00,1789314481.180272,0.09735584259033203,0.7046513578901066,0.09666483282723398,0.31177041751556905,-0.468545549611811,control_pose,robot_origin,robot_origin
11.561651159000576,2026-09-13T15:48:01.339133+00:00,1789314481.270796,0.06833696365356445,0.704681249300123,0.09676329039164289,0.31175506114959717,-0.4662605505146647,control_pose,robot_origin,robot_origin
11.583824981000362,2026-09-13T15:48:01.361296+00:00,1789314481.2474127,0.11388325691223145,0.7046651462619951,0.09672010957829053,0.3117502741441289,-0.4668623650684145,control_pose,robot_origin,robot_origin
11.63085342300019,2026-09-13T15:48:01.408329+00:00,1789314481.3543396,0.053989410400390625,0.7048780529742165,0.09682787948600607,0.31173768639564514,-0.4640004216946129,control_pose,robot_origin,robot_origin
11.6618883430001,2026-09-13T15:48:01.439365+00:00,1789314481.317889,0.1214759349822998,0.7047921859883794,0.0967996987577932,0.3117452671370027,-0.4649865427642455,control_pose,robot_origin,robot_origin
11.702260871000362,2026-09-13T15:48:01.479735+00:00,1789314481.4285092,0.05122566223144531,0.7048635151717786,0.09686143806085767,0.3116753399372101,-0.4629606525822766,control_pose,robot_origin,robot_origin
11.770845230000305,2026-09-13T15:48:01.548334+00:00,1789314481.4038327,0.1445012092590332,0.7048683519972616,0.09685027289537212,0.311696083026836,-0.463306583598109,control_pose,robot_origin,robot_origin
11.813431329000196,2026-09-13T15:48:01.590904+00:00,1789314481.514116,0.07678794860839844,0.7048643370618565,0.09681554504424994,0.31163325905799866,-0.46177532361186413,control_pose,robot_origin,robot_origin
11.816275574000429,2026-09-13T15:48:01.593764+00:00,1789314481.4638946,0.1298694610595703,0.7048638548978423,0.09684246830529003,0.31165794591843077,-0.4624706946296815,control_pose,robot_origin,robot_origin
11.84127594200072,2026-09-13T15:48:01.618752+00:00,1789314481.5641987,0.05455327033996582,0.7048471701909019,0.09676850248045832,0.3116171956062317,-0.4612102560690819,control_pose,robot_origin,robot_origin
11.880356108999877,2026-09-13T15:48:01.657845+00:00,1789314481.5577588,0.10008621215820312,0.7048493776646696,0.09677455164490983,0.3116192611922365,-0.46128291766941376,control_pose,robot_origin,robot_origin
11.941601169000023,2026-09-13T15:48:01.719070+00:00,1789314481.6478548,0.07121515274047852,0.7047127833354756,0.09675981355405922,0.31159186363220215,-0.4599321597566196,control_pose,robot_origin,robot_origin
11.978544288000194,2026-09-13T15:48:01.756020+00:00,1789314481.5995452,0.15647482872009277,0.7048021727191993,0.09675305536698958,0.3116220898887193,-0.46074323067886297,control_pose,robot_origin,robot_origin
12.001331725000455,2026-09-13T15:48:01.778804+00:00,1789314481.7207527,0.058051347732543945,0.7045553520920553,0.09679511723492307,0.3115572929382324,-0.45904684848211924,control_pose,robot_origin,robot_origin
12.006343871000354,2026-09-13T15:48:01.783821+00:00,1789314481.665953,0.11786818504333496,0.7046736987366644,0.09676857820695234,0.3115832809539797,-0.45971236782189867,control_pose,robot_origin,robot_origin
12.051232736000202,2026-09-13T15:48:01.828705+00:00,1789314481.7708817,0.05782341957092285,0.7045357511102193,0.09669517971164066,0.31154149770736694,-0.4587187239338993,control_pose,robot_origin,robot_origin
12.087402506000217,2026-09-13T15:48:01.864880+00:00,1789314481.7355165,0.1293635368347168,0.7045535971003511,0.09677139352086433,0.31155688508559287,-0.458942595404558,control_pose,robot_origin,robot_origin
12.119964538000204,2026-09-13T15:48:01.897456+00:00,1789314481.8543863,0.04306960105895996,0.7043937599582937,0.09645282017604989,0.31148186326026917,-0.45710263874260004,control_pose,robot_origin,robot_origin
12.139233210000384,2026-09-13T15:48:01.916708+00:00,1789314481.8044367,0.11227130889892578,0.7044877607131799,0.09658825464964904,0.3115089048581755,-0.45810616118909964,control_pose,robot_origin,robot_origin
12.18900530800056,2026-09-13T15:48:01.966359+00:00,1789314481.907546,0.058812856674194336,0.7042401972569549,0.09638595107152004,0.31147500872612,-0.4563375743886558,control_pose,robot_origin,robot_origin
12.192645306000486,2026-09-13T15:48:01.970110+00:00,1789314481.9612603,0.008849620819091797,0.7039937742804427,0.09631026599208542,0.3114320635795593,-0.4555808327687839,control_pose,robot_origin,robot_origin
12.226325661000374,2026-09-13T15:48:02.003787+00:00,1789314481.8734517,0.13033533096313477,0.7043386858983904,0.09642883809552866,0.31147940493529147,-0.45682824771741354,control_pose,robot_origin,robot_origin
12.332201674999851,2026-09-13T15:48:02.109676+00:00,1789314481.9449544,0.16472148895263672,0.7040578699021741,0.09633305361690742,0.31141602208403535,-0.455799196629524,control_pose,robot_origin,robot_origin
12.334630313000162,2026-09-13T15:48:02.112111+00:00,1789314482.0342178,0.07789325714111328,0.7037774100805607,0.09622204820873453,0.3114209473133087,-0.4542960072711112,control_pose,robot_origin,robot_origin
12.354055642000276,2026-09-13T15:48:02.131535+00:00,1789314482.023661,0.10787415504455566,0.7038037870112535,0.09623597517551319,0.3114227310585845,-0.4544724782943904,control_pose,robot_origin,robot_origin
12.4416102160003,2026-09-13T15:48:02.219066+00:00,1789314482.1274366,0.0916292667388916,0.7037289782932923,0.09606365479393109,0.3113759756088257,-0.4529685633186137,control_pose,robot_origin,robot_origin
12.449048565999874,2026-09-13T15:48:02.226521+00:00,1789314482.093421,0.13310003280639648,0.7037359182025541,0.09613260822149289,0.31139765143076265,-0.4534240018729787,control_pose,robot_origin,robot_origin
12.568627528000434,2026-09-13T15:48:02.346098+00:00,1789314482.2007382,0.14535975456237793,0.7036828885739181,0.09600513877555122,0.3113418519496918,-0.452475083378291,control_pose,robot_origin,robot_origin
12.583591888000228,2026-09-13T15:48:02.361071+00:00,1789314482.2836769,0.07739424705505371,0.7037649408521248,0.09597169189979926,0.3113268315792084,-0.45203874884998874,control_pose,robot_origin,robot_origin
12.58609951300059,2026-09-13T15:48:02.363579+00:00,1789314482.2348692,0.1287097930908203,0.7037166548700158,0.0959913746591261,0.3113356707407318,-0.4522955204830985,control_pose,robot_origin,robot_origin
12.643989560000591,2026-09-13T15:48:02.421466+00:00,1789314482.2974539,0.12401223182678223,0.7037595307167913,0.09597563295925238,0.31132330898955185,-0.45197568009403166,control_pose,robot_origin,robot_origin
12.66153448300065,2026-09-13T15:48:02.439011+00:00,1789314482.3941996,0.04481148719787598,0.7037497533717414,0.09598114916907019,0.3113180696964264,-0.45135676129268515,control_pose,robot_origin,robot_origin
12.712252519000685,2026-09-13T15:48:02.489721+00:00,1789314482.364062,0.12565898895263672,0.7037488616675845,0.09598252323542128,0.311316980823679,-0.4515741299862302,control_pose,robot_origin,robot_origin
12.743506214000263,2026-09-13T15:48:02.520980+00:00,1789314482.4741154,0.04686450958251953,0.7038519588603098,0.09591181661380443,0.3113188147544861,-0.45067800358532417,control_pose,robot_origin,robot_origin
12.757427589000145,2026-09-13T15:48:02.534903+00:00,1789314482.4356728,0.09923028945922852,0.7038027939604199,0.09594516832697064,0.3113184563519636,-0.4510045135575835,control_pose,robot_origin,robot_origin
12.781298492000133,2026-09-13T15:48:02.558780+00:00,1789314482.5310996,0.027680397033691406,0.7039238119331777,0.0959882274193607,0.31128621101379395,-0.4498733236851675,control_pose,robot_origin,robot_origin
12.819004392000352,2026-09-13T15:48:02.596490+00:00,1789314482.5070183,0.08947157859802246,0.7039021111071098,0.09597088084179084,0.3113052782285593,-0.4502625772783297,control_pose,robot_origin,robot_origin
12.84634845400069,2026-09-13T15:48:02.623829+00:00,1789314482.5841298,0.03969907760620117,0.7038793566081987,0.09606751342243686,0.31128114461898804,-0.44918827653859383,control_pose,robot_origin,robot_origin
12.869319784000254,2026-09-13T15:48:02.646780+00:00,1789314482.572074,0.0747060775756836,0.7038851694192783,0.09605362757928759,0.31127279045575196,-0.44925890947043523,control_pose,robot_origin,robot_origin
12.900647888000094,2026-09-13T15:48:02.678122+00:00,1789314482.637352,0.04077005386352539,0.7038223909680299,0.09605359066390112,0.3112572133541107,-0.4486794510921539,control_pose,robot_origin,robot_origin
12.923309064000023,2026-09-13T15:48:02.700788+00:00,1789314482.6907454,0.010042667388916016,0.7038641430630886,0.09603623738992961,0.3112450838088989,-0.4476677282867169,control_pose,robot_origin,robot_origin
12.95630509900002,2026-09-13T15:48:02.733781+00:00,1789314482.6537154,0.08006572723388672,0.703819049838595,0.096041516230708,0.31125220224140554,-0.44850150100374936,control_pose,robot_origin,robot_origin
12.986246782000308,2026-09-13T15:48:02.763727+00:00,1789314482.7441032,0.019623756408691406,0.7034312219799768,0.09323279805481316,0.31215834617614746,-0.46327675583620753,control_pose,robot_origin,robot_origin
13.028453751000598,2026-09-13T15:48:02.805928+00:00,1789314482.7166233,0.08930468559265137,0.7034420726551172,0.09339811822402538,0.31182703817222407,-0.44899680211322607,control_pose,robot_origin,robot_origin
13.062418776000413,2026-09-13T15:48:02.839896+00:00,1789314482.8012304,0.0386655330657959,0.7039717222896182,0.09407556867127159,0.31272193789482117,-0.5012213452110346,control_pose,robot_origin,robot_origin
13.091949909000505,2026-09-13T15:48:02.869425+00:00,1789314482.7890015,0.08042359352111816,0.7038540192506293,0.093981625153923,0.3126334294720344,-0.49409981091044375,control_pose,robot_origin,robot_origin
13.126217566000378,2026-09-13T15:48:02.903694+00:00,1789314482.8540359,0.04965806007385254,0.7036125620981739,0.09414902050230983,0.3139260709285736,-0.5329398247791587,control_pose,robot_origin,robot_origin
13.164040153000315,2026-09-13T15:48:02.941519+00:00,1789314482.8568769,0.08464217185974121,0.7035593565198486,0.09415609922168161,0.3139538474231355,-0.5343115626037096,control_pose,robot_origin,robot_origin
13.200136082000427,2026-09-13T15:48:02.977518+00:00,1789314482.9352756,0.04224252700805664,0.7011962415002332,0.09448832429870474,0.314205527305603,-0.5784122041803477,control_pose,robot_origin,robot_origin
13.271400257000096,2026-09-13T15:48:03.048878+00:00,1789314482.9281352,0.1207427978515625,0.7014726462119509,0.09443740414091523,0.3141986194397189,-0.5745394455570215,control_pose,robot_origin,robot_origin
13.295526036999945,2026-09-13T15:48:03.073004+00:00,1789314482.9972305,0.07577347755432129,0.6979505019133747,0.09365640433871875,0.3143443167209625,-0.6199305354689517,control_pose,robot_origin,robot_origin
13.333063363000292,2026-09-13T15:48:03.110542+00:00,1789314483.0154161,0.09512591361999512,0.697124697565254,0.09298440115599288,0.31431715667661253,-0.6334754934534574,control_pose,robot_origin,robot_origin
13.353873349000423,2026-09-13T15:48:03.131345+00:00,1789314483.07733,0.05401492118835449,0.696320362819195,0.09040840116543403,0.31424614787101746,-0.6757571179807985,control_pose,robot_origin,robot_origin
13.384509933000118,2026-09-13T15:48:03.161984+00:00,1789314483.0681596,0.09382438659667969,0.6964193739648128,0.09082160535170247,0.3142610580000361,-0.6692784620082544,control_pose,robot_origin,robot_origin
13.44187436500033,2026-09-13T15:48:03.219345+00:00,1789314483.143913,0.07543206214904785,0.6945764331642641,0.09078840434846269,0.31302428245544434,-0.723715730599801,control_pose,robot_origin,robot_origin
13.451713668000593,2026-09-13T15:48:03.229186+00:00,1789314483.1457336,0.08345246315002441,0.6946202251711227,0.09080342669616565,0.3130410998572718,-0.7245347077612181,control_pose,robot_origin,robot_origin
13.48345257100027,2026-09-13T15:48:03.260926+00:00,1789314483.2175543,0.04337167739868164,0.6943806104277286,0.09124488264901714,0.31336265802383423,-0.7717109484763386,control_pose,robot_origin,robot_origin
13.510460936000527,2026-09-13T15:48:03.287901+00:00,1789314483.2094374,0.07846355438232422,0.6943927568179902,0.09117901017013019,0.3133417757651189,-0.7663886056346747,control_pose,robot_origin,robot_origin
13.54301821900026,2026-09-13T15:48:03.320492+00:00,1789314483.2772236,0.043268442153930664,0.691302816418136,0.08970583232386492,0.31272420287132263,-0.8124445201839098,control_pose,robot_origin,robot_origin
13.587695775000611,2026-09-13T15:48:03.365175+00:00,1789314483.2816997,0.08347535133361816,0.6913703456482081,0.08964046949871107,0.31260718099138946,-0.8151808254031322,control_pose,robot_origin,robot_origin
13.632985508000274,2026-09-13T15:48:03.410460+00:00,1789314483.3576074,0.052852630615234375,0.6929691509593406,0.0890789265084107,0.3111947476863861,-0.872857123159169,control_pose,robot_origin,robot_origin
13.644766665000134,2026-09-13T15:48:03.422237+00:00,1789314483.346093,0.07614398002624512,0.6928862312637829,0.08903703542104963,0.3113751479013511,-0.8630704361378564,control_pose,robot_origin,robot_origin
13.672053594000317,2026-09-13T15:48:03.449529+00:00,1789314483.4105134,0.03901553153991699,0.6927930778561678,0.08675011737927923,0.3095898926258087,-0.9153869323966765,control_pose,robot_origin,robot_origin
13.691742282000632,2026-09-13T15:48:03.469170+00:00,1789314483.4617062,0.007463932037353516,0.690758672886129,0.08798376497760818,0.30771082639694214,-0.9432666634095417,control_pose,robot_origin,robot_origin
13.722199769999861,2026-09-13T15:48:03.499671+00:00,1789314483.4199615,0.07970952987670898,0.6922783927749079,0.08696257394723156,0.30910799791516763,-0.9205691649014669,control_pose,robot_origin,robot_origin
13.7526798530007,2026-09-13T15:48:03.530157+00:00,1789314483.517496,0.012660980224609375,0.6907227650143193,0.08608392591935887,0.3083929121494293,-0.9845843971951367,control_pose,robot_origin,robot_origin
13.806110042,2026-09-13T15:48:03.583575+00:00,1789314483.4917905,0.09178447723388672,0.6903489097997033,0.08740713392467392,0.3075010906561989,-0.9716132851518477,control_pose,robot_origin,robot_origin
13.841541621000033,2026-09-13T15:48:03.619020+00:00,1789314483.5818288,0.037191152572631836,0.6930268602579983,0.0852434127399439,0.3087782859802246,-1.015571406009662,control_pose,robot_origin,robot_origin
13.865912328999912,2026-09-13T15:48:03.643389+00:00,1789314483.556484,0.08690500259399414,0.6920464316509705,0.08552333099882087,0.3087582690074096,-1.0039672126500245,control_pose,robot_origin,robot_origin
13.88327888799995,2026-09-13T15:48:03.660753+00:00,1789314483.63428,0.026473045349121094,0.6947703433704152,0.08580556791211558,0.30934208631515503,-1.0112336337460002,control_pose,robot_origin,robot_origin
13.936362120000013,2026-09-13T15:48:03.713706+00:00,1789314483.635717,0.07798910140991211,0.6947558865010719,0.08582528223242836,0.3093698917719842,-1.0108665811448478,control_pose,robot_origin,robot_origin
13.959244792999925,2026-09-13T15:48:03.736722+00:00,1789314483.693996,0.04272603988647461,0.6957226638128351,0.08740355254199406,0.3100487291812897,-0.9938005947531583,control_pose,robot_origin,robot_origin
14.006712410000546,2026-09-13T15:48:03.784192+00:00,1789314483.6964464,0.08774566650390625,0.6956996232890353,0.08745390704694728,0.31001607666450515,-0.9934627231518761,control_pose,robot_origin,robot_origin
14.028144142000201,2026-09-13T15:48:03.805621+00:00,1789314483.7474658,0.058155059814453125,0.6956519229685958,0.08904567706501715,0.3094541132450104,-0.9879328570567721,control_pose,robot_origin,robot_origin
14.059252402999846,2026-09-13T15:48:03.836721+00:00,1789314483.8041718,0.032549142837524414,0.6952198262422571,0.09037544865894859,0.30899184942245483,-0.9820902809698775,control_pose,robot_origin,robot_origin
14.080246797000655,2026-09-13T15:48:03.857722+00:00,1789314483.7692678,0.0884542465209961,0.6953073772019989,0.08961263020607352,0.3091775864284993,-0.9857062957786918,control_pose,robot_origin,robot_origin
14.113823990000128,2026-09-13T15:48:03.891297+00:00,1789314483.8575332,0.033763885498046875,0.6948424434448439,0.09125015239130885,0.3089185357093811,-0.9778427271816651,control_pose,robot_origin,robot_origin
14.151212912000119,2026-09-13T15:48:03.928692+00:00,1789314483.8352244,0.09346771240234375,0.6950114713968252,0.09093266339203465,0.3089426188661456,-0.9795759348005938,control_pose,robot_origin,robot_origin
14.17381212500004,2026-09-13T15:48:03.951294+00:00,1789314483.9114256,0.03986835479736328,0.6943688310152594,0.09170835047609888,0.30892667174339294,-0.9737168069725078,control_pose,robot_origin,robot_origin
14.199858796000626,2026-09-13T15:48:03.977329+00:00,1789314483.9061866,0.07114243507385254,0.6944077629285663,0.09166670923936271,0.3089253745211918,-0.9741003791519431,control_pose,robot_origin,robot_origin
14.231739477000701,2026-09-13T15:48:04.009221+00:00,1789314483.970472,0.038748979568481445,0.6943583747357628,0.09202600839218672,0.30893948674201965,-0.9700611406037708,control_pose,robot_origin,robot_origin
14.254197962000035,2026-09-13T15:48:04.031675+00:00,1789314484.0239923,0.00768280029296875,0.6944374596999685,0.09228841410252225,0.30905506014823914,-0.96706710735683,control_pose,robot_origin,robot_origin
14.28332803900048,2026-09-13T15:48:04.060779+00:00,1789314483.9766865,0.08409261703491211,0.6943735508226285,0.0920589389204916,0.30894594862346975,-0.9697401055679269,control_pose,robot_origin,robot_origin
14.31640644000072,2026-09-13T15:48:04.093877+00:00,1789314484.077444,0.016433000564575195,0.6945349521231184,0.09267853278337973,0.3091699182987213,-0.9644200314400455,control_pose,robot_origin,robot_origin
14.364738416000364,2026-09-13T15:48:04.142217+00:00,1789314484.0546134,0.08760356903076172,0.6944888512291729,0.09245166548474132,0.3091222015080856,-0.965808540867953,control_pose,robot_origin,robot_origin
14.400707082000736,2026-09-13T15:48:04.178185+00:00,1789314484.1374402,0.040744781494140625,0.694549270731172,0.09316168003101011,0.3091892600059509,-0.9613221574868589,control_pose,robot_origin,robot_origin
14.421960162000687,2026-09-13T15:48:04.199359+00:00,1789314484.117433,0.08192586898803711,0.694548362117744,0.09298757596610929,0.30918433527009026,-0.9624284819518049,control_pose,robot_origin,robot_origin
14.470018151000659,2026-09-13T15:48:04.247494+00:00,1789314484.1940804,0.05341362953186035,0.6944468264215045,0.09362217902879327,0.30925890803337097,-0.9583933613204485,control_pose,robot_origin,robot_origin
14.509275567000259,2026-09-13T15:48:04.286751+00:00,1789314484.1921794,0.09457159042358398,0.6944502648443585,0.09360672292114464,0.3092565703791861,-0.9584916644180028,control_pose,robot_origin,robot_origin
14.53623217600034,2026-09-13T15:48:04.313711+00:00,1789314484.2637484,0.049962520599365234,0.6943219096084812,0.09397031539220707,0.3092636466026306,-0.9565117203417909,control_pose,robot_origin,robot_origin
14.585920842000633,2026-09-13T15:48:04.363386+00:00,1789314484.2684295,0.0949563980102539,0.6943103787973668,0.0940015232329201,0.30926715994909304,-0.9563477032659322,control_pose,robot_origin,robot_origin
14.645933064000019,2026-09-13T15:48:04.423092+00:00,1789314484.3509533,0.07213854789733887,0.6943324142091418,0.09428756217751855,0.30922240018844604,-0.9544030331155682,control_pose,robot_origin,robot_origin
14.654476036000233,2026-09-13T15:48:04.431945+00:00,1789314484.3246133,0.10733175277709961,0.6943134052436355,0.09421512765964163,0.30925032074808484,-0.9549934475748604,control_pose,robot_origin,robot_origin
14.704353239000739,2026-09-13T15:48:04.481829+00:00,1789314484.418785,0.06304383277893066,0.6944160634856887,0.09457991244790565,0.3091936707496643,-0.9530468778817166,control_pose,robot_origin,robot_origin
14.728666334000081,2026-09-13T15:48:04.506143+00:00,1789314484.395009,0.11113405227661133,0.6943971928707879,0.09445249040884685,0.30919898491442943,-0.9535720015839008,control_pose,robot_origin,robot_origin
14.790782863999993,2026-09-13T15:48:04.568260+00:00,1789314484.5138514,0.05440855026245117,0.6944344138924655,0.09491615258194658,0.30911996960639954,-0.9515438651185175,control_pose,robot_origin,robot_origin
14.80322909700044,2026-09-13T15:48:04.580704+00:00,1789314484.4648614,0.11584258079528809,0.6944360161181915,0.09475568094617492,0.30916610495298974,-0.9522794957060712,control_pose,robot_origin,robot_origin
14.848356400000739,2026-09-13T15:48:04.625830+00:00,1789314484.5381277,0.08770227432250977,0.6943773207474425,0.09499632193573943,0.3091512020041957,-0.9512361341895933,control_pose,robot_origin,robot_origin
14.890425798000251,2026-09-13T15:48:04.667908+00:00,1789314484.630657,0.03725099563598633,0.6942568266619733,0.09524906701667102,0.30916881561279297,-0.950238512007797,control_pose,robot_origin,robot_origin
14.917241333000675,2026-09-13T15:48:04.694720+00:00,1789314484.6078978,0.0868222713470459,0.6942815545157477,0.09518957043562432,0.3091696109454408,-0.9504750299482373,control_pose,robot_origin,robot_origin
14.951458634000119,2026-09-13T15:48:04.728929+00:00,1789314484.687878,0.04105114936828613,0.6942438201388466,0.09537486731783246,0.3092028498649597,-0.9496327593209783,control_pose,robot_origin,robot_origin
14.98131370200008,2026-09-13T15:48:04.758790+00:00,1789314484.6772587,0.08153128623962402,0.6942456300016397,0.09536547552295915,0.30919212207728647,-0.9497143309557576,control_pose,robot_origin,robot_origin
15.018286563000402,2026-09-13T15:48:04.795760+00:00,1789314484.7575848,0.038175106048583984,0.6942338443023097,0.09549576746640359,0.3092213571071625,-0.9491875481087084,control_pose,robot_origin,robot_origin
15.05361757800074,2026-09-13T15:48:04.831097+00:00,1789314484.7505448,0.0805521011352539,0.6942374551333007,0.09548306555058561,0.3092198672308507,-0.9492284018241467,control_pose,robot_origin,robot_origin
15.116217497999969,2026-09-13T15:48:04.893687+00:00,1789314484.837342,0.05634498596191406,0.6941893037438301,0.09562504460514865,0.3091788589954376,-0.9481924895280996,control_pose,robot_origin,robot_origin
15.132073681000293,2026-09-13T15:48:04.909553+00:00,1789314484.8141756,0.09537744522094727,0.6942120661423723,0.0955808905445314,0.30918565371218865,-0.9485145597397823,control_pose,robot_origin,robot_origin
15.180096273000345,2026-09-13T15:48:04.957576+00:00,1789314484.9038227,0.05375337600708008,0.694092576070398,0.09583577432760432,0.3091728985309601,-0.9472295572673556,control_pose,robot_origin,robot_origin
15.197515669000495,2026-09-13T15:48:04.974990+00:00,1789314484.8920963,0.08289361000061035,0.6941096377576861,0.09579860394503165,0.3091739498906941,-0.9473994090286944,control_pose,robot_origin,robot_origin
15.228690140000253,2026-09-13T15:48:05.006153+00:00,1789314484.96388,0.04227304458618164,0.6940188398831588,0.09589148670419634,0.3091742992401123,-0.9469320527919842,control_pose,robot_origin,robot_origin
15.264480855999864,2026-09-13T15:48:05.041955+00:00,1789314484.9551756,0.08677935600280762,0.6940295268615031,0.09588341201272588,0.3091740962278745,-0.9469751717970931,control_pose,robot_origin,robot_origin
15.320012226000472,2026-09-13T15:48:05.097488+00:00,1789314485.034172,0.06331586837768555,0.6938407625700613,0.09597864650898402,0.30919358134269714,-0.9467459055103361,control_pose,robot_origin,robot_origin
15.346769155999937,2026-09-13T15:48:05.124210+00:00,1789314485.0307434,0.09346652030944824,0.6938497788570055,0.0959747121369196,0.3091922296628106,-0.9467589251273874,control_pose,robot_origin,robot_origin
15.382598309000059,2026-09-13T15:48:05.160073+00:00,1789314485.1037903,0.056282758712768555,0.6936794217272033,0.09612719910376427,0.30920958518981934,-0.9465312057973255,control_pose,robot_origin,robot_origin
15.422456627000429,2026-09-13T15:48:05.199934+00:00,1789314485.1017501,0.09818387031555176,0.6936842758649495,0.09612325676506478,0.3092091604244759,-0.9465383438431525,control_pose,robot_origin,robot_origin
15.474493782000536,2026-09-13T15:48:05.251972+00:00,1789314485.208443,0.04352903366088867,0.6936031745497638,0.09624213262535902,0.30921971797943115,-0.94640619542178,control_pose,robot_origin,robot_origin
15.492376306000551,2026-09-13T15:48:05.269731+00:00,1789314485.1748922,0.09483885765075684,0.6936271200167078,0.09621666039239213,0.30921748604880234,-0.9464557446647323,control_pose,robot_origin,robot_origin
15.544184598999891,2026-09-13T15:48:05.321661+00:00,1789314485.234135,0.08752608299255371,0.6935377048033609,0.09625491921197188,0.30921748721078257,-0.946325359090737,control_pose,robot_origin,robot_origin
15.576552436000384,2026-09-13T15:48:05.354026+00:00,1789314485.2969906,0.05703544616699219,0.6933949590632387,0.09639439515436293,0.3092193305492401,-0.9459650212289167,control_pose,robot_origin,robot_origin
15.615858586000286,2026-09-13T15:48:05.393326+00:00,1789314485.304871,0.0884549617767334,0.6933834259980909,0.09641493360092246,0.3092191240904706,-0.9459057292958338,control_pose,robot_origin,robot_origin
15.652176954999959,2026-09-13T15:48:05.429655+00:00,1789314485.3773198,0.052335262298583984,0.6933733411771863,0.09701023859790336,0.31060531735420227,-0.9705272386107429,control_pose,robot_origin,robot_origin
15.670233294000354,2026-09-13T15:48:05.447716+00:00,1789314485.434121,0.013595104217529297,0.6943417499913391,0.09756518795281616,0.31200531125068665,-1.004208937269262,control_pose,robot_origin,robot_origin
15.717813739000121,2026-09-13T15:48:05.495287+00:00,1789314485.372723,0.12256383895874023,0.6933726613612896,0.09701639208786456,0.31050171933078635,-0.9683679690503585,control_pose,robot_origin,robot_origin
15.76087846000064,2026-09-13T15:48:05.538350+00:00,1789314485.4541042,0.08424592018127441,0.6944497203619371,0.09788195616577999,0.3127382600024716,-1.0132869434290466,control_pose,robot_origin,robot_origin
15.797308907000115,2026-09-13T15:48:05.574785+00:00,1789314485.5224771,0.052307844161987305,0.6953293922113417,0.09931399122659068,0.31415218114852905,-1.0511054075728332,control_pose,robot_origin,robot_origin
15.826454628000647,2026-09-13T15:48:05.603927+00:00,1789314485.5156786,0.08824825286865234,0.6952322761292453,0.099195207191564,0.31405867873839244,-1.0471410125465477,control_pose,robot_origin,robot_origin
15.861717851000321,2026-09-13T15:48:05.639196+00:00,1789314485.6080787,0.03111720085144043,0.6989601116229582,0.09985226884415155,0.31553947925567627,-1.1061045517590296,control_pose,robot_origin,robot_origin
15.9014785570007,2026-09-13T15:48:05.678955+00:00,1789314485.5897894,0.08916568756103516,0.6982048531418696,0.09969727121485905,0.31524789557758365,-1.0945585369659885,control_pose,robot_origin,robot_origin
15.934863071000109,2026-09-13T15:48:05.712333+00:00,1789314485.6771133,0.035219669342041016,0.7008291062266413,0.10170223329634748,0.31584787368774414,-1.1504109899877522,control_pose,robot_origin,robot_origin
15.958154939999986,2026-09-13T15:48:05.735630+00:00,1789314485.657,0.07862997055053711,0.7002028733892294,0.10128145112756143,0.3157601063054483,-1.1376279008719734,control_pose,robot_origin,robot_origin
15.98062692700023,2026-09-13T15:48:05.758107+00:00,1789314485.7303703,0.027736663818359375,0.7031695059252456,0.102556965715561,0.3158760964870453,-1.183843350402157,control_pose,robot_origin,robot_origin
16.039698790999864,2026-09-13T15:48:05.817176+00:00,1789314485.7264934,0.0906827449798584,0.7030350384266582,0.10248303629460914,0.31587119021257426,-1.1810510223019515,control_pose,robot_origin,robot_origin
16.09054027000002,2026-09-13T15:48:05.868014+00:00,1789314485.8039055,0.06410861015319824,0.7046987025917604,0.10353990009752773,0.31578347086906433,-1.2288090575643478,control_pose,robot_origin,robot_origin
16.115886102999866,2026-09-13T15:48:05.893365+00:00,1789314485.8010557,0.09230923652648926,0.7046281571287993,0.10351997722127726,0.3158004368315133,-1.2268986134734676,control_pose,robot_origin,robot_origin
16.19626708299984,2026-09-13T15:48:05.973736+00:00,1789314485.8857872,0.08794879913330078,0.7075610525186631,0.10414095065547713,0.3155682384967804,-1.2772910900494698,control_pose,robot_origin,robot_origin
16.227468015999875,2026-09-13T15:48:06.004940+00:00,1789314485.8697147,0.1352252960205078,0.7070474425728392,0.10403179067735141,0.3155850209660135,-1.2677835697489679,control_pose,robot_origin,robot_origin
16.25814506700044,2026-09-13T15:48:06.035620+00:00,1789314485.997291,0.03832888603210449,0.7092165292504904,0.1034789897909425,0.3144655227661133,-1.3478471037775388,control_pose,robot_origin,robot_origin
16.279380343999946,2026-09-13T15:48:06.056857+00:00,1789314486.0485451,0.008311986923217773,0.7093088873393827,0.10344122142732753,0.31486213207244873,-1.3782222348283322,control_pose,robot_origin,robot_origin
16.326947915000346,2026-09-13T15:48:06.104419+00:00,1789314486.0212018,0.08321714401245117,0.7096248141142079,0.1036966593266484,0.31477307005412375,-1.3646066293186219,control_pose,robot_origin,robot_origin
16.353591320000305,2026-09-13T15:48:06.131067+00:00,1789314486.1005595,0.030507564544677734,0.7065262025674035,0.10131374592317649,0.313397616147995,-1.4144267128642074,control_pose,robot_origin,robot_origin
16.38909136700022,2026-09-13T15:48:06.166564+00:00,1789314486.0853739,0.08119010925292969,0.707427123659226,0.1022845077865398,0.31390035231369884,-1.4038759275082908,control_pose,robot_origin,robot_origin
16.433134799000072,2026-09-13T15:48:06.210593+00:00,1789314486.153602,0.0569911003112793,0.7062452364706289,0.10122676542329012,0.31205734610557556,-1.4542899910456257,control_pose,robot_origin,robot_origin
16.456557081000028,2026-09-13T15:48:06.233975+00:00,1789314486.1549916,0.07898330688476562,0.7062658731846867,0.10128130500865234,0.3120544915165571,-1.4548574867544883,control_pose,robot_origin,robot_origin
16.4862189280002,2026-09-13T15:48:06.263697+00:00,1789314486.216889,0.04680800437927246,0.7071371266418635,0.10206887300206102,0.3116109371185303,-1.4952742555460454,control_pose,robot_origin,robot_origin
16.501698639000097,2026-09-13T15:48:06.279152+00:00,1789314486.2703247,0.00882720947265625,0.7096152936597332,0.1022930837229522,0.3103484511375427,-1.5036137740444584,control_pose,robot_origin,robot_origin
16.522699838000335,2026-09-13T15:48:06.300178+00:00,1789314486.225786,0.07439208030700684,0.7077936963731741,0.10213159270354671,0.3114603986952812,-1.4998636338222358,control_pose,robot_origin,robot_origin
16.606528195000465,2026-09-13T15:48:06.383999+00:00,1789314486.331451,0.05254817008972168,0.7141146311750763,0.10192228464221148,0.310724675655365,-1.495791004942976,control_pose,robot_origin,robot_origin
16.62534168500042,2026-09-13T15:48:06.402757+00:00,1789314486.2880135,0.11474347114562988,0.7109173064068851,0.10218578234177988,0.31045732252501373,-1.5013535877713984,control_pose,robot_origin,robot_origin
16.655853210000714,2026-09-13T15:48:06.433329+00:00,1789314486.3969564,0.03637266159057617,0.7165171421206405,0.10328224127557328,0.3112051784992218,-1.4887705252704118,control_pose,robot_origin,robot_origin
16.68159246600044,2026-09-13T15:48:06.459069+00:00,1789314486.355915,0.10315394401550293,0.7149631815776154,0.10259726325036261,0.31079924686659816,-1.4923953526107618,control_pose,robot_origin,robot_origin
16.716884133999883,2026-09-13T15:48:06.494355+00:00,1789314486.4542131,0.04014182090759277,0.7173649809608073,0.10391466513371816,0.31163474917411804,-1.4837639745530804,control_pose,robot_origin,robot_origin
16.756628990000536,2026-09-13T15:48:06.534111+00:00,1789314486.4254935,0.10861754417419434,0.7169397075635421,0.10359744323974152,0.3114192778231681,-1.486275393930479,control_pose,robot_origin,robot_origin
16.781328046000453,2026-09-13T15:48:06.558807+00:00,1789314486.5236533,0.03515362739562988,0.7181160387714198,0.10400382184453222,0.31181302666664124,-1.4772548012797202,control_pose,robot_origin,robot_origin
16.816546007999932,2026-09-13T15:48:06.594034+00:00,1789314486.4938984,0.10013556480407715,0.7177942125004175,0.10396561843146501,0.31173663523603273,-1.480043885327098,control_pose,robot_origin,robot_origin
16.853206430000682,2026-09-13T15:48:06.630683+00:00,1789314486.5773702,0.05331277847290039,0.7186429000239689,0.10387484172287631,0.3118591010570526,-1.4744988169212354,control_pose,robot_origin,robot_origin
16.880860304000635,2026-09-13T15:48:06.658350+00:00,1789314486.566017,0.09233307838439941,0.7185315462837523,0.1039021020668291,0.31184936309345085,-1.4750813033181145,control_pose,robot_origin,robot_origin
16.909834285000215,2026-09-13T15:48:06.687309+00:00,1789314486.6335564,0.05375266075134277,0.7193792542874204,0.10383667383374334,0.31186801195144653,-1.4708808104412585,control_pose,robot_origin,robot_origin
16.92346690800059,2026-09-13T15:48:06.700937+00:00,1789314486.6874306,0.013506412506103516,0.7200898451679806,0.10392668257623461,0.3117697238922119,-1.4667241101599218,control_pose,robot_origin,robot_origin
16.944840443999965,2026-09-13T15:48:06.722313+00:00,1789314486.643048,0.07926487922668457,0.719491534572038,0.10383795457425338,0.3118586209130129,-1.4702629991696452,control_pose,robot_origin,robot_origin
16.990007381000396,2026-09-13T15:48:06.767480+00:00,1789314486.740432,0.02704787254333496,0.7208625053535529,0.10409434759088981,0.3116704225540161,-1.462562064208658,control_pose,robot_origin,robot_origin
17.016151746000105,2026-09-13T15:48:06.793630+00:00,1789314486.7042634,0.08936643600463867,0.7202986882401835,0.10398476411483787,0.3117438124745591,-1.4655976707135563,control_pose,robot_origin,robot_origin
17.047568285000125,2026-09-13T15:48:06.825042+00:00,1789314486.8074503,0.01759171485900879,0.7218218116665452,0.10433799828987633,0.3115956783294678,-1.4568864299174442,control_pose,robot_origin,robot_origin
17.08162929700029,2026-09-13T15:48:06.859101+00:00,1789314486.7781637,0.08093738555908203,0.7214119906182235,0.10427581425532928,0.3116100305992902,-1.4594248403576273,control_pose,robot_origin,robot_origin
17.117646819000583,2026-09-13T15:48:06.895135+00:00,1789314486.8602805,0.03485441207885742,0.7224490929431477,0.10440260498254073,0.3116360902786255,-1.4538760497713559,control_pose,robot_origin,robot_origin
17.160287860000608,2026-09-13T15:48:06.937765+00:00,1789314486.8530862,0.08467864990234375,0.7224142368901165,0.10439612946242183,0.31162521261423476,-1.4541307039314633,control_pose,robot_origin,robot_origin
17.193804513000032,2026-09-13T15:48:06.971283+00:00,1789314486.9235625,0.04772043228149414,0.7229609357498632,0.10453306952419239,0.3116762638092041,-1.449639026170882,control_pose,robot_origin,robot_origin
17.23900972499996,2026-09-13T15:48:07.016488+00:00,1789314486.923183,0.09330511093139648,0.7229584761287082,0.10453232536293006,0.31167622307798726,-1.449665096306423,control_pose,robot_origin,robot_origin
17.26946053300071,2026-09-13T15:48:07.046929+00:00,1789314487.0072005,0.039728403091430664,0.723613594927736,0.10462056435813194,0.31155240535736084,-1.444992426035495,control_pose,robot_origin,robot_origin
17.300693810000666,2026-09-13T15:48:07.078100+00:00,1789314486.9888222,0.08927774429321289,0.7234678332573661,0.10460830745419641,0.3115739619221651,-1.4460152969148372,control_pose,robot_origin,robot_origin
17.339873721000004,2026-09-13T15:48:07.117352+00:00,1789314487.0803602,0.03699183464050293,0.7242014000278749,0.10477317436204092,0.311587929725647,-1.4405919489743169,control_pose,robot_origin,robot_origin
17.38501949500005,2026-09-13T15:48:07.162497+00:00,1789314487.0620518,0.10044527053833008,0.7240556002429198,0.10474357609901014,0.3115739690834571,-1.4416732164167256,control_pose,robot_origin,robot_origin
17.411362728999848,2026-09-13T15:48:07.188841+00:00,1789314487.15145,0.03739118576049805,0.7248521159498189,0.10508308700147068,0.31162214279174805,-1.4362907994204686,control_pose,robot_origin,robot_origin
17.445921526000348,2026-09-13T15:48:07.223394+00:00,1789314487.1312296,0.09216427803039551,0.7246687042811668,0.10499229132844518,0.3116175049617232,-1.437574413853679,control_pose,robot_origin,robot_origin
17.476175667999996,2026-09-13T15:48:07.253653+00:00,1789314487.2068133,0.04683971405029297,0.7254276951885137,0.10520973732059441,0.31164368987083435,-1.4326513337837077,control_pose,robot_origin,robot_origin
17.506135820000054,2026-09-13T15:48:07.283605+00:00,1789314487.2609005,0.022704601287841797,0.7258324631116775,0.10533244300536432,0.3116951286792755,-1.4295448765209304,control_pose,robot_origin,robot_origin
17.53164233700045,2026-09-13T15:48:07.309114+00:00,1789314487.2059186,0.1031954288482666,0.7254174085166584,0.10520583547114815,0.3116426225616955,-1.4327098988306817,control_pose,robot_origin,robot_origin
17.62328228500064,2026-09-13T15:48:07.400758+00:00,1789314487.268771,0.1319870948791504,0.7258896013560453,0.10532737802971787,0.31170446782848377,-1.429093434745363,control_pose,robot_origin,robot_origin
17.65122066999993,2026-09-13T15:48:07.428699+00:00,1789314487.3836527,0.045046329498291016,0.7262668781234825,0.1052899329406769,0.311908096075058,-1.4227063211454753,control_pose,robot_origin,robot_origin
17.684604433999993,2026-09-13T15:48:07.462072+00:00,1789314487.3590305,0.10304141044616699,0.7262044145718938,0.1052964888276458,0.31186174182358006,-1.424067162430247,control_pose,robot_origin,robot_origin
17.729949371000657,2026-09-13T15:48:07.507423+00:00,1789314487.4570432,0.05037975311279297,0.7264247755601827,0.10528531047644196,0.3117992579936981,-1.4197489117743087,control_pose,robot_origin,robot_origin
17.749097204999998,2026-09-13T15:48:07.526576+00:00,1789314487.4038112,0.12276482582092285,0.7262624515381682,0.10527837936414908,0.31193129183244417,-1.4219517132433022,control_pose,robot_origin,robot_origin
17.778657112000474,2026-09-13T15:48:07.556131+00:00,1789314487.5140946,0.04203629493713379,0.7266380266166843,0.10516669447370541,0.3116206228733063,-1.4178663177440831,control_pose,robot_origin,robot_origin
17.821052577000046,2026-09-13T15:48:07.598530+00:00,1789314487.47767,0.12086009979248047,0.7265374576806225,0.10526621652306595,0.3116793897515921,-1.4189734906881541,control_pose,robot_origin,robot_origin
17.851493047000076,2026-09-13T15:48:07.628970+00:00,1789314487.5802777,0.04869222640991211,0.7269680401606372,0.10527505478149479,0.3116472661495209,-1.4148278792378337,control_pose,robot_origin,robot_origin
17.88382419500067,2026-09-13T15:48:07.661300+00:00,1789314487.5460944,0.11520552635192871,0.7267327639320138,0.10519642731524764,0.31158444836755084,-1.4166858423648712,control_pose,robot_origin,robot_origin
17.927988146000644,2026-09-13T15:48:07.705458+00:00,1789314487.6468372,0.05862069129943848,0.7274495566457764,0.10544592456694601,0.311737060546875,-1.411550246660602,control_pose,robot_origin,robot_origin
17.955552978000014,2026-09-13T15:48:07.733028+00:00,1789314487.6201332,0.11289477348327637,0.7272563685399757,0.10537737029890204,0.3117010343461701,-1.4128652483271222,control_pose,robot_origin,robot_origin
17.99672873200052,2026-09-13T15:48:07.774207+00:00,1789314487.727194,0.047013044357299805,0.7279046631888663,0.10569303079981734,0.31175848841667175,-1.4083779005237385,control_pose,robot_origin,robot_origin
18.02179557599993,2026-09-13T15:48:07.799273+00:00,1789314487.690474,0.10879898071289062,0.7276966967955107,0.10558011264294564,0.31174869669456495,-1.4098275540739413,control_pose,robot_origin,robot_origin
18.0822212890007,2026-09-13T15:48:07.859698+00:00,1789314487.7620714,0.0976266860961914,0.7281679588466965,0.10573775327572887,0.3117407682324732,-1.4065778644265123,control_pose,robot_origin,robot_origin
18.12462872300057,2026-09-13T15:48:07.902104+00:00,1789314487.860112,0.0419919490814209,0.7288517085907996,0.10604131992503374,0.3116818070411682,-1.402666885807336,control_pose,robot_origin,robot_origin
18.139388147000318,2026-09-13T15:48:07.916867+00:00,1789314487.8269718,0.08989524841308594,0.7286129264569461,0.10594888335106978,0.3117008933037751,-1.404014217261652,control_pose,robot_origin,robot_origin
18.174984326999947,2026-09-13T15:48:07.952459+00:00,1789314487.9112408,0.04121828079223633,0.7291416830879364,0.10607663595410605,0.3116580843925476,-1.4007217921317678,control_pose,robot_origin,robot_origin
18.20291352700042,2026-09-13T15:48:07.980388+00:00,1789314487.8992214,0.08116650581359863,0.7290735159305011,0.10606833386775866,0.3116636611089115,-1.401179043546762,control_pose,robot_origin,robot_origin
18.24140928199995,2026-09-13T15:48:08.018882+00:00,1789314487.974933,0.043949127197265625,0.7294164000642552,0.10609046263687821,0.3116217851638794,-1.3989928374824352,control_pose,robot_origin,robot_origin
18.27507829300066,2026-09-13T15:48:08.052555+00:00,1789314487.9699888,0.0825662612915039,0.7293939434697674,0.10609481527587811,0.31162471349417875,-1.3991560239530954,control_pose,robot_origin,robot_origin
18.29222317499989,2026-09-13T15:48:08.069700+00:00,1789314488.02691,0.04278993606567383,0.7296067740515788,0.10608976726749103,0.31159284710884094,-1.397741370033248,control_pose,robot_origin,robot_origin
18.319258333000107,2026-09-13T15:48:08.096709+00:00,1789314488.077069,0.019639968872070312,0.7297903928116327,0.10611368590484999,0.31155911087989807,-1.3966079140435095,control_pose,robot_origin,robot_origin
18.333245685000293,2026-09-13T15:48:08.110710+00:00,1789314488.0391104,0.07159948348999023,0.729659763129094,0.10611232625959455,0.31158358892744553,-1.3974647940182192,control_pose,robot_origin,robot_origin
18.364530067000487,2026-09-13T15:48:08.142006+00:00,1789314488.1306295,0.011376380920410156,0.7300111030194092,0.10619382653057624,0.3115294873714447,-1.3953920390389292,control_pose,robot_origin,robot_origin
18.40799881500061,2026-09-13T15:48:08.185476+00:00,1789314488.107731,0.07774496078491211,0.7299240702675602,0.106155508122865,0.3115411640366332,-1.3958123033991987,control_pose,robot_origin,robot_origin
18.43178011100008,2026-09-13T15:48:08.209254+00:00,1789314488.1835816,0.025672435760498047,0.7302016250703085,0.10622933458423334,0.31151238083839417,-1.3943565493072723,control_pose,robot_origin,robot_origin
18.475638189000165,2026-09-13T15:48:08.253110+00:00,1789314488.1871963,0.06591367721557617,0.7302034529823006,0.10622574443653193,0.3115121868957118,-1.394324985387411,control_pose,robot_origin,robot_origin
18.485909987000014,2026-09-13T15:48:08.263383+00:00,1789314488.2335896,0.029793262481689453,0.7302530278328795,0.10626879440910963,0.3115118741989136,-1.3937987115243573,control_pose,robot_origin,robot_origin
18.52474363700003,2026-09-13T15:48:08.302209+00:00,1789314488.2869422,0.015266656875610352,0.7302814177374111,0.10630774425073569,0.31149348616600037,-1.3933552085691538,control_pose,robot_origin,robot_origin
18.561511931000496,2026-09-13T15:48:08.338988+00:00,1789314488.2495396,0.08944845199584961,0.7302516710268718,0.10628645905580802,0.3115059735028569,-1.3936944442973962,control_pose,robot_origin,robot_origin
18.60652676800055,2026-09-13T15:48:08.384001+00:00,1789314488.3194785,0.06452250480651855,0.7303331888959095,0.10636500461758386,0.31138686153966394,-1.3927737634186428,control_pose,robot_origin,robot_origin
18.62191676600014,2026-09-13T15:48:08.399340+00:00,1789314488.3501363,0.04920363426208496,0.7304010838776452,0.10641525811901809,0.3113771378993988,-1.3921789226155157,control_pose,robot_origin,robot_origin
18.646227922000435,2026-09-13T15:48:08.423703+00:00,1789314488.4042122,0.019490718841552734,0.7305264189583105,0.10639801323962111,0.31128132343292236,-1.3917217721082105,control_pose,robot_origin,robot_origin
18.695144897999853,2026-09-13T15:48:08.472622+00:00,1789314488.399192,0.07342982292175293,0.7305104624694558,0.10640325957447055,0.3112706260368839,-1.3917265670541086,control_pose,robot_origin,robot_origin
18.724783562000084,2026-09-13T15:48:08.502250+00:00,1789314488.456829,0.04542088508605957,0.730579387477896,0.10634043022380874,0.311325341463089,-1.3914567689500947,control_pose,robot_origin,robot_origin
18.80207846200028,2026-09-13T15:48:08.579558+00:00,1789314488.4610093,0.11854863166809082,0.7305850351677111,0.10632792612067493,0.31132784357323784,-1.3913942535897539,control_pose,robot_origin,robot_origin
18.814527821999945,2026-09-13T15:48:08.592007+00:00,1789314488.5367806,0.05522632598876953,0.7307113122121465,0.10625463126072854,0.31125688552856445,-1.390230528264423,control_pose,robot_origin,robot_origin
18.85600956000053,2026-09-13T15:48:08.633483+00:00,1789314488.590076,0.04340696334838867,0.7302080048618216,0.10574666949529649,0.3116694688796997,-1.4001925973850733,control_pose,robot_origin,robot_origin
18.875113959999908,2026-09-13T15:48:08.652594+00:00,1789314488.5477786,0.10481548309326172,0.730732663642124,0.10625551234184288,0.311214148534167,-1.3901087274291257,control_pose,robot_origin,robot_origin
18.89816175299984,2026-09-13T15:48:08.675515+00:00,1789314488.6440327,0.03148221969604492,0.7310584482371154,0.10364403404719968,0.31207582354545593,-1.4371710286130928,control_pose,robot_origin,robot_origin
18.928597320000335,2026-09-13T15:48:08.706070+00:00,1789314488.6177292,0.08834075927734375,0.7304460339797452,0.10465083554771515,0.3120455052549312,-1.4196811218075112,control_pose,robot_origin,robot_origin
18.964819591000378,2026-09-13T15:48:08.742305+00:00,1789314488.703511,0.03879404067993164,0.7325133352443022,0.10209194778290742,0.3123379051685333,-1.4670646604326736,control_pose,robot_origin,robot_origin
18.985246692000146,2026-09-13T15:48:08.762724+00:00,1789314488.6688097,0.09391427040100098,0.7316467696898308,0.10301529551044952,0.3121395986715641,-1.4498104738621114,control_pose,robot_origin,robot_origin
19.016342313000678,2026-09-13T15:48:08.793822+00:00,1789314488.7569005,0.03692150115966797,0.7345082951963569,0.10081398612838732,0.31311336159706116,-1.494565694703605,control_pose,robot_origin,robot_origin
19.05749373600065,2026-09-13T15:48:08.834971+00:00,1789314488.7462754,0.08869552612304688,0.7341370059772634,0.10112393953392268,0.3130404917197305,-1.4899599068970784,control_pose,robot_origin,robot_origin
19.075231559000713,2026-09-13T15:48:08.852707+00:00,1789314488.8074732,0.045233726501464844,0.7367403075309569,0.10011689717314015,0.31416255235671997,-1.5219014672519975,control_pose,robot_origin,robot_origin
19.099782395000148,2026-09-13T15:48:08.877251+00:00,1789314488.8601623,0.017088651657104492,0.7378991177708163,0.10065405763267099,0.3151821792125702,-1.5519105727218567,control_pose,robot_origin,robot_origin
19.129455047000192,2026-09-13T15:48:08.906933+00:00,1789314488.8167398,0.09019327163696289,0.7370129243824683,0.09995181348352294,0.31439041657794575,-1.5271922430511504,control_pose,robot_origin,robot_origin
19.164385662999848,2026-09-13T15:48:08.941852+00:00,1789314488.9127147,0.029137372970581055,0.7382550403266035,0.10116605600195022,0.31456881761550903,-1.563351569536131,control_pose,robot_origin,robot_origin
19.17986332000055,2026-09-13T15:48:08.957337+00:00,1789314488.8827512,0.0745856761932373,0.7384441815776928,0.1013817887134133,0.3149928401635793,-1.5601183410047412,control_pose,robot_origin,robot_origin
19.202621507000003,2026-09-13T15:48:08.980095+00:00,1789314488.9634693,0.016625642776489258,0.7390629676241216,0.09950285517022128,0.31488844752311707,-1.5589082418050935,control_pose,robot_origin,robot_origin
19.243715159000203,2026-09-13T15:48:09.020966+00:00,1789314488.952544,0.06842207908630371,0.7388219657203561,0.09982055142358193,0.3147505379807263,-1.5603802254414838,control_pose,robot_origin,robot_origin
19.27741332000005,2026-09-13T15:48:09.054894+00:00,1789314489.0168226,0.038071393966674805,0.7381262445701986,0.09915755139692939,0.3147524297237396,-1.5456347860740964,control_pose,robot_origin,robot_origin
19.30187217100047,2026-09-13T15:48:09.079347+00:00,1789314489.0701241,0.009222745895385742,0.7396830861358322,0.09911984092197101,0.313912034034729,-1.5369096593380946,control_pose,robot_origin,robot_origin
19.32350566400055,2026-09-13T15:48:09.100985+00:00,1789314489.0246687,0.07631635665893555,0.7382462148798234,0.0991000553869863,0.3146777825151258,-1.5443959586807483,control_pose,robot_origin,robot_origin
19.36637755799984,2026-09-13T15:48:09.143854+00:00,1789314489.1216714,0.022182464599609375,0.7384903894288348,0.0997088097548321,0.3130510747432709,-1.5288613322087332,control_pose,robot_origin,robot_origin
19.394703374000528,2026-09-13T15:48:09.172177+00:00,1789314489.094786,0.07739114761352539,0.7388627827524482,0.09977308354715958,0.3132070627487071,-1.5328727693008855,control_pose,robot_origin,robot_origin
19.425455169000088,2026-09-13T15:48:09.202936+00:00,1789314489.1769445,0.025991439819335938,0.7397671721923109,0.09960517772557231,0.3129766881465912,-1.519258669814742,control_pose,robot_origin,robot_origin
19.471004914000332,2026-09-13T15:48:09.248480+00:00,1789314489.1730762,0.07540392875671387,0.739697239607709,0.09961494809748711,0.31298296414045634,-1.519887728542418,control_pose,robot_origin,robot_origin
19.501151125999968,2026-09-13T15:48:09.278638+00:00,1789314489.2305841,0.048053741455078125,0.7408941656053571,0.09955339654074602,0.31312665343284607,-1.511520654850975,control_pose,robot_origin,robot_origin
19.536264895000386,2026-09-13T15:48:09.313705+00:00,1789314489.2254639,0.0882411003112793,0.7408295013953285,0.09957510606566361,0.31315186749093876,-1.5121840478141169,control_pose,robot_origin,robot_origin
19.567727149999882,2026-09-13T15:48:09.345208+00:00,1789314489.300517,0.044690847396850586,0.7417795490448109,0.09933202105173317,0.3129771053791046,-1.5040615070115773,control_pose,robot_origin,robot_origin
19.619733636000092,2026-09-13T15:48:09.397210+00:00,1789314489.297685,0.09952497482299805,0.7417524723439932,0.09934401889419181,0.3129796406130893,-1.5043380613531867,control_pose,robot_origin,robot_origin
19.65104806399995,2026-09-13T15:48:09.428532+00:00,1789314489.3735843,0.054947614669799805,0.7420730421116903,0.09893523147781652,0.3130348026752472,-1.4981410231902594,control_pose,robot_origin,robot_origin
19.679009065000173,2026-09-13T15:48:09.456491+00:00,1789314489.3644612,0.09202980995178223,0.742052916052393,0.09899323263335569,0.3130212476688562,-1.4989140391205147,control_pose,robot_origin,robot_origin
19.70452363700042,2026-09-13T15:48:09.482005+00:00,1789314489.447809,0.034195899963378906,0.7422673810054878,0.09858277208184457,0.3128965198993683,-1.4928292247949546,control_pose,robot_origin,robot_origin
19.74879331200009,2026-09-13T15:48:09.526275+00:00,1789314489.4396214,0.08665347099304199,0.7422529857730346,0.09861625772852267,0.31291660474597965,-1.493381300028694,control_pose,robot_origin,robot_origin
19.800391265000144,2026-09-13T15:48:09.577868+00:00,1789314489.530415,0.04745292663574219,0.7429281502739937,0.0984262120865918,0.3126486837863922,-1.487436311495776,control_pose,robot_origin,robot_origin
19.839188999000726,2026-09-13T15:48:09.616657+00:00,1789314489.5123453,0.10431170463562012,0.7427681138330218,0.09845138520650648,0.31266801866351196,-1.4885823868139527,control_pose,robot_origin,robot_origin
19.859368254999936,2026-09-13T15:48:09.636751+00:00,1789314489.5866122,0.05013871192932129,0.7435099191222931,0.09848285446455379,0.31261202692985535,-1.4845087233640069,control_pose,robot_origin,robot_origin
19.868710651000583,2026-09-13T15:48:09.646188+00:00,1789314489.636895,0.009293079376220703,0.7439537653239436,0.09848783428787183,0.3125295341014862,-1.4819752966549253,control_pose,robot_origin,robot_origin
19.894731176000278,2026-09-13T15:48:09.672208+00:00,1789314489.5861094,0.08609867095947266,0.743504859718572,0.0984823688970019,0.3126123882825421,-1.4845348003281396,control_pose,robot_origin,robot_origin
19.931913404000625,2026-09-13T15:48:09.709387+00:00,1789314489.6869946,0.02239251136779785,0.7444394068240132,0.09843611601596691,0.3124827742576599,-1.4784725830271588,control_pose,robot_origin,robot_origin
19.96295445299984,2026-09-13T15:48:09.740429+00:00,1789314489.6508849,0.08954405784606934,0.7440674324340744,0.09848248845282737,0.31251653254231987,-1.4810625536317226,control_pose,robot_origin,robot_origin
20.004384400000163,2026-09-13T15:48:09.781861+00:00,1789314489.7434492,0.038411855697631836,0.744851218950034,0.09836971964562019,0.31242093443870544,-1.4749083313243334,control_pose,robot_origin,robot_origin
20.051963400000204,2026-09-13T15:48:09.829440+00:00,1789314489.7303824,0.09905767440795898,0.7447874702925406,0.09838221567943312,0.3124333453772094,-1.475468817087387,control_pose,robot_origin,robot_origin
20.077737206000165,2026-09-13T15:48:09.855212+00:00,1789314489.8133428,0.041869163513183594,0.7451972465573284,0.09830793564019513,0.312360018491745,-1.4722175647267008,control_pose,robot_origin,robot_origin
20.0963905360004,2026-09-13T15:48:09.873861+00:00,1789314489.7895064,0.08435463905334473,0.7450928686730938,0.09831138777408749,0.31238125462724203,-1.4729370959024615,control_pose,robot_origin,robot_origin
20.173241651000353,2026-09-13T15:48:09.950731+00:00,1789314489.8671064,0.08362460136413574,0.7454414975320747,0.09824201769374658,0.31231027841567993,-1.4707195466205147,control_pose,robot_origin,robot_origin
20.192466127999978,2026-09-13T15:48:09.969937+00:00,1789314489.8648536,0.10508346557617188,0.7454298694165007,0.09824748310526532,0.31231183837220794,-1.4707551805585652,control_pose,robot_origin,robot_origin
20.194771419000062,2026-09-13T15:48:09.972252+00:00,1789314489.9233727,0.048879146575927734,0.7457438699023515,0.09826242740635477,0.312247097492218,-1.4692787333340331,control_pose,robot_origin,robot_origin
20.24890966500061,2026-09-13T15:48:10.026385+00:00,1789314489.976665,0.049720048904418945,0.7460792583761902,0.09829142484644804,0.31217285990715027,-1.467367986161885,control_pose,robot_origin,robot_origin
20.25527541700012,2026-09-13T15:48:10.032753+00:00,1789314489.9370148,0.09573817253112793,0.7458493344868977,0.09826283143754777,0.31221868839157707,-1.4688572370012278,control_pose,robot_origin,robot_origin
20.30487553400053,2026-09-13T15:48:10.082355+00:00,1789314489.9974446,0.08491039276123047,0.7462224857278013,0.09826112079946481,0.3121544600180665,-1.4667103119680378,control_pose,robot_origin,robot_origin
20.340308825000648,2026-09-13T15:48:10.117782+00:00,1789314490.063512,0.054270029067993164,0.7465295354378307,0.09833299062668249,0.3121039867401123,-1.4657048789407876,control_pose,robot_origin,robot_origin
20.382633440000063,2026-09-13T15:48:10.160106+00:00,1789314490.0665362,0.09356975555419922,0.7465313907161326,0.09832894179164897,0.31210000213699146,-1.4656619210486725,control_pose,robot_origin,robot_origin
20.396771142000034,2026-09-13T15:48:10.174246+00:00,1789314490.1166337,0.05761241912841797,0.7465869929645312,0.0983305131267031,0.3120689392089844,-1.4648106347659773,control_pose,robot_origin,robot_origin
20.400431840000238,2026-09-13T15:48:10.177916+00:00,1789314490.1667693,0.011146783828735352,0.7465710906296867,0.0982870715453481,0.3120455741882324,-1.4638222457692518,control_pose,robot_origin,robot_origin
20.450457804000507,2026-09-13T15:48:10.227932+00:00,1789314490.1386325,0.08929944038391113,0.7465784518618768,0.09833547786649377,0.3120573416400792,-1.4643386116640458,control_pose,robot_origin,robot_origin
20.475130982000337,2026-09-13T15:48:10.252608+00:00,1789314490.2200613,0.0325467586517334,0.7465506214356248,0.09830021073854844,0.3120214641094208,-1.4632847391390573,control_pose,robot_origin,robot_origin
20.505246912000075,2026-09-13T15:48:10.282720+00:00,1789314490.206126,0.07659411430358887,0.7465627026894133,0.09829339434459916,0.3120271038137293,-1.4633661380053322,control_pose,robot_origin,robot_origin
20.53716650000024,2026-09-13T15:48:10.314639+00:00,1789314490.2768497,0.037789344787597656,0.7465004796895037,0.09835044741661064,0.3119911551475525,-1.4628906594044204,control_pose,robot_origin,robot_origin
20.57997364200037,2026-09-13T15:48:10.357447+00:00,1789314490.2774253,0.08002161979675293,0.7464990425117637,0.09835008156750485,0.31199103393016797,-1.4628873807095661,control_pose,robot_origin,robot_origin
20.61064209200049,2026-09-13T15:48:10.388130+00:00,1789314490.3366485,0.05148148536682129,0.7465563535776061,0.09834946132650468,0.3119831085205078,-1.462249275082406,control_pose,robot_origin,robot_origin
20.65002194200042,2026-09-13T15:48:10.427497+00:00,1789314490.346535,0.08096194267272949,0.7465718387401934,0.09835149778985536,0.31198142600667944,-1.4621189129397307,control_pose,robot_origin,robot_origin
20.659113454999897,2026-09-13T15:48:10.436597+00:00,1789314490.3935182,0.04307889938354492,0.7466330912385233,0.09842202579296849,0.31197232007980347,-1.4616057032206937,control_pose,robot_origin,robot_origin
20.68772125400028,2026-09-13T15:48:10.465199+00:00,1789314490.4466271,0.018571853637695312,0.7467640921114344,0.09845393246331635,0.3119545876979828,-1.4609737592825656,control_pose,robot_origin,robot_origin
20.715944972000216,2026-09-13T15:48:10.493420+00:00,1789314490.4288795,0.06454038619995117,0.7467150272933998,0.09844380618135978,0.311961008522166,-1.4611242882602717,control_pose,robot_origin,robot_origin
20.744978810000248,2026-09-13T15:48:10.522458+00:00,1789314490.4999275,0.022530555725097656,0.7467865864463041,0.09837142294732026,0.31194359064102173,-1.4605961263520282,control_pose,robot_origin,robot_origin
20.795320079000703,2026-09-13T15:48:10.572794+00:00,1789314490.4877546,0.08503937721252441,0.7467699283706811,0.09840310174172345,0.3119460344314575,-1.460831459476576,control_pose,robot_origin,robot_origin
20.81741609100027,2026-09-13T15:48:10.594891+00:00,1789314490.5535283,0.041362762451171875,0.7467980447225251,0.09835040214074026,0.31193631887435913,-1.459937576473888,control_pose,robot_origin,robot_origin
20.88394956800039,2026-09-13T15:48:10.661431+00:00,1789314490.5644815,0.09694957733154297,0.7467946808169404,0.09830801742739631,0.31193447808379127,-1.4598473449649512,control_pose,robot_origin,robot_origin
20.895765434000168,2026-09-13T15:48:10.673239+00:00,1789314490.6172326,0.056006431579589844,0.7467918121393942,0.09828455516341378,0.3119300901889801,-1.459463394175093,control_pose,robot_origin,robot_origin
20.91418148200046,2026-09-13T15:48:10.691656+00:00,1789314490.6704514,0.021204710006713867,0.7468359427256184,0.09817865434707768,0.3119284510612488,-1.4588152636562166,control_pose,robot_origin,robot_origin
20.942238938000628,2026-09-13T15:48:10.718376+00:00,1789314490.6454868,0.07288908958435059,0.7468153187903934,0.098242865322819,0.31192982124876983,-1.4590521959944036,control_pose,robot_origin,robot_origin
20.97268409500066,2026-09-13T15:48:10.750160+00:00,1789314490.7234085,0.02675151824951172,0.7468814092620437,0.09804947430097632,0.3119254410266876,-1.4586547387687205,control_pose,robot_origin,robot_origin
21.026299676000235,2026-09-13T15:48:10.803781+00:00,1789314490.7250543,0.07872676849365234,0.7468804476125208,0.0980438046566347,0.3119253840099914,-1.4586424722484488,control_pose,robot_origin,robot_origin
21.071227027000532,2026-09-13T15:48:10.848704+00:00,1789314490.783467,0.06523704528808594,0.746868706707134,0.09795897712346635,0.3119242191314697,-1.4584219533215919,control_pose,robot_origin,robot_origin
21.092847266000717,2026-09-13T15:48:10.870322+00:00,1789314490.78075,0.08957195281982422,0.7468693778182696,0.09796498122925151,0.3119242122398299,-1.4584326316225933,control_pose,robot_origin,robot_origin
21.122573833999922,2026-09-13T15:48:10.900061+00:00,1789314490.836525,0.06353592872619629,0.7469432834143312,0.09713518110426139,0.3119295835494995,-1.45769098606759,control_pose,robot_origin,robot_origin
21.137558430000354,2026-09-13T15:48:10.915037+00:00,1789314490.8907025,0.024334430694580078,0.7476352119238328,0.09429689358628562,0.31188419461250305,-1.4569559264696432,control_pose,robot_origin,robot_origin
21.17373060099999,2026-09-13T15:48:10.951209+00:00,1789314490.850302,0.1009070873260498,0.7469941673911102,0.09696493380263699,0.3119291774955267,-1.4573470436747185,control_pose,robot_origin,robot_origin
21.196954727000048,2026-09-13T15:48:10.974438+00:00,1789314490.943514,0.030923843383789062,0.7482387461952859,0.09058902323697149,0.3113049268722534,-1.4576102559577107,control_pose,robot_origin,robot_origin
21.234779462000006,2026-09-13T15:48:11.012262+00:00,1789314490.9109411,0.10132098197937012,0.7477374360462155,0.0936129161447572,0.31169248797726284,-1.457066371017268,control_pose,robot_origin,robot_origin
21.262587279999934,2026-09-13T15:48:11.040050+00:00,1789314490.9965231,0.04352688789367676,0.7498076165027017,0.08292300491265325,0.30996015667915344,-1.4579150811091837,control_pose,robot_origin,robot_origin
21.31902689600065,2026-09-13T15:48:11.096499+00:00,1789314490.978519,0.1179800033569336,0.7491606862227023,0.08586922648512585,0.3104807520566496,-1.4579518582575568,control_pose,robot_origin,robot_origin
21.331545762000133,2026-09-13T15:48:11.109022+00:00,1789314491.066525,0.04249691963195801,0.7528380651989593,0.07090568995008345,0.30757418274879456,-1.4563775328878001,control_pose,robot_origin,robot_origin
21.375618306999968,2026-09-13T15:48:11.153095+00:00,1789314491.05228,0.1008150577545166,0.7521975567799593,0.07337239533071815,0.3080719228213376,-1.456709141853743,control_pose,robot_origin,robot_origin
21.411554248000357,2026-09-13T15:48:11.189035+00:00,1789314491.1434212,0.045613765716552734,0.7574723930164171,0.0537475474198868,0.30503082275390625,-1.4558293816280008,control_pose,robot_origin,robot_origin
21.434236443999907,2026-09-13T15:48:11.211714+00:00,1789314491.1198277,0.09188628196716309,0.7560504823488823,0.05901203169026231,0.3058111798737651,-1.4559999010065567,control_pose,robot_origin,robot_origin
21.478909962000216,2026-09-13T15:48:11.256395+00:00,1789314491.20337,0.053025007247924805,0.7605061683366731,0.03984012425042377,0.302968293428421,-1.4533485952226963,control_pose,robot_origin,robot_origin
21.487753793000593,2026-09-13T15:48:11.265224+00:00,1789314491.1852927,0.07993125915527344,0.7595913464163078,0.044033847986744756,0.3035902402897302,-1.4540965842595468,control_pose,robot_origin,robot_origin
21.51192046899996,2026-09-13T15:48:11.289399+00:00,1789314491.259932,0.029466867446899414,0.759535271590519,0.029187109276661072,0.30177223682403564,-1.4514869144859794,control_pose,robot_origin,robot_origin
21.586745565000456,2026-09-13T15:48:11.364236+00:00,1789314491.2605581,0.10367798805236816,0.7595526960472637,0.029056070098757214,0.30175853151172655,-1.4515033896485987,control_pose,robot_origin,robot_origin
21.6865387200005,2026-09-13T15:48:11.464019+00:00,1789314491.4231865,0.04083251953125,0.7616032601125267,-0.030396294000132718,0.300947368144989,-1.44944037082639,control_pose,robot_origin,robot_origin
21.71460327600016,2026-09-13T15:48:11.492078+00:00,1789314491.4768498,0.015228271484375,0.7629968983044233,-0.04831713443153163,0.3048582673072815,-1.4491247852613742,control_pose,robot_origin,robot_origin
21.768237665000015,2026-09-13T15:48:11.545714+00:00,1789314491.4687903,0.07692360877990723,0.7626807955691871,-0.04589466115636953,0.30469085682932945,-1.449142122885378,control_pose,robot_origin,robot_origin
21.789927316000103,2026-09-13T15:48:11.567408+00:00,1789314491.5297196,0.037688493728637695,0.7654408755711261,-0.06755261430756565,0.3050314486026764,-1.4456512859772872,control_pose,robot_origin,robot_origin
21.828924069000095,2026-09-13T15:48:11.606395+00:00,1789314491.580245,0.026149988174438477,0.7692694263548567,-0.084142666696852,0.30392301082611084,-1.446584425065886,control_pose,robot_origin,robot_origin
21.840260414000113,2026-09-13T15:48:11.617733+00:00,1789314491.5393453,0.07838773727416992,0.7661868648340124,-0.07029592422437397,0.30496100801025156,-1.4455041523435899,control_pose,robot_origin,robot_origin
21.877158624000003,2026-09-13T15:48:11.654644+00:00,1789314491.6372805,0.017363548278808594,0.7740520142558242,-0.10854371486303949,0.30088144540786743,-1.4477425644223185,control_pose,robot_origin,robot_origin
21.921828558000016,2026-09-13T15:48:11.699306+00:00,1789314491.6091251,0.09018087387084961,0.7717311467262693,-0.09729772854567736,0.3027422932543328,-1.4469630385669856,control_pose,robot_origin,robot_origin
21.94445077799992,2026-09-13T15:48:11.721925+00:00,1789314491.6873791,0.0345458984375,0.7773793598857418,-0.12669964395785083,0.29966557025909424,-1.4477752391273084,control_pose,robot_origin,robot_origin
21.98795268899994,2026-09-13T15:48:11.765425+00:00,1789314491.687712,0.0777130126953125,0.7774149340452197,-0.1267487838537794,0.29967346997424216,-1.4477714933959775,control_pose,robot_origin,robot_origin
22.014159180000206,2026-09-13T15:48:11.791637+00:00,1789314491.7432067,0.04843020439147949,0.7844378326819614,-0.14503485303789088,0.3016781806945801,-1.4497551928371624,control_pose,robot_origin,robot_origin
22.057598907000283,2026-09-13T15:48:11.835073+00:00,1789314491.7476687,0.08740425109863281,0.7848173585412329,-0.14649675821014102,0.302059126058656,-1.450165625910598,control_pose,robot_origin,robot_origin
22.08431576900057,2026-09-13T15:48:11.861797+00:00,1789314491.7966926,0.06510448455810547,0.7878514104390101,-0.15553403123247728,0.303759902715683,-1.4478186277079983,control_pose,robot_origin,robot_origin
22.115380744000504,2026-09-13T15:48:11.892854+00:00,1789314491.8514662,0.04138779640197754,0.7886547046131028,-0.16239975121879013,0.30437836050987244,-1.442503930138081,control_pose,robot_origin,robot_origin
22.121705946000475,2026-09-13T15:48:11.899183+00:00,1789314491.8181903,0.0809926986694336,0.787882929223426,-0.1563025744110904,0.30381520184468713,-1.4447571181477168,control_pose,robot_origin,robot_origin
22.161526548999973,2026-09-13T15:48:11.938980+00:00,1789314491.9025578,0.0364222526550293,0.7876383081543067,-0.1646990841031029,0.30477645993232727,-1.4421194076656099,control_pose,robot_origin,robot_origin
22.190855812000336,2026-09-13T15:48:11.968327+00:00,1789314491.8877428,0.08058428764343262,0.7877196834508918,-0.1638319346495425,0.3047631726106757,-1.4421848399258557,control_pose,robot_origin,robot_origin
22.23298640900066,2026-09-13T15:48:12.010468+00:00,1789314491.9632761,0.04719185829162598,0.7862384718623623,-0.16929663658612903,0.30596020817756653,-1.4404256251994807,control_pose,robot_origin,robot_origin
22.266375806000724,2026-09-13T15:48:12.043856+00:00,1789314491.960331,0.08352494239807129,0.7863885035159351,-0.1691167277377466,0.3058501519680076,-1.4405864645313444,control_pose,robot_origin,robot_origin
22.29150743399987,2026-09-13T15:48:12.068986+00:00,1789314492.0306473,0.038338661193847656,0.7863612646874504,-0.17052480049921573,0.3061991035938263,-1.436632836905487,control_pose,robot_origin,robot_origin
22.335256280000067,2026-09-13T15:48:12.112727+00:00,1789314492.0267997,0.08592724800109863,0.7863251936897832,-0.17044600452917721,0.3061964225587657,-1.4368123437764067,control_pose,robot_origin,robot_origin
22.372133456000483,2026-09-13T15:48:12.149618+00:00,1789314492.104049,0.04556894302368164,0.7870286774253312,-0.17034631718784457,0.30626779794692993,-1.4387151186386788,control_pose,robot_origin,robot_origin
22.400310533000265,2026-09-13T15:48:12.177791+00:00,1789314492.096183,0.08160805702209473,0.786986049218684,-0.17037219684179136,0.3062547287352496,-1.438415271078159,control_pose,robot_origin,robot_origin
22.43702247100009,2026-09-13T15:48:12.214503+00:00,1789314492.1699514,0.04455161094665527,0.7871394336168047,-0.17017285594506662,0.30632656812667847,-1.4390332987880659,control_pose,robot_origin,robot_origin
22.472335765000025,2026-09-13T15:48:12.249522+00:00,1789314492.1647274,0.08479452133178711,0.7871443169827075,-0.17018639984655115,0.30632203434262995,-1.439059643886625,control_pose,robot_origin,robot_origin
22.5144404950006,2026-09-13T15:48:12.291912+00:00,1789314492.2464612,0.04545092582702637,0.7868919612898413,-0.170186281410638,0.3063691258430481,-1.4394511989653205,control_pose,robot_origin,robot_origin
22.54371921800066,2026-09-13T15:48:12.321187+00:00,1789314492.2356005,0.0855865478515625,0.7869331165800277,-0.170178579293773,0.30636476180849614,-1.4392949032890818,control_pose,robot_origin,robot_origin
22.59594067800026,2026-09-13T15:48:12.369636+00:00,1789314492.3197315,0.049904584884643555,0.7868486757988651,-0.1703789725890481,0.3063770830631256,-1.44069951116126,control_pose,robot_origin,robot_origin
22.61595932599994,2026-09-13T15:48:12.393435+00:00,1789314492.311938,0.0814969539642334,0.7868489659299531,-0.17035710515331248,0.3063764168434289,-1.4405705430379396,control_pose,robot_origin,robot_origin
22.64090853000016,2026-09-13T15:48:12.418382+00:00,1789314492.3729918,0.04539012908935547,0.7868891024733061,-0.17048526177595918,0.3063819408416748,-1.440537151253736,control_pose,robot_origin,robot_origin
22.66885735300002,2026-09-13T15:48:12.446323+00:00,1789314492.423275,0.023047924041748047,0.7869317679001212,-0.1705081055406539,0.3063839077949524,-1.4403183090221938,control_pose,robot_origin,robot_origin
22.69788990000052,2026-09-13T15:48:12.475368+00:00,1789314492.3852556,0.09011244773864746,0.7869064698540729,-0.17050758139904254,0.3063828261033685,-1.4404266831858277,control_pose,robot_origin,robot_origin
22.733015329999944,2026-09-13T15:48:12.510490+00:00,1789314492.476413,0.03407692909240723,0.7869174505481338,-0.17046479394085476,0.306384414434433,-1.44026081099677,control_pose,robot_origin,robot_origin
22.776235404000545,2026-09-13T15:48:12.553717+00:00,1789314492.4601622,0.09355473518371582,0.7869324392485025,-0.1704554382498634,0.3063842395939207,-1.4402790369919738,control_pose,robot_origin,robot_origin
22.79703095200057,2026-09-13T15:48:12.574483+00:00,1789314492.5296946,0.044788360595703125,0.7868492470821944,-0.1704479428678631,0.3063850700855255,-1.4403632213374555,control_pose,robot_origin,robot_origin
22.833815764000065,2026-09-13T15:48:12.611292+00:00,1789314492.520715,0.0905768871307373,0.786863664519456,-0.17045132843992974,0.30638496934242737,-1.4403441679448323,control_pose,robot_origin,robot_origin
22.88377334800043,2026-09-13T15:48:12.661247+00:00,1789314492.613277,0.04797005653381348,0.7868877172291573,-0.1710973170616984,0.3063929080963135,-1.4407922990341309,control_pose,robot_origin,robot_origin
22.89781605600001,2026-09-13T15:48:12.675293+00:00,1789314492.5870287,0.08826422691345215,0.7868569329044713,-0.1709066239266781,0.30638867583332574,-1.4406038923616449,control_pose,robot_origin,robot_origin
22.925095448999855,2026-09-13T15:48:12.702575+00:00,1789314492.6703508,0.032224178314208984,0.7867349025959052,-0.17565444575389086,0.30660828948020935,-1.4418328538522291,control_pose,robot_origin,robot_origin
22.985288210000363,2026-09-13T15:48:12.762772+00:00,1789314492.6594722,0.10329985618591309,0.7867640302452713,-0.17478582182804264,0.3065672361249344,-1.4416348351475174,control_pose,robot_origin,robot_origin
23.008646233000036,2026-09-13T15:48:12.786122+00:00,1789314492.739685,0.04643702507019043,0.7894641250162161,-0.18408879148334,0.30606135725975037,-1.4456233359484802,control_pose,robot_origin,robot_origin
23.054991159000565,2026-09-13T15:48:12.832462+00:00,1789314492.73605,0.09641218185424805,0.7892327089046881,-0.18338227041153501,0.30613640929780944,-1.445356121040358,control_pose,robot_origin,robot_origin
23.08063475600011,2026-09-13T15:48:12.858101+00:00,1789314492.81305,0.045050859451293945,0.7945721845228062,-0.19776659329765384,0.3052434027194977,-1.4491487549615838,control_pose,robot_origin,robot_origin
23.102050352000333,2026-09-13T15:48:12.879528+00:00,1789314492.800653,0.07887506484985352,0.7935540107610763,-0.19505762950212116,0.30535019095298865,-1.4484709495302235,control_pose,robot_origin,robot_origin
23.141520855000635,2026-09-13T15:48:12.918954+00:00,1789314492.869656,0.04929780960083008,0.7977522387186998,-0.21091036558119652,0.3046942353248596,-1.4516046841729862,control_pose,robot_origin,robot_origin
23.21281664900016,2026-09-13T15:48:12.990284+00:00,1789314492.924077,0.0662069320678711,0.7990641348809213,-0.2157468174986501,0.30401429533958435,-1.4482565210182547,control_pose,robot_origin,robot_origin
23.23074977900069,2026-09-13T15:48:13.008227+00:00,1789314492.8705323,0.1376948356628418,0.7977731270481819,-0.21103202646555555,0.3046885573850686,-1.4515776798594644,control_pose,robot_origin,robot_origin
23.2786253889999,2026-09-13T15:48:13.056101+00:00,1789314492.9898827,0.06621837615966797,0.8022366627900989,-0.23195304699710667,0.3031444251537323,-1.4514103038218156,control_pose,robot_origin,robot_origin
23.300325752999925,2026-09-13T15:48:13.077799+00:00,1789314492.94071,0.13708901405334473,0.7998660135300406,-0.21984305551123018,0.3037944295576246,-1.4490545077246628,control_pose,robot_origin,robot_origin
23.32850080800017,2026-09-13T15:48:13.102995+00:00,1789314493.0497725,0.0532224178314209,0.8064360522247025,-0.252133962864384,0.3018294870853424,-1.453316258577628,control_pose,robot_origin,robot_origin
23.354166932000226,2026-09-13T15:48:13.131643+00:00,1789314493.013169,0.11847400665283203,0.803869455694896,-0.23979972489005694,0.30263315522229356,-1.4521524704637865,control_pose,robot_origin,robot_origin
23.384542815000714,2026-09-13T15:48:13.162010+00:00,1789314493.1129954,0.04901456832885742,0.8088658805940445,-0.2749622452264265,0.30243030190467834,-1.44512459573504,control_pose,robot_origin,robot_origin
23.417965233999894,2026-09-13T15:48:13.195377+00:00,1789314493.082499,0.11287808418273926,0.8076290526695409,-0.26369128503987604,0.302036630593631,-1.449576123242001,control_pose,robot_origin,robot_origin
23.456723445000534,2026-09-13T15:48:13.234198+00:00,1789314493.1965036,0.037694454193115234,0.8096390490324844,-0.30682545136751255,0.30479899048805237,-1.4361192079427731,control_pose,robot_origin,robot_origin
23.4719851560003,2026-09-13T15:48:13.249465+00:00,1789314493.149227,0.10023808479309082,0.8090396795830347,-0.288221898523793,0.30294993323885017,-1.4406876343438466,control_pose,robot_origin,robot_origin
23.520116671000324,2026-09-13T15:48:13.297593+00:00,1789314493.2497451,0.04784798622131348,0.8103128840490378,-0.3229464104532186,0.30656352639198303,-1.4338072850844306,control_pose,robot_origin,robot_origin
23.539553672000693,2026-09-13T15:48:13.317028+00:00,1789314493.2207355,0.09629249572753906,0.8100064905149753,-0.31388751492682626,0.30561288173752243,-1.4351509459088263,control_pose,robot_origin,robot_origin
23.571162514000207,2026-09-13T15:48:13.348642+00:00,1789314493.303042,0.045600175857543945,0.8121070253649392,-0.3372237779271139,0.3066512644290924,-1.4316982990441791,control_pose,robot_origin,robot_origin
23.605373963000602,2026-09-13T15:48:13.382852+00:00,1789314493.2974753,0.08537673950195312,0.8116564570948152,-0.3348744177569595,0.3067193604654687,-1.4317221269835576,control_pose,robot_origin,robot_origin
23.6692797350006,2026-09-13T15:48:13.446753+00:00,1789314493.376466,0.07028698921203613,0.8164036170525159,-0.36348284699538524,0.3037278354167938,-1.4333638618498954,control_pose,robot_origin,robot_origin
23.68252345700057,2026-09-13T15:48:13.460000+00:00,1789314493.360788,0.0992119312286377,0.8154749385987441,-0.35771706963912053,0.30448185908415687,-1.433016376489398,control_pose,robot_origin,robot_origin
23.72422691200063,2026-09-13T15:48:13.501702+00:00,1789314493.4464605,0.05524158477783203,0.8224729569551388,-0.3901273075804095,0.29905107617378235,-1.4324506908186785,control_pose,robot_origin,robot_origin
23.777089917000012,2026-09-13T15:48:13.554563+00:00,1789314493.429022,0.12554097175598145,0.8208064972610957,-0.38334779356029225,0.3003568557550364,-1.432875232549807,control_pose,robot_origin,robot_origin
23.79425091200028,2026-09-13T15:48:13.571719+00:00,1789314493.53162,0.04009890556335449,0.8323719145848653,-0.41159129640099235,0.30281683802604675,-1.4392964329425186,control_pose,robot_origin,robot_origin
23.82136631100002,2026-09-13T15:48:13.598845+00:00,1789314493.504716,0.09412908554077148,0.8290473020325587,-0.404645904912932,0.30144460972380693,-1.4370107110954973,control_pose,robot_origin,robot_origin
23.856850308000503,2026-09-13T15:48:13.634323+00:00,1789314493.5829086,0.05141425132751465,0.8342729358133086,-0.41808770973063647,0.30564773082733154,-1.4375627949402288,control_pose,robot_origin,robot_origin
23.883912099000554,2026-09-13T15:48:13.661394+00:00,1789314493.5708816,0.09051227569580078,0.8338271518532243,-0.41656431966160234,0.30498389468250087,-1.4379689074762971,control_pose,robot_origin,robot_origin
23.917726409000352,2026-09-13T15:48:13.695203+00:00,1789314493.6496518,0.045551300048828125,0.8354119606753592,-0.42375063778023747,0.3065601587295532,-1.4366731788924882,control_pose,robot_origin,robot_origin
23.959207371000048,2026-09-13T15:48:13.736437+00:00,1789314493.6423347,0.09410238265991211,0.8353642751557915,-0.42326069244251024,0.3065374089030938,-1.436835903217544,control_pose,robot_origin,robot_origin
23.987132218000625,2026-09-13T15:48:13.764610+00:00,1789314493.7094958,0.0551142692565918,0.8347169029261158,-0.4233175621701464,0.30615583062171936,-1.4326471719399718,control_pose,robot_origin,robot_origin
24.01047650700002,2026-09-13T15:48:13.787335+00:00,1789314493.707557,0.07977795600891113,0.8347919097513483,-0.4234066247394329,0.3061734550780688,-1.43275830678905,control_pose,robot_origin,robot_origin
24.037959504000355,2026-09-13T15:48:13.815443+00:00,1789314493.7629366,0.052506446838378906,0.8342740229125853,-0.42009082149479027,0.3059113621711731,-1.429724462100395,control_pose,robot_origin,robot_origin
24.05522867400032,2026-09-13T15:48:13.832709+00:00,1789314493.81636,0.016349077224731445,0.8349531796846011,-0.4176450506820134,0.30645430088043213,-1.4260769650136602,control_pose,robot_origin,robot_origin
24.096752617000675,2026-09-13T15:48:13.874232+00:00,1789314493.78086,0.09337210655212402,0.8344626643173384,-0.4190382952539748,0.30616733647862426,-1.428491993191123,control_pose,robot_origin,robot_origin
24.130657755000357,2026-09-13T15:48:13.908147+00:00,1789314493.8697143,0.03843283653259277,0.8357606048385937,-0.4166668638578674,0.3065722584724426,-1.4226721282926615,control_pose,robot_origin,robot_origin
24.149632743999973,2026-09-13T15:48:13.927077+00:00,1789314493.8477995,0.07927751541137695,0.835395555335335,-0.41696559559463264,0.3065377329351296,-1.4240807007595775,control_pose,robot_origin,robot_origin
24.184686734000024,2026-09-13T15:48:13.962164+00:00,1789314493.9226773,0.03948664665222168,0.8360539234591444,-0.416527176160465,0.3066311478614807,-1.420526942668982,control_pose,robot_origin,robot_origin
24.226658767000117,2026-09-13T15:48:14.004127+00:00,1789314493.9314096,0.07271742820739746,0.8360581370057036,-0.4165496088247582,0.30665155184573073,-1.4204610429565363,control_pose,robot_origin,robot_origin
24.25410191500032,2026-09-13T15:48:14.031579+00:00,1789314493.976272,0.05530691146850586,0.8359080462256312,-0.4165290281457541,0.3066941797733307,-1.4202063391316542,control_pose,robot_origin,robot_origin
24.306549079999968,2026-09-13T15:48:14.084021+00:00,1789314493.9874804,0.09654068946838379,0.8358807927804651,-0.41649269070290434,0.30669973804724504,-1.4202232572766478,control_pose,robot_origin,robot_origin
24.348070199000176,2026-09-13T15:48:14.125541+00:00,1789314494.0663924,0.059148550033569336,0.8356940593971434,-0.41597586619157156,0.30673834681510925,-1.4195221121674049,control_pose,robot_origin,robot_origin
24.420786693000082,2026-09-13T15:48:14.198265+00:00,1789314494.063565,0.13470005989074707,0.835698598277674,-0.4159984027166756,0.30673682940157027,-1.419564463015519,control_pose,robot_origin,robot_origin
24.48154446300032,2026-09-13T15:48:14.258915+00:00,1789314494.1295142,0.12940073013305664,0.8358550327522076,-0.4154687166471744,0.3067331910133362,-1.4180033914837658,control_pose,robot_origin,robot_origin
24.50018078100038,2026-09-13T15:48:14.277653+00:00,1789314494.196169,0.08148407936096191,0.8359811799069201,-0.4150979384278288,0.30672088265419006,-1.4166307191253236,control_pose,robot_origin,robot_origin
24.58614685200064,2026-09-13T15:48:14.363254+00:00,1789314494.1335802,0.2296738624572754,0.8358627275268959,-0.4154460997687863,0.30673244022311325,-1.4179196580169435,control_pose,robot_origin,robot_origin
24.592706512000404,2026-09-13T15:48:14.370176+00:00,1789314494.253037,0.11713910102844238,0.8360092717093349,-0.41498618364170103,0.30673736333847046,-1.4160287444742579,control_pose,robot_origin,robot_origin
24.603326119000485,2026-09-13T15:48:14.380794+00:00,1789314494.2291248,0.15166926383972168,0.8359974595371511,-0.41503317481573204,0.3067304334634288,-1.4162818574120648,control_pose,robot_origin,robot_origin
24.624343447000683,2026-09-13T15:48:14.401820+00:00,1789314494.3395307,0.06228923797607422,0.8367745515391213,-0.41498246031299124,0.3077065348625183,-1.3726419705588677,control_pose,robot_origin,robot_origin
24.65614968400041,2026-09-13T15:48:14.433626+00:00,1789314494.2741497,0.15947628021240234,0.836196072058817,-0.4149852747988475,0.30697393246306237,-1.405438530680574,control_pose,robot_origin,robot_origin
24.71828593600003,2026-09-13T15:48:14.495760+00:00,1789314494.422966,0.07279396057128906,0.8393501461403564,-0.41316967064989946,0.308400958776474,-1.3318035384486506,control_pose,robot_origin,robot_origin
24.777466160000586,2026-09-13T15:48:14.554941+00:00,1789314494.3510149,0.20392608642578125,0.8371290575753254,-0.41473294710247827,0.30780211569230564,-1.3670211303322353,control_pose,robot_origin,robot_origin
24.78956557299989,2026-09-13T15:48:14.567023+00:00,1789314494.5167646,0.05025839805603027,0.8431349479978035,-0.4108156025516668,0.3076890707015991,-1.2863217724130387,control_pose,robot_origin,robot_origin
24.84569250700042,2026-09-13T15:48:14.623165+00:00,1789314494.4164758,0.20668911933898926,0.8391497970186794,-0.41331068306567764,0.3083469412609979,-1.3349803653583865,control_pose,robot_origin,robot_origin
24.860743244000332,2026-09-13T15:48:14.638219+00:00,1789314494.4932437,0.1449754238128662,0.8421858637892681,-0.41140591320516995,0.3078675851273356,-1.297727198602655,control_pose,robot_origin,robot_origin
24.86898990500049,2026-09-13T15:48:14.646303+00:00,1789314494.5861297,0.06017327308654785,0.8454807907452118,-0.4091628458209241,0.3072032034397125,-1.2512996836613774,control_pose,robot_origin,robot_origin
24.88404694700057,2026-09-13T15:48:14.661511+00:00,1789314494.5586958,0.10281515121459961,0.844538435384086,-0.40981272638514604,0.307424299704593,-1.265837655711812,control_pose,robot_origin,robot_origin
24.911608766000427,2026-09-13T15:48:14.689088+00:00,1789314494.63959,0.04949808120727539,0.846730935269776,-0.4079179184922859,0.3069647550582886,-1.2257798976238803,control_pose,robot_origin,robot_origin
24.96489130200007,2026-09-13T15:48:14.742372+00:00,1789314494.6247482,0.11762380599975586,0.8464451576590792,-0.4082071817420104,0.30701018472052305,-1.2314215565940765,control_pose,robot_origin,robot_origin
24.99675425100031,2026-09-13T15:48:14.774216+00:00,1789314494.7197435,0.05447244644165039,0.8479992689194407,-0.40643722849200153,0.30648133158683777,-1.191408789514241,control_pose,robot_origin,robot_origin
25.013227315000222,2026-09-13T15:48:14.790706+00:00,1789314494.699329,0.09137701988220215,0.8477543235802067,-0.40675388961076697,0.306595233316162,-1.1988783030564534,control_pose,robot_origin,robot_origin
25.03579255400018,2026-09-13T15:48:14.813272+00:00,1789314494.7765942,0.03667783737182617,0.8487696633391795,-0.40554687182358146,0.306144118309021,-1.157661631958483,control_pose,robot_origin,robot_origin
25.070604074000585,2026-09-13T15:48:14.848081+00:00,1789314494.7580023,0.09007883071899414,0.848510732994522,-0.40578279069394896,0.30625694160701267,-1.1685884294250057,control_pose,robot_origin,robot_origin
25.153826079000282,2026-09-13T15:48:14.931307+00:00,1789314494.8495584,0.08174872398376465,0.8499418973970239,-0.4048050499953003,0.3056296706199646,-1.1234736441418494,control_pose,robot_origin,robot_origin
25.166017088000444,2026-09-13T15:48:14.943498+00:00,1789314494.838818,0.10467982292175293,0.8497827174687865,-0.404910573567662,0.30568293396616486,-1.1284700535513323,control_pose,robot_origin,robot_origin
25.190381856000386,2026-09-13T15:48:14.967858+00:00,1789314494.9331987,0.034659385681152344,0.8508717303782022,-0.40440706159895623,0.30503129959106445,-1.078787313116575,control_pose,robot_origin,robot_origin
25.22948208700018,2026-09-13T15:48:15.006960+00:00,1789314494.9141912,0.09276866912841797,0.8506604221377392,-0.40449750604377427,0.30516728178552344,-1.0889422302447935,control_pose,robot_origin,robot_origin
25.274597196000286,2026-09-13T15:48:15.052046+00:00,1789314494.9995627,0.052483320236206055,0.8519405606248088,-0.40485579528696214,0.3048078119754791,-1.0476145682480882,control_pose,robot_origin,robot_origin
25.313735697000084,2026-09-13T15:48:15.091207+00:00,1789314494.981853,0.10935401916503906,0.8515442616258171,-0.40463404656188545,0.3048613491386205,-1.0560240284626816,control_pose,robot_origin,robot_origin
25.348665784999866,2026-09-13T15:48:15.126144+00:00,1789314495.0661278,0.06001615524291992,0.8539724017456021,-0.40345327448449453,0.30440810322761536,-1.0176256113305053,control_pose,robot_origin,robot_origin
25.39027561200055,2026-09-13T15:48:15.167750+00:00,1789314495.0462675,0.12148237228393555,0.8534351718972507,-0.40416350015623653,0.3044644242137898,-1.0264572610520932,control_pose,robot_origin,robot_origin
25.415822030000527,2026-09-13T15:48:15.193293+00:00,1789314495.153648,0.03964519500732422,0.8585149843012201,-0.4047010628317851,0.30635687708854675,-0.9692198953158546,control_pose,robot_origin,robot_origin
25.432177284000318,2026-09-13T15:48:15.209663+00:00,1789314495.1089547,0.1007082462310791,0.8559189627215762,-0.4035934065838672,0.305176905541048,-0.9954608540288101,control_pose,robot_origin,robot_origin
25.451236757000515,2026-09-13T15:48:15.228713+00:00,1789314495.209815,0.01889801025390625,0.8641844285057882,-0.4096817442312796,0.30468422174453735,-0.9294225449011967,control_pose,robot_origin,robot_origin
25.500897345999874,2026-09-13T15:48:15.278376+00:00,1789314495.1850622,0.09331393241882324,0.8614561179213741,-0.4078158009060834,0.30596969054690476,-0.94665399084914,control_pose,robot_origin,robot_origin
25.54117746600059,2026-09-13T15:48:15.318655+00:00,1789314495.2628157,0.05583930015563965,0.871438959580476,-0.40967055573552535,0.3000141382217407,-0.8835672278726524,control_pose,robot_origin,robot_origin
25.592952246000095,2026-09-13T15:48:15.370423+00:00,1789314495.2537374,0.11668562889099121,0.8701600886445914,-0.40992608582849943,0.3008769229137946,-0.8907021775876941,control_pose,robot_origin,robot_origin
25.624228905000564,2026-09-13T15:48:15.401705+00:00,1789314495.339355,0.06235003471374512,0.8824698173848562,-0.40988126827523447,0.29522794485092163,-0.8406304438406832,control_pose,robot_origin,robot_origin
25.645904202000565,2026-09-13T15:48:15.423382+00:00,1789314495.3224695,0.10091257095336914,0.8802852546351001,-0.41004032840561033,0.29598687739155594,-0.8487168809434253,control_pose,robot_origin,robot_origin
25.685101879000285,2026-09-13T15:48:15.462575+00:00,1789314495.4134874,0.0490875244140625,0.8874335367204652,-0.40289744047752607,0.2994844317436218,-0.8535962488088817,control_pose,robot_origin,robot_origin
25.70968651000021,2026-09-13T15:48:15.487152+00:00,1789314495.3925335,0.09461855888366699,0.8860305104498899,-0.4048714630212796,0.29828130913997764,-0.849942587968561,control_pose,robot_origin,robot_origin
25.728628304000267,2026-09-13T15:48:15.506106+00:00,1789314495.46943,0.03667593002319336,0.8858327656462276,-0.40219751508912377,0.2996261715888977,-0.8503190445538532,control_pose,robot_origin,robot_origin
25.75918320600067,2026-09-13T15:48:15.536541+00:00,1789314495.460822,0.07571887969970703,0.8860257937053608,-0.40217550006616554,0.299656586659225,-0.8503355307007373,control_pose,robot_origin,robot_origin
25.794522723000227,2026-09-13T15:48:15.572000+00:00,1789314495.5226812,0.049318790435791016,0.8856870192013618,-0.4033394716556665,0.2997356057167053,-0.8554396935710943,control_pose,robot_origin,robot_origin
25.806663323000066,2026-09-13T15:48:15.584134+00:00,1789314495.5730293,0.011104822158813477,0.8845069632213803,-0.4028918418087042,0.3017328381538391,-0.8597381786440285,control_pose,robot_origin,robot_origin
25.844166734000282,2026-09-13T15:48:15.621645+00:00,1789314495.5365229,0.08512210845947266,0.8852995693528716,-0.40314212046232734,0.30048280622186924,-0.8569538049677272,control_pose,robot_origin,robot_origin
25.883948166000664,2026-09-13T15:48:15.661430+00:00,1789314495.6234474,0.03798246383666992,0.8846288144692376,-0.4029875368106511,0.30255958437919617,-0.8604375219632965,control_pose,robot_origin,robot_origin
25.903075007000552,2026-09-13T15:48:15.680547+00:00,1789314495.6036634,0.07688355445861816,0.8845292507905735,-0.4030017438533685,0.30227186446648086,-0.860621570547917,control_pose,robot_origin,robot_origin
25.92964856600065,2026-09-13T15:48:15.707130+00:00,1789314495.676366,0.030763864517211914,0.8855576260274131,-0.4030408532247186,0.30305635929107666,-0.8570834862940963,control_pose,robot_origin,robot_origin
25.9844046900007,2026-09-13T15:48:15.761878+00:00,1789314495.679622,0.08225607872009277,0.8856210927483217,-0.4030355071962208,0.30306926077483365,-0.8569044637637275,control_pose,robot_origin,robot_origin
26.00160136300019,2026-09-13T15:48:15.779081+00:00,1789314495.7427714,0.03630971908569336,0.8864992706645677,-0.402829134273324,0.30326876044273376,-0.854248990046537,control_pose,robot_origin,robot_origin
26.027906407000046,2026-09-13T15:48:15.805332+00:00,1789314495.7960322,0.009299755096435547,0.8867285705159994,-0.4026350787041485,0.3034226596355438,-0.852433440032919,control_pose,robot_origin,robot_origin
26.05127104100029,2026-09-13T15:48:15.828743+00:00,1789314495.7535963,0.07514667510986328,0.8865950787452263,-0.40277240485234816,0.30330857331201816,-0.8538511585230171,control_pose,robot_origin,robot_origin
26.091020949000267,2026-09-13T15:48:15.868495+00:00,1789314495.849587,0.018908023834228516,0.8866900488996872,-0.4024466989142884,0.30347883701324463,-0.8518686213777484,control_pose,robot_origin,robot_origin
26.13048966899987,2026-09-13T15:48:15.907967+00:00,1789314495.8239825,0.0839846134185791,0.8866978670255972,-0.4025497930170333,0.3034549024024265,-0.8519891001113317,control_pose,robot_origin,robot_origin
26.174200757000108,2026-09-13T15:48:15.951676+00:00,1789314495.9095652,0.04211068153381348,0.8866257193528644,-0.40217904226258006,0.3035331666469574,-0.8514438082175151,control_pose,robot_origin,robot_origin
26.202111704000345,2026-09-13T15:48:15.979582+00:00,1789314495.8854115,0.09417057037353516,0.8866418847431217,-0.4022739414122921,0.30351279543365534,-0.8516938697710769,control_pose,robot_origin,robot_origin
26.23607020899999,2026-09-13T15:48:16.013545+00:00,1789314495.962921,0.05062413215637207,0.8866586821243552,-0.40207715121301696,0.30354180932044983,-0.850972989621803,control_pose,robot_origin,robot_origin
26.266000704999897,2026-09-13T15:48:16.043469+00:00,1789314495.9578831,0.0855858325958252,0.8866555697872724,-0.4020867717418026,0.3035409932812641,-0.8510174448133955,control_pose,robot_origin,robot_origin
26.29751044400018,2026-09-13T15:48:16.074991+00:00,1789314496.0326552,0.04233574867248535,0.8867000894236743,-0.4020423306195341,0.3035470247268677,-0.8512536236447623,control_pose,robot_origin,robot_origin
26.338468243000534,2026-09-13T15:48:16.115940+00:00,1789314496.0288846,0.08705544471740723,0.8866978384634219,-0.4020443118828488,0.3035467369720899,-0.8512375050090826,control_pose,robot_origin,robot_origin
26.38023830700058,2026-09-13T15:48:16.157705+00:00,1789314496.0993187,0.05838632583618164,0.8866962928969925,-0.40205442300915956,0.3035478889942169,-0.8511700361615064,control_pose,robot_origin,robot_origin
26.403053554000508,2026-09-13T15:48:16.180534+00:00,1789314496.1014786,0.0790553092956543,0.8866991475519935,-0.40205761589460154,0.3035479554802577,-0.8511631952976904,control_pose,robot_origin,robot_origin
26.438216561000445,2026-09-13T15:48:16.215692+00:00,1789314496.1693633,0.04632878303527832,0.8867444250668468,-0.40202841233874353,0.30354976654052734,-0.8510730426661033,control_pose,robot_origin,robot_origin
26.5032020510007,2026-09-13T15:48:16.280676+00:00,1789314496.1668746,0.11380124092102051,0.8867424193260558,-0.40203005672852876,0.3035497203913746,-0.8510772300007268,control_pose,robot_origin,robot_origin
26.539621316000193,2026-09-13T15:48:16.317099+00:00,1789314496.2359316,0.08116745948791504,0.8867680292358029,-0.40202958989622184,0.30354779958724976,-0.8511922031806244,control_pose,robot_origin,robot_origin
26.579397939000046,2026-09-13T15:48:16.356871+00:00,1789314496.2352421,0.1216287612915039,0.8867677319027208,-0.40202908736474524,0.3035478330749694,-0.8511904009487674,control_pose,robot_origin,robot_origin
26.632293974000277,2026-09-13T15:48:16.409759+00:00,1789314496.3293874,0.08037161827087402,0.8867419230321371,-0.40199445118773347,0.303549587726593,-0.8511855317038072,control_pose,robot_origin,robot_origin
26.635218573000202,2026-09-13T15:48:16.412687+00:00,1789314496.3257167,0.08697032928466797,0.8867423100872935,-0.40199582257982797,0.30354949235475487,-0.8511889761373108,control_pose,robot_origin,robot_origin
26.681748703000267,2026-09-13T15:48:16.459224+00:00,1789314496.3960657,0.06315827369689941,0.8867705339590304,-0.40188706186517664,0.30354925990104675,-0.8510429840773447,control_pose,robot_origin,robot_origin
26.718579061000128,2026-09-13T15:48:16.496052+00:00,1789314496.3695698,0.12648224830627441,0.8867653204002608,-0.40192577932084617,0.3035495560830851,-0.8510528681310877,control_pose,robot_origin,robot_origin
26.793099950000396,2026-09-13T15:48:16.570587+00:00,1789314496.4860742,0.08451271057128906,0.8868458837407296,-0.4019018130934432,0.30355358123779297,-0.8509997071553141,control_pose,robot_origin,robot_origin
26.826738698000554,2026-09-13T15:48:16.604210+00:00,1789314496.4691947,0.13501524925231934,0.8868350486657172,-0.40190217151972385,0.3035526175973763,-0.8510053603992884,control_pose,robot_origin,robot_origin
26.829868188000546,2026-09-13T15:48:16.607351+00:00,1789314496.5551867,0.052164316177368164,0.8868487435888435,-0.4018945457516182,0.303556352853775,-0.8509158301637327,control_pose,robot_origin,robot_origin
26.851377507000507,2026-09-13T15:48:16.628856+00:00,1789314496.5107493,0.11810660362243652,0.8868469047848617,-0.4018992184532978,0.3035545707806365,-0.8509697605064671,control_pose,robot_origin,robot_origin
26.889153554000586,2026-09-13T15:48:16.666629+00:00,1789314496.61638,0.05024909973144531,0.8869099435378074,-0.4018211856749382,0.3035544455051422,-0.8507085305899289,control_pose,robot_origin,robot_origin
26.912518920000366,2026-09-13T15:48:16.689995+00:00,1789314496.5857375,0.10425758361816406,0.8869008139908691,-0.40186125635183034,0.3035561429419171,-0.8507997985202336,control_pose,robot_origin,robot_origin
26.956704973000342,2026-09-13T15:48:16.734174+00:00,1789314496.6760426,0.05813145637512207,0.8870356586348658,-0.40190425943494307,0.3035604953765869,-0.8507266523482289,control_pose,robot_origin,robot_origin
26.960660712999925,2026-09-13T15:48:16.738151+00:00,1789314496.6498916,0.08825945854187012,0.8869805556108674,-0.40186784682024296,0.3035578436170194,-0.850718713596186,control_pose,robot_origin,robot_origin
26.996154387000388,2026-09-13T15:48:16.773629+00:00,1789314496.7351174,0.03851151466369629,0.8884144321021239,-0.4022013412576468,0.30354538559913635,-0.8503813002331697,control_pose,robot_origin,robot_origin
27.039114586999858,2026-09-13T15:48:16.816592+00:00,1789314496.721207,0.09538507461547852,0.8880897639292915,-0.4021313855942623,0.30354894359031714,-0.8504626025824745,control_pose,robot_origin,robot_origin
27.084458644000733,2026-09-13T15:48:16.861929+00:00,1789314496.7999508,0.06197810173034668,0.8919959856568616,-0.4040448951486887,0.3033401072025299,-0.847809673114254,control_pose,robot_origin,robot_origin
27.100974650999888,2026-09-13T15:48:16.878086+00:00,1789314496.7916205,0.08646559715270996,0.8915406871424101,-0.40375846800628734,0.3033273220903167,-0.8480958412785117,control_pose,robot_origin,robot_origin
27.119375508000303,2026-09-13T15:48:16.896849+00:00,1789314496.8549156,0.041933298110961914,0.8939705429944236,-0.40548481831153693,0.3035217225551605,-0.8479168182297907,control_pose,robot_origin,robot_origin
27.135966181000185,2026-09-13T15:48:16.913445+00:00,1789314496.9060066,0.0074384212493896484,0.8978408330746727,-0.4097391379737758,0.3036825954914093,-0.8465181330116808,control_pose,robot_origin,robot_origin
27.186562593000417,2026-09-13T15:48:16.964042+00:00,1789314496.867528,0.09651398658752441,0.8965208208257264,-0.4081901317966913,0.30351136179199945,-0.8475401734342835,control_pose,robot_origin,robot_origin
27.23554650799997,2026-09-13T15:48:17.013015+00:00,1789314496.959377,0.05363798141479492,0.9033766716226644,-0.4136821388001667,0.3037094473838806,-0.8455995312408219,control_pose,robot_origin,robot_origin
27.25227095399987,2026-09-13T15:48:17.029748+00:00,1789314496.9325538,0.09719419479370117,0.9004499146779041,-0.4114553728318233,0.3037392733755273,-0.845941708541988,control_pose,robot_origin,robot_origin
27.283985065000707,2026-09-13T15:48:17.061458+00:00,1789314497.0101192,0.051338911056518555,0.9102143522219798,-0.4181972620205122,0.3029133081436157,-0.8452684399761008,control_pose,robot_origin,robot_origin
27.308351675000267,2026-09-13T15:48:17.085820+00:00,1789314497.0625806,0.0232393741607666,0.9204330220079129,-0.42672040381318993,0.3026238679885864,-0.8456398409422735,control_pose,robot_origin,robot_origin
27.3236027490002,2026-09-13T15:48:17.101077+00:00,1789314497.0057034,0.09537363052368164,0.9095415226954826,-0.41765581539631347,0.30298617658263316,-0.8452811596783719,control_pose,robot_origin,robot_origin
27.38366164299987,2026-09-13T15:48:17.161139+00:00,1789314497.0755305,0.08560848236083984,0.9235162542509459,-0.4291398665683621,0.3025957268015203,-0.8454092333451573,control_pose,robot_origin,robot_origin
27.414901228999952,2026-09-13T15:48:17.192382+00:00,1789314497.1460657,0.04631638526916504,0.9397282211129994,-0.44348306869135284,0.3036205768585205,-0.8369934310777597,control_pose,robot_origin,robot_origin
27.43619695000052,2026-09-13T15:48:17.213670+00:00,1789314497.1992545,0.014415502548217773,0.9512111074602597,-0.455850637642078,0.3039654791355133,-0.8278913754993585,control_pose,robot_origin,robot_origin
27.45126160000018,2026-09-13T15:48:17.228736+00:00,1789314497.146253,0.08248281478881836,0.939760942852031,-0.44351162173109554,0.3036229623329922,-0.8369710047692246,control_pose,robot_origin,robot_origin
27.484308232999865,2026-09-13T15:48:17.261784+00:00,1789314497.2493477,0.012436389923095703,0.9623379695878047,-0.46728506312007295,0.3031010329723358,-0.8243798942596194,control_pose,robot_origin,robot_origin
27.533364150000125,2026-09-13T15:48:17.310785+00:00,1789314497.2215314,0.08925366401672363,0.9559336539835266,-0.4612304003294913,0.3036776383200011,-0.8253590964612767,control_pose,robot_origin,robot_origin
27.559695235000618,2026-09-13T15:48:17.337169+00:00,1789314497.303791,0.033377885818481445,0.9765725677407993,-0.4829126354958412,0.3026898503303528,-0.8256870322346523,control_pose,robot_origin,robot_origin
27.603204617999836,2026-09-13T15:48:17.380680+00:00,1789314497.2858894,0.09479069709777832,0.9731020679148148,-0.47871425952194124,0.30293428632845687,-0.8253627526747686,control_pose,robot_origin,robot_origin
27.640683179000007,2026-09-13T15:48:17.418163+00:00,1789314497.366319,0.051844120025634766,0.9911069994960914,-0.504491527928918,0.3065929412841797,-0.8203625385410528,control_pose,robot_origin,robot_origin
27.686211476000608,2026-09-13T15:48:17.463681+00:00,1789314497.3557818,0.10789918899536133,0.9887500413843691,-0.5016133035927707,0.3060202986431211,-0.820857792292203,control_pose,robot_origin,robot_origin
27.693109032000393,2026-09-13T15:48:17.470581+00:00,1789314497.4191668,0.05141425132751465,1.001832887597432,-0.5165051987217139,0.30716150999069214,-0.8213470719762258,control_pose,robot_origin,robot_origin
27.717352297000616,2026-09-13T15:48:17.494829+00:00,1789314497.472438,0.02239084243774414,1.016571036085575,-0.5295014842634918,0.30607399344444275,-0.8226979264455934,control_pose,robot_origin,robot_origin
27.766458205000163,2026-09-13T15:48:17.543935+00:00,1789314497.421504,0.12243103981018066,1.0026184101270044,-0.517169753295197,0.30711914055275946,-0.8213187458306148,control_pose,robot_origin,robot_origin
27.847463462000633,2026-09-13T15:48:17.624938+00:00,1789314497.525933,0.09900498390197754,1.0320261658929648,-0.5435869269696226,0.3038282096385956,-0.8237787117296841,control_pose,robot_origin,robot_origin
27.86869703100001,2026-09-13T15:48:17.646173+00:00,1789314497.4938254,0.15234756469726562,1.02224057274959,-0.5346173175226406,0.3053414433395261,-0.8233358039253368,control_pose,robot_origin,robot_origin
27.90988432300037,2026-09-13T15:48:17.687351+00:00,1789314497.595972,0.09137892723083496,1.0520049719112667,-0.5609920943341785,0.2998996675014496,-0.823823263788609,control_pose,robot_origin,robot_origin
27.941447758999857,2026-09-13T15:48:17.718858+00:00,1789314497.5575163,0.16134166717529297,1.0415248742999115,-0.5519651571007217,0.301905203833284,-0.8238960593008181,control_pose,robot_origin,robot_origin
27.96895710700028,2026-09-13T15:48:17.746178+00:00,1789314497.6995165,0.046661376953125,1.075467439279072,-0.5761328726521269,0.30310094356536865,-0.8283339902095596,control_pose,robot_origin,robot_origin
28.00157242200021,2026-09-13T15:48:17.779047+00:00,1789314497.755897,0.023149967193603516,1.080806555559477,-0.5814776874132369,0.3051343560218811,-0.8245620718108151,control_pose,robot_origin,robot_origin
28.02377824300038,2026-09-13T15:48:17.801255+00:00,1789314497.700972,0.10028290748596191,1.0755034989546846,-0.5761121922074102,0.303178019051104,-0.8281769408913205,control_pose,robot_origin,robot_origin
28.04795618800017,2026-09-13T15:48:17.825432+00:00,1789314497.812557,0.012875080108642578,1.0822307295180935,-0.5853515057295904,0.3051070272922516,-0.8240028954561303,control_pose,robot_origin,robot_origin
28.101176189999933,2026-09-13T15:48:17.878654+00:00,1789314497.7877398,0.09091424942016602,1.0805950410976812,-0.5827686356081362,0.30536495259902124,-0.8243501658615523,control_pose,robot_origin,robot_origin
28.12990268700014,2026-09-13T15:48:17.907379+00:00,1789314497.8660073,0.04137158393859863,1.0821447107513087,-0.5887067547024022,0.3061074912548065,-0.8191245428885282,control_pose,robot_origin,robot_origin
28.140273359000275,2026-09-13T15:48:17.917733+00:00,1789314497.8406775,0.07705545425415039,1.0823030712150874,-0.5869400301550926,0.3054697438910796,-0.8214916922072125,control_pose,robot_origin,robot_origin
28.173993103000612,2026-09-13T15:48:17.951470+00:00,1789314497.9225109,0.028959035873413086,1.0820817316929956,-0.5891571588419459,0.30651959776878357,-0.8154900795689074,control_pose,robot_origin,robot_origin
28.224749846000122,2026-09-13T15:48:18.002231+00:00,1789314497.9146962,0.08753466606140137,1.0820589596385883,-0.589187920445915,0.30655585964188764,-0.8157811715745434,control_pose,robot_origin,robot_origin
28.246495188000154,2026-09-13T15:48:18.023973+00:00,1789314497.9757602,0.04821276664733887,1.0820340288869312,-0.5879124351044013,0.30648449063301086,-0.8159394205253186,control_pose,robot_origin,robot_origin
28.295420871000715,2026-09-13T15:48:18.072892+00:00,1789314497.9839408,0.08895111083984375,1.081987156000992,-0.5877126414957704,0.3064109523558763,-0.8159818028616411,control_pose,robot_origin,robot_origin
28.31942694999998,2026-09-13T15:48:18.096897+00:00,1789314498.0524566,0.044440269470214844,1.0815678412431615,-0.5866571098886871,0.3061980605125427,-0.8154162475893554,control_pose,robot_origin,robot_origin
28.35756542800027,2026-09-13T15:48:18.135046+00:00,1789314498.1059453,0.029100656509399414,1.0813385843358587,-0.5865692391205737,0.30633360147476196,-0.8149936030014558,control_pose,robot_origin,robot_origin
28.415448865000144,2026-09-13T15:48:18.192941+00:00,1789314498.0668526,0.12608838081359863,1.0814817210595509,-0.586578007525499,0.3062281418050414,-0.8152934005682693,control_pose,robot_origin,robot_origin
28.501259010000467,2026-09-13T15:48:18.278559+00:00,1789314498.1698015,0.10875749588012695,1.0814422018522019,-0.5866574537263418,0.3064265847206116,-0.8149217180997145,control_pose,robot_origin,robot_origin
28.504177528000582,2026-09-13T15:48:18.281652+00:00,1789314498.1275558,0.15409612655639648,1.081332797004148,-0.5866103063433796,0.3063733685539751,-0.8149685976080291,control_pose,robot_origin,robot_origin
28.53539819300022,2026-09-13T15:48:18.312624+00:00,1789314498.2324593,0.08016467094421387,1.081677486828201,-0.5865945387394713,0.3068543076515198,-0.8146042343280149,control_pose,robot_origin,robot_origin
28.581224984000073,2026-09-13T15:48:18.358699+00:00,1789314498.1943438,0.16435527801513672,1.0815343602203757,-0.5866328106631841,0.306594118780853,-0.8147973622056329,control_pose,robot_origin,robot_origin
28.597320898999897,2026-09-13T15:48:18.374804+00:00,1789314498.2991796,0.07562446594238281,1.0817462769121768,-0.5864982833258559,0.3070390224456787,-0.8143783693504004,control_pose,robot_origin,robot_origin
28.653637606999837,2026-09-13T15:48:18.431119+00:00,1789314498.262413,0.16870594024658203,1.08170836982927,-0.5865513253012871,0.3069372345336481,-0.8145028322123963,control_pose,robot_origin,robot_origin
28.670491507000406,2026-09-13T15:48:18.447971+00:00,1789314498.369691,0.07828021049499512,1.0816967854453101,-0.5865113303050302,0.3070359230041504,-0.814509594206817,control_pose,robot_origin,robot_origin
28.691360385000735,2026-09-13T15:48:18.468837+00:00,1789314498.3489833,0.11985373497009277,1.0817113200384985,-0.5865074986842151,0.3070368332443307,-0.8144710561259227,control_pose,robot_origin,robot_origin
28.71305276000021,2026-09-13T15:48:18.490531+00:00,1789314498.4324098,0.0581212043762207,1.0814592811726134,-0.586649094432014,0.307068407535553,-0.8144430245165272,control_pose,robot_origin,robot_origin
28.7292987740002,2026-09-13T15:48:18.506776+00:00,1789314498.4010441,0.10573196411132812,1.0815780572207565,-0.5865801984985084,0.30705216199932756,-0.8144763181787402,control_pose,robot_origin,robot_origin
28.758125277000545,2026-09-13T15:48:18.535594+00:00,1789314498.4926395,0.042954444885253906,1.0815608691732945,-0.5871665586837923,0.307095468044281,-0.814931668181224,control_pose,robot_origin,robot_origin
28.784280367000065,2026-09-13T15:48:18.561760+00:00,1789314498.479502,0.08225798606872559,1.0815387100769887,-0.5870536857055556,0.30708956541390175,-0.8148250613634715,control_pose,robot_origin,robot_origin
28.821536428999934,2026-09-13T15:48:18.599014+00:00,1789314498.5458982,0.0531158447265625,1.0819336408578464,-0.5894942955993796,0.30730146169662476,-0.8165330202594031,control_pose,robot_origin,robot_origin
28.84185518800041,2026-09-13T15:48:18.619332+00:00,1789314498.5991576,0.020174503326416016,1.0853027800143027,-0.5921351078055191,0.3069682717323303,-0.8219153225883761,control_pose,robot_origin,robot_origin
28.89453485500053,2026-09-13T15:48:18.672008+00:00,1789314498.5422742,0.12973380088806152,1.0818993849416032,-0.5892968061655096,0.3072821598197246,-0.8164166414530605,control_pose,robot_origin,robot_origin
28.910372881000512,2026-09-13T15:48:18.687855+00:00,1789314498.652965,0.034889936447143555,1.092917656670967,-0.5962898863204678,0.30626967549324036,-0.8287318331025526,control_pose,robot_origin,robot_origin
28.923682648000067,2026-09-13T15:48:18.701159+00:00,1789314498.6132596,0.08789944648742676,1.0873740424523022,-0.5936897767304837,0.30661479673918657,-0.8238673654193475,control_pose,robot_origin,robot_origin
28.95273574100065,2026-09-13T15:48:18.730220+00:00,1789314498.705725,0.02449512481689453,1.101934826713822,-0.6026792464871548,0.30611497163772583,-0.8336901026990156,control_pose,robot_origin,robot_origin
28.99877526199998,2026-09-13T15:48:18.776253+00:00,1789314498.6950455,0.0812075138092041,1.1004289587799845,-0.6016854440255287,0.3061363536904508,-0.8327810297798626,control_pose,robot_origin,robot_origin
29.02495825999995,2026-09-13T15:48:18.802434+00:00,1789314498.7589643,0.04346966743469238,1.109307590013342,-0.6078688053298403,0.30595269799232483,-0.834162312439121,control_pose,robot_origin,robot_origin
29.044734869000422,2026-09-13T15:48:18.822210+00:00,1789314498.8126993,0.00951075553894043,1.1157216538459296,-0.613150753967758,0.30579251050949097,-0.8328425177786268,control_pose,robot_origin,robot_origin
29.074505718000182,2026-09-13T15:48:18.851984+00:00,1789314498.7627633,0.08922076225280762,1.109907212811495,-0.6083868012846078,0.30592041899431455,-0.8339668736888777,control_pose,robot_origin,robot_origin
29.113397221000014,2026-09-13T15:48:18.890873+00:00,1789314498.863166,0.02770686149597168,1.1241226403276863,-0.6195513164709784,0.30536577105522156,-0.8352407302832766,control_pose,robot_origin,robot_origin
29.138927015000263,2026-09-13T15:48:18.916398+00:00,1789314498.825581,0.09081697463989258,1.1176102576406164,-0.6146666265580434,0.3056836316260985,-0.8330826216246464,control_pose,robot_origin,robot_origin
29.201775694999924,2026-09-13T15:48:18.979255+00:00,1789314498.9158041,0.06345081329345703,1.1377898349073254,-0.6297648948467043,0.304214209318161,-0.8397383291770615,control_pose,robot_origin,robot_origin
29.22548583200023,2026-09-13T15:48:19.002970+00:00,1789314498.8910422,0.11192774772644043,1.131068572649401,-0.6247502064178698,0.3048203226035038,-0.8376659683867845,control_pose,robot_origin,robot_origin
29.262387602000672,2026-09-13T15:48:19.039863+00:00,1789314498.9891236,0.05073952674865723,1.1546222472678522,-0.648545924645678,0.3051329255104065,-0.8304275122903555,control_pose,robot_origin,robot_origin
29.275888526000017,2026-09-13T15:48:19.053361+00:00,1789314498.964733,0.08862805366516113,1.149022720093779,-0.6422981638099791,0.3048273022774703,-0.8335380365821797,control_pose,robot_origin,robot_origin
29.319081051000467,2026-09-13T15:48:19.096554+00:00,1789314499.0426717,0.05388236045837402,1.1691509200440724,-0.6596094142238162,0.3043663799762726,-0.8261289810555807,control_pose,robot_origin,robot_origin
29.376983391000067,2026-09-13T15:48:19.154459+00:00,1789314499.0412526,0.11320638656616211,1.1688425901175488,-0.6592899195457137,0.3043528424145158,-0.8262284493552626,control_pose,robot_origin,robot_origin
29.436447371000213,2026-09-13T15:48:19.213933+00:00,1789314499.1405845,0.0733485221862793,1.189442406512294,-0.689239364221941,0.3068165183067322,-0.8203978854042921,control_pose,robot_origin,robot_origin
29.45509359300013,2026-09-13T15:48:19.232567+00:00,1789314499.1135724,0.11899471282958984,1.1817040173356892,-0.679307329770151,0.30580563993268023,-0.8217661077318987,control_pose,robot_origin,robot_origin
29.480948127000374,2026-09-13T15:48:19.258423+00:00,1789314499.1785274,0.0798957347869873,1.1963167690679257,-0.6989745248794318,0.30638882023694664,-0.819165300416692,control_pose,robot_origin,robot_origin
29.510848875000192,2026-09-13T15:48:19.288297+00:00,1789314499.2457683,0.042528629302978516,1.2108276354268428,-0.7150015252471796,0.30450814962387085,-0.8237469756995497,control_pose,robot_origin,robot_origin
29.53933516899997,2026-09-13T15:48:19.316810+00:00,1789314499.2401567,0.07665324211120605,1.2095927305392657,-0.713676542715106,0.30467661982122,-0.823295855780395,control_pose,robot_origin,robot_origin
29.575533809000262,2026-09-13T15:48:19.353009+00:00,1789314499.2989652,0.05404376983642578,1.2265207495837607,-0.7302271479814313,0.30220139026641846,-0.8272550918271683,control_pose,robot_origin,robot_origin
29.597561423000116,2026-09-13T15:48:19.375051+00:00,1789314499.3606555,0.014395475387573242,1.2485250119124245,-0.7488463364549659,0.3004513084888458,-0.8274985474524696,control_pose,robot_origin,robot_origin
29.625236574000155,2026-09-13T15:48:19.402715+00:00,1789314499.3108218,0.09189319610595703,1.229901314771905,-0.7334675347565937,0.3014198274224321,-0.8273649192310369,control_pose,robot_origin,robot_origin
29.659587906000525,2026-09-13T15:48:19.437054+00:00,1789314499.4124372,0.024616718292236328,1.259237801594622,-0.7507826367239532,0.29951170086860657,-0.832374249630191,control_pose,robot_origin,robot_origin
29.68388566500016,2026-09-13T15:48:19.461361+00:00,1789314499.3812633,0.08009767532348633,1.252532025743223,-0.7492276563583874,0.2994594517262574,-0.8293280440429746,control_pose,robot_origin,robot_origin
29.7129136930007,2026-09-13T15:48:19.490403+00:00,1789314499.4754822,0.014920711517333984,1.267743850083144,-0.755201554019721,0.3023548424243927,-0.8324192174080761,control_pose,robot_origin,robot_origin
29.77671669100073,2026-09-13T15:48:19.554183+00:00,1789314499.4546294,0.09955358505249023,1.2678562847483728,-0.7554892453453312,0.30225577871447334,-0.8324504772626662,control_pose,robot_origin,robot_origin
29.81315577800069,2026-09-13T15:48:19.590630+00:00,1789314499.5390415,0.05158853530883789,1.2778485863438498,-0.761299315159009,0.3029640018939972,-0.8366614408005925,control_pose,robot_origin,robot_origin
29.826016556000468,2026-09-13T15:48:19.603491+00:00,1789314499.523119,0.08037209510803223,1.2760204493291123,-0.7599084695121242,0.302822295529866,-0.8353401228624691,control_pose,robot_origin,robot_origin
29.857028934000482,2026-09-13T15:48:19.634507+00:00,1789314499.5957437,0.03876328468322754,1.2820975208633218,-0.7655787268216221,0.30367961525917053,-0.8384525946265063,control_pose,robot_origin,robot_origin
29.88541716800046,2026-09-13T15:48:19.662885+00:00,1789314499.6470892,0.01579570770263672,1.2824849168398784,-0.7674635546003006,0.3053031265735626,-0.8323874393831241,control_pose,robot_origin,robot_origin
29.915624033999848,2026-09-13T15:48:19.692953+00:00,1789314499.5960743,0.0968787670135498,1.2821076525690753,-0.7655933689478391,0.3036957933042542,-0.8384242688915913,control_pose,robot_origin,robot_origin
29.970762885000113,2026-09-13T15:48:19.748239+00:00,1789314499.6686268,0.07961225509643555,1.2826894189080809,-0.7675191459666608,0.3054743371737171,-0.830699436822851,control_pose,robot_origin,robot_origin
30.016641961999994,2026-09-13T15:48:19.794122+00:00,1789314499.7457235,0.048398494720458984,1.2827018389580012,-0.7667782240411118,0.3057924509048462,-0.8306676295796172,control_pose,robot_origin,robot_origin
30.045787028000632,2026-09-13T15:48:19.823263+00:00,1789314499.73646,0.08680295944213867,1.2827318693381804,-0.766908423032092,0.305767139312348,-0.8304082320821459,control_pose,robot_origin,robot_origin
30.073084499000288,2026-09-13T15:48:19.850499+00:00,1789314499.8057315,0.04476737976074219,1.2826251922202996,-0.7661678436646103,0.30587461590766907,-0.8310842025355984,control_pose,robot_origin,robot_origin
30.111793187999865,2026-09-13T15:48:19.889271+00:00,1789314499.8075883,0.08168268203735352,1.28262297962411,-0.7661590951039066,0.30587642693255207,-0.8310472990100267,control_pose,robot_origin,robot_origin
30.138515225000447,2026-09-13T15:48:19.915994+00:00,1789314499.8789196,0.03707432746887207,1.2825648491228359,-0.7659794806125113,0.30590492486953735,-0.8302646651153145,control_pose,robot_origin,robot_origin
30.17837967700052,2026-09-13T15:48:19.955852+00:00,1789314499.8724518,0.08340024948120117,1.2825660072128469,-0.7659836513136011,0.30590514587229845,-0.8303017523248551,control_pose,robot_origin,robot_origin
30.211563884000498,2026-09-13T15:48:19.989009+00:00,1789314499.9390252,0.04998373985290527,1.2826177925798758,-0.7662234385347972,0.30591195821762085,-0.830996456711259,control_pose,robot_origin,robot_origin
30.244644426000377,2026-09-13T15:48:20.022120+00:00,1789314499.9400496,0.08207035064697266,1.2826192453154557,-0.7662251554950996,0.30591209337707254,-0.8310043953876609,control_pose,robot_origin,robot_origin
30.25809535799999,2026-09-13T15:48:20.035576+00:00,1789314499.995567,0.0400090217590332,1.2828682249810837,-0.7663045462933707,0.30591583251953125,-0.8309961745033154,control_pose,robot_origin,robot_origin
30.314239895000355,2026-09-13T15:48:20.091666+00:00,1789314500.01068,0.08098602294921875,1.282901499864674,-0.7662856297585365,0.3059159619954885,-0.8309061891653983,control_pose,robot_origin,robot_origin
30.338298387000577,2026-09-13T15:48:20.115780+00:00,1789314500.0788398,0.03694033622741699,1.2830943622481994,-0.7662223019317841,0.3059117794036865,-0.830558051002407,control_pose,robot_origin,robot_origin
30.37468536400047,2026-09-13T15:48:20.152167+00:00,1789314500.1329021,0.019264936447143555,1.2831151906293219,-0.7662520394599224,0.3059110939502716,-0.8307285979415113,control_pose,robot_origin,robot_origin
30.384887369000353,2026-09-13T15:48:20.162346+00:00,1789314500.085934,0.07641196250915527,1.283107921143568,-0.7662234688533559,0.3059120055029995,-0.8305795210225617,control_pose,robot_origin,robot_origin
30.419922750000296,2026-09-13T15:48:20.197399+00:00,1789314500.1858423,0.011556625366210938,1.2829913989316435,-0.7663417231456326,0.30591705441474915,-0.8312177141491119,control_pose,robot_origin,robot_origin
30.461835840000276,2026-09-13T15:48:20.239311+00:00,1789314500.1713634,0.0679476261138916,1.2830356820845106,-0.7663101916740923,0.30591584914257663,-0.8311105723758302,control_pose,robot_origin,robot_origin
30.49704695499986,2026-09-13T15:48:20.274527+00:00,1789314500.2392006,0.035326480865478516,1.283460896333367,-0.7668943061905552,0.30593082308769226,-0.831300793561918,control_pose,robot_origin,robot_origin
30.520450164000067,2026-09-13T15:48:20.297923+00:00,1789314500.2230396,0.07488346099853516,1.2833937665882247,-0.7668167838175163,0.3059252922200373,-0.831247477082231,control_pose,robot_origin,robot_origin
30.554715878000025,2026-09-13T15:48:20.332195+00:00,1789314500.2934246,0.038770437240600586,1.2838571575159754,-0.7698582244032316,0.3067638576030731,-0.831701054269486,control_pose,robot_origin,robot_origin
30.60951365100027,2026-09-13T15:48:20.386920+00:00,1789314500.2918,0.09511995315551758,1.283803625723124,-0.7698335478964814,0.30675082187381786,-0.8316720385287926,control_pose,robot_origin,robot_origin
30.655211480000617,2026-09-13T15:48:20.432678+00:00,1789314500.3489912,0.08368682861328125,1.2879038456145373,-0.772633548635883,0.30546674132347107,-0.8328807431423488,control_pose,robot_origin,robot_origin
30.695376699000008,2026-09-13T15:48:20.472791+00:00,1789314500.3610373,0.11175370216369629,1.2894619066142097,-0.77380744496882,0.3053443293371844,-0.8331348147510426,control_pose,robot_origin,robot_origin
30.77064597900062,2026-09-13T15:48:20.548101+00:00,1789314500.4689262,0.07917475700378418,1.303839162790403,-0.7856745334361964,0.30462363362312317,-0.83606548151398,control_pose,robot_origin,robot_origin
30.79103088300053,2026-09-13T15:48:20.568507+00:00,1789314500.5195732,0.04893374443054199,1.3116483172719604,-0.7932180927886767,0.3042736053466797,-0.8381733758033528,control_pose,robot_origin,robot_origin
30.850712959000703,2026-09-13T15:48:20.628181+00:00,1789314500.5148993,0.1132817268371582,1.3109757130428408,-0.7925659238697507,0.3043527417544329,-0.8380371050616513,control_pose,robot_origin,robot_origin
30.923378610999862,2026-09-13T15:48:20.700861+00:00,1789314500.5821233,0.11873769760131836,1.318366304968802,-0.8011832789837243,0.30379417538642883,-0.8363280024472669,control_pose,robot_origin,robot_origin
30.952590977,2026-09-13T15:48:20.730058+00:00,1789314500.5825148,0.14754319190979004,1.3184184321763244,-0.8012378635855436,0.30379088221938166,-0.836311764856554,control_pose,robot_origin,robot_origin
31.01770590600063,2026-09-13T15:48:20.795185+00:00,1789314500.6904602,0.10472488403320312,1.3367372654869043,-0.8212480153282805,0.30287373065948486,-0.8370483310946365,control_pose,robot_origin,robot_origin
31.027047322000726,2026-09-13T15:48:20.804496+00:00,1789314500.6477911,0.15670490264892578,1.328600909477864,-0.8122540842448616,0.3032869161483084,-0.836581811896981,control_pose,robot_origin,robot_origin
31.101164519000122,2026-09-13T15:48:20.878638+00:00,1789314500.8356252,0.04301285743713379,1.3741752460686412,-0.8614847981970368,0.30133235454559326,-0.8339069770693672,control_pose,robot_origin,robot_origin
31.12432564900064,2026-09-13T15:48:20.901803+00:00,1789314500.8863673,0.01543569564819336,1.3858445495409344,-0.8796332893814549,0.305524080991745,-0.8297325208518013,control_pose,robot_origin,robot_origin
31.174007313999937,2026-09-13T15:48:20.951484+00:00,1789314500.8753278,0.0761561393737793,1.3839941348283906,-0.8771736686292574,0.3048874615790209,-0.8298841138988577,control_pose,robot_origin,robot_origin
31.20541778400002,2026-09-13T15:48:20.982897+00:00,1789314500.9387765,0.04412055015563965,1.39741618474336,-0.8926107370943116,0.30686429142951965,-0.8281176472074125,control_pose,robot_origin,robot_origin
31.233259061999888,2026-09-13T15:48:21.010737+00:00,1789314500.9305022,0.08023476600646973,1.3951743412059254,-0.8902527623437426,0.3066382266426316,-0.8284474578057486,control_pose,robot_origin,robot_origin
31.27249289000065,2026-09-13T15:48:21.049973+00:00,1789314501.0055153,0.04445767402648926,1.4143448310120263,-0.9080516837991768,0.3062622845172882,-0.8268510845632812,control_pose,robot_origin,robot_origin
31.29788834900046,2026-09-13T15:48:21.075355+00:00,1789314500.9956172,0.07973790168762207,1.411832098267451,-0.9058155507634122,0.3064559506766528,-0.8268739597126619,control_pose,robot_origin,robot_origin
31.3157989500005,2026-09-13T15:48:21.093276+00:00,1789314501.0588996,0.03437638282775879,1.4300254452310035,-0.9217590017330768,0.3040176331996918,-0.8284256294486976,control_pose,robot_origin,robot_origin
31.342441735000648,2026-09-13T15:48:21.119892+00:00,1789314501.109416,0.010475873947143555,1.4425589232481415,-0.9327293012436247,0.3016076683998108,-0.8277073567877865,control_pose,robot_origin,robot_origin
31.36995064600069,2026-09-13T15:48:21.147425+00:00,1789314501.0675051,0.07991981506347656,1.4327762519539309,-0.9239739132636505,0.3035447695684984,-0.8286255556321025,control_pose,robot_origin,robot_origin
31.4099968670007,2026-09-13T15:48:21.187474+00:00,1789314501.1667032,0.020770788192749023,1.4535231166374873,-0.941475684129578,0.30153313279151917,-0.8277603013602354,control_pose,robot_origin,robot_origin
31.460814538000704,2026-09-13T15:48:21.238287+00:00,1789314501.139751,0.09853601455688477,1.4505852055496762,-0.9391922474426805,0.3015349526410848,-0.8273606828761454,control_pose,robot_origin,robot_origin
31.48979182899984,2026-09-13T15:48:21.267241+00:00,1789314501.2215288,0.04571223258972168,1.464387406852971,-0.9478207217041603,0.30260661244392395,-0.8316420386232777,control_pose,robot_origin,robot_origin
31.514426614000513,2026-09-13T15:48:21.291905+00:00,1789314501.2100685,0.08183646202087402,1.4637644940464591,-0.9476284590989177,0.3023868756866079,-0.8312446647787762,control_pose,robot_origin,robot_origin
31.54659330300001,2026-09-13T15:48:21.324074+00:00,1789314501.2792094,0.044864654541015625,1.4675516433755929,-0.9504816682809929,0.3037426471710205,-0.8270739133708936,control_pose,robot_origin,robot_origin
31.583652934999918,2026-09-13T15:48:21.361131+00:00,1789314501.2722237,0.08890724182128906,1.4671362552900113,-0.9500566373022439,0.30361150378723234,-0.8276672880318506,control_pose,robot_origin,robot_origin
31.61144665000029,2026-09-13T15:48:21.388922+00:00,1789314501.332166,0.056756019592285156,1.468095694415638,-0.9503489622396546,0.30364182591438293,-0.8233698337372881,control_pose,robot_origin,robot_origin
31.66328054800033,2026-09-13T15:48:21.440756+00:00,1789314501.3443983,0.09635782241821289,1.4679018146927671,-0.9499624908112523,0.30362133900253363,-0.8226966488268589,control_pose,robot_origin,robot_origin
31.689035252000394,2026-09-13T15:48:21.466513+00:00,1789314501.428916,0.037596940994262695,1.4662687148445903,-0.9467534144895801,0.3045494258403778,-0.8165432057111681,control_pose,robot_origin,robot_origin
31.719714550999925,2026-09-13T15:48:21.497189+00:00,1789314501.4125557,0.08463335037231445,1.4665698382141195,-0.9473423677127567,0.304293517705487,-0.8177545906020844,control_pose,robot_origin,robot_origin
31.76435678100006,2026-09-13T15:48:21.541834+00:00,1789314501.48548,0.05635404586791992,1.4659499916219898,-0.9457298956377527,0.3047789931297302,-0.812288078829923,control_pose,robot_origin,robot_origin
31.805255236999983,2026-09-13T15:48:21.582744+00:00,1789314501.4849892,0.09775471687316895,1.4659515223518462,-0.9457367915623489,0.3047773827640559,-0.8123239126949907,control_pose,robot_origin,robot_origin
31.83625985800063,2026-09-13T15:48:21.613735+00:00,1789314501.5587213,0.05501365661621094,1.4661330787236195,-0.945298113184727,0.3048849403858185,-0.8105381815233909,control_pose,robot_origin,robot_origin
31.902092050000647,2026-09-13T15:48:21.679566+00:00,1789314501.556057,0.12350893020629883,1.466127903434044,-0.9453159370450259,0.30488093430078694,-0.8105831646520555,control_pose,robot_origin,robot_origin
31.93202277399996,2026-09-13T15:48:21.709502+00:00,1789314501.6727395,0.03676247596740723,1.46589462686595,-0.9444229303830634,0.3048396408557892,-0.8085509653399019,control_pose,robot_origin,robot_origin
31.969729815999926,2026-09-13T15:48:21.747085+00:00,1789314501.6281674,0.11891770362854004,1.4660374539891785,-0.9448894940061078,0.30486011508109334,-0.8095900659030104,control_pose,robot_origin,robot_origin
32.045863096000176,2026-09-13T15:48:21.823335+00:00,1789314501.7141361,0.10919880867004395,1.465755999893027,-0.9441104290522973,0.30482401567489953,-0.807800894617845,control_pose,robot_origin,robot_origin
32.07088404300066,2026-09-13T15:48:21.848362+00:00,1789314501.7888975,0.059464454650878906,1.4655589907571627,-0.9437724868699845,0.3051418364048004,-0.8068295441487867,control_pose,robot_origin,robot_origin
32.11084820399992,2026-09-13T15:48:21.888289+00:00,1789314501.7698133,0.11847567558288574,1.4656075148420156,-0.9438512565369096,0.30504925018246404,-0.8070648139050048,control_pose,robot_origin,robot_origin
32.14151617400057,2026-09-13T15:48:21.918999+00:00,1789314501.8754795,0.04351949691772461,1.465272567356558,-0.9434366810865891,0.30500319600105286,-0.8056235642445683,control_pose,robot_origin,robot_origin
32.17842004200065,2026-09-13T15:48:21.955888+00:00,1789314501.8361158,0.11977219581604004,1.4654027873232016,-0.9435893523341903,0.30506622768321773,-0.8061718530768983,control_pose,robot_origin,robot_origin
32.225223827000264,2026-09-13T15:48:22.002701+00:00,1789314501.9018333,0.10086774826049805,1.465168594565116,-0.9433377567845358,0.30494602756624434,-0.8053526614989006,control_pose,robot_origin,robot_origin
32.25677071900009,2026-09-13T15:48:22.034256+00:00,1789314501.9936068,0.0406491756439209,1.4649654325093246,-0.943048688403376,0.3049090504646301,-0.8051611596394781,control_pose,robot_origin,robot_origin
32.31802698899992,2026-09-13T15:48:22.095506+00:00,1789314501.9752574,0.12024855613708496,1.465004356008019,-0.9431058935541992,0.30491471237726636,-0.8051914237231109,control_pose,robot_origin,robot_origin
32.33203869099998,2026-09-13T15:48:22.109516+00:00,1789314502.0587318,0.05078411102294922,1.464900237791564,-0.9442443228787373,0.30672380328178406,-0.8343454760953142,control_pose,robot_origin,robot_origin
32.348534901000676,2026-09-13T15:48:22.126006+00:00,1789314502.040602,0.0854039192199707,1.4648087894439163,-0.9439550949386368,0.30612333869549746,-0.8211390343619892,control_pose,robot_origin,robot_origin
32.38168318000044,2026-09-13T15:48:22.159165+00:00,1789314502.1203854,0.038779497146606445,1.4663022230190805,-0.9438102405095533,0.3082144558429718,-0.8749624926207982,control_pose,robot_origin,robot_origin
32.405946425000366,2026-09-13T15:48:22.183424+00:00,1789314502.1723602,0.011063814163208008,1.4684707030539674,-0.9426895255755217,0.3090096712112427,-0.9095796683826677,control_pose,robot_origin,robot_origin
32.43940888900033,2026-09-13T15:48:22.216886+00:00,1789314502.117931,0.09895515441894531,1.4662464062663505,-0.9438275224807107,0.3081551090083681,-0.8733453692921832,control_pose,robot_origin,robot_origin
32.49475381499997,2026-09-13T15:48:22.272231+00:00,1789314502.1818504,0.09038066864013672,1.4688455036334502,-0.9425646676427506,0.30903289977327075,-0.9150098402268307,control_pose,robot_origin,robot_origin
32.54406674200072,2026-09-13T15:48:22.321546+00:00,1789314502.2655537,0.05599236488342285,1.4722567667055586,-0.9412095744499717,0.31000474095344543,-0.965327609519853,control_pose,robot_origin,robot_origin
32.56656000200019,2026-09-13T15:48:22.344035+00:00,1789314502.2561374,0.08789753913879395,1.471870814595664,-0.9413673027199416,0.3098794441637134,-0.9596166926610343,control_pose,robot_origin,robot_origin
32.591011208000054,2026-09-13T15:48:22.368500+00:00,1789314502.3253734,0.043126583099365234,1.4747106031094512,-0.9404870854372266,0.31037312746047974,-1.0015385215774348,control_pose,robot_origin,robot_origin
32.61243172400009,2026-09-13T15:48:22.389909+00:00,1789314502.3755927,0.014316320419311523,1.4764781775844757,-0.9398277140537126,0.3106614649295807,-1.0279174538436862,control_pose,robot_origin,robot_origin
32.64668932800032,2026-09-13T15:48:22.424168+00:00,1789314502.3303585,0.09380960464477539,1.4749100310670096,-0.9403847049689259,0.3104205492592611,-1.004127300808753,control_pose,robot_origin,robot_origin
32.691143974000624,2026-09-13T15:48:22.468617+00:00,1789314502.428851,0.03976607322692871,1.478109657738649,-0.9397561556114031,0.3106919229030609,-1.0593892751925111,control_pose,robot_origin,robot_origin
32.71706541399999,2026-09-13T15:48:22.494541+00:00,1789314502.4065318,0.08800911903381348,1.477323377388811,-0.939822224073064,0.31065998169285153,-1.0469839233246314,control_pose,robot_origin,robot_origin
32.787570188000245,2026-09-13T15:48:22.565041+00:00,1789314502.4641254,0.10091567039489746,1.4792042326282544,-0.9397132429669394,0.3106608063113129,-1.078549520511013,control_pose,robot_origin,robot_origin
32.821483301000626,2026-09-13T15:48:22.598965+00:00,1789314502.545448,0.05351686477661133,1.4817885534428155,-0.9399320111036366,0.3102058172225952,-1.123320283963278,control_pose,robot_origin,robot_origin
32.84544714799995,2026-09-13T15:48:22.622916+00:00,1789314502.5324354,0.09048056602478027,1.481370527037968,-0.939893927156942,0.3102801423748813,-1.1161046437307656,control_pose,robot_origin,robot_origin
32.89009426600023,2026-09-13T15:48:22.667571+00:00,1789314502.6265817,0.04098939895629883,1.4834714199986199,-0.9407047281890422,0.3096996247768402,-1.1662860212519393,control_pose,robot_origin,robot_origin
32.93285730400021,2026-09-13T15:48:22.710336+00:00,1789314502.6131847,0.09715127944946289,1.483193538678036,-0.9405771342075767,0.30978320919701346,-1.1591930494930656,control_pose,robot_origin,robot_origin
32.98506483900019,2026-09-13T15:48:22.762553+00:00,1789314502.7023082,0.06024479866027832,1.483688280069708,-0.9420627772748531,0.3077833354473114,-1.2072879701345016,control_pose,robot_origin,robot_origin
33.004870174000644,2026-09-13T15:48:22.782345+00:00,1789314502.6788576,0.10348749160766602,1.4836774029756659,-0.9416270976154091,0.30828640540064595,-1.194552765038235,control_pose,robot_origin,robot_origin
33.05324301300061,2026-09-13T15:48:22.830720+00:00,1789314502.765353,0.06536698341369629,1.48286754236656,-0.9431088118828395,0.30729153752326965,-1.239086239455417,control_pose,robot_origin,robot_origin
33.08057413700044,2026-09-13T15:48:22.858038+00:00,1789314502.7447407,0.1132972240447998,1.4831358803961348,-0.9427668136238379,0.3074523295587518,-1.2286900266833716,control_pose,robot_origin,robot_origin
33.10608262900041,2026-09-13T15:48:22.883568+00:00,1789314502.8252997,0.05826830863952637,1.4816985491460068,-0.9439087654357982,0.30676496028900146,-1.2704462466115962,control_pose,robot_origin,robot_origin
33.193990159999885,2026-09-13T15:48:22.971470+00:00,1789314502.8094223,0.1620478630065918,1.4820081705268346,-0.9436968884810728,0.30690443036249726,-1.2621400641918843,control_pose,robot_origin,robot_origin
33.19954443400002,2026-09-13T15:48:22.977025+00:00,1789314502.899192,0.07783293724060059,1.4795929536383645,-0.9447377112963475,0.30642420053482056,-1.3109625365730149,control_pose,robot_origin,robot_origin
33.21009755200066,2026-09-13T15:48:22.987570+00:00,1789314502.8854685,0.10210156440734863,1.4800074976621593,-0.9445885905343867,0.3064907808101246,-1.303307793528033,control_pose,robot_origin,robot_origin
33.24039954700038,2026-09-13T15:48:23.017880+00:00,1789314502.9695663,0.04831361770629883,1.476791202381144,-0.9431060694168696,0.3065914511680603,-1.350227567649656,control_pose,robot_origin,robot_origin
33.28496776600059,2026-09-13T15:48:23.062443+00:00,1789314502.9505248,0.11191821098327637,1.4775492891750868,-0.943547552634942,0.30654619715201914,-1.3396034601247753,control_pose,robot_origin,robot_origin
33.29407580299994,2026-09-13T15:48:23.071553+00:00,1789314503.0219853,0.04956769943237305,1.474018205720834,-0.9436701265631263,0.3068692982196808,-1.3402925942824098,control_pose,robot_origin,robot_origin
33.335829360999924,2026-09-13T15:48:23.113212+00:00,1789314503.0245683,0.08864378929138184,1.4737673064868078,-0.9435514594492947,0.306884082735014,-1.3399113860512424,control_pose,robot_origin,robot_origin
33.358671652999874,2026-09-13T15:48:23.136146+00:00,1789314503.0794737,0.05667233467102051,1.472113596085331,-0.9426158408121948,0.30744996666908264,-1.3396995583635194,control_pose,robot_origin,robot_origin
33.392732457999955,2026-09-13T15:48:23.170198+00:00,1789314503.1320531,0.038144826889038086,1.4728095282389386,-0.9400914846452194,0.3070952594280243,-1.3435663534725286,control_pose,robot_origin,robot_origin
33.4074103540006,2026-09-13T15:48:23.184884+00:00,1789314503.0938914,0.09099268913269043,1.4721163077915398,-0.942358884922713,0.3073948823131178,-1.3403090849115737,control_pose,robot_origin,robot_origin
33.46762331199989,2026-09-13T15:48:23.245096+00:00,1789314503.164025,0.0810708999633789,1.4737136318083721,-0.9377763775157213,0.3067582646645573,-1.3445489850773324,control_pose,robot_origin,robot_origin
33.50449708199994,2026-09-13T15:48:23.281974+00:00,1789314503.2453992,0.0365748405456543,1.478075078692192,-0.9362480819674862,0.3068947494029999,-1.3363384293846017,control_pose,robot_origin,robot_origin
33.54096593700069,2026-09-13T15:48:23.318455+00:00,1789314503.241222,0.07723307609558105,1.4778317379175439,-0.936305571985141,0.3068732256010305,-1.3368659786072665,control_pose,robot_origin,robot_origin
33.5678810670006,2026-09-13T15:48:23.345357+00:00,1789314503.3086467,0.036710262298583984,1.4794063103758308,-0.9348786914317102,0.30765801668167114,-1.3275707819933318,control_pose,robot_origin,robot_origin
33.60849771199992,2026-09-13T15:48:23.385971+00:00,1789314503.3001895,0.08578157424926758,1.4792913501430782,-0.9350515366605447,0.30755636246986723,-1.3285686725030839,control_pose,robot_origin,robot_origin
33.62947784800053,2026-09-13T15:48:23.406952+00:00,1789314503.3649528,0.041999101638793945,1.4801255928713077,-0.9347465803625901,0.30778267979621887,-1.3226782035620404,control_pose,robot_origin,robot_origin
33.65656708000006,2026-09-13T15:48:23.434034+00:00,1789314503.4190416,0.014992475509643555,1.4806407766826493,-0.9344839052739846,0.30745193362236023,-1.3189266932476833,control_pose,robot_origin,robot_origin
33.68613870700028,2026-09-13T15:48:23.463618+00:00,1789314503.3787088,0.08490920066833496,1.4802708599047412,-0.9347078924577283,0.3076841067213193,-1.3216824275701664,control_pose,robot_origin,robot_origin
33.72863363900069,2026-09-13T15:48:23.506104+00:00,1789314503.4754462,0.03065776824951172,1.4812495018888716,-0.933794601239005,0.3073233664035797,-1.3133331754896262,control_pose,robot_origin,robot_origin
33.76165722400037,2026-09-13T15:48:23.539134+00:00,1789314503.4481442,0.09098982810974121,1.4809878142527875,-0.9341014408898928,0.3073777593393534,-1.3157248263378056,control_pose,robot_origin,robot_origin
33.77713653400042,2026-09-13T15:48:23.554626+00:00,1789314503.5255206,0.029105424880981445,1.4818294635827831,-0.9330171528244294,0.30720314383506775,-1.308495950071067,control_pose,robot_origin,robot_origin
33.87170332599999,2026-09-13T15:48:23.649180+00:00,1789314503.5124147,0.1367652416229248,1.4817199647964194,-0.9331351919196573,0.3072464459795564,-1.3094884479419877,control_pose,robot_origin,robot_origin
33.88066238400006,2026-09-13T15:48:23.658137+00:00,1789314503.5885835,0.06955361366271973,1.4826173303863885,-0.9322369348008006,0.3070320785045624,-1.300881293921581,control_pose,robot_origin,robot_origin
33.90101789600067,2026-09-13T15:48:23.678503+00:00,1789314503.5783417,0.10016131401062012,1.482494807835144,-0.932334441543191,0.30704499429335796,-1.3020879440159445,control_pose,robot_origin,robot_origin
33.92151329900025,2026-09-13T15:48:23.698993+00:00,1789314503.6589878,0.04000520706176758,1.4834914524474776,-0.9314153520652053,0.3072354793548584,-1.2940486341327146,control_pose,robot_origin,robot_origin
33.96469228600017,2026-09-13T15:48:23.742173+00:00,1789314503.6568327,0.08534026145935059,1.483464696096964,-0.9314405002185677,0.30722925337717455,-1.294257788779067,control_pose,robot_origin,robot_origin
33.98801598299997,2026-09-13T15:48:23.765469+00:00,1789314503.725617,0.039852142333984375,1.4841816452006429,-0.9305795989267733,0.30739596486091614,-1.2875535427243407,control_pose,robot_origin,robot_origin
34.02255489700019,2026-09-13T15:48:23.800033+00:00,1789314503.718822,0.08121109008789062,1.4841137531724877,-0.9306538943988267,0.3073904642570759,-1.2882020014125135,control_pose,robot_origin,robot_origin
34.05483323600038,2026-09-13T15:48:23.832288+00:00,1789314503.7784743,0.05381369590759277,1.4846543689547973,-0.9297943033618229,0.3073982000350952,-1.282176221239027,control_pose,robot_origin,robot_origin
34.08554760000061,2026-09-13T15:48:23.863024+00:00,1789314503.79157,0.07145404815673828,1.4847282009131928,-0.9296442025185736,0.3074093267101549,-1.2811073988721575,control_pose,robot_origin,robot_origin
34.104138024999884,2026-09-13T15:48:23.881395+00:00,1789314503.831881,0.049514055252075195,1.484942650714561,-0.9290752780086511,0.30742546916007996,-1.2777705949048048,control_pose,robot_origin,robot_origin
34.12062978300037,2026-09-13T15:48:23.898090+00:00,1789314503.885427,0.012662887573242188,1.4851773125610603,-0.9284988303131979,0.30732616782188416,-1.2738969120255355,control_pose,robot_origin,robot_origin
34.15699462400062,2026-09-13T15:48:23.934475+00:00,1789314503.8684292,0.06604576110839844,1.4851224127187181,-0.9286424793722914,0.3073567166715763,-1.2749351175869852,control_pose,robot_origin,robot_origin
34.179544944000554,2026-09-13T15:48:23.957018+00:00,1789314503.9394999,0.017518043518066406,1.4853209740415867,-0.927810622796659,0.3073623478412628,-1.2696017535107513,control_pose,robot_origin,robot_origin
34.2321772260002,2026-09-13T15:48:24.009632+00:00,1789314503.9310622,0.07856988906860352,1.4852997179782672,-0.9278888407969568,0.30734961187222637,-1.2701086970003146,control_pose,robot_origin,robot_origin
34.27105425100035,2026-09-13T15:48:24.048533+00:00,1789314503.9985616,0.04997134208679199,1.4854916428122185,-0.927226888704577,0.3073295056819916,-1.2653440830201348,control_pose,robot_origin,robot_origin
34.28091540600053,2026-09-13T15:48:24.058395+00:00,1789314504.04866,0.009734869003295898,1.4855713762811498,-0.9269116831818269,0.3073060214519501,-1.2623249560454757,control_pose,robot_origin,robot_origin
34.311659048000365,2026-09-13T15:48:24.089138+00:00,1789314504.0020342,0.08710384368896484,1.4855040172016374,-0.9272180655305985,0.30732827003305224,-1.2652075417434636,control_pose,robot_origin,robot_origin
34.34423745100048,2026-09-13T15:48:24.121714+00:00,1789314504.1019027,0.019811391830444336,1.485591362455978,-0.9264954678541029,0.30724188685417175,-1.259221935526166,control_pose,robot_origin,robot_origin
34.371121275000405,2026-09-13T15:48:24.148598+00:00,1789314504.0736048,0.07499313354492188,1.4855562243670375,-0.9266978635111458,0.30728295380464304,-1.2609286169816332,control_pose,robot_origin,robot_origin
34.40618933800033,2026-09-13T15:48:24.183666+00:00,1789314504.1528385,0.03082752227783203,1.4856505251604581,-0.9261535671632102,0.30725693702697754,-1.2559954389474028,control_pose,robot_origin,robot_origin
34.44303471300009,2026-09-13T15:48:24.220510+00:00,1789314504.1436992,0.07681083679199219,1.4856123107991748,-0.9262290513887363,0.3072494840332382,-1.2566843502595892,control_pose,robot_origin,robot_origin
34.51470040799995,2026-09-13T15:48:24.292175+00:00,1789314504.231935,0.06024003028869629,1.4857684207406145,-0.9253967290992408,0.30717337131500244,-1.2516348890833051,control_pose,robot_origin,robot_origin
34.52852148800048,2026-09-13T15:48:24.305646+00:00,1789314504.209888,0.09575796127319336,1.4857260526070597,-0.9255939856624366,0.3071911653037439,-1.2528082959390145,control_pose,robot_origin,robot_origin
34.54271096800039,2026-09-13T15:48:24.320200+00:00,1789314504.2852232,0.03497672080993652,1.4857913122839597,-0.9249239168458103,0.3071821630001068,-1.2485957894993938,control_pose,robot_origin,robot_origin
34.604102336000324,2026-09-13T15:48:24.381576+00:00,1789314504.2906058,0.09097027778625488,1.4857906186694354,-0.9248820531943386,0.30717356450908634,-1.2482425785302176,control_pose,robot_origin,robot_origin
34.62748197200017,2026-09-13T15:48:24.404960+00:00,1789314504.3551574,0.049802541732788086,1.4857338896598864,-0.9243216803628428,0.30717799067497253,-1.2446981265003174,control_pose,robot_origin,robot_origin
34.65600731700033,2026-09-13T15:48:24.433487+00:00,1789314504.3550782,0.07840871810913086,1.485734017022025,-0.9243224771037437,0.3071779531674214,-1.2447029603508282,control_pose,robot_origin,robot_origin
34.700587529000586,2026-09-13T15:48:24.478065+00:00,1789314504.4219444,0.05612063407897949,1.4857247511897758,-0.923801581948795,0.30715057253837585,-1.2409364044761655,control_pose,robot_origin,robot_origin
34.7181796800005,2026-09-13T15:48:24.495653+00:00,1789314504.4723256,0.023327350616455078,1.4857608704790457,-0.9234152588365343,0.30714210867881775,-1.238995734500024,control_pose,robot_origin,robot_origin
34.741278256999976,2026-09-13T15:48:24.518758+00:00,1789314504.4274602,0.09129786491394043,1.4857289890667862,-0.9237566810883441,0.3071471334478844,-1.2406841836034923,control_pose,robot_origin,robot_origin
34.78831023600014,2026-09-13T15:48:24.565785+00:00,1789314504.525356,0.040428876876831055,1.485759556443205,-0.923031694402871,0.30712658166885376,-1.2372754862368989,control_pose,robot_origin,robot_origin
34.823249514000054,2026-09-13T15:48:24.600727+00:00,1789314504.492176,0.108551025390625,1.4857447926957819,-0.9232935156536879,0.30712918759697805,-1.2383473250850487,control_pose,robot_origin,robot_origin
34.855290985000465,2026-09-13T15:48:24.632766+00:00,1789314504.5787241,0.05404186248779297,1.4858963995243093,-0.9226389536340223,0.3070739805698395,-1.2350493634598239,control_pose,robot_origin,robot_origin
34.88418748000004,2026-09-13T15:48:24.661663+00:00,1789314504.5653422,0.09632086753845215,1.4858569386533922,-0.9227338285327032,0.3070915592762953,-1.2356342349419782,control_pose,robot_origin,robot_origin
34.90824496300047,2026-09-13T15:48:24.685724+00:00,1789314504.63522,0.05050396919250488,1.4860901125118962,-0.9222161552470648,0.3070642948150635,-1.2324330179340293,control_pose,robot_origin,robot_origin
34.94468814300035,2026-09-13T15:48:24.722165+00:00,1789314504.636035,0.08613014221191406,1.4860918769816645,-0.9222108012418948,0.3070649644838723,-1.2323955145589893,control_pose,robot_origin,robot_origin
34.97277893699993,2026-09-13T15:48:24.750261+00:00,1789314504.708378,0.041882991790771484,1.486312224530544,-0.9216627239146123,0.3070550560951233,-1.2293941824259487,control_pose,robot_origin,robot_origin
35.001797560999876,2026-09-13T15:48:24.779282+00:00,1789314504.7590256,0.020256519317626953,1.4863469625496464,-0.9213315794774066,0.307068794965744,-1.227710314769112,control_pose,robot_origin,robot_origin
35.03812741500042,2026-09-13T15:48:24.815605+00:00,1789314504.7091312,0.10647368431091309,1.4863132715774188,-0.9216596532699389,0.30705468567301,-1.2293779737608939,control_pose,robot_origin,robot_origin
35.07466552000005,2026-09-13T15:48:24.852075+00:00,1789314504.8117871,0.04028797149658203,1.4863668199161388,-0.9209138429696848,0.3071053624153137,-1.225842301828903,control_pose,robot_origin,robot_origin
35.08797597500052,2026-09-13T15:48:24.865452+00:00,1789314504.775432,0.09001994132995605,1.4863576566185661,-0.9212099909602379,0.30707595409447475,-1.2271141476673215,control_pose,robot_origin,robot_origin
35.12482970400015,2026-09-13T15:48:24.902254+00:00,1789314504.8668027,0.035451412200927734,1.4864096000726488,-0.92059382583237,0.30714190006256104,-1.224594272584045,control_pose,robot_origin,robot_origin
35.15222882600028,2026-09-13T15:48:24.929704+00:00,1789314504.842904,0.08679986000061035,1.4864061407526932,-0.9207054045359194,0.30713108664889055,-1.224999860597171,control_pose,robot_origin,robot_origin
35.193143230000715,2026-09-13T15:48:24.970620+00:00,1789314504.9225233,0.048096656799316406,1.4865235497476863,-0.9201195995908987,0.30730342864990234,-1.2220232798011568,control_pose,robot_origin,robot_origin
35.216390209000565,2026-09-13T15:48:24.993867+00:00,1789314504.9140131,0.07985377311706543,1.4865025650300911,-0.9201862643149019,0.3072720087694469,-1.2223796943043366,control_pose,robot_origin,robot_origin
35.24951744500049,2026-09-13T15:48:25.026996+00:00,1789314504.98181,0.04518580436706543,1.4867878485247183,-0.9195083377252754,0.30756038427352905,-1.2191000275199158,control_pose,robot_origin,robot_origin
35.288842648000355,2026-09-13T15:48:25.066314+00:00,1789314504.9913666,0.07494735717773438,1.48682067262451,-0.9194598570484621,0.30757083042164374,-1.2188160141207764,control_pose,robot_origin,robot_origin
35.31802810299996,2026-09-13T15:48:25.095499+00:00,1789314505.0420372,0.05346179008483887,1.4869625447726682,-0.9188689019425246,0.30765801668167114,-1.2164166848477467,control_pose,robot_origin,robot_origin
35.333519888999945,2026-09-13T15:48:25.111007+00:00,1789314505.0951676,0.015839338302612305,1.4870336537193682,-0.918420070154347,0.3076757490634918,-1.214165209517035,control_pose,robot_origin,robot_origin
35.36615301200072,2026-09-13T15:48:25.143631+00:00,1789314505.0587058,0.08492517471313477,1.486995504811997,-0.9187290280437246,0.3076774673217185,-1.215798634646688,control_pose,robot_origin,robot_origin
35.402878494000106,2026-09-13T15:48:25.180326+00:00,1789314505.1490383,0.03128767013549805,1.48684573673007,-0.918005764807466,0.3077390789985657,-1.2118143696601018,control_pose,robot_origin,robot_origin
35.4283157939999,2026-09-13T15:48:25.205553+00:00,1789314505.1221921,0.08336091041564941,1.4868750360986773,-0.9181985466857494,0.307707335244971,-1.2127569344483398,control_pose,robot_origin,robot_origin
35.47209167300025,2026-09-13T15:48:25.249545+00:00,1789314505.201832,0.04771304130554199,1.4868832668738947,-0.9176096252388736,0.30767518281936646,-1.2096183116881134,control_pose,robot_origin,robot_origin
35.515482030000385,2026-09-13T15:48:25.292938+00:00,1789314505.1945775,0.09836053848266602,1.486881675296142,-0.9176660252903602,0.3076834581095624,-1.2100093231246267,control_pose,robot_origin,robot_origin
35.57187777800027,2026-09-13T15:48:25.349351+00:00,1789314505.2819905,0.06736040115356445,1.4872324353462347,-0.9169556399508816,0.30767714977264404,-1.2064440206693101,control_pose,robot_origin,robot_origin
35.59196390500074,2026-09-13T15:48:25.369437+00:00,1789314505.266398,0.10303902626037598,1.4871512916524472,-0.9170990149798728,0.3076701824461771,-1.2069912895729256,control_pose,robot_origin,robot_origin
35.62295669300056,2026-09-13T15:48:25.400444+00:00,1789314505.3424454,0.0579986572265625,1.487316813839166,-0.9164287438785514,0.30801600217819214,-1.2041949118254551,control_pose,robot_origin,robot_origin
35.6483005099999,2026-09-13T15:48:25.425732+00:00,1789314505.335294,0.0904378890991211,1.4873059363174905,-0.9164916895441503,0.30797101496449214,-1.2044705766546602,control_pose,robot_origin,robot_origin
35.67521185300029,2026-09-13T15:48:25.452691+00:00,1789314505.398329,0.05436205863952637,1.4873446405553186,-0.9159374276307455,0.30814996361732483,-1.2023313627271546,control_pose,robot_origin,robot_origin
35.696699725000144,2026-09-13T15:48:25.474177+00:00,1789314505.403917,0.07025980949401855,1.4873432922027334,-0.9159060679458848,0.30815742656004197,-1.2021606333646193,control_pose,robot_origin,robot_origin
35.71819783899991,2026-09-13T15:48:25.495675+00:00,1789314505.4493878,0.04628729820251465,1.4872837273477457,-0.9157087928066654,0.3081679940223694,-1.2005831511184322,control_pose,robot_origin,robot_origin
35.73863418600013,2026-09-13T15:48:25.516106+00:00,1789314505.5055468,0.01055908203125,1.4871941356315288,-0.9152668049989181,0.308169960975647,-1.1988849120466243,control_pose,robot_origin,robot_origin
35.769880094000655,2026-09-13T15:48:25.547350+00:00,1789314505.478823,0.0685269832611084,1.4872197224818235,-0.9154756445120837,0.30817198291445597,-1.1996259572839716,control_pose,robot_origin,robot_origin
35.80339633800031,2026-09-13T15:48:25.580869+00:00,1789314505.5584953,0.022373676300048828,1.4872192293917332,-0.9149312083199461,0.30814310908317566,-1.1972864438920718,control_pose,robot_origin,robot_origin
35.90358111800015,2026-09-13T15:48:25.681054+00:00,1789314505.5411575,0.13989663124084473,1.4872062937446981,-0.915021645265131,0.3081521636984587,-1.1978615658463088,control_pose,robot_origin,robot_origin
35.91903830699994,2026-09-13T15:48:25.696510+00:00,1789314505.6151302,0.08137989044189453,1.4872132313617448,-0.9144843841624678,0.3081582188606262,-1.195890749056263,control_pose,robot_origin,robot_origin
35.94804786700024,2026-09-13T15:48:25.725519+00:00,1789314505.611885,0.11363387107849121,1.4872100650131945,-0.9145124915655705,0.30815801909209206,-1.1959526660096877,control_pose,robot_origin,robot_origin
36.00021399200068,2026-09-13T15:48:25.777691+00:00,1789314505.7186224,0.05906844139099121,1.4868800404653335,-0.9138345743766194,0.30808085203170776,-1.1920443721500982,control_pose,robot_origin,robot_origin
36.03403917000014,2026-09-13T15:48:25.811511+00:00,1789314505.690591,0.12091994285583496,1.4869760334978634,-0.9140052107901085,0.30810226643626865,-1.1931225504062686,control_pose,robot_origin,robot_origin
36.04543885400017,2026-09-13T15:48:25.822905+00:00,1789314505.7722044,0.05070066452026367,1.4864969065887255,-0.9136602598313993,0.3081851005554199,-1.1884414449327447,control_pose,robot_origin,robot_origin
36.06857278999996,2026-09-13T15:48:25.846051+00:00,1789314505.7589025,0.08714842796325684,1.4865920212622938,-0.9137035341855588,0.3081592203999227,-1.1893358939942018,control_pose,robot_origin,robot_origin
36.08139585400022,2026-09-13T15:48:25.858873+00:00,1789314505.8265815,0.032291412353515625,1.4859321714228444,-0.9131735868237123,0.3081369996070862,-1.1854592167930371,control_pose,robot_origin,robot_origin
36.13947645500048,2026-09-13T15:48:25.916950+00:00,1789314505.8228352,0.09411478042602539,1.485947799964516,-0.913190308999779,0.3081336586113858,-1.1855471386326246,control_pose,robot_origin,robot_origin
36.19388891200015,2026-09-13T15:48:25.971364+00:00,1789314505.9085748,0.0627892017364502,1.485498141085569,-0.9121722566375026,0.30814510583877563,-1.1831539703728247,control_pose,robot_origin,robot_origin
36.202607680000256,2026-09-13T15:48:25.980079+00:00,1789314505.8922307,0.08784818649291992,1.485591665900732,-0.9125015118458495,0.3081417974396859,-1.183492067583491,control_pose,robot_origin,robot_origin
36.235350896000455,2026-09-13T15:48:26.012829+00:00,1789314505.9598129,0.05301618576049805,1.4852773689269618,-0.9109065761407696,0.308300644159317,-1.1811374205799596,control_pose,robot_origin,robot_origin
36.262316641000325,2026-09-13T15:48:26.039780+00:00,1789314505.9634554,0.076324462890625,1.4852664835763998,-0.9107804289448284,0.30829948700793924,-1.1809419972663397,control_pose,robot_origin,robot_origin
36.30067541000062,2026-09-13T15:48:26.078152+00:00,1789314506.028304,0.04984784126281738,1.4851765589769452,-0.9091688320920643,0.3082859516143799,-1.1791844040568595,control_pose,robot_origin,robot_origin
36.336698076000175,2026-09-13T15:48:26.114176+00:00,1789314506.0301223,0.08405375480651855,1.4851783394108784,-0.9091406887699248,0.30828599997196887,-1.1791412846115468,control_pose,robot_origin,robot_origin
36.33874095800002,2026-09-13T15:48:26.116229+00:00,1789314506.0818033,0.03442573547363281,1.485092789754014,-0.9080533353093792,0.30825409293174744,-1.1783071205262903,control_pose,robot_origin,robot_origin
36.37514335200012,2026-09-13T15:48:26.152619+00:00,1789314506.1383595,0.01425933837890625,1.484883477905388,-0.9072460302474178,0.30824950337409973,-1.1771475706810282,control_pose,robot_origin,robot_origin
36.39898883100068,2026-09-13T15:48:26.176452+00:00,1789314506.1053412,0.07111072540283203,1.485076861615669,-0.9078686458895888,0.3082552967114351,-1.177857362379061,control_pose,robot_origin,robot_origin
36.437211135000325,2026-09-13T15:48:26.214688+00:00,1789314506.188552,0.026136159896850586,1.484677790459504,-0.9067948527300443,0.3082098364830017,-1.175899386969148,control_pose,robot_origin,robot_origin
36.49220096699992,2026-09-13T15:48:26.269676+00:00,1789314506.1753109,0.09436511993408203,1.4847543367431522,-0.9068870604030302,0.3082340095729999,-1.1762497248396617,control_pose,robot_origin,robot_origin
36.52651180000066,2026-09-13T15:48:26.303983+00:00,1789314506.2583427,0.04564023017883301,1.4845889408650925,-0.9064340026955275,0.30810144543647766,-1.1722025355239243,control_pose,robot_origin,robot_origin
36.56650344800073,2026-09-13T15:48:26.343971+00:00,1789314506.245092,0.09887909889221191,1.4846067836032597,-0.9064944095820193,0.30812304310540906,-1.173075736056354,control_pose,robot_origin,robot_origin
36.594093751999935,2026-09-13T15:48:26.371564+00:00,1789314506.3251433,0.04642057418823242,1.484988829435601,-0.906217486824217,0.3069465756416321,-1.1682474985889921,control_pose,robot_origin,robot_origin
36.60895505500048,2026-09-13T15:48:26.386419+00:00,1789314506.3145618,0.07185721397399902,1.4849041059372154,-0.9062501350403019,0.30726553609084495,-1.1688349003800858,control_pose,robot_origin,robot_origin
36.63286505300039,2026-09-13T15:48:26.410333+00:00,1789314506.378254,0.03207898139953613,1.4857141353362915,-0.9059658673915778,0.30632245540618896,-1.1649231577289505,control_pose,robot_origin,robot_origin
36.67381976700017,2026-09-13T15:48:26.451294+00:00,1789314506.3860042,0.06528973579406738,1.4857669821805295,-0.9059751270090594,0.30628167815956003,-1.1645701048531765,control_pose,robot_origin,robot_origin
36.68718936100049,2026-09-13T15:48:26.464665+00:00,1789314506.4317675,0.0328974723815918,1.4861880356510897,-0.9060046976636409,0.305858850479126,-1.1618196188278718,control_pose,robot_origin,robot_origin
36.72152919000018,2026-09-13T15:48:26.499006+00:00,1789314506.4835467,0.015459299087524414,1.486284121199013,-0.9060608904390963,0.3058028221130371,-1.1593721940291144,control_pose,robot_origin,robot_origin
36.737211653000486,2026-09-13T15:48:26.514690+00:00,1789314506.4559417,0.05874824523925781,1.486273356193712,-0.906057410061265,0.3058025948724475,-1.1605290765523189,control_pose,robot_origin,robot_origin
36.78075450100005,2026-09-13T15:48:26.558226+00:00,1789314506.5358047,0.02242136001586914,1.486228526700301,-0.9059656760217503,0.3058350384235382,-1.1578826272210192,control_pose,robot_origin,robot_origin
36.81354997500057,2026-09-13T15:48:26.591022+00:00,1789314506.528941,0.062081098556518555,1.486235731379194,-0.905975809058336,0.30583117289499323,-1.1579570172319358,control_pose,robot_origin,robot_origin
36.83566934800001,2026-09-13T15:48:26.613145+00:00,1789314506.5886986,0.024446487426757812,1.4861087830794393,-0.9058736888227219,0.3058626055717468,-1.157158419309489,control_pose,robot_origin,robot_origin
36.89753230400038,2026-09-13T15:48:26.675012+00:00,1789314506.5920184,0.08299374580383301,1.4861050497234705,-0.9058726007558545,0.30586357872312736,-1.1571227252708574,control_pose,robot_origin,robot_origin
36.936551605000204,2026-09-13T15:48:26.714030+00:00,1789314506.6723638,0.041666269302368164,1.4860729864951636,-0.9057960424935313,0.30587947368621826,-1.1563848809663626,control_pose,robot_origin,robot_origin
36.97510435100048,2026-09-13T15:48:26.752579+00:00,1789314506.72826,0.024318933486938477,1.4861263363754011,-0.9058312097989238,0.3058803081512451,-1.1557741834671238,control_pose,robot_origin,robot_origin
36.9884303230001,2026-09-13T15:48:26.765909+00:00,1789314506.6616764,0.1042325496673584,1.4860762527333409,-0.9058054155763752,0.30587756568686675,-1.1564802233658174,control_pose,robot_origin,robot_origin
37.017452263999985,2026-09-13T15:48:26.794921+00:00,1789314506.781769,0.013151884078979492,1.4861546758956108,-0.9058437386117049,0.3058815896511078,-1.1556981004220224,control_pose,robot_origin,robot_origin
37.042255432000275,2026-09-13T15:48:26.819736+00:00,1789314506.7311401,0.08859586715698242,1.4861285050487254,-0.905832867639624,0.30588050551850676,-1.155764158691322,control_pose,robot_origin,robot_origin
37.10410097800013,2026-09-13T15:48:26.881578+00:00,1789314506.8032956,0.07828235626220703,1.4861520106183879,-0.9058470418025624,0.30588109641803213,-1.1557346610692822,control_pose,robot_origin,robot_origin
37.1294675449999,2026-09-13T15:48:26.906954+00:00,1789314506.841772,0.06518197059631348,1.4861191706039651,-0.9058419059257521,0.30587953329086304,-1.1557069442338563,control_pose,robot_origin,robot_origin
37.13771249100046,2026-09-13T15:48:26.915191+00:00,1789314506.8919163,0.023274660110473633,1.4860911863796809,-0.9058476947043296,0.3058803975582123,-1.1554299442234361,control_pose,robot_origin,robot_origin
37.16794553,2026-09-13T15:48:26.945287+00:00,1789314506.8724267,0.0728602409362793,1.486075706471361,-0.9058398447554785,0.3058797130962819,-1.1555736913773553,control_pose,robot_origin,robot_origin
37.18832849000046,2026-09-13T15:48:26.965810+00:00,1789314506.9452872,0.0205228328704834,1.486122050680103,-0.9057964841667796,0.3058791756629944,-1.155181685179078,control_pose,robot_origin,robot_origin
37.24023082500025,2026-09-13T15:48:27.017705+00:00,1789314506.9443848,0.07332015037536621,1.4861216724134745,-0.9057979321337065,0.305879313939852,-1.155188976474121,control_pose,robot_origin,robot_origin
37.271434379999846,2026-09-13T15:48:27.048916+00:00,1789314507.0048969,0.044019222259521484,1.4860410921289278,-0.9058933402329763,0.3061443269252777,-1.1595301908756508,control_pose,robot_origin,robot_origin
37.31520755400015,2026-09-13T15:48:27.092681+00:00,1789314507.0088935,0.08378744125366211,1.485890853583945,-0.9062369583525774,0.3064080138284476,-1.1616570900467764,control_pose,robot_origin,robot_origin
37.33022602600067,2026-09-13T15:48:27.107678+00:00,1789314507.0581923,0.04948568344116211,1.486321755353206,-0.9071672897261812,0.3084593713283539,-1.1957997921277927,control_pose,robot_origin,robot_origin
37.35052196400011,2026-09-13T15:48:27.128002+00:00,1789314507.1123374,0.01566457748413086,1.4885106326896917,-0.9075231060961987,0.3103734254837036,-1.2273581696874494,control_pose,robot_origin,robot_origin
37.39340888100014,2026-09-13T15:48:27.170886+00:00,1789314507.0954409,0.07544517517089844,1.4877327003155496,-0.9072973572395313,0.30970486166084893,-1.218207921434203,control_pose,robot_origin,robot_origin
37.43369995100056,2026-09-13T15:48:27.211177+00:00,1789314507.1681612,0.04301595687866211,1.4918775920754694,-0.9074749164278673,0.3116444945335388,-1.2608288669401104,control_pose,robot_origin,robot_origin
37.4542918950001,2026-09-13T15:48:27.231765+00:00,1789314507.1611881,0.07057690620422363,1.4913672295989202,-0.907379478710733,0.31154022207021015,-1.256876478790363,control_pose,robot_origin,robot_origin
37.49830055400071,2026-09-13T15:48:27.275781+00:00,1789314507.2215037,0.05427718162536621,1.4953171554056284,-0.9064342137895983,0.31253781914711,-1.2947846901021953,control_pose,robot_origin,robot_origin
37.572079627000676,2026-09-13T15:48:27.349565+00:00,1789314507.2322783,0.11728668212890625,1.4957588001354654,-0.9061250848887422,0.3126569282952523,-1.2995652141983713,control_pose,robot_origin,robot_origin
37.61311543100055,2026-09-13T15:48:27.390593+00:00,1789314507.335935,0.054657936096191406,1.5021004089617154,-0.9051084730964242,0.3127056062221527,-1.3615020171834655,control_pose,robot_origin,robot_origin
37.622549230000004,2026-09-13T15:48:27.400028+00:00,1789314507.3133233,0.08670473098754883,1.5007240026967832,-0.9052695261476559,0.31274518413239083,-1.3480069739139904,control_pose,robot_origin,robot_origin
37.65230453799995,2026-09-13T15:48:27.429785+00:00,1789314507.3898404,0.03994464874267578,1.5049976182224145,-0.9046485803714492,0.3127496838569641,-1.3927373910832062,control_pose,robot_origin,robot_origin
37.692468711999936,2026-09-13T15:48:27.469943+00:00,1789314507.3787699,0.09117317199707031,1.5044026156147905,-0.9047430289755938,0.3127406315913903,-1.3863222991789514,control_pose,robot_origin,robot_origin
37.716427865000696,2026-09-13T15:48:27.493906+00:00,1789314507.4561872,0.037718772888183594,1.5077872448358098,-0.904566880885047,0.31287869811058044,-1.4313607495030698,control_pose,robot_origin,robot_origin
37.75165080700026,2026-09-13T15:48:27.529131+00:00,1789314507.4429498,0.0861811637878418,1.5071719635233536,-0.9045733452946337,0.3128468674760243,-1.4239034629088787,control_pose,robot_origin,robot_origin
37.792205333999846,2026-09-13T15:48:27.569684+00:00,1789314507.520977,0.048707008361816406,1.510371926066331,-0.9038229988169004,0.31295666098594666,-1.4700716191707914,control_pose,robot_origin,robot_origin
37.83223957200062,2026-09-13T15:48:27.609717+00:00,1789314507.510383,0.0993340015411377,1.509968807838622,-0.9039306446803106,0.3129516405896787,-1.4639261883816397,control_pose,robot_origin,robot_origin
37.85680081600003,2026-09-13T15:48:27.634268+00:00,1789314507.5781603,0.05610775947570801,1.5123032422788043,-0.9035369132649135,0.3130185008049011,-1.5057487412879875,control_pose,robot_origin,robot_origin
37.91842747600003,2026-09-13T15:48:27.695915+00:00,1789314507.576298,0.11961698532104492,1.5122426462786651,-0.9035400448751991,0.3130172426361664,-1.5046062327210996,control_pose,robot_origin,robot_origin
37.93296214200018,2026-09-13T15:48:27.710446+00:00,1789314507.6617794,0.04866647720336914,1.5161755300106947,-0.9037239518624913,0.31158536672592163,-1.5391495798464139,control_pose,robot_origin,robot_origin
37.96097406199988,2026-09-13T15:48:27.738450+00:00,1789314507.6460469,0.09240317344665527,1.515399639657214,-0.9036836723430826,0.31187571823794863,-1.533059823110695,control_pose,robot_origin,robot_origin
38.00202247600009,2026-09-13T15:48:27.779502+00:00,1789314507.7357864,0.043715476989746094,1.518377926220043,-0.9053523857254431,0.3113493323326111,-1.520453884287711,control_pose,robot_origin,robot_origin
38.033156454000164,2026-09-13T15:48:27.810635+00:00,1789314507.7197623,0.09087276458740234,1.5179010606252314,-0.904999795179123,0.31140043879605495,-1.5245047644015361,control_pose,robot_origin,robot_origin
38.0787069400003,2026-09-13T15:48:27.856183+00:00,1789314507.8085995,0.047583580017089844,1.5188658694495496,-0.9059648211104215,0.3123467266559601,-1.5114494308419553,control_pose,robot_origin,robot_origin
38.10901780600034,2026-09-13T15:48:27.886494+00:00,1789314507.7933078,0.0931861400604248,1.5188784087769376,-0.9058909905770572,0.3122125228392121,-1.5130174642033345,control_pose,robot_origin,robot_origin
38.1117256360003,2026-09-13T15:48:27.889204+00:00,1789314507.8614066,0.027797460556030273,1.518462712114302,-0.9056096408327796,0.312684029340744,-1.5040507381430497,control_pose,robot_origin,robot_origin
38.17052515500018,2026-09-13T15:48:27.947985+00:00,1789314507.9153707,0.03261423110961914,1.5180219275813356,-0.9048754096633198,0.31263360381126404,-1.4973667378477802,control_pose,robot_origin,robot_origin
38.182376859000215,2026-09-13T15:48:27.959861+00:00,1789314507.8651817,0.09467935562133789,1.5184535961786092,-0.9055998500244256,0.3126964498744457,-1.5037246147129921,control_pose,robot_origin,robot_origin
38.21647277900047,2026-09-13T15:48:27.993944+00:00,1789314507.968341,0.02560281753540039,1.5168598958369248,-0.903768184830202,0.3121681213378906,-1.49202988670202,control_pose,robot_origin,robot_origin
38.246263351999914,2026-09-13T15:48:28.023743+00:00,1789314507.9371417,0.08660125732421875,1.5175921113136834,-0.9044567759442608,0.3124072245335821,-1.4944509300355975,control_pose,robot_origin,robot_origin
38.2784717630002,2026-09-13T15:48:28.055952+00:00,1789314508.02166,0.034291982650756836,1.5165340570508252,-0.901827454937992,0.3126581907272339,-1.4946087895004052,control_pose,robot_origin,robot_origin
38.309870249000596,2026-09-13T15:48:28.087347+00:00,1789314508.00036,0.08698701858520508,1.5163073777780032,-0.9026230361112602,0.31240891801929926,-1.4932038405989818,control_pose,robot_origin,robot_origin
38.33511186299984,2026-09-13T15:48:28.112590+00:00,1789314508.0781524,0.03443765640258789,1.519359610860758,-0.9020870778492303,0.3124496042728424,-1.4953939938441758,control_pose,robot_origin,robot_origin
38.402161402000274,2026-09-13T15:48:28.179648+00:00,1789314508.0738158,0.10583209991455078,1.5191143851992241,-0.9021670606440629,0.3124432840939367,-1.4958097300368967,control_pose,robot_origin,robot_origin
38.449558768000315,2026-09-13T15:48:28.227037+00:00,1789314508.1682992,0.058737754821777344,1.5240021984225236,-0.9012502520068482,0.3106403946876526,-1.4833140712795623,control_pose,robot_origin,robot_origin
38.4543672460004,2026-09-13T15:48:28.231814+00:00,1789314508.1334827,0.09833121299743652,1.5225505669955177,-0.9013942083185658,0.3111140939050691,-1.4880407117593972,control_pose,robot_origin,robot_origin
38.4826052060007,2026-09-13T15:48:28.260085+00:00,1789314508.2184608,0.04162430763244629,1.5248447406739722,-0.9011466224696754,0.31035733222961426,-1.4774379104811108,control_pose,robot_origin,robot_origin
38.51717746700069,2026-09-13T15:48:28.294658+00:00,1789314508.204834,0.08982396125793457,1.52469213878442,-0.9012122260384916,0.3104503010747504,-1.4788122183737058,control_pose,robot_origin,robot_origin
38.55036689900044,2026-09-13T15:48:28.327847+00:00,1789314508.2916026,0.03624439239501953,1.5256057075705136,-0.9011202083037658,0.30990806221961975,-1.4705336661584805,control_pose,robot_origin,robot_origin
38.60790183100016,2026-09-13T15:48:28.385382+00:00,1789314508.2830818,0.10230016708374023,1.525515270347021,-0.9011360717308281,0.30997776565707097,-1.4712154558889723,control_pose,robot_origin,robot_origin
38.63602563200038,2026-09-13T15:48:28.413498+00:00,1789314508.374737,0.03876090049743652,1.5262171029908016,-0.9007995935150674,0.3093385696411133,-1.4658316590176306,control_pose,robot_origin,robot_origin
38.663649914000416,2026-09-13T15:48:28.441125+00:00,1789314508.358654,0.08247089385986328,1.5260982619512398,-0.9008722039067312,0.309425711886148,-1.4666971864774687,control_pose,robot_origin,robot_origin
38.71866654400037,2026-09-13T15:48:28.496146+00:00,1789314508.4562902,0.0398557186126709,1.5267873821745666,-0.9004144132233501,0.30909666419029236,-1.4627359951434644,control_pose,robot_origin,robot_origin
38.74347712800045,2026-09-13T15:48:28.520952+00:00,1789314508.4158864,0.10506558418273926,1.5265122669496511,-0.9005618064022072,0.30922348537760885,-1.4641298920509966,control_pose,robot_origin,robot_origin
38.773571737000566,2026-09-13T15:48:28.551038+00:00,1789314508.5074146,0.04362344741821289,1.5270918002557525,-0.9001913332206672,0.3089940547943115,-1.4609869532629447,control_pose,robot_origin,robot_origin
38.79730762500003,2026-09-13T15:48:28.574782+00:00,1789314508.4840124,0.09076952934265137,1.5269524523452493,-0.9002934484830974,0.3090410244252618,-1.461787553078507,control_pose,robot_origin,robot_origin
38.82048645000032,2026-09-13T15:48:28.597961+00:00,1789314508.5580213,0.03993964195251465,1.527347669786215,-0.9000321529066055,0.3089223802089691,-1.4593661942965508,control_pose,robot_origin,robot_origin
38.86918257200068,2026-09-13T15:48:28.646655+00:00,1789314508.5636237,0.08303141593933105,1.527368008240352,-0.9000242603603154,0.3089183505379458,-1.45924621541574,control_pose,robot_origin,robot_origin
38.900756664000255,2026-09-13T15:48:28.678240+00:00,1789314508.6312282,0.0470118522644043,1.5276174924172488,-0.8998727066069918,0.30890077352523804,-1.457122494366065,control_pose,robot_origin,robot_origin
38.93800049499987,2026-09-13T15:48:28.715481+00:00,1789314508.6847756,0.03070545196533203,1.5278149150704758,-0.9000020983190918,0.3088359832763672,-1.4561988156929657,control_pose,robot_origin,robot_origin
38.968341759000396,2026-09-13T15:48:28.745810+00:00,1789314508.6269116,0.11889839172363281,1.5276077956796754,-0.8998790146644992,0.30890042579138954,-1.4572238863826652,control_pose,robot_origin,robot_origin
39.01018600899988,2026-09-13T15:48:28.787667+00:00,1789314508.738085,0.04958200454711914,1.5279164447869746,-0.8999901940629158,0.3088203966617584,-1.4553972476254298,control_pose,robot_origin,robot_origin
39.02499542800069,2026-09-13T15:48:28.802474+00:00,1789314508.6964576,0.10601639747619629,1.5278354716359972,-0.899989734701748,0.30883939659101806,-1.4560360468969018,control_pose,robot_origin,robot_origin
39.06172357700052,2026-09-13T15:48:28.839209+00:00,1789314508.791462,0.047747135162353516,1.5279851035451357,-0.899951963553496,0.3088091313838959,-1.4548568296226063,control_pose,robot_origin,robot_origin
39.096355527000014,2026-09-13T15:48:28.873834+00:00,1789314508.8434021,0.030431747436523438,1.5280299723326325,-0.8999946499806825,0.3087841868400574,-1.454578334270321,control_pose,robot_origin,robot_origin
39.103224264000346,2026-09-13T15:48:28.880701+00:00,1789314508.8014414,0.07925963401794434,1.5279982942955064,-0.899979192143673,0.30879880946781946,-1.454810251152297,control_pose,robot_origin,robot_origin
39.160315140999955,2026-09-13T15:48:28.936633+00:00,1789314508.834742,0.10189104080200195,1.5280351203504443,-0.8999869656926864,0.30878160496788426,-1.4546458262106183,control_pose,robot_origin,robot_origin
39.1957060980003,2026-09-13T15:48:28.973180+00:00,1789314508.9569101,0.016269922256469727,1.5280928000963385,-0.8999616963210222,0.30877771973609924,-1.4542546172252278,control_pose,robot_origin,robot_origin
39.21399777900024,2026-09-13T15:48:28.991476+00:00,1789314508.907811,0.08366513252258301,1.5280841235231708,-0.899953454960446,0.3087804745889379,-1.4542727594450866,control_pose,robot_origin,robot_origin
39.24583356400035,2026-09-13T15:48:29.023317+00:00,1789314509.0082119,0.015105247497558594,1.528348480706305,-0.8998567716224214,0.3086932301521301,-1.4523911844713224,control_pose,robot_origin,robot_origin
39.28396105000047,2026-09-13T15:48:29.061439+00:00,1789314508.975308,0.08613109588623047,1.5282531647320128,-0.8998664527926936,0.30873100431921974,-1.4531579729799236,control_pose,robot_origin,robot_origin
39.325426076999975,2026-09-13T15:48:29.102892+00:00,1789314509.0614173,0.04147458076477051,1.528578310612671,-0.8998375533013998,0.3086273670196533,-1.4508829369523546,control_pose,robot_origin,robot_origin
39.36028556900055,2026-09-13T15:48:29.137776+00:00,1789314509.0451174,0.09265851974487305,1.5285099160873028,-0.8998459193709312,0.30864464049598606,-1.4513444755531066,control_pose,robot_origin,robot_origin
39.40771054600009,2026-09-13T15:48:29.185189+00:00,1789314509.1349638,0.050225257873535156,1.5289861969734042,-0.8997101928206955,0.30863824486732483,-1.4490279238002801,control_pose,robot_origin,robot_origin
39.43299452800056,2026-09-13T15:48:29.210479+00:00,1789314509.1151476,0.09533143043518066,1.5288801586067664,-0.8997418295695211,0.3086334308294806,-1.449509882288152,control_pose,robot_origin,robot_origin
39.46552012600023,2026-09-13T15:48:29.243007+00:00,1789314509.1913865,0.0516204833984375,1.5291754437875713,-0.8996830137046318,0.3086206316947937,-1.448004538897944,control_pose,robot_origin,robot_origin
39.506199325000125,2026-09-13T15:48:29.283676+00:00,1789314509.186041,0.09763479232788086,1.5291561074627917,-0.8996866713254675,0.3086291908794789,-1.4481106150413436,control_pose,robot_origin,robot_origin
39.544459245000326,2026-09-13T15:48:29.321936+00:00,1789314509.278022,0.043913841247558594,1.5293416059287357,-0.8995712077177382,0.3085080683231354,-1.446573540478941,control_pose,robot_origin,robot_origin
39.56447565200051,2026-09-13T15:48:29.341954+00:00,1789314509.2543771,0.08757686614990234,1.5292988930061406,-0.8996076084180911,0.30850927670519046,-1.446889808515889,control_pose,robot_origin,robot_origin
39.58274656000049,2026-09-13T15:48:29.360217+00:00,1789314509.3315003,0.0287168025970459,1.5293959958030614,-0.8995851180011232,0.3084505498409271,-1.4464080981198648,control_pose,robot_origin,robot_origin
39.64080986800036,2026-09-13T15:48:29.418286+00:00,1789314509.3271046,0.09118151664733887,1.5293973770477673,-0.8995808350297451,0.30845327355638724,-1.446422703807892,control_pose,robot_origin,robot_origin
39.67591505400014,2026-09-13T15:48:29.453395+00:00,1789314509.409447,0.04394793510437012,1.5293686219444977,-0.8995257413964479,0.3084440231323242,-1.4459941406254706,control_pose,robot_origin,robot_origin
39.698662301000695,2026-09-13T15:48:29.476140+00:00,1789314509.3920662,0.08407378196716309,1.5293720061486455,-0.8995309146694006,0.3084434842192168,-1.4461170577144649,control_pose,robot_origin,robot_origin
39.71552720799991,2026-09-13T15:48:29.492978+00:00,1789314509.4646683,0.02830982208251953,1.529374243961472,-0.8994959314814349,0.3084352910518646,-1.4457488122816617,control_pose,robot_origin,robot_origin
39.77028869200058,2026-09-13T15:48:29.547742+00:00,1789314509.4810889,0.06665301322937012,1.5293781463659026,-0.8994993704758641,0.30844067263606284,-1.4457536155518422,control_pose,robot_origin,robot_origin
39.83000299200012,2026-09-13T15:48:29.607480+00:00,1789314509.5546265,0.05285358428955078,1.5274481089479182,-0.8992165558140407,0.3092973232269287,-1.4260121663205438,control_pose,robot_origin,robot_origin
39.847481703000085,2026-09-13T15:48:29.624935+00:00,1789314509.6049192,0.020015716552734375,1.528127254252311,-0.89779844270213,0.3099386990070343,-1.394428605307091,control_pose,robot_origin,robot_origin
39.90661257000011,2026-09-13T15:48:29.684082+00:00,1789314509.5390687,0.14501333236694336,1.5276274410702284,-0.8994288965314076,0.3090285554965315,-1.4329586382030137,control_pose,robot_origin,robot_origin
39.93722698300007,2026-09-13T15:48:29.714702+00:00,1789314509.6043396,0.11036229133605957,1.5281124809315765,-0.8977997484003957,0.30993464888118766,-1.3947467256611141,control_pose,robot_origin,robot_origin
39.974623722000615,2026-09-13T15:48:29.752102+00:00,1789314509.6947627,0.05733919143676758,1.5294723351303854,-0.8983445764135225,0.3103342354297638,-1.345686756819,control_pose,robot_origin,robot_origin
40.03043525800058,2026-09-13T15:48:29.807849+00:00,1789314509.6764853,0.1313636302947998,1.529143205763991,-0.8983007110263358,0.309921319024809,-1.3552301454836995,control_pose,robot_origin,robot_origin
40.0575592160003,2026-09-13T15:48:29.835019+00:00,1789314509.7646623,0.07035684585571289,1.5305617322503076,-0.8988217245260917,0.31058937311172485,-1.311569367840421,control_pose,robot_origin,robot_origin
40.130496843999936,2026-09-13T15:48:29.907971+00:00,1789314509.7580972,0.1498737335205078,1.5304594129492428,-0.8987769094072613,0.3105654098490944,-1.3147738231361699,control_pose,robot_origin,robot_origin
40.16883149300065,2026-09-13T15:48:29.946262+00:00,1789314509.867964,0.07829785346984863,1.532982828826588,-0.8989791276456331,0.3093697726726532,-1.3229545241939933,control_pose,robot_origin,robot_origin
40.18298655400031,2026-09-13T15:48:29.960462+00:00,1789314509.825433,0.13502907752990723,1.5320184160596142,-0.8990047309237984,0.3097528252794188,-1.3173315790652484,control_pose,robot_origin,robot_origin
40.21085284600031,2026-09-13T15:48:29.988296+00:00,1789314509.9346752,0.05362081527709961,1.5336876669362707,-0.8989182672663673,0.3094843626022339,-1.326571860751223,control_pose,robot_origin,robot_origin
40.23336140500032,2026-09-13T15:48:30.010825+00:00,1789314509.8937197,0.11710524559020996,1.5332549494584164,-0.8989556309523757,0.30941401302176363,-1.32435108114358,control_pose,robot_origin,robot_origin
40.302484268000626,2026-09-13T15:48:30.079957+00:00,1789314509.988466,0.0914909839630127,1.53357165077444,-0.8988447044791793,0.30956679582595825,-1.328122758703186,control_pose,robot_origin,robot_origin
40.31140340500042,2026-09-13T15:48:30.088881+00:00,1789314509.9726222,0.11625885963439941,1.5336058229628666,-0.8988663721622446,0.30954251538425714,-1.3276659345693778,control_pose,robot_origin,robot_origin
40.39430630300012,2026-09-13T15:48:30.171775+00:00,1789314510.1178825,0.05389261245727539,1.5332618548156192,-0.8988436396376809,0.3096206486225128,-1.329576746818747,control_pose,robot_origin,robot_origin
40.475790240000606,2026-09-13T15:48:30.253265+00:00,1789314510.171387,0.0818779468536377,1.533407826037687,-0.8988879104611142,0.30963003635406494,-1.3295508462418988,control_pose,robot_origin,robot_origin
40.488235548000375,2026-09-13T15:48:30.265709+00:00,1789314510.1669934,0.09871554374694824,1.5334025788724186,-0.8988909336058358,0.30962920973258756,-1.3295386704668892,control_pose,robot_origin,robot_origin
40.518592867000734,2026-09-13T15:48:30.296018+00:00,1789314510.2548113,0.04120659828186035,1.533528687475342,-0.8989242555097225,0.3096357583999634,-1.3300723784229256,control_pose,robot_origin,robot_origin
40.53971913800069,2026-09-13T15:48:30.317170+00:00,1789314510.2384412,0.07872867584228516,1.5335166162769642,-0.8989185079024378,0.30963467059748045,-1.3299823451171295,control_pose,robot_origin,robot_origin
40.56875914000011,2026-09-13T15:48:30.346239+00:00,1789314510.3078477,0.0383913516998291,1.5334177397870987,-0.8989193756145537,0.3096398413181305,-1.3301263611024199,control_pose,robot_origin,robot_origin
40.614350630000445,2026-09-13T15:48:30.391827+00:00,1789314510.3110383,0.08078885078430176,1.533418964763399,-0.8989223344017783,0.30964007723818826,-1.3301152881227187,control_pose,robot_origin,robot_origin
40.703818674000104,2026-09-13T15:48:30.481293+00:00,1789314510.3914897,0.08980321884155273,1.5333923017442708,-0.8988519691324868,0.3096449673175812,-1.3298349594466385,control_pose,robot_origin,robot_origin
40.71055625600002,2026-09-13T15:48:30.488030+00:00,1789314510.3745847,0.11344528198242188,1.533381753879439,-0.8988684341114935,0.3096436264062169,-1.3298683682642831,control_pose,robot_origin,robot_origin
40.7454700520002,2026-09-13T15:48:30.522941+00:00,1789314510.4504251,0.07251596450805664,1.5334616981317932,-0.8988092106899007,0.3096465468406677,-1.3301382786075548,control_pose,robot_origin,robot_origin
40.76421496800049,2026-09-13T15:48:30.541693+00:00,1789314510.4567833,0.08490967750549316,1.53346788853195,-0.8988086839180114,0.3096474401965992,-1.330191114294683,control_pose,robot_origin,robot_origin
40.800131706000684,2026-09-13T15:48:30.577597+00:00,1789314510.5214016,0.05619525909423828,1.5334798197927328,-0.898836991387233,0.3096488416194916,-1.3303221468883368,control_pose,robot_origin,robot_origin
40.84717153700058,2026-09-13T15:48:30.624637+00:00,1789314510.5108006,0.11383628845214844,1.5334810549715316,-0.8988337728548645,0.30964869131247375,-1.3303174148844317,control_pose,robot_origin,robot_origin
40.890363462000096,2026-09-13T15:48:30.667838+00:00,1789314510.6045914,0.0632467269897461,1.5334091647058032,-0.8988807719276249,0.3096523582935333,-1.3302402798583992,control_pose,robot_origin,robot_origin
40.90046559500024,2026-09-13T15:48:30.677927+00:00,1789314510.6579678,0.019959211349487305,1.5334210296350552,-0.8988682018570512,0.3096534013748169,-1.3302352947618912,control_pose,robot_origin,robot_origin
40.9241185840001,2026-09-13T15:48:30.701512+00:00,1789314510.5940099,0.10750222206115723,1.533422589918632,-0.8988804065273159,0.30965219811782263,-1.3302538664123236,control_pose,robot_origin,robot_origin
40.97114388600039,2026-09-13T15:48:30.748582+00:00,1789314510.7095418,0.03904008865356445,1.533473399633365,-0.8988688493889928,0.30965369939804077,-1.3303608825431257,control_pose,robot_origin,robot_origin
41.01361309500044,2026-09-13T15:48:30.790902+00:00,1789314510.6574724,0.13342952728271484,1.5334208829643965,-0.8988683575978179,0.3096534167618767,-1.3302350480454865,control_pose,robot_origin,robot_origin
41.03294992500014,2026-09-13T15:48:30.810431+00:00,1789314510.761299,0.04913210868835449,1.5334800408444922,-0.8989146233251029,0.3096522390842438,-1.3303989791757116,control_pose,robot_origin,robot_origin
41.04578081799991,2026-09-13T15:48:30.823254+00:00,1789314510.811447,0.01180720329284668,1.5334580064947245,-0.8988918262540311,0.3096538782119751,-1.3303139017070678,control_pose,robot_origin,robot_origin
41.08605957600048,2026-09-13T15:48:30.863433+00:00,1789314510.7505336,0.1128993034362793,1.5334960784707363,-0.8988995646223907,0.3096523417381454,-1.3304148161461693,control_pose,robot_origin,robot_origin
41.114506638999956,2026-09-13T15:48:30.891986+00:00,1789314510.8680074,0.023978471755981445,1.5335045171168094,-0.8990271583426432,0.3096541166305542,-1.3302895928095346,control_pose,robot_origin,robot_origin
41.13835645200015,2026-09-13T15:48:30.915833+00:00,1789314510.8004043,0.11542868614196777,1.533454851124293,-0.8988872157995752,0.30965368817726097,-1.3303439381151898,control_pose,robot_origin,robot_origin
41.18402731200058,2026-09-13T15:48:30.961493+00:00,1789314510.9180605,0.04343247413635254,1.534370800285501,-0.9016398893454394,0.30928125977516174,-1.3305209854779856,control_pose,robot_origin,robot_origin
41.219955763000144,2026-09-13T15:48:30.997434+00:00,1789314510.8738096,0.12362432479858398,1.5335246361587824,-0.8990512033410573,0.30965393374482764,-1.3303209113749508,control_pose,robot_origin,robot_origin
41.25190066899995,2026-09-13T15:48:31.029377+00:00,1789314510.9778655,0.051511526107788086,1.536388333490851,-0.904543202859306,0.3076094090938568,-1.3314181306953026,control_pose,robot_origin,robot_origin
41.26863384100034,2026-09-13T15:48:31.046114+00:00,1789314510.9437237,0.10239028930664062,1.5352274887768818,-0.9026958455407432,0.30854096223454575,-1.3308233459948278,control_pose,robot_origin,robot_origin
41.315747305000514,2026-09-13T15:48:31.093221+00:00,1789314511.0350187,0.058202266693115234,1.5375820800640976,-0.910657760257637,0.306796133518219,-1.333316631061756,control_pose,robot_origin,robot_origin
41.33783071700054,2026-09-13T15:48:31.115309+00:00,1789314511.01031,0.10499906539916992,1.5370659920729317,-0.9080142765272582,0.3071477339060246,-1.332497066740221,control_pose,robot_origin,robot_origin
41.35561070800031,2026-09-13T15:48:31.133086+00:00,1789314511.0944958,0.038590192794799805,1.5402702436234261,-0.9208428532543931,0.3059542179107666,-1.3335190946585478,control_pose,robot_origin,robot_origin
41.414439178000066,2026-09-13T15:48:31.191915+00:00,1789314511.0778291,0.11408591270446777,1.5395038282340883,-0.9178358589283511,0.3061981886088674,-1.3334103161943958,control_pose,robot_origin,robot_origin
41.4411732210001,2026-09-13T15:48:31.218646+00:00,1789314511.1680477,0.0505983829498291,1.5436931477261444,-0.9343502046372656,0.30432209372520447,-1.3351684547757097,control_pose,robot_origin,robot_origin
41.46922813400033,2026-09-13T15:48:31.246705+00:00,1789314511.1478314,0.09887361526489258,1.542781762786127,-0.9307142900725934,0.3048413434016253,-1.3346796136098604,control_pose,robot_origin,robot_origin
41.504653603000406,2026-09-13T15:48:31.282127+00:00,1789314511.2390547,0.04307222366333008,1.5469709051479814,-0.9513640326363174,0.30192065238952637,-1.3351647127942503,control_pose,robot_origin,robot_origin
41.55253692400038,2026-09-13T15:48:31.330015+00:00,1789314511.230241,0.09977388381958008,1.546651322207719,-0.9493683326165959,0.30222095781347835,-1.33525438703322,control_pose,robot_origin,robot_origin
41.59056115200019,2026-09-13T15:48:31.368036+00:00,1789314511.3178365,0.05019950866699219,1.545954703403645,-0.9669294478946506,0.2994164824485779,-1.3350682259205797,control_pose,robot_origin,robot_origin
41.60662163100005,2026-09-13T15:48:31.383984+00:00,1789314511.2897508,0.09423327445983887,1.5456626248499759,-0.9614288419759979,0.30045319403449133,-1.3350839768001919,control_pose,robot_origin,robot_origin
41.64010730600057,2026-09-13T15:48:31.417587+00:00,1789314511.370619,0.04696798324584961,1.5481444609758848,-0.9846017717517399,0.2969522476196289,-1.33368725966865,control_pose,robot_origin,robot_origin
41.67753917100072,2026-09-13T15:48:31.455014+00:00,1789314511.3574584,0.09755563735961914,1.5476446941018347,-0.9789472562177316,0.29776897912826406,-1.3343776693316276,control_pose,robot_origin,robot_origin
41.71348112099986,2026-09-13T15:48:31.490956+00:00,1789314511.4345374,0.056418657302856445,1.5541202784341983,-1.008187679270759,0.29634377360343933,-1.3305238379567559,control_pose,robot_origin,robot_origin
41.73138909699992,2026-09-13T15:48:31.508863+00:00,1789314511.4254339,0.08342909812927246,1.5532691757444288,-1.0048284686740296,0.29643043519835016,-1.330994022794169,control_pose,robot_origin,robot_origin
41.759827481000684,2026-09-13T15:48:31.537304+00:00,1789314511.497886,0.03941798210144043,1.5558912471203514,-1.032002419770462,0.30115851759910583,-1.325344450437796,control_pose,robot_origin,robot_origin
41.79645595000056,2026-09-13T15:48:31.573931+00:00,1789314511.4940517,0.0798792839050293,1.5557840545132504,-1.030560969031353,0.3008670923664328,-1.3256589602018964,control_pose,robot_origin,robot_origin
41.81698524600051,2026-09-13T15:48:31.594464+00:00,1789314511.5511549,0.04330921173095703,1.5606291900783145,-1.0490453084739584,0.30204272270202637,-1.322424609257034,control_pose,robot_origin,robot_origin
41.8404503669999,2026-09-13T15:48:31.617927+00:00,1789314511.604501,0.013426065444946289,1.5667523890734016,-1.0680496416003373,0.30138108134269714,-1.3235889707521138,control_pose,robot_origin,robot_origin
41.87025327500032,2026-09-13T15:48:31.647728+00:00,1789314511.5694022,0.07832574844360352,1.5622313616480714,-1.0548362919709109,0.3019835976311681,-1.3221710769367752,control_pose,robot_origin,robot_origin
41.99360379400059,2026-09-13T15:48:31.771073+00:00,1789314511.671095,0.09997820854187012,1.5754804056780887,-1.0955275158695819,0.29868435859680176,-1.3239181009293401,control_pose,robot_origin,robot_origin
41.99902821900014,2026-09-13T15:48:31.776506+00:00,1789314511.636343,0.14016294479370117,1.5709454369241698,-1.0811586064570882,0.3001669568549846,-1.3238586266483994,control_pose,robot_origin,robot_origin
42.007008932000645,2026-09-13T15:48:31.784481+00:00,1789314511.70774,0.07674098014831543,1.5790177935211416,-1.109039337792706,0.298344379878252,-1.3233222600939172,control_pose,robot_origin,robot_origin
42.020108816000175,2026-09-13T15:48:31.797587+00:00,1789314511.7389824,0.05860447883605957,1.582373352854465,-1.1201210047530779,0.2987734079360962,-1.3229085429289655,control_pose,robot_origin,robot_origin
42.0318390880002,2026-09-13T15:48:31.809317+00:00,1789314511.7910957,0.018221378326416016,1.5912674941107057,-1.1352325471639617,0.3014028072357178,-1.3285306046359862,control_pose,robot_origin,robot_origin
42.08158200200069,2026-09-13T15:48:31.859060+00:00,1789314511.7783878,0.0806722640991211,1.588983790419239,-1.131592453476254,0.29998120046506455,-1.3269323833290698,control_pose,robot_origin,robot_origin
42.117709447999914,2026-09-13T15:48:31.895187+00:00,1789314511.8503096,0.04487729072570801,1.594716395957033,-1.1444988606988538,0.30388525128364563,-1.329884977202626,control_pose,robot_origin,robot_origin
42.13687025299987,2026-09-13T15:48:31.914340+00:00,1789314511.9044833,0.009856700897216797,1.5952057219987372,-1.1498177877732148,0.30419009923934937,-1.3313131482346572,control_pose,robot_origin,robot_origin
42.16742807100036,2026-09-13T15:48:31.944837+00:00,1789314511.8584077,0.08642935752868652,1.5943036233702814,-1.1436539035832518,0.3038738464206116,-1.3304470467428053,control_pose,robot_origin,robot_origin
42.21294847199988,2026-09-13T15:48:31.990426+00:00,1789314511.958307,0.032119035720825195,1.5963264707864535,-1.1558425467267432,0.3044857084751129,-1.3310841012593186,control_pose,robot_origin,robot_origin
42.22545708100006,2026-09-13T15:48:32.002926+00:00,1789314511.915731,0.08719515800476074,1.5956215050672689,-1.1516955119828916,0.30404106147828974,-1.3316907662205992,control_pose,robot_origin,robot_origin
42.27160804899995,2026-09-13T15:48:32.049084+00:00,1789314512.0106592,0.03842473030090332,1.5955497779282595,-1.1582886919196465,0.3059685528278351,-1.3265787983543529,control_pose,robot_origin,robot_origin
42.30253349200029,2026-09-13T15:48:32.079960+00:00,1789314511.9847481,0.09521198272705078,1.5954993751665318,-1.157412143707234,0.3055196986356168,-1.3286890253117585,control_pose,robot_origin,robot_origin
42.33763731399995,2026-09-13T15:48:32.115117+00:00,1789314512.0678387,0.047278404235839844,1.5963630318478574,-1.1578321169072756,0.3057285249233246,-1.3238525963068686,control_pose,robot_origin,robot_origin
42.37025346500013,2026-09-13T15:48:32.147732+00:00,1789314512.060364,0.08736801147460938,1.596256720462793,-1.1578918019832176,0.30575990220705823,-1.3242089852173908,control_pose,robot_origin,robot_origin
42.39660736000042,2026-09-13T15:48:32.174069+00:00,1789314512.1278331,0.04623579978942871,1.5964742481901253,-1.1566080534008951,0.30586370825767517,-1.323999864052653,control_pose,robot_origin,robot_origin
42.432180617000085,2026-09-13T15:48:32.209655+00:00,1789314512.132538,0.0771169662475586,1.5964628475453708,-1.1565565587510882,0.30587305962267564,-1.3239828859175427,control_pose,robot_origin,robot_origin
42.454311774000416,2026-09-13T15:48:32.231789+00:00,1789314512.184465,0.047324180603027344,1.5961037272253285,-1.155652427481836,0.30597007274627686,-1.3231922516637644,control_pose,robot_origin,robot_origin
42.47289803900003,2026-09-13T15:48:32.250378+00:00,1789314512.2377143,0.012663602828979492,1.5955695279010182,-1.1550259349084182,0.30603212118148804,-1.3230087621092403,control_pose,robot_origin,robot_origin
42.51464227799988,2026-09-13T15:48:32.292115+00:00,1789314512.2089872,0.08312773704528809,1.5958549349318185,-1.1553181881713823,0.3060048291724613,-1.3229709778401841,control_pose,robot_origin,robot_origin
42.55589807200067,2026-09-13T15:48:32.333366+00:00,1789314512.2879517,0.04541420936584473,1.5952807846061108,-1.1547509924760886,0.3060523271560669,-1.3236226277839367,control_pose,robot_origin,robot_origin
42.61428343600073,2026-09-13T15:48:32.391762+00:00,1789314512.2762825,0.1154794692993164,1.5953318865186366,-1.1547951079991836,0.30604877972695294,-1.3235035777807922,control_pose,robot_origin,robot_origin
42.643420367000545,2026-09-13T15:48:32.420895+00:00,1789314512.347761,0.07313418388366699,1.59535131946872,-1.154818765526614,0.3060593008995056,-1.323836359663829,control_pose,robot_origin,robot_origin
42.657330269999875,2026-09-13T15:48:32.434808+00:00,1789314512.3334231,0.10138487815856934,1.5953231494297828,-1.1547941567686697,0.3060577703307506,-1.323814808529722,control_pose,robot_origin,robot_origin
42.711890163000135,2026-09-13T15:48:32.489364+00:00,1789314512.414618,0.07474589347839355,1.5955860291286137,-1.1549516140340115,0.3060588240623474,-1.3237097049372266,control_pose,robot_origin,robot_origin
42.717760082000495,2026-09-13T15:48:32.495238+00:00,1789314512.40475,0.09048795700073242,1.5955513867760724,-1.1549320060433135,0.3060588944419004,-1.3237283921190446,control_pose,robot_origin,robot_origin
42.74412194500019,2026-09-13T15:48:32.521601+00:00,1789314512.467827,0.05377388000488281,1.5956106801011447,-1.1549285258707458,0.3064350485801697,-1.3236340987713526,control_pose,robot_origin,robot_origin
42.79850709600032,2026-09-13T15:48:32.575988+00:00,1789314512.4794502,0.09653782844543457,1.5955703353697126,-1.154915057288593,0.30630676738968726,-1.3236791058824273,control_pose,robot_origin,robot_origin
42.839178016000005,2026-09-13T15:48:32.616649+00:00,1789314512.5710068,0.04564213752746582,1.5953897499266363,-1.1545215188090343,0.3062811493873596,-1.297643071733061,control_pose,robot_origin,robot_origin
42.85835241899986,2026-09-13T15:48:32.635830+00:00,1789314512.5452235,0.0906064510345459,1.595428593344744,-1.1546435289002506,0.3062052503562729,-1.3082631263660742,control_pose,robot_origin,robot_origin
42.90709030200014,2026-09-13T15:48:32.684562+00:00,1789314512.6246421,0.05991983413696289,1.594574990255287,-1.1562277317313863,0.3063804507255554,-1.2618676657859245,control_pose,robot_origin,robot_origin
42.94717618899995,2026-09-13T15:48:32.724653+00:00,1789314512.6231952,0.10145783424377441,1.5945552181651952,-1.1562275072309869,0.30638086201940573,-1.2625578714577719,control_pose,robot_origin,robot_origin
42.98249427900009,2026-09-13T15:48:32.759967+00:00,1789314512.7210422,0.0389249324798584,1.5968319572660572,-1.1558033872328335,0.3068581521511078,-1.213528898886894,control_pose,robot_origin,robot_origin
43.009343114999865,2026-09-13T15:48:32.786822+00:00,1789314512.690002,0.09682011604309082,1.5960320759751625,-1.155897649861976,0.30666217936252577,-1.2291238137994451,control_pose,robot_origin,robot_origin
43.0385253000004,2026-09-13T15:48:32.816006+00:00,1789314512.7747772,0.0412287712097168,1.5989950348257782,-1.1559886734512392,0.30710431933403015,-1.1866066762555638,control_pose,robot_origin,robot_origin
43.0847748390006,2026-09-13T15:48:32.862250+00:00,1789314512.7677238,0.09452629089355469,1.5986639930307145,-1.1559476722653559,0.3071890325694366,-1.1895118651504613,control_pose,robot_origin,robot_origin
43.10959740599992,2026-09-13T15:48:32.887071+00:00,1789314512.8477678,0.03930306434631348,1.601045252663948,-1.1573644937846879,0.306953102350235,-1.1520596571133366,control_pose,robot_origin,robot_origin
43.13608686899988,2026-09-13T15:48:32.913559+00:00,1789314512.8293009,0.0842580795288086,1.6006164425196894,-1.1568573261290453,0.3069199142366906,-1.1608019387774269,control_pose,robot_origin,robot_origin
43.172341620000225,2026-09-13T15:48:32.949819+00:00,1789314512.8977766,0.052042484283447266,1.6018017674416598,-1.158925381163544,0.3072868883609772,-1.1279082176050683,control_pose,robot_origin,robot_origin
43.21718295100072,2026-09-13T15:48:32.994661+00:00,1789314512.8993812,0.09527993202209473,1.6018136286773952,-1.158957658816345,0.3072965643620177,-1.127464143358739,control_pose,robot_origin,robot_origin
43.25075297700005,2026-09-13T15:48:33.028222+00:00,1789314512.9843695,0.04385256767272949,1.6023966353852288,-1.1616708070620876,0.3080030083656311,-1.0919291103524884,control_pose,robot_origin,robot_origin
43.280821923000076,2026-09-13T15:48:33.058211+00:00,1789314512.9691966,0.08901453018188477,1.6023232563861887,-1.1611916134627853,0.3078601733394926,-1.0982545038325526,control_pose,robot_origin,robot_origin
43.30080848800026,2026-09-13T15:48:33.078282+00:00,1789314513.0410752,0.03720688819885254,1.6027911094650882,-1.1629993363081992,0.3084678649902344,-1.0685892956278127,control_pose,robot_origin,robot_origin
43.348791547000474,2026-09-13T15:48:33.126279+00:00,1789314513.043096,0.08318305015563965,1.6027961600036806,-1.1630243846847115,0.3084838390767151,-1.0678459059780998,control_pose,robot_origin,robot_origin
43.37077433000013,2026-09-13T15:48:33.148257+00:00,1789314513.1080444,0.04021263122558594,1.6033851097576497,-1.163586255812946,0.30880093574523926,-1.0386758435463217,control_pose,robot_origin,robot_origin
43.4197685879999,2026-09-13T15:48:33.197246+00:00,1789314513.1077743,0.08947181701660156,1.6033807614177784,-1.1635831712658227,0.3087997311773398,-1.0388060649281092,control_pose,robot_origin,robot_origin
43.44343699000001,2026-09-13T15:48:33.220915+00:00,1789314513.1609318,0.059983253479003906,1.6043330729303347,-1.1640303516579138,0.308864563703537,-1.0157259285317561,control_pose,robot_origin,robot_origin
43.45678406800016,2026-09-13T15:48:33.234256+00:00,1789314513.2109356,0.023320436477661133,1.6063247203076345,-1.163616515768747,0.30895259976387024,-0.9944030960724054,control_pose,robot_origin,robot_origin
43.476117271000476,2026-09-13T15:48:33.253587+00:00,1789314513.1774561,0.07613086700439453,1.604956981551622,-1.1640196366454574,0.30889182522673914,-1.0081210767171196,control_pose,robot_origin,robot_origin
43.53317724200042,2026-09-13T15:48:33.310655+00:00,1789314513.2618139,0.048841238021850586,1.6082712792487321,-1.1632862597610982,0.30838653445243835,-0.9741485833277512,control_pose,robot_origin,robot_origin
43.57455278700036,2026-09-13T15:48:33.352029+00:00,1789314513.246102,0.1059269905090332,1.6075024168354455,-1.163243542924403,0.30876573159239284,-0.9814238938633262,control_pose,robot_origin,robot_origin
43.60442074799994,2026-09-13T15:48:33.381888+00:00,1789314513.3278027,0.05408525466918945,1.6108362877412492,-1.162849321199755,0.30772170424461365,-0.9450893656974705,control_pose,robot_origin,robot_origin
43.61619588600024,2026-09-13T15:48:33.393643+00:00,1789314513.3204262,0.07321667671203613,1.610546454868741,-1.16292876248607,0.30776244149055926,-0.9484070382622283,control_pose,robot_origin,robot_origin
43.648624039000424,2026-09-13T15:48:33.426102+00:00,1789314513.3809528,0.04514908790588379,1.6137507605499752,-1.1622120195376557,0.3074910640716553,-0.922078452301228,control_pose,robot_origin,robot_origin
43.697129820000555,2026-09-13T15:48:33.474607+00:00,1789314513.3915715,0.08303546905517578,1.614502092635391,-1.1621234782556988,0.30735446620940127,-0.9167932150070435,control_pose,robot_origin,robot_origin
43.7616409000002,2026-09-13T15:48:33.539118+00:00,1789314513.4777,0.06141805648803711,1.6199107664321093,-1.1613599475391876,0.30625009536743164,-0.8733637476975669,control_pose,robot_origin,robot_origin
43.806455627000105,2026-09-13T15:48:33.583917+00:00,1789314513.4626856,0.1212313175201416,1.6189944799868934,-1.1614966337710702,0.3064569058182219,-0.8809427053728905,control_pose,robot_origin,robot_origin
43.85262886000055,2026-09-13T15:48:33.630103+00:00,1789314513.5577965,0.07230663299560547,1.6222286757511208,-1.1617065007958238,0.30538713932037354,-0.8277933458133236,control_pose,robot_origin,robot_origin
43.866868434000025,2026-09-13T15:48:33.644349+00:00,1789314513.541649,0.10269999504089355,1.621761388333924,-1.161636636122997,0.3055611101047681,-0.8369811139352097,control_pose,robot_origin,robot_origin
43.896421700000246,2026-09-13T15:48:33.673896+00:00,1789314513.6243515,0.049544572830200195,1.623588496540832,-1.1620215920084562,0.3057827353477478,-0.7887780094612642,control_pose,robot_origin,robot_origin
43.912095309000506,2026-09-13T15:48:33.689570+00:00,1789314513.6751225,0.014447450637817383,1.625685743818232,-1.164910439119277,0.3068566620349884,-0.7621793705807471,control_pose,robot_origin,robot_origin
43.97174136400008,2026-09-13T15:48:33.749217+00:00,1789314513.6196804,0.12953662872314453,1.6234930562169985,-1.1619994770300721,0.3057549700618766,-0.7915144132810575,control_pose,robot_origin,robot_origin
44.00900049000029,2026-09-13T15:48:33.786475+00:00,1789314513.7408404,0.04563450813293457,1.628787976190971,-1.163646757980567,0.3048633933067322,-0.7466719012918046,control_pose,robot_origin,robot_origin
44.02722446600001,2026-09-13T15:48:33.804692+00:00,1789314513.6777756,0.12691640853881836,1.6258109829200431,-1.1648594235047862,0.30677619250363114,-0.761555549615527,control_pose,robot_origin,robot_origin
44.08675149800001,2026-09-13T15:48:33.864224+00:00,1789314513.7411878,0.12303614616394043,1.6288119407454253,-1.1636428005107495,0.30484993250044645,-0.7466098832832213,control_pose,robot_origin,robot_origin
44.11446626199995,2026-09-13T15:48:33.891941+00:00,1789314513.8326824,0.05925869941711426,1.6322339698439525,-1.163767598870831,0.30003565549850464,-0.7368405126512884,control_pose,robot_origin,robot_origin
44.13095594100014,2026-09-13T15:48:33.908427+00:00,1789314513.8079667,0.10046029090881348,1.6320118813128284,-1.1634502913832718,0.30164432107692296,-0.7378836390147254,control_pose,robot_origin,robot_origin
44.15877590200034,2026-09-13T15:48:33.936251+00:00,1789314513.8842847,0.051966190338134766,1.6334793070259148,-1.161549754920006,0.2992642819881439,-0.739053980499106,control_pose,robot_origin,robot_origin
44.193619493999904,2026-09-13T15:48:33.971091+00:00,1789314513.8779318,0.09315919876098633,1.6333259868783112,-1.1618228055980284,0.2993592499230766,-0.7387818603627713,control_pose,robot_origin,robot_origin
44.21927668800072,2026-09-13T15:48:33.996755+00:00,1789314513.950905,0.04584980010986328,1.6330229028079235,-1.1605295613666224,0.29900264739990234,-0.7377527476367706,control_pose,robot_origin,robot_origin
44.23420668300059,2026-09-13T15:48:34.011684+00:00,1789314514.0010715,0.01061248779296875,1.6327194994765486,-1.1590479591303025,0.2990374267101288,-0.7381258293073939,control_pose,robot_origin,robot_origin
44.260371328000474,2026-09-13T15:48:34.037854+00:00,1789314513.9553893,0.08246469497680664,1.6329882173233816,-1.16043661624651,0.2990097824103169,-0.7377054902998413,control_pose,robot_origin,robot_origin
44.29855037000016,2026-09-13T15:48:34.076030+00:00,1789314514.0515378,0.024492263793945312,1.6325059416697731,-1.1574579489638823,0.2990891635417938,-0.7389364158727737,control_pose,robot_origin,robot_origin
44.32452321500023,2026-09-13T15:48:34.101998+00:00,1789314514.0249503,0.07704782485961914,1.6325835469723418,-1.1580385740115213,0.2990624034349394,-0.7386847109031581,control_pose,robot_origin,robot_origin
44.351783228000386,2026-09-13T15:48:34.129259+00:00,1789314514.1079347,0.02132439613342285,1.6319703555699767,-1.1546685845330966,0.2992367148399353,-0.7392205004932492,control_pose,robot_origin,robot_origin
44.38809035700069,2026-09-13T15:48:34.165561+00:00,1789314514.0918808,0.07368016242980957,1.6320966053550654,-1.1551190730539063,0.29914259289619627,-0.7392701463164041,control_pose,robot_origin,robot_origin
44.408772236000004,2026-09-13T15:48:34.186252+00:00,1789314514.161713,0.02453923225402832,1.631380795380762,-1.152733407448569,0.2993239462375641,-0.7386356515537968,control_pose,robot_origin,robot_origin
44.46714695399987,2026-09-13T15:48:34.244627+00:00,1789314514.1786854,0.06594157218933105,1.631185191065971,-1.152243682730239,0.2993170958256124,-0.7387539510919631,control_pose,robot_origin,robot_origin
44.50747682400015,2026-09-13T15:48:34.284948+00:00,1789314514.237897,0.047051191329956055,1.6305969282873718,-1.1508406730380618,0.2993568181991577,-0.7392512623982416,control_pose,robot_origin,robot_origin
44.52467970999987,2026-09-13T15:48:34.302151+00:00,1789314514.2274923,0.07465863227844238,1.6306833076745444,-1.1510500524266798,0.299352817025119,-0.7391734923418025,control_pose,robot_origin,robot_origin
44.55295857100009,2026-09-13T15:48:34.330439+00:00,1789314514.2942984,0.03614068031311035,1.6302139705380823,-1.149887333366745,0.2993713915348053,-0.7391189557086045,control_pose,robot_origin,robot_origin
44.600556774000324,2026-09-13T15:48:34.378029+00:00,1789314514.2963912,0.08163785934448242,1.630205868699635,-1.1498708780563907,0.2993691100778372,-0.7391108793944517,control_pose,robot_origin,robot_origin
44.63025933300014,2026-09-13T15:48:34.407747+00:00,1789314514.3706782,0.037068843841552734,1.6301706689934998,-1.1495904306725573,0.2993491590023041,-0.7648466645205135,control_pose,robot_origin,robot_origin
44.663858506,2026-09-13T15:48:34.441324+00:00,1789314514.3659313,0.0753927230834961,1.630259296327003,-1.1496603130519223,0.29931872755728656,-0.7619888256847376,control_pose,robot_origin,robot_origin
44.71496217100048,2026-09-13T15:48:34.492438+00:00,1789314514.4341638,0.058274269104003906,1.630972018222646,-1.1507417053949394,0.3031764626502991,-0.798287870771777,control_pose,robot_origin,robot_origin
44.738093381,2026-09-13T15:48:34.515566+00:00,1789314514.441831,0.07373499870300293,1.6310780753579448,-1.1507872460012079,0.30362632387427874,-0.8008680028103873,control_pose,robot_origin,robot_origin
44.76884880800026,2026-09-13T15:48:34.546330+00:00,1789314514.5073223,0.03900766372680664,1.6322447610630508,-1.1509357550191741,0.30720800161361694,-0.8290244343413012,control_pose,robot_origin,robot_origin
44.8075370330007,2026-09-13T15:48:34.585006+00:00,1789314514.5102293,0.07477664947509766,1.6322418717266907,-1.1509460569081984,0.30729823273498647,-0.8296485889244737,control_pose,robot_origin,robot_origin
44.84385792300054,2026-09-13T15:48:34.621337+00:00,1789314514.5641532,0.05718374252319336,1.633216132840402,-1.1503279780272897,0.3085276484489441,-0.8562057289090077,control_pose,robot_origin,robot_origin
44.86463843900037,2026-09-13T15:48:34.642110+00:00,1789314514.6175718,0.024538278579711914,1.6347620208816764,-1.1485439368892254,0.30942946672439575,-0.882909454878297,control_pose,robot_origin,robot_origin
44.87690317200031,2026-09-13T15:48:34.654373+00:00,1789314514.5823104,0.07206249237060547,1.6334102488692772,-1.1500448049886738,0.30864643890445687,-0.8600879475682811,control_pose,robot_origin,robot_origin
44.971293301000514,2026-09-13T15:48:34.748769+00:00,1789314514.6747386,0.07403039932250977,1.6360447068688015,-1.1459516421514886,0.3099181354045868,-0.9118998043761879,control_pose,robot_origin,robot_origin
44.98293280300004,2026-09-13T15:48:34.760400+00:00,1789314514.6517851,0.10861492156982422,1.6354791930463501,-1.1471322937857844,0.3098448123152588,-0.8993879989765776,control_pose,robot_origin,robot_origin
45.00694402699992,2026-09-13T15:48:34.784420+00:00,1789314514.7343512,0.05006885528564453,1.6360761165187745,-1.1437603774565392,0.3088299632072449,-0.9136627769983129,control_pose,robot_origin,robot_origin
45.02952630400068,2026-09-13T15:48:34.807008+00:00,1789314514.7241876,0.08282041549682617,1.6362302926588668,-1.1444017790072922,0.30906322370389744,-0.9144017552764074,control_pose,robot_origin,robot_origin
45.05970546700064,2026-09-13T15:48:34.837173+00:00,1789314514.7922304,0.044942617416381836,1.6356136852182284,-1.1400564964308393,0.3066338896751404,-0.9068173739592778,control_pose,robot_origin,robot_origin
45.10023177800031,2026-09-13T15:48:34.877704+00:00,1789314514.7908528,0.08685111999511719,1.635666843498423,-1.1401059727162193,0.3066755547978724,-0.9069330977517305,control_pose,robot_origin,robot_origin
45.13972807200025,2026-09-13T15:48:34.917202+00:00,1789314514.876548,0.04065394401550293,1.6344652183454553,-1.1386822871837239,0.30587130784988403,-0.903332669845414,control_pose,robot_origin,robot_origin
45.16401085000052,2026-09-13T15:48:34.941486+00:00,1789314514.858445,0.08304095268249512,1.6346758815775666,-1.138844781318832,0.30588680159892656,-0.9038263619629674,control_pose,robot_origin,robot_origin
45.192415359000734,2026-09-13T15:48:34.969893+00:00,1789314514.9308348,0.03905820846557617,1.63431882144495,-1.138884531580226,0.30597832798957825,-0.9029514293815449,control_pose,robot_origin,robot_origin
45.230273240000315,2026-09-13T15:48:35.007748+00:00,1789314514.9247534,0.08299446105957031,1.6343144622873125,-1.1388508924806484,0.30596849751757305,-0.9029637306265654,control_pose,robot_origin,robot_origin
45.269629510000414,2026-09-13T15:48:35.047111+00:00,1789314515.0045192,0.04259181022644043,1.6346565538494044,-1.1393099544697625,0.30606919527053833,-0.9029840423020722,control_pose,robot_origin,robot_origin
45.30000597200069,2026-09-13T15:48:35.077477+00:00,1789314514.99451,0.08296704292297363,1.6345995657889476,-1.139248267074339,0.30605804563213806,-0.9029643244605667,control_pose,robot_origin,robot_origin
45.33400717400036,2026-09-13T15:48:35.111495+00:00,1789314515.068481,0.0430140495300293,1.6347421244087252,-1.1393081643711622,0.306108683347702,-0.9029223366890051,control_pose,robot_origin,robot_origin
45.37842602700039,2026-09-13T15:48:35.155905+00:00,1789314515.0646052,0.09129977226257324,1.6347369392672084,-1.1393082728420503,0.3061062905706777,-0.9029260746684998,control_pose,robot_origin,robot_origin
45.419214732,2026-09-13T15:48:35.196695+00:00,1789314515.1530542,0.043640851974487305,1.6344174168098535,-1.1389712469938504,0.30614858865737915,-0.9027662305711941,control_pose,robot_origin,robot_origin
45.46117497400064,2026-09-13T15:48:35.238648+00:00,1789314515.138099,0.10054898262023926,1.6344780203880076,-1.139036259924496,0.30614241972720796,-0.902795761621179,control_pose,robot_origin,robot_origin
45.47420588000023,2026-09-13T15:48:35.251684+00:00,1789314515.2041717,0.04751229286193848,1.634253269191721,-1.138601993904433,0.3061693608760834,-0.9025765928510601,control_pose,robot_origin,robot_origin
45.504143503000705,2026-09-13T15:48:35.281619+00:00,1789314515.2049122,0.0767068862915039,1.6342533193495827,-1.1385985367840146,0.30616953259060503,-0.9025727064514579,control_pose,robot_origin,robot_origin
45.52482211400002,2026-09-13T15:48:35.302294+00:00,1789314515.2615106,0.04078340530395508,1.6342782001255538,-1.138425990957944,0.30618059635162354,-0.9026145534115428,control_pose,robot_origin,robot_origin
45.57651826000074,2026-09-13T15:48:35.353991+00:00,1789314515.2752368,0.07875418663024902,1.6342883505631665,-1.1384142111247277,0.30618239924168833,-0.9026731949722928,control_pose,robot_origin,robot_origin
45.59820717399998,2026-09-13T15:48:35.375607+00:00,1789314515.3273356,0.04827141761779785,1.6332027314739277,-1.1383392798269754,0.30622726678848267,-0.9018956695904149,control_pose,robot_origin,robot_origin
45.61688239900013,2026-09-13T15:48:35.394360+00:00,1789314515.380835,0.013525009155273438,1.6334176465680066,-1.1386575988645808,0.3069026470184326,-0.8716384209160025,control_pose,robot_origin,robot_origin
45.641503775000274,2026-09-13T15:48:35.418982+00:00,1789314515.3453763,0.07360577583312988,1.6336917467080077,-1.1384660362018135,0.3064771200227519,-0.8952248026940358,control_pose,robot_origin,robot_origin
45.69158547900042,2026-09-13T15:48:35.469064+00:00,1789314515.4341915,0.03487253189086914,1.6334472884747022,-1.1382115496884224,0.30671122670173645,-0.8412355040903134,control_pose,robot_origin,robot_origin
45.72370542200042,2026-09-13T15:48:35.501179+00:00,1789314515.4197707,0.08140826225280762,1.633539055193519,-1.1383506905973357,0.30658226181290527,-0.8480377049083796,control_pose,robot_origin,robot_origin
45.7563031210002,2026-09-13T15:48:35.533778+00:00,1789314515.487314,0.046463966369628906,1.6335412653934487,-1.1381183930562637,0.3068178594112396,-0.8116692498499881,control_pose,robot_origin,robot_origin
45.80776618100026,2026-09-13T15:48:35.585241+00:00,1789314515.4950128,0.09022831916809082,1.6335943840720644,-1.1382104440874157,0.30681593488004827,-0.8074532900994755,control_pose,robot_origin,robot_origin
45.868071496000084,2026-09-13T15:48:35.644861+00:00,1789314515.594384,0.050477027893066406,1.6319629408353398,-1.1357983093703414,0.3064678907394409,-0.7662045218576002,control_pose,robot_origin,robot_origin
45.88555595000071,2026-09-13T15:48:35.663026+00:00,1789314515.573401,0.08962512016296387,1.6322081952113139,-1.136585282076219,0.30663143967554946,-0.7745332140414601,control_pose,robot_origin,robot_origin
45.910189039000215,2026-09-13T15:48:35.687662+00:00,1789314515.6474214,0.04024052619934082,1.6291204442368066,-1.1352529855829865,0.30599749088287354,-0.7710751754756879,control_pose,robot_origin,robot_origin
45.94853542200053,2026-09-13T15:48:35.726009+00:00,1789314515.6279974,0.09801149368286133,1.6296862360500548,-1.1355027504019406,0.30614419623718125,-0.7691559823827127,control_pose,robot_origin,robot_origin
45.97807040299995,2026-09-13T15:48:35.755546+00:00,1789314515.7006,0.054946184158325195,1.6281889621171415,-1.1340714945076955,0.3047502040863037,-0.7741311152074387,control_pose,robot_origin,robot_origin
46.0114875320005,2026-09-13T15:48:35.788968+00:00,1789314515.7049928,0.08397531509399414,1.6281621965640438,-1.1340464185152923,0.30469186021098793,-0.7742005420766286,control_pose,robot_origin,robot_origin
46.031871131000116,2026-09-13T15:48:35.809354+00:00,1789314515.7674034,0.04195070266723633,1.628220037965972,-1.1332840421781414,0.3043804168701172,-0.7762862920408055,control_pose,robot_origin,robot_origin
46.07557024700054,2026-09-13T15:48:35.853045+00:00,1789314515.772985,0.08006000518798828,1.6282402393639637,-1.1332110908224315,0.3043699467070383,-0.7765470177826727,control_pose,robot_origin,robot_origin
46.0868569029999,2026-09-13T15:48:35.864284+00:00,1789314515.8257613,0.03852272033691406,1.6283380802654455,-1.1325792452821553,0.30431151390075684,-0.7787090807435322,control_pose,robot_origin,robot_origin
46.1136731760007,2026-09-13T15:48:35.891158+00:00,1789314515.880776,0.01038217544555664,1.628599270934055,-1.132055725034232,0.30433419346809387,-0.7821926948589306,control_pose,robot_origin,robot_origin
46.1471402950001,2026-09-13T15:48:35.924621+00:00,1789314515.8431501,0.08147096633911133,1.6285485161320572,-1.132212367296249,0.304342053157642,-0.7805941242730817,control_pose,robot_origin,robot_origin
46.18523733600068,2026-09-13T15:48:35.962705+00:00,1789314515.9372954,0.025409460067749023,1.628601891848826,-1.1320663771853523,0.3043491244316101,-0.7824853838256933,control_pose,robot_origin,robot_origin
46.20829185999992,2026-09-13T15:48:35.985769+00:00,1789314515.9045136,0.08125543594360352,1.62860714582508,-1.1320592594759833,0.3043476386497039,-0.7824990900059485,control_pose,robot_origin,robot_origin
46.24709823400008,2026-09-13T15:48:36.024574+00:00,1789314515.9909534,0.033620595932006836,1.6284815985757128,-1.1320711635369356,0.3043241500854492,-0.7822404927100644,control_pose,robot_origin,robot_origin
46.28455426000073,2026-09-13T15:48:36.062031+00:00,1789314515.979214,0.08281707763671875,1.6285105512192661,-1.1320846254749262,0.30431145225596584,-0.7822429591582293,control_pose,robot_origin,robot_origin
46.32286492000003,2026-09-13T15:48:36.100345+00:00,1789314516.0524936,0.0478513240814209,1.628498251557583,-1.1319297916621247,0.304334819316864,-0.782584861712713,control_pose,robot_origin,robot_origin
46.35133374599991,2026-09-13T15:48:36.128809+00:00,1789314516.0489192,0.07988977432250977,1.6284976435816916,-1.1319396323346187,0.30433517350777584,-0.7825519523099507,control_pose,robot_origin,robot_origin
46.377366429000176,2026-09-13T15:48:36.154845+00:00,1789314516.1106613,0.04418373107910156,1.6285067012620102,-1.1316147554331555,0.3043481409549713,-0.783415939956835,control_pose,robot_origin,robot_origin
46.42995198800054,2026-09-13T15:48:36.207431+00:00,1789314516.1640477,0.04338335990905762,1.6285080089426858,-1.131358356434369,0.30436062812805176,-0.7839457043882012,control_pose,robot_origin,robot_origin
46.431814364000275,2026-09-13T15:48:36.209294+00:00,1789314516.115941,0.0933530330657959,1.6285145809776949,-1.1315918702867425,0.30434538684894535,-0.7834358888700322,control_pose,robot_origin,robot_origin
46.49331492100009,2026-09-13T15:48:36.270793+00:00,1789314516.2173183,0.05347466468811035,1.6284686329629547,-1.1312260822702935,0.3043575882911682,-0.7843055101683495,control_pose,robot_origin,robot_origin
46.59772933600016,2026-09-13T15:48:36.374810+00:00,1789314516.2209022,0.15390777587890625,1.6284683837697131,-1.131215384752322,0.30435806577432956,-0.7843249549676546,control_pose,robot_origin,robot_origin
46.61514926600012,2026-09-13T15:48:36.392623+00:00,1789314516.270687,0.12193584442138672,1.6284337927133594,-1.1311641429321384,0.3043529689311981,-0.7843415955156245,control_pose,robot_origin,robot_origin
46.61725525700058,2026-09-13T15:48:36.394727+00:00,1789314516.2758327,0.11889433860778809,1.628428761597629,-1.1311468513011653,0.3043496345133381,-0.7843286266383006,control_pose,robot_origin,robot_origin
46.66146089100039,2026-09-13T15:48:36.438922+00:00,1789314516.3539882,0.08493375778198242,1.6283871593200776,-1.1310538390998366,0.3043397068977356,-0.7840992012651905,control_pose,robot_origin,robot_origin
46.68563481500041,2026-09-13T15:48:36.463105+00:00,1789314516.3303413,0.13276362419128418,1.6283959222407485,-1.1310810201753865,0.3043395251480584,-0.7841685698327928,control_pose,robot_origin,robot_origin
46.768408486000226,2026-09-13T15:48:36.545878+00:00,1789314516.4108827,0.1349952220916748,1.6283880878155024,-1.1309941959229992,0.3043554425239563,-0.7841917480883048,control_pose,robot_origin,robot_origin
46.88696507900022,2026-09-13T15:48:36.664430+00:00,1789314516.4081814,0.25624847412109375,1.6283887274080864,-1.130995909000059,0.30435521051823866,-0.7841869667984261,control_pose,robot_origin,robot_origin
46.91107576200011,2026-09-13T15:48:36.688527+00:00,1789314516.5914593,0.09706783294677734,1.6284376958159905,-1.130900442930267,0.304376482963562,-0.7841827916286428,control_pose,robot_origin,robot_origin
46.922431705000236,2026-09-13T15:48:36.699901+00:00,1789314516.6438966,0.05600452423095703,1.6284234808067395,-1.130841129170366,0.3043949604034424,-0.7844525590145837,control_pose,robot_origin,robot_origin
46.9902871660006,2026-09-13T15:48:36.767774+00:00,1789314516.6164327,0.15134143829345703,1.6284417830295876,-1.1308688474089394,0.3043897945983905,-0.7842108062752257,control_pose,robot_origin,robot_origin
46.9929402000007,2026-09-13T15:48:36.770417+00:00,1789314516.6973062,0.07311081886291504,1.6284155849877764,-1.13082378639658,0.3043876588344574,-0.7846795034716876,control_pose,robot_origin,robot_origin
47.04772920100004,2026-09-13T15:48:36.825212+00:00,1789314516.7505467,0.07466530799865723,1.628417044681958,-1.1308216075559299,0.30436456203460693,-0.7846380617152047,control_pose,robot_origin,robot_origin
47.119080713000585,2026-09-13T15:48:36.896557+00:00,1789314516.703841,0.19271612167358398,1.6284185647488398,-1.1308267478332672,0.3043845086743501,-0.7847226141090585,control_pose,robot_origin,robot_origin
47.15362584900049,2026-09-13T15:48:36.931110+00:00,1789314516.7655516,0.1655583381652832,1.6284245110582918,-1.1308145507484568,0.30436690641445696,-0.7845812889321634,control_pose,robot_origin,robot_origin
47.179484302000674,2026-09-13T15:48:36.956958+00:00,1789314516.8540118,0.10294628143310547,1.6283923438676187,-1.1306914164988184,0.30436792969703674,-0.7845084219266444,control_pose,robot_origin,robot_origin
47.200443073000315,2026-09-13T15:48:36.977923+00:00,1789314516.826675,0.15124797821044922,1.6283938343229822,-1.1307293318319132,0.3043666803509059,-0.7845091218368793,control_pose,robot_origin,robot_origin
47.21624052900006,2026-09-13T15:48:36.993730+00:00,1789314516.9340267,0.05970335006713867,1.630235953723136,-1.1325486924916939,0.30453357100486755,-0.7849177016057631,control_pose,robot_origin,robot_origin
47.221078859000045,2026-09-13T15:48:36.998556+00:00,1789314516.8971174,0.10143852233886719,1.629385528503444,-1.1316919633200946,0.30445716354524127,-0.7847289332954602,control_pose,robot_origin,robot_origin
47.282441757000015,2026-09-13T15:48:37.059919+00:00,1789314516.9872487,0.07267045974731445,1.631787531614355,-1.1352042699272413,0.3046383261680603,-0.7881050653183959,control_pose,robot_origin,robot_origin
47.2873040580007,2026-09-13T15:48:37.064783+00:00,1789314516.9596665,0.10511660575866699,1.6309657393651695,-1.1338453747084494,0.30457338246112464,-0.7864441824686168,control_pose,robot_origin,robot_origin
47.34757181100031,2026-09-13T15:48:37.125043+00:00,1789314517.0540867,0.07095623016357422,1.6366822906983258,-1.1413057459501998,0.3047296404838562,-0.7920264378224527,control_pose,robot_origin,robot_origin
47.37011656699997,2026-09-13T15:48:37.147590+00:00,1789314517.0359461,0.11164379119873047,1.6353537997879808,-1.139649738923678,0.30470485678430365,-0.7909621469118702,control_pose,robot_origin,robot_origin
47.425293830000555,2026-09-13T15:48:37.202772+00:00,1789314517.1205716,0.08220028877258301,1.6439187759785348,-1.1498814529152979,0.30398717522621155,-0.7961747183224629,control_pose,robot_origin,robot_origin
47.446489203000056,2026-09-13T15:48:37.223948+00:00,1789314517.1053588,0.11858916282653809,1.6421811663348396,-1.1478310601057125,0.3041703477750934,-0.7951638867771085,control_pose,robot_origin,robot_origin
47.46409337700061,2026-09-13T15:48:37.241580+00:00,1789314517.1873333,0.05424666404724121,1.6501873579206983,-1.158876420677551,0.30279508233070374,-0.8002447852285665,control_pose,robot_origin,robot_origin
47.49767841799985,2026-09-13T15:48:37.275157+00:00,1789314517.1731286,0.10202836990356445,1.6488536046718396,-1.1569625799418035,0.30304872147700423,-0.7993795478829487,control_pose,robot_origin,robot_origin
47.51154011000017,2026-09-13T15:48:37.289013+00:00,1789314517.2473395,0.04167342185974121,1.6552308310976016,-1.1677253215481918,0.30138257145881653,-0.8045502696916574,control_pose,robot_origin,robot_origin
47.559558435000326,2026-09-13T15:48:37.337034+00:00,1789314517.2476463,0.08938765525817871,1.65526444948045,-1.167754947410556,0.3013742072170984,-0.8045448789187569,control_pose,robot_origin,robot_origin
47.58358913600023,2026-09-13T15:48:37.361067+00:00,1789314517.3172917,0.043775320053100586,1.6676549965611767,-1.183198096222796,0.2977779507637024,-0.8014289447053374,control_pose,robot_origin,robot_origin
47.60785929099984,2026-09-13T15:48:37.385329+00:00,1789314517.3120506,0.07327842712402344,1.6664986665896426,-1.1818169133223535,0.29812076619088207,-0.801681664202493,control_pose,robot_origin,robot_origin
47.639509084000565,2026-09-13T15:48:37.416984+00:00,1789314517.370735,0.0462491512298584,1.6793448153465622,-1.1955836237341588,0.2971447706222534,-0.8006118670731114,control_pose,robot_origin,robot_origin
47.67353818100037,2026-09-13T15:48:37.451013+00:00,1789314517.3854837,0.06552934646606445,1.68284564104355,-1.1988370730479065,0.2970264638943891,-0.7998936644746955,control_pose,robot_origin,robot_origin
47.701954963999924,2026-09-13T15:48:37.479432+00:00,1789314517.4404447,0.03898739814758301,1.7001961992091588,-1.2166184817299812,0.2978357672691345,-0.7970721923817818,control_pose,robot_origin,robot_origin
47.734086929000114,2026-09-13T15:48:37.511563+00:00,1789314517.495828,0.015735149383544922,1.7120105304608861,-1.2273103188554486,0.29916197061538696,-0.7958419974960865,control_pose,robot_origin,robot_origin
47.761894803999894,2026-09-13T15:48:37.539377+00:00,1789314517.4526336,0.08674335479736328,1.703015759627171,-1.2195079990089523,0.2983633404989188,-0.7961951145547917,control_pose,robot_origin,robot_origin
47.79662613200071,2026-09-13T15:48:37.574099+00:00,1789314517.5530756,0.02102351188659668,1.726446364285677,-1.2399216974631069,0.298338383436203,-0.7923405223481527,control_pose,robot_origin,robot_origin
47.840111541000624,2026-09-13T15:48:37.617586+00:00,1789314517.5262382,0.09134769439697266,1.7206845977531566,-1.2350852061907476,0.2987146459936304,-0.7929182001340589,control_pose,robot_origin,robot_origin
47.885230849000436,2026-09-13T15:48:37.662709+00:00,1789314517.6141698,0.048539161682128906,1.750272462120611,-1.2567544606270487,0.29673442244529724,-0.7944571312550245,control_pose,robot_origin,robot_origin
47.91035259799992,2026-09-13T15:48:37.687837+00:00,1789314517.588791,0.09904599189758301,1.741147633405419,-1.250253046310751,0.2973846926502902,-0.793908676584721,control_pose,robot_origin,robot_origin
47.94961620200047,2026-09-13T15:48:37.727088+00:00,1789314517.6805933,0.04649472236633301,1.7679071667814261,-1.2736405599279936,0.2966528832912445,-0.7936311879731588,control_pose,robot_origin,robot_origin
47.98723588900066,2026-09-13T15:48:37.764712+00:00,1789314517.657565,0.1071469783782959,1.7635495362158844,-1.269681660180318,0.2964694032600576,-0.7929889862517534,control_pose,robot_origin,robot_origin
48.02087521000067,2026-09-13T15:48:37.798361+00:00,1789314517.7440205,0.05434060096740723,1.7874347638726553,-1.286970411188597,0.30118316411972046,-0.7956874513170792,control_pose,robot_origin,robot_origin
48.05308139200042,2026-09-13T15:48:37.830557+00:00,1789314517.7260172,0.10453987121582031,1.7828646368082295,-1.2836694080515347,0.2994920881043054,-0.7951435218395155,control_pose,robot_origin,robot_origin
48.09220846700009,2026-09-13T15:48:37.869681+00:00,1789314517.8004806,0.06920027732849121,1.7965221896586538,-1.2958297871129203,0.3034067749977112,-0.7935590243791507,control_pose,robot_origin,robot_origin
48.121810485000424,2026-09-13T15:48:37.899286+00:00,1789314517.801907,0.09737896919250488,1.7966711774681348,-1.2960092770956626,0.30341451138708125,-0.7935825894179792,control_pose,robot_origin,robot_origin
48.15903633100061,2026-09-13T15:48:37.936506+00:00,1789314517.8671343,0.06937170028686523,1.8076495439079108,-1.3084491841998356,0.3036983907222748,-0.7942311009058246,control_pose,robot_origin,robot_origin
48.17692284400073,2026-09-13T15:48:37.954392+00:00,1789314517.873121,0.08127093315124512,1.80805132296333,-1.3089123554459965,0.3037193071717197,-0.7942710673695056,control_pose,robot_origin,robot_origin
48.21397257300032,2026-09-13T15:48:37.991455+00:00,1789314517.9379103,0.05354475975036621,1.8166875010767773,-1.3206422356903904,0.3033907115459442,-0.7930013236010326,control_pose,robot_origin,robot_origin
48.25024076000045,2026-09-13T15:48:38.027720+00:00,1789314517.937734,0.08998608589172363,1.8166591154076244,-1.3206026678545677,0.30339223623163564,-0.793006954746254,control_pose,robot_origin,robot_origin
48.296447491000436,2026-09-13T15:48:38.073927+00:00,1789314518.0173054,0.056621551513671875,1.8208436596806787,-1.3274058417554149,0.304421603679657,-0.7862156185431576,control_pose,robot_origin,robot_origin
48.33263659400018,2026-09-13T15:48:38.110114+00:00,1789314518.0067222,0.10339188575744629,1.8203491727469674,-1.326501211059142,0.3042050233656372,-0.7874616847456203,control_pose,robot_origin,robot_origin
48.3510484490007,2026-09-13T15:48:38.128446+00:00,1789314518.0804255,0.04802060127258301,1.822835242204836,-1.3286275890181007,0.30509522557258606,-0.7809358889347381,control_pose,robot_origin,robot_origin
48.39316852800039,2026-09-13T15:48:38.170646+00:00,1789314518.080392,0.09025406837463379,1.82283417876752,-1.3286269366466255,0.30509486588141116,-0.7809387121964856,control_pose,robot_origin,robot_origin
48.430081528999835,2026-09-13T15:48:38.207553+00:00,1789314518.1539624,0.05359053611755371,1.8225744699642137,-1.3267165314628149,0.3047557473182678,-0.775732713096817,control_pose,robot_origin,robot_origin
48.444921388000694,2026-09-13T15:48:38.222392+00:00,1789314518.1490474,0.07334470748901367,1.8226851063891576,-1.3268124550165785,0.30474317169901816,-0.7762447433895715,control_pose,robot_origin,robot_origin
48.467227007000474,2026-09-13T15:48:38.244705+00:00,1789314518.2105043,0.03420066833496094,1.8214457911257045,-1.3236404597402378,0.30519363284111023,-0.7695053273140662,control_pose,robot_origin,robot_origin
48.50302220499998,2026-09-13T15:48:38.280495+00:00,1789314518.2611377,0.01935720443725586,1.8207145620352374,-1.3221266448810354,0.30573827028274536,-0.7668129075599077,control_pose,robot_origin,robot_origin
48.53051217900065,2026-09-13T15:48:38.307986+00:00,1789314518.2210214,0.08696460723876953,1.8212538532218996,-1.3232023588587423,0.3053130691146153,-0.7686058174742518,control_pose,robot_origin,robot_origin
48.55886171600014,2026-09-13T15:48:38.336339+00:00,1789314518.3114693,0.024869680404663086,1.8203821866496874,-1.3217300648712096,0.30609482526779175,-0.7665576342667593,control_pose,robot_origin,robot_origin
48.58552154000063,2026-09-13T15:48:38.362995+00:00,1789314518.2880414,0.07495355606079102,1.8204746800076832,-1.3218001719586918,0.3059567814856961,-0.7665177261871948,control_pose,robot_origin,robot_origin
48.62416307500007,2026-09-13T15:48:38.401637+00:00,1789314518.3671033,0.03453373908996582,1.820559865180217,-1.3222855912967117,0.3062181770801544,-0.766789783329615,control_pose,robot_origin,robot_origin
48.665224975000456,2026-09-13T15:48:38.442701+00:00,1789314518.3753958,0.06730532646179199,1.8205892804048964,-1.3224129733665149,0.30622850930067674,-0.7667989279993519,control_pose,robot_origin,robot_origin
48.70959211800073,2026-09-13T15:48:38.487057+00:00,1789314518.4304054,0.05665159225463867,1.820816887924511,-1.3229608523581875,0.3063170909881592,-0.7666907203853376,control_pose,robot_origin,robot_origin
48.760761065000224,2026-09-13T15:48:38.538228+00:00,1789314518.4290597,0.10916829109191895,1.8208103060544358,-1.3229490735269165,0.3063147876514724,-0.7666916136960434,control_pose,robot_origin,robot_origin
48.786007497000355,2026-09-13T15:48:38.563469+00:00,1789314518.517199,0.046269893646240234,1.8211507447475639,-1.3231119114213266,0.3063703179359436,-0.766527303671451,control_pose,robot_origin,robot_origin
48.87385408800037,2026-09-13T15:48:38.651343+00:00,1789314518.5000508,0.1512923240661621,1.821093941967367,-1.3231133694986514,0.30636381977309346,-0.7665811688821871,control_pose,robot_origin,robot_origin
48.916705427000124,2026-09-13T15:48:38.694182+00:00,1789314518.623984,0.07019782066345215,1.821125956583118,-1.323049531954618,0.30637937784194946,-0.766596105152146,control_pose,robot_origin,robot_origin
48.92202800799987,2026-09-13T15:48:38.699504+00:00,1789314518.6057618,0.09374213218688965,1.821131301681015,-1.3230556654881795,0.306378003307532,-0.7665786071014549,control_pose,robot_origin,robot_origin
48.95251249800003,2026-09-13T15:48:38.729990+00:00,1789314518.6780906,0.05189943313598633,1.821088748000465,-1.3230990749937255,0.30638059973716736,-0.7665993378887714,control_pose,robot_origin,robot_origin
49.00326267299988,2026-09-13T15:48:38.780734+00:00,1789314518.6449986,0.13573551177978516,1.8211115051282483,-1.32306877399349,0.30637985241427496,-0.7665973607384368,control_pose,robot_origin,robot_origin
49.02834412500033,2026-09-13T15:48:38.805818+00:00,1789314518.7304862,0.0753319263458252,1.82115206416044,-1.3231424974908794,0.30638161301612854,-0.7666909463057984,control_pose,robot_origin,robot_origin
49.08721252400028,2026-09-13T15:48:38.864684+00:00,1789314518.7065294,0.15815472602844238,1.8211115289704591,-1.323132564080542,0.3063811483768069,-0.7666732155776802,control_pose,robot_origin,robot_origin
49.10595533200012,2026-09-13T15:48:38.883432+00:00,1789314518.8103623,0.07306957244873047,1.8212385984358388,-1.3230947192285953,0.3063827157020569,-0.7667819196579087,control_pose,robot_origin,robot_origin
49.114686721,2026-09-13T15:48:38.892160+00:00,1789314518.7822518,0.1099081039428711,1.821214197005408,-1.3231125497910052,0.30638208470435213,-0.7667614026529301,control_pose,robot_origin,robot_origin
49.16629988400018,2026-09-13T15:48:38.943777+00:00,1789314518.8461108,0.09766626358032227,1.8212425262995888,-1.3230633678421073,0.30638227794381856,-0.7667012854045512,control_pose,robot_origin,robot_origin
49.17501991100016,2026-09-13T15:48:38.952497+00:00,1789314518.8759115,0.07658553123474121,1.821204293075699,-1.3230593966492676,0.3063817322254181,-0.7665859299074249,control_pose,robot_origin,robot_origin
49.187449326000205,2026-09-13T15:48:38.964897+00:00,1789314518.9308686,0.03402829170227051,1.821205994822011,-1.3230671371942957,0.30638161301612854,-0.7666680180526931,control_pose,robot_origin,robot_origin
49.22359948099984,2026-09-13T15:48:39.001078+00:00,1789314518.9147964,0.08628153800964355,1.8211881502378233,-1.3230571530252597,0.30638172471651826,-0.7666255761733812,control_pose,robot_origin,robot_origin
49.24916898799984,2026-09-13T15:48:39.026644+00:00,1789314518.98707,0.03957390785217285,1.8213977055612807,-1.3232076250772045,0.30638808012008667,-0.7669914626963851,control_pose,robot_origin,robot_origin
49.28589133500009,2026-09-13T15:48:39.063350+00:00,1789314518.9841845,0.07916545867919922,1.8213801388540272,-1.3231885307133886,0.30638731249794315,-0.7669533038616803,control_pose,robot_origin,robot_origin
49.305001033000735,2026-09-13T15:48:39.082478+00:00,1789314519.0404038,0.04207420349121094,1.8232545977802572,-1.3248643061046987,0.3063764274120331,-0.766982786173246,control_pose,robot_origin,robot_origin
49.36717594400034,2026-09-13T15:48:39.144651+00:00,1789314519.0569367,0.08771419525146484,1.824284275323632,-1.325540925834469,0.3062118307820823,-0.7667840281112291,control_pose,robot_origin,robot_origin
49.40101722899999,2026-09-13T15:48:39.178496+00:00,1789314519.1137903,0.06470561027526855,1.8285516019420538,-1.328919212943677,0.30600881576538086,-0.765484148827422,control_pose,robot_origin,robot_origin
49.4578750010005,2026-09-13T15:48:39.235343+00:00,1789314519.1639087,0.07143425941467285,1.8344567527682822,-1.3338551979094482,0.3055470287799835,-0.7642927049125434,control_pose,robot_origin,robot_origin
49.469083814999976,2026-09-13T15:48:39.246562+00:00,1789314519.1327226,0.11383938789367676,1.8306436549199738,-1.330638761285421,0.30586129238020326,-0.7651249068974799,control_pose,robot_origin,robot_origin
49.48677516099997,2026-09-13T15:48:39.264244+00:00,1789314519.220388,0.043856143951416016,1.842307734503137,-1.3407109143976783,0.30506184697151184,-0.7625179026656714,control_pose,robot_origin,robot_origin
49.52523577100055,2026-09-13T15:48:39.302714+00:00,1789314519.1993084,0.10340571403503418,1.8392453861223537,-1.3381099051146732,0.30530088591493926,-0.7631122682825205,control_pose,robot_origin,robot_origin
49.56777327100008,2026-09-13T15:48:39.345248+00:00,1789314519.2903497,0.05489826202392578,1.8530827102137277,-1.35116618236027,0.3042044937610626,-0.7611573461679325,control_pose,robot_origin,robot_origin
49.61632236400055,2026-09-13T15:48:39.393808+00:00,1789314519.2680805,0.12572741508483887,1.849511836952795,-1.3475504517701213,0.30442416741796857,-0.7615530680838222,control_pose,robot_origin,robot_origin
49.63664401999995,2026-09-13T15:48:39.414123+00:00,1789314519.367488,0.04663515090942383,1.8656367773419147,-1.3634113966982901,0.3031183183193207,-0.7572622295427621,control_pose,robot_origin,robot_origin
49.666335191000144,2026-09-13T15:48:39.443810+00:00,1789314519.340498,0.10331201553344727,1.8612442263152,-1.359126910382931,0.3034983609782534,-0.7586254835328836,control_pose,robot_origin,robot_origin
49.7154678120005,2026-09-13T15:48:39.492946+00:00,1789314519.406305,0.08664083480834961,1.873996244878559,-1.3706225722362495,0.3026742184239161,-0.7562187637784239,control_pose,robot_origin,robot_origin
49.76349607300017,2026-09-13T15:48:39.540973+00:00,1789314519.4906974,0.050275564193725586,1.8897165660002906,-1.3836479203611873,0.3013981282711029,-0.7588079175977429,control_pose,robot_origin,robot_origin
49.78594781799984,2026-09-13T15:48:39.563427+00:00,1789314519.4767504,0.08667659759521484,1.8871795343032198,-1.3815612078883623,0.30161674141604183,-0.7582614137451519,control_pose,robot_origin,robot_origin
49.81893312500051,2026-09-13T15:48:39.596407+00:00,1789314519.557093,0.03931403160095215,1.9049052437683243,-1.3929851744041757,0.30189049243927,-0.7628011980840637,control_pose,robot_origin,robot_origin
49.86247596500016,2026-09-13T15:48:39.639956+00:00,1789314519.5452023,0.09475374221801758,1.9021851366041647,-1.3913129859488143,0.3018023160145897,-0.7620844766490312,control_pose,robot_origin,robot_origin
49.90837269700023,2026-09-13T15:48:39.685850+00:00,1789314519.6405478,0.04530215263366699,1.930656856814564,-1.4164482775823484,0.3004893660545349,-0.765449290609716,control_pose,robot_origin,robot_origin
49.93949124500068,2026-09-13T15:48:39.716966+00:00,1789314519.6185658,0.09840011596679688,1.9236781595777954,-1.4096931515481346,0.3009492888409742,-0.7648250946815836,control_pose,robot_origin,robot_origin
49.97675541800072,2026-09-13T15:48:39.754225+00:00,1789314519.6949806,0.059244394302368164,1.946771406914566,-1.4239528735583995,0.30316635966300964,-0.7656063020507995,control_pose,robot_origin,robot_origin
49.997606996000286,2026-09-13T15:48:39.775079+00:00,1789314519.747075,0.028003931045532227,1.9558365302633371,-1.432966337746552,0.30542895197868347,-0.7636649852539124,control_pose,robot_origin,robot_origin
50.016921551999985,2026-09-13T15:48:39.794397+00:00,1789314519.7062485,0.08814859390258789,1.9482455287068687,-1.4256910034451367,0.3039175817299536,-0.7641805660139687,control_pose,robot_origin,robot_origin
50.05944340099995,2026-09-13T15:48:39.836918+00:00,1789314519.7975416,0.03937649726867676,1.9665469015061077,-1.444181143282937,0.3051898777484894,-0.7639315101169546,control_pose,robot_origin,robot_origin
50.09121134100042,2026-09-13T15:48:39.868687+00:00,1789314519.7764182,0.09226870536804199,1.9622303951494464,-1.4396317187572434,0.30551276553645795,-0.7643493994290057,control_pose,robot_origin,robot_origin
50.12133462900056,2026-09-13T15:48:39.898805+00:00,1789314519.8503306,0.04847431182861328,1.9770953034101781,-1.4570735851013996,0.30443936586380005,-0.7644374787604453,control_pose,robot_origin,robot_origin
50.16390819800017,2026-09-13T15:48:39.941392+00:00,1789314519.8476589,0.09373307228088379,1.9767535254130937,-1.456730376749222,0.30448369609920506,-0.7644058755968989,control_pose,robot_origin,robot_origin
50.20560223300072,2026-09-13T15:48:39.983051+00:00,1789314519.928048,0.05500316619873047,1.9854970276843231,-1.4671800915974529,0.3044854402542114,-0.7610356013715324,control_pose,robot_origin,robot_origin
50.24372727800073,2026-09-13T15:48:40.021205+00:00,1789314519.9169884,0.1042165756225586,1.9843014258190401,-1.4657418918156107,0.3044788836682869,-0.7615179108542399,control_pose,robot_origin,robot_origin
50.25822897800026,2026-09-13T15:48:40.035713+00:00,1789314519.990301,0.04541206359863281,1.9892772000021464,-1.4714001526225728,0.3054845333099365,-0.7550284811147838,control_pose,robot_origin,robot_origin
50.295656237,2026-09-13T15:48:40.073133+00:00,1789314519.989722,0.08341097831726074,1.9892488928543337,-1.4713734824277016,0.3054807389389838,-0.7550864124813462,control_pose,robot_origin,robot_origin
50.30818732500029,2026-09-13T15:48:40.085665+00:00,1789314520.045354,0.04031109809875488,1.9910726978222937,-1.4718136990016495,0.3055384159088135,-0.7520012567275611,control_pose,robot_origin,robot_origin
50.34807434400045,2026-09-13T15:48:40.125548+00:00,1789314520.0977836,0.027764320373535156,1.991414559063326,-1.4701811046331894,0.30537089705467224,-0.7500144820589624,control_pose,robot_origin,robot_origin
50.370322988000225,2026-09-13T15:48:40.147801+00:00,1789314520.0455523,0.1022486686706543,1.9910750670236295,-1.471799744110879,0.30553959106564205,-0.7519844812300838,control_pose,robot_origin,robot_origin
50.399780620000456,2026-09-13T15:48:40.177259+00:00,1789314520.1506631,0.0265958309173584,1.9895400452771357,-1.4677205611040505,0.30552443861961365,-0.7432419488231201,control_pose,robot_origin,robot_origin
50.42259490100059,2026-09-13T15:48:40.200058+00:00,1789314520.1130474,0.08701062202453613,1.9906615055503245,-1.4695567418309294,0.30531910132430173,-0.7476403728076041,control_pose,robot_origin,robot_origin
50.472509883000384,2026-09-13T15:48:40.249983+00:00,1789314520.206951,0.043032169342041016,1.9883646729091335,-1.4654372625364949,0.30620649456977844,-0.7404205903164726,control_pose,robot_origin,robot_origin
50.49753016500017,2026-09-13T15:48:40.275001+00:00,1789314520.1880963,0.08690476417541504,1.9887099510995037,-1.4659686426892748,0.3059673361933573,-0.7409003624560285,control_pose,robot_origin,robot_origin
50.518228377000014,2026-09-13T15:48:40.295707+00:00,1789314520.2575397,0.03816723823547363,1.9876992208731485,-1.464544912551197,0.3066681921482086,-0.7404172790896447,control_pose,robot_origin,robot_origin
50.560769773000175,2026-09-13T15:48:40.338235+00:00,1789314520.2559237,0.08231115341186523,1.9877042275873564,-1.4645487148745153,0.30666040717374093,-0.7404109963447036,control_pose,robot_origin,robot_origin
50.57537375799984,2026-09-13T15:48:40.352830+00:00,1789314520.307548,0.04528188705444336,1.987636704801135,-1.464498582339086,0.30674734711647034,-0.740607985431807,control_pose,robot_origin,robot_origin
50.63326739100012,2026-09-13T15:48:40.410746+00:00,1789314520.3293855,0.0813605785369873,1.987699040457139,-1.4647283750740752,0.306808637336899,-0.7408721888552733,control_pose,robot_origin,robot_origin
50.670980030000464,2026-09-13T15:48:40.448457+00:00,1789314520.4003706,0.04808640480041504,1.9880159926566772,-1.465291195468497,0.3068704605102539,-0.7409033476969257,control_pose,robot_origin,robot_origin
50.720587196999986,2026-09-13T15:48:40.498064+00:00,1789314520.3894186,0.10864543914794922,1.9879662598970413,-1.46520633846107,0.30686135810619003,-0.7409081737208889,control_pose,robot_origin,robot_origin
50.753058771000724,2026-09-13T15:48:40.530529+00:00,1789314520.4736578,0.05687117576599121,1.988110813468054,-1.46532186090545,0.30688321590423584,-0.739944825499045,control_pose,robot_origin,robot_origin
50.765290940999876,2026-09-13T15:48:40.542769+00:00,1789314520.5238183,0.018950700759887695,1.9867726234938672,-1.4650909965196668,0.30704233050346375,-0.745116685694155,control_pose,robot_origin,robot_origin
50.78566597700046,2026-09-13T15:48:40.563143+00:00,1789314520.4844255,0.07871747016906738,1.9880986919077668,-1.4653013379845032,0.3068826650400843,-0.7398643360183745,control_pose,robot_origin,robot_origin
50.839547369000684,2026-09-13T15:48:40.617034+00:00,1789314520.5355983,0.0814356803894043,1.9870545214262314,-1.4658237158268106,0.3075396510726328,-0.7513760511882199,control_pose,robot_origin,robot_origin
50.86567332499999,2026-09-13T15:48:40.643153+00:00,1789314520.5903082,0.05284476280212402,1.987073533409292,-1.467791155405358,0.3093491494655609,-0.7894958275740865,control_pose,robot_origin,robot_origin
50.875434982000115,2026-09-13T15:48:40.652920+00:00,1789314520.6403418,0.012578248977661133,1.9870585239242953,-1.4685503423467086,0.3105655014514923,-0.8151198436806899,control_pose,robot_origin,robot_origin
50.91107453099994,2026-09-13T15:48:40.688549+00:00,1789314520.6045485,0.0840005874633789,1.9872252434627804,-1.4680056885533248,0.3095445922245426,-0.7975402568377046,control_pose,robot_origin,robot_origin
50.94725946100061,2026-09-13T15:48:40.724733+00:00,1789314520.6941023,0.030630826950073242,1.9869041753018284,-1.4694027155046048,0.31187140941619873,-0.8412839927608525,control_pose,robot_origin,robot_origin
50.987870250000014,2026-09-13T15:48:40.765337+00:00,1789314520.6763668,0.08897018432617188,1.986979104923559,-1.469059805150002,0.3115736695253648,-0.831321785149964,control_pose,robot_origin,robot_origin
51.01897285399991,2026-09-13T15:48:40.796441+00:00,1789314520.747038,0.04940319061279297,1.9870395826716158,-1.4702286660301656,0.3125731647014618,-0.8708663878603908,control_pose,robot_origin,robot_origin
51.055912853000336,2026-09-13T15:48:40.833387+00:00,1789314520.740224,0.09316301345825195,1.9870261286282176,-1.470124126969517,0.3124839074805583,-0.8670136496896425,control_pose,robot_origin,robot_origin
51.08043435299987,2026-09-13T15:48:40.857913+00:00,1789314520.8204248,0.03748822212219238,1.9881353971795426,-1.4714056026772937,0.3139941990375519,-0.9081690781966959,control_pose,robot_origin,robot_origin
51.11274545900051,2026-09-13T15:48:40.890219+00:00,1789314520.8094537,0.0807652473449707,1.9879715772370994,-1.4712296552953261,0.3137817600148305,-0.9025924855338021,control_pose,robot_origin,robot_origin
51.145033968999996,2026-09-13T15:48:40.922510+00:00,1789314520.87763,0.044879913330078125,1.989056952957055,-1.4718599874094482,0.3148469626903534,-0.940014354996781,control_pose,robot_origin,robot_origin
51.18180905200006,2026-09-13T15:48:40.959282+00:00,1789314520.8780031,0.08127880096435547,1.9890602170874097,-1.4718631206310846,0.3148508996598677,-0.9401494051636039,control_pose,robot_origin,robot_origin
51.208428700000695,2026-09-13T15:48:40.985904+00:00,1789314520.954872,0.031032085418701172,1.9899453079143248,-1.471995538613604,0.3155590891838074,-0.965444995038517,control_pose,robot_origin,robot_origin
51.2430920300003,2026-09-13T15:48:41.020562+00:00,1789314520.9533837,0.06717824935913086,1.9899437041405845,-1.4719958002890938,0.3155557501432581,-0.9653509574381774,control_pose,robot_origin,robot_origin
51.262152019000496,2026-09-13T15:48:41.039634+00:00,1789314521.0101407,0.029493331909179688,1.9901340013267461,-1.4718038377879104,0.31673112511634827,-1.0132975140543514,control_pose,robot_origin,robot_origin
51.320784678000564,2026-09-13T15:48:41.098258+00:00,1789314521.0156815,0.08257651329040527,1.9900619479034343,-1.471735401412014,0.31676102454114086,-1.015049695598468,control_pose,robot_origin,robot_origin
51.34513066399995,2026-09-13T15:48:41.122609+00:00,1789314521.0768132,0.04579567909240723,1.9891402783553873,-1.4720029080736785,0.3170624375343323,-1.0511940645665956,control_pose,robot_origin,robot_origin
51.36769121399993,2026-09-13T15:48:41.145166+00:00,1789314521.1287136,0.016452312469482422,1.9884237033337364,-1.4739480896410904,0.31727370619773865,-1.0812962223252542,control_pose,robot_origin,robot_origin
51.397815611000624,2026-09-13T15:48:41.175283+00:00,1789314521.0887353,0.0865476131439209,1.9890554857243794,-1.472281649930797,0.3170998764272031,-1.058011524318682,control_pose,robot_origin,robot_origin
51.434694028000195,2026-09-13T15:48:41.212169+00:00,1789314521.1805,0.031668901443481445,1.9874440101525241,-1.4762166249461917,0.3171422779560089,-1.1126759202522596,control_pose,robot_origin,robot_origin
51.47378446200037,2026-09-13T15:48:41.251273+00:00,1789314521.164895,0.08637785911560059,1.987461529350222,-1.4756457192330994,0.3172597797206164,-1.1027893492159362,control_pose,robot_origin,robot_origin
51.51569498800018,2026-09-13T15:48:41.293169+00:00,1789314521.2405117,0.052657365798950195,1.9868335480488242,-1.4791634194819214,0.3164484202861786,-1.152342048398448,control_pose,robot_origin,robot_origin
51.56474707000052,2026-09-13T15:48:41.342222+00:00,1789314521.2313142,0.11090779304504395,1.9870657048419125,-1.4786168516181006,0.31655341240027024,-1.1451077794403401,control_pose,robot_origin,robot_origin
51.59789363300024,2026-09-13T15:48:41.375363+00:00,1789314521.335904,0.039459228515625,1.9870056911561786,-1.482690617199074,0.3155382573604584,-1.217290507451819,control_pose,robot_origin,robot_origin
51.62057061300038,2026-09-13T15:48:41.398044+00:00,1789314521.302013,0.09603118896484375,1.9867433518404036,-1.4814889642057179,0.3159013070836217,-1.1939260925568416,control_pose,robot_origin,robot_origin
51.69263210100053,2026-09-13T15:48:41.470109+00:00,1789314521.37178,0.09832906723022461,1.9874010652551495,-1.483624562178887,0.31475637690938857,-1.2426073458824192,control_pose,robot_origin,robot_origin
51.72792811300042,2026-09-13T15:48:41.505400+00:00,1789314521.4541373,0.051262617111206055,1.9896789175051246,-1.4834354885910226,0.3138675093650818,-1.2987732099293108,control_pose,robot_origin,robot_origin
51.749260350999975,2026-09-13T15:48:41.526735+00:00,1789314521.443494,0.08324098587036133,1.9893768378668764,-1.4834652683295468,0.31398122257495265,-1.2915074923139882,control_pose,robot_origin,robot_origin
51.775474089000454,2026-09-13T15:48:41.552914+00:00,1789314521.5204322,0.03248167037963867,1.9913704605709726,-1.4845233798549615,0.31187430024147034,-1.3328315530084158,control_pose,robot_origin,robot_origin
51.828986817999976,2026-09-13T15:48:41.606465+00:00,1789314521.5129852,0.09347987174987793,1.9911804461197178,-1.4844011748306165,0.3120982014506719,-1.3290207032249801,control_pose,robot_origin,robot_origin
51.85239259300033,2026-09-13T15:48:41.629871+00:00,1789314521.5803523,0.049518585205078125,1.992057684529583,-1.4847364048487972,0.30972617864608765,-1.3459698489995793,control_pose,robot_origin,robot_origin
51.87863036500039,2026-09-13T15:48:41.656103+00:00,1789314521.5807288,0.07537412643432617,1.992054197290614,-1.4847421751414167,0.30972417227622107,-1.3459741286662406,control_pose,robot_origin,robot_origin
51.89489733700066,2026-09-13T15:48:41.672374+00:00,1789314521.6310658,0.04130816459655762,1.9920151061936435,-1.484324478335159,0.30794909596443176,-1.3433606966578129,control_pose,robot_origin,robot_origin
51.920026780000626,2026-09-13T15:48:41.697506+00:00,1789314521.68377,0.01373600959777832,1.9910282855991412,-1.4848045318563357,0.30832675099372864,-1.3367924001983487,control_pose,robot_origin,robot_origin
51.95573596400027,2026-09-13T15:48:41.733215+00:00,1789314521.6523476,0.08086752891540527,1.9915849706557458,-1.4842422246083717,0.3078133528655745,-1.3409258951218879,control_pose,robot_origin,robot_origin
52.00883408200025,2026-09-13T15:48:41.786301+00:00,1789314521.737688,0.04861283302307129,1.9894502654796102,-1.4850378883498951,0.3083373010158539,-1.3287383758385125,control_pose,robot_origin,robot_origin
52.02663394699994,2026-09-13T15:48:41.804113+00:00,1789314521.7185915,0.08552145957946777,1.9899559573738423,-1.4849418750989052,0.308340071343713,-1.3313266133165793,control_pose,robot_origin,robot_origin
52.04971347300034,2026-09-13T15:48:41.827166+00:00,1789314521.7881267,0.03903937339782715,1.9885646177850367,-1.484699536101761,0.3084447383880615,-1.3213491704850924,control_pose,robot_origin,robot_origin
52.08779309400052,2026-09-13T15:48:41.865260+00:00,1789314521.7890718,0.0761880874633789,1.9885496476525282,-1.4846832218051615,0.3084469452926613,-1.3212798470312648,control_pose,robot_origin,robot_origin
52.13010367000061,2026-09-13T15:48:41.907582+00:00,1789314521.8634717,0.04411029815673828,1.986632952928444,-1.4822471950483196,0.3083617389202118,-1.311829750172151,control_pose,robot_origin,robot_origin
52.17790526200042,2026-09-13T15:48:41.955380+00:00,1789314521.862647,0.09273290634155273,1.9866579387338144,-1.4822768724523234,0.3083643420752674,-1.3119325518142324,control_pose,robot_origin,robot_origin
52.20953186099996,2026-09-13T15:48:41.987005+00:00,1789314521.9344156,0.05258941650390625,1.9835519725307214,-1.478737186005579,0.3082669973373413,-1.3031073675552343,control_pose,robot_origin,robot_origin
52.24500808399989,2026-09-13T15:48:42.021959+00:00,1789314521.9298205,0.09213852882385254,1.9837599468056941,-1.4789752144610206,0.30826819911405157,-1.303605721184161,control_pose,robot_origin,robot_origin
52.27210179800022,2026-09-13T15:48:42.049589+00:00,1789314521.9967341,0.05285477638244629,1.9802171315480963,-1.47522914824376,0.3080349862575531,-1.2962666882377347,control_pose,robot_origin,robot_origin
52.32340816500073,2026-09-13T15:48:42.100805+00:00,1789314522.0005388,0.1002662181854248,1.9801008951162085,-1.4751516547597967,0.3079103933337334,-1.2960651093167725,control_pose,robot_origin,robot_origin
52.38061257300069,2026-09-13T15:48:42.158096+00:00,1789314522.1098337,0.04826235771179199,1.9779337350594197,-1.4713202232967333,0.3065289258956909,-1.2856525176648508,control_pose,robot_origin,robot_origin
52.3914238920006,2026-09-13T15:48:42.168904+00:00,1789314522.0709977,0.09790635108947754,1.9783862371799041,-1.4727344694551805,0.30685180751901464,-1.2893198873609675,control_pose,robot_origin,robot_origin
52.42313734400068,2026-09-13T15:48:42.200605+00:00,1789314522.1634452,0.03715968132019043,1.978405138740594,-1.4701248138618113,0.3063642084598541,-1.2818122920569384,control_pose,robot_origin,robot_origin
52.448109259000375,2026-09-13T15:48:42.225591+00:00,1789314522.1415272,0.08406376838684082,1.9782092020628868,-1.470533588417343,0.3064404124183462,-1.2832683831043339,control_pose,robot_origin,robot_origin
52.46746873800021,2026-09-13T15:48:42.244942+00:00,1789314522.2210405,0.02390146255493164,1.9789101533906515,-1.4701480427901008,0.3061855137348175,-1.2790470131042868,control_pose,robot_origin,robot_origin
52.528950025000086,2026-09-13T15:48:42.306426+00:00,1789314522.2227244,0.08370161056518555,1.9789109447112125,-1.47016198564774,0.3061857552281008,-1.2790000251263434,control_pose,robot_origin,robot_origin
52.56133888900058,2026-09-13T15:48:42.338822+00:00,1789314522.2900832,0.048738718032836914,1.9789892003922371,-1.4707497000217307,0.30610692501068115,-1.2784440085834272,control_pose,robot_origin,robot_origin
52.58544868199988,2026-09-13T15:48:42.362928+00:00,1789314522.2749753,0.0879526138305664,1.978989839330688,-1.47062948682037,0.30613001289564207,-1.2784372931784855,control_pose,robot_origin,robot_origin
52.61984806500004,2026-09-13T15:48:42.397323+00:00,1789314522.350257,0.04706597328186035,1.9789472368316166,-1.4709134311855,0.30609169602394104,-1.2778178342194755,control_pose,robot_origin,robot_origin
52.64237683100055,2026-09-13T15:48:42.419852+00:00,1789314522.3495176,0.07033443450927734,1.9789477525467691,-1.470911418995855,0.30609188318201597,-1.2778255292842016,control_pose,robot_origin,robot_origin
52.67068128600022,2026-09-13T15:48:42.448156+00:00,1789314522.407034,0.0411221981048584,1.9788952847294738,-1.470669706946464,0.3060965836048126,-1.2774020975707199,control_pose,robot_origin,robot_origin
52.715888340000674,2026-09-13T15:48:42.493363+00:00,1789314522.4182017,0.07516121864318848,1.9788705584125357,-1.470608027905399,0.3061072813664696,-1.27742764338109,control_pose,robot_origin,robot_origin
52.73705063299985,2026-09-13T15:48:42.514500+00:00,1789314522.4613943,0.05310559272766113,1.9788049746979306,-1.4704866653064423,0.3061118721961975,-1.2774522283725962,control_pose,robot_origin,robot_origin
52.75658847000068,2026-09-13T15:48:42.534067+00:00,1789314522.5139368,0.020130157470703125,1.9787238141498,-1.470439036510788,0.3061264157295227,-1.2772068000001962,control_pose,robot_origin,robot_origin
52.795181363000665,2026-09-13T15:48:42.572660+00:00,1789314522.4903276,0.08233237266540527,1.9787424328261056,-1.4704186776406285,0.306118962043166,-1.2772715442987859,control_pose,robot_origin,robot_origin
52.82983044200046,2026-09-13T15:48:42.607305+00:00,1789314522.5683808,0.038924217224121094,1.978643895592713,-1.4705146355549772,0.3061457574367523,-1.2772757166113093,control_pose,robot_origin,robot_origin
52.86668206400009,2026-09-13T15:48:42.644159+00:00,1789314522.5644593,0.07969975471496582,1.9786457723238993,-1.470510194572884,0.30614447409902096,-1.2772828538436891,control_pose,robot_origin,robot_origin
52.917215088000376,2026-09-13T15:48:42.694689+00:00,1789314522.6338058,0.060883283615112305,1.9787558484552636,-1.470542860056863,0.30613717436790466,-1.2770253979093393,control_pose,robot_origin,robot_origin
52.93568748100006,2026-09-13T15:48:42.713163+00:00,1789314522.6288166,0.08434629440307617,1.9787456650803024,-1.4705376903385738,0.306139377679901,-1.2770420199248624,control_pose,robot_origin,robot_origin
52.95284649600035,2026-09-13T15:48:42.730325+00:00,1789314522.6867182,0.04360675811767578,1.978766532908686,-1.470555183597561,0.30611488223075867,-1.2770733926735984,control_pose,robot_origin,robot_origin
52.9742079180005,2026-09-13T15:48:42.751687+00:00,1789314522.740128,0.011559009552001953,1.9786809325645422,-1.4704824831564984,0.30614882707595825,-1.2771594987997397,control_pose,robot_origin,robot_origin
53.03235132100053,2026-09-13T15:48:42.809817+00:00,1789314522.7171366,0.09268045425415039,1.978727959974329,-1.4705026095579716,0.3061429053060602,-1.2771341046122138,control_pose,robot_origin,robot_origin
53.13498841100045,2026-09-13T15:48:42.912457+00:00,1789314522.774568,0.13788890838623047,1.9786342738349303,-1.4704240535994113,0.30615608679470213,-1.2770822321230804,control_pose,robot_origin,robot_origin
53.16155841100044,2026-09-13T15:48:42.939029+00:00,1789314522.8635185,0.07551050186157227,1.9786702068533273,-1.4704299551663387,0.3061406910419464,-1.276964509271895,control_pose,robot_origin,robot_origin
53.17317878999984,2026-09-13T15:48:42.950656+00:00,1789314522.8534436,0.09721231460571289,1.97866394700293,-1.4704270831756758,0.3061428308143766,-1.2769761601221266,control_pose,robot_origin,robot_origin
53.22373376900032,2026-09-13T15:48:43.001207+00:00,1789314522.9335606,0.06764650344848633,1.978692464400858,-1.470558652868009,0.3061313331127167,-1.2771306840430612,control_pose,robot_origin,robot_origin
53.23470568199991,2026-09-13T15:48:43.012181+00:00,1789314522.9156659,0.09651517868041992,1.9786867778640702,-1.4705257721468041,0.30613372395154337,-1.277088227257436,control_pose,robot_origin,robot_origin
53.270589626999936,2026-09-13T15:48:43.048062+00:00,1789314522.99363,0.05443215370178223,1.978581691813701,-1.4704764064339124,0.30615347623825073,-1.2771894073562235,control_pose,robot_origin,robot_origin
53.30659640200065,2026-09-13T15:48:43.084075+00:00,1789314522.9844205,0.0996544361114502,1.9785986747188011,-1.4704890159018407,0.30615008140375954,-1.2771803996290652,control_pose,robot_origin,robot_origin
53.33405431600022,2026-09-13T15:48:43.111519+00:00,1789314523.0540504,0.05746865272521973,1.9785489879737428,-1.470347023833643,0.30617862939834595,-1.2770433010442805,control_pose,robot_origin,robot_origin
53.351694091000354,2026-09-13T15:48:43.129172+00:00,1789314523.0491467,0.08002543449401855,1.9785516423295262,-1.4703575249690972,0.30617658788162955,-1.2770551595959136,control_pose,robot_origin,robot_origin
53.379389314000036,2026-09-13T15:48:43.156868+00:00,1789314523.1067522,0.05011582374572754,1.978571988386029,-1.4703812297546988,0.30616629123687744,-1.276993583882216,control_pose,robot_origin,robot_origin
53.40052388700042,2026-09-13T15:48:43.177989+00:00,1789314523.1603856,0.017603397369384766,1.978546803526224,-1.4705233427638325,0.3061582148075104,-1.2771991614811886,control_pose,robot_origin,robot_origin
53.42608524700063,2026-09-13T15:48:43.203556+00:00,1789314523.1182384,0.08531761169433594,1.9785603149081195,-1.4703913054224513,0.3061651455490888,-1.2770622709285893,control_pose,robot_origin,robot_origin
53.493651978000344,2026-09-13T15:48:43.270907+00:00,1789314523.1890242,0.08188271522521973,1.978533256822234,-1.4705735146037175,0.3061662964928016,-1.277144783410532,control_pose,robot_origin,robot_origin
53.53390260500055,2026-09-13T15:48:43.311382+00:00,1789314523.230256,0.08112597465515137,1.9787020504103177,-1.4711731796312872,0.3062334358692169,-1.2769548744207904,control_pose,robot_origin,robot_origin
53.54360908200033,2026-09-13T15:48:43.321087+00:00,1789314523.280574,0.040512800216674805,1.9795319387273425,-1.472979228368897,0.3061602711677551,-1.2771743087370342,control_pose,robot_origin,robot_origin
53.568155339999976,2026-09-13T15:48:43.345638+00:00,1789314523.2598398,0.08579826354980469,1.9789993906486631,-1.4724510386435512,0.3063476564754512,-1.2771806574008886,control_pose,robot_origin,robot_origin
53.61313074200007,2026-09-13T15:48:43.390586+00:00,1789314523.3336742,0.05691170692443848,1.981570985388799,-1.4767782616312786,0.30584174394607544,-1.2762700490481884,control_pose,robot_origin,robot_origin
53.64227107100032,2026-09-13T15:48:43.419746+00:00,1789314523.3308597,0.08888626098632812,1.9814969105480056,-1.4766382164400573,0.3058459455215094,-1.2762799000192404,control_pose,robot_origin,robot_origin
53.648531234000075,2026-09-13T15:48:43.425960+00:00,1789314523.3865318,0.0394282341003418,1.984846024021505,-1.484095460657856,0.3053213059902191,-1.2772272476890474,control_pose,robot_origin,robot_origin
53.68393127900072,2026-09-13T15:48:43.461407+00:00,1789314523.4043238,0.0570831298828125,1.9858768978014498,-1.4863551710609835,0.3049909426479411,-1.2774131102906918,control_pose,robot_origin,robot_origin
53.70949244700023,2026-09-13T15:48:43.486968+00:00,1789314523.4366255,0.050342559814453125,1.9886385320344857,-1.4926235653824325,0.3044723868370056,-1.2776549257312209,control_pose,robot_origin,robot_origin
53.72986455899991,2026-09-13T15:48:43.507342+00:00,1789314523.4901273,0.01721477508544922,1.992661169098221,-1.5034837129753156,0.3041456937789917,-1.2795510727634343,control_pose,robot_origin,robot_origin
53.77170226100043,2026-09-13T15:48:43.549176+00:00,1789314523.469487,0.07968902587890625,1.9910722095748739,-1.4990741376643,0.30421058726512085,-1.2785515059672845,control_pose,robot_origin,robot_origin
53.784453625000424,2026-09-13T15:48:43.561933+00:00,1789314523.543853,0.01807999610900879,1.9961247881213757,-1.5146034277341192,0.3039521872997284,-1.2810961942819252,control_pose,robot_origin,robot_origin
53.83829268000045,2026-09-13T15:48:43.615762+00:00,1789314523.5387602,0.07700181007385254,1.9959507923413062,-1.5137791634840863,0.30399470522114624,-1.2811912193137023,control_pose,robot_origin,robot_origin
53.85649444400042,2026-09-13T15:48:43.633974+00:00,1789314523.596565,0.037409067153930664,1.9985854416205395,-1.5264414760845602,0.3034680485725403,-1.2787998378667118,control_pose,robot_origin,robot_origin
53.89899293200051,2026-09-13T15:48:43.676468+00:00,1789314523.6112468,0.06522107124328613,1.9991114030754145,-1.5291857932136448,0.30316603025662553,-1.2787511738015667,control_pose,robot_origin,robot_origin
53.93347494400041,2026-09-13T15:48:43.710960+00:00,1789314523.6704216,0.04053831100463867,2.0033228897175057,-1.548991269379447,0.3013838231563568,-1.2764578781918436,control_pose,robot_origin,robot_origin
53.977759924000566,2026-09-13T15:48:43.755235+00:00,1789314523.6755044,0.07973051071166992,2.0037911691230175,-1.551158927166261,0.3011894497602758,-1.2764199787781025,control_pose,robot_origin,robot_origin
54.005463244000566,2026-09-13T15:48:43.782823+00:00,1789314523.7399516,0.04287147521972656,2.0105023274807112,-1.5751764213213493,0.29922911524772644,-1.2771422883773413,control_pose,robot_origin,robot_origin
54.06361403000028,2026-09-13T15:48:43.841088+00:00,1789314523.7478654,0.09322261810302734,2.0116008427084475,-1.5782831772034003,0.29934842634688236,-1.2770398525934237,control_pose,robot_origin,robot_origin
54.09327227799986,2026-09-13T15:48:43.870750+00:00,1789314523.826743,0.044007062911987305,2.019727250197546,-1.6091818832754594,0.30222856998443604,-1.2701383624043852,control_pose,robot_origin,robot_origin
54.12907301300038,2026-09-13T15:48:43.906546+00:00,1789314523.8169415,0.08960461616516113,2.0186439629507182,-1.6051366377069973,0.3018043123639786,-1.2712083890488974,control_pose,robot_origin,robot_origin
54.15401228000064,2026-09-13T15:48:43.931491+00:00,1789314523.886483,0.045007944107055664,2.025569259697659,-1.628138167950187,0.30436524748802185,-1.2717962108951464,control_pose,robot_origin,robot_origin
54.19407456299996,2026-09-13T15:48:43.971547+00:00,1789314523.8942926,0.0772542953491211,2.026150457013243,-1.6293695924095097,0.3043534943654235,-1.2720419248423234,control_pose,robot_origin,robot_origin
54.217449669000416,2026-09-13T15:48:43.994934+00:00,1789314523.9466815,0.04825258255004883,2.033477693528747,-1.6466855139552878,0.3036961555480957,-1.2725341965161672,control_pose,robot_origin,robot_origin
54.243712135999886,2026-09-13T15:48:44.021191+00:00,1789314524.0002804,0.02091050148010254,2.040445410718347,-1.6629017216153354,0.30251434445381165,-1.2724119606448139,control_pose,robot_origin,robot_origin
54.27983690400015,2026-09-13T15:48:44.057271+00:00,1789314523.9595568,0.09771418571472168,2.0353967610392303,-1.6511197082623716,0.30344110112324135,-1.272672434866941,control_pose,robot_origin,robot_origin
54.30896538600064,2026-09-13T15:48:44.086435+00:00,1789314524.0503376,0.03609752655029297,2.04811417088599,-1.6831004745561768,0.30002063512802124,-1.2712128751089427,control_pose,robot_origin,robot_origin
54.34015514600014,2026-09-13T15:48:44.117631+00:00,1789314524.0318723,0.08575868606567383,2.0465235638403403,-1.677800141262641,0.30099940852320134,-1.271933160140835,control_pose,robot_origin,robot_origin
54.37926364099985,2026-09-13T15:48:44.156743+00:00,1789314524.1045306,0.05221247673034668,2.055211455503443,-1.6962952345736917,0.2985897660255432,-1.2723620141053984,control_pose,robot_origin,robot_origin
54.395570704999955,2026-09-13T15:48:44.173046+00:00,1789314524.0986412,0.07440495491027832,2.054780076745094,-1.6957281048653456,0.2986572487497916,-1.2723334057816051,control_pose,robot_origin,robot_origin
54.42833128200073,2026-09-13T15:48:44.205817+00:00,1789314524.159812,0.0460050106048584,2.062568084397727,-1.711476861898595,0.3004278540611267,-1.2740268787768223,control_pose,robot_origin,robot_origin
54.46930528700068,2026-09-13T15:48:44.246785+00:00,1789314524.1766973,0.07008767127990723,2.063698524848412,-1.712673052244628,0.30139927747372336,-1.2736874945054075,control_pose,robot_origin,robot_origin
54.5089133320007,2026-09-13T15:48:44.286382+00:00,1789314524.2402096,0.046172380447387695,2.0647253004325545,-1.7165893506154681,0.30253496766090393,-1.2703363471770186,control_pose,robot_origin,robot_origin
54.53507098400041,2026-09-13T15:48:44.312546+00:00,1789314524.2383628,0.07418322563171387,2.064673837347378,-1.7163891013162824,0.3025146103233341,-1.2704050562945601,control_pose,robot_origin,robot_origin
54.55795847399986,2026-09-13T15:48:44.335432+00:00,1789314524.2964945,0.03893756866455078,2.0644050338911093,-1.7167444176468,0.30263951420783997,-1.2699535500622146,control_pose,robot_origin,robot_origin
54.61568919799993,2026-09-13T15:48:44.393164+00:00,1789314524.3142965,0.07886743545532227,2.0640960792697984,-1.7160731567257552,0.3024888754454716,-1.2693553754873632,control_pose,robot_origin,robot_origin
54.67911345399989,2026-09-13T15:48:44.456591+00:00,1789314524.363199,0.09339189529418945,2.0625702277985827,-1.7132762100612138,0.3020317554473877,-1.267463012073943,control_pose,robot_origin,robot_origin
54.691638900000726,2026-09-13T15:48:44.469114+00:00,1789314524.4264495,0.042664527893066406,2.0633705223911,-1.7103356311557187,0.30271831154823303,-1.263507386532227,control_pose,robot_origin,robot_origin
54.704068751000705,2026-09-13T15:48:44.481540+00:00,1789314524.3774712,0.10406875610351562,2.0626429400820383,-1.712351521753295,0.30229091059013097,-1.2666854026452259,control_pose,robot_origin,robot_origin
54.76019786899997,2026-09-13T15:48:44.537673+00:00,1789314524.4767768,0.06089615821838379,2.0645218449803253,-1.709542349356359,0.3030965328216553,-1.2607585920620963,control_pose,robot_origin,robot_origin
54.767673830000604,2026-09-13T15:48:44.545151+00:00,1789314524.456154,0.08899688720703125,2.064050065192507,-1.7098674140449919,0.3029415483248743,-1.261885063006875,control_pose,robot_origin,robot_origin
54.80417650000072,2026-09-13T15:48:44.581653+00:00,1789314524.5332358,0.04841732978820801,2.065440532638388,-1.7095109690449,0.30310600996017456,-1.2585972282489875,control_pose,robot_origin,robot_origin
54.810753438000575,2026-09-13T15:48:44.588216+00:00,1789314524.5180976,0.07011842727661133,2.0651824477692684,-1.7094961993680913,0.3031325289976069,-1.2591734756132262,control_pose,robot_origin,robot_origin
54.85665569699995,2026-09-13T15:48:44.634128+00:00,1789314524.5842977,0.04983043670654297,2.065639999457829,-1.7094968067370138,0.30302250385284424,-1.2583790047400893,control_pose,robot_origin,robot_origin
54.88972156,2026-09-13T15:48:44.667199+00:00,1789314524.648136,0.01906299591064453,2.065277038589336,-1.7091158953934813,0.302987664937973,-1.2583247825333799,control_pose,robot_origin,robot_origin
54.94015330500042,2026-09-13T15:48:44.717588+00:00,1789314524.6250098,0.09257817268371582,2.0653767853065332,-1.7092027312063967,0.3029891108982207,-1.25844570451821,control_pose,robot_origin,robot_origin
55.0768679290004,2026-09-13T15:48:44.854346+00:00,1789314524.6745443,0.17980170249938965,2.0650493088464015,-1.7088698493983983,0.30296201544477736,-1.2576925533944454,control_pose,robot_origin,robot_origin
55.161109757000304,2026-09-13T15:48:44.938578+00:00,1789314524.784322,0.15425586700439453,2.064965231563002,-1.708396470700529,0.30289626121520996,-1.2564708211358708,control_pose,robot_origin,robot_origin
55.178753177000544,2026-09-13T15:48:44.956223+00:00,1789314524.8109481,0.14527487754821777,2.065053116096741,-1.7083593820855503,0.3028931887024566,-1.256163945141481,control_pose,robot_origin,robot_origin
55.20910769800048,2026-09-13T15:48:44.986579+00:00,1789314524.9232075,0.06337141990661621,2.064903308287805,-1.708000568921457,0.30285945534706116,-1.2555568969573,control_pose,robot_origin,robot_origin
55.2283530120003,2026-09-13T15:48:45.005805+00:00,1789314524.8853345,0.12047052383422852,2.064965256900594,-1.7081223832458636,0.30287149850455686,-1.255737231342768,control_pose,robot_origin,robot_origin
55.27768538000055,2026-09-13T15:48:45.055174+00:00,1789314524.9832656,0.07190847396850586,2.064763458150205,-1.7078520649658675,0.3028698265552521,-1.2554510230470814,control_pose,robot_origin,robot_origin
55.29055016200073,2026-09-13T15:48:45.068027+00:00,1789314524.9496727,0.11835432052612305,2.064841682438079,-1.7079351297119718,0.3028640254856997,-1.2555102428782101,control_pose,robot_origin,robot_origin
55.351874245000545,2026-09-13T15:48:45.129352+00:00,1789314525.010561,0.11879110336303711,2.0647410317729697,-1.7078155929440757,0.3028421254100441,-1.255414181709769,control_pose,robot_origin,robot_origin
55.37007213000015,2026-09-13T15:48:45.147551+00:00,1789314525.0731952,0.0743558406829834,2.064780874454688,-1.7077532466330345,0.3027479350566864,-1.2551355740480499,control_pose,robot_origin,robot_origin
55.3896703800001,2026-09-13T15:48:45.167148+00:00,1789314525.0796297,0.08751845359802246,2.0647899628222794,-1.7077513666256743,0.302748428676855,-1.2550943266562575,control_pose,robot_origin,robot_origin
55.43643059199985,2026-09-13T15:48:45.213910+00:00,1789314525.1622086,0.05170154571533203,2.066803382241275,-1.707289919462739,0.3039401173591614,-1.2294469412445097,control_pose,robot_origin,robot_origin
55.46950560300047,2026-09-13T15:48:45.246984+00:00,1789314525.149878,0.0971059799194336,2.0664774325851463,-1.707364657247116,0.3037463599339992,-1.2336126790095432,control_pose,robot_origin,robot_origin
55.503571134000595,2026-09-13T15:48:45.281051+00:00,1789314525.236625,0.04442596435546875,2.0670154016599307,-1.706521094255533,0.304210901260376,-1.1820837981989407,control_pose,robot_origin,robot_origin
55.5383793179999,2026-09-13T15:48:45.315855+00:00,1789314525.2331524,0.08270263671875,2.066917391910238,-1.7066233420208134,0.30415518792109264,-1.184084991700529,control_pose,robot_origin,robot_origin
55.5692799490007,2026-09-13T15:48:45.346754+00:00,1789314525.290029,0.05672502517700195,2.06841214033028,-1.7048114705273067,0.30429646372795105,-1.153650371584874,control_pose,robot_origin,robot_origin
55.58325299399985,2026-09-13T15:48:45.360689+00:00,1789314525.343097,0.01759195327758789,2.0702491145067046,-1.703172936290104,0.3040747344493866,-1.1236267067091872,control_pose,robot_origin,robot_origin
55.61455050600034,2026-09-13T15:48:45.392031+00:00,1789314525.3032796,0.08875131607055664,2.068864830341267,-1.704400437784982,0.3042082697090848,-1.14573854251726,control_pose,robot_origin,robot_origin
55.66061802600052,2026-09-13T15:48:45.438082+00:00,1789314525.3615763,0.07650566101074219,2.0709596166170368,-1.702425544752332,0.30413923181941444,-1.1136810435395579,control_pose,robot_origin,robot_origin
55.673371241000496,2026-09-13T15:48:45.450847+00:00,1789314525.393583,0.057263851165771484,2.071994188203501,-1.7013528777017424,0.3042239546775818,-1.0969832834427087,control_pose,robot_origin,robot_origin
55.696780391000175,2026-09-13T15:48:45.474212+00:00,1789314525.449771,0.024441003799438477,2.073993652681774,-1.6994426705639505,0.30425339937210083,-1.065236387194865,control_pose,robot_origin,robot_origin
55.734935706000215,2026-09-13T15:48:45.512419+00:00,1789314525.4354997,0.0769193172454834,2.073466620448089,-1.6999705026425798,0.3042597582820857,-1.0745959534130838,control_pose,robot_origin,robot_origin
55.76514338800007,2026-09-13T15:48:45.542620+00:00,1789314525.5007339,0.041886091232299805,2.0751875242470392,-1.6981977811885798,0.30398499965667725,-1.0388695617034724,control_pose,robot_origin,robot_origin
55.80894128399996,2026-09-13T15:48:45.586407+00:00,1789314525.5017126,0.08469438552856445,2.0751979259489484,-1.6981867751680304,0.3039785627916268,-1.0385146775573146,control_pose,robot_origin,robot_origin
55.82200996300071,2026-09-13T15:48:45.599492+00:00,1789314525.5530438,0.0464482307434082,2.0760124456742237,-1.6971146595959172,0.30376046895980835,-1.0122025170364022,control_pose,robot_origin,robot_origin
55.84748144600053,2026-09-13T15:48:45.624962+00:00,1789314525.6064796,0.018482446670532227,2.0766043560984366,-1.6960246625810624,0.3034951090812683,-0.9843057945222919,control_pose,robot_origin,robot_origin
55.884334649000266,2026-09-13T15:48:45.661814+00:00,1789314525.5806415,0.08117246627807617,2.0763315365274355,-1.6965386790119916,0.30374174593530845,-0.9986992204735176,control_pose,robot_origin,robot_origin
55.914833534000536,2026-09-13T15:48:45.692278+00:00,1789314525.6580927,0.034185171127319336,2.0771607245244503,-1.695270436974791,0.30288344621658325,-0.9589403572612332,control_pose,robot_origin,robot_origin
55.95263805400009,2026-09-13T15:48:45.730123+00:00,1789314525.6488414,0.08128166198730469,2.0770623718615173,-1.6953834432447206,0.30295613660916126,-0.9629446793306576,control_pose,robot_origin,robot_origin
55.98893422800029,2026-09-13T15:48:45.766410+00:00,1789314525.7298443,0.03656578063964844,2.0772931381627395,-1.6940884111904353,0.30271604657173157,-0.9211859716091318,control_pose,robot_origin,robot_origin
56.03028011100014,2026-09-13T15:48:45.807760+00:00,1789314525.7159812,0.09177875518798828,2.077256035894599,-1.694310787052024,0.30273861998295043,-0.9285153258414026,control_pose,robot_origin,robot_origin
56.05267422399993,2026-09-13T15:48:45.830150+00:00,1789314525.7848647,0.04528522491455078,2.0773949171123305,-1.693995602844279,0.30275431275367737,-0.8944606427912518,control_pose,robot_origin,robot_origin
56.080692901000475,2026-09-13T15:48:45.858168+00:00,1789314525.7829285,0.07523941993713379,2.077390822628914,-1.6939940802897318,0.3027524115258063,-0.8954198467792943,control_pose,robot_origin,robot_origin
56.09675500400044,2026-09-13T15:48:45.874234+00:00,1789314525.8354602,0.03877377510070801,2.078518788314262,-1.6946380437566628,0.30263370275497437,-0.8724319316235752,control_pose,robot_origin,robot_origin
56.12159274500027,2026-09-13T15:48:45.899070+00:00,1789314525.8864453,0.012624740600585938,2.0793623768214253,-1.6937215347628651,0.3029407858848572,-0.8496829995374593,control_pose,robot_origin,robot_origin
56.15384240599997,2026-09-13T15:48:45.931322+00:00,1789314525.852754,0.0785679817199707,2.079038797650644,-1.6945058941870546,0.3025912832665348,-0.8638168573191028,control_pose,robot_origin,robot_origin
56.18944323100004,2026-09-13T15:48:45.966919+00:00,1789314525.93686,0.030058860778808594,2.0821258502595956,-1.6951447282890117,0.3054279685020447,-0.821668461528012,control_pose,robot_origin,robot_origin
56.225612797000394,2026-09-13T15:48:46.003085+00:00,1789314525.919439,0.08364582061767578,2.0813522525953885,-1.6945849224488556,0.30456046010191623,-0.8320625334776021,control_pose,robot_origin,robot_origin
56.255294489000335,2026-09-13T15:48:46.032775+00:00,1789314525.9896016,0.04317331314086914,2.0869135517295967,-1.6990842835538886,0.30503445863723755,-0.7817079611602802,control_pose,robot_origin,robot_origin
56.28891282400036,2026-09-13T15:48:46.066393+00:00,1789314525.9903033,0.07608962059020996,2.0869550957730265,-1.6990850847426444,0.3050044045694893,-0.7813782239339463,control_pose,robot_origin,robot_origin
56.30516061100025,2026-09-13T15:48:46.082620+00:00,1789314526.0409296,0.04169034957885742,2.093031736713599,-1.6995600178521204,0.3017420470714569,-0.7414908881368097,control_pose,robot_origin,robot_origin
56.32525440500012,2026-09-13T15:48:46.102732+00:00,1789314526.0929978,0.009734153747558594,2.101217467418478,-1.6989560380777435,0.2977259159088135,-0.6951491866519557,control_pose,robot_origin,robot_origin
56.37344889799988,2026-09-13T15:48:46.150925+00:00,1789314526.0634613,0.0874636173248291,2.0965907049765033,-1.6983511422581128,0.2999740832248192,-0.7189518945075629,control_pose,robot_origin,robot_origin
56.40490536700054,2026-09-13T15:48:46.182384+00:00,1789314526.1465266,0.035857439041137695,2.106543993313417,-1.6961610623132253,0.29682475328445435,-0.6762041828639489,control_pose,robot_origin,robot_origin
56.45397398300065,2026-09-13T15:48:46.231456+00:00,1789314526.1309586,0.10049748420715332,2.105403877183382,-1.6972019866005357,0.2962452984813331,-0.678159498915464,control_pose,robot_origin,robot_origin
56.4876654790005,2026-09-13T15:48:46.265138+00:00,1789314526.219928,0.04520988464355469,2.1084705758235476,-1.6885878934445275,0.2999410629272461,-0.6847875695094245,control_pose,robot_origin,robot_origin
56.51967161599987,2026-09-13T15:48:46.297146+00:00,1789314526.1984758,0.09867024421691895,2.1088830394360003,-1.6896693307185107,0.2997879574291124,-0.68403243235445,control_pose,robot_origin,robot_origin
56.55649076000009,2026-09-13T15:48:46.333964+00:00,1789314526.2899096,0.044054508209228516,2.1077967210947848,-1.688603362607293,0.29993075132369995,-0.6848969870816025,control_pose,robot_origin,robot_origin
56.58160273800058,2026-09-13T15:48:46.359077+00:00,1789314526.2756002,0.08347678184509277,2.1079345066011546,-1.6886001995717992,0.2999328597744616,-0.6848741485878428,control_pose,robot_origin,robot_origin
56.611210308999944,2026-09-13T15:48:46.388688+00:00,1789314526.3460233,0.04266476631164551,2.106344410919764,-1.688454599354042,0.3010534942150116,-0.6893716102824139,control_pose,robot_origin,robot_origin
56.65165444200011,2026-09-13T15:48:46.429133+00:00,1789314526.3402328,0.08890008926391602,2.106455369312543,-1.6884959751261213,0.3009150728101193,-0.6890100651201736,control_pose,robot_origin,robot_origin
56.67372070300007,2026-09-13T15:48:46.451199+00:00,1789314526.399892,0.051306962966918945,2.106269264909549,-1.6887004164572779,0.3026760220527649,-0.6917300958896136,control_pose,robot_origin,robot_origin
56.71553309899991,2026-09-13T15:48:46.493008+00:00,1789314526.4530654,0.03994250297546387,2.1070052778675237,-1.6886264345806576,0.30299580097198486,-0.6900531134616935,control_pose,robot_origin,robot_origin
56.73596482399989,2026-09-13T15:48:46.513438+00:00,1789314526.4114788,0.101959228515625,2.1064258980427666,-1.6887325211178241,0.30291315218421083,-0.6914813570448414,control_pose,robot_origin,robot_origin
56.76850360200024,2026-09-13T15:48:46.545981+00:00,1789314526.5065079,0.03947305679321289,2.1075639804669177,-1.6881848560262667,0.3032834529876709,-0.6883402568652321,control_pose,robot_origin,robot_origin
56.80077796400019,2026-09-13T15:48:46.578252+00:00,1789314526.488879,0.08937311172485352,2.1074103774158353,-1.688379458477178,0.30318908193028205,-0.6888512196132756,control_pose,robot_origin,robot_origin
56.838240226999915,2026-09-13T15:48:46.615718+00:00,1789314526.5664353,0.04928255081176758,2.107636528048633,-1.6875094151120291,0.3035384714603424,-0.6869492543621241,control_pose,robot_origin,robot_origin
56.86733422999987,2026-09-13T15:48:46.644815+00:00,1789314526.5589252,0.08588981628417969,2.107641260176102,-1.687601852661351,0.3035086950580513,-0.6871326272895041,control_pose,robot_origin,robot_origin
56.929536138,2026-09-13T15:48:46.707012+00:00,1789314526.666415,0.040596961975097656,2.1069273750841884,-1.6867011440904407,0.30368146300315857,-0.6868960425448625,control_pose,robot_origin,robot_origin
56.94751556100073,2026-09-13T15:48:46.724993+00:00,1789314526.6280956,0.09689736366271973,2.1072310432457617,-1.687003617783554,0.3036307121360286,-0.6867348943378826,control_pose,robot_origin,robot_origin
56.99062152500028,2026-09-13T15:48:46.768095+00:00,1789314526.7230475,0.04504752159118652,2.1067127201536575,-1.686472392747438,0.3037409484386444,-0.6868034531186986,control_pose,robot_origin,robot_origin
57.009552809000525,2026-09-13T15:48:46.787026+00:00,1789314526.690454,0.0965719223022461,2.1068362603138087,-1.686604045803249,0.3037067128391714,-0.6868567489352104,control_pose,robot_origin,robot_origin
57.03896637200069,2026-09-13T15:48:46.816448+00:00,1789314526.7765412,0.03990674018859863,2.1066621055758086,-1.6863389028868796,0.30377548933029175,-0.6867988104630207,control_pose,robot_origin,robot_origin
57.071168789000694,2026-09-13T15:48:46.848645+00:00,1789314526.7639987,0.08464622497558594,2.1066520147555963,-1.686364517248961,0.3037696854249371,-0.6868219182135296,control_pose,robot_origin,robot_origin
57.095909394000046,2026-09-13T15:48:46.873381+00:00,1789314526.8306227,0.04275822639465332,2.106750749624207,-1.6863231011202429,0.30378445982933044,-0.6867143086147358,control_pose,robot_origin,robot_origin
57.12827858400033,2026-09-13T15:48:46.905754+00:00,1789314526.8862505,0.01950359344482422,2.1068194751329763,-1.6863430282144898,0.3037867248058319,-0.6867860669772229,control_pose,robot_origin,robot_origin
57.152651528000206,2026-09-13T15:48:46.930140+00:00,1789314526.8347335,0.09540653228759766,2.106755384438355,-1.6863203807023626,0.30378500221591,-0.6867147273089211,control_pose,robot_origin,robot_origin
57.190855513000315,2026-09-13T15:48:46.968287+00:00,1789314526.9364078,0.03187918663024902,2.1072314512051404,-1.6869797581322516,0.3040006756782532,-0.6938932213718791,control_pose,robot_origin,robot_origin
57.21479246800027,2026-09-13T15:48:46.992265+00:00,1789314526.8984764,0.09378862380981445,2.106880410350253,-1.6864077740221264,0.3038069226911585,-0.6870933569450479,control_pose,robot_origin,robot_origin
57.25909537300049,2026-09-13T15:48:47.036570+00:00,1789314526.993461,0.04310917854309082,2.107933348501165,-1.687780011536464,0.30574166774749756,-0.7275863311674268,control_pose,robot_origin,robot_origin
57.28677447800055,2026-09-13T15:48:47.064252+00:00,1789314526.9681292,0.09612274169921875,2.1076217041888836,-1.687424696844102,0.3049686625241123,-0.7126260733821931,control_pose,robot_origin,robot_origin
57.31699162200039,2026-09-13T15:48:47.094453+00:00,1789314527.0530617,0.04139137268066406,2.1084777392485434,-1.6885198003040316,0.30681371688842773,-0.7576592646673271,control_pose,robot_origin,robot_origin
57.34320309099985,2026-09-13T15:48:47.120678+00:00,1789314527.0405173,0.08016061782836914,2.108366109214315,-1.6883569231650881,0.3065847810366258,-0.7516160216090362,control_pose,robot_origin,robot_origin
57.44842789300037,2026-09-13T15:48:47.225904+00:00,1789314527.1532142,0.07268977165222168,2.1087122808947734,-1.6872076060076306,0.3078562915325165,-0.7915954226623435,control_pose,robot_origin,robot_origin
57.48642704700069,2026-09-13T15:48:47.263886+00:00,1789314527.112256,0.15162992477416992,2.1086122391095152,-1.6878194475368822,0.3074625066860394,-0.7779762369714874,control_pose,robot_origin,robot_origin
57.51716294200014,2026-09-13T15:48:47.294643+00:00,1789314527.2066188,0.08802413940429688,2.1078465435326352,-1.6876260069614404,0.30800819396972656,-0.7806778254167831,control_pose,robot_origin,robot_origin
57.58101368100051,2026-09-13T15:48:47.358487+00:00,1789314527.196895,0.1615920066833496,2.1080170860295793,-1.6877046206710034,0.3079585660523085,-0.7822641988812159,control_pose,robot_origin,robot_origin
57.646759788000054,2026-09-13T15:48:47.424234+00:00,1789314527.34974,0.0744938850402832,2.1066186203701753,-1.6851589917688399,0.30789679288864136,-0.7731544108637562,control_pose,robot_origin,robot_origin
57.6609086590006,2026-09-13T15:48:47.438384+00:00,1789314527.4029372,0.035446882247924805,2.1063792833380317,-1.6849670826404677,0.3079156279563904,-0.7724862391553354,control_pose,robot_origin,robot_origin
57.707953850000195,2026-09-13T15:48:47.485429+00:00,1789314527.3988314,0.08659768104553223,2.106378129672032,-1.6849730254406825,0.3079183258632834,-0.7724661860646744,control_pose,robot_origin,robot_origin
57.74347692399988,2026-09-13T15:48:47.520954+00:00,1789314527.4596338,0.06132006645202637,2.1062609254797815,-1.6849055824727808,0.3078821003437042,-0.7727894888725236,control_pose,robot_origin,robot_origin
57.783906648000084,2026-09-13T15:48:47.561381+00:00,1789314527.4674768,0.09390425682067871,2.106255467055405,-1.684893373807097,0.3078806830733708,-0.7727750188949221,control_pose,robot_origin,robot_origin
57.83231747800073,2026-09-13T15:48:47.609794+00:00,1789314527.5697815,0.040012359619140625,2.1061361843691535,-1.6845674645332567,0.30787891149520874,-0.7721303205595033,control_pose,robot_origin,robot_origin
57.87175876099991,2026-09-13T15:48:47.649234+00:00,1789314527.536299,0.11293506622314453,2.1061869428156714,-1.6846966026398333,0.30787443280176424,-0.7723797174796402,control_pose,robot_origin,robot_origin
57.904331169000216,2026-09-13T15:48:47.681822+00:00,1789314527.63313,0.04869198799133301,2.10601719179619,-1.6844358036826506,0.3078782856464386,-0.7719302700762583,control_pose,robot_origin,robot_origin
57.91718496900012,2026-09-13T15:48:47.694664+00:00,1789314527.6037648,0.09089922904968262,2.1060723510081147,-1.6844968352964722,0.3078785757597128,-0.7720230029265976,control_pose,robot_origin,robot_origin
57.95201816700046,2026-09-13T15:48:47.729487+00:00,1789314527.6862335,0.043253421783447266,2.105933334255715,-1.6843819199151389,0.3078802227973938,-0.7721390414019852,control_pose,robot_origin,robot_origin
57.97582559700004,2026-09-13T15:48:47.753303+00:00,1789314527.670943,0.08236002922058105,2.105956758233738,-1.6843974236054056,0.3078806680524576,-0.7720658935366203,control_pose,robot_origin,robot_origin
58.01298343200051,2026-09-13T15:48:47.790456+00:00,1789314527.7398214,0.05063462257385254,2.1058835400232483,-1.6843534393412762,0.30786004662513733,-0.7722663938073611,control_pose,robot_origin,robot_origin
58.03613903800033,2026-09-13T15:48:47.813609+00:00,1789314527.73863,0.07497882843017578,2.1058849116700644,-1.6843541704134837,0.30786039067607923,-0.7722636409784728,control_pose,robot_origin,robot_origin
58.05642232500031,2026-09-13T15:48:47.833900+00:00,1789314527.7972834,0.03661656379699707,2.105838077778831,-1.6842807966806326,0.30786940455436707,-0.772096010475886,control_pose,robot_origin,robot_origin
58.110349319000306,2026-09-13T15:48:47.887826+00:00,1789314527.8145235,0.0733025074005127,2.1058280203906907,-1.6842631082932038,0.3078655016272973,-0.7720385430161444,control_pose,robot_origin,robot_origin
58.145954291000635,2026-09-13T15:48:47.923433+00:00,1789314527.8729527,0.05048036575317383,2.1057859077731145,-1.6841333508011511,0.3078497052192688,-0.7718851436419126,control_pose,robot_origin,robot_origin
58.1958803790003,2026-09-13T15:48:47.973341+00:00,1789314527.8815532,0.09178781509399414,2.1057498569506867,-1.6841181848418318,0.30784478390501024,-0.7718717441656484,control_pose,robot_origin,robot_origin
58.25596345099984,2026-09-13T15:48:48.033426+00:00,1789314527.9698412,0.06358480453491211,2.10551435589859,-1.6839758201921406,0.3078349828720093,-0.7716830860964599,control_pose,robot_origin,robot_origin
58.261934166000174,2026-09-13T15:48:48.039411+00:00,1789314527.9479487,0.09146237373352051,2.1055747432193304,-1.6840157360669943,0.3078372168862872,-0.7717147547708687,control_pose,robot_origin,robot_origin
58.30092469800002,2026-09-13T15:48:48.078389+00:00,1789314528.0400248,0.03836417198181152,2.105290778974418,-1.6837740940208268,0.3078323006629944,-0.7717890795790606,control_pose,robot_origin,robot_origin
58.33265171800031,2026-09-13T15:48:48.110115+00:00,1789314528.0222137,0.08790135383605957,2.105347518550212,-1.6838252882906712,0.30783298135668524,-0.7717621804506837,control_pose,robot_origin,robot_origin
58.362407648000044,2026-09-13T15:48:48.139887+00:00,1789314528.096183,0.04370403289794922,2.1051066787986206,-1.6836016847047741,0.30785688757896423,-0.7715959049621356,control_pose,robot_origin,robot_origin
58.417317889000515,2026-09-13T15:48:48.194793+00:00,1789314528.1033216,0.09147143363952637,2.1050891562881207,-1.6835989501640474,0.3078620362691706,-0.7716046296689814,control_pose,robot_origin,robot_origin
58.43796944099995,2026-09-13T15:48:48.215457+00:00,1789314528.146287,0.06916999816894531,2.1050451050414414,-1.683518822239293,0.30786874890327454,-0.771603791985332,control_pose,robot_origin,robot_origin
58.46035614900029,2026-09-13T15:48:48.237827+00:00,1789314528.1963713,0.041455745697021484,2.10503089841577,-1.6835434549293677,0.30787307024002075,-0.771699490336905,control_pose,robot_origin,robot_origin
58.46982914799992,2026-09-13T15:48:48.247300+00:00,1789314528.15814,0.08915996551513672,2.1050413241345827,-1.68352343383497,0.30787172870262985,-0.7715970739929205,control_pose,robot_origin,robot_origin
58.514960944999984,2026-09-13T15:48:48.292415+00:00,1789314528.2530887,0.03932619094848633,2.104994078003256,-1.6835675735593196,0.30786043405532837,-0.7718879134829991,control_pose,robot_origin,robot_origin
58.55130094500055,2026-09-13T15:48:48.328775+00:00,1789314528.2308636,0.09791135787963867,2.1049825233821546,-1.683578478699056,0.3078624998210672,-0.7718849836520186,control_pose,robot_origin,robot_origin
58.5756920900003,2026-09-13T15:48:48.353171+00:00,1789314528.3095078,0.04366326332092285,2.1049999533448935,-1.6834842686188447,0.3078486919403076,-0.7715391813929154,control_pose,robot_origin,robot_origin
58.60513438199996,2026-09-13T15:48:48.381518+00:00,1789314528.3009162,0.08060169219970703,2.1049917415226598,-1.683492870449546,0.3078511856131411,-0.771579799828822,control_pose,robot_origin,robot_origin
58.625652669000374,2026-09-13T15:48:48.403130+00:00,1789314528.3627722,0.04035782814025879,2.1050056648579787,-1.6834149158061578,0.3078415095806122,-0.7713506295819913,control_pose,robot_origin,robot_origin
58.65163098500034,2026-09-13T15:48:48.429105+00:00,1789314528.4161642,0.01294088363647461,2.104987258542857,-1.683425255864713,0.3078318238258362,-0.7714962678806283,control_pose,robot_origin,robot_origin
58.70670972700009,2026-09-13T15:48:48.484178+00:00,1789314528.3705258,0.11365222930908203,2.1049919187595725,-1.683405674460469,0.3078409597323289,-0.7713698229023274,control_pose,robot_origin,robot_origin
58.778646340000705,2026-09-13T15:48:48.556130+00:00,1789314528.439455,0.11667490005493164,2.1049637708232574,-1.683422694970937,0.3078403153314528,-0.7715473937423405,control_pose,robot_origin,robot_origin
58.814309776999835,2026-09-13T15:48:48.591788+00:00,1789314528.5228388,0.06894922256469727,2.1049278099227817,-1.6833383645482574,0.30784451961517334,-0.7714291406260787,control_pose,robot_origin,robot_origin
58.83593876000032,2026-09-13T15:48:48.613413+00:00,1789314528.510353,0.10306000709533691,2.1049303859442734,-1.6833553785761501,0.30784541888164807,-0.7714644320763802,control_pose,robot_origin,robot_origin
