elapsed_s,x_m,y_m,yaw_rad,stamp_ns,frame,episode_time_s
0.07810418200006097,-2.5068631172180176,5.04363489151001,-2.319790194019681,1789280168876336539,odom,-2.194511870999577
0.13590319399963846,-2.5070507526397705,5.043577194213867,-2.3198468002329546,1789280168956360543,odom,-2.1367128589999993
0.1914125159996729,-2.5070037841796875,5.043609142303467,-2.319746721312838,1789280169043854678,odom,-2.081203536999965
0.24346231099980287,-2.5069572925567627,5.04364013671875,-2.3197729307623076,1789280169106447184,odom,-2.029153741999835
0.30024442299963994,-2.5070791244506836,5.043590068817139,-2.3199244288937573,1789280169156267131,odom,-1.9723716299999978
0.3668905879999329,-2.5071160793304443,5.0435404777526855,-2.3197511745511794,1789280169222933495,odom,-1.9057254649997049
0.4205172879997008,-2.506956100463867,5.04358434677124,-2.3196376738991753,1789280169289589131,odom,-1.852098764999937
0.4840127140000732,-2.506955146789551,5.043613433837891,-2.319844649806949,1789280169343208039,odom,-1.7886033389995646
0.537197816999651,-2.507042169570923,5.043619632720947,-2.319884453493652,1789280169392940009,odom,-1.7354182359999868
0.6021420120000585,-2.5070645809173584,5.043642520904541,-2.3198260335017573,1789280169452836955,odom,-1.6704740409995793
0.660612909000065,-2.5069708824157715,5.043642997741699,-2.3196978622382565,1789280169522738898,odom,-1.6120031439995728
0.7177037459996427,-2.507021188735962,5.0436320304870605,-2.319881523901463,1789280169576514447,odom,-1.554912306999995
0.7741707329996643,-2.5071003437042236,5.043625831604004,-2.319982522453681,1789280169626232112,odom,-1.4984453199999734
0.8399732249999943,-2.507120370864868,5.043593406677246,-2.3198289426524465,1789280169679423535,odom,-1.4326428279996435
0.8989163460000782,-2.507042646408081,5.0435614585876465,-2.3197547029108114,1789280169741596663,odom,-1.3736997069995596
0.9544385330000296,-2.507070302963257,5.0435285568237305,-2.319797077617601,1789280169816172326,odom,-1.3181775199996082
1.014895067999987,-2.5071659088134766,5.043513774871826,-2.319875957977962,1789280169866202557,odom,-1.2577209849996507
1.0807847339997352,-2.507119655609131,5.043526649475098,-2.3197858175747523,1789280169936227524,odom,-1.1918313189999026
1.1340933329997824,-2.507047176361084,5.043514728546143,-2.3198417838326324,1789280170002671445,odom,-1.1385227199998553
1.186433803,-2.5070910453796387,5.043483734130859,-2.319906259631859,1789280170045483554,odom,-1.0861822499996379
1.2404036949997135,-2.5072169303894043,5.043461322784424,-2.3199159080645906,1789280170102985823,odom,-1.0322123579999243
1.2964115790000506,-2.5071988105773926,5.043485164642334,-2.319783474170099,1789280170136201585,odom,-0.9762044739995872
1.3536231909997696,-2.5070815086364746,5.04343318939209,-2.3197306814434158,1789280170211728060,odom,-0.9189928619998682
1.4195843509996848,-2.5071027278900146,5.0434393882751465,-2.3197666050721897,1789280170273107016,odom,-0.8530317019999529
1.4755971949998639,-2.5072247982025146,5.043431282043457,-2.319888805275775,1789280170342713320,odom,-0.7970188579997739
1.5296651409998958,-2.507157564163208,5.043454170227051,-2.3198731875253635,1789280170390127146,odom,-0.742950911999742
1.5845019710000088,-2.5070431232452393,5.043454647064209,-2.319768876258919,1789280170449515784,odom,-0.688114081999629
1.6365410439998413,-2.5071170330047607,5.043428897857666,-2.3199005928798995,1789280170499312365,odom,-0.6360750089997964
1.6942391539996606,-2.5072195529937744,5.0433783531188965,-2.3200318480134032,1789280170553205931,odom,-0.5783768989999771
1.7514063479998185,-2.5071849822998047,5.043406963348389,-2.3199928036671817,1789280170609973633,odom,-0.5212097049998192
1.8104808690000027,-2.507052183151245,5.043453216552734,-2.319996072312727,1789280170677113736,odom,-0.46213518399963505
1.8620326139998724,-2.507075548171997,5.043480396270752,-2.3201022373879643,1789280170728257621,odom,-0.41058343899976535
1.9210847669996838,-2.507181406021118,5.0434889793396,-2.320228290824325,1789280170776113475,odom,-0.351531285999954
1.9780593069999668,-2.5072076320648193,5.043485641479492,-2.3201851723562887,1789280170842644417,odom,-0.29455674599967097
2.0441736289999426,-2.5071001052856445,5.043524265289307,-2.320144671501523,1789280170902730191,odom,-0.22844242399969517
2.095952526000019,-2.5071263313293457,5.04353141784668,-2.320243122741218,1789280170960582936,odom,-0.17666352699961863
2.1494819389999975,-2.5071942806243896,5.043489456176758,-2.3202750978026128,1789280170996291363,odom,-0.12313411399964025
2.2006691479996334,-2.5072309970855713,5.0434794425964355,-2.32027714358522,1789280171069562161,odom,-0.07194690500000434
2.2543591169996944,-2.507157802581787,5.043454170227051,-2.320237321366838,1789280171122647488,odom,-0.01825693599994338
2.3067781199997626,-2.5071043968200684,5.043486595153809,-2.3202758660037555,1789280171162654603,odom,0.03416206700012481
2.3575499409998883,-2.5071873664855957,5.043487071990967,-2.3204387589367967,1789280171222868645,odom,0.08493388800025059
2.4145193939998535,-2.5072436332702637,5.043468475341797,-2.32045546499275,1789280171259420836,odom,0.14190334100021573
2.4802244399998017,-2.5071280002593994,5.04345178604126,-2.320215007523197,1789280171339361155,odom,0.20760838700016393
2.5410951459998614,-2.5071158409118652,5.043456077575684,-2.320399393293059,1789280171402800763,odom,0.26847909300022366
2.5919671339997876,-2.5072107315063477,5.043480396270752,-2.320520444251545,1789280171454628670,odom,0.31935108100014986
2.651480564999929,-2.5072619915008545,5.043461799621582,-2.3205101347710144,1789280171502799237,odom,0.37886451200029114
2.715018586000042,-2.507204294204712,5.043435096740723,-2.320529226273547,1789280171569248402,odom,0.4424025330004042
2.771916417999819,-2.507134437561035,5.043442726135254,-2.320447422139767,1789280171622625792,odom,0.49930036500018105
2.8268069789996844,-2.507283926010132,5.043437480926514,-2.3206775261432093,1789280171689312422,odom,0.5541909260000466
2.88254674899963,-2.507253646850586,5.043447017669678,-2.320627254395636,1789280171746215785,odom,0.6099306959999922
2.9402800289999504,-2.5071918964385986,5.04344367980957,-2.320640436835276,1789280171792741263,odom,0.6676639760003127
2.991873888999635,-2.507131576538086,5.043428421020508,-2.3206585108419344,1789280171859304631,odom,0.719257835999997
3.047579064999809,-2.5072386264801025,5.043413162231445,-2.3207950682538434,1789280171907151902,odom,0.7749630120001711
3.1077355150000585,-2.507317543029785,5.0433831214904785,-2.3207908110320656,1789280171967330182,odom,0.8351194620004208
3.1620834799996373,-2.507187604904175,5.0434250831604,-2.3207549908273277,1789280172025923455,odom,0.8894674269999996
3.213797219999833,-2.507143259048462,5.0434441566467285,-2.3207323386394223,1789280172059361899,odom,0.9411811670001953
3.274094607999814,-2.507201910018921,5.043405532836914,-2.320776819775795,1789280172132837975,odom,1.0014785550001761
3.325076523000007,-2.507253646850586,5.043393611907959,-2.3207550265925967,1789280172182538951,odom,1.0524604700003692
3.386560645999907,-2.507185220718384,5.043394565582275,-2.320688618870546,1789280172250807250,odom,1.1139445930002694
3.4396554069999183,-2.5071232318878174,5.043380260467529,-2.3207329382348556,1789280172302771533,odom,1.1670393540002806
3.4955596039999364,-2.5071804523468018,5.043382167816162,-2.320950300752385,1789280172359569276,odom,1.2229435510002986
3.555540010999721,-2.507246255874634,5.04335355758667,-2.3209226678570034,1789280172399121249,odom,1.282923958000083
3.6081604359997073,-2.507202386856079,5.043309211730957,-2.320761159213663,1789280172459172452,odom,1.3355443830000695
3.661270845999752,-2.507154703140259,5.043308734893799,-2.320788089595559,1789280172509175265,odom,1.3886547930001143
3.714850918999673,-2.5072429180145264,5.0432820320129395,-2.320953136944397,1789280172582626307,odom,1.4422348660000353
3.768648030999884,-2.50732421875,5.043278694152832,-2.321114847397498,1789280172634614432,odom,1.4960319780002465
3.8287582059997476,-2.507322072982788,5.043275356292725,-2.3210156068567445,1789280172679857934,odom,1.5561421530001098
3.8867032759999347,-2.5072598457336426,5.043272018432617,-2.320967621294139,1789280172715784753,odom,1.614087223000297
3.957055803000003,-2.5072622299194336,5.043306350708008,-2.3210308596712435,1789280172792562688,odom,1.6844397500003652
4.0224398029999975,-2.507356643676758,5.0433125495910645,-2.321197732406012,1789280172882491791,odom,1.7498237500003597
4.078394723999736,-2.507272481918335,5.043309688568115,-2.3210479669747968,1789280172942693675,odom,1.8057786710000983
4.13678488000005,-2.5071985721588135,5.0433349609375,-2.321145368507514,1789280173002481425,odom,1.8641688270004124
4.18821472899981,-2.507261037826538,5.043371677398682,-2.3213478729759873,1789280173056552375,odom,1.9155986760001724
4.242897468999672,-2.5073230266571045,5.043384552001953,-2.3213373921268516,1789280173109250271,odom,1.9702814160000344
4.300834185999975,-2.507312297821045,5.043386459350586,-2.3212382146128876,1789280173136024201,odom,2.028218133000337
4.365122337999765,-2.5071957111358643,5.043376445770264,-2.3213158302783006,1789280173215991938,odom,2.092506285000127
4.417711656999927,-2.5073227882385254,5.043357849121094,-2.3214889632962494,1789280173288629258,odom,2.1450956040002893
4.480933048999759,-2.507352352142334,5.043365478515625,-2.3214179923643394,1789280173332789624,odom,2.2083169960001214
4.534066627999891,-2.507307529449463,5.043330192565918,-2.321264353458734,1789280173400436366,odom,2.2614505750002536
4.588776760999735,-2.5072524547576904,5.0433502197265625,-2.3213406703591226,1789280173452364409,odom,2.3161607080000977
4.643661721999706,-2.5072646141052246,5.043391704559326,-2.3214778150729694,1789280173499250853,odom,2.3710456690000683
4.694240153999999,-2.507371664047241,5.0433783531188965,-2.3215472220611026,1789280173555733407,odom,2.4216241010003614
4.748039409999819,-2.507329225540161,5.043365955352783,-2.321530716710927,1789280173609159434,odom,2.4754233570001816
4.80219100999966,-2.507253885269165,5.043353080749512,-2.32144257363046,1789280173663724864,odom,2.5295749570000226
4.8629400759996315,-2.507279634475708,5.043356895446777,-2.321533450540492,1789280173719095910,odom,2.5903240229999938
4.9304278029999296,-2.50736927986145,5.0433783531188965,-2.3216294356614298,1789280173785928929,odom,2.657811750000292
4.985230133999721,-2.507302761077881,5.043402194976807,-2.3214664025641505,1789280173839012826,odom,2.7126140810000834
5.04413513999998,-2.507234811782837,5.043399810791016,-2.3214479355368085,1789280173905675137,odom,2.7715190870003426
5.099538183999812,-2.507336139678955,5.043379783630371,-2.3215833185264363,1789280173969089234,odom,2.826922131000174
5.15260747100001,-2.5073964595794678,5.043393135070801,-2.3216536509729164,1789280174012943471,odom,2.8799914180003725
5.207348326999636,-2.5073859691619873,5.0433831214904785,-2.3215827835711638,1789280174070316994,odom,2.934732273999998
5.261750086999655,-2.5073070526123047,5.043336868286133,-2.321449045049496,1789280174115956509,odom,2.989134034000017
5.314963159999934,-2.5073447227478027,5.043303489685059,-2.321561337912662,1789280174182529175,odom,3.042347107000296
5.365947796,-2.507392644882202,5.0432891845703125,-2.3216111168056686,1789280174206343615,odom,3.0933317430003626
5.421095142000013,-2.507436513900757,5.043300628662109,-2.321591880971167,1789280174282252038,odom,3.148479089000375
5.474225584999658,-2.507328510284424,5.043312072753906,-2.321500069609049,1789280174329172576,odom,3.2016095320000204
5.531751299999996,-2.507316827774048,5.043286323547363,-2.321603125556104,1789280174392837012,odom,3.2591352470003585
5.585992760999943,-2.507415294647217,5.043251037597656,-2.321570129510317,1789280174452882493,odom,3.3133767080003054
5.644825250999929,-2.507420539855957,5.043266773223877,-2.3214791906923793,1789280174499078000,odom,3.3722091980002915
5.708436076999988,-2.5073659420013428,5.043285369873047,-2.321425321536662,1789280174538917267,odom,3.43582002400035
5.763031098999818,-2.507290840148926,5.043313026428223,-2.321404275286358,1789280174622329676,odom,3.49041504600018
5.824726212999849,-2.5073678493499756,5.043325424194336,-2.3216530466652974,1789280174668927872,odom,3.552110160000211
5.88226101500004,-2.507323980331421,5.043121337890625,-2.329557661460844,1789280174729213679,odom,3.6096449620004023
5.93549437799993,-2.507533311843872,5.0426411628723145,-2.3473070366743185,1789280174792543376,odom,3.6628783250002925
5.986268695000035,-2.5075531005859375,5.042288780212402,-2.3565211259172183,1789280174840049708,odom,3.7136526420003975
6.037689071999921,-2.507537364959717,5.041976451873779,-2.3660980337342297,1789280174885638678,odom,3.7650730190002832
6.089366552999763,-2.507152557373047,5.041662216186523,-2.379945387121843,1789280174959420645,odom,3.8167505000001256
6.148248453999713,-2.5065109729766846,5.041389465332031,-2.3898046653834335,1789280175012482131,odom,3.8756324010000753
6.204661869999654,-2.5055718421936035,5.041209697723389,-2.398451859698281,1789280175058894122,odom,3.9320458170000165
6.262009139999918,-2.504591464996338,5.041090488433838,-2.408972668535269,1789280175125586951,odom,3.9893930870002805
6.316744842999924,-2.503829002380371,5.041184425354004,-2.4183405319143647,1789280175185637200,odom,4.044128790000286
6.37360340899977,-2.503282308578491,5.041250705718994,-2.4257869263499927,1789280175232323849,odom,4.100987356000132
6.430101309999827,-2.502617120742798,5.04131555557251,-2.4343836161539896,1789280175285642827,odom,4.1574852570001894
6.488930663999781,-2.501591920852661,5.041423320770264,-2.443484376765709,1789280175345950329,odom,4.2163146110001435
6.549680690000059,-2.499680519104004,5.04168176651001,-2.454483279190928,1789280175408782685,odom,4.2770646370004215
6.612894114000028,-2.4978079795837402,5.041731834411621,-2.465363883702193,1789280175465567076,odom,4.34027806100039
6.673269778999838,-2.4953765869140625,5.042097091674805,-2.4786653641062593,1789280175525567973,odom,4.4006537260002005
6.726706738999837,-2.4918205738067627,5.043232440948486,-2.493995611948821,1789280175592189753,odom,4.4540906860002
6.77901469499966,-2.48980975151062,5.043996810913086,-2.5026619913054833,1789280175632465804,odom,4.506398642000022
6.8310710189998645,-2.4869544506073,5.044987678527832,-2.514714036108265,1789280175688817942,odom,4.558454966000227
6.899414737999905,-2.484530210494995,5.045613765716553,-2.5250742434044997,1789280175758164847,odom,4.626798685000267
6.964153991999865,-2.4835915565490723,5.045487403869629,-2.541010194125454,1789280175815940583,odom,4.691537939000227
7.029065449999962,-2.48429012298584,5.044702053070068,-2.5568024783299435,1789280175890061820,odom,4.756449397000324
7.107319497999924,-2.4843227863311768,5.044687271118164,-2.5573004065648934,1789280175977226699,odom,4.834703445000287
7.158031058999768,-2.487018585205078,5.041435241699219,-2.5895103098242633,1789280176018845761,odom,4.88541500600013
7.208932968999761,-2.4876623153686523,5.040080547332764,-2.6028127538676067,1789280176078841651,odom,4.9363169160001235
7.2818329629999425,-2.4877519607543945,5.039303302764893,-2.6115927141490056,1789280176119456256,odom,5.009216910000305
7.338395252999817,-2.4880080223083496,5.0382184982299805,-2.628172008945351,1789280176192201817,odom,5.065779200000179
7.394684051999775,-2.488067626953125,5.037367820739746,-2.6418904039392537,1789280176252162421,odom,5.122067999000137
7.451518391999798,-2.488102912902832,5.036837577819824,-2.6544883219767432,1789280176302167857,odom,5.17890233900016
7.505780335000054,-2.4882586002349854,5.0364885330200195,-2.6646375150723887,1789280176345781529,odom,5.233164282000416
7.556588190999719,-2.4882588386535645,5.036140441894531,-2.6825891773913924,1789280176422348702,odom,5.283972138000081
7.617075031999775,-2.4882466793060303,5.036095142364502,-2.694073344273339,1789280176472176755,odom,5.344458979000137
7.668528882999908,-2.4879279136657715,5.036258220672607,-2.703332325732868,1789280176520460093,odom,5.39591283000027
7.722268167000038,-2.487245798110962,5.0367231369018555,-2.7177424304228435,1789280176577125275,odom,5.449652114000401
7.78287290399976,-2.486375093460083,5.037667751312256,-2.73436324655337,1789280176646987641,odom,5.510256851000122
7.838659620999806,-2.4850244522094727,5.039278507232666,-2.7525140976276035,1789280176709252083,odom,5.566043568000168
7.894086442999651,-2.482025623321533,5.038978576660156,-2.770766748177118,1789280176762156928,odom,5.621470390000013
7.962202659000013,-2.4803004264831543,5.038506031036377,-2.7839414742364377,1789280176802085364,odom,5.6895866060003755
8.03211675700004,-2.4771568775177,5.038139820098877,-2.8092653726508177,1789280176878685439,odom,5.759500704000402
8.083598192999943,-2.476132392883301,5.03706693649292,-2.8298350728567003,1789280176932471001,odom,5.810982140000306
8.137059890999808,-2.47621750831604,5.036545276641846,-2.8480294502274366,1789280176982425893,odom,5.86444383800017
8.192152353999973,-2.478269338607788,5.038528919219971,-2.870515842455134,1789280177038650716,odom,5.919536301000335
8.243720388999918,-2.4785234928131104,5.0382232666015625,-2.8916112144069817,1789280177092094147,odom,5.9711043360002805
8.295992982999906,-2.4781479835510254,5.037014007568359,-2.908408532335375,1789280177138804639,odom,6.023376930000268
8.348295242999939,-2.4774162769317627,5.034456253051758,-2.9263436088258703,1789280177192081416,odom,6.075679190000301
8.39930666400005,-2.477308988571167,5.03114128112793,-2.9300217448354675,1789280177245446170,odom,6.126690611000413
8.457179057999838,-2.4763948917388916,5.027191638946533,-2.922422676219728,1789280177325742448,odom,6.1845630050002
8.519507557999987,-2.476966619491577,5.025550842285156,-2.918733764409855,1789280177375347340,odom,6.246891505000349
8.573131506999744,-2.4775898456573486,5.024097442626953,-2.915656321404576,1789280177429064000,odom,6.300515454000106
8.624812796999777,-2.478003978729248,5.022956848144531,-2.9124837876375245,1789280177472059453,odom,6.352196744000139
8.677717433999987,-2.478609800338745,5.021050930023193,-2.9056121014248357,1789280177542119706,odom,6.40510138100035
8.73466074099997,-2.4789321422576904,5.019736289978027,-2.8998889240980277,1789280177595364058,odom,6.462044688000333
8.786260617999687,-2.4793002605438232,5.018214702606201,-2.893990919747316,1789280177651965583,odom,6.51364456500005
8.838110111999868,-2.479738473892212,5.017065048217773,-2.889285041031138,1789280177699159110,odom,6.56549405900023
8.897166328999901,-2.4804017543792725,5.0158281326293945,-2.882911043923825,1789280177763097489,odom,6.624550276000264
8.961522517000049,-2.480726957321167,5.015163898468018,-2.8794311811832745,1789280177795427525,odom,6.688906464000411
9.024305575999733,-2.4815666675567627,5.0135979652404785,-2.871792751862923,1789280177885626042,odom,6.7516895230000955
9.076631965999695,-2.4820241928100586,5.012711048126221,-2.8672917187127642,1789280177942377532,odom,6.8040159130000575
9.140053882999837,-2.482412815093994,5.01192045211792,-2.8632793737591857,1789280177995224440,odom,6.867437830000199
9.19158969199998,-2.4827029705047607,5.01105260848999,-2.859079060817493,1789280178061859811,odom,6.918973639000342
9.256175879999773,-2.4829227924346924,5.010601043701172,-2.856885187296498,1789280178106412137,odom,6.9835598270001356
9.311586572999659,-2.483293056488037,5.0099945068359375,-2.853662597978241,1789280178178710187,odom,7.038970520000021
9.372126921000017,-2.483515739440918,5.009577751159668,-2.8512810859770696,1789280178225323403,odom,7.09951086800038
9.434192107999934,-2.483832836151123,5.008913516998291,-2.847815362864749,1789280178300449813,odom,7.161576055000296
9.488386558999991,-2.484001636505127,5.008572101593018,-2.8459881918071774,1789280178338577712,odom,7.215770506000354
9.541698838999764,-2.4843177795410156,5.0080485343933105,-2.8437253742301554,1789280178402137721,odom,7.269082786000126
9.606124632000046,-2.4845314025878906,5.007802963256836,-2.841780920832963,1789280178455364430,odom,7.333508579000409
9.662964349000049,-2.4846935272216797,5.007505416870117,-2.8398686976054215,1789280178528974497,odom,7.390348296000411
9.718210038000052,-2.484729051589966,5.007299900054932,-2.8387169780287635,1789280178578512871,odom,7.445593985000414
9.770125711999754,-2.484736680984497,5.007206439971924,-2.8378772778865327,1789280178618802512,odom,7.497509659000116
9.821757558999707,-2.484862804412842,5.007047176361084,-2.836636475169314,1789280178674188578,odom,7.549141506000069
9.87875568599975,-2.485067129135132,5.006923198699951,-2.8350558537337927,1789280178725326979,odom,7.606139633000112
9.938561489999756,-2.4852194786071777,5.006849765777588,-2.8342023940670376,1789280178759484732,odom,7.6659454370001185
10.00855882499991,-2.4855616092681885,5.006362438201904,-2.83227891233147,1789280178865515912,odom,7.735942772000271
10.061200051000014,-2.4856982231140137,5.00630521774292,-2.8315799655479252,1789280178928638899,odom,7.788583998000377
10.112774006999643,-2.4858176708221436,5.00629997253418,-2.830860615222996,1789280178975231850,odom,7.840157954000006
10.178958733999934,-2.4859390258789062,5.006044387817383,-2.8301343069205442,1789280179032486403,odom,7.906342681000297
10.231438413999967,-2.4860830307006836,5.005979537963867,-2.8298745230415223,1789280179068515742,odom,7.95882236100033
10.28637208200007,-2.4862279891967773,5.005797386169434,-2.829077825627707,1789280179145434821,odom,8.013756029000433
10.351599113999782,-2.486293315887451,5.005695819854736,-2.8281038865360126,1789280179198624337,odom,8.078983061000145
10.40649681199966,-2.4864683151245117,5.0056071281433105,-2.827438584799771,1789280179267827475,odom,8.133880759000021
10.459377223000047,-2.4865880012512207,5.005466938018799,-2.826978224493451,1789280179311845744,odom,8.186761170000409
10.518943426000078,-2.4866716861724854,5.005394458770752,-2.8260889253960255,1789280179381784880,odom,8.24632737300044
10.575814696999714,-2.4867281913757324,5.005317211151123,-2.8256845917173044,1789280179438564027,odom,8.303198644000076
10.630829682999774,-2.4868853092193604,5.005194664001465,-2.8253887105623257,1789280179498527014,odom,8.358213630000137
10.68276580599968,-2.486785650253296,5.006433963775635,-2.828853080003011,1789280179525131905,odom,8.410149753000042
10.748375230999955,-2.4882259368896484,5.006270885467529,-2.852755127321452,1789280179601977313,odom,8.475759178000317
10.799539718999768,-2.4876554012298584,5.005280494689941,-2.8657614998784977,1789280179668461287,odom,8.52692366600013
10.8544446169999,-2.4872171878814697,5.004485607147217,-2.8760736353595338,1789280179719026530,odom,8.581828564000261
10.906699801999821,-2.4867749214172363,5.003490447998047,-2.8857239019881273,1789280179768583977,odom,8.634083749000183
10.958064111999647,-2.4864463806152344,5.002472877502441,-2.8976709430634835,1789280179828451121,odom,8.68544805900001
11.018499140999666,-2.4864048957824707,5.001713275909424,-2.90803175591133,1789280179878455365,odom,8.745883088000028
11.10289891399998,-2.4865853786468506,5.000709533691406,-2.9212952977673243,1789280179941754067,odom,8.830282861000342
11.175195731999793,-2.4870669841766357,4.999471664428711,-2.9393790183274353,1789280180021711075,odom,8.902579679000155
11.231302790999962,-2.487262725830078,4.998417377471924,-2.9549090183152926,1789280180095048630,odom,8.958686738000324
11.285893621000014,-2.4874274730682373,4.99771785736084,-2.9658730656667895,1789280180141940081,odom,9.013277568000376
11.336907027000052,-2.4874932765960693,4.997256278991699,-2.975324288901442,1789280180181810582,odom,9.064290974000414
11.388009622000027,-2.4877054691314697,4.996201992034912,-2.991266147201475,1789280180248486960,odom,9.115393569000389
11.438595094999982,-2.487067699432373,4.994403839111328,-3.0026465944378966,1789280180308352196,odom,9.165979042000345
11.494091265999941,-2.4875965118408203,4.994563102722168,-2.989894782262496,1789280180361836636,odom,9.221475213000303
11.54596533699987,-2.487887382507324,4.9944634437561035,-2.9821048105726975,1789280180396712983,odom,9.273349284000233
11.598542303999693,-2.487985372543335,4.99419641494751,-2.9767891709515126,1789280180441915715,odom,9.325926251000055
11.660683591999714,-2.4885947704315186,4.99374532699585,-2.9698578699323286,1789280180508369887,odom,9.388067539000076
11.723561249999875,-2.4894256591796875,4.993291854858398,-2.9631681002211256,1789280180575799191,odom,9.450945197000237
11.787773492999804,-2.490133047103882,4.992883682250977,-2.9569809361325134,1789280180641892636,odom,9.515157440000166
11.842087247999643,-2.490741014480591,4.992232799530029,-2.9510491176435347,1789280180711764300,odom,9.569471195000006
11.897431695999785,-2.491089105606079,4.991676330566406,-2.9464619186487555,1789280180765191519,odom,9.624815643000147
11.94958735399996,-2.4913904666900635,4.99125862121582,-2.9423779793064044,1789280180818519318,odom,9.676971301000322
12.005709903000024,-2.4917585849761963,4.991014003753662,-2.939718598333186,1789280180852269614,odom,9.733093850000387
12.057342325999798,-2.492319345474243,4.990748405456543,-2.9361563224678906,1789280180905341113,odom,9.78472627300016
12.112725944999966,-2.493112564086914,4.9904255867004395,-2.9305749759684376,1789280180981656754,odom,9.840109892000328
12.169064859999708,-2.493358612060547,4.990255355834961,-2.928146638276962,1789280181008249724,odom,9.89644880700007
12.221094749999793,-2.4937775135040283,4.989904403686523,-2.9230563429767655,1789280181074992144,odom,9.948478697000155
12.277966916999958,-2.4941043853759766,4.989663600921631,-2.9183363181639845,1789280181143320286,odom,10.00535086400032
12.33514220799998,-2.4943645000457764,4.989599227905273,-2.9138905136718103,1789280181201601708,odom,10.062526155000342
12.386423023999669,-2.4944229125976562,4.989620685577393,-2.9113401870314366,1789280181241952861,odom,10.113806971000031
12.440423829999872,-2.494420051574707,4.98973274230957,-2.9069474335436793,1789280181301742757,odom,10.167807777000235
12.491418737999993,-2.494379997253418,4.989830493927002,-2.9034243821539354,1789280181351685965,odom,10.218802685000355
12.542456914000013,-2.494274139404297,4.990212917327881,-2.90123285955096,1789280181398250306,odom,10.269840861000375
12.603663002999838,-2.494213342666626,4.990642547607422,-2.897797658703791,1789280181469464028,odom,10.3310469500002
12.676791780999793,-2.4942245483398438,4.990776538848877,-2.896294084296414,1789280181515062058,odom,10.404175728000155
12.736803005999718,-2.4943387508392334,4.990804672241211,-2.8943624492595794,1789280181594936812,odom,10.46418695300008
12.7926649609999,-2.4944345951080322,4.9908671379089355,-2.893272916512625,1789280181658296311,odom,10.520048908000263
12.845628289999695,-2.4944674968719482,4.990885257720947,-2.892444994463004,1789280181711947167,odom,10.573012237000057
12.912039911999727,-2.49442720413208,4.990847110748291,-2.8907001364814446,1789280181771495068,odom,10.63942385900009
12.970150145999924,-2.4944465160369873,4.990850448608398,-2.8890976140473907,1789280181824998343,odom,10.697534093000286
13.025714448999679,-2.494460344314575,4.990913391113281,-2.886673541252852,1789280181885141337,odom,10.753098396000041
13.077193581999836,-2.49436092376709,4.9908857345581055,-2.8849859148004287,1789280181934985602,odom,10.804577529000198
13.130373404999773,-2.494335889816284,4.990904808044434,-2.8838634146714432,1789280181990147317,odom,10.857757352000135
13.194089263000023,-2.4942831993103027,4.990932464599609,-2.8826084459515493,1789280182028398478,odom,10.921473210000386
13.252574594999714,-2.494297981262207,4.991283416748047,-2.879188980451041,1789280182121613467,odom,10.979958542000077
13.332674398999643,-2.494286298751831,4.991443157196045,-2.8773685272913347,1789280182175003016,odom,11.060058346000005
13.386056091999762,-2.494330406188965,4.99159049987793,-2.8741543117125135,1789280182251637900,odom,11.113440039000125
13.440690796999661,-2.4944441318511963,4.991674423217773,-2.872384813694907,1789280182308212483,odom,11.168074744000023
13.491675048999696,-2.4945080280303955,4.99186372756958,-2.8703001345720516,1789280182355068171,odom,11.219058996000058
13.545963938999648,-2.494562864303589,4.992156028747559,-2.8677540965441666,1789280182408169949,odom,11.27334788600001
13.598582507999708,-2.494621753692627,4.992265224456787,-2.8661475702221706,1789280182464884246,odom,11.32596645500007
13.65480375099969,-2.49471378326416,4.9922661781311035,-2.8650239255271934,1789280182518311227,odom,11.382187698000052
13.709540702999675,-2.4948244094848633,4.992326736450195,-2.864163308451729,1789280182566306794,odom,11.436924650000037
13.761688169000081,-2.4948976039886475,4.992381572723389,-2.8632598906818036,1789280182618125642,odom,11.489072116000443
13.821082296999975,-2.494988203048706,4.992384910583496,-2.862666208132742,1789280182668251240,odom,11.548466244000338
13.87465145799979,-2.49501371383667,4.992266654968262,-2.8612894456788647,1789280182741471493,odom,11.602035405000152
13.92710579300001,-2.4950246810913086,4.99221658706665,-2.8610802957720427,1789280182775002921,odom,11.654489740000372
13.981696878999628,-2.4950215816497803,4.992140293121338,-2.8598977050089194,1789280182844943249,odom,11.70908082599999
14.041792877999796,-2.495051860809326,4.992087364196777,-2.8593842861896346,1789280182881483996,odom,11.769176825000159
14.107379452999794,-2.4950504302978516,4.992070198059082,-2.858633318410284,1789280182961463416,odom,11.834763400000156
14.167070688999956,-2.494997262954712,4.992105960845947,-2.857844490808088,1789280183021483386,odom,11.894454636000319
14.220719120000012,-2.4950151443481445,4.992062091827393,-2.8577049897914235,1789280183091582978,odom,11.948103067000375
14.279185409999627,-2.4950942993164062,4.992000102996826,-2.857319347591762,1789280183141470158,odom,12.00656935699999
14.332944823999696,-2.495447874069214,4.992245197296143,-2.8605620793105544,1789280183181508744,odom,12.060328771000059
14.396716589999869,-2.4951279163360596,4.991654872894287,-2.8867559907759124,1789280183258118117,odom,12.124100537000231
14.453973934999794,-2.494502067565918,4.991495609283447,-2.8975996648395586,1789280183307118619,odom,12.181357882000157
14.510241549000057,-2.4934730529785156,4.9917168617248535,-2.911528693973924,1789280183368246281,odom,12.237625496000419
14.561997116999919,-2.4923362731933594,4.992151737213135,-2.922367509386357,1789280183422401393,odom,12.289381064000281
14.614745358999699,-2.4914560317993164,4.992676258087158,-2.936741482568329,1789280183481470072,odom,12.34212930600006
14.669228693999685,-2.491028308868408,4.992814540863037,-2.944043117676559,1789280183514772380,odom,12.396612641000047
14.724411978999797,-2.490490198135376,4.992710113525391,-2.959014641199706,1789280183581858599,odom,12.451795926000159
14.78776778099973,-2.490133762359619,4.992347717285156,-2.9739539032942406,1789280183648199523,odom,12.515151728000092
14.845880094999757,-2.489720106124878,4.992141246795654,-2.9869795509155086,1789280183701417172,odom,12.573264042000119
14.898376224999993,-2.4894447326660156,4.992063999176025,-2.9948759037151764,1789280183734888995,odom,12.625760172000355
14.965334315999826,-2.488870620727539,4.992307662963867,-3.011787233932921,1789280183808108294,odom,12.692718263000188
15.030241869999827,-2.4873170852661133,4.992964267730713,-3.0276450309151692,1789280183874710524,odom,12.75762581700019
15.083949216999827,-2.484935998916626,4.995657920837402,-3.0539834747241295,1789280183951310837,odom,12.811333164000189
15.138209688999723,-2.4851956367492676,4.998133182525635,-3.0732249499977917,1789280184005098069,odom,12.865593636000085
15.193816362999769,-2.485081195831299,4.998175621032715,-3.0772129145195506,1789280184031367505,odom,12.921200310000131
15.249049635999654,-2.485473155975342,4.998912334442139,-3.070801319542011,1789280184091407979,odom,12.976433583000016
15.306946671999867,-2.486389636993408,4.998825550079346,-3.059913554599462,1789280184164646113,odom,13.03433061900023
15.363975680999829,-2.487323045730591,4.997826099395752,-3.0538937525261294,1789280184218816483,odom,13.091359628000191
15.426983331999963,-2.4882447719573975,4.996570587158203,-3.046990525294815,1789280184271722043,odom,13.154367279000326
15.48333527199975,-2.4889426231384277,4.995090007781982,-3.040043238645877,1789280184344699586,odom,13.210719219000111
15.546587386999818,-2.489405870437622,4.994619369506836,-3.035655935887475,1789280184400191510,odom,13.27397133400018
15.5978468899998,-2.489943504333496,4.994358062744141,-3.029704769200353,1789280184465457165,odom,13.325230837000163
15.652329647999977,-2.490359306335449,4.9941816329956055,-3.026851523697657,1789280184504599536,odom,13.37971359500034
15.703698150000037,-2.4910309314727783,4.993858337402344,-3.0234319050991827,1789280184565618241,odom,13.431082097000399
15.75542270799997,-2.4918479919433594,4.993359088897705,-3.020331002259675,1789280184621839488,odom,13.482806655000331
15.807123040000079,-2.492440938949585,4.992891311645508,-3.017779466884244,1789280184674806559,odom,13.53450698700044
15.858687650999855,-2.4931254386901855,4.992421627044678,-3.015186245052263,1789280184721430743,odom,13.586071598000217
15.911466006999945,-2.4936914443969727,4.99200963973999,-3.012672662413994,1789280184771426881,odom,13.638849954000307
15.966299381999761,-2.4942212104797363,4.991582870483398,-3.0105600066027156,1789280184824679339,odom,13.693683329000123
16.026487867000014,-2.494706869125366,4.991298675537109,-3.0089930858306997,1789280184864751542,odom,13.753871814000377
16.078059133999886,-2.4953529834747314,4.991050720214844,-3.0069229021921116,1789280184914707625,odom,13.805443081000249
16.130076127999928,-2.4962100982666016,4.990736484527588,-3.0045168828289164,1789280184984779084,odom,13.85746007500029
16.186713047000012,-2.496805429458618,4.99055290222168,-3.0032107349516006,1789280185050950492,odom,13.914096994000374
16.241004528999838,-2.4970788955688477,4.990436553955078,-3.002688788882245,1789280185095015013,odom,13.9683884760002
16.30759011600003,-2.4973199367523193,4.990293025970459,-3.001639797646647,1789280185154523814,odom,14.03497406300039
16.36061674499979,-2.4974374771118164,4.990131378173828,-3.000617458154691,1789280185228583539,odom,14.08800069200015
16.422053089999736,-2.4975063800811768,4.990104675292969,-3.000599751556481,1789280185277857745,odom,14.149437037000098
16.474275120999664,-2.497606039047241,4.99019193649292,-3.0004586161715916,1789280185334783280,odom,14.201659068000026
16.531129526999848,-2.4979400634765625,4.990201473236084,-3.0000102757571394,1789280185398040497,odom,14.25851347400021
16.590164494999954,-2.498216390609741,4.9901862144470215,-2.9993022032442416,1789280185445105040,odom,14.317548442000316
16.647039478999886,-2.498426675796509,4.990175724029541,-2.999070655988237,1789280185504864180,odom,14.374423426000249
16.71774236600004,-2.4988152980804443,4.990883827209473,-2.9919543108830315,1789280185544547522,odom,14.4451263130004
16.770220957999754,-2.4992613792419434,4.990390777587891,-2.9576334320071007,1789280185621168101,odom,14.497604905000117
16.824588348999896,-2.499728202819824,4.989986896514893,-2.935024156417931,1789280185684729302,odom,14.551972296000258
16.88006653499997,-2.500417947769165,4.989599227905273,-2.9230611848943333,1789280185721352303,odom,14.607450482000331
16.93300358999977,-2.5003066062927246,4.989007472991943,-2.924678115079858,1789280185791395629,odom,14.660387537000133
16.98616184399998,-2.500415325164795,4.9883952140808105,-2.9282609042059593,1789280185837780440,odom,14.713545791000342
17.038896068999748,-2.501253843307495,4.987871170043945,-2.92910049216131,1789280185898672545,odom,14.76628001600011
17.103215711999837,-2.5016324520111084,4.987630844116211,-2.9307224811724897,1789280185961434567,odom,14.8305996590002
17.15931541100008,-2.502086877822876,4.987590789794922,-2.9313586418620403,1789280186021701062,odom,14.886699358000442
17.213513670999873,-2.5022640228271484,4.98756742477417,-2.931418814768456,1789280186078027928,odom,14.940897618000236
17.264488226999674,-2.5023045539855957,4.987496852874756,-2.931656904172618,1789280186127860034,odom,14.991872174000036
17.31642390299976,-2.502368688583374,4.987375259399414,-2.932028870427356,1789280186168452466,odom,15.043807850000121
17.373306566999872,-2.5024425983428955,4.987295150756836,-2.9325148464550157,1789280186234537089,odom,15.100690514000235
17.446497267999803,-2.502493143081665,4.987272262573242,-2.932714593649584,1789280186296962464,odom,15.173881215000165
17.506341698999677,-2.502490282058716,4.987250804901123,-2.9327544448743055,1789280186359475100,odom,15.233725646000039
17.564513600999817,-2.50248646736145,4.98721981048584,-2.933229368112316,1789280186424054349,odom,15.291897548000179
17.616170698999667,-2.502504348754883,4.9872026443481445,-2.9332383359938374,1789280186477922642,odom,15.34355464600003
17.678025568000066,-2.502476930618286,4.987202167510986,-2.933095167977876,1789280186537738288,odom,15.405409515000429
17.758260135,-2.502453088760376,4.98715353012085,-2.9331698839831675,1789280186597672904,odom,15.485644082000363
17.81120464600008,-2.502492666244507,4.987197399139404,-2.9333935832383955,1789280186674552405,odom,15.53858859300044
17.86598876900007,-2.502521276473999,4.98721981048584,-2.933328824643974,1789280186721035206,odom,15.593372716000431
17.92411369299998,-2.502542495727539,4.987212657928467,-2.9332767843670036,1789280186787819112,odom,15.651497640000343
17.981227635999858,-2.502531051635742,4.987172603607178,-2.9334961547700584,1789280186841224158,odom,15.70861158300022
18.035675799999808,-2.5025389194488525,4.987162113189697,-2.933693676512038,1789280186905751670,odom,15.76305974700017
18.100396909999745,-2.502575397491455,4.987194538116455,-2.93358213524296,1789280186960419619,odom,15.827780857000107
18.16101556900003,-2.50254225730896,4.987226963043213,-2.933565709221019,1789280187014516318,odom,15.88839951600039
18.218068868000046,-2.5025906562805176,4.987174987792969,-2.9337677663345816,1789280187081332648,odom,15.945452815000408
18.292742741999973,-2.5025806427001953,4.9871697425842285,-2.9339558023578345,1789280187135384762,odom,16.020126689000335
18.362205256999914,-2.502586603164673,4.9872026443481445,-2.9338087903506196,1789280187223671639,odom,16.089589204000276
18.42580677199976,-2.502626657485962,4.987204074859619,-2.9337549633150006,1789280187284419263,odom,16.153190719000122
18.4775131209999,-2.5026357173919678,4.987204074859619,-2.9340189227282454,1789280187344690764,odom,16.204897068000264
18.530794198999956,-2.502673387527466,4.987213611602783,-2.9340106332882385,1789280187392861808,odom,16.25817814600032
18.58293568099998,-2.5026705265045166,4.987240314483643,-2.933809148272692,1789280187437630618,odom,16.310319628000343
18.642575681999915,-2.5026400089263916,4.987226963043213,-2.933865957943257,1789280187484371388,odom,16.369959629000277
18.697042280000005,-2.5026497840881348,4.987203598022461,-2.9341193381038777,1789280187531872714,odom,16.424426227000367
18.7500514999997,-2.502687454223633,4.987185478210449,-2.9341740745556955,1789280187591056311,odom,16.47743544700006
18.80722528699971,-2.502711772918701,4.987202167510986,-2.9340614576089368,1789280187644276345,odom,16.534609234000072
18.859396371000003,-2.502713918685913,4.987191677093506,-2.934082116018361,1789280187714335168,odom,16.586780318000365
18.914117801999964,-2.5027287006378174,4.987153053283691,-2.934248815665407,1789280187774412358,odom,16.641501749000327
18.974374452999655,-2.5027527809143066,4.987168312072754,-2.9341665249726407,1789280187837949717,odom,16.701758400000017
19.03447480399973,-2.502744674682617,4.987192153930664,-2.934030738711147,1789280187894581521,odom,16.76185875100009
19.087544412999705,-2.502725601196289,4.987188816070557,-2.9341157170986754,1789280187944267953,odom,16.814928360000067
19.14176904199985,-2.5027172565460205,4.9871625900268555,-2.9343525588655064,1789280187997781718,odom,16.869152989000213
19.19250431799992,-2.502743721008301,4.987174034118652,-2.934423023442158,1789280188061091626,odom,16.91988826500028
19.24698250099982,-2.5026841163635254,4.987199306488037,-2.9342927669364776,1789280188109119857,odom,16.974366448000183
19.301853477999884,-2.5026700496673584,4.987189769744873,-2.934350431038603,1789280188167613232,odom,17.029237425000247
19.353782464999767,-2.5026423931121826,4.987199783325195,-2.9345169889730522,1789280188207732403,odom,17.08116641200013
19.405334883999785,-2.5026323795318604,4.9871907234191895,-2.9345577418681232,1789280188271503174,odom,17.132718831000147
19.459917328999836,-2.502612590789795,4.987210273742676,-2.934497572314562,1789280188324246848,odom,17.1873012760002
19.516137068999797,-2.502614974975586,4.987220764160156,-2.9344333501578697,1789280188381512845,odom,17.24352101600016
19.5768063229998,-2.502647638320923,4.987220764160156,-2.934610340870732,1789280188434601510,odom,17.304190270000163
19.636560955999812,-2.502697229385376,4.987186431884766,-2.934597171786421,1789280188501217091,odom,17.363944903000174
19.701096612999663,-2.5026681423187256,4.987216949462891,-2.9344988931277656,1789280188554230416,odom,17.428480560000025
19.7532865459998,-2.502708673477173,4.987205982208252,-2.9343196285762247,1789280188617649996,odom,17.48067049300016
19.80866117300002,-2.502772092819214,4.987164497375488,-2.934411772241949,1789280188677730525,odom,17.53604512000038
19.8764738509999,-2.5028436183929443,4.987118721008301,-2.934468124306944,1789280188724254573,odom,17.603857798000263
19.931220050999855,-2.502847671508789,4.9871697425842285,-2.9343661961741505,1789280188794231141,odom,17.658603998000217
20.004214291999688,-2.5028343200683594,4.987185955047607,-2.934259953121507,1789280188841050828,odom,17.73159823900005
20.063924313999905,-2.50283145904541,4.9871673583984375,-2.9345920934410468,1789280188921692813,odom,17.791308261000268
20.12158875799969,-2.502837657928467,4.987155914306641,-2.934558079381611,1789280188974776471,odom,17.84897270500005
20.17900508999992,-2.502821207046509,4.987191200256348,-2.9342695586609535,1789280189040908778,odom,17.90638903700028
20.242866845999743,-2.5028181076049805,4.987185478210449,-2.9342672442107753,1789280189097584212,odom,17.970250793000105
20.29419137800005,-2.502847194671631,4.98716926574707,-2.9343730729417175,1789280189144311631,odom,18.021575325000413
20.364954364999903,-2.5028724670410156,4.987174034118652,-2.934472872557255,1789280189200999224,odom,18.092338312000265
20.42704544299977,-2.5028562545776367,4.987203598022461,-2.934201653971529,1789280189267506802,odom,18.154429390000132
20.491919330999735,-2.502863883972168,4.987150192260742,-2.934302469044957,1789280189347800696,odom,18.219303278000098
20.544036458999926,-2.5028891563415527,4.987133979797363,-2.93455978292007,1789280189412229979,odom,18.27142040600029
20.612911224000072,-2.502919912338257,4.987170219421387,-2.9344107641174753,1789280189444135392,odom,18.340295171000434
20.677010211999914,-2.502892017364502,4.9872026443481445,-2.934287327314927,1789280189514357770,odom,18.404394159000276
20.73251230300002,-2.502898693084717,4.9871697425842285,-2.9344537501049173,1789280189587555134,odom,18.459896250000384
20.784154424000008,-2.502906084060669,4.987194061279297,-2.9345034100255023,1789280189641092980,odom,18.51153837100037
20.835290045999955,-2.5028879642486572,4.987213134765625,-2.934404419297041,1789280189687524760,odom,18.562673993000317
20.88740765500006,-2.502854824066162,4.987231731414795,-2.934292697360354,1789280189753240311,odom,18.614791602000423
20.949386564999713,-2.502887010574341,4.987214088439941,-2.9343933694697273,1789280189810887301,odom,18.676770512000076
21.017296112999702,-2.502927541732788,4.9871978759765625,-2.9346398385942156,1789280189857719624,odom,18.744680060000064
21.068262796,-2.5029308795928955,4.98723840713501,-2.9343856645819715,1789280189937672579,odom,18.79564674300036
21.129398864999985,-2.502922296524048,4.987247467041016,-2.9343302875966075,1789280189980900729,odom,18.856782812000347
21.18961976999981,-2.502904176712036,4.98723030090332,-2.934583475694084,1789280190047591412,odom,18.91700371700017
21.251895435999813,-2.502983570098877,4.9872026443481445,-2.9346031427235064,1789280190100744212,odom,18.979279383000176
21.304996949999804,-2.5029826164245605,4.987231254577637,-2.934454322447877,1789280190164089167,odom,19.032380897000166
21.35625709299984,-2.502978563308716,4.987257480621338,-2.9343198128279786,1789280190220676625,odom,19.083641040000202
21.409401905999857,-2.502995014190674,4.987204074859619,-2.934459979426544,1789280190274132216,odom,19.13678585300022
21.46189576400002,-2.502964735031128,4.9872212409973145,-2.9345869151005384,1789280190321507418,odom,19.18927971100038
21.533325515999877,-2.5029444694519043,4.987238883972168,-2.9345233495234098,1789280190380720818,odom,19.26070946300024
21.585099678000006,-2.5029237270355225,4.987270355224609,-2.934363764854916,1789280190447389090,odom,19.312483625000368
21.646191935999923,-2.502716064453125,4.987764358520508,-2.9343159121175937,1789280190507486308,odom,19.373575883000285
21.69897310899978,-2.5026681423187256,4.987438678741455,-2.9209623564922778,1789280190557637179,odom,19.426357056000143
21.754728881999654,-2.503321409225464,4.9873175621032715,-2.9047475079745273,1789280190609070265,odom,19.482112829000016
21.809208536999904,-2.5033276081085205,4.98719596862793,-2.8887626959315473,1789280190667388642,odom,19.536592484000266
21.868750386999636,-2.503744602203369,4.986836910247803,-2.8736195069367,1789280190728831732,odom,19.596134334
21.925433806,-2.504162073135376,4.986480236053467,-2.859238981792003,1789280190784604991,odom,19.652817753000363
21.989313035999658,-2.504267454147339,4.986430644989014,-2.842608108474453,1789280190850816214,odom,19.71669698300002
22.056307769999876,-2.5044326782226562,4.9862470626831055,-2.8295812233631064,1789280190910744870,odom,19.783691717000238
22.111174298999686,-2.5043418407440186,4.986080646514893,-2.8146691768159604,1789280190970754349,odom,19.838558246000048
22.161940840999705,-2.5037314891815186,4.985408306121826,-2.8030551202796588,1789280191017383301,odom,19.889324788000067
22.216026165999665,-2.503236770629883,4.987272262573242,-2.779650227665245,1789280191080820525,odom,19.943410113000027
22.26876128799995,-2.5023903846740723,4.986850738525391,-2.745055808877681,1789280191137451136,odom,19.996145235000313
22.32077338499994,-2.5023086071014404,4.985721111297607,-2.723559408191503,1789280191177349293,odom,20.0481573320003
22.373677061999842,-2.50042462348938,4.985007286071777,-2.6962429613039323,1789280191228526318,odom,20.101061009000205
22.43901107800002,-2.5000221729278564,4.983978271484375,-2.675192068745635,1789280191294195378,odom,20.166395025000384
22.493693337999957,-2.5000715255737305,4.983940124511719,-2.656915845242536,1789280191357554162,odom,20.22107728500032
22.549797677999777,-2.5006492137908936,4.983689308166504,-2.6430382173479208,1789280191417456591,odom,20.27718162500014
22.60462593300008,-2.5013322830200195,4.9832940101623535,-2.633538069050933,1789280191470756734,odom,20.33200988000044
22.656935617999807,-2.50166392326355,4.983015060424805,-2.6281743387020957,1789280191504453862,odom,20.38431956500017
22.72706486700008,-2.502408027648926,4.982510566711426,-2.614167909603278,1789280191577316249,odom,20.454448814000443
22.797325901000022,-2.502718448638916,4.982347011566162,-2.6060833202935205,1789280191640422547,odom,20.524709848000384
22.857055987999956,-2.5032522678375244,4.981993675231934,-2.592856010768293,1789280191714025462,odom,20.58443993500032
22.909108183999706,-2.5034942626953125,4.981732368469238,-2.584734345841162,1789280191766882622,odom,20.636492131000068
22.961100343999988,-2.5035512447357178,4.981033802032471,-2.5746323298012124,1789280191830669844,odom,20.68848429100035
23.01819188699983,-2.503401756286621,4.9803996086120605,-2.5661081347282066,1789280191884100402,odom,20.745575834000192
23.073786304999885,-2.5033915042877197,4.979892730712891,-2.5586395140676244,1789280191933944667,odom,20.801170252000247
23.1526607159999,-2.5035626888275146,4.979265213012695,-2.5493015421919205,1789280191994035447,odom,20.880044663000263
23.207092847999775,-2.5037248134613037,4.978917121887207,-2.5407604044146463,1789280192060694897,odom,20.934476795000137
23.26272608499994,-2.5038294792175293,4.978635787963867,-2.531696038815311,1789280192127262080,odom,20.990110032000302
23.314112187999854,-2.5038278102874756,4.978431701660156,-2.5260481931027767,1789280192174543107,odom,21.041496135000216
23.365010802999677,-2.5040907859802246,4.977965831756592,-2.5208828446713687,1789280192217444861,odom,21.09239475000004
23.42604001699965,-2.504552125930786,4.977492809295654,-2.5136808406238704,1789280192277615988,odom,21.153423964000012
23.482770767999682,-2.5050461292266846,4.977232933044434,-2.507289886571614,1789280192331571543,odom,21.210154715000044
23.54252200799965,-2.5058681964874268,4.97740364074707,-2.4989568309446484,1789280192397481644,odom,21.269905955000013
23.59980873199993,-2.506706953048706,4.9777679443359375,-2.4897542856389516,1789280192460930789,odom,21.32719267900029
23.65508197600002,-2.5072124004364014,4.97796106338501,-2.4831921867062094,1789280192497136796,odom,21.38246592300038
23.71535293199986,-2.5082743167877197,4.978511810302734,-2.469389027116403,1789280192577321971,odom,21.442736879000222
23.769298567000078,-2.5089828968048096,4.978853702545166,-2.459316472957687,1789280192638811791,odom,21.49668251400044
23.82501427299985,-2.5096538066864014,4.979140281677246,-2.452555963850527,1789280192681130612,odom,21.552398220000214
23.87896682099972,-2.510798692703247,4.979257583618164,-2.4409624329766153,1789280192743827307,odom,21.606350768000084
23.93836965399987,-2.511448383331299,4.979206085205078,-2.4350175905676794,1789280192777229750,odom,21.665753601000233
23.99274949499977,-2.5120532512664795,4.977750778198242,-2.423483590157592,1789280192859261954,odom,21.720133442000133
24.047613206999813,-2.511814832687378,4.978079319000244,-2.4334907943024384,1789280192913770402,odom,21.774997154000175
24.108216312999957,-2.5116870403289795,4.9778876304626465,-2.439789832213852,1789280192970569813,odom,21.83560026000032
24.164486936999765,-2.5114433765411377,4.977582931518555,-2.4430974091155413,1789280193023901189,odom,21.891870884000127
24.215599197999836,-2.5108556747436523,4.977305889129639,-2.446644294934654,1789280193070656502,odom,21.9429831450002
24.281274067999675,-2.510348320007324,4.977143287658691,-2.4495204310401633,1789280193110494816,odom,22.008658015000037
24.346050317999925,-2.509934186935425,4.976902961730957,-2.451877373667569,1789280193163853610,odom,22.073434265000287
24.399456300999645,-2.509676218032837,4.976718902587891,-2.4537843818622425,1789280193247185910,odom,22.126840248000008
24.458978918999946,-2.509620189666748,4.976712703704834,-2.4542406085328374,1789280193277984107,odom,22.18636286600031
24.519336055999702,-2.509601354598999,4.976632595062256,-2.455316147115557,1789280193360496962,odom,22.246720003000064
24.587375212999632,-2.5095934867858887,4.97659158706665,-2.4557871938878373,1789280193415203774,odom,22.314759159999994
24.662360243999956,-2.509347677230835,4.976522445678711,-2.4567457626121048,1789280193497053111,odom,22.389744191000318
24.71499071900007,-2.5091724395751953,4.976465225219727,-2.4574433745876143,1789280193557109559,odom,22.442374666000433
24.77217526000004,-2.509096384048462,4.976464748382568,-2.4576023017890876,1789280193630455220,odom,22.499559207000402
24.83609049200004,-2.5090670585632324,4.976483345031738,-2.45755884297075,1789280193690466607,odom,22.5634744390004
24.894443494999905,-2.509070634841919,4.976478099822998,-2.457859158873879,1789280193730469906,odom,22.621827442000267
24.95376609899995,-2.508145809173584,4.976757049560547,-2.4453689535613616,1789280193800509179,odom,22.68115004600031
25.015587622999647,-2.5090954303741455,4.976344585418701,-2.4229934195707172,1789280193873830760,odom,22.74297157000001
25.0775503079999,-2.509777784347534,4.976533889770508,-2.413266667824451,1789280193930472815,odom,22.804934255000262
25.13153242599992,-2.510422706604004,4.976184368133545,-2.4041155705542496,1789280193991184199,odom,22.858916373000284
25.184618035999847,-2.5108633041381836,4.976049423217773,-2.3954686753504815,1789280194047016108,odom,22.91200198300021
25.24448221199964,-2.510211229324341,4.975399017333984,-2.397571632185,1789280194087176287,odom,22.971866159
25.29863522100004,-2.5095181465148926,4.975351810455322,-2.4099751072677953,1789280194147373164,odom,23.026019168000403
25.362806118999742,-2.5091500282287598,4.97529411315918,-2.415424207112186,1789280194216984713,odom,23.090190066000105
25.439644457999748,-2.508500576019287,4.9751081466674805,-2.41966077065458,1789280194283669675,odom,23.16702840500011
25.49945874299965,-2.507880210876465,4.974915504455566,-2.423074787872611,1789280194360791886,odom,23.226842690000012
25.550845198999923,-2.5076744556427,4.97487211227417,-2.4244597429776764,1789280194403727496,odom,23.278229146000285
25.601961556999868,-2.5075063705444336,4.974801063537598,-2.4256136680407883,1789280194450273240,odom,23.32934550400023
25.65895731699993,-2.5073578357696533,4.974748611450195,-2.426375836389521,1789280194523572886,odom,23.386341264000293
25.71845561300006,-2.5072715282440186,4.9746904373168945,-2.426897904442445,1789280194583602631,odom,23.445839560000422
25.77086882499998,-2.507189989089966,4.974696636199951,-2.4274157462750163,1789280194638375247,odom,23.498252772000342
25.821395639000002,-2.5071587562561035,4.974676132202148,-2.4278737510001207,1789280194676935637,odom,23.548779586000364
25.872616835999906,-2.5071043968200684,4.974666595458984,-2.4281128765167277,1789280194723919594,odom,23.60000078300027
25.943647906000024,-2.5070533752441406,4.974663734436035,-2.4282624370377257,1789280194790315116,odom,23.671031853000386
26.003384424999695,-2.5069429874420166,4.974668025970459,-2.428499824978656,1789280194857197488,odom,23.730768372000057
26.072458755999833,-2.5069451332092285,4.974603176116943,-2.429025248972865,1789280194926933491,odom,23.799842703000195
26.12461687899986,-2.506932497024536,4.974597454071045,-2.4293261013379666,1789280194993635380,odom,23.85200082600022
26.178777056999934,-2.5069024562835693,4.974567890167236,-2.429425025298727,1789280195036973441,odom,23.906161004000296
26.232658015999732,-2.506866455078125,4.974564552307129,-2.429614605401535,1789280195070316756,odom,23.960041963000094
26.300949477999893,-2.5067429542541504,4.974558353424072,-2.4301882436920836,1789280195140677655,odom,24.028333425000255
26.35208868599966,-2.5067508220672607,4.974541664123535,-2.430248835327989,1789280195205844128,odom,24.079472633000023
26.41832263299966,-2.506700038909912,4.974562168121338,-2.430337418718741,1789280195250419104,odom,24.145706580000024
26.4759224659997,-2.506626605987549,4.9745097160339355,-2.4305845631743135,1789280195340691531,odom,24.203306413000064
26.527323514999807,-2.5065815448760986,4.974518775939941,-2.4308206081042165,1789280195396971905,odom,24.25470746200017
26.578533350999805,-2.5066258907318115,4.974491119384766,-2.430797513656447,1789280195443528617,odom,24.305917298000168
26.65113799799974,-2.5066702365875244,4.974414348602295,-2.4306182356657344,1789280195497001851,odom,24.378521945000102
26.71446602299966,-2.5066328048706055,4.974433898925781,-2.430876073540861,1789280195573519671,odom,24.44184997000002
26.815580646999933,-2.5066027641296387,4.974496364593506,-2.4309235309648023,1789280195643530572,odom,24.542964594000296
26.871292704999632,-2.5065627098083496,4.974451065063477,-2.43071452965047,1789280195713802779,odom,24.598676651999995
26.922207352999976,-2.5065455436706543,4.9744086265563965,-2.4308880306294522,1789280195776797259,odom,24.64959130000034
26.977159551999648,-2.506566286087036,4.974422931671143,-2.4309607442536634,1789280195843644822,odom,24.70454349900001
27.037565204999737,-2.506584644317627,4.974456310272217,-2.4309069331993025,1789280195896866286,odom,24.7649491520001
27.0925483179999,-2.50657057762146,4.9744415283203125,-2.43091228223836,1789280195943647587,odom,24.81993226500026
27.149806623999666,-2.5065157413482666,4.974414348602295,-2.4311117801210624,1789280196000372374,odom,24.87719057100003
27.20744249099971,-2.5065155029296875,4.974418640136719,-2.431221278606934,1789280196060167992,odom,24.934826438000073
27.27588410699991,-2.5065462589263916,4.974442481994629,-2.4311408910024985,1789280196120352709,odom,25.003268054000273
27.333665903999645,-2.5064947605133057,4.9744157791137695,-2.431093266471196,1789280196186454261,odom,25.061049851000007
27.395553128999836,-2.506460666656494,4.974339485168457,-2.431233242094002,1789280196243788207,odom,25.1229370760002
27.452668640999946,-2.5065155029296875,4.9743475914001465,-2.4313956949694835,1789280196317324126,odom,25.180052588000308
27.5055411809999,-2.506509780883789,4.974396228790283,-2.4312422810763934,1789280196373635495,odom,25.23292512800026
27.559329589999834,-2.5064544677734375,4.9743332862854,-2.431280008757167,1789280196420183861,odom,25.286713537000196
27.622073255000032,-2.5064291954040527,4.974291801452637,-2.4314048912662174,1789280196467260325,odom,25.349457202000394
27.673766068000077,-2.5077717304229736,4.974505424499512,-2.4320202755456624,1789280196533615315,odom,25.40115001500044
27.735536740000043,-2.5070183277130127,4.975467681884766,-2.4522588605021998,1789280196594081366,odom,25.462920687000405
27.807109702999696,-2.5063278675079346,4.97575569152832,-2.483039490523434,1789280196674322093,odom,25.53449365000006
27.860000611000032,-2.505911111831665,4.975914001464844,-2.5011355684532948,1789280196730494702,odom,25.587384558000394
27.91730807199974,-2.505593776702881,4.97624397277832,-2.517594636775475,1789280196783422196,odom,25.644692019000104
27.978805190999992,-2.505410671234131,4.9764227867126465,-2.530748562130569,1789280196830689156,odom,25.706189138000354
28.053018169999632,-2.5053865909576416,4.976565837860107,-2.548488464466808,1789280196897824490,odom,25.780402116999994
28.107714159999887,-2.505384922027588,4.976337432861328,-2.56731414299148,1789280196966754401,odom,25.83509810700025
28.162802527999702,-2.5054023265838623,4.975930213928223,-2.580277027243151,1789280197027081692,odom,25.890186475000064
28.216590776999965,-2.5054001808166504,4.975435733795166,-2.5904261673885913,1789280197080336774,odom,25.943974724000327
28.272507808999762,-2.505189895629883,4.9750142097473145,-2.6013913038439016,1789280197137464249,odom,25.999891756000125
28.32332072300005,-2.5050227642059326,4.974918365478516,-2.607086162215339,1789280197163990462,odom,26.050704670000414
28.375594629999796,-2.504641532897949,4.974611759185791,-2.6209065755497654,1789280197233739102,odom,26.102978577000158
28.437778193999748,-2.5043137073516846,4.9744157791137695,-2.6298054243522437,1789280197293251479,odom,26.16516214100011
28.491973574999975,-2.5039384365081787,4.973865985870361,-2.641806131772749,1789280197356452429,odom,26.219357522000337
28.55205507799974,-2.504023313522339,4.973653793334961,-2.654580199045345,1789280197419733250,odom,26.2794390250001
28.603875930999948,-2.5041911602020264,4.973716735839844,-2.6611612540377587,1789280197459932530,odom,26.33125987800031
28.66862078699978,-2.504457712173462,4.9737443923950195,-2.668294635500895,1789280197513183081,odom,26.396004734000144
28.72783231199992,-2.5049054622650146,4.9739532470703125,-2.67910010718926,1789280197586696589,odom,26.45521625900028
28.78711670599978,-2.5051372051239014,4.97398567199707,-2.6860956454300977,1789280197630203450,odom,26.51450065300014
28.840042944999823,-2.5054099559783936,4.9739179611206055,-2.692589025614588,1789280197676738942,odom,26.567426892000185
28.893847034999908,-2.5057477951049805,4.973648548126221,-2.699768153894491,1789280197733264888,odom,26.62123098200027
28.946177201999944,-2.5059258937835693,4.973026275634766,-2.708611757693356,1789280197803317988,odom,26.673561149000307
28.99797635799996,-2.5057594776153564,4.972353458404541,-2.717130715214566,1789280197867697442,odom,26.725360305000322
29.05310069699999,-2.505736827850342,4.971709728240967,-2.723283500289947,1789280197913575375,odom,26.780484644000353
29.107635716000004,-2.5056633949279785,4.971031188964844,-2.7304784070019052,1789280197970341170,odom,26.835019663000367
29.159460856999885,-2.5056331157684326,4.970576763153076,-2.7373162152490784,1789280198023235047,odom,26.886844804000248
29.21163485399984,-2.505600929260254,4.970205307006836,-2.7436273454331115,1789280198071000779,odom,26.939018801000202
29.28059004099987,-2.5059146881103516,4.969802379608154,-2.751161290019264,1789280198130197728,odom,27.00797398800023
29.36041680499966,-2.5063328742980957,4.96940279006958,-2.7600256415918536,1789280198200515711,odom,27.08780075200002
29.41546574699987,-2.506817579269409,4.969072341918945,-2.769132728378839,1789280198274594033,odom,27.142849694000233
29.46769990799976,-2.506981372833252,4.9687180519104,-2.775949604367822,1789280198329971993,odom,27.19508385500012
29.522345589999986,-2.507197856903076,4.968461036682129,-2.7832709281415573,1789280198389824593,odom,27.24972953700035
29.574106822999966,-2.507230043411255,4.968264102935791,-2.7900965834326175,1789280198429861748,odom,27.301490770000328
29.637421471999915,-2.507307291030884,4.967935085296631,-2.7987784075962163,1789280198496584380,odom,27.364805419000277
29.690445764999822,-2.507370710372925,4.967541217803955,-2.805895969403912,1789280198543718541,odom,27.417829712000184
29.743587474999913,-2.507420301437378,4.9670281410217285,-2.8152904187425474,1789280198603727305,odom,27.470971422000275
29.79862659199989,-2.5073843002319336,4.966397285461426,-2.8261940624710484,1789280198663413727,odom,27.526010539000254
29.852325330999975,-2.507176637649536,4.965954303741455,-2.833803768579078,1789280198709881747,odom,27.579709278000337
29.90985680799986,-2.5068106651306152,4.965129375457764,-2.84574670897185,1789280198773248875,odom,27.63724075500022
29.966578661999847,-2.506340980529785,4.964179039001465,-2.858264735023726,1789280198833206856,odom,27.69396260900021
30.01927144499996,-2.5060980319976807,4.963558673858643,-2.8663618984237713,1789280198873440468,odom,27.74665539200032
30.07214315300007,-2.5057480335235596,4.962992191314697,-2.875817069894291,1789280198913444483,odom,27.799527100000432
30.12266782300003,-2.505448579788208,4.962236404418945,-2.8889427105703023,1789280198974420989,odom,27.85005177000039
30.196055722999972,-2.5055041313171387,4.961280345916748,-2.9039025894684274,1789280199047244752,odom,27.923439670000334
30.24708833099976,-2.506080150604248,4.960432052612305,-2.917286853656488,1789280199106834853,odom,27.97447227800012
30.29837858899964,-2.5067334175109863,4.959876537322998,-2.927021139885787,1789280199149997914,odom,28.025762536000002
30.352597682999658,-2.507856607437134,4.958835601806641,-2.9426790636641145,1789280199220187152,odom,28.07998163000002
30.432736660000046,-2.5084145069122314,4.95828104019165,-2.950875089892672,1789280199262936318,odom,28.160120607000408
30.50182196800006,-2.5098977088928223,4.957028865814209,-2.972832478272585,1789280199353187764,odom,28.22920591500042
30.55365056599976,-2.5108213424682617,4.956263542175293,-2.9881002732909665,1789280199419845784,odom,28.281034513000122
30.607186893999824,-2.5113513469696045,4.955938816070557,-2.999202942822914,1789280199466433013,odom,28.334570841000186
30.66767504900008,-2.5118212699890137,4.955512046813965,-3.0145251642615594,1789280199526426518,odom,28.395058996000444
30.72313115399993,-2.5123510360717773,4.955355167388916,-3.0291116075193814,1789280199587216103,odom,28.450515101000292
30.78121850699972,-2.512463092803955,4.9551310539245605,-3.040694700673337,1789280199633445943,odom,28.508602454000084
30.838527664999674,-2.5122547149658203,4.954517841339111,-3.058307320611663,1789280199699894393,odom,28.565911612000036
30.89193403199988,-2.5116758346557617,4.953431606292725,-3.070425063118303,1789280199739869082,odom,28.619317979000243
30.9552207429997,-2.5107803344726562,4.95131778717041,-3.093128708570162,1789280199813305819,odom,28.682604690000062
31.0069363409998,-2.51029896736145,4.9502949714660645,-3.1054808103592477,1789280199853585684,odom,28.734320288000163
31.058436084999812,-2.509902238845825,4.948825359344482,-3.1218151527252376,1789280199906400407,odom,28.785820032000174
31.1302013479999,-2.5096027851104736,4.947542667388916,-3.135141785091103,1789280199949903691,odom,28.857585295000263
31.185376985999937,-2.5087738037109375,4.9450860023498535,3.122374321423134,1789280200027008259,odom,28.9127609330003
31.24225590700007,-2.507267951965332,4.944633483886719,3.097457338914578,1789280200096655333,odom,28.969639854000434
31.30191914199986,-2.505741834640503,4.945936679840088,3.0709903745332965,1789280200156589234,odom,29.029303089000223
31.354589012999895,-2.5050408840179443,4.943282127380371,3.0471535055380192,1789280200219105685,odom,29.081972960000257
31.405366147999757,-2.5053718090057373,4.939903259277344,3.027437438836093,1789280200271221602,odom,29.13275009500012
31.460807595999995,-2.5066282749176025,4.937254905700684,3.0091773182317088,1789280200323112929,odom,29.188191543000357
31.52000475199975,-2.5085232257843018,4.934525012969971,2.9933977575666546,1789280200379637921,odom,29.247388699000112
31.573276870999962,-2.5104072093963623,4.932822227478027,2.979933060205804,1789280200433153117,odom,29.300660818000324
31.62665107599969,-2.5116469860076904,4.931960582733154,2.9676506990343854,1789280200481903994,odom,29.35403502300005
31.68596465599967,-2.5135812759399414,4.929754257202148,2.950646165907073,1789280200543249095,odom,29.41334860300003
31.75258230999998,-2.5137836933135986,4.926924228668213,2.936890011273782,1789280200596480096,odom,29.479966257000342
31.81142341099985,-2.5133800506591797,4.924320220947266,2.9208198408657577,1789280200644450867,odom,29.538807358000213
31.87128288299982,-2.514749526977539,4.921811580657959,2.894140724517621,1789280200706425393,odom,29.598666830000184
31.92232454799978,-2.5159075260162354,4.922183036804199,2.864994885546169,1789280200789607012,odom,29.64970849500014
31.973018765999768,-2.516387462615967,4.920083522796631,2.8468816269835,1789280200839818204,odom,29.70040271300013
32.024899334999645,-2.5164976119995117,4.919886589050293,2.8343305398944945,1789280200879861796,odom,29.752283282000008
32.08793226899979,-2.5193395614624023,4.917593479156494,2.8314530274848977,1789280200943300450,odom,29.815316216000156
32.15595801699965,-2.5210330486297607,4.918111324310303,2.8437710428210417,1789280201019497836,odom,29.88334196400001
32.207901279,-2.522303819656372,4.91872501373291,2.851923472970189,1789280201073566878,odom,29.93528522600036
32.26175769299971,-2.5229742527008057,4.919033527374268,2.8569741462997587,1789280201123450959,odom,29.98914164000007
32.326100666,-2.5235984325408936,4.919174671173096,2.860669722230034,1789280201169209922,odom,30.053484613000364
32.37902344899976,-2.524064064025879,4.919369697570801,2.863994860396411,1789280201210233891,odom,30.106407396000122
32.44646701500005,-2.5252368450164795,4.919562816619873,2.869278194752616,1789280201289684260,odom,30.173850962000415
32.5202959369999,-2.526543140411377,4.919889450073242,2.8741162335627752,1789280201369719470,odom,30.247679884000263
32.59378115599975,-2.5275979042053223,4.920144081115723,2.8783928079975962,1789280201443215096,odom,30.321165103000112
32.655110582999896,-2.5283701419830322,4.920213222503662,2.8816322734979636,1789280201517711842,odom,30.38249453000026
32.72656075399982,-2.5289790630340576,4.920232772827148,2.8843819229035463,1789280201569650614,odom,30.453944701000182
32.78008223300003,-2.5298454761505127,4.920332431793213,2.887489882504323,1789280201643045628,odom,30.507466180000392
32.84507363400007,-2.5304174423217773,4.920600891113281,2.890906949993332,1789280201702899420,odom,30.572457581000435
32.899180752999655,-2.5308926105499268,4.920822620391846,2.8939182987979444,1789280201761278594,odom,30.626564700000017
32.95486199299967,-2.531068801879883,4.920958995819092,2.895170758835932,1789280201786230290,odom,30.68224594000003
33.01596654199966,-2.5318284034729004,4.9212751388549805,2.8982029637355375,1789280201859883511,odom,30.743350489000022
33.06922013099984,-2.532280921936035,4.921631336212158,2.9015339716344313,1789280201929612601,odom,30.7966040780002
33.135210862999884,-2.5328383445739746,4.92193078994751,2.9045488152351915,1789280201989641869,odom,30.862594810000246
33.18846659699966,-2.5334339141845703,4.922154903411865,2.906963306926959,1789280202046835149,odom,30.915850544000023
33.23936716399976,-2.5338306427001953,4.9223856925964355,2.9092323813833514,1789280202107001031,odom,30.96675111100012
33.30303412500007,-2.534292697906494,4.922548294067383,2.911327106114783,1789280202162973845,odom,31.03041807200043
33.35672275099978,-2.534532070159912,4.922571182250977,2.9137248559031392,1789280202222823107,odom,31.08410669800014
33.410451348999686,-2.5347580909729004,4.922481060028076,2.9156375912666723,1789280202276217187,odom,31.13783529600005
33.46334574599996,-2.534926414489746,4.922297477722168,2.9175356003866213,1789280202325172389,odom,31.19072969300032
33.51402073100007,-2.535085916519165,4.922086715698242,2.919448484770333,1789280202373119080,odom,31.241404678000436
33.57519664399979,-2.535343885421753,4.92185115814209,2.921607081706006,1789280202436199391,odom,31.30258059100015
33.62690705799969,-2.535487413406372,4.92177677154541,2.9225417597881154,1789280202476219857,odom,31.35429100500005
33.68712853899979,-2.535614013671875,4.921793460845947,2.92419832097452,1789280202550080979,odom,31.41451248600015
33.76737046699964,-2.535712957382202,4.921941757202148,2.9266106392672047,1789280202629488909,odom,31.494754414
33.82458726699997,-2.5357940196990967,4.922032356262207,2.9276375888156982,1789280202680328572,odom,31.551971214000332
33.879775897999934,-2.5359232425689697,4.92213773727417,2.928263014471737,1789280202739596093,odom,31.607159845000297
33.930482149,-2.535963296890259,4.922150135040283,2.928924809370927,1789280202799677336,odom,31.65786609600036
33.98746987699997,-2.5359954833984375,4.922147274017334,2.9295300889157274,1789280202846065962,odom,31.71485382400033
34.05833239200001,-2.5360076427459717,4.922122478485107,2.930165625798417,1789280202912785018,odom,31.785716339000373
34.11258796799984,-2.535989761352539,4.922188758850098,2.9305435285307304,1789280202972584450,odom,31.839971915000206
34.170930378999856,-2.5360400676727295,4.9223222732543945,2.931097113269805,1789280203019633258,odom,31.898314326000218
34.243527475000064,-2.5369248390197754,4.922398090362549,2.918914368698245,1789280203103751385,odom,31.970911422000427
34.2985431029997,-2.536787986755371,4.921232223510742,2.896150507589772,1789280203156351531,odom,32.025927050000064
34.35162746499964,-2.5377907752990723,4.920731067657471,2.8806509870887695,1789280203215496504,odom,32.079011412
34.406053101,-2.5386998653411865,4.919915199279785,2.869168255207399,1789280203249433005,odom,32.13343704800036
34.47228263399984,-2.5397987365722656,4.91895866394043,2.8481972561266353,1789280203322946036,odom,32.1996665810002
34.53781471100001,-2.540926933288574,4.918190956115723,2.8281919692471296,1789280203392742837,odom,32.26519865800037
34.591715287999705,-2.541569471359253,4.91788911819458,2.80878493509218,1789280203459609950,odom,32.31909923500007
34.65762252700006,-2.54188871383667,4.9175615310668945,2.793528214708191,1789280203512708628,odom,32.38500647400042
34.71328926999968,-2.5419931411743164,4.916916847229004,2.7765510360876164,1789280203574232543,odom,32.44067321700004
34.76670094999963,-2.5420424938201904,4.916767120361328,2.758990148757122,1789280203629428351,odom,32.49408489699999
34.83183264899981,-2.5403454303741455,4.917167663574219,2.7420514237264166,1789280203689425194,odom,32.55921659600017
34.88826267600007,-2.5393686294555664,4.918153762817383,2.7287996555282095,1789280203733590567,odom,32.61564662300043
34.946708038,-2.538968801498413,4.916447162628174,2.72948411504801,1789280203797743285,odom,32.67409198500036
35.001375705999635,-2.5393218994140625,4.914620876312256,2.734099054296274,1789280203835947240,odom,32.728759653
35.057637945999886,-2.5406157970428467,4.911576271057129,2.7399892888466715,1789280203919667447,odom,32.78502189300025
35.1135063669999,-2.541149139404297,4.910361289978027,2.744897800052254,1789280203969452584,odom,32.84089031400026
35.176278610999816,-2.541790008544922,4.910140514373779,2.750975695807144,1789280204029462540,odom,32.90366255800018
35.23208104399964,-2.5423967838287354,4.910129547119141,2.7552115554714978,1789280204093205178,odom,32.959464991000004
35.284713087,-2.543043375015259,4.91012716293335,2.758790822156125,1789280204149546588,odom,33.01209703400036
35.3462783709997,-2.5433547496795654,4.90995454788208,2.7620171904477275,1789280204199507678,odom,33.07366231800006
35.4034813129997,-2.5436723232269287,4.90951681137085,2.76545962495583,1789280204256403887,odom,33.130865260000064
35.459959631999936,-2.5440046787261963,4.909138202667236,2.768079639506965,1789280204306225026,odom,33.1873435790003
35.52197115299987,-2.544618844985962,4.908719062805176,2.7710029112916983,1789280204372821057,odom,33.24935510000023
35.573746562999986,-2.5450918674468994,4.908334255218506,2.774063312412228,1789280204439931834,odom,33.30113051000035
35.624594134999825,-2.545243740081787,4.9082136154174805,2.775231434846032,1789280204469510520,odom,33.35197808200019
35.675789858999906,-2.545759916305542,4.908029556274414,2.7773681423803915,1789280204542849267,odom,33.40317380600027
35.72986091099983,-2.546006202697754,4.907948970794678,2.778432140591032,1789280204599281752,odom,33.457244858000195
35.78223415399998,-2.5460925102233887,4.907883644104004,2.7793537196211786,1789280204650862420,odom,33.50961810100034
35.83326765899983,-2.5463016033172607,4.907851219177246,2.7803404572839776,1789280204699668849,odom,33.56065160600019
35.887855257999945,-2.546491861343384,4.907776355743408,2.781311237644675,1789280204755882943,odom,33.61523920500031
35.94935029599992,-2.5467638969421387,4.907639026641846,2.7820694815147635,1789280204805981362,odom,33.67673424300028
36.00251408799977,-2.546825408935547,4.9075188636779785,2.7827861499731155,1789280204846061671,odom,33.72989803500013
36.06345584199971,-2.5469794273376465,4.907379150390625,2.7839009283483005,1789280204925613606,odom,33.790839789000074
36.11676876299998,-2.5470468997955322,4.90730619430542,2.784478565978806,1789280204965219701,odom,33.844152710000344
36.1762853969999,-2.547132730484009,4.907270908355713,2.7850424825545446,1789280205015957797,odom,33.903669344000264
36.231214970999645,-2.547332525253296,4.907196044921875,2.786146425230471,1789280205085903371,odom,33.95859891800001
36.28219026399984,-2.5476014614105225,4.907090187072754,2.7874402510765446,1789280205149952614,odom,34.0095742110002
36.33758223699988,-2.547929525375366,4.907021999359131,2.7882258909377615,1789280205202605689,odom,34.06496618400024
36.39913942399971,-2.5480246543884277,4.906914710998535,2.7890384748624157,1789280205242713893,odom,34.126523371000076
36.45498048399986,-2.5481979846954346,4.9068603515625,2.7897885353638845,1789280205295888627,odom,34.182364431000224
36.51120425699992,-2.548332929611206,4.90687894821167,2.7903742527081303,1789280205369627202,odom,34.23858820400028
36.56773144199997,-2.548435926437378,4.906899452209473,2.790669684021905,1789280205422658885,odom,34.29511538900033
36.619828569999754,-2.5486369132995605,4.906948566436768,2.7910513964099986,1789280205485935176,odom,34.347212517000116
36.673746460000075,-2.5487029552459717,4.907000541687012,2.791452343889637,1789280205539639437,odom,34.40113040700044
36.72978177300001,-2.548717498779297,4.907034397125244,2.791861389250322,1789280205585913861,odom,34.457165720000376
36.798115157999746,-2.548753261566162,4.907017707824707,2.7923937089019124,1789280205652688945,odom,34.52549910500011
36.86578817999998,-2.548924207687378,4.9070258140563965,2.792693498302672,1789280205705885375,odom,34.593172127000344
36.92812317900007,-2.549051284790039,4.907073974609375,2.792836611307803,1789280205779219115,odom,34.65550712600043
36.98233731299979,-2.5490663051605225,4.907064914703369,2.7930667814427688,1789280205817249501,odom,34.70972126000015
37.05160157699993,-2.5492024421691895,4.907054424285889,2.7935133161525587,1789280205906125033,odom,34.77898552400029
37.12369892700008,-2.5492911338806152,4.907115936279297,2.793428642897253,1789280205972922766,odom,34.85108287400044
37.18275658599987,-2.549252986907959,4.907140254974365,2.793760716058321,1789280206045876944,odom,34.91014053300023
37.239652980999836,-2.54921817779541,4.907158374786377,2.793887593381603,1789280206092527831,odom,34.9670369280002
37.291852963999645,-2.5492002964019775,4.907186031341553,2.7942240415785657,1789280206142433608,odom,35.01923691100001
37.35061213900008,-2.549224376678467,4.907247543334961,2.7943553096838656,1789280206212507212,odom,35.07799608600044
37.40299456599996,-2.5492300987243652,4.9072465896606445,2.794476045089891,1789280206262504780,odom,35.13037851300032
37.45654353600003,-2.5492660999298096,4.907200813293457,2.794724196373486,1789280206315829241,odom,35.18392748300039
37.50826313499965,-2.5493156909942627,4.907156467437744,2.795047535965658,1789280206362482274,odom,35.235647082000014
37.572727460999886,-2.5493879318237305,4.90717077255249,2.7954543004399546,1789280206437501395,odom,35.30011140800025
37.631990221999786,-2.549407720565796,4.90719747543335,2.7955188446112396,1789280206500091756,odom,35.35937416900015
37.687832528999934,-2.550096273422241,4.907721519470215,2.7968899613346716,1789280206529978001,odom,35.415216476000296
37.73907513599988,-2.5497844219207764,4.907637119293213,2.823785318750644,1789280206602717364,odom,35.466459083000245
37.79699723099975,-2.549440383911133,4.907530307769775,2.8465505957474098,1789280206662562335,odom,35.52438117800011
37.85581212199986,-2.5498642921447754,4.907415866851807,2.8620427241175115,1789280206709031308,odom,35.58319606900022
37.92480452799964,-2.5503501892089844,4.907014846801758,2.880311289919371,1789280206769192660,odom,35.652188475
37.99412485999983,-2.5513246059417725,4.906503200531006,2.899511414695004,1789280206839159215,odom,35.72150880700019
38.04636791799976,-2.552117347717285,4.906224727630615,2.914244334742786,1789280206899308884,odom,35.77375186500012
38.10652395499983,-2.5529587268829346,4.906057357788086,2.9304230226961376,1789280206962408984,odom,35.83390790200019
38.157973902999856,-2.553281545639038,4.906007289886475,2.9390801560329085,1789280206997564280,odom,35.88535785000022
38.21660814200004,-2.553925037384033,4.905454158782959,2.959800348185412,1789280207082381928,odom,35.9439920890004
38.28610150999975,-2.5543904304504395,4.90508508682251,2.96825543548073,1789280207122380221,odom,36.013485457000115
38.34134300899996,-2.5551767349243164,4.904292583465576,2.9826632160037856,1789280207192634785,odom,36.06872695600032
38.40434861299991,-2.5559065341949463,4.903520107269287,2.9958164878537485,1789280207252434933,odom,36.13173256000027
38.45801682299998,-2.556769847869873,4.902573108673096,3.01110824126036,1789280207325722659,odom,36.18540077000034
38.53179943899977,-2.557387113571167,4.90197229385376,3.0204377260340447,1789280207376709664,odom,36.25918338600013
38.59329018900007,-2.558081865310669,4.901434898376465,3.0358893417172594,1789280207452581608,odom,36.320674136000434
38.65039591000004,-2.558505058288574,4.901144504547119,3.0483329225126057,1789280207512531722,odom,36.377779857000405
38.71315551299995,-2.559105157852173,4.900957107543945,3.0607659492951975,1789280207575949156,odom,36.44053946000031
38.76533411899982,-2.559556722640991,4.900683403015137,3.0694890712693703,1789280207615833247,odom,36.49271806600018
38.81896709400007,-2.5597105026245117,4.90075159072876,3.0758862589009652,1789280207646130526,odom,36.546351041000435
38.87954495199983,-2.560112953186035,4.90058708190918,3.085567630446572,1789280207692973578,odom,36.606928899000195
38.93167020999999,-2.56070876121521,4.899702072143555,3.1058204921163566,1789280207794004405,odom,36.659054157000355
38.98231434399986,-2.560908079147339,4.899242401123047,3.1165848971064785,1789280207838890279,odom,36.70969829100022
39.036401494000074,-2.561131715774536,4.898863315582275,3.127614828791218,1789280207892709696,odom,36.76378544100044
39.093903144999786,-2.5612895488739014,4.898273468017578,-3.1411374354618364,1789280207948989594,odom,36.82128709200015
39.15173512199999,-2.5613837242126465,4.89797306060791,-3.133547892090145,1789280207982345307,odom,36.87911906900035
39.209307113999785,-2.561465263366699,4.897641658782959,-3.1220578912769423,1789280208032576525,odom,36.93669106100015
39.26678066699969,-2.56169056892395,4.897217750549316,-3.103689867739181,1789280208112304175,odom,36.994164614000056
39.319856548999724,-2.561809539794922,4.897057056427002,-3.0959484321944455,1789280208145630324,odom,37.047240496000086
39.38540878799995,-2.5617709159851074,4.896683692932129,-3.0810427835503704,1789280208205586398,odom,37.11279273500031
39.450793559999966,-2.5614125728607178,4.895601749420166,-3.061299263808931,1789280208289361441,odom,37.17817750700033
39.50822045399991,-2.5610010623931885,4.8944597244262695,-3.0425286425901557,1789280208369618619,odom,37.23560440100027
39.578419884999676,-2.558161735534668,4.894626140594482,-2.9968989009374387,1789280208436259234,odom,37.30580383200004
39.6366738429997,-2.558652639389038,4.892598628997803,-2.9615808350550226,1789280208483204806,odom,37.36405779000006
39.690673113999765,-2.558558464050293,4.89131498336792,-2.9319297536828706,1789280208547199929,odom,37.41805706100013
39.75014155300005,-2.560007333755493,4.890792369842529,-2.914906842505902,1789280208612632477,odom,37.47752550000041
39.81102311099994,-2.5609710216522217,4.889585018157959,-2.8973333189228687,1789280208665512526,odom,37.5384070580003
39.861994691999826,-2.561253070831299,4.889721870422363,-2.880814134893611,1789280208715851510,odom,37.58937863900019
39.914892097999655,-2.5607619285583496,4.890229225158691,-2.866432298478864,1789280208769309724,odom,37.64227604500002
39.96764741399966,-2.559762477874756,4.890846252441406,-2.8551345416771494,1789280208808842623,odom,37.69503136100002
40.030027824999706,-2.5584731101989746,4.891622066497803,-2.838590881614016,1789280208879216874,odom,37.75741177200007
40.085626692000005,-2.5578935146331787,4.892304420471191,-2.8259116384847944,1789280208938902581,odom,37.81301063900037
40.13963777299978,-2.5576305389404297,4.8931403160095215,-2.8111726821721548,1789280209005676234,odom,37.86702172000014
40.197062426999764,-2.557655096054077,4.893477439880371,-2.80304885070078,1789280209042368138,odom,37.92444637400013
40.24836346899974,-2.5576391220092773,4.89417839050293,-2.7888078601366746,1789280209112150395,odom,37.975747416000104
40.30052837799985,-2.5575854778289795,4.8943705558776855,-2.7816742505976517,1789280209145509684,odom,38.027912325000216
40.35113955099996,-2.557792901992798,4.8946661949157715,-2.770297665822447,1789280209200810397,odom,38.07852349800032
40.40568798000004,-2.5580172538757324,4.894880771636963,-2.7580571681337847,1789280209266442740,odom,38.1330719270004
40.47015064199968,-2.5580883026123047,4.895198345184326,-2.7454997451742535,1789280209331875050,odom,38.19753458900004
40.53263518699987,-2.558091878890991,4.895263671875,-2.7344636461994445,1789280209385688031,odom,38.26001913400023
40.583601071999965,-2.558140277862549,4.895575046539307,-2.7222440963858903,1789280209452275717,odom,38.31098501900033
40.64462894400003,-2.5582895278930664,4.89576530456543,-2.7147774568458702,1789280209495571578,odom,38.372012891000395
40.69882128399968,-2.5584139823913574,4.896098613739014,-2.7059374840397945,1789280209545770610,odom,38.42620523100004
40.752328171000045,-2.55851674079895,4.896282196044922,-2.689630382416994,1789280209622050250,odom,38.47971211800041
40.80867950499987,-2.5584449768066406,4.896378040313721,-2.6827698648665486,1789280209653806412,odom,38.536063452000235
40.86787134999986,-2.5581705570220947,4.896505355834961,-2.667698578354307,1789280209721514666,odom,38.59525529700022
40.92138566099993,-2.557811975479126,4.896862506866455,-2.652269025592094,1789280209786306107,odom,38.64876960800029
40.977856042999974,-2.5575475692749023,4.897027969360352,-2.640884807934306,1789280209838805878,odom,38.70523999000034
41.03556493999986,-2.5572140216827393,4.897156715393066,-2.6288259859826835,1789280209892146075,odom,38.76294888700022
41.08653133600001,-2.5570566654205322,4.897039413452148,-2.619280684115669,1789280209932163441,odom,38.81391528300037
41.14847440499989,-2.556504726409912,4.896615982055664,-2.603009576469756,1789280210005560839,odom,38.87585835200025
41.199126220999915,-2.556043863296509,4.896237850189209,-2.5904150575234737,1789280210065599644,odom,38.92651016800028
41.25284019399987,-2.5556437969207764,4.896115303039551,-2.578590959207568,1789280210118889773,odom,38.980224141000235
41.3199410809998,-2.555203437805176,4.896355152130127,-2.566588762930144,1789280210175747359,odom,39.04732502800016
41.38219297099977,-2.5545220375061035,4.89648962020874,-2.5528665344388948,1789280210235793078,odom,39.10957691800013
41.4393672719998,-2.554237127304077,4.896610260009766,-2.5442783954647106,1789280210278826678,odom,39.16675121900016
41.498969895999835,-2.5536181926727295,4.897026062011719,-2.532432590542819,1789280210338744128,odom,39.2263538430002
41.551648503999786,-2.553407907485962,4.89780330657959,-2.5198544886139285,1789280210405442202,odom,39.27903245100015
41.609513090999826,-2.5530738830566406,4.8986430168151855,-2.5089066494784737,1789280210455838168,odom,39.33689703800019
41.66915818200005,-2.552838087081909,4.899050712585449,-2.4945484246736855,1789280210516131842,odom,39.39654212900041
41.722355895999954,-2.5523951053619385,4.89924430847168,-2.4818110506137265,1789280210577335322,odom,39.449739843000316
41.78133204599999,-2.551816701889038,4.89961576461792,-2.4708511419179926,1789280210630179370,odom,39.50871599300035
41.837832605999665,-2.5516090393066406,4.9005656242370605,-2.458987245326227,1789280210682053292,odom,39.56521655300003
41.8930526639997,-2.551546573638916,4.902895927429199,-2.442469092594691,1789280210748734677,odom,39.62043661100006
41.95291316199973,-2.5531792640686035,4.905923366546631,-2.4228261075811934,1789280210815400326,odom,39.680297109000094
42.00664732799987,-2.554986000061035,4.908406734466553,-2.406188462424817,1789280210868651593,odom,39.734031275000234
42.05852015299979,-2.5560810565948486,4.910638809204102,-2.3840017785435945,1789280210925404990,odom,39.78590410000015
42.109541176999755,-2.555927276611328,4.911726951599121,-2.363608639835897,1789280210972090209,odom,39.83692512400012
42.16160764799997,-2.5527682304382324,4.909277439117432,-2.336978529534363,1789280211028419459,odom,39.888991595000334
42.216764341999806,-2.5539045333862305,4.912826061248779,-2.3100085447356977,1789280211082152331,odom,39.94414828900017
42.27380676199982,-2.553929090499878,4.918181896209717,-2.29802266875417,1789280211138827765,odom,40.001190709000184
42.339056612999684,-2.5535149574279785,4.918601036071777,-2.3028580141730846,1789280211191901648,odom,40.066440560000046
42.39159172299969,-2.554356813430786,4.921943187713623,-2.3033768882192076,1789280211248669112,odom,40.118975670000054
42.47770380599968,-2.5521883964538574,4.918794631958008,-2.313130388290313,1789280211315335238,odom,40.20508775300004
42.528495054999894,-2.5503501892089844,4.914289951324463,-2.315389079477521,1789280211395334447,odom,40.255879002000256
42.585579013999904,-2.549433946609497,4.913148880004883,-2.3156362299904725,1789280211445292199,odom,40.31296296100027
42.643342922999636,-2.5494461059570312,4.913509368896484,-2.3155524051983347,1789280211482172930,odom,40.37072687
42.69543614699978,-2.5490477085113525,4.914265155792236,-2.31898689122298,1789280211535247767,odom,40.422820094000144
42.74821306500007,-2.5477449893951416,4.915329456329346,-2.3203179074675413,1789280211605241502,odom,40.475597012000435
42.82124619099977,-2.5472304821014404,4.91580867767334,-2.3205179680093466,1789280211651955569,odom,40.548630138000135
42.88860431099965,-2.5469021797180176,4.916248321533203,-2.3216500316744684,1789280211729126179,odom,40.615988258000016
42.939675642999646,-2.546995162963867,4.916308403015137,-2.322147595107621,1789280211795332635,odom,40.66705959000001
42.992922064999675,-2.546910047531128,4.9163289070129395,-2.3224037749014794,1789280211858604634,odom,40.72030601200004
43.04790802699972,-2.5468063354492188,4.9163923263549805,-2.322743743804807,1789280211902227128,odom,40.77529197400008
43.10302791799995,-2.546734571456909,4.916536331176758,-2.323110856193497,1789280211948551381,odom,40.830411865000315
43.162749941999664,-2.54665207862854,4.916729927062988,-2.323443747417708,1789280212008847439,odom,40.890133889000026
43.21762402500008,-2.546623706817627,4.916913986206055,-2.3235427548704854,1789280212048666203,odom,40.94500797200044
43.269809575999716,-2.546597719192505,4.917180061340332,-2.3244847682731895,1789280212135966981,odom,40.99719352300008
43.32536322399983,-2.54660701751709,4.917278289794922,-2.3248618594033457,1789280212162211621,odom,41.05274717100019
43.399814364999656,-2.5465517044067383,4.917758941650391,-2.326206782897958,1789280212242145980,odom,41.12719831200002
43.455901969000024,-2.5464727878570557,4.918196678161621,-2.327466067148865,1789280212311953747,odom,41.183285916000386
43.53287161499975,-2.546475887298584,4.9183807373046875,-2.3281628444897216,1789280212365364278,odom,41.26025556200011
43.5889039839999,-2.5464441776275635,4.91854190826416,-2.3292391920158773,1789280212438551867,odom,41.31628793100026
43.64081037999995,-2.546978712081909,4.918137550354004,-2.329958812104669,1789280212505197728,odom,41.36819432700031
43.69396124299965,-2.5468320846557617,4.9179840087890625,-2.3388247831595126,1789280212535242999,odom,41.42134519000001
43.748343548999856,-2.545701742172241,4.9176926612854,-2.369686936442371,1789280212608539307,odom,41.47572749600022
43.802816228999745,-2.5455706119537354,4.916928768157959,-2.3900616115542723,1789280212661785567,odom,41.53020017600011
43.8546573399999,-2.5459187030792236,4.916128635406494,-2.4108199689392436,1789280212723961318,odom,41.582041287000266
43.914949866999905,-2.5465097427368164,4.914854049682617,-2.430344439180442,1789280212775328124,odom,41.64233381400027
43.97246380699971,-2.547149896621704,4.912790775299072,-2.450943722434949,1789280212838526213,odom,41.699847754000075
44.02962517900005,-2.5474905967712402,4.911764621734619,-2.4604706091523743,1789280212865318501,odom,41.75700912600041
44.08088948399973,-2.547757387161255,4.909651279449463,-2.482538709949698,1789280212931934798,odom,41.80827343100009
44.137549990000025,-2.547955274581909,4.907756328582764,-2.5024902335535892,1789280212995850766,odom,41.86493393700039
44.195623167999656,-2.548243522644043,4.906250953674316,-2.5184135301241195,1789280213049729550,odom,41.92300711500002
44.24864963899972,-2.548527956008911,4.904699802398682,-2.5383234803813624,1789280213111979211,odom,41.976033586000085
44.29976862199965,-2.54878306388855,4.903833866119385,-2.550997927016376,1789280213158070052,odom,42.02715256900001
44.3513659729997,-2.5490012168884277,4.902502536773682,-2.5642383144417566,1789280213205143416,odom,42.078749920000064
44.41661601599981,-2.549557685852051,4.901556015014648,-2.5794851540585326,1789280213269593918,odom,42.14399996300017
44.47873068099989,-2.550250291824341,4.900688171386719,-2.598182801097314,1789280213338514054,odom,42.20611462800025
44.531199834999825,-2.5511128902435303,4.9000020027160645,-2.6112481954575064,1789280213398699725,odom,42.25858378200019
44.583368807999705,-2.551687479019165,4.89942741394043,-2.6201955622733504,1789280213437541926,odom,42.31075275500007
44.63953955399984,-2.552790880203247,4.898706912994385,-2.6335927260312437,1789280213495248282,odom,42.3669235010002
44.69688538699984,-2.5536105632781982,4.89804744720459,-2.6459337778406886,1789280213545336688,odom,42.4242693340002
44.77586630399992,-2.5544967651367188,4.897672653198242,-2.657924839784472,1789280213598590815,odom,42.50325025100028
44.8496776259999,-2.5563230514526367,4.89693021774292,-2.6762389520062846,1789280213691877806,odom,42.577061573000265
44.90391134599986,-2.557832717895508,4.896895408630371,-2.691202097784791,1789280213768569434,odom,42.63129529300022
44.962159510999754,-2.558772325515747,4.896775245666504,-2.701146426626658,1789280213815064871,odom,42.68954345800012
45.017262601999846,-2.559643030166626,4.896725177764893,-2.713198836335811,1789280213878438437,odom,42.74464654900021
45.07378594700003,-2.560563087463379,4.896817207336426,-2.7234049040286847,1789280213931717599,odom,42.801169894000395
45.13106931199991,-2.5613484382629395,4.896944999694824,-2.73357500413744,1789280213985268319,odom,42.85845325900027
45.18743155899983,-2.562023639678955,4.897307395935059,-2.744765167736267,1789280214041884387,odom,42.914815506000195
45.23830511699998,-2.5628178119659424,4.897707939147949,-2.7559425221131493,1789280214101775134,odom,42.965689064000344
45.2909043919999,-2.5633859634399414,4.898355484008789,-2.766134027463519,1789280214155112231,odom,43.018288339000264
45.34763587899988,-2.5638792514801025,4.898708820343018,-2.7749321447621402,1789280214208387339,odom,43.07501982600024
45.418970875000014,-2.564432144165039,4.899140357971191,-2.783603735152352,1789280214258531535,odom,43.146354822000376
45.47390310599985,-2.5648622512817383,4.89968204498291,-2.7975134973165496,1789280214331671679,odom,43.201287053000215
45.52618271099982,-2.565215826034546,4.900079250335693,-2.809431447090689,1789280214395364964,odom,43.25356665800018
45.57984880899994,-2.5653626918792725,4.900320053100586,-2.8176980794071635,1789280214435097182,odom,43.3072327560003
45.63205788100004,-2.565768241882324,4.90092134475708,-2.8282234596768654,1789280214488272155,odom,43.3594418280004
45.68908190000002,-2.565666675567627,4.901524066925049,-2.843098314523183,1789280214555440867,odom,43.41646584700038
45.7509408359997,-2.5654213428497314,4.901562690734863,-2.8529138621913153,1789280214601848567,odom,43.47832478300006
45.81629418199964,-2.564687967300415,4.901185989379883,-2.8669019414572423,1789280214668776715,odom,43.543678129
45.878564121999716,-2.564227342605591,4.900829315185547,-2.8775398034908806,1789280214714995110,odom,43.60594806900008
45.9294035339999,-2.563906669616699,4.900442600250244,-2.890375075444519,1789280214776437485,odom,43.656787481000265
45.99843341499991,-2.5636022090911865,4.900213241577148,-2.90330816835143,1789280214838239634,odom,43.72581736200027
46.052659807000055,-2.563448905944824,4.899944305419922,-2.9195611794875056,1789280214911910498,odom,43.78004375400042
46.113167835999775,-2.5632927417755127,4.899640083312988,-2.9337581365765417,1789280214974945033,odom,43.84055178300014
46.16706780499999,-2.5629186630249023,4.899281024932861,-2.946195588186666,1789280215024864400,odom,43.89445175200035
46.24631648500008,-2.5625107288360596,4.898940563201904,-2.9487698566974188,1789280215081595147,odom,43.97370043200044
46.305320668999684,-2.563267230987549,4.8992838859558105,-2.9325963168764186,1789280215158248151,odom,44.032704616000046
46.36118877099989,-2.5628256797790527,4.899920463562012,-2.923392708580318,1789280215218934262,odom,44.08857271800025
46.41447721099985,-2.5626235008239746,4.900633811950684,-2.9165513288870444,1789280215261634076,odom,44.14186115800021
46.46833343399976,-2.5627243518829346,4.901438236236572,-2.905077069239448,1789280215335116351,odom,44.19571738100012
46.526926614999866,-2.5628161430358887,4.901978015899658,-2.8972871810361007,1789280215388194049,odom,44.25431056200023
46.582957670999804,-2.562817335128784,4.902636528015137,-2.887693953742833,1789280215448483193,odom,44.310341618000166
46.659867377999944,-2.5624117851257324,4.903426647186279,-2.87808988071045,1789280215508317435,odom,44.38725132500031
46.71951230900004,-2.560589551925659,4.90548038482666,-2.8662240063137823,1789280215575164282,odom,44.4468962560004
46.774253806999695,-2.5585520267486572,4.907310962677002,-2.862078387572024,1789280215628364289,odom,44.50163775400006
46.83268800099995,-2.556107997894287,4.90464973449707,-2.8619478191414918,1789280215701645339,odom,44.560071948000314
46.891511852999884,-2.5548574924468994,4.902021408081055,-2.853917037334899,1789280215758174622,odom,44.618895800000246
46.94890712899996,-2.5542585849761963,4.900335311889648,-2.847159101229025,1789280215811675036,odom,44.676291076000325
47.00209338700006,-2.5540432929992676,4.899352073669434,-2.8409601505375552,1789280215868101561,odom,44.72947733400042
47.05291935900004,-2.5538318157196045,4.89890193939209,-2.836717589586932,1789280215915140593,odom,44.780303306000405
47.1111314259997,-2.5535006523132324,4.898709774017334,-2.831728252488556,1789280215970615828,odom,44.838515373000064
47.16805156600003,-2.553241491317749,4.898586273193359,-2.829000451466001,1789280216001858199,odom,44.89543551300039
47.22911284899965,-2.5523974895477295,4.898116111755371,-2.823174354531759,1789280216088186944,odom,44.95649679600001
47.28096743299966,-2.551900625228882,4.897822380065918,-2.81988920766811,1789280216138209307,odom,45.00835138000002
47.337306350999825,-2.5514628887176514,4.897513389587402,-2.81638370460019,1789280216201558554,odom,45.06469029800019
47.39325682599974,-2.551236391067505,4.897262096405029,-2.813420872316415,1789280216261526549,odom,45.120640773000105
47.448432944999695,-2.551133394241333,4.897175312042236,-2.8118443862879525,1789280216304860795,odom,45.17581689200006
47.50849531299991,-2.551098585128784,4.897057056427002,-2.809142017241604,1789280216364917958,odom,45.235879260000274
47.561237893,-2.5509955883026123,4.897006511688232,-2.8071041360068563,1789280216411457741,odom,45.28862184000036
47.61418294999976,-2.5507113933563232,4.897058010101318,-2.8048920923125453,1789280216478196347,odom,45.34156689700012
47.67340871799979,-2.5506296157836914,4.897163391113281,-2.8032183187146975,1789280216531677687,odom,45.400792665000154
47.72528496799987,-2.5503549575805664,4.897348403930664,-2.801750819882357,1789280216588607276,odom,45.45266891500023
47.77716761800002,-2.550321102142334,4.8974175453186035,-2.800989931854849,1789280216628416026,odom,45.504551565000384
47.831635017999815,-2.5500786304473877,4.897583961486816,-2.800071197813251,1789280216687217200,odom,45.55901896500018
47.89623951399972,-2.5498695373535156,4.897679328918457,-2.799813831250397,1789280216748214448,odom,45.62362346100008
47.947040875999846,-2.5498013496398926,4.897656440734863,-2.7990591711529076,1789280216811743224,odom,45.67442482300021
48.00595855799975,-2.5497000217437744,4.897670745849609,-2.7981346717677664,1789280216861668074,odom,45.73334250500011
48.058082376999664,-2.5496420860290527,4.89756965637207,-2.7972511527855324,1789280216921444142,odom,45.785466324000026
48.110835613999825,-2.54960036277771,4.89749813079834,-2.7968578958117183,1789280216971750939,odom,45.83821956100019
48.1717223239998,-2.5495266914367676,4.8975019454956055,-2.7967395851121344,1789280217028221095,odom,45.899106271000164
48.223060970000006,-2.5494744777679443,4.897511959075928,-2.7959349019741078,1789280217078122103,odom,45.95044491700037
48.275395362999916,-2.550004720687866,4.897037506103516,-2.8070352066272126,1789280217131324732,odom,46.00277931000028
48.346222164999745,-2.5499160289764404,4.896727561950684,-2.8303945367360948,1789280217198029959,odom,46.07360611200011
48.410870023999905,-2.5503952503204346,4.894628047943115,-2.844426960309539,1789280217258044207,odom,46.13825397100027
48.46394824299978,-2.5514354705810547,4.892716407775879,-2.8611104465408412,1789280217331439459,odom,46.19133219000014
48.52190906099986,-2.552309274673462,4.891530990600586,-2.8700590140192643,1789280217378012383,odom,46.24929300800022
48.57357220899985,-2.553483009338379,4.890307426452637,-2.883142602769222,1789280217441302979,odom,46.30095615600021
48.62798149299988,-2.5540523529052734,4.889881134033203,-2.8895440323807797,1789280217472213948,odom,46.35536544000024
48.68604913499985,-2.5550425052642822,4.889056205749512,-2.90347551787887,1789280217538142169,odom,46.41343308200021
48.73846772499974,-2.555936813354492,4.888808727264404,-2.915935870096649,1789280217596057141,odom,46.4658516720001
48.79087133799976,-2.556704044342041,4.88856315612793,-2.92720886275312,1789280217648195708,odom,46.51825528500012
48.84925826499966,-2.557410955429077,4.887921333312988,-2.93926072360761,1789280217713022435,odom,46.576642212000024
48.90841765999994,-2.5577995777130127,4.887679100036621,-2.9483970056334017,1789280217758194649,odom,46.6358016070003
48.958959005,-2.558245897293091,4.887521743774414,-2.960531992345594,1789280217821917021,odom,46.68634295200036
49.01238556699991,-2.5585668087005615,4.887331962585449,-2.9677570808992977,1789280217861397708,odom,46.73976951400027
49.07554273400001,-2.558823347091675,4.88716459274292,-2.977635454925717,1789280217917961323,odom,46.80292668100037
49.13850555199997,-2.5588934421539307,4.886992931365967,-2.9903350617253532,1789280217984647477,odom,46.86588949900033
49.191092793999815,-2.558450937271118,4.886786937713623,-3.006146929500796,1789280218058221066,odom,46.91847674100018
49.25367974699975,-2.5576562881469727,4.886232376098633,-3.016289018263609,1789280218101237261,odom,46.98106369400011
49.30464121499972,-2.5562446117401123,4.884793281555176,-3.0320303701473086,1789280218165247166,odom,47.03202516200008
49.35985032899998,-2.554778814315796,4.8832688331604,-3.0480759665311585,1789280218221253359,odom,47.087234276000345
49.41093026999988,-2.5537407398223877,4.882270812988281,-3.06120056262759,1789280218274687970,odom,47.13831421700024
49.469735944999684,-2.553063154220581,4.881453037261963,-3.0712813093410944,1789280218314719165,odom,47.197119892000046
49.52440342199998,-2.552161693572998,4.880134105682373,-3.088385917019758,1789280218381334031,odom,47.25178736900034
49.583491932000015,-2.55354642868042,4.879199028015137,-3.100451174417745,1789280218441320861,odom,47.31087587900038
49.63617130800003,-2.551292657852173,4.878818035125732,-3.096298354594103,1789280218474529469,odom,47.36355525500039
49.6953036609998,-2.550546169281006,4.878120422363281,-3.086601359364473,1789280218534643138,odom,47.42268760800016
49.75073486999963,-2.549844741821289,4.877993106842041,-3.0778655349978994,1789280218595666135,odom,47.478118816999995
49.84868989300003,-2.5491631031036377,4.878167629241943,-3.0707748911785724,1789280218644747460,odom,47.57607384000039
49.89996146199974,-2.547739267349243,4.878574848175049,-3.0578492238129633,1789280218747886861,odom,47.6273454090001
49.962689641,-2.5467846393585205,4.878647804260254,-3.0503673941149887,1789280218811230385,odom,47.69007358800036
50.01813128200001,-2.546022653579712,4.878479480743408,-3.0428171565575473,1789280218874585116,odom,47.745515229000375
50.071421867000026,-2.5454463958740234,4.8782525062561035,-3.0361643260971802,1789280218934776032,odom,47.79880581400039
50.127150536000045,-2.5451135635375977,4.878056049346924,-3.03134177198645,1789280218984811270,odom,47.85453448300041
50.17831899399971,-2.5448787212371826,4.877908706665039,-3.027592063648401,1789280219039699042,odom,47.90570294100007
50.23883880099993,-2.5447187423706055,4.877798557281494,-3.0235792400232344,1789280219091405595,odom,47.96622274800029
50.29301853299967,-2.544560194015503,4.877744197845459,-3.0194587708145755,1789280219151311600,odom,48.02040248000003
50.34458455499998,-2.5444650650024414,4.877511978149414,-3.016087509682184,1789280219211231673,odom,48.071968502000345
50.40385806899985,-2.5443408489227295,4.87736177444458,-3.013635115305321,1789280219260151589,odom,48.131242016000215
50.459627189,-2.5442826747894287,4.877379417419434,-3.0114299282070687,1789280219301171506,odom,48.187011136000365
50.51259624799968,-2.5442187786102295,4.877480506896973,-3.0092239254703776,1789280219347800934,odom,48.239980195000044
50.566959352999675,-2.5442240238189697,4.877814769744873,-3.0063708048181654,1789280219424586976,odom,48.29434330000004
50.61827873399989,-2.5444223880767822,4.878215789794922,-3.0034214334224383,1789280219477978194,odom,48.34566268100025
50.67029656199975,-2.54475474357605,4.878689765930176,-3.0007481365896758,1789280219531127417,odom,48.39768050900011
50.72291990199983,-2.544997453689575,4.879037857055664,-2.998476096040754,1789280219571226800,odom,48.45030384900019
50.78141227599963,-2.5453288555145264,4.8795084953308105,-2.994760866317623,1789280219638014758,odom,48.50879622299999
50.83563850799965,-2.5456340312957764,4.879806041717529,-2.9915325229099294,1789280219704582179,odom,48.56302245500001
50.90753987800008,-2.5458672046661377,4.879979133605957,-2.9894407879490257,1789280219767665351,odom,48.63492382500044
50.96079849299986,-2.54616117477417,4.880195617675781,-2.9864769773391298,1789280219825220549,odom,48.68818244000022
51.015072535999934,-2.546377420425415,4.880372047424316,-2.984218118353194,1789280219868330443,odom,48.742456483000296
51.07576531399991,-2.54658842086792,4.880646705627441,-2.980752422948508,1789280219927762473,odom,48.80314926100027
51.131430521999846,-2.5467817783355713,4.8807692527771,-2.9788215250493764,1789280219967697346,odom,48.85881446900021
51.1843961579998,-2.547168493270874,4.880863189697266,-2.975188047463295,1789280220051149333,odom,48.91178010500016
51.23608762699996,-2.547299861907959,4.8808746337890625,-2.973673119384964,1789280220098151171,odom,48.96347157400032
51.29024761499977,-2.5473690032958984,4.880894660949707,-2.9722901501162884,1789280220131133282,odom,49.01763156200013
51.35082236900007,-2.5476834774017334,4.880969047546387,-2.9689623996803607,1789280220201297963,odom,49.07820631600043
51.42481303099976,-2.5479907989501953,4.8811564445495605,-2.9663692562492368,1789280220264437163,odom,49.15219697800012
51.48182636199999,-2.548342704772949,4.881473541259766,-2.962060184444957,1789280220339666093,odom,49.209210309000355
51.53447101599977,-2.5485758781433105,4.881701469421387,-2.9587451291226303,1789280220395090783,odom,49.26185496300013
51.58620162499983,-2.548762083053589,4.881835460662842,-2.9562355476783173,1789280220441137994,odom,49.31358557200019
51.648043919999964,-2.548863649368286,4.881965637207031,-2.952925436136858,1789280220507928097,odom,49.375427867000326
51.70814824199988,-2.548874616622925,4.882010459899902,-2.951202788277574,1789280220567681039,odom,49.43553218900024
51.76095053799963,-2.548854112625122,4.882062911987305,-2.9490995844419863,1789280220614577973,odom,49.488334484999996
51.81918724799971,-2.5487680435180664,4.882359504699707,-2.946641427409622,1789280220683675730,odom,49.54657119500007
51.874474990999715,-2.548736095428467,4.8826775550842285,-2.9444223662868017,1789280220741343224,odom,49.60185893800008
51.92581926899993,-2.5487117767333984,4.88291597366333,-2.9429943355011625,1789280220788595641,odom,49.65320321600029
51.98339958199995,-2.548658847808838,4.88306999206543,-2.9419174243008057,1789280220828306163,odom,49.71078352900031
52.04335365499992,-2.5485758781433105,4.883326053619385,-2.940181628475975,1789280220884495938,odom,49.77073760200028
52.102706982999734,-2.548468589782715,4.883650302886963,-2.938322865294039,1789280220944552863,odom,49.8300909300001
52.156742001999646,-2.5483875274658203,4.88385534286499,-2.936442452916138,1789280220994320119,odom,49.88412594900001
52.209999401000005,-2.548189163208008,4.884072780609131,-2.934490769220711,1789280221054340327,odom,49.93738334800037
52.26538327799972,-2.547973155975342,4.88414192199707,-2.932716018260601,1789280221114317620,odom,49.99276722500008
52.319976766999844,-2.547781229019165,4.884250640869141,-2.9310079720699007,1789280221174868310,odom,50.047360714000206
52.37830365799982,-2.547558307647705,4.884332180023193,-2.929461853125214,1789280221231060231,odom,50.105687605000185
52.43255085200008,-2.5471363067626953,4.884324073791504,-2.9277504666800507,1789280221295137608,odom,50.15993479900044
52.494159115,-2.5466432571411133,4.884403705596924,-2.9265333456877016,1789280221354219639,odom,50.221543062000364
52.54946945199981,-2.5461630821228027,4.8845391273498535,-2.9252839948642024,1789280221404295409,odom,50.276853399000174
52.60472807299993,-2.54559326171875,4.884769916534424,-2.923343520247302,1789280221454886878,odom,50.332112020000295
52.66108884799996,-2.544959545135498,4.885023593902588,-2.9217203556461584,1789280221505185807,odom,50.388472795000325
52.716136318999816,-2.543776035308838,4.885542392730713,-2.91784799708572,1789280221581418479,odom,50.44352026600018
52.776736738999716,-2.5430431365966797,4.8858747482299805,-2.915749870550495,1789280221634884322,odom,50.50412068600008
52.83511371399982,-2.542473077774048,4.886116981506348,-2.914286099490263,1789280221681073868,odom,50.56249766100018
52.91665893199979,-2.5417582988739014,4.886316776275635,-2.9124836089590236,1789280221764942372,odom,50.64404287900015
52.9681087529998,-2.5414929389953613,4.886414051055908,-2.911648846212842,1789280221810990536,odom,50.69549270000016
53.01934752099987,-2.541196584701538,4.886606216430664,-2.9107157002762762,1789280221880960667,odom,50.746731468000235
53.073404428999766,-2.541062831878662,4.886709690093994,-2.9099154846051136,1789280221934199059,odom,50.80078837600013
53.12868862000005,-2.5409815311431885,4.886768817901611,-2.909374982545448,1789280221972697699,odom,50.85607256700041
53.184588276999875,-2.5409297943115234,4.886808395385742,-2.9086237001480755,1789280222031006539,odom,50.91197222400024
53.241432540000005,-2.540795087814331,4.886575222015381,-2.907924996065556,1789280222090894902,odom,50.96881648700037
53.29838407499983,-2.540708541870117,4.886345863342285,-2.905266246132192,1789280222150850260,odom,51.02576802200019
53.35831516999997,-2.5406301021575928,4.886820316314697,-2.900137145922507,1789280222214291775,odom,51.08569911700033
53.41529473899982,-2.540580987930298,4.886795997619629,-2.8978103191329563,1789280222270845616,odom,51.14267868600018
53.469812094999725,-2.5408055782318115,4.886716842651367,-2.894251891783883,1789280222331161225,odom,51.19719604200009
53.53029170599984,-2.5412347316741943,4.886739253997803,-2.8908196416636196,1789280222377900088,odom,51.257675653000206
53.589472446999935,-2.541931390762329,4.88683557510376,-2.8863192387875825,1789280222447998250,odom,51.3168563940003
53.65138991499998,-2.5425243377685547,4.886749744415283,-2.8825267381776043,1789280222518844807,odom,51.378773862000344
53.71570207199966,-2.5426647663116455,4.8866424560546875,-2.880700879202601,1789280222560191119,odom,51.44308601900002
53.77517700899989,-2.5428662300109863,4.886555194854736,-2.8772351717292435,1789280222621168578,odom,51.50256095600025
53.834187466,-2.5430502891540527,4.886507987976074,-2.873299104111014,1789280222693222487,odom,51.561571413000365
53.90406562899989,-2.5431747436523438,4.886585712432861,-2.871332873464222,1789280222740797961,odom,51.63144957600025
53.962962957999935,-2.5434861183166504,4.886662483215332,-2.86892129227269,1789280222804438555,odom,51.6903469050003
54.01694437399965,-2.543651819229126,4.8867011070251465,-2.866793500713144,1789280222864199126,odom,51.74432832100001
54.07688142100005,-2.5439255237579346,4.886526584625244,-2.864477548015483,1789280222934601748,odom,51.804265368000415
54.13704139499987,-2.544119358062744,4.886453628540039,-2.8631172015559514,1789280222967683041,odom,51.86442534200023
54.19178350199991,-2.544407367706299,4.886290073394775,-2.8609694212601826,1789280223050857985,odom,51.91916744900027
54.245582313999876,-2.5445396900177,4.886351585388184,-2.859545195468117,1789280223104187215,odom,51.97296626100024
54.29970242699983,-2.5447065830230713,4.886433124542236,-2.8578353354244044,1789280223147534335,odom,52.02708637400019
54.351080722999995,-2.5448524951934814,4.886520862579346,-2.856058767208956,1789280223210052693,odom,52.07846467000036
54.40778376199978,-2.5449862480163574,4.886654853820801,-2.854255930290686,1789280223272288764,odom,52.13516770900014
54.46370079500002,-2.545031785964966,4.886749267578125,-2.853236917059397,1789280223317371333,odom,52.191084742000385
54.5186559079998,-2.545079231262207,4.886744022369385,-2.852277947997482,1789280223374171221,odom,52.24603985500016
54.59325710799976,-2.545154094696045,4.886734485626221,-2.8509132827106356,1789280223440709555,odom,52.320641055000124
54.64559230099985,-2.54522442817688,4.886724472045898,-2.8500409990898756,1789280223500711405,odom,52.372976248000214
54.70252908299972,-2.5453124046325684,4.8867597579956055,-2.8491547598946743,1789280223547484124,odom,52.42991303000008
54.75703542999963,-2.545441150665283,4.886782169342041,-2.848475883099422,1789280223604474986,odom,52.484419376999995
54.81626346999974,-2.54559326171875,4.886870861053467,-2.8481154054255042,1789280223661633694,odom,52.5436474170001
54.867808433999926,-2.545743703842163,4.886935710906982,-2.847460257591997,1789280223724006379,odom,52.59519238100029
54.92820701699975,-2.5458061695098877,4.886939525604248,-2.8465199805239583,1789280223781250441,odom,52.65559096400011
54.99275970200006,-2.545806407928467,4.886940002441406,-2.845834876876323,1789280223840728009,odom,52.72014364900042
55.085347229000035,-2.545846462249756,4.887065410614014,-2.8455513359559346,1789280223907640660,odom,52.8127311760004
55.1400734949998,-2.545815944671631,4.887130260467529,-2.845033990015848,1789280223997415507,odom,52.86745744200016
55.19584239000005,-2.545724630355835,4.887126445770264,-2.8448911083732664,1789280224061565364,odom,52.923226337000415
55.253302855999664,-2.545686721801758,4.887161731719971,-2.8450584551545943,1789280224107723200,odom,52.980686803000026
55.307871478999914,-2.545732259750366,4.887214660644531,-2.8449655681090786,1789280224171006644,odom,53.035255426000276
55.362230327999896,-2.5457663536071777,4.887240409851074,-2.844692545737224,1789280224217454875,odom,53.08961427500026
55.42076654499988,-2.545762538909912,4.887216567993164,-2.8446093451678522,1789280224267468655,odom,53.14815049200024
55.47763013899976,-2.5457658767700195,4.887192249298096,-2.844666741302177,1789280224340676987,odom,53.20501408600012
55.54715154099995,-2.5457818508148193,4.887258052825928,-2.844723814058373,1789280224401223624,odom,53.27453548800031
55.60221402199977,-2.546438455581665,4.887470245361328,-2.8461338692490825,1789280224458250487,odom,53.32959796900013
55.65632984600006,-2.5461344718933105,4.886798858642578,-2.867474863328282,1789280224517517293,odom,53.383713793000425
55.707473215999926,-2.545881986618042,4.885437965393066,-2.8843206827393897,1789280224574077332,odom,53.43485716300029
55.767801616999805,-2.5461530685424805,4.883701324462891,-2.8998684842421114,1789280224630598271,odom,53.49518556400017
55.818802416999915,-2.5463733673095703,4.882612228393555,-2.9123975936778357,1789280224674990142,odom,53.54618636400028
55.87436483500005,-2.547043800354004,4.881052017211914,-2.929558789069368,1789280224740584099,odom,53.60174878200041
55.92539590899969,-2.5476455688476562,4.880434036254883,-2.942078294531331,1789280224787317956,odom,53.65277985600005
55.97837786499986,-2.5480129718780518,4.879901885986328,-2.949796920279876,1789280224822590792,odom,53.70576181200022
56.04587119600001,-2.5485122203826904,4.879212856292725,-2.965945798140487,1789280224888034308,odom,53.77325514300037
56.10092167499988,-2.548764228820801,4.878864288330078,-2.9835050939870142,1789280224961090291,odom,53.828305622000244
56.17012123299992,-2.5487852096557617,4.878461837768555,-2.9975678435191506,1789280225020926440,odom,53.89750518000028
56.22963905200004,-2.5487210750579834,4.878365516662598,-3.010378853461456,1789280225074225867,odom,53.9570229990004
56.282186067999646,-2.548611879348755,4.878568649291992,-3.0231428842945207,1789280225127275908,odom,54.00957001500001
56.335959116999675,-2.5483362674713135,4.878978252410889,-3.037485605973056,1789280225187215769,odom,54.06334306400004
56.387933517999954,-2.5477426052093506,4.87942361831665,-3.0544239970247036,1789280225257231915,odom,54.11531746500032
56.453317715999674,-2.547267436981201,4.8797407150268555,-3.0650162323213297,1789280225300590718,odom,54.180701663000036
56.508636980999654,-2.5455687046051025,4.880695343017578,-3.083247689899614,1789280225373895848,odom,54.236020928000016
56.56208191299993,-2.5443718433380127,4.881989479064941,-3.0996884655551695,1789280225420739854,odom,54.28946586000029
56.61699356700001,-2.541529417037964,4.880422592163086,-3.120865250493201,1789280225473996842,odom,54.34437751400037
56.67020901199976,-2.539808988571167,4.877704620361328,-3.1332554731481137,1789280225527191603,odom,54.39759295900012
56.72201370499988,-2.539947986602783,4.875846862792969,-3.1256812377775995,1789280225574091399,odom,54.44939765200024
56.782109770999796,-2.540187358856201,4.874444961547852,-3.115739457774667,1789280225647283995,odom,54.50949371800016
56.837299555999834,-2.540956497192383,4.873887062072754,-3.1112352966224086,1789280225700611317,odom,54.5646835030002
56.89558641299982,-2.5415432453155518,4.87354850769043,-3.106508989206742,1789280225745772326,odom,54.62297036000018
56.94819388099995,-2.5418343544006348,4.873212814331055,-3.1019863558101366,1789280225797425473,odom,54.675577828000314
57.00739260699993,-2.5417633056640625,4.872570037841797,-3.097416371027021,1789280225867351496,odom,54.73477655400029
57.06176451300007,-2.54132080078125,4.8719563484191895,-3.093668363848316,1789280225927386487,odom,54.78914846000043
57.11708893099967,-2.5409655570983887,4.871407985687256,-3.0906255437679007,1789280225983911002,odom,54.84447287800003
57.18071729799976,-2.540663719177246,4.871082305908203,-3.088030216002739,1789280226023838246,odom,54.908101245000125
57.24626937899984,-2.5403056144714355,4.870678901672363,-3.084445853994425,1789280226090551341,odom,54.9736533260002
57.32121373799964,-2.5400242805480957,4.870185852050781,-3.0809252807374583,1789280226163790429,odom,55.048597685000004
57.382673927999804,-2.5399577617645264,4.869996070861816,-3.078836495165468,1789280226224162543,odom,55.110057875000166
57.44313280200004,-2.539851427078247,4.869929313659668,-3.0764912416669317,1789280226297341311,odom,55.1705167490004
57.50739561199998,-2.5397117137908936,4.869808673858643,-3.0745991566302826,1789280226344002927,odom,55.234779559000344
57.56096714499972,-2.539525032043457,4.869483947753906,-3.072655309982456,1789280226417225325,odom,55.288351092000084
57.618857014999776,-2.5394327640533447,4.869268417358398,-3.0714880603221735,1789280226477235520,odom,55.34624096200014
57.672005350999825,-2.5393433570861816,4.86912202835083,-3.0704452352896134,1789280226517214978,odom,55.39938929800019
57.730713036,-2.5392556190490723,4.868988990783691,-3.069244408992914,1789280226570632422,odom,55.45809698300036
57.79937262099975,-2.539191246032715,4.868903636932373,-3.067900075723749,1789280226643968785,odom,55.52675656800011
57.865039044999776,-2.539118766784668,4.868846893310547,-3.066637533258949,1789280226711703265,odom,55.59242299200014
57.92630568599998,-2.5390725135803223,4.868718147277832,-3.0656190930245155,1789280226777455771,odom,55.65368963300034
57.985069310999734,-2.538985252380371,4.868536472320557,-3.0644166402779285,1789280226837170565,odom,55.712453258000096
58.04832104499974,-2.538935899734497,4.86832332611084,-3.0634954641985415,1789280226910549367,odom,55.7757049920001
58.099844951999785,-2.538918972015381,4.868222236633301,-3.062644582186037,1789280226963895047,odom,55.82722889900015
58.15372834499976,-2.538830041885376,4.86817741394043,-3.0618557533554407,1789280227010291302,odom,55.881112292000125
58.21603604799975,-2.5387344360351562,4.868110656738281,-3.061491230189203,1789280227067669594,odom,55.94341999500011
58.28350316899969,-2.538700580596924,4.868066310882568,-3.0611685455233033,1789280227134387934,odom,56.01088711600005
58.34927849699989,-2.5386338233947754,4.867978572845459,-3.0604862892204996,1789280227197093451,odom,56.07666244400025
58.40417357399974,-2.5385892391204834,4.867908000946045,-3.059813269170873,1789280227270421708,odom,56.131557521000104
58.46637298199994,-2.538944959640503,4.86814022064209,-3.059207508112964,1789280227310639346,odom,56.1937569290003
58.51777207999976,-2.5382626056671143,4.86786413192749,-3.0448159312570207,1789280227360396111,odom,56.24515602700012
58.57001555599982,-2.5380775928497314,4.867729187011719,-3.0152961107673444,1789280227433824027,odom,56.29739950300018
58.621804376,-2.537956953048706,4.867368221282959,-2.999601097962811,1789280227477078402,odom,56.34918832300036
58.675820034000026,-2.5377917289733887,4.8669633865356445,-2.9896590928354425,1789280227537110770,odom,56.40320398100039
58.73462183799984,-2.537391185760498,4.866122245788574,-2.992898483801761,1789280227577014172,odom,56.4620057850002
58.78556487399965,-2.5373847484588623,4.865859508514404,-2.9944819513764274,1789280227617476666,odom,56.51294882100001
58.837670291999984,-2.537299871444702,4.865994453430176,-2.992635614054098,1789280227704368317,odom,56.56505423900035
58.89362419200006,-2.5372297763824463,4.866189002990723,-2.992977363067199,1789280227747016156,odom,56.62100813900042
