t_s,utc,distance_m,bearing_rad
0.15167472400025872,2026-09-13T11:38:04.579765+00:00,8.990410804748535,0.4847065508365631
0.17804122699999425,2026-09-13T11:38:04.606113+00:00,8.990423202514648,0.4848109185695648
0.21611236500029918,2026-09-13T11:38:04.644198+00:00,8.99044418334961,0.4847985506057739
0.31902404700031184,2026-09-13T11:38:04.747099+00:00,8.990411758422852,0.48473531007766724
0.3847640060002959,2026-09-13T11:38:04.812839+00:00,8.990397453308105,0.48491841554641724
0.4323978590000479,2026-09-13T11:38:04.860475+00:00,8.990421295166016,0.4849588871002197
0.4937627729996166,2026-09-13T11:38:04.921837+00:00,8.990395545959473,0.4848936200141907
0.5747835800002576,2026-09-13T11:38:05.002873+00:00,8.990311622619629,0.484962522983551
0.6600890890003939,2026-09-13T11:38:05.088172+00:00,8.990351676940918,0.4850464165210724
0.7270367660003103,2026-09-13T11:38:05.155121+00:00,8.99039077758789,0.48494458198547363
0.8090653429999293,2026-09-13T11:38:05.237147+00:00,8.990412712097168,0.48502272367477417
0.8657034440002462,2026-09-13T11:38:05.293805+00:00,8.990438461303711,0.48513877391815186
0.9232624320002287,2026-09-13T11:38:05.351357+00:00,8.990434646606445,0.4850948452949524
0.9948884679997718,2026-09-13T11:38:05.422968+00:00,8.990377426147461,0.4850020408630371
1.0578104329997586,2026-09-13T11:38:05.485895+00:00,8.990370750427246,0.4852379262447357
1.1657134180004505,2026-09-13T11:38:05.593595+00:00,8.990365028381348,0.48508787155151367
1.210521725000035,2026-09-13T11:38:05.638605+00:00,8.990346908569336,0.48501864075660706
1.277393014000154,2026-09-13T11:38:05.705476+00:00,8.990277290344238,0.4851362407207489
1.360534104999715,2026-09-13T11:38:05.788619+00:00,8.990303039550781,0.48520126938819885
1.4147695029996612,2026-09-13T11:38:05.842854+00:00,8.99033260345459,0.48507681488990784
1.5054835900000398,2026-09-13T11:38:05.933579+00:00,8.990280151367188,0.4852461516857147
1.5983624469999995,2026-09-13T11:38:06.026393+00:00,8.990288734436035,0.4852101504802704
1.671997432000353,2026-09-13T11:38:06.100085+00:00,8.990291595458984,0.48499447107315063
1.7233284949998051,2026-09-13T11:38:06.151431+00:00,8.990225791931152,0.4849739670753479
1.7724543699996502,2026-09-13T11:38:06.200539+00:00,8.990166664123535,0.48509180545806885
1.8397623230002864,2026-09-13T11:38:06.267843+00:00,8.990180969238281,0.4850485324859619
1.908464598000137,2026-09-13T11:38:06.336546+00:00,8.99018383026123,0.4851089119911194
1.9856727890000911,2026-09-13T11:38:06.413766+00:00,8.990167617797852,0.48536086082458496
2.051072819000183,2026-09-13T11:38:06.479108+00:00,8.990204811096191,0.4854671359062195
2.1196134530000563,2026-09-13T11:38:06.547712+00:00,8.990189552307129,0.4853522479534149
2.165955770000437,2026-09-13T11:38:06.594026+00:00,8.990093231201172,0.4853340983390808
2.2560529539996423,2026-09-13T11:38:06.684154+00:00,8.990107536315918,0.4855194389820099
2.3286741510000866,2026-09-13T11:38:06.756760+00:00,8.99015998840332,0.4852831959724426
2.412646042000233,2026-09-13T11:38:06.840740+00:00,8.990142822265625,0.48535534739494324
2.4641060399999333,2026-09-13T11:38:06.892201+00:00,8.990083694458008,0.4856492578983307
2.52949931799958,2026-09-13T11:38:06.957585+00:00,8.99008846282959,0.4853951036930084
2.603103293999993,2026-09-13T11:38:07.031190+00:00,8.990049362182617,0.48548346757888794
2.6971965849998014,2026-09-13T11:38:07.125286+00:00,8.990026473999023,0.4856300354003906
2.7616544769998654,2026-09-13T11:38:07.189729+00:00,8.990050315856934,0.4856824576854706
2.820081386000311,2026-09-13T11:38:07.248181+00:00,8.990031242370605,0.48563459515571594
2.89209044800009,2026-09-13T11:38:07.320178+00:00,8.98994255065918,0.48576784133911133
2.9443062979999013,2026-09-13T11:38:07.372393+00:00,8.989935874938965,0.4858507513999939
3.0233427559996926,2026-09-13T11:38:07.451426+00:00,8.989988327026367,0.4857039749622345
3.103011058999982,2026-09-13T11:38:07.531107+00:00,8.989965438842773,0.4856603443622589
3.1427159550003125,2026-09-13T11:38:07.570757+00:00,8.990010261535645,0.4858919680118561
3.261756238000089,2026-09-13T11:38:07.689828+00:00,8.990028381347656,0.48585623502731323
3.346186265999677,2026-09-13T11:38:07.774076+00:00,8.990004539489746,0.4857303500175476
3.4585741199998665,2026-09-13T11:38:07.885119+00:00,8.98997688293457,0.4859790802001953
3.561578886999996,2026-09-13T11:38:07.989676+00:00,8.99124813079834,0.4313196539878845
3.6374227050000627,2026-09-13T11:38:08.065512+00:00,8.990189552307129,0.4112209677696228
3.718748575999598,2026-09-13T11:38:08.146834+00:00,8.988965034484863,0.3916691541671753
3.7924100870004622,2026-09-13T11:38:08.220496+00:00,8.987584114074707,0.37271398305892944
3.8487515580000036,2026-09-13T11:38:08.276848+00:00,8.986357688903809,0.3588261008262634
3.941122600000199,2026-09-13T11:38:08.369210+00:00,8.984759330749512,0.3403666913509369
4.021815953000441,2026-09-13T11:38:08.449901+00:00,8.983482360839844,0.3230383098125458
4.08788232400002,2026-09-13T11:38:08.515970+00:00,8.982215881347656,0.305589497089386
4.19289751100041,2026-09-13T11:38:08.620999+00:00,8.981005668640137,0.2904461920261383
4.242888650999703,2026-09-13T11:38:08.670974+00:00,8.979583740234375,0.273578941822052
4.291820624000138,2026-09-13T11:38:08.719904+00:00,8.9782075881958,0.2577051520347595
4.37105814700044,2026-09-13T11:38:08.799148+00:00,8.97654914855957,0.24176910519599915
4.431640957999662,2026-09-13T11:38:08.859723+00:00,8.975008010864258,0.22580260038375854
4.474111841999729,2026-09-13T11:38:08.902198+00:00,8.974087715148926,0.20825737714767456
4.539361107000332,2026-09-13T11:38:08.967445+00:00,8.97360610961914,0.18897321820259094
4.64115728500019,2026-09-13T11:38:09.069226+00:00,8.97343921661377,0.16851693391799927
4.764464599000348,2026-09-13T11:38:09.192368+00:00,8.973347663879395,0.1441235989332199
4.849924826999995,2026-09-13T11:38:09.278005+00:00,8.973428726196289,0.12121373414993286
4.8988871359997574,2026-09-13T11:38:09.326974+00:00,8.973657608032227,0.09812236577272415
4.958423738999954,2026-09-13T11:38:09.386462+00:00,8.973546028137207,0.07206716388463974
5.049156152999785,2026-09-13T11:38:09.477251+00:00,8.974422454833984,0.04211672022938728
5.085272096000153,2026-09-13T11:38:09.513359+00:00,8.976480484008789,0.008292595855891705
5.146364504000303,2026-09-13T11:38:09.574463+00:00,8.977184295654297,-0.0387498177587986
5.2298484860002645,2026-09-13T11:38:09.657949+00:00,8.977831840515137,-0.052273690700531006
5.263344496999707,2026-09-13T11:38:09.691431+00:00,8.979595184326172,-0.04577430710196495
5.324101940999753,2026-09-13T11:38:09.752160+00:00,8.979302406311035,-0.04240379109978676
5.424533940000401,2026-09-13T11:38:09.852604+00:00,8.978658676147461,-0.030889051035046577
5.489429455000391,2026-09-13T11:38:09.917518+00:00,8.97861099243164,-0.022495226934552193
5.599633140000151,2026-09-13T11:38:10.027733+00:00,8.978538513183594,-0.016992587596178055
5.6502649869999,2026-09-13T11:38:10.078344+00:00,8.978840827941895,-0.01690167374908924
5.759889242999634,2026-09-13T11:38:10.187986+00:00,8.979314804077148,-0.01637163758277893
5.769741701000385,2026-09-13T11:38:10.197842+00:00,8.979718208312988,-0.014753741212189198
5.8356554179999875,2026-09-13T11:38:10.263741+00:00,8.979804992675781,-0.011741566471755505
5.9274316350001754,2026-09-13T11:38:10.355518+00:00,8.979972839355469,-0.009492607787251472
6.016944740999861,2026-09-13T11:38:10.445044+00:00,8.980182647705078,-0.007487008813768625
6.050170272000287,2026-09-13T11:38:10.478269+00:00,8.98043155670166,-0.005922537297010422
6.118773813000189,2026-09-13T11:38:10.546853+00:00,8.980673789978027,-0.004855592735111713
6.20891341999959,2026-09-13T11:38:10.637005+00:00,8.980884552001953,-0.004143275786191225
6.285148711999682,2026-09-13T11:38:10.713249+00:00,8.981040000915527,-0.003607757855206728
6.3279950710002595,2026-09-13T11:38:10.755832+00:00,8.981232643127441,-0.003516026306897402
6.395965487000467,2026-09-13T11:38:10.824051+00:00,8.98138427734375,-0.0033445479348301888
6.458489050000026,2026-09-13T11:38:10.886572+00:00,8.981456756591797,-0.0029424773529171944
6.522715050000443,2026-09-13T11:38:10.950803+00:00,8.981465339660645,-0.0026031869929283857
6.592856987000232,2026-09-13T11:38:11.020942+00:00,8.981491088867188,-0.002284170361235738
6.66164661699986,2026-09-13T11:38:11.089733+00:00,8.981571197509766,-0.0020265320781618357
6.747025362000386,2026-09-13T11:38:11.175116+00:00,8.981588363647461,-0.0019135077018290758
6.818359208000402,2026-09-13T11:38:11.246447+00:00,8.981654167175293,-0.0020796037279069424
6.896734048000326,2026-09-13T11:38:11.324818+00:00,8.981688499450684,-0.0018753526965156198
6.963186867000331,2026-09-13T11:38:11.391277+00:00,8.981677055358887,-0.0016679903492331505
7.064922970000225,2026-09-13T11:38:11.493026+00:00,8.981710433959961,-0.0015969150699675083
7.127143057000467,2026-09-13T11:38:11.555233+00:00,8.981770515441895,-0.0014049327000975609
7.185346489999574,2026-09-13T11:38:11.613447+00:00,8.981831550598145,-0.0013857497833669186
7.270926719000272,2026-09-13T11:38:11.699004+00:00,8.981894493103027,-0.0011250461684539914
7.336224493000373,2026-09-13T11:38:11.764236+00:00,8.98187255859375,-0.0009698086068965495
7.37551870399966,2026-09-13T11:38:11.803608+00:00,8.982186317443848,-0.004753776825964451
7.462502184999721,2026-09-13T11:38:11.890598+00:00,8.981889724731445,-0.0269329771399498
7.515436951000083,2026-09-13T11:38:11.943526+00:00,8.982237815856934,-0.04629359021782875
7.606856952000271,2026-09-13T11:38:12.034934+00:00,8.982566833496094,-0.06906967610120773
7.673793156999636,2026-09-13T11:38:12.101891+00:00,8.98280143737793,-0.09474625438451767
7.737550869999723,2026-09-13T11:38:12.165631+00:00,8.982248306274414,-0.11997903138399124
7.817427494000185,2026-09-13T11:38:12.245504+00:00,8.981404304504395,-0.14623664319515228
7.91194569199979,2026-09-13T11:38:12.340045+00:00,8.980424880981445,-0.17750459909439087
7.976167239999995,2026-09-13T11:38:12.404253+00:00,8.979072570800781,-0.2076953649520874
8.090695300999869,2026-09-13T11:38:12.518794+00:00,8.977823257446289,-0.23214368522167206
8.109686990999762,2026-09-13T11:38:12.537787+00:00,8.976747512817383,-0.25739750266075134
8.148376011999972,2026-09-13T11:38:12.576232+00:00,8.975625038146973,-0.2896280586719513
8.238216652999654,2026-09-13T11:38:12.657938+00:00,8.973626136779785,-0.32553762197494507
8.304033272000197,2026-09-13T11:38:12.732114+00:00,8.974075317382812,-0.36871641874313354
8.375633595000181,2026-09-13T11:38:12.803719+00:00,8.974661827087402,-0.407991498708725
8.420369919999757,2026-09-13T11:38:12.848457+00:00,8.974821090698242,-0.4352138042449951
8.525142456999674,2026-09-13T11:38:12.953233+00:00,8.97427749633789,-0.46025800704956055
8.620942937999644,2026-09-13T11:38:13.049026+00:00,8.972065925598145,-0.49512985348701477
8.769709991000127,2026-09-13T11:38:13.197793+00:00,8.974054336547852,-0.5465058088302612
8.836533933000283,2026-09-13T11:38:13.264621+00:00,8.974869728088379,-0.5396184325218201
8.895098246999623,2026-09-13T11:38:13.323189+00:00,8.975290298461914,-0.537574291229248
9.009301357000368,2026-09-13T11:38:13.437393+00:00,8.975594520568848,-0.537014365196228
9.054464105999614,2026-09-13T11:38:13.482547+00:00,8.976006507873535,-0.5364990830421448
9.151788451999892,2026-09-13T11:38:13.579888+00:00,8.976459503173828,-0.5357350707054138
9.234933779999665,2026-09-13T11:38:13.663029+00:00,8.976705551147461,-0.5351583361625671
9.275342742000248,2026-09-13T11:38:13.703431+00:00,8.976953506469727,-0.5349510908126831
9.350673332999577,2026-09-13T11:38:13.778752+00:00,8.977323532104492,-0.5347684025764465
9.423351606000324,2026-09-13T11:38:13.851433+00:00,8.977551460266113,-0.534767746925354
9.477568334000352,2026-09-13T11:38:13.905645+00:00,8.977689743041992,-0.5342366099357605
9.509410642999683,2026-09-13T11:38:13.937497+00:00,8.977794647216797,-0.5343690514564514
9.633435615000053,2026-09-13T11:38:14.061531+00:00,8.977960586547852,-0.5341999530792236
9.67814009599988,2026-09-13T11:38:14.106223+00:00,8.978108406066895,-0.5339499711990356
9.760744653000074,2026-09-13T11:38:14.188830+00:00,8.978264808654785,-0.5340296030044556
9.852436469999702,2026-09-13T11:38:14.280521+00:00,8.978362083435059,-0.5338215231895447
9.946091699000135,2026-09-13T11:38:14.374172+00:00,8.978365898132324,-0.533633291721344
10.007576793000226,2026-09-13T11:38:14.435669+00:00,8.978377342224121,-0.5336359143257141
10.05124885999976,2026-09-13T11:38:14.479333+00:00,8.978408813476562,-0.5336554050445557
10.101229173999855,2026-09-13T11:38:14.529316+00:00,8.9784517288208,-0.5334067344665527
10.220390591999603,2026-09-13T11:38:14.648487+00:00,8.978508949279785,-0.5334285497665405
10.27350738000041,2026-09-13T11:38:14.701609+00:00,8.978593826293945,-0.5334911346435547
10.344114360000276,2026-09-13T11:38:14.772217+00:00,8.978647232055664,-0.5333405137062073
10.399701246999939,2026-09-13T11:38:14.827764+00:00,8.978638648986816,-0.5332372188568115
10.451499654000145,2026-09-13T11:38:14.879584+00:00,8.97867488861084,-0.5334808826446533
10.557156363999638,2026-09-13T11:38:14.985239+00:00,8.978793144226074,-0.5332611203193665
10.6084612679997,2026-09-13T11:38:15.036548+00:00,8.978914260864258,-0.5331341028213501
10.666190937000465,2026-09-13T11:38:15.094277+00:00,8.979106903076172,-0.533288300037384
10.731101127999864,2026-09-13T11:38:15.159182+00:00,8.979226112365723,-0.5330116152763367
10.798375780000242,2026-09-13T11:38:15.225538+00:00,8.97924518585205,-0.5327524542808533
10.885809645000336,2026-09-13T11:38:15.313900+00:00,8.979205131530762,-0.5330026149749756
10.946251090999795,2026-09-13T11:38:15.374336+00:00,8.979239463806152,-0.5329012274742126
11.060420689000239,2026-09-13T11:38:15.488509+00:00,8.979240417480469,-0.5325775742530823
11.109698688000208,2026-09-13T11:38:15.537784+00:00,8.979264259338379,-0.5327246189117432
11.172050615000444,2026-09-13T11:38:15.600132+00:00,8.979262351989746,-0.5327419638633728
11.239087556999948,2026-09-13T11:38:15.667178+00:00,8.979207038879395,-0.5326395630836487
11.295117700999981,2026-09-13T11:38:15.723134+00:00,8.979177474975586,-0.532573401927948
11.351114306999989,2026-09-13T11:38:15.779202+00:00,8.979207038879395,-0.5327484011650085
11.440586917000473,2026-09-13T11:38:15.868669+00:00,8.980359077453613,-0.516643762588501
11.511978964999798,2026-09-13T11:38:15.940080+00:00,8.981213569641113,-0.4853825271129608
11.594883921000473,2026-09-13T11:38:16.022979+00:00,8.981539726257324,-0.4605922996997833
11.653675251000095,2026-09-13T11:38:16.081758+00:00,8.98192024230957,-0.43711262941360474
11.728025137000259,2026-09-13T11:38:16.156114+00:00,8.98231315612793,-0.4140039384365082
11.797047539000232,2026-09-13T11:38:16.225132+00:00,8.982562065124512,-0.39738333225250244
11.864902575000087,2026-09-13T11:38:16.292984+00:00,8.982978820800781,-0.373237669467926
11.9232014600002,2026-09-13T11:38:16.351288+00:00,8.98331356048584,-0.356895387172699
11.994444441000269,2026-09-13T11:38:16.422385+00:00,8.983529090881348,-0.3371003568172455
12.086755905000246,2026-09-13T11:38:16.514464+00:00,8.9835844039917,-0.3179120421409607
12.146436568000354,2026-09-13T11:38:16.574526+00:00,8.983705520629883,-0.3005683720111847
12.216556346999823,2026-09-13T11:38:16.644641+00:00,8.984137535095215,-0.2795513868331909
12.282600939999611,2026-09-13T11:38:16.710683+00:00,8.985067367553711,-0.25736716389656067
12.352266482999767,2026-09-13T11:38:16.780345+00:00,8.985594749450684,-0.23774868249893188
12.44854771900009,2026-09-13T11:38:16.876628+00:00,8.987470626831055,-0.21171310544013977
12.50863922299959,2026-09-13T11:38:16.936723+00:00,8.989855766296387,-0.18710367381572723
12.586348507999901,2026-09-13T11:38:17.014434+00:00,8.991538047790527,-0.1651366502046585
12.654537866000283,2026-09-13T11:38:17.082629+00:00,8.992809295654297,-0.13966764509677887
12.70828556699962,2026-09-13T11:38:17.136388+00:00,8.992788314819336,-0.11206921190023422
12.77981707500021,2026-09-13T11:38:17.207920+00:00,8.991952896118164,-0.08346749097108841
12.845844032999594,2026-09-13T11:38:17.273914+00:00,8.990886688232422,-0.05790870264172554
12.93475922899961,2026-09-13T11:38:17.362856+00:00,8.990104675292969,-0.03112158551812172
12.975804704000439,2026-09-13T11:38:17.403886+00:00,8.989947319030762,-0.001298850984312594
13.040475421999872,2026-09-13T11:38:17.468558+00:00,8.990169525146484,0.03127819299697876
13.115085096999792,2026-09-13T11:38:17.543171+00:00,8.990752220153809,0.06347151100635529
13.203720180000346,2026-09-13T11:38:17.631802+00:00,8.991046905517578,0.09280693531036377
13.268719908999628,2026-09-13T11:38:17.696817+00:00,8.989814758300781,0.11969167739152908
13.303524341999946,2026-09-13T11:38:17.731609+00:00,8.987388610839844,0.1440446376800537
13.411336275000394,2026-09-13T11:38:17.839424+00:00,8.985352516174316,0.1724773645401001
13.456330209000043,2026-09-13T11:38:17.884384+00:00,8.985132217407227,0.19673903286457062
13.528422006000255,2026-09-13T11:38:17.956504+00:00,8.986101150512695,0.2300371676683426
13.601129231999948,2026-09-13T11:38:18.029216+00:00,8.986108779907227,0.26597848534584045
13.749150874000406,2026-09-13T11:38:18.176383+00:00,8.986660957336426,0.30124905705451965
13.820765264999864,2026-09-13T11:38:18.248846+00:00,8.986886024475098,0.3300529718399048
13.88443182500032,2026-09-13T11:38:18.312520+00:00,8.984607696533203,0.3993348777294159
13.96684807299971,2026-09-13T11:38:18.394935+00:00,8.983545303344727,0.44075796008110046
14.03251484700013,2026-09-13T11:38:18.460586+00:00,8.98420524597168,0.4795213043689728
14.116349034999985,2026-09-13T11:38:18.544431+00:00,8.984195709228516,0.5090230107307434
14.174817303000054,2026-09-13T11:38:18.602897+00:00,8.982213973999023,0.522988498210907
14.241322271000172,2026-09-13T11:38:18.669420+00:00,8.981636047363281,0.513550341129303
14.340431028999774,2026-09-13T11:38:18.768518+00:00,8.981571197509766,0.5013301372528076
14.410673082000358,2026-09-13T11:38:18.838753+00:00,8.982207298278809,0.4965195059776306
14.456821386999763,2026-09-13T11:38:18.884904+00:00,8.982860565185547,0.4932522773742676
14.595111667999845,2026-09-13T11:38:19.023184+00:00,8.983733177185059,0.4884137213230133
14.657649935000336,2026-09-13T11:38:19.085724+00:00,8.983840942382812,0.48669496178627014
14.716825090999919,2026-09-13T11:38:19.144914+00:00,8.984018325805664,0.48429352045059204
14.804837251999743,2026-09-13T11:38:19.232933+00:00,8.98427963256836,0.4814455509185791
14.881805365999753,2026-09-13T11:38:19.309895+00:00,8.984749794006348,0.4775350093841553
14.982705970999632,2026-09-13T11:38:19.410787+00:00,8.985044479370117,0.47627490758895874
15.073856877999788,2026-09-13T11:38:19.501956+00:00,8.985143661499023,0.4761035442352295
15.1911485669998,2026-09-13T11:38:19.619229+00:00,8.985105514526367,0.4756075441837311
15.284024184000373,2026-09-13T11:38:19.712108+00:00,8.985164642333984,0.4753503203392029
15.392067163999855,2026-09-13T11:38:19.820153+00:00,8.985280990600586,0.47507721185684204
15.481325830999594,2026-09-13T11:38:19.909424+00:00,8.985304832458496,0.47502315044403076
15.56380729600005,2026-09-13T11:38:19.991895+00:00,8.985321044921875,0.474994421005249
15.629621627999768,2026-09-13T11:38:20.057710+00:00,8.985371589660645,0.4750525951385498
15.695090915000037,2026-09-13T11:38:20.123179+00:00,8.985408782958984,0.47492557764053345
15.784306055999878,2026-09-13T11:38:20.212411+00:00,8.985474586486816,0.4746919274330139
15.843256492999899,2026-09-13T11:38:20.271125+00:00,8.98546028137207,0.4748188853263855
15.904661347000001,2026-09-13T11:38:20.332750+00:00,8.985514640808105,0.4748431146144867
15.969725298000412,2026-09-13T11:38:20.397808+00:00,8.985541343688965,0.4745834767818451
16.08779235699967,2026-09-13T11:38:20.515878+00:00,8.985554695129395,0.47463399171829224
16.124458049000168,2026-09-13T11:38:20.552546+00:00,8.98556900024414,0.47464442253112793
16.180982709999626,2026-09-13T11:38:20.609065+00:00,8.985663414001465,0.47438502311706543
16.292195379000077,2026-09-13T11:38:20.720275+00:00,8.985669136047363,0.4745122790336609
16.338220601999637,2026-09-13T11:38:20.766302+00:00,8.985711097717285,0.4744836688041687
16.448447228000077,2026-09-13T11:38:20.876530+00:00,8.985807418823242,0.47443723678588867
16.49079133699979,2026-09-13T11:38:20.918873+00:00,8.98585319519043,0.47445541620254517
16.554514151999683,2026-09-13T11:38:20.982600+00:00,8.98590087890625,0.47448521852493286
16.636202925999896,2026-09-13T11:38:21.064288+00:00,8.98595905303955,0.47441422939300537
16.712136926999847,2026-09-13T11:38:21.140223+00:00,8.985931396484375,0.47430601716041565
16.787968648999595,2026-09-13T11:38:21.216049+00:00,8.985905647277832,0.47456398606300354
16.861717752000004,2026-09-13T11:38:21.289814+00:00,8.986001968383789,0.4744240939617157
16.892847019999863,2026-09-13T11:38:21.320795+00:00,8.98604965209961,0.47431817650794983
16.970946139999796,2026-09-13T11:38:21.398985+00:00,8.986010551452637,0.47413337230682373
17.050667245000113,2026-09-13T11:38:21.478745+00:00,8.985956192016602,0.47410205006599426
17.118037698999615,2026-09-13T11:38:21.546121+00:00,8.9859619140625,0.47376567125320435
17.22156190900023,2026-09-13T11:38:21.649650+00:00,8.985928535461426,0.4735194146633148
17.261496850000185,2026-09-13T11:38:21.689575+00:00,8.985889434814453,0.4734605550765991
17.31905686600021,2026-09-13T11:38:21.747144+00:00,8.985929489135742,0.4732950031757355
17.428895627000202,2026-09-13T11:38:21.856990+00:00,8.98597526550293,0.47314533591270447
17.505918587999986,2026-09-13T11:38:21.934016+00:00,8.985979080200195,0.47315919399261475
17.522104378000222,2026-09-13T11:38:21.950191+00:00,8.985944747924805,0.47296008467674255
17.613750411999717,2026-09-13T11:38:22.041834+00:00,8.98600959777832,0.4725094139575958
17.70218851000027,2026-09-13T11:38:22.130287+00:00,8.985990524291992,0.4722590744495392
17.780730759000107,2026-09-13T11:38:22.208817+00:00,8.986047744750977,0.4721185564994812
17.84064355299961,2026-09-13T11:38:22.268730+00:00,8.98602294921875,0.47210967540740967
17.906651588000386,2026-09-13T11:38:22.334736+00:00,8.98604679107666,0.4720447063446045
17.986162277999938,2026-09-13T11:38:22.414026+00:00,8.986058235168457,0.47190967202186584
18.07870954700047,2026-09-13T11:38:22.506792+00:00,8.986007690429688,0.47185227274894714
18.16013695899983,2026-09-13T11:38:22.588216+00:00,8.985968589782715,0.4715741276741028
18.2343874649996,2026-09-13T11:38:22.662474+00:00,8.986071586608887,0.4712304174900055
18.289085583000087,2026-09-13T11:38:22.717167+00:00,8.986066818237305,0.4709874391555786
18.359209764999832,2026-09-13T11:38:22.787291+00:00,8.98606014251709,0.47094660997390747
18.42801370899997,2026-09-13T11:38:22.856098+00:00,8.986117362976074,0.4708344340324402
18.509887643000184,2026-09-13T11:38:22.937972+00:00,8.986099243164062,0.4708172082901001
18.590024322000318,2026-09-13T11:38:23.018106+00:00,8.986077308654785,0.47062376141548157
18.653715321999698,2026-09-13T11:38:23.081794+00:00,8.986136436462402,0.47059720754623413
18.71216713099966,2026-09-13T11:38:23.140230+00:00,8.986159324645996,0.4705255925655365
18.794210672999725,2026-09-13T11:38:23.222308+00:00,8.986096382141113,0.4706486165523529
18.865042254999935,2026-09-13T11:38:23.293125+00:00,8.98608112335205,0.47065794467926025
18.922150913000223,2026-09-13T11:38:23.350238+00:00,8.986135482788086,0.4705912470817566
19.018395230999886,2026-09-13T11:38:23.446495+00:00,8.986135482788086,0.4706176519393921
19.068559446999643,2026-09-13T11:38:23.496547+00:00,8.986074447631836,0.47051000595092773
19.14991085099973,2026-09-13T11:38:23.578011+00:00,8.98609447479248,0.4701828956604004
19.22205924700029,2026-09-13T11:38:23.650141+00:00,8.986098289489746,0.4699417054653168
19.284503836999647,2026-09-13T11:38:23.712584+00:00,8.986089706420898,0.4699365794658661
19.3347259760003,2026-09-13T11:38:23.762814+00:00,8.986093521118164,0.469928115606308
19.419120440999905,2026-09-13T11:38:23.847203+00:00,8.986435890197754,0.4622155725955963
19.49596514699988,2026-09-13T11:38:23.924045+00:00,8.98746395111084,0.42954057455062866
19.60283559599975,2026-09-13T11:38:24.030914+00:00,8.987191200256348,0.4047588109970093
19.63881791499989,2026-09-13T11:38:24.066907+00:00,8.986288070678711,0.37982022762298584
19.75371325299966,2026-09-13T11:38:24.181801+00:00,8.984579086303711,0.354711651802063
19.816040841999893,2026-09-13T11:38:24.244125+00:00,8.983087539672852,0.33174628019332886
19.871841197999856,2026-09-13T11:38:24.299920+00:00,8.981709480285645,0.309833824634552
19.97006102100022,2026-09-13T11:38:24.398153+00:00,8.980497360229492,0.29143422842025757
20.03390505199968,2026-09-13T11:38:24.461994+00:00,8.979262351989746,0.27187207341194153
20.117242586999964,2026-09-13T11:38:24.545330+00:00,8.978271484375,0.2545660436153412
20.15750707999996,2026-09-13T11:38:24.585590+00:00,8.97692584991455,0.23338788747787476
20.206927506000284,2026-09-13T11:38:24.635015+00:00,8.975863456726074,0.21750831604003906
20.26850455499971,2026-09-13T11:38:24.696594+00:00,8.974915504455566,0.20031198859214783
20.342433437999716,2026-09-13T11:38:24.770515+00:00,8.97422981262207,0.1859378218650818
20.391759555000135,2026-09-13T11:38:24.819845+00:00,8.97378158569336,0.17020653188228607
20.505244697000307,2026-09-13T11:38:24.933344+00:00,8.97354793548584,0.14940056204795837
20.55089424400012,2026-09-13T11:38:24.978973+00:00,8.973613739013672,0.13709253072738647
20.612583682999684,2026-09-13T11:38:25.040546+00:00,8.973440170288086,0.11897116154432297
20.67165264600044,2026-09-13T11:38:25.099739+00:00,8.972792625427246,0.10153321176767349
20.76688713800013,2026-09-13T11:38:25.194969+00:00,8.971263885498047,0.07730361074209213
20.84709703000044,2026-09-13T11:38:25.275120+00:00,8.970382690429688,0.06512582302093506
20.9117749320003,2026-09-13T11:38:25.339870+00:00,8.969339370727539,0.04632667452096939
20.963567529000102,2026-09-13T11:38:25.391651+00:00,8.96879768371582,0.027353418990969658
21.087061866999647,2026-09-13T11:38:25.515144+00:00,8.968544960021973,0.008244470693171024
21.155752902999666,2026-09-13T11:38:25.583857+00:00,8.968419075012207,-0.011098511517047882
21.248822434999965,2026-09-13T11:38:25.673778+00:00,8.968095779418945,-0.03052513487637043
21.327937222999935,2026-09-13T11:38:25.756031+00:00,8.972676277160645,-0.018860306590795517
21.4040474479998,2026-09-13T11:38:25.832136+00:00,8.973910331726074,-0.014611281454563141
21.474576384999637,2026-09-13T11:38:25.902607+00:00,8.975503921508789,-0.0135639738291502
21.56372744500004,2026-09-13T11:38:25.991760+00:00,8.976713180541992,-0.011870021931827068
21.68558155499977,2026-09-13T11:38:26.113682+00:00,8.978169441223145,-0.009137899614870548
21.764437765000366,2026-09-13T11:38:26.192537+00:00,8.979089736938477,-0.007069324608892202
21.807988657999886,2026-09-13T11:38:26.236070+00:00,8.979453086853027,-0.005327245220541954
21.884708870000395,2026-09-13T11:38:26.312791+00:00,8.979604721069336,-0.0040144347585737705
21.938442634999774,2026-09-13T11:38:26.366525+00:00,8.979870796203613,-0.0026545003056526184
22.017419429000256,2026-09-13T11:38:26.445502+00:00,8.98000717163086,-0.0013860412873327732
22.11104179100039,2026-09-13T11:38:26.539127+00:00,8.98013687133789,-0.00025848313816823065
22.176267402999656,2026-09-13T11:38:26.604367+00:00,8.980351448059082,0.0006454254034906626
22.241832235999937,2026-09-13T11:38:26.669918+00:00,8.98059368133545,0.0015504040056839585
22.318670151000333,2026-09-13T11:38:26.746757+00:00,8.980712890625,0.0028601132798939943
22.354835967000326,2026-09-13T11:38:26.782923+00:00,8.980735778808594,0.00353020871989429
22.444460044999687,2026-09-13T11:38:26.872543+00:00,8.980842590332031,0.004123390652239323
22.48461588900045,2026-09-13T11:38:26.912697+00:00,8.980999946594238,0.004642616957426071
22.550054346000252,2026-09-13T11:38:26.978139+00:00,8.981158256530762,0.005323915276676416
22.655202379000002,2026-09-13T11:38:27.083135+00:00,8.981215476989746,0.005888007581233978
22.726132775000224,2026-09-13T11:38:27.154227+00:00,8.981253623962402,0.00647827098146081
22.81254462800007,2026-09-13T11:38:27.240628+00:00,8.981342315673828,0.007159830536693335
22.899271444999613,2026-09-13T11:38:27.327374+00:00,8.981451034545898,0.007588012143969536
22.956725109000217,2026-09-13T11:38:27.384809+00:00,8.981497764587402,0.00785196851938963
23.066505957999652,2026-09-13T11:38:27.494607+00:00,8.981539726257324,0.008394623175263405
23.13519919800001,2026-09-13T11:38:27.563292+00:00,8.98151683807373,0.008425307460129261
23.204592991000027,2026-09-13T11:38:27.632482+00:00,8.981528282165527,0.00843457505106926
23.252988360000018,2026-09-13T11:38:27.681093+00:00,8.981507301330566,0.008568022400140762
23.28478175700002,2026-09-13T11:38:27.712876+00:00,8.981529235839844,0.008454937487840652
23.39183639699968,2026-09-13T11:38:27.819884+00:00,8.981537818908691,0.008514233864843845
23.406011570000373,2026-09-13T11:38:27.834092+00:00,8.981554985046387,0.008638402447104454
23.515390923999803,2026-09-13T11:38:27.943490+00:00,8.98160457611084,0.00854248646646738
23.58364205700036,2026-09-13T11:38:28.011731+00:00,8.981643676757812,0.008555980399250984
23.620814107000115,2026-09-13T11:38:28.048896+00:00,8.981629371643066,0.008686395362019539
23.723016040999937,2026-09-13T11:38:28.151110+00:00,8.981599807739258,0.00879527535289526
23.765583544999572,2026-09-13T11:38:28.193667+00:00,8.981650352478027,0.008813131600618362
23.879542173999653,2026-09-13T11:38:28.307624+00:00,8.981609344482422,0.008881652727723122
23.916388411999833,2026-09-13T11:38:28.344476+00:00,8.981544494628906,0.008903566747903824
23.965556402000402,2026-09-13T11:38:28.393638+00:00,8.981534957885742,0.008868396282196045
24.034749796999677,2026-09-13T11:38:28.462832+00:00,8.98166275024414,0.008984611369669437
24.099699069000053,2026-09-13T11:38:28.527785+00:00,8.98161792755127,0.009109164588153362
24.21065246499984,2026-09-13T11:38:28.638743+00:00,8.981579780578613,0.008987358771264553
24.266899975999877,2026-09-13T11:38:28.694986+00:00,8.98156452178955,0.009097273461520672
24.351371423999808,2026-09-13T11:38:28.779453+00:00,8.981528282165527,0.00908226240426302
24.41337773899977,2026-09-13T11:38:28.841471+00:00,8.981522560119629,0.009032048285007477
24.467562408999584,2026-09-13T11:38:28.895646+00:00,8.981547355651855,0.009160020388662815
24.52578459600045,2026-09-13T11:38:28.953867+00:00,8.981537818908691,0.00929138995707035
24.598111135999716,2026-09-13T11:38:29.026205+00:00,8.981535911560059,0.009181369096040726
24.670570801000395,2026-09-13T11:38:29.098654+00:00,8.981524467468262,0.009098012931644917
24.75612813600037,2026-09-13T11:38:29.184218+00:00,8.981474876403809,0.009252851828932762
24.81470727099986,2026-09-13T11:38:29.242766+00:00,8.981456756591797,0.009275014512240887
24.865880080999887,2026-09-13T11:38:29.293972+00:00,8.981492042541504,0.009067115373909473
24.94449476600039,2026-09-13T11:38:29.372597+00:00,8.981546401977539,0.009315025992691517
25.019499349000398,2026-09-13T11:38:29.447460+00:00,8.981466293334961,0.009436333552002907
25.088232107000294,2026-09-13T11:38:29.516320+00:00,8.981438636779785,0.00924087967723608
25.16949821199978,2026-09-13T11:38:29.597596+00:00,8.981409072875977,0.009282758459448814
25.21738017200005,2026-09-13T11:38:29.645463+00:00,8.981399536132812,0.009418538771569729
25.300747616999615,2026-09-13T11:38:29.728849+00:00,8.981398582458496,0.009298773482441902
25.3513787640004,2026-09-13T11:38:29.779462+00:00,8.981440544128418,0.00927086640149355
25.446805479999966,2026-09-13T11:38:29.874857+00:00,8.981417655944824,0.009441783651709557
25.490287149000324,2026-09-13T11:38:29.918374+00:00,8.981444358825684,0.009446071460843086
25.598000668999703,2026-09-13T11:38:30.026087+00:00,8.981443405151367,0.00923459604382515
25.65277263400003,2026-09-13T11:38:30.080857+00:00,8.981437683105469,0.009595033712685108
25.716566762000184,2026-09-13T11:38:30.144651+00:00,8.981429100036621,0.009732217527925968
25.784288226999706,2026-09-13T11:38:30.212380+00:00,8.981483459472656,0.009751541540026665
25.839570654000454,2026-09-13T11:38:30.267659+00:00,8.981432914733887,0.009677241556346416
25.934834286000296,2026-09-13T11:38:30.362921+00:00,8.981438636779785,0.009703902527689934
26.01768787400033,2026-09-13T11:38:30.445789+00:00,8.981456756591797,0.009409305639564991
26.05365920999975,2026-09-13T11:38:30.481748+00:00,8.981437683105469,0.009575060568749905
26.134794521000003,2026-09-13T11:38:30.562878+00:00,8.981399536132812,0.009645963087677956
26.216681685000367,2026-09-13T11:38:30.644768+00:00,8.981414794921875,0.009477968327701092
26.29224674699981,2026-09-13T11:38:30.720313+00:00,8.981399536132812,0.00959580298513174
26.362529130999974,2026-09-13T11:38:30.790611+00:00,8.981379508972168,0.009871038608253002
26.419264506999752,2026-09-13T11:38:30.847344+00:00,8.981407165527344,0.009862840175628662
26.461267175000103,2026-09-13T11:38:30.889348+00:00,8.981410026550293,0.009564271196722984
26.53949997899963,2026-09-13T11:38:30.967583+00:00,8.981423377990723,0.009861498139798641
26.654390269999567,2026-09-13T11:38:31.082478+00:00,8.98142147064209,0.009963138028979301
26.72314542500044,2026-09-13T11:38:31.151219+00:00,8.981432914733887,0.009909754619002342
26.804368514999624,2026-09-13T11:38:31.232448+00:00,8.981392860412598,0.010002776980400085
26.86975483199967,2026-09-13T11:38:31.297845+00:00,8.981369972229004,0.00998761784285307
26.951408635000007,2026-09-13T11:38:31.379489+00:00,8.981343269348145,0.009933228604495525
26.976670058999844,2026-09-13T11:38:31.404758+00:00,8.98134994506836,0.010038404725492
27.05367981299969,2026-09-13T11:38:31.481766+00:00,8.981366157531738,0.010164175182580948
27.110822859999644,2026-09-13T11:38:31.538907+00:00,8.98133373260498,0.010122259147465229
27.179710342999897,2026-09-13T11:38:31.607798+00:00,8.98131275177002,0.010072972625494003
27.222883606999858,2026-09-13T11:38:31.650972+00:00,8.981354713439941,0.010496463626623154
27.32517232200007,2026-09-13T11:38:31.753257+00:00,8.9813814163208,0.01050521805882454
27.401529044999734,2026-09-13T11:38:31.829539+00:00,8.981358528137207,0.010429990477859974
27.466003724000075,2026-09-13T11:38:31.894088+00:00,8.981388092041016,0.010661414824426174
27.563247117000174,2026-09-13T11:38:31.991323+00:00,8.98141098022461,0.010625920258462429
27.615523188000225,2026-09-13T11:38:32.043605+00:00,8.981436729431152,0.010519353672862053
27.704264734999924,2026-09-13T11:38:32.132352+00:00,8.981403350830078,0.010630841366946697
27.795802605999597,2026-09-13T11:38:32.223900+00:00,8.98134708404541,0.010631557554006577
27.867294239999865,2026-09-13T11:38:32.295375+00:00,8.981325149536133,0.010544907301664352
27.92427557999963,2026-09-13T11:38:32.352364+00:00,8.981322288513184,0.010560913942754269
27.977876079999987,2026-09-13T11:38:32.405962+00:00,8.981300354003906,0.010688114911317825
28.04399510999974,2026-09-13T11:38:32.472094+00:00,8.981268882751465,0.010643787682056427
28.089630022000165,2026-09-13T11:38:32.517693+00:00,8.981199264526367,0.010522555559873581
28.25371283700042,2026-09-13T11:38:32.681799+00:00,8.981159210205078,0.010714424774050713
28.367873000000145,2026-09-13T11:38:32.795958+00:00,8.981175422668457,0.01085471361875534
28.501163762000033,2026-09-13T11:38:32.929250+00:00,8.981172561645508,0.010905732400715351
28.54021786999965,2026-09-13T11:38:32.968303+00:00,8.981221199035645,0.010766016319394112
28.602760144999593,2026-09-13T11:38:33.030843+00:00,8.981258392333984,0.01084178127348423
28.67900690500028,2026-09-13T11:38:33.107103+00:00,8.981254577636719,0.010926490649580956
28.7509606120002,2026-09-13T11:38:33.179048+00:00,8.981282234191895,0.010956453159451485
28.852124199000173,2026-09-13T11:38:33.280215+00:00,8.98137378692627,0.010887227952480316
28.931343006000134,2026-09-13T11:38:33.359424+00:00,8.981386184692383,0.01106362883001566
29.072334505999606,2026-09-13T11:38:33.500434+00:00,8.981412887573242,0.010972661897540092
29.246911373999865,2026-09-13T11:38:33.674995+00:00,8.981371879577637,0.01076264027506113
29.317839581000044,2026-09-13T11:38:33.745926+00:00,8.98137378692627,0.010870847851037979
29.41745145999994,2026-09-13T11:38:33.845538+00:00,8.981366157531738,0.01107422262430191
29.534026514999823,2026-09-13T11:38:33.962114+00:00,8.981270790100098,0.011037033051252365
29.629047241999615,2026-09-13T11:38:34.057126+00:00,8.97922134399414,0.010409095324575901
29.71299589299997,2026-09-13T11:38:34.141094+00:00,8.974430084228516,0.0076397862285375595
29.78262190999976,2026-09-13T11:38:34.210705+00:00,8.965761184692383,0.00799762737005949
29.851300221999736,2026-09-13T11:38:34.279388+00:00,8.955904960632324,0.00945972092449665
29.93061999299971,2026-09-13T11:38:34.358707+00:00,8.943525314331055,0.009948847815394402
30.005322371999682,2026-09-13T11:38:34.433412+00:00,8.929163932800293,0.009447764605283737
30.084181475999685,2026-09-13T11:38:34.512282+00:00,8.912948608398438,0.0082266665995121
30.127107072999934,2026-09-13T11:38:34.555189+00:00,8.895648002624512,0.005890376400202513
30.200890869999967,2026-09-13T11:38:34.628977+00:00,8.879727363586426,0.002574765123426914
30.290677017000235,2026-09-13T11:38:34.718778+00:00,8.854720115661621,-0.003662400646135211
30.32837961899986,2026-09-13T11:38:34.756465+00:00,8.830111503601074,-0.008121452294290066
30.38164848100041,2026-09-13T11:38:34.809733+00:00,8.80486011505127,-0.006862439680844545
30.4781764319996,2026-09-13T11:38:34.906254+00:00,8.789787292480469,-0.009543693624436855
30.540817013999913,2026-09-13T11:38:34.968887+00:00,8.774428367614746,-0.011074792593717575
30.596970556999622,2026-09-13T11:38:35.025073+00:00,8.764835357666016,-0.009407542645931244
30.69368114000008,2026-09-13T11:38:35.121766+00:00,8.761048316955566,-0.014202866703271866
30.80821750799987,2026-09-13T11:38:35.236306+00:00,8.762718200683594,-0.015385841019451618
30.856199656999706,2026-09-13T11:38:35.284271+00:00,8.76578426361084,-0.017712512984871864
30.934069228000226,2026-09-13T11:38:35.362158+00:00,8.768134117126465,-0.01972089894115925
30.992883982999956,2026-09-13T11:38:35.420984+00:00,8.770004272460938,-0.022805480286478996
31.01376229899961,2026-09-13T11:38:35.441846+00:00,8.771316528320312,-0.0255373977124691
31.131188948000272,2026-09-13T11:38:35.559269+00:00,8.772531509399414,-0.02683982625603676
31.205296090000047,2026-09-13T11:38:35.633374+00:00,8.77359676361084,-0.02740512229502201
31.299567330000173,2026-09-13T11:38:35.727664+00:00,8.77437686920166,-0.027720173820853233
31.326732542999707,2026-09-13T11:38:35.754819+00:00,8.774682998657227,-0.02748975344002247
31.382146681999984,2026-09-13T11:38:35.810234+00:00,8.772720336914062,-0.026984278112649918
31.46655913399991,2026-09-13T11:38:35.886122+00:00,8.767522811889648,-0.025066236034035683
31.534244778000357,2026-09-13T11:38:35.962329+00:00,8.7559814453125,-0.02370108664035797
31.622379047999857,2026-09-13T11:38:36.050462+00:00,8.7427396774292,-0.02224470116198063
31.690349059000255,2026-09-13T11:38:36.118434+00:00,8.726724624633789,-0.020374879240989685
31.74791154600007,2026-09-13T11:38:36.175994+00:00,8.709795951843262,-0.01898094266653061
31.829502165999656,2026-09-13T11:38:36.257589+00:00,8.693567276000977,-0.017980441451072693
31.892746171,2026-09-13T11:38:36.320834+00:00,8.667365074157715,-0.015807244926691055
31.93015940999976,2026-09-13T11:38:36.358232+00:00,8.640615463256836,-0.012092672288417816
32.028514278999864,2026-09-13T11:38:36.456610+00:00,8.617071151733398,-0.020920608192682266
32.087829924999824,2026-09-13T11:38:36.515931+00:00,8.593650817871094,-0.01941365748643875
32.16869246999977,2026-09-13T11:38:36.596778+00:00,8.56946849822998,-0.0161560270935297
32.267971424999814,2026-09-13T11:38:36.696007+00:00,8.55246353149414,-0.023123718798160553
32.33321810800044,2026-09-13T11:38:36.761277+00:00,8.545999526977539,-0.029610108584165573
32.38529262500015,2026-09-13T11:38:36.813371+00:00,8.542854309082031,-0.03432927653193474
32.451589129999775,2026-09-13T11:38:36.879521+00:00,8.544655799865723,-0.0382050946354866
32.58730276999995,2026-09-13T11:38:37.015400+00:00,8.547807693481445,-0.04473283514380455
32.61846540100032,2026-09-13T11:38:37.046546+00:00,8.550577163696289,-0.04537506401538849
32.685315247999824,2026-09-13T11:38:37.113399+00:00,8.551700592041016,-0.04331682622432709
32.76147543499974,2026-09-13T11:38:37.189557+00:00,8.55211067199707,-0.04253031685948372
32.82738570699985,2026-09-13T11:38:37.255471+00:00,8.55246353149414,-0.042148247361183167
32.88781226500032,2026-09-13T11:38:37.314936+00:00,8.552443504333496,-0.04182931035757065
32.93422564699995,2026-09-13T11:38:37.362318+00:00,8.550347328186035,-0.040455665439367294
33.03914742699999,2026-09-13T11:38:37.467235+00:00,8.544143676757812,-0.03865062817931175
33.14700774799985,2026-09-13T11:38:37.575090+00:00,8.533483505249023,-0.03918344900012016
33.16537269899982,2026-09-13T11:38:37.593460+00:00,8.521798133850098,-0.03966213017702103
33.2686410059996,2026-09-13T11:38:37.696721+00:00,8.508771896362305,-0.03891916200518608
33.34693770099966,2026-09-13T11:38:37.775024+00:00,8.475863456726074,-0.03355963155627251
33.451708816000064,2026-09-13T11:38:37.879793+00:00,8.447609901428223,-0.0316745825111866
33.55098050400011,2026-09-13T11:38:37.979074+00:00,8.417851448059082,-0.024297628551721573
33.63613232100033,2026-09-13T11:38:38.064217+00:00,8.398018836975098,-0.022964082658290863
33.68601576200035,2026-09-13T11:38:38.114108+00:00,8.372347831726074,-0.022662779316306114
33.74622412999997,2026-09-13T11:38:38.174318+00:00,8.354619979858398,-0.02167908102273941
33.81451735599967,2026-09-13T11:38:38.242605+00:00,8.33764362335205,-0.023459572345018387
33.866185541999585,2026-09-13T11:38:38.294271+00:00,8.328303337097168,-0.027682669460773468
33.94118649000029,2026-09-13T11:38:38.369272+00:00,8.324139595031738,-0.032749783247709274
34.017426966999665,2026-09-13T11:38:38.445513+00:00,8.325159072875977,-0.037261128425598145
34.0854366880003,2026-09-13T11:38:38.513528+00:00,8.328173637390137,-0.04063672944903374
34.20028154400006,2026-09-13T11:38:38.628370+00:00,8.330126762390137,-0.03980831056833267
34.279991727999914,2026-09-13T11:38:38.708069+00:00,8.330892562866211,-0.04033304750919342
34.44930026200018,2026-09-13T11:38:38.877400+00:00,8.331062316894531,-0.040402479469776154
34.4773809190001,2026-09-13T11:38:38.903035+00:00,8.330765724182129,-0.03981543332338333
34.528835492000326,2026-09-13T11:38:38.956917+00:00,8.327940940856934,-0.03794478252530098
34.616977849999785,2026-09-13T11:38:39.045074+00:00,8.320961952209473,-0.038853175938129425
34.65345333500045,2026-09-13T11:38:39.081540+00:00,8.312539100646973,-0.04015898331999779
34.7607049420003,2026-09-13T11:38:39.188784+00:00,8.293588638305664,-0.04538242891430855
34.84082458800003,2026-09-13T11:38:39.268805+00:00,8.282394409179688,-0.04362685605883598
34.91054266399988,2026-09-13T11:38:39.338640+00:00,8.266661643981934,-0.04188869148492813
34.96701775499969,2026-09-13T11:38:39.395104+00:00,8.244003295898438,-0.03808260336518288
35.062348598000426,2026-09-13T11:38:39.490432+00:00,8.217336654663086,-0.03534843772649765
35.14553645599972,2026-09-13T11:38:39.573624+00:00,8.191279411315918,-0.029663925990462303
35.1968021849998,2026-09-13T11:38:39.624889+00:00,8.164698600769043,-0.0262447576969862
35.22914958700039,2026-09-13T11:38:39.657237+00:00,8.142165184020996,-0.026814017444849014
35.319851774999734,2026-09-13T11:38:39.747937+00:00,8.112244606018066,-0.02563699707388878
35.40219353500015,2026-09-13T11:38:39.830274+00:00,8.084099769592285,-0.027422312647104263
35.50931991899961,2026-09-13T11:38:39.937115+00:00,8.068122863769531,-0.030171193182468414
35.554038702999605,2026-09-13T11:38:39.982127+00:00,8.060709953308105,-0.033421456813812256
35.61615918000007,2026-09-13T11:38:40.044240+00:00,8.059430122375488,-0.038179636001586914
35.72279471500042,2026-09-13T11:38:40.150885+00:00,8.066596984863281,-0.03559064120054245
35.83944533399972,2026-09-13T11:38:40.267507+00:00,8.068740844726562,-0.0325920507311821
35.93192266299957,2026-09-13T11:38:40.360023+00:00,8.06960678100586,-0.031553562730550766
36.01309385700006,2026-09-13T11:38:40.441196+00:00,8.06993293762207,-0.03126060590147972
36.05475201199988,2026-09-13T11:38:40.482834+00:00,8.070429801940918,-0.030914394184947014
36.09505277700009,2026-09-13T11:38:40.523140+00:00,8.070740699768066,-0.0308529045432806
36.16412799699992,2026-09-13T11:38:40.592214+00:00,8.070965766906738,-0.030316295102238655
36.23383608600034,2026-09-13T11:38:40.661919+00:00,8.07017707824707,-0.029397515580058098
36.32929237299959,2026-09-13T11:38:40.757384+00:00,8.066164016723633,-0.029894063249230385
36.381476010999904,2026-09-13T11:38:40.809574+00:00,8.056244850158691,-0.03454374894499779
36.436323099999754,2026-09-13T11:38:40.864407+00:00,8.047067642211914,-0.03682973235845566
36.50776815500012,2026-09-13T11:38:40.935780+00:00,8.035391807556152,-0.035355377942323685
36.57995767000011,2026-09-13T11:38:41.008036+00:00,8.022517204284668,-0.03623120114207268
36.6446610160001,2026-09-13T11:38:41.072739+00:00,8.002853393554688,-0.03749623894691467
36.680402631000106,2026-09-13T11:38:41.108488+00:00,7.979496955871582,-0.03756572678685188
36.768577881000056,2026-09-13T11:38:41.196661+00:00,7.953661918640137,-0.03575858846306801
36.83880199899977,2026-09-13T11:38:41.266890+00:00,7.924251079559326,-0.033921979367733
36.93544584099982,2026-09-13T11:38:41.363533+00:00,7.901635646820068,-0.031063703820109367
37.008771580999564,2026-09-13T11:38:41.436856+00:00,7.8868513107299805,-0.029757343232631683
37.059707815000365,2026-09-13T11:38:41.487795+00:00,7.869824409484863,-0.021664194762706757
37.15642334200038,2026-09-13T11:38:41.584509+00:00,7.8613715171813965,-0.019761204719543457
37.23923142900003,2026-09-13T11:38:41.667109+00:00,7.858088970184326,-0.027497543022036552
37.30369952900037,2026-09-13T11:38:41.731789+00:00,7.858321189880371,-0.02824258804321289
37.42281576099958,2026-09-13T11:38:41.850895+00:00,7.859031677246094,-0.02706013061106205
37.50709711899981,2026-09-13T11:38:41.935197+00:00,7.858983993530273,-0.02654440701007843
37.64347503299996,2026-09-13T11:38:42.071559+00:00,7.857081413269043,-0.030608562752604485
37.723515212000166,2026-09-13T11:38:42.151618+00:00,7.856855869293213,-0.03110431134700775
37.80746787600037,2026-09-13T11:38:42.235558+00:00,7.856628894805908,-0.031637679785490036
37.84980782900038,2026-09-13T11:38:42.277892+00:00,7.85528039932251,-0.031125525012612343
37.9383163120001,2026-09-13T11:38:42.366400+00:00,7.850524425506592,-0.029654372483491898
38.010832433999894,2026-09-13T11:38:42.438934+00:00,7.840802192687988,-0.03064662218093872
38.128579815000194,2026-09-13T11:38:42.556678+00:00,7.828996658325195,-0.03190627694129944
38.13720860800004,2026-09-13T11:38:42.565292+00:00,7.812522888183594,-0.033801473677158356
38.17871126499995,2026-09-13T11:38:42.606795+00:00,7.794155120849609,-0.037302166223526
38.235811667000235,2026-09-13T11:38:42.663906+00:00,7.774105548858643,-0.03620406985282898
38.35363085999961,2026-09-13T11:38:42.781711+00:00,7.756243705749512,-0.033695388585329056
38.41627417899963,2026-09-13T11:38:42.844362+00:00,7.730776786804199,-0.029120201244950294
38.48516800800007,2026-09-13T11:38:42.913252+00:00,7.703179836273193,-0.02368798293173313
38.60696701699999,2026-09-13T11:38:43.035047+00:00,7.683722972869873,-0.022490086033940315
38.71989379200022,2026-09-13T11:38:43.147993+00:00,7.662567138671875,-0.02183426357805729
38.72299518999989,2026-09-13T11:38:43.151096+00:00,7.648534774780273,-0.02140093222260475
38.803899800999716,2026-09-13T11:38:43.231996+00:00,7.6341447830200195,-0.02502083219587803
38.84458403999997,2026-09-13T11:38:43.272672+00:00,7.631504535675049,-0.029912900179624557
38.90686887300035,2026-09-13T11:38:43.334952+00:00,7.631551742553711,-0.034995418041944504
38.96861575300045,2026-09-13T11:38:43.396699+00:00,7.63389253616333,-0.04130767658352852
39.03407296400019,2026-09-13T11:38:43.462144+00:00,7.635335445404053,-0.04270907863974571
39.10761698399983,2026-09-13T11:38:43.535708+00:00,7.635197162628174,-0.04250232130289078
39.21653853200041,2026-09-13T11:38:43.644614+00:00,7.634555339813232,-0.04328214004635811
39.252150569999685,2026-09-13T11:38:43.680253+00:00,7.634274482727051,-0.04404722899198532
39.48625308299961,2026-09-13T11:38:43.914353+00:00,7.633880615234375,-0.04352831467986107
39.50639106200015,2026-09-13T11:38:43.934478+00:00,7.6315083503723145,-0.042391736060380936
39.58954921300028,2026-09-13T11:38:44.017648+00:00,7.624514102935791,-0.04229974001646042
39.68545735600037,2026-09-13T11:38:44.113546+00:00,7.612059116363525,-0.042245812714099884
39.751516328000434,2026-09-13T11:38:44.179596+00:00,7.598780155181885,-0.043720588088035583
39.80896999499964,2026-09-13T11:38:44.237059+00:00,7.580056190490723,-0.04544713720679283
39.873423400999854,2026-09-13T11:38:44.301513+00:00,7.567302703857422,-0.04396088421344757
39.95483200699982,2026-09-13T11:38:44.382932+00:00,7.549036502838135,-0.04012763127684593
39.99180114800038,2026-09-13T11:38:44.419885+00:00,7.524256706237793,-0.037278998643159866
40.04625662400031,2026-09-13T11:38:44.474349+00:00,7.492405414581299,-0.026486307382583618
40.14214172599986,2026-09-13T11:38:44.570226+00:00,7.473156929016113,-0.02457343228161335
40.22000250800011,2026-09-13T11:38:44.648091+00:00,7.4477009773254395,-0.021861616522073746
40.26159175900011,2026-09-13T11:38:44.689675+00:00,7.4276604652404785,-0.02091415412724018
40.357556769999974,2026-09-13T11:38:44.785629+00:00,7.414430618286133,-0.02303563989698887
40.45857333999993,2026-09-13T11:38:44.886659+00:00,7.407562732696533,-0.029648156836628914
40.51196952200007,2026-09-13T11:38:44.940057+00:00,7.40706729888916,-0.03342429921030998
40.585875929000395,2026-09-13T11:38:45.013957+00:00,7.409353256225586,-0.03940913453698158
40.648508457999924,2026-09-13T11:38:45.076592+00:00,7.4121270179748535,-0.042501963675022125
40.706836000000294,2026-09-13T11:38:45.134932+00:00,7.413211345672607,-0.04283318668603897
40.77845094300028,2026-09-13T11:38:45.206503+00:00,7.413068771362305,-0.04232754930853844
40.88526688900038,2026-09-13T11:38:45.313351+00:00,7.41251277923584,-0.0427858866751194
40.95814693000011,2026-09-13T11:38:45.386225+00:00,7.412624835968018,-0.04289628565311432
41.02257114799977,2026-09-13T11:38:45.450653+00:00,7.41272497177124,-0.04279704391956329
41.040256407000015,2026-09-13T11:38:45.468338+00:00,7.41281795501709,-0.04143713414669037
41.11664398100038,2026-09-13T11:38:45.544732+00:00,7.411604881286621,-0.019958019256591797
41.17649839600017,2026-09-13T11:38:45.604578+00:00,7.4112114906311035,0.0066368295811116695
41.268514213000344,2026-09-13T11:38:45.696596+00:00,7.411201000213623,0.029333001002669334
41.34846049099997,2026-09-13T11:38:45.776562+00:00,7.411118984222412,0.051020581275224686
41.42007802599983,2026-09-13T11:38:45.848149+00:00,7.410617351531982,0.07646094262599945
41.48693649899997,2026-09-13T11:38:45.915023+00:00,7.41003942489624,0.09723246097564697
41.57198086700009,2026-09-13T11:38:46.000073+00:00,7.409641742706299,0.12126243114471436
41.644823079999696,2026-09-13T11:38:46.072902+00:00,7.4093708992004395,0.14132758975028992
41.68740829099988,2026-09-13T11:38:46.115489+00:00,7.409238338470459,0.16435644030570984
41.75871025299966,2026-09-13T11:38:46.186812+00:00,7.409064769744873,0.18806877732276917
41.81784964899998,2026-09-13T11:38:46.245937+00:00,7.408691883087158,0.21204982697963715
41.85583795000002,2026-09-13T11:38:46.283921+00:00,7.408714294433594,0.23541270196437836
41.92703603500013,2026-09-13T11:38:46.355115+00:00,7.409333229064941,0.2632830739021301
42.03423132900025,2026-09-13T11:38:46.462318+00:00,7.408708572387695,0.29255637526512146
42.10738079099974,2026-09-13T11:38:46.535462+00:00,7.407601833343506,0.31933093070983887
42.16532286900019,2026-09-13T11:38:46.593409+00:00,7.406172275543213,0.35059547424316406
42.25248729499981,2026-09-13T11:38:46.680574+00:00,7.4047627449035645,0.38486507534980774
42.33451484499983,2026-09-13T11:38:46.762600+00:00,7.403716087341309,0.41649484634399414
42.41585697899973,2026-09-13T11:38:46.843945+00:00,7.401998519897461,0.4493355453014374
42.467309523999575,2026-09-13T11:38:46.895392+00:00,7.398526191711426,0.4851808547973633
42.541413730000386,2026-09-13T11:38:46.969501+00:00,7.395005702972412,0.5097448229789734
42.58616133899977,2026-09-13T11:38:47.014246+00:00,7.392694473266602,0.5199944972991943
42.65031798600012,2026-09-13T11:38:47.078402+00:00,7.3901238441467285,0.5218517780303955
42.708349315000305,2026-09-13T11:38:47.136431+00:00,7.389835834503174,0.5126923322677612
42.79416972400031,2026-09-13T11:38:47.221991+00:00,7.390343189239502,0.5035036206245422
42.87606286400023,2026-09-13T11:38:47.304151+00:00,7.39116907119751,0.49392789602279663
42.94943771399994,2026-09-13T11:38:47.377519+00:00,7.392556667327881,0.48647400736808777
43.025131770999906,2026-09-13T11:38:47.453218+00:00,7.394853591918945,0.4778634309768677
43.10695501800001,2026-09-13T11:38:47.535025+00:00,7.397116184234619,0.47216689586639404
43.208858255999985,2026-09-13T11:38:47.636945+00:00,7.39885139465332,0.46686363220214844
43.24169854400043,2026-09-13T11:38:47.669800+00:00,7.39979887008667,0.46306735277175903
43.3030129130002,2026-09-13T11:38:47.731097+00:00,7.400175094604492,0.4593132436275482
43.43740931400043,2026-09-13T11:38:47.865506+00:00,7.400228977203369,0.454964816570282
43.480096065,2026-09-13T11:38:47.908180+00:00,7.399970054626465,0.4526539146900177
43.53566037000019,2026-09-13T11:38:47.963746+00:00,7.399768352508545,0.45100143551826477
43.60209657300038,2026-09-13T11:38:48.030190+00:00,7.39967679977417,0.4490707516670227
43.64234465299978,2026-09-13T11:38:48.070428+00:00,7.399772644042969,0.4477439820766449
43.72039532600047,2026-09-13T11:38:48.148476+00:00,7.399814128875732,0.44719579815864563
43.7785809979996,2026-09-13T11:38:48.206664+00:00,7.399821758270264,0.44681042432785034
43.863601934000144,2026-09-13T11:38:48.291683+00:00,7.399789333343506,0.4463661015033722
43.94474353900023,2026-09-13T11:38:48.372835+00:00,7.399661064147949,0.4456782042980194
44.00877819299967,2026-09-13T11:38:48.436863+00:00,7.399495601654053,0.44525066018104553
44.07596474300044,2026-09-13T11:38:48.504050+00:00,7.399432182312012,0.4447619318962097
44.15867850500035,2026-09-13T11:38:48.586689+00:00,7.3993988037109375,0.44471946358680725
44.21018829900004,2026-09-13T11:38:48.638269+00:00,7.399386882781982,0.4443995952606201
44.27180873100042,2026-09-13T11:38:48.699898+00:00,7.399282932281494,0.4440625011920929
44.37315004500033,2026-09-13T11:38:48.801241+00:00,7.399194240570068,0.44358062744140625
44.43762478900044,2026-09-13T11:38:48.865704+00:00,7.3993330001831055,0.43062710762023926
44.528959598000256,2026-09-13T11:38:48.957048+00:00,7.400293827056885,0.3927292227745056
44.597660987999916,2026-09-13T11:38:49.024296+00:00,7.400549411773682,0.3654113709926605
44.674559078999664,2026-09-13T11:38:49.102657+00:00,7.400777339935303,0.33399367332458496
44.76304827900003,2026-09-13T11:38:49.191128+00:00,7.400519847869873,0.3066430985927582
44.82102491299975,2026-09-13T11:38:49.249114+00:00,7.399744033813477,0.2595821022987366
44.89502846800042,2026-09-13T11:38:49.323117+00:00,7.399216175079346,0.23599711060523987
44.97306963400024,2026-09-13T11:38:49.401155+00:00,7.398580074310303,0.2136961966753006
45.051042220000454,2026-09-13T11:38:49.479127+00:00,7.397950172424316,0.1933867335319519
45.115363289000015,2026-09-13T11:38:49.543452+00:00,7.397429466247559,0.1720157116651535
45.206919643999754,2026-09-13T11:38:49.635003+00:00,7.3968000411987305,0.1489032506942749
45.30701265799962,2026-09-13T11:38:49.735111+00:00,7.396516799926758,0.1262630969285965
45.370071604999794,2026-09-13T11:38:49.798159+00:00,7.397118091583252,0.10301993042230606
45.415729856000326,2026-09-13T11:38:49.843813+00:00,7.397651195526123,0.08467421680688858
45.49047956600043,2026-09-13T11:38:49.918563+00:00,7.3977437019348145,0.0693817064166069
45.54021882300003,2026-09-13T11:38:49.968304+00:00,7.397436618804932,0.051818955689668655
45.65495112200006,2026-09-13T11:38:50.083038+00:00,7.396876335144043,0.03388206660747528
45.71396455099966,2026-09-13T11:38:50.142039+00:00,7.396228790283203,0.015814704820513725
45.76390369000001,2026-09-13T11:38:50.191992+00:00,7.395503520965576,-0.003448107745498419
45.84798226299972,2026-09-13T11:38:50.276031+00:00,7.3947954177856445,-0.02358921431005001
45.89780561899988,2026-09-13T11:38:50.325889+00:00,7.394187927246094,-0.03808416798710823
45.97777713600044,2026-09-13T11:38:50.405859+00:00,7.393707752227783,-0.05240930616855621
46.028549347999615,2026-09-13T11:38:50.456633+00:00,7.393258571624756,-0.07026265561580658
46.107430848999684,2026-09-13T11:38:50.535519+00:00,7.393351078033447,-0.07765660434961319
46.18852067100033,2026-09-13T11:38:50.616605+00:00,7.394768714904785,-0.0688004419207573
46.25567300700004,2026-09-13T11:38:50.683770+00:00,7.395682334899902,-0.06385082006454468
46.30571090400008,2026-09-13T11:38:50.733792+00:00,7.396941661834717,-0.060311511158943176
46.37332105899986,2026-09-13T11:38:50.801406+00:00,7.398491859436035,-0.056705292314291
46.44340588599971,2026-09-13T11:38:50.871488+00:00,7.400139331817627,-0.053928669542074203
46.50215386000036,2026-09-13T11:38:50.930237+00:00,7.401512622833252,-0.05222240462899208
46.622992401000374,2026-09-13T11:38:51.051064+00:00,7.402477264404297,-0.05101132392883301
46.72002743899975,2026-09-13T11:38:51.148120+00:00,7.4028706550598145,-0.05050712078809738
46.826847975999954,2026-09-13T11:38:51.254794+00:00,7.403443813323975,-0.04884033277630806
46.963344419999885,2026-09-13T11:38:51.391431+00:00,7.4049882888793945,-0.04769738391041756
47.04140203099996,2026-09-13T11:38:51.469492+00:00,7.4054670333862305,-0.04733196645975113
47.091839022000386,2026-09-13T11:38:51.519925+00:00,7.405807971954346,-0.046921078115701675
47.139010031,2026-09-13T11:38:51.567100+00:00,7.406299114227295,-0.04656466096639633
47.21624103300019,2026-09-13T11:38:51.644322+00:00,7.406581878662109,-0.046057309955358505
47.28034618200036,2026-09-13T11:38:51.708362+00:00,7.405157089233398,-0.045674365013837814
47.329319854999994,2026-09-13T11:38:51.757396+00:00,7.402543544769287,-0.043948907405138016
47.45592676300021,2026-09-13T11:38:51.883440+00:00,7.396174907684326,-0.037327978760004044
47.55722973000047,2026-09-13T11:38:51.985153+00:00,7.385800361633301,-0.0379546694457531
47.58656312099993,2026-09-13T11:38:52.014404+00:00,7.373688220977783,-0.041623543947935104
47.64343395800006,2026-09-13T11:38:52.071394+00:00,7.358137130737305,-0.04506579414010048
47.72884975499983,2026-09-13T11:38:52.156935+00:00,7.3395771980285645,-0.04666301980614662
47.812850367000465,2026-09-13T11:38:52.240938+00:00,7.323819637298584,-0.04787415638566017
47.88032790200032,2026-09-13T11:38:52.308413+00:00,7.300943374633789,-0.05022121220827103
47.94015772700004,2026-09-13T11:38:52.368246+00:00,7.276144981384277,-0.050013378262519836
47.98299261000011,2026-09-13T11:38:52.411011+00:00,7.25304651260376,-0.04908666014671326
48.02861555799973,2026-09-13T11:38:52.456642+00:00,7.228903293609619,-0.05526640638709068
48.113280880000275,2026-09-13T11:38:52.541368+00:00,7.201746940612793,-0.060673609375953674
48.18729063699993,2026-09-13T11:38:52.615380+00:00,7.18735933303833,-0.06306523829698563
48.2434649529996,2026-09-13T11:38:52.671546+00:00,7.177350997924805,-0.06978776305913925
48.34412499999962,2026-09-13T11:38:52.772178+00:00,7.174119472503662,-0.077408067882061
48.42091143000016,2026-09-13T11:38:52.848996+00:00,7.175460338592529,-0.0805731862783432
48.49694687200008,2026-09-13T11:38:52.925042+00:00,7.179343223571777,-0.07910816371440887
48.60329966599966,2026-09-13T11:38:53.031388+00:00,7.1819963455200195,-0.07816801965236664
48.71417883400045,2026-09-13T11:38:53.142273+00:00,7.183649063110352,-0.07777554541826248
48.852501553000366,2026-09-13T11:38:53.280597+00:00,7.184488296508789,-0.07820761203765869
48.91511531499964,2026-09-13T11:38:53.343190+00:00,7.1848464012146,-0.07774773985147476
48.9616617089996,2026-09-13T11:38:53.389746+00:00,7.184860706329346,-0.07664068043231964
49.03652700099974,2026-09-13T11:38:53.464616+00:00,7.185194492340088,-0.05566202476620674
49.10610443299993,2026-09-13T11:38:53.534198+00:00,7.185787200927734,-0.026086406782269478
49.1518013369996,2026-09-13T11:38:53.579887+00:00,7.186736106872559,-0.0014775877352803946
49.22098626600018,2026-09-13T11:38:53.649069+00:00,7.186919212341309,0.021566910669207573
49.30310497299979,2026-09-13T11:38:53.731186+00:00,7.186842441558838,0.046720996499061584
49.37469135399988,2026-09-13T11:38:53.802771+00:00,7.1869330406188965,0.06901783496141434
49.47757104700031,2026-09-13T11:38:53.905656+00:00,7.1871466636657715,0.09420415014028549
49.528444605000004,2026-09-13T11:38:53.956529+00:00,7.187027931213379,0.12088815867900848
49.5987083480004,2026-09-13T11:38:54.026790+00:00,7.186649799346924,0.14572389423847198
49.686293034999835,2026-09-13T11:38:54.114380+00:00,7.186063289642334,0.1714669167995453
49.73964942400016,2026-09-13T11:38:54.167735+00:00,7.185133934020996,0.1957516074180603
49.80372643800001,2026-09-13T11:38:54.231809+00:00,7.183728218078613,0.2263583242893219
49.916573045000405,2026-09-13T11:38:54.344663+00:00,7.1824727058410645,0.2529018223285675
49.96566976200029,2026-09-13T11:38:54.393756+00:00,7.181151390075684,0.27909862995147705
50.03401531199961,2026-09-13T11:38:54.462102+00:00,7.1795830726623535,0.30877450108528137
50.12968085400007,2026-09-13T11:38:54.557767+00:00,7.178097248077393,0.33749404549598694
50.18458603700037,2026-09-13T11:38:54.612681+00:00,7.176216125488281,0.3688271641731262
50.220981118000054,2026-09-13T11:38:54.649063+00:00,7.174248695373535,0.3988485634326935
50.336308957000256,2026-09-13T11:38:54.764393+00:00,7.1728363037109375,0.4309060871601105
50.38256966900008,2026-09-13T11:38:54.810663+00:00,7.1722731590271,0.4595513343811035
50.424544434999916,2026-09-13T11:38:54.852631+00:00,7.171363830566406,0.4597773551940918
50.485558422000395,2026-09-13T11:38:54.913642+00:00,7.171937942504883,0.4533277451992035
50.564267104000464,2026-09-13T11:38:54.992356+00:00,7.176811218261719,0.4467799961566925
50.634377747000144,2026-09-13T11:38:55.062464+00:00,7.180328845977783,0.44404253363609314
50.72392485,2026-09-13T11:38:55.152010+00:00,7.183279037475586,0.44255831837654114
50.78645172400047,2026-09-13T11:38:55.214533+00:00,7.182954788208008,0.4496074616909027
50.87412111699996,2026-09-13T11:38:55.302211+00:00,7.182317733764648,0.4617254137992859
50.9313011510003,2026-09-13T11:38:55.359381+00:00,7.183496475219727,0.45737844705581665
50.98479706699982,2026-09-13T11:38:55.412884+00:00,7.183259963989258,0.450501024723053
51.06435325199982,2026-09-13T11:38:55.492422+00:00,7.183066368103027,0.4494296908378601
51.135550838999734,2026-09-13T11:38:55.563635+00:00,7.183348178863525,0.4475042521953583
51.195012670000324,2026-09-13T11:38:55.623112+00:00,7.184183597564697,0.4457085132598877
51.301785736000056,2026-09-13T11:38:55.729862+00:00,7.184852600097656,0.4447651207447052
51.34517763900021,2026-09-13T11:38:55.773262+00:00,7.185376167297363,0.44425103068351746
51.426710738999645,2026-09-13T11:38:55.854794+00:00,7.185749530792236,0.4436047673225403
51.49599442199997,2026-09-13T11:38:55.924095+00:00,7.186062812805176,0.4429360628128052
51.571694766999826,2026-09-13T11:38:55.999779+00:00,7.186325550079346,0.44266173243522644
51.61308984900006,2026-09-13T11:38:56.041172+00:00,7.186581134796143,0.44211578369140625
51.69167032699988,2026-09-13T11:38:56.119756+00:00,7.186779499053955,0.44139575958251953
51.828317352999875,2026-09-13T11:38:56.256404+00:00,7.186977863311768,0.4409424364566803
51.93114394700024,2026-09-13T11:38:56.359222+00:00,7.187345504760742,0.43991726636886597
51.970245518999945,2026-09-13T11:38:56.398329+00:00,7.187234401702881,0.4398866295814514
52.082143521000035,2026-09-13T11:38:56.510235+00:00,7.185715675354004,0.440100759267807
52.118715601000076,2026-09-13T11:38:56.546796+00:00,7.181804180145264,0.4426155090332031
52.194946407000316,2026-09-13T11:38:56.623034+00:00,7.172283172607422,0.4437607526779175
52.281367405999845,2026-09-13T11:38:56.709453+00:00,7.158373832702637,0.4476710855960846
52.34034885500023,2026-09-13T11:38:56.768390+00:00,7.147380352020264,0.44685089588165283
52.41524492700046,2026-09-13T11:38:56.843336+00:00,7.131697177886963,0.44626280665397644
52.45632040599958,2026-09-13T11:38:56.884415+00:00,7.110638618469238,0.4474215507507324
52.544997568000326,2026-09-13T11:38:56.973038+00:00,7.082808017730713,0.4478839933872223
52.60790430100042,2026-09-13T11:38:57.035991+00:00,7.0602216720581055,0.44542160630226135
52.72058999300043,2026-09-13T11:38:57.148676+00:00,7.039226531982422,0.44278472661972046
52.78717809099999,2026-09-13T11:38:57.215275+00:00,7.015988826751709,0.4430866837501526
52.878400263,2026-09-13T11:38:57.306481+00:00,6.991957187652588,0.4446775019168854
52.950392931999886,2026-09-13T11:38:57.378485+00:00,6.970656871795654,0.4456615746021271
52.97279525900012,2026-09-13T11:38:57.400878+00:00,6.953098773956299,0.4461793899536133
53.05187336400013,2026-09-13T11:38:57.479950+00:00,6.945662498474121,0.43946221470832825
53.10391597600028,2026-09-13T11:38:57.531998+00:00,6.942355155944824,0.43542706966400146
53.165804440999636,2026-09-13T11:38:57.593890+00:00,6.943909168243408,0.4324157238006592
53.22109981799986,2026-09-13T11:38:57.649182+00:00,6.945221424102783,0.42821505665779114
53.329870210999616,2026-09-13T11:38:57.757954+00:00,6.945194721221924,0.42193618416786194
53.39690668700041,2026-09-13T11:38:57.825003+00:00,6.9450178146362305,0.42003047466278076
53.448126307000166,2026-09-13T11:38:57.876214+00:00,6.945173740386963,0.4185657501220703
53.521603733999655,2026-09-13T11:38:57.949701+00:00,6.9456939697265625,0.4171915054321289
53.57733763299984,2026-09-13T11:38:58.005420+00:00,6.9454851150512695,0.41611698269844055
53.662968149000335,2026-09-13T11:38:58.091053+00:00,6.946525573730469,0.38904640078544617
53.763841662999766,2026-09-13T11:38:58.191927+00:00,6.947544574737549,0.3609989881515503
53.80437333200007,2026-09-13T11:38:58.232449+00:00,6.94809103012085,0.3371603488922119
53.88197186100024,2026-09-13T11:38:58.310034+00:00,6.948196887969971,0.30863597989082336
53.954959401999986,2026-09-13T11:38:58.383058+00:00,6.948210716247559,0.28383249044418335
54.035355469000024,2026-09-13T11:38:58.463446+00:00,6.948121070861816,0.2608913779258728
54.12466082300034,2026-09-13T11:38:58.552749+00:00,6.948339939117432,0.23696653544902802
54.17859954300002,2026-09-13T11:38:58.606681+00:00,6.948877334594727,0.2163361757993698
54.24541523700009,2026-09-13T11:38:58.673105+00:00,6.949338912963867,0.18970955908298492
54.275489562000075,2026-09-13T11:38:58.703573+00:00,6.949671745300293,0.17267607152462006
54.39437269999962,2026-09-13T11:38:58.822460+00:00,6.949854373931885,0.14827333390712738
54.4321536489997,2026-09-13T11:38:58.860249+00:00,6.950071811676025,0.12465521693229675
54.51385936099996,2026-09-13T11:38:58.941943+00:00,6.9505486488342285,0.0971481129527092
54.58068116600043,2026-09-13T11:38:59.008764+00:00,6.950749397277832,0.07324431836605072
54.658482105000076,2026-09-13T11:38:59.086559+00:00,6.950518608093262,0.045674148947000504
54.716801014999874,2026-09-13T11:38:59.144878+00:00,6.95028829574585,0.020184652879834175
54.77625182999964,2026-09-13T11:38:59.204338+00:00,6.949953556060791,-0.010130427777767181
54.86736455099981,2026-09-13T11:38:59.295461+00:00,6.948282241821289,-0.010074213147163391
54.937213219000114,2026-09-13T11:38:59.365314+00:00,6.941741943359375,-0.01649336889386177
54.977078320000146,2026-09-13T11:38:59.405157+00:00,6.937423229217529,-0.017841599881649017
55.08043092000025,2026-09-13T11:38:59.508519+00:00,6.935820579528809,-0.01378697156906128
55.17384975799996,2026-09-13T11:38:59.601942+00:00,6.938172817230225,-0.01570594683289528
55.240021603999594,2026-09-13T11:38:59.668114+00:00,6.940343379974365,-0.009182881563901901
55.2834516490002,2026-09-13T11:38:59.711534+00:00,6.942022323608398,-0.005990728735923767
55.35555151999961,2026-09-13T11:38:59.783646+00:00,6.942668914794922,-0.006398934405297041
55.439825442000256,2026-09-13T11:38:59.867912+00:00,6.943419456481934,-0.006594275124371052
55.49301723799999,2026-09-13T11:38:59.921099+00:00,6.944299697875977,-0.006815631873905659
55.556571525000436,2026-09-13T11:38:59.984659+00:00,6.945311069488525,-0.00726366089656949
55.64046788700034,2026-09-13T11:39:00.068546+00:00,6.946286201477051,-0.0067930156365036964
55.716310374000386,2026-09-13T11:39:00.144397+00:00,6.947094440460205,-0.0065442342311143875
55.76439102299992,2026-09-13T11:39:00.192472+00:00,6.947782039642334,-0.006309447810053825
55.86514487699969,2026-09-13T11:39:00.293239+00:00,6.948281764984131,-0.006064143497496843
55.89100564399996,2026-09-13T11:39:00.319092+00:00,6.948601722717285,-0.0058920783922076225
55.9651344949998,2026-09-13T11:39:00.393218+00:00,6.948854446411133,-0.005488123744726181
56.06860348200007,2026-09-13T11:39:00.496706+00:00,6.9490838050842285,-0.005329849664121866
56.150533361999805,2026-09-13T11:39:00.578630+00:00,6.949281692504883,-0.005013929679989815
56.20215428099982,2026-09-13T11:39:00.630231+00:00,6.949580669403076,-0.004865637514740229
56.26065924900013,2026-09-13T11:39:00.688733+00:00,6.949704170227051,-0.004808603785932064
56.31558317600047,2026-09-13T11:39:00.743679+00:00,6.949835777282715,-0.004571338649839163
56.354488603999926,2026-09-13T11:39:00.782570+00:00,6.949882507324219,-0.00447381054982543
56.44559626499995,2026-09-13T11:39:00.873680+00:00,6.9498291015625,-0.004528046119958162
56.55627853599981,2026-09-13T11:39:00.984375+00:00,6.949796199798584,-0.004353462718427181
56.58067902499988,2026-09-13T11:39:01.008766+00:00,6.949865341186523,-0.004355011973530054
56.66793023599985,2026-09-13T11:39:01.096019+00:00,6.949936866760254,-0.004546990618109703
56.75090983900009,2026-09-13T11:39:01.179000+00:00,6.949962615966797,-0.004411539528518915
56.81831634599985,2026-09-13T11:39:01.246400+00:00,6.949955463409424,-0.0043201451189816
56.93581241700031,2026-09-13T11:39:01.363898+00:00,6.949989318847656,-0.004394826479256153
57.00719758699961,2026-09-13T11:39:01.435283+00:00,6.95001745223999,-0.004353791940957308
57.08073913699991,2026-09-13T11:39:01.508824+00:00,6.95002555847168,-0.004031929653137922
57.12693065199983,2026-09-13T11:39:01.555013+00:00,6.950039386749268,-0.004110623151063919
57.19423705600002,2026-09-13T11:39:01.622338+00:00,6.950056076049805,-0.0041487859562039375
57.23759403799977,2026-09-13T11:39:01.665685+00:00,6.950112342834473,-0.0039824568666517735
57.288153901999976,2026-09-13T11:39:01.716233+00:00,6.95015287399292,-0.003993688151240349
57.37827228799961,2026-09-13T11:39:01.806372+00:00,6.950282573699951,-0.004017387516796589
57.42921598199973,2026-09-13T11:39:01.857305+00:00,6.94945764541626,-0.025549519807100296
57.478064898999946,2026-09-13T11:39:01.906146+00:00,6.94944429397583,-0.04648005589842796
57.56378370099992,2026-09-13T11:39:01.991864+00:00,6.949213981628418,-0.0686858594417572
57.65615690300001,2026-09-13T11:39:02.084242+00:00,6.948557376861572,-0.08625230193138123
57.72616166999978,2026-09-13T11:39:02.154224+00:00,6.9474992752075195,-0.10522027313709259
57.79072576999988,2026-09-13T11:39:02.218800+00:00,6.9468302726745605,-0.12039013206958771
57.85097691499959,2026-09-13T11:39:02.279062+00:00,6.946310043334961,-0.13650840520858765
57.92386313000043,2026-09-13T11:39:02.350782+00:00,6.946017742156982,-0.1546446979045868
58.020546437999656,2026-09-13T11:39:02.448623+00:00,6.945651531219482,-0.17145806550979614
58.07539509399976,2026-09-13T11:39:02.503464+00:00,6.945069313049316,-0.19056469202041626
58.134732041999996,2026-09-13T11:39:02.562825+00:00,6.944723129272461,-0.2105499804019928
58.19041751399982,2026-09-13T11:39:02.618501+00:00,6.944725036621094,-0.2316848486661911
58.29381430000012,2026-09-13T11:39:02.721913+00:00,6.944891929626465,-0.2565351724624634
58.36488524099968,2026-09-13T11:39:02.792971+00:00,6.945063591003418,-0.27413877844810486
58.43436220199965,2026-09-13T11:39:02.862440+00:00,6.945237159729004,-0.29629573225975037
58.500470359000246,2026-09-13T11:39:02.928544+00:00,6.9455671310424805,-0.32002922892570496
58.57680307800001,2026-09-13T11:39:03.004882+00:00,6.945672512054443,-0.34026339650154114
58.66560791000029,2026-09-13T11:39:03.093697+00:00,6.945137977600098,-0.3624667525291443
58.712582827000006,2026-09-13T11:39:03.140671+00:00,6.942066669464111,-0.40381649136543274
58.77288738199968,2026-09-13T11:39:03.200973+00:00,6.941794395446777,-0.44856125116348267
58.83665399399979,2026-09-13T11:39:03.264707+00:00,6.943708896636963,-0.4816282391548157
58.917854864999754,2026-09-13T11:39:03.345937+00:00,6.946784019470215,-0.5114452838897705
58.97815628300032,2026-09-13T11:39:03.406246+00:00,6.947744846343994,-0.5441820025444031
59.05508941900007,2026-09-13T11:39:03.483169+00:00,6.949024200439453,-0.5487167835235596
59.12170598800003,2026-09-13T11:39:03.549786+00:00,6.949929237365723,-0.5453731417655945
59.226190033999956,2026-09-13T11:39:03.654289+00:00,6.950514316558838,-0.5425559878349304
59.25125897599992,2026-09-13T11:39:03.679344+00:00,6.950655937194824,-0.536716878414154
59.31777304299976,2026-09-13T11:39:03.745852+00:00,6.950622081756592,-0.5310653448104858
59.364042512000196,2026-09-13T11:39:03.792130+00:00,6.950530052185059,-0.5261803865432739
59.473536767999576,2026-09-13T11:39:03.901618+00:00,6.950349807739258,-0.5215279459953308
59.552627308999945,2026-09-13T11:39:03.980710+00:00,6.950356960296631,-0.5189407467842102
59.62119330200039,2026-09-13T11:39:04.049275+00:00,6.950738430023193,-0.5177491307258606
59.68088153099961,2026-09-13T11:39:04.108967+00:00,6.951202392578125,-0.5178961753845215
59.75526398799957,2026-09-13T11:39:04.183348+00:00,6.951683044433594,-0.51792973279953
59.83074446200044,2026-09-13T11:39:04.258829+00:00,6.951887607574463,-0.5166977643966675
59.90860142499969,2026-09-13T11:39:04.336689+00:00,6.9519267082214355,-0.5155524611473083
59.98200897700008,2026-09-13T11:39:04.410092+00:00,6.951962947845459,-0.5151474475860596
60.05446981899968,2026-09-13T11:39:04.482556+00:00,6.952063083648682,-0.5150416493415833
60.117041640000025,2026-09-13T11:39:04.545128+00:00,6.952197074890137,-0.5149189233779907
60.18597920600041,2026-09-13T11:39:04.614075+00:00,6.952226638793945,-0.5148229598999023
60.25491187500029,2026-09-13T11:39:04.683014+00:00,6.95224666595459,-0.5147440433502197
60.31733296699986,2026-09-13T11:39:04.745418+00:00,6.952329635620117,-0.5148324370384216
60.395064162999915,2026-09-13T11:39:04.823147+00:00,6.952390670776367,-0.5146031379699707
60.475121444999786,2026-09-13T11:39:04.903177+00:00,6.952479362487793,-0.5141631960868835
60.54926129700016,2026-09-13T11:39:04.977339+00:00,6.952555179595947,-0.5139086842536926
60.598719780000465,2026-09-13T11:39:05.026787+00:00,6.952574253082275,-0.5139230489730835
60.683978002,2026-09-13T11:39:05.112068+00:00,6.952568531036377,-0.513830840587616
60.725443221000205,2026-09-13T11:39:05.153533+00:00,6.952620983123779,-0.513809084892273
60.793050596000285,2026-09-13T11:39:05.221150+00:00,6.952696800231934,-0.5138199925422668
60.90985250199992,2026-09-13T11:39:05.337938+00:00,6.952703475952148,-0.5136407613754272
60.99683043999994,2026-09-13T11:39:05.424913+00:00,6.952671051025391,-0.5136604905128479
61.058818704999794,2026-09-13T11:39:05.486905+00:00,6.952709674835205,-0.5136105418205261
61.12184123800034,2026-09-13T11:39:05.549927+00:00,6.952701568603516,-0.513500452041626
61.15757134100022,2026-09-13T11:39:05.585655+00:00,6.952668190002441,-0.513485312461853
61.21966866799994,2026-09-13T11:39:05.647753+00:00,6.9527058601379395,-0.5134307146072388
61.334423063999566,2026-09-13T11:39:05.762508+00:00,6.952681541442871,-0.5133662223815918
61.36486549999972,2026-09-13T11:39:05.792951+00:00,6.952363967895508,-0.5061262249946594
61.429263537000224,2026-09-13T11:39:05.857349+00:00,6.951837539672852,-0.4834337830543518
61.51495141600026,2026-09-13T11:39:05.943047+00:00,6.951572895050049,-0.45384591817855835
61.575732762999905,2026-09-13T11:39:06.003817+00:00,6.951163291931152,-0.4270901679992676
61.657908275999944,2026-09-13T11:39:06.086002+00:00,6.950620651245117,-0.40483716130256653
61.747476313000334,2026-09-13T11:39:06.175564+00:00,6.9501142501831055,-0.37898656725883484
61.79840367900033,2026-09-13T11:39:06.226495+00:00,6.949927806854248,-0.35459333658218384
61.863992374999725,2026-09-13T11:39:06.292095+00:00,6.9498162269592285,-0.3324311673641205
61.92423554600009,2026-09-13T11:39:06.352315+00:00,6.949620723724365,-0.3082147240638733
61.98182201800046,2026-09-13T11:39:06.409907+00:00,6.949410915374756,-0.2854599058628082
62.05242879599973,2026-09-13T11:39:06.480515+00:00,6.9486775398254395,-0.2603481411933899
62.13391617399975,2026-09-13T11:39:06.561996+00:00,6.947915077209473,-0.23515142500400543
62.201671970999996,2026-09-13T11:39:06.629760+00:00,6.9469780921936035,-0.2083626091480255
62.3043707529996,2026-09-13T11:39:06.732456+00:00,6.945953369140625,-0.17877799272537231
62.36392873099976,2026-09-13T11:39:06.792027+00:00,6.944875717163086,-0.14755287766456604
62.4381707929997,2026-09-13T11:39:06.866273+00:00,6.943774700164795,-0.11907009035348892
62.50097859200014,2026-09-13T11:39:06.929075+00:00,6.942684173583984,-0.08686254918575287
62.55647547100034,2026-09-13T11:39:06.984509+00:00,6.941559791564941,-0.05130917578935623
62.60708137799975,2026-09-13T11:39:07.030605+00:00,6.940546035766602,-0.01811370626091957
62.7242408660004,2026-09-13T11:39:07.152324+00:00,6.938880920410156,0.019043872132897377
62.786443187999794,2026-09-13T11:39:07.214525+00:00,6.935690879821777,0.05086385831236839
62.843963031000385,2026-09-13T11:39:07.272052+00:00,6.930941104888916,0.09912511706352234
62.89283536499988,2026-09-13T11:39:07.320923+00:00,6.926331520080566,0.14845921099185944
62.98455802100034,2026-09-13T11:39:07.412647+00:00,6.925244331359863,0.18734149634838104
63.04302908699992,2026-09-13T11:39:07.471112+00:00,6.9279279708862305,0.2178487777709961
63.105327510999814,2026-09-13T11:39:07.533411+00:00,6.929696559906006,0.25672128796577454
63.20437929499985,2026-09-13T11:39:07.632463+00:00,6.931453704833984,0.2886458933353424
63.268900086999565,2026-09-13T11:39:07.696996+00:00,6.932959079742432,0.31850484013557434
63.30223596900032,2026-09-13T11:39:07.730320+00:00,6.933243751525879,0.3460196256637573
63.393885309000325,2026-09-13T11:39:07.821985+00:00,6.931713581085205,0.375583678483963
63.45927344699976,2026-09-13T11:39:07.887353+00:00,6.929367542266846,0.4040694236755371
63.55435872900034,2026-09-13T11:39:07.982381+00:00,6.9268622398376465,0.43428122997283936
63.619123567000315,2026-09-13T11:39:08.047214+00:00,6.924620628356934,0.4663783609867096
63.668934289999925,2026-09-13T11:39:08.097017+00:00,6.923177719116211,0.49145612120628357
63.76408194099986,2026-09-13T11:39:08.192180+00:00,6.9219865798950195,0.5208300948143005
63.8151444490004,2026-09-13T11:39:08.243232+00:00,6.921271324157715,0.5347405672073364
63.90146493300017,2026-09-13T11:39:08.329542+00:00,6.920638084411621,0.5317806601524353
63.9780148359996,2026-09-13T11:39:08.406097+00:00,6.91999626159668,0.5311835408210754
64.0839840409999,2026-09-13T11:39:08.512066+00:00,6.919302940368652,0.5287531018257141
64.2321973879998,2026-09-13T11:39:08.660279+00:00,6.918635368347168,0.5077214241027832
64.30149832700044,2026-09-13T11:39:08.729580+00:00,6.918334484100342,0.5027012825012207
64.37583943000027,2026-09-13T11:39:08.803925+00:00,6.9180402755737305,0.4985063672065735
64.45208634000028,2026-09-13T11:39:08.880185+00:00,6.9177045822143555,0.495166540145874
64.52989727499971,2026-09-13T11:39:08.957996+00:00,6.917396545410156,0.4914337396621704
64.61435822699968,2026-09-13T11:39:09.042425+00:00,6.917116641998291,0.48783373832702637
64.68518424499962,2026-09-13T11:39:09.113271+00:00,6.916884422302246,0.4845809042453766
64.73334133499975,2026-09-13T11:39:09.161426+00:00,6.916683197021484,0.48186689615249634
64.78473970100003,2026-09-13T11:39:09.212824+00:00,6.916436195373535,0.4788364768028259
64.87963149400002,2026-09-13T11:39:09.307715+00:00,6.91621732711792,0.474751353263855
64.9476854479999,2026-09-13T11:39:09.375764+00:00,6.91597318649292,0.47255420684814453
65.0389290940002,2026-09-13T11:39:09.467011+00:00,6.915689945220947,0.46944090723991394
65.08840872499968,2026-09-13T11:39:09.516477+00:00,6.915521144866943,0.4664345681667328
65.18720231299994,2026-09-13T11:39:09.615288+00:00,6.915330410003662,0.4633907973766327
65.29590280899993,2026-09-13T11:39:09.723981+00:00,6.914781093597412,0.4577092230319977
65.47941227400042,2026-09-13T11:39:09.907499+00:00,6.914607048034668,0.45121580362319946
65.53489564400024,2026-09-13T11:39:09.962993+00:00,6.9146809577941895,0.4502512812614441
65.5968669089998,2026-09-13T11:39:10.024954+00:00,6.914700984954834,0.44931668043136597
65.70084725800007,2026-09-13T11:39:10.128948+00:00,6.914686679840088,0.44845250248908997
65.78387983500033,2026-09-13T11:39:10.211967+00:00,6.9146928787231445,0.44764333963394165
65.84996180100006,2026-09-13T11:39:10.278013+00:00,6.914731025695801,0.4467065632343292
65.91227932400034,2026-09-13T11:39:10.340366+00:00,6.914782524108887,0.4461890161037445
66.02349369199965,2026-09-13T11:39:10.450976+00:00,6.914812088012695,0.44489726424217224
66.11518597000031,2026-09-13T11:39:10.543260+00:00,6.91331672668457,0.48236823081970215
66.21748299000046,2026-09-13T11:39:10.645566+00:00,6.912467956542969,0.5045938491821289
66.30785128699972,2026-09-13T11:39:10.735935+00:00,6.912502765655518,0.5232539176940918
66.39709827200022,2026-09-13T11:39:10.825181+00:00,6.913331985473633,0.5417371392250061
66.46044388700011,2026-09-13T11:39:10.888525+00:00,6.914224624633789,0.5493658185005188
66.51128839600005,2026-09-13T11:39:10.939371+00:00,6.915585041046143,0.5355475544929504
66.55860278,2026-09-13T11:39:10.986688+00:00,6.91603946685791,0.52210533618927
66.61724172100003,2026-09-13T11:39:11.045327+00:00,6.916054725646973,0.5113235712051392
66.69916437699976,2026-09-13T11:39:11.127247+00:00,6.915313720703125,0.5009471774101257
66.7632396959998,2026-09-13T11:39:11.191338+00:00,6.914768695831299,0.4922230541706085
66.84099689499999,2026-09-13T11:39:11.269081+00:00,6.914454936981201,0.4863629937171936
66.88571871099975,2026-09-13T11:39:11.313806+00:00,6.9141950607299805,0.48183685541152954
66.94894665399988,2026-09-13T11:39:11.377032+00:00,6.913976669311523,0.4781471788883209
67.01205081399985,2026-09-13T11:39:11.440150+00:00,6.913725852966309,0.47520506381988525
67.10377512299965,2026-09-13T11:39:11.531854+00:00,6.913488864898682,0.47206786274909973
67.14939424000022,2026-09-13T11:39:11.577476+00:00,6.913209915161133,0.4693886637687683
67.2244094560001,2026-09-13T11:39:11.652488+00:00,6.912898063659668,0.4667913019657135
67.29046796199964,2026-09-13T11:39:11.709571+00:00,6.912889003753662,0.4651903510093689
67.37743874900025,2026-09-13T11:39:11.805524+00:00,6.912765026092529,0.46330612897872925
67.4805300199996,2026-09-13T11:39:11.908624+00:00,6.91277551651001,0.46242982149124146
67.53368208400025,2026-09-13T11:39:11.961764+00:00,6.912693500518799,0.4613843262195587
67.64532821499961,2026-09-13T11:39:12.073425+00:00,6.912650108337402,0.46060308814048767
67.67964398999993,2026-09-13T11:39:12.107731+00:00,6.912615776062012,0.45831114053726196
67.7401781110002,2026-09-13T11:39:12.168261+00:00,6.912551403045654,0.4566759467124939
67.80842007000047,2026-09-13T11:39:12.236503+00:00,6.9125542640686035,0.45609137415885925
67.88865222500044,2026-09-13T11:39:12.316735+00:00,6.912600040435791,0.4552931487560272
67.95972717899986,2026-09-13T11:39:12.387812+00:00,6.912600517272949,0.45468682050704956
68.03195164000044,2026-09-13T11:39:12.460048+00:00,6.912557125091553,0.45412155985832214
68.07752976099982,2026-09-13T11:39:12.505613+00:00,6.912485122680664,0.4534311592578888
68.18010064700047,2026-09-13T11:39:12.608174+00:00,6.911505699157715,0.4653063118457794
68.22491398799957,2026-09-13T11:39:12.652995+00:00,6.910401344299316,0.49369606375694275
68.30650587000036,2026-09-13T11:39:12.734584+00:00,6.909315586090088,0.5140891671180725
68.39376326300044,2026-09-13T11:39:12.821845+00:00,6.90706205368042,0.541786253452301
68.46485018600015,2026-09-13T11:39:12.892936+00:00,6.905117511749268,0.5618509650230408
68.53469057300026,2026-09-13T11:39:12.962776+00:00,6.903520107269287,0.5724621415138245
68.57746059599958,2026-09-13T11:39:13.005542+00:00,6.9023661613464355,0.562201738357544
68.67356537700016,2026-09-13T11:39:13.101662+00:00,6.902047634124756,0.5493682622909546
68.76400106399979,2026-09-13T11:39:13.192100+00:00,6.901730060577393,0.5412052273750305
68.79826486599995,2026-09-13T11:39:13.226344+00:00,6.901678562164307,0.5359319448471069
68.8608880669999,2026-09-13T11:39:13.288974+00:00,6.901711940765381,0.5313409566879272
68.93509257599999,2026-09-13T11:39:13.363178+00:00,6.901828289031982,0.5273523330688477
68.98036910999963,2026-09-13T11:39:13.408456+00:00,6.90194034576416,0.5233026146888733
69.0833234390002,2026-09-13T11:39:13.511417+00:00,6.9020161628723145,0.5191327929496765
69.13118991600004,2026-09-13T11:39:13.559275+00:00,6.901987075805664,0.5163711905479431
69.23173117799979,2026-09-13T11:39:13.659819+00:00,6.902039527893066,0.5135102868080139
69.29823930600014,2026-09-13T11:39:13.726323+00:00,6.902207851409912,0.5112942457199097
69.3799767620003,2026-09-13T11:39:13.808064+00:00,6.902376174926758,0.5094708800315857
69.42922533399997,2026-09-13T11:39:13.857309+00:00,6.902469158172607,0.5080409049987793
69.50833409400002,2026-09-13T11:39:13.936266+00:00,6.902522563934326,0.5070114135742188
69.52612827400026,2026-09-13T11:39:13.954215+00:00,6.902613639831543,0.5055679678916931
69.62433515999965,2026-09-13T11:39:14.052423+00:00,6.902743816375732,0.5044552087783813
69.7091665199996,2026-09-13T11:39:14.137253+00:00,6.9028239250183105,0.5036889910697937
69.82363315899966,2026-09-13T11:39:14.251714+00:00,6.90281867980957,0.503276526927948
69.87219257000015,2026-09-13T11:39:14.300282+00:00,6.902759552001953,0.5030956864356995
69.95628808000038,2026-09-13T11:39:14.384374+00:00,6.902750015258789,0.5026594996452332
70.01833476499996,2026-09-13T11:39:14.446427+00:00,6.902744293212891,0.5023722648620605
70.059288681,2026-09-13T11:39:14.487370+00:00,6.902772426605225,0.5018385648727417
70.16274370799965,2026-09-13T11:39:14.590827+00:00,6.902778148651123,0.501220703125
70.23170688899972,2026-09-13T11:39:14.659790+00:00,6.902741432189941,0.5006234049797058
70.29881175399987,2026-09-13T11:39:14.726899+00:00,6.902754783630371,0.500333845615387
70.39093838400004,2026-09-13T11:39:14.819022+00:00,6.902820587158203,0.5001238584518433
70.47787127399988,2026-09-13T11:39:14.905957+00:00,6.902782440185547,0.5000230073928833
70.52963448500032,2026-09-13T11:39:14.957719+00:00,6.902741432189941,0.4999980926513672
70.60219736100044,2026-09-13T11:39:15.030289+00:00,6.902770042419434,0.49988463521003723
70.67337215499992,2026-09-13T11:39:15.101463+00:00,6.9027533531188965,0.4998807907104492
70.74055164699985,2026-09-13T11:39:15.168640+00:00,6.902726173400879,0.49989017844200134
70.83431996899981,2026-09-13T11:39:15.262348+00:00,6.902777671813965,0.49986693263053894
70.89485088499987,2026-09-13T11:39:15.322940+00:00,6.90280294418335,0.49975141882896423
70.95149860099991,2026-09-13T11:39:15.379582+00:00,6.902817249298096,0.49987781047821045
71.00237260799986,2026-09-13T11:39:15.430455+00:00,6.9028520584106445,0.4997376799583435
71.08100975300022,2026-09-13T11:39:15.509096+00:00,6.9028825759887695,0.4995518624782562
71.18408142699991,2026-09-13T11:39:15.612170+00:00,6.902838230133057,0.4996313750743866
71.25911532400005,2026-09-13T11:39:15.687195+00:00,6.902824401855469,0.4997046887874603
71.3041142410002,2026-09-13T11:39:15.732198+00:00,6.902881145477295,0.49965301156044006
71.35348720100046,2026-09-13T11:39:15.781586+00:00,6.902912616729736,0.499668151140213
71.44397559000026,2026-09-13T11:39:15.872055+00:00,6.902846336364746,0.49973294138908386
71.54416069699982,2026-09-13T11:39:15.972245+00:00,6.902907848358154,0.47906163334846497
71.59915375800028,2026-09-13T11:39:16.027239+00:00,6.903228759765625,0.43983742594718933
71.68442222700014,2026-09-13T11:39:16.112505+00:00,6.903356552124023,0.40792515873908997
71.86052450999978,2026-09-13T11:39:16.288620+00:00,6.903482913970947,0.3754422664642334
71.94887526900038,2026-09-13T11:39:16.376956+00:00,6.903550148010254,0.3757309019565582
72.01932448299976,2026-09-13T11:39:16.447414+00:00,6.903833866119385,0.3760472238063812
72.08032688099956,2026-09-13T11:39:16.508409+00:00,6.903934955596924,0.37645602226257324
72.14926919299978,2026-09-13T11:39:16.577360+00:00,6.903947353363037,0.3766598105430603
72.21710510400044,2026-09-13T11:39:16.645188+00:00,6.903962135314941,0.37649306654930115
72.28650059400024,2026-09-13T11:39:16.714585+00:00,6.903939247131348,0.3766791522502899
72.35678378299963,2026-09-13T11:39:16.784870+00:00,6.902734279632568,0.4028169810771942
72.41240404699965,2026-09-13T11:39:16.840492+00:00,6.901991367340088,0.4276733994483948
72.49972434600022,2026-09-13T11:39:16.927824+00:00,6.901003360748291,0.4451066255569458
72.56468345200028,2026-09-13T11:39:16.992766+00:00,6.9008307456970215,0.43123525381088257
72.63489844299966,2026-09-13T11:39:17.062986+00:00,6.901396751403809,0.4197332561016083
72.73110722100046,2026-09-13T11:39:17.159176+00:00,6.902153968811035,0.4148946702480316
72.80290985600004,2026-09-13T11:39:17.230990+00:00,6.90267276763916,0.4138603210449219
72.83112703400002,2026-09-13T11:39:17.259180+00:00,6.902855396270752,0.4135451316833496
72.93932021399996,2026-09-13T11:39:17.367407+00:00,6.902872562408447,0.4129781424999237
73.01168659300038,2026-09-13T11:39:17.439775+00:00,6.902856349945068,0.41293850541114807
73.15287514699958,2026-09-13T11:39:17.580954+00:00,6.902851581573486,0.41273266077041626
73.21908222799993,2026-09-13T11:39:17.647159+00:00,6.902841567993164,0.41290777921676636
73.31947537399992,2026-09-13T11:39:17.747563+00:00,6.902875900268555,0.41320228576660156
73.38830951799991,2026-09-13T11:39:17.816394+00:00,6.902885913848877,0.41285014152526855
73.48352047800017,2026-09-13T11:39:17.911607+00:00,6.902840614318848,0.4129607081413269
73.55518486399978,2026-09-13T11:39:17.983283+00:00,6.902854919433594,0.41295725107192993
73.62626361599996,2026-09-13T11:39:18.054344+00:00,6.902864933013916,0.4128773510456085
73.67803539899978,2026-09-13T11:39:18.106117+00:00,6.90284538269043,0.41296884417533875
73.74338556400016,2026-09-13T11:39:18.171465+00:00,6.902858734130859,0.41309988498687744
73.83094392000021,2026-09-13T11:39:18.259045+00:00,6.902945518493652,0.41294023394584656
73.89204430399968,2026-09-13T11:39:18.320132+00:00,6.902889251708984,0.4130255877971649
73.95290880300035,2026-09-13T11:39:18.380892+00:00,6.902854919433594,0.41303354501724243
74.04679965200012,2026-09-13T11:39:18.474883+00:00,6.9029011726379395,0.41295886039733887
74.10668211000029,2026-09-13T11:39:18.534496+00:00,6.902929306030273,0.4129312038421631
74.18469370900038,2026-09-13T11:39:18.612775+00:00,6.902885437011719,0.4130844175815582
74.22460810400025,2026-09-13T11:39:18.652691+00:00,6.902881145477295,0.41309425234794617
74.31323375400007,2026-09-13T11:39:18.741319+00:00,6.902872562408447,0.41299185156822205
74.37082142399959,2026-09-13T11:39:18.798905+00:00,6.902828216552734,0.41303160786628723
74.44949104399984,2026-09-13T11:39:18.877576+00:00,6.902743816375732,0.4130561351776123
74.54062243899989,2026-09-13T11:39:18.968714+00:00,6.902770519256592,0.4128318727016449
74.62207708200003,2026-09-13T11:39:19.050156+00:00,6.9027628898620605,0.41300705075263977
74.68001411499972,2026-09-13T11:39:19.108099+00:00,6.902751922607422,0.41316455602645874
74.7494136309997,2026-09-13T11:39:19.177505+00:00,6.902791500091553,0.4130050539970398
74.80780691400014,2026-09-13T11:39:19.235905+00:00,6.90281867980957,0.41294631361961365
74.91055862299982,2026-09-13T11:39:19.338645+00:00,6.902785778045654,0.4132195711135864
74.9511648329999,2026-09-13T11:39:19.379249+00:00,6.902744770050049,0.41292810440063477
75.02551509899968,2026-09-13T11:39:19.453601+00:00,6.902775764465332,0.4129129648208618
75.11478955199982,2026-09-13T11:39:19.542883+00:00,6.90274715423584,0.4129565358161926
75.16773247299989,2026-09-13T11:39:19.595811+00:00,6.902760982513428,0.41292259097099304
75.25670700400042,2026-09-13T11:39:19.684790+00:00,6.9027628898620605,0.4128325879573822
75.37676991799981,2026-09-13T11:39:19.804865+00:00,6.902737140655518,0.41283631324768066
75.49179766199995,2026-09-13T11:39:19.919891+00:00,6.902803421020508,0.4127488434314728
75.64416483500008,2026-09-13T11:39:20.072253+00:00,6.902777671813965,0.4129467308521271
75.73267245700026,2026-09-13T11:39:20.160757+00:00,6.902782440185547,0.4129904806613922
75.84228843100027,2026-09-13T11:39:20.270375+00:00,6.902777194976807,0.4129735827445984
75.932507128,2026-09-13T11:39:20.360592+00:00,6.902850151062012,0.41290611028671265
76.02242817600018,2026-09-13T11:39:20.450510+00:00,6.9028544425964355,0.4129604697227478
76.05373397800031,2026-09-13T11:39:20.481820+00:00,6.902751922607422,0.41311490535736084
76.13808251299997,2026-09-13T11:39:20.566162+00:00,6.9027628898620605,0.41285932064056396
76.19497301899992,2026-09-13T11:39:20.623040+00:00,6.902781009674072,0.4129161238670349
76.30031863499971,2026-09-13T11:39:20.728401+00:00,6.902760028839111,0.413013219833374
76.41124949999994,2026-09-13T11:39:20.839283+00:00,6.90277624130249,0.4129515588283539
76.4884368869998,2026-09-13T11:39:20.916521+00:00,6.902801990509033,0.41303277015686035
76.54947207999976,2026-09-13T11:39:20.977556+00:00,6.90283727645874,0.41294634342193604
76.66061869999976,2026-09-13T11:39:21.088716+00:00,6.902866840362549,0.41292521357536316
76.7196297749997,2026-09-13T11:39:21.147722+00:00,6.902867317199707,0.4129648208618164
76.76045337100004,2026-09-13T11:39:21.188540+00:00,6.902878284454346,0.41298630833625793
76.82242848900023,2026-09-13T11:39:21.250531+00:00,6.902862548828125,0.4128038287162781
76.88271384499967,2026-09-13T11:39:21.310781+00:00,6.902838706970215,0.4129098057746887
76.96676047300025,2026-09-13T11:39:21.394848+00:00,6.902813911437988,0.41299867630004883
77.02854709999974,2026-09-13T11:39:21.456629+00:00,6.9028096199035645,0.41291651129722595
77.08113204500023,2026-09-13T11:39:21.509186+00:00,6.902782440185547,0.4129057824611664
77.19093196199992,2026-09-13T11:39:21.619015+00:00,6.902746200561523,0.4132517874240875
77.29089240099984,2026-09-13T11:39:21.718874+00:00,6.902737140655518,0.41318562626838684
77.35194439400038,2026-09-13T11:39:21.780031+00:00,6.902726173400879,0.4131985604763031
77.3972958989998,2026-09-13T11:39:21.825292+00:00,6.902675151824951,0.4133564233779907
77.4494503879996,2026-09-13T11:39:21.877535+00:00,6.902681827545166,0.4133300483226776
77.55352703100016,2026-09-13T11:39:21.981519+00:00,6.902735710144043,0.41324156522750854
77.6146184170002,2026-09-13T11:39:22.042697+00:00,6.902719974517822,0.41331058740615845
77.66049151900006,2026-09-13T11:39:22.088578+00:00,6.902702331542969,0.4133831560611725
77.72680499699982,2026-09-13T11:39:22.154887+00:00,6.9027557373046875,0.41312065720558167
77.821059633,2026-09-13T11:39:22.249149+00:00,6.902730941772461,0.41337698698043823
77.88034720300038,2026-09-13T11:39:22.308449+00:00,6.902700901031494,0.4134678840637207
77.96135707699978,2026-09-13T11:39:22.383400+00:00,6.902773857116699,0.4132888615131378
78.01430268199965,2026-09-13T11:39:22.442386+00:00,6.90278959274292,0.4133666455745697
78.08497096999963,2026-09-13T11:39:22.513073+00:00,6.902729511260986,0.4135749340057373
78.15075660900038,2026-09-13T11:39:22.578838+00:00,6.902756214141846,0.41348233819007874
78.2641084070001,2026-09-13T11:39:22.692190+00:00,6.902798652648926,0.41344183683395386
78.29977967499963,2026-09-13T11:39:22.727873+00:00,6.902737617492676,0.413758784532547
78.35648293600025,2026-09-13T11:39:22.784567+00:00,6.902739524841309,0.4137358069419861
78.41900137900029,2026-09-13T11:39:22.847084+00:00,6.902763843536377,0.4135483503341675
78.50402310000027,2026-09-13T11:39:22.932108+00:00,6.902768611907959,0.41370269656181335
78.58708576499976,2026-09-13T11:39:23.015169+00:00,6.902719497680664,0.4136985242366791
78.6571598090004,2026-09-13T11:39:23.085255+00:00,6.9027605056762695,0.41351553797721863
78.70921380900018,2026-09-13T11:39:23.137293+00:00,6.902744770050049,0.4135678708553314
78.80772628700015,2026-09-13T11:39:23.235824+00:00,6.902719020843506,0.41376039385795593
78.85851480699966,2026-09-13T11:39:23.286601+00:00,6.9027485847473145,0.41351768374443054
78.9318472140003,2026-09-13T11:39:23.359938+00:00,6.90275764465332,0.4137406051158905
79.01244813500034,2026-09-13T11:39:23.440534+00:00,6.902758598327637,0.4138804078102112
79.1021058639999,2026-09-13T11:39:23.529921+00:00,6.902745723724365,0.4137127697467804
79.18972469300024,2026-09-13T11:39:23.617821+00:00,6.902729511260986,0.41359925270080566
79.23884326000007,2026-09-13T11:39:23.666929+00:00,6.90269660949707,0.41374051570892334
79.32473245300025,2026-09-13T11:39:23.752832+00:00,6.902688980102539,0.41360214352607727
79.37149034100003,2026-09-13T11:39:23.799577+00:00,6.902720928192139,0.4136446416378021
79.4175102019999,2026-09-13T11:39:23.845590+00:00,6.90272855758667,0.4136793315410614
79.47511466499964,2026-09-13T11:39:23.903196+00:00,6.902778148651123,0.41379496455192566
79.59252771800038,2026-09-13T11:39:24.020626+00:00,6.902801513671875,0.41368669271469116
79.64696300499963,2026-09-13T11:39:24.075049+00:00,6.902886867523193,0.41377225518226624
79.75514682100038,2026-09-13T11:39:24.183239+00:00,6.902875900268555,0.41392168402671814
79.7787222549996,2026-09-13T11:39:24.206815+00:00,6.902939319610596,0.41388139128685
79.8335831989998,2026-09-13T11:39:24.261665+00:00,6.902956008911133,0.4138895869255066
79.93218937700021,2026-09-13T11:39:24.360273+00:00,6.902924537658691,0.41414231061935425
79.99312794999969,2026-09-13T11:39:24.421210+00:00,6.902960300445557,0.41409802436828613
80.08190162600022,2026-09-13T11:39:24.509980+00:00,6.902950763702393,0.4140143096446991
80.1273050030004,2026-09-13T11:39:24.555389+00:00,6.90290641784668,0.41407501697540283
80.21227980500043,2026-09-13T11:39:24.640361+00:00,6.902914524078369,0.41393452882766724
80.29784100899997,2026-09-13T11:39:24.725945+00:00,6.903036594390869,0.41371971368789673
80.39610591899964,2026-09-13T11:39:24.824194+00:00,6.902981281280518,0.413974791765213
80.47433962899959,2026-09-13T11:39:24.902426+00:00,6.903031826019287,0.41379043459892273
80.5556081069999,2026-09-13T11:39:24.983695+00:00,6.903064250946045,0.4125829339027405
80.60486725600003,2026-09-13T11:39:25.032956+00:00,6.902968406677246,0.3867756426334381
80.68398200699994,2026-09-13T11:39:25.112060+00:00,6.902462482452393,0.35475996136665344
80.73651312000038,2026-09-13T11:39:25.164515+00:00,6.901871681213379,0.3298555016517639
80.8355738170003,2026-09-13T11:39:25.263670+00:00,6.901397705078125,0.3057596981525421
80.90960181199989,2026-09-13T11:39:25.337686+00:00,6.9005866050720215,0.2815428674221039
80.9886561760004,2026-09-13T11:39:25.416744+00:00,6.899881839752197,0.2594684064388275
81.06327332500041,2026-09-13T11:39:25.491358+00:00,6.8986287117004395,0.22652490437030792
81.11142965900035,2026-09-13T11:39:25.539511+00:00,6.897741317749023,0.20635218918323517
81.2133778819998,2026-09-13T11:39:25.641477+00:00,6.896271705627441,0.1799839735031128
81.26115944200046,2026-09-13T11:39:25.689249+00:00,6.894745349884033,0.15425041317939758
81.32885904100021,2026-09-13T11:39:25.756955+00:00,6.89375114440918,0.13269168138504028
81.42678600900035,2026-09-13T11:39:25.854870+00:00,6.892914295196533,0.10417221486568451
81.47967883900037,2026-09-13T11:39:25.907776+00:00,6.892220497131348,0.07743140310049057
81.54269272900001,2026-09-13T11:39:25.970779+00:00,6.8917646408081055,0.053237102925777435
81.59718712199992,2026-09-13T11:39:26.025267+00:00,6.8908915519714355,0.026080666109919548
81.66318329499973,2026-09-13T11:39:26.091267+00:00,6.88995885848999,-0.018577035516500473
81.75824379099959,2026-09-13T11:39:26.186309+00:00,6.887694358825684,-0.07529870420694351
81.82328710900038,2026-09-13T11:39:26.251334+00:00,6.887733459472656,-0.10244957357645035
81.8968350109999,2026-09-13T11:39:26.324915+00:00,6.88800573348999,-0.11385884135961533
81.97368815800019,2026-09-13T11:39:26.401770+00:00,6.889694690704346,-0.10538983345031738
82.04913770500025,2026-09-13T11:39:26.477220+00:00,6.891374588012695,-0.09583363682031631
82.11094784499983,2026-09-13T11:39:26.539035+00:00,6.892094135284424,-0.09026826173067093
82.17034223100018,2026-09-13T11:39:26.598426+00:00,6.89224910736084,-0.08455589413642883
82.23614981599985,2026-09-13T11:39:26.664234+00:00,6.892180919647217,-0.08061021566390991
82.31990883199978,2026-09-13T11:39:26.747989+00:00,6.892026901245117,-0.07927527278661728
82.36562515199967,2026-09-13T11:39:26.793727+00:00,6.8919267654418945,-0.07871762663125992
82.44746652200047,2026-09-13T11:39:26.875551+00:00,6.891916275024414,-0.07820378243923187
82.57202605600014,2026-09-13T11:39:27.000108+00:00,6.8919453620910645,-0.07799728214740753
82.6950221369998,2026-09-13T11:39:27.123105+00:00,6.891865253448486,-0.07748790830373764
82.7528795369999,2026-09-13T11:39:27.180959+00:00,6.8918232917785645,-0.07751818746328354
82.85442363499988,2026-09-13T11:39:27.282450+00:00,6.891805171966553,-0.07727935910224915
82.94570180000028,2026-09-13T11:39:27.373780+00:00,6.8917412757873535,-0.07712278515100479
83.01977225799965,2026-09-13T11:39:27.447855+00:00,6.891497611999512,-0.07712863385677338
83.09544674399967,2026-09-13T11:39:27.523521+00:00,6.891050338745117,-0.07691051810979843
83.22807294500035,2026-09-13T11:39:27.655928+00:00,6.878747463226318,-0.07542833685874939
83.27621423500023,2026-09-13T11:39:27.704313+00:00,6.869300842285156,-0.07367550581693649
83.34670976800044,2026-09-13T11:39:27.774795+00:00,6.858234405517578,-0.07327256351709366
83.41970509200019,2026-09-13T11:39:27.847790+00:00,6.842512607574463,-0.07762575149536133
83.53963046900026,2026-09-13T11:39:27.967728+00:00,6.820983409881592,-0.07902760803699493
83.58787893299996,2026-09-13T11:39:28.015981+00:00,6.790108680725098,-0.08048068732023239
83.64645253199978,2026-09-13T11:39:28.074546+00:00,6.767916679382324,-0.07985390722751617
83.73972104899985,2026-09-13T11:39:28.167798+00:00,6.742338180541992,-0.0792911946773529
83.8432180890004,2026-09-13T11:39:28.271304+00:00,6.6944169998168945,-0.07864632457494736
83.91841782499978,2026-09-13T11:39:28.346497+00:00,6.68216609954834,-0.07817357778549194
84.00748558899977,2026-09-13T11:39:28.435578+00:00,6.676395416259766,-0.07596799731254578
84.10508603499966,2026-09-13T11:39:28.533169+00:00,6.672043800354004,-0.07587611675262451
84.13510878000034,2026-09-13T11:39:28.563192+00:00,6.67141056060791,-0.08045287430286407
84.19502060000013,2026-09-13T11:39:28.623102+00:00,6.671952247619629,-0.0845792219042778
84.24366428600024,2026-09-13T11:39:28.671746+00:00,6.672685623168945,-0.08655611425638199
84.33605726499991,2026-09-13T11:39:28.764158+00:00,6.673205852508545,-0.08702121675014496
84.41359553500024,2026-09-13T11:39:28.841698+00:00,6.673568248748779,-0.08711517602205276
84.48705331600013,2026-09-13T11:39:28.915141+00:00,6.673933506011963,-0.08725543320178986
84.5576319239999,2026-09-13T11:39:28.985711+00:00,6.674145698547363,-0.08743523061275482
84.62804079200032,2026-09-13T11:39:29.056139+00:00,6.6743550300598145,-0.09756547957658768
84.70770625499972,2026-09-13T11:39:29.135607+00:00,6.673949241638184,-0.1275371015071869
84.77168835500015,2026-09-13T11:39:29.199769+00:00,6.673849105834961,-0.15398414433002472
84.8242801059996,2026-09-13T11:39:29.252365+00:00,6.673679351806641,-0.17755736410617828
84.89041170400014,2026-09-13T11:39:29.318497+00:00,6.672597408294678,-0.20457160472869873
84.96646732800036,2026-09-13T11:39:29.394543+00:00,6.671145439147949,-0.2258150577545166
85.02872321700033,2026-09-13T11:39:29.456809+00:00,6.6692681312561035,-0.2456974983215332
85.09191864700006,2026-09-13T11:39:29.520003+00:00,6.667191982269287,-0.2659704089164734
85.13465690500016,2026-09-13T11:39:29.562745+00:00,6.6653032302856445,-0.2840525507926941
85.20411551100005,2026-09-13T11:39:29.632206+00:00,6.663527011871338,-0.30186110734939575
85.27548462600043,2026-09-13T11:39:29.703566+00:00,6.661871433258057,-0.31898459792137146
85.3916266440001,2026-09-13T11:39:29.819706+00:00,6.660402297973633,-0.33757224678993225
85.452734083,2026-09-13T11:39:29.880823+00:00,6.659942150115967,-0.35609716176986694
85.53309891299978,2026-09-13T11:39:29.961188+00:00,6.659732341766357,-0.37205928564071655
85.57986754600006,2026-09-13T11:39:30.007717+00:00,6.659547328948975,-0.3886032700538635
85.64957496399984,2026-09-13T11:39:30.077672+00:00,6.659114360809326,-0.4051661789417267
85.71649089499988,2026-09-13T11:39:30.144573+00:00,6.65821647644043,-0.426229327917099
85.77645001000019,2026-09-13T11:39:30.204536+00:00,6.657810211181641,-0.4441073536872864
85.88129054500041,2026-09-13T11:39:30.309389+00:00,6.657604217529297,-0.4660789370536804
85.95281505900039,2026-09-13T11:39:30.380903+00:00,6.65775203704834,-0.48775678873062134
86.03780133700002,2026-09-13T11:39:30.465890+00:00,6.657750606536865,-0.5135346055030823
86.06520245899992,2026-09-13T11:39:30.493262+00:00,6.657932281494141,-0.5325965881347656
86.15830507299961,2026-09-13T11:39:30.586395+00:00,6.657951354980469,-0.5553524494171143
86.21869672600042,2026-09-13T11:39:30.646778+00:00,6.65775728225708,-0.5856197476387024
86.33276690999992,2026-09-13T11:39:30.760866+00:00,6.655612945556641,-0.6297821402549744
86.37775675099965,2026-09-13T11:39:30.805843+00:00,6.658217906951904,-0.6710928678512573
86.44506438400003,2026-09-13T11:39:30.873149+00:00,6.658871173858643,-0.6871619820594788
86.53334624200033,2026-09-13T11:39:30.961431+00:00,6.660379886627197,-0.6859379410743713
86.57682876600029,2026-09-13T11:39:31.004910+00:00,6.661545753479004,-0.6896243691444397
86.64231814800041,2026-09-13T11:39:31.070394+00:00,6.663211822509766,-0.6920073628425598
86.71001306499966,2026-09-13T11:39:31.138094+00:00,6.664943695068359,-0.6937478184700012
86.76960678199976,2026-09-13T11:39:31.197707+00:00,6.6667327880859375,-0.6950945258140564
86.8330863860001,2026-09-13T11:39:31.261172+00:00,6.668237686157227,-0.6954926252365112
86.87915491199965,2026-09-13T11:39:31.307238+00:00,6.669200420379639,-0.6955129504203796
86.97784232400045,2026-09-13T11:39:31.405928+00:00,6.670233726501465,-0.6962385177612305
87.04820801799997,2026-09-13T11:39:31.476290+00:00,6.671082973480225,-0.6965893507003784
87.15646068200022,2026-09-13T11:39:31.584546+00:00,6.672140598297119,-0.6974746584892273
87.24209563499971,2026-09-13T11:39:31.670185+00:00,6.6719441413879395,-0.6818814277648926
87.29080248799983,2026-09-13T11:39:31.718877+00:00,6.671992301940918,-0.6610041856765747
87.34872830200038,2026-09-13T11:39:31.776815+00:00,6.671327114105225,-0.6447439193725586
87.43326376700043,2026-09-13T11:39:31.861344+00:00,6.671009063720703,-0.6271710991859436
87.47651843600033,2026-09-13T11:39:31.904622+00:00,6.671871662139893,-0.60807204246521
87.56817347699962,2026-09-13T11:39:31.996262+00:00,6.674592971801758,-0.5814913511276245
87.62366218999978,2026-09-13T11:39:32.051746+00:00,6.677334785461426,-0.5629968643188477
87.72309770599986,2026-09-13T11:39:32.151189+00:00,6.68105936050415,-0.5399700403213501
87.77296737699999,2026-09-13T11:39:32.201048+00:00,6.684317111968994,-0.5196184515953064
87.84558081399973,2026-09-13T11:39:32.273663+00:00,6.68705415725708,-0.5141680836677551
87.9190566039997,2026-09-13T11:39:32.347148+00:00,6.690883159637451,-0.5264413356781006
88.00573023800007,2026-09-13T11:39:32.433814+00:00,6.689784526824951,-0.527758002281189
88.10467858999982,2026-09-13T11:39:32.532767+00:00,6.688788414001465,-0.5297415256500244
88.18547732800016,2026-09-13T11:39:32.613560+00:00,6.688640117645264,-0.5302243828773499
88.25327045599988,2026-09-13T11:39:32.681347+00:00,6.688826084136963,-0.5301968455314636
88.32346522700027,2026-09-13T11:39:32.751550+00:00,6.688935279846191,-0.5304747223854065
88.38472226999966,2026-09-13T11:39:32.812808+00:00,6.688985824584961,-0.5349578261375427
88.46075964600004,2026-09-13T11:39:32.888763+00:00,6.6891279220581055,-0.5612595081329346
88.53311764499995,2026-09-13T11:39:32.961125+00:00,6.689501762390137,-0.584915280342102
88.59825500500028,2026-09-13T11:39:33.026340+00:00,6.689825057983398,-0.614431619644165
88.66123323200009,2026-09-13T11:39:33.089315+00:00,6.692309379577637,-0.6225618124008179
88.74919244099965,2026-09-13T11:39:33.177282+00:00,6.694553852081299,-0.6152331829071045
88.81429728700004,2026-09-13T11:39:33.242397+00:00,6.6959428787231445,-0.6122227907180786
88.8850398630002,2026-09-13T11:39:33.313137+00:00,6.696443557739258,-0.6101552248001099
88.95478081300007,2026-09-13T11:39:33.382867+00:00,6.696330547332764,-0.6086090803146362
89.01523655999972,2026-09-13T11:39:33.443334+00:00,6.6963791847229,-0.6084879040718079
89.07693186699998,2026-09-13T11:39:33.505031+00:00,6.696539402008057,-0.6080555319786072
89.17598915100007,2026-09-13T11:39:33.604073+00:00,6.6966729164123535,-0.6078383326530457
89.21045573100037,2026-09-13T11:39:33.638537+00:00,6.696741580963135,-0.6078052520751953
89.28952652699991,2026-09-13T11:39:33.717472+00:00,6.696761131286621,-0.6078618168830872
89.4021109209998,2026-09-13T11:39:33.830199+00:00,6.6967692375183105,-0.6074144840240479
89.43719974499982,2026-09-13T11:39:33.865300+00:00,6.696794033050537,-0.6075799465179443
89.48275819199989,2026-09-13T11:39:33.910841+00:00,6.696852684020996,-0.6075482368469238
89.62262168199959,2026-09-13T11:39:34.050708+00:00,6.696883678436279,-0.6071373820304871
89.74232750400006,2026-09-13T11:39:34.170405+00:00,6.698434352874756,-0.5616934299468994
89.83504243900006,2026-09-13T11:39:34.263130+00:00,6.69887638092041,-0.5420918464660645
89.89736145900042,2026-09-13T11:39:34.325450+00:00,6.699377059936523,-0.520084798336029
89.95882116600023,2026-09-13T11:39:34.386903+00:00,6.699881076812744,-0.49814435839653015
90.04059704300016,2026-09-13T11:39:34.468681+00:00,6.7002363204956055,-0.4789467453956604
90.08807515100034,2026-09-13T11:39:34.516159+00:00,6.700440883636475,-0.4602501392364502
90.13830391200008,2026-09-13T11:39:34.566390+00:00,6.700657844543457,-0.4455057978630066
90.21330381700045,2026-09-13T11:39:34.641386+00:00,6.700976371765137,-0.42635786533355713
90.27439643100024,2026-09-13T11:39:34.702398+00:00,6.701263904571533,-0.40902188420295715
90.36185541699979,2026-09-13T11:39:34.789940+00:00,6.701752185821533,-0.3888799548149109
90.44194738999977,2026-09-13T11:39:34.870008+00:00,6.701953887939453,-0.37122443318367004
90.485983605,2026-09-13T11:39:34.914082+00:00,6.701969146728516,-0.3474451005458832
90.61894727199979,2026-09-13T11:39:35.047046+00:00,6.702639102935791,-0.32182300090789795
90.69563239200033,2026-09-13T11:39:35.123719+00:00,6.703838348388672,-0.29624879360198975
90.83329811800013,2026-09-13T11:39:35.261318+00:00,6.703510761260986,-0.2330656200647354
90.88660123000045,2026-09-13T11:39:35.314689+00:00,6.7023468017578125,-0.2119479924440384
90.99057578199972,2026-09-13T11:39:35.418661+00:00,6.701078414916992,-0.18688248097896576
91.0613466120003,2026-09-13T11:39:35.489434+00:00,6.700579643249512,-0.16159051656723022
91.10875076200045,2026-09-13T11:39:35.536833+00:00,6.700022220611572,-0.1365361213684082
91.20215344499957,2026-09-13T11:39:35.630234+00:00,6.700660228729248,-0.10785245895385742
91.26830900300047,2026-09-13T11:39:35.696407+00:00,6.701699256896973,-0.08112744987010956
91.35033711699998,2026-09-13T11:39:35.778423+00:00,6.702853202819824,-0.06764604151248932
91.40759856600016,2026-09-13T11:39:35.835594+00:00,6.704148769378662,-0.07420963793992996
91.453960801,2026-09-13T11:39:35.882034+00:00,6.7044172286987305,-0.07917796075344086
91.53401417700024,2026-09-13T11:39:35.962095+00:00,6.704329490661621,-0.0846579372882843
91.62007589600034,2026-09-13T11:39:36.048163+00:00,6.70441198348999,-0.09043756872415543
91.6877660680002,2026-09-13T11:39:36.115859+00:00,6.70442533493042,-0.09721294045448303
91.75244905999989,2026-09-13T11:39:36.180530+00:00,6.704125881195068,-0.1000867560505867
91.85787652500039,2026-09-13T11:39:36.285969+00:00,6.703445911407471,-0.10013427585363388
91.93125399699966,2026-09-13T11:39:36.359343+00:00,6.701877117156982,-0.11710052192211151
92.03705105100016,2026-09-13T11:39:36.465152+00:00,6.701780319213867,-0.12612569332122803
92.10677129099986,2026-09-13T11:39:36.534863+00:00,6.7018208503723145,-0.13159498572349548
92.17233273300008,2026-09-13T11:39:36.600335+00:00,6.7020134925842285,-0.1380561739206314
92.24190470899975,2026-09-13T11:39:36.669945+00:00,6.702252388000488,-0.14153924584388733
92.31470426099986,2026-09-13T11:39:36.742708+00:00,6.702404975891113,-0.14369037747383118
92.39226110900017,2026-09-13T11:39:36.820355+00:00,6.702371120452881,-0.1466340869665146
92.44661938300032,2026-09-13T11:39:36.874715+00:00,6.702551364898682,-0.14923438429832458
92.5160160839996,2026-09-13T11:39:36.944100+00:00,6.70272159576416,-0.15273916721343994
92.60534441999971,2026-09-13T11:39:37.033432+00:00,6.702829360961914,-0.1546432077884674
92.6826136970003,2026-09-13T11:39:37.107121+00:00,6.702859401702881,-0.1566004902124405
92.75200204500015,2026-09-13T11:39:37.180100+00:00,6.702845096588135,-0.15803205966949463
92.79336194299958,2026-09-13T11:39:37.221441+00:00,6.702787399291992,-0.15873564779758453
92.862910715,2026-09-13T11:39:37.290977+00:00,6.702740669250488,-0.15931780636310577
92.96730480600036,2026-09-13T11:39:37.395383+00:00,6.702907562255859,-0.15980631113052368
93.0156472790004,2026-09-13T11:39:37.443697+00:00,6.702939987182617,-0.16049419343471527
93.09630977399956,2026-09-13T11:39:37.524399+00:00,6.702974319458008,-0.16077792644500732
93.15029535400026,2026-09-13T11:39:37.578381+00:00,6.7030029296875,-0.15606406331062317
93.22382611400008,2026-09-13T11:39:37.648455+00:00,6.702881813049316,-0.13772821426391602
93.30202827599987,2026-09-13T11:39:37.730112+00:00,6.702503204345703,-0.11275028437376022
93.37930209800015,2026-09-13T11:39:37.807389+00:00,6.701859951019287,-0.09044181555509567
93.44736620999993,2026-09-13T11:39:37.875457+00:00,6.701230525970459,-0.07025563716888428
93.51036142399971,2026-09-13T11:39:37.938449+00:00,6.700556755065918,-0.04887053743004799
93.58078141399983,2026-09-13T11:39:38.008869+00:00,6.700157165527344,-0.04166406765580177
93.63488117399993,2026-09-13T11:39:38.062962+00:00,6.699958324432373,-0.051907382905483246
93.67219117599961,2026-09-13T11:39:38.100272+00:00,6.6996283531188965,-0.06093158572912216
93.76355917700039,2026-09-13T11:39:38.191645+00:00,6.699088096618652,-0.06983640044927597
93.83349072100009,2026-09-13T11:39:38.261580+00:00,6.6987996101379395,-0.07559093087911606
93.90648999299992,2026-09-13T11:39:38.334579+00:00,6.698640823364258,-0.08264970779418945
94.01801735200024,2026-09-13T11:39:38.446120+00:00,6.698352813720703,-0.08751244843006134
94.08370212600039,2026-09-13T11:39:38.511561+00:00,6.698131084442139,-0.09303157776594162
94.14030657399962,2026-09-13T11:39:38.568392+00:00,6.697965621948242,-0.09670145809650421
94.19484939999984,2026-09-13T11:39:38.622930+00:00,6.6977219581604,-0.09983237832784653
94.27717816400036,2026-09-13T11:39:38.705264+00:00,6.69753360748291,-0.10284854471683502
94.36219933800021,2026-09-13T11:39:38.790297+00:00,6.697356224060059,-0.10521968454122543
94.39718991100017,2026-09-13T11:39:38.825273+00:00,6.697373390197754,-0.10688067972660065
94.47868595599994,2026-09-13T11:39:38.906774+00:00,6.697378158569336,-0.10791491717100143
94.54424086699964,2026-09-13T11:39:38.972328+00:00,6.697434425354004,-0.10907842963933945
94.60505406599987,2026-09-13T11:39:39.033134+00:00,6.697440147399902,-0.10973826795816422
94.68474046899973,2026-09-13T11:39:39.112840+00:00,6.697388172149658,-0.11062084138393402
94.7607931929997,2026-09-13T11:39:39.188839+00:00,6.697383880615234,-0.11185365915298462
94.8304487839996,2026-09-13T11:39:39.258536+00:00,6.69730806350708,-0.11246507614850998
94.90340427499996,2026-09-13T11:39:39.331488+00:00,6.697258949279785,-0.11283498257398605
95.00361188199986,2026-09-13T11:39:39.431697+00:00,6.697265625,-0.11326446384191513
95.08087696300026,2026-09-13T11:39:39.508962+00:00,6.697276592254639,-0.11367961019277573
95.15430464099973,2026-09-13T11:39:39.582391+00:00,6.697298049926758,-0.11383221298456192
95.25212884800021,2026-09-13T11:39:39.680214+00:00,6.697326183319092,-0.11430589109659195
95.34236385300028,2026-09-13T11:39:39.770457+00:00,6.696444511413574,-0.114372119307518
95.38325085799988,2026-09-13T11:39:39.811336+00:00,6.693143844604492,-0.11286419630050659
95.4761597759998,2026-09-13T11:39:39.904242+00:00,6.681922435760498,-0.1141812652349472
95.51978565799982,2026-09-13T11:39:39.947871+00:00,6.670861721038818,-0.11449538916349411
95.59819745999994,2026-09-13T11:39:40.026297+00:00,6.655539512634277,-0.116603784263134
95.67864812900007,2026-09-13T11:39:40.106735+00:00,6.641157150268555,-0.11942286044359207
95.77558719399985,2026-09-13T11:39:40.203667+00:00,6.626041412353516,-0.11752910912036896
95.83449452199966,2026-09-13T11:39:40.262588+00:00,6.6034932136535645,-0.11372825503349304
95.88477761400009,2026-09-13T11:39:40.312860+00:00,6.580883026123047,-0.11901719123125076
95.96024726300038,2026-09-13T11:39:40.388338+00:00,6.556549072265625,-0.12050595134496689
96.0139968249996,2026-09-13T11:39:40.441978+00:00,6.532220840454102,-0.1295144110918045
96.06704829899991,2026-09-13T11:39:40.495085+00:00,6.51622200012207,-0.13468323647975922
96.1681886919996,2026-09-13T11:39:40.596270+00:00,6.492435932159424,-0.14095184206962585
96.21572490800008,2026-09-13T11:39:40.643806+00:00,6.4812774658203125,-0.1423458456993103
96.30287583100016,2026-09-13T11:39:40.730954+00:00,6.472549915313721,-0.15009014308452606
96.3710832730003,2026-09-13T11:39:40.799167+00:00,6.471395492553711,-0.1546039581298828
96.4377897659997,2026-09-13T11:39:40.865868+00:00,6.47312593460083,-0.15984836220741272
96.55463271900044,2026-09-13T11:39:40.982731+00:00,6.476567268371582,-0.1678958386182785
96.62628790899998,2026-09-13T11:39:41.054378+00:00,6.48054313659668,-0.17242854833602905
96.68126678699991,2026-09-13T11:39:41.109346+00:00,6.4824419021606445,-0.1733235865831375
96.77211222299957,2026-09-13T11:39:41.200199+00:00,6.483606338500977,-0.17327503859996796
96.91048580799998,2026-09-13T11:39:41.338554+00:00,6.484135150909424,-0.17263701558113098
96.9908045000002,2026-09-13T11:39:41.418892+00:00,6.48308801651001,-0.16881735622882843
97.06383698399986,2026-09-13T11:39:41.491933+00:00,6.479220390319824,-0.1666247546672821
97.174512478,2026-09-13T11:39:41.602600+00:00,6.471210956573486,-0.1657954454421997
97.24862396699973,2026-09-13T11:39:41.676715+00:00,6.458855152130127,-0.16559737920761108
97.29660151900043,2026-09-13T11:39:41.724690+00:00,6.4408278465271,-0.1659049540758133
97.36837684300008,2026-09-13T11:39:41.796465+00:00,6.427860260009766,-0.16283197700977325
97.45184736200008,2026-09-13T11:39:41.879934+00:00,6.410172939300537,-0.16028501093387604
97.58133391200045,2026-09-13T11:39:42.009433+00:00,6.382924556732178,-0.15861868858337402
97.71205505800026,2026-09-13T11:39:42.140142+00:00,6.312429428100586,-0.14876431226730347
97.78343918999963,2026-09-13T11:39:42.211524+00:00,6.293797969818115,-0.14803636074066162
97.84963041799983,2026-09-13T11:39:42.277728+00:00,6.273932933807373,-0.14899827539920807
97.91245742299998,2026-09-13T11:39:42.340556+00:00,6.262205600738525,-0.1526213139295578
97.97736960200018,2026-09-13T11:39:42.405449+00:00,6.258548736572266,-0.15812143683433533
98.05645974199979,2026-09-13T11:39:42.484558+00:00,6.260521411895752,-0.16172878444194794
98.09506626199982,2026-09-13T11:39:42.523149+00:00,6.264176368713379,-0.17031817138195038
98.18786358200032,2026-09-13T11:39:42.615961+00:00,6.265703201293945,-0.1704939603805542
98.27650745000028,2026-09-13T11:39:42.704599+00:00,6.265707015991211,-0.16980841755867004
98.33224701000017,2026-09-13T11:39:42.760330+00:00,6.265334129333496,-0.16981764137744904
98.3987768500001,2026-09-13T11:39:42.826855+00:00,6.265094757080078,-0.1704528033733368
98.50108165599977,2026-09-13T11:39:42.929172+00:00,6.265157222747803,-0.16995368897914886
98.55846246199962,2026-09-13T11:39:42.986551+00:00,6.2652082443237305,-0.16990266740322113
98.61066373999984,2026-09-13T11:39:43.038694+00:00,6.265272617340088,-0.1697314828634262
98.6761170689997,2026-09-13T11:39:43.104205+00:00,6.264357566833496,-0.16947785019874573
98.76449183099976,2026-09-13T11:39:43.188775+00:00,6.260585308074951,-0.16949564218521118
98.85238432599999,2026-09-13T11:39:43.280469+00:00,6.251608848571777,-0.17029403150081635
98.92415977400015,2026-09-13T11:39:43.352245+00:00,6.239676475524902,-0.17263977229595184
98.97840494400043,2026-09-13T11:39:43.406496+00:00,6.226536273956299,-0.1738385707139969
99.03499498400015,2026-09-13T11:39:43.463056+00:00,6.215210437774658,-0.17340020835399628
99.06688992100044,2026-09-13T11:39:43.494973+00:00,6.199125289916992,-0.17165546119213104
99.15614281299986,2026-09-13T11:39:43.584244+00:00,6.178517818450928,-0.1696189045906067
99.2341518330004,2026-09-13T11:39:43.662240+00:00,6.1510090827941895,-0.16791118681430817
99.31925812099962,2026-09-13T11:39:43.747334+00:00,6.125051498413086,-0.15825305879116058
99.39206102000026,2026-09-13T11:39:43.820160+00:00,6.105669021606445,-0.1608799248933792
99.50349248699968,2026-09-13T11:39:43.931575+00:00,6.079007148742676,-0.16007041931152344
99.59611472300003,2026-09-13T11:39:44.024216+00:00,6.062653541564941,-0.16016753017902374
99.67116149200046,2026-09-13T11:39:44.099262+00:00,6.048398971557617,-0.16249831020832062
99.71644691900019,2026-09-13T11:39:44.144531+00:00,6.043027400970459,-0.1686273068189621
99.75093345799996,2026-09-13T11:39:44.179017+00:00,6.04292106628418,-0.17225903272628784
99.79116678900027,2026-09-13T11:39:44.219256+00:00,6.045944690704346,-0.17710109055042267
99.8650045610002,2026-09-13T11:39:44.293002+00:00,6.0482707023620605,-0.1789851188659668
99.9389827570003,2026-09-13T11:39:44.367069+00:00,6.049200534820557,-0.1788424700498581
100.03938041000038,2026-09-13T11:39:44.467463+00:00,6.049158096313477,-0.1783071607351303
100.1482352160001,2026-09-13T11:39:44.576331+00:00,6.049120903015137,-0.17803484201431274
100.29482797899982,2026-09-13T11:39:44.722900+00:00,6.048177719116211,-0.17621079087257385
100.35794904500017,2026-09-13T11:39:44.786010+00:00,6.044963836669922,-0.17606179416179657
100.43432638600007,2026-09-13T11:39:44.862409+00:00,6.037565231323242,-0.17840853333473206
100.53994395100017,2026-09-13T11:39:44.968008+00:00,6.024723052978516,-0.18079473078250885
100.59579513100016,2026-09-13T11:39:45.023878+00:00,6.008073806762695,-0.18458952009677887
100.66154904900031,2026-09-13T11:39:45.089630+00:00,5.993300914764404,-0.18573395907878876
100.83010878700043,2026-09-13T11:39:45.258209+00:00,5.978175163269043,-0.18472404778003693
100.93751640299979,2026-09-13T11:39:45.365600+00:00,5.959316253662109,-0.18170256912708282
101.05591731799996,2026-09-13T11:39:45.484011+00:00,5.857280254364014,-0.17292214930057526
101.11978255299982,2026-09-13T11:39:45.547866+00:00,5.830626487731934,-0.17257004976272583
101.20468760899985,2026-09-13T11:39:45.632706+00:00,5.8051533699035645,-0.17312929034233093
101.26909569100008,2026-09-13T11:39:45.697075+00:00,5.792042255401611,-0.1770630031824112
101.35250664599971,2026-09-13T11:39:45.780609+00:00,5.785515308380127,-0.18202540278434753
101.42741727700013,2026-09-13T11:39:45.855507+00:00,5.785158157348633,-0.1869838535785675
101.49971547200039,2026-09-13T11:39:45.927800+00:00,5.788921356201172,-0.1845541149377823
101.5828408110001,2026-09-13T11:39:46.010924+00:00,5.792072296142578,-0.18120859563350677
101.6257327229996,2026-09-13T11:39:46.053816+00:00,5.793805122375488,-0.1767909675836563
101.69648929199957,2026-09-13T11:39:46.124571+00:00,5.794199466705322,-0.17503751814365387
101.75407919200006,2026-09-13T11:39:46.182140+00:00,5.794610023498535,-0.17446544766426086
101.82533076599975,2026-09-13T11:39:46.253433+00:00,5.795054912567139,-0.17383363842964172
101.9104065499996,2026-09-13T11:39:46.338512+00:00,5.795328617095947,-0.17355208098888397
101.99026318800043,2026-09-13T11:39:46.418346+00:00,5.795516490936279,-0.17355525493621826
102.04319826400024,2026-09-13T11:39:46.470812+00:00,5.7955474853515625,-0.17385481297969818
102.09309371000018,2026-09-13T11:39:46.521190+00:00,5.795657634735107,-0.17424100637435913
102.17739696999979,2026-09-13T11:39:46.605485+00:00,5.795684814453125,-0.1741163581609726
102.24681496700032,2026-09-13T11:39:46.674902+00:00,5.795300483703613,-0.17332786321640015
102.32792399699974,2026-09-13T11:39:46.756001+00:00,5.790912628173828,-0.17458663880825043
102.4074129669998,2026-09-13T11:39:46.835492+00:00,5.782403945922852,-0.18252860009670258
102.4586530659999,2026-09-13T11:39:46.886745+00:00,5.771684646606445,-0.18493179976940155
102.57067531099983,2026-09-13T11:39:46.998764+00:00,5.756707191467285,-0.18524359166622162
102.63160220000009,2026-09-13T11:39:47.059701+00:00,5.741781711578369,-0.18609358370304108
102.6832142860003,2026-09-13T11:39:47.111304+00:00,5.722285747528076,-0.18702130019664764
102.71884658500039,2026-09-13T11:39:47.146933+00:00,5.69886589050293,-0.18809612095355988
102.79713030000039,2026-09-13T11:39:47.225217+00:00,5.6710591316223145,-0.18941527605056763
102.87880419199973,2026-09-13T11:39:47.306890+00:00,5.641833305358887,-0.18409503996372223
102.96616826399986,2026-09-13T11:39:47.394261+00:00,5.619070053100586,-0.18470141291618347
103.0378519879996,2026-09-13T11:39:47.465948+00:00,5.5923380851745605,-0.18272121250629425
103.10270351599956,2026-09-13T11:39:47.530782+00:00,5.56836462020874,-0.1844026744365692
103.15083994900033,2026-09-13T11:39:47.578928+00:00,5.548924922943115,-0.18599404394626617
103.24232492699957,2026-09-13T11:39:47.670403+00:00,5.533525466918945,-0.1893441081047058
103.31358014699981,2026-09-13T11:39:47.741664+00:00,5.526800632476807,-0.19311995804309845
103.38197949200003,2026-09-13T11:39:47.810069+00:00,5.5260233879089355,-0.19816282391548157
103.45860852199985,2026-09-13T11:39:47.886712+00:00,5.528798580169678,-0.19817760586738586
103.56782462000047,2026-09-13T11:39:47.995908+00:00,5.532159328460693,-0.19433477520942688
103.59969846399963,2026-09-13T11:39:48.023764+00:00,5.533993244171143,-0.1922561377286911
103.6679296379998,2026-09-13T11:39:48.096020+00:00,5.534919738769531,-0.19198109209537506
103.80243117099963,2026-09-13T11:39:48.230529+00:00,5.535294532775879,-0.1918334811925888
103.8218822279996,2026-09-13T11:39:48.249968+00:00,5.535604476928711,-0.19207079708576202
103.90865884100003,2026-09-13T11:39:48.336749+00:00,5.5360260009765625,-0.19292934238910675
103.9917099610002,2026-09-13T11:39:48.419795+00:00,5.536190032958984,-0.19304107129573822
104.17230294599995,2026-09-13T11:39:48.600390+00:00,5.536904811859131,-0.19288115203380585
104.2209531669996,2026-09-13T11:39:48.649041+00:00,5.5362701416015625,-0.19198790192604065
104.31190182400042,2026-09-13T11:39:48.739986+00:00,5.533807754516602,-0.19224220514297485
104.39749036899957,2026-09-13T11:39:48.825587+00:00,5.529053211212158,-0.19377852976322174
104.45207727900015,2026-09-13T11:39:48.880166+00:00,5.517113208770752,-0.19658222794532776
104.49812908100012,2026-09-13T11:39:48.926225+00:00,5.506224155426025,-0.19857138395309448
104.57668701799957,2026-09-13T11:39:49.004772+00:00,5.494419574737549,-0.19750991463661194
104.6639371909996,2026-09-13T11:39:49.092031+00:00,5.481959819793701,-0.1992599070072174
104.69838580400028,2026-09-13T11:39:49.126467+00:00,5.462514877319336,-0.20002888143062592
104.81307814400043,2026-09-13T11:39:49.241164+00:00,5.440077781677246,-0.19988611340522766
104.83250603200031,2026-09-13T11:39:49.260599+00:00,5.414945602416992,-0.19866004586219788
104.96013350700014,2026-09-13T11:39:49.388233+00:00,5.388011932373047,-0.1942584365606308
104.96615215299971,2026-09-13T11:39:49.394238+00:00,5.368779182434082,-0.19491344690322876
105.07031253399964,2026-09-13T11:39:49.498411+00:00,5.350207328796387,-0.19157856702804565
105.12674854099987,2026-09-13T11:39:49.554821+00:00,5.336453914642334,-0.1888270378112793
105.22452135900039,2026-09-13T11:39:49.652614+00:00,5.3281779289245605,-0.19311578571796417
105.28179837300013,2026-09-13T11:39:49.709879+00:00,5.325478553771973,-0.2006487399339676
105.33595434600011,2026-09-13T11:39:49.764040+00:00,5.325811862945557,-0.20184923708438873
105.41833832300017,2026-09-13T11:39:49.846424+00:00,5.32747220993042,-0.20045502483844757
105.4811745650004,2026-09-13T11:39:49.909262+00:00,5.327723503112793,-0.20042945444583893
105.52214121199995,2026-09-13T11:39:49.950217+00:00,5.327255725860596,-0.20099909603595734
105.65232572599962,2026-09-13T11:39:50.080410+00:00,5.326687335968018,-0.20171986520290375
105.71766572500019,2026-09-13T11:39:50.145752+00:00,5.326642036437988,-0.20186524093151093
105.78074908300005,2026-09-13T11:39:50.208833+00:00,5.326691150665283,-0.20170171558856964
105.85084775199994,2026-09-13T11:39:50.278929+00:00,5.3266191482543945,-0.20158134400844574
105.93155307100005,2026-09-13T11:39:50.359641+00:00,5.322282314300537,-0.20124582946300507
106.03934002400001,2026-09-13T11:39:50.467421+00:00,5.3041090965271,-0.20180121064186096
106.09816899700036,2026-09-13T11:39:50.526255+00:00,5.290998935699463,-0.20197781920433044
106.18260844799988,2026-09-13T11:39:50.610709+00:00,5.274560928344727,-0.20310482382774353
106.229964225,2026-09-13T11:39:50.658030+00:00,5.257431983947754,-0.2042861431837082
106.3306599589996,2026-09-13T11:39:50.758748+00:00,5.237156391143799,-0.20074383914470673
106.39529463800045,2026-09-13T11:39:50.823398+00:00,5.221701145172119,-0.19777187705039978
106.47529086099985,2026-09-13T11:39:50.903388+00:00,5.197211265563965,-0.19454000890254974
106.6149536390003,2026-09-13T11:39:51.043037+00:00,5.153326511383057,-0.1985817849636078
106.68408236300002,2026-09-13T11:39:51.112177+00:00,5.1344075202941895,-0.19946050643920898
106.74956364799982,2026-09-13T11:39:51.177654+00:00,5.118632793426514,-0.19926388561725616
106.83851119300016,2026-09-13T11:39:51.266602+00:00,5.110519886016846,-0.20488862693309784
106.90034510300029,2026-09-13T11:39:51.328442+00:00,5.107794761657715,-0.21204416453838348
106.94023482299963,2026-09-13T11:39:51.368104+00:00,5.109106540679932,-0.21582883596420288
107.03794155299965,2026-09-13T11:39:51.465978+00:00,5.111783027648926,-0.22113867104053497
107.11880723099966,2026-09-13T11:39:51.546905+00:00,5.11371374130249,-0.22312048077583313
107.16077950199997,2026-09-13T11:39:51.588856+00:00,5.113840579986572,-0.22207729518413544
107.25535363800009,2026-09-13T11:39:51.683454+00:00,5.113614082336426,-0.22209182381629944
107.29898753900034,2026-09-13T11:39:51.727071+00:00,5.113612174987793,-0.2222634255886078
107.44323118200009,2026-09-13T11:39:51.871329+00:00,5.113807678222656,-0.2220672070980072
107.54797517600036,2026-09-13T11:39:51.976056+00:00,5.113646984100342,-0.2585545480251312
107.62838793100036,2026-09-13T11:39:52.056475+00:00,5.112979888916016,-0.28589943051338196
107.70842859999993,2026-09-13T11:39:52.136514+00:00,5.112207889556885,-0.31314337253570557
107.76900176500021,2026-09-13T11:39:52.197086+00:00,5.111184597015381,-0.33834612369537354
107.8817974450003,2026-09-13T11:39:52.309881+00:00,5.110172748565674,-0.3633181154727936
107.93054369899983,2026-09-13T11:39:52.358623+00:00,5.109238624572754,-0.38520780205726624
108.01474930800032,2026-09-13T11:39:52.442850+00:00,5.108377933502197,-0.4087141454219818
108.09682254099971,2026-09-13T11:39:52.524920+00:00,5.107438564300537,-0.4328606426715851
108.15903704700031,2026-09-13T11:39:52.587120+00:00,5.106806755065918,-0.4503110349178314
108.24769375699998,2026-09-13T11:39:52.675780+00:00,5.106346607208252,-0.46981871128082275
108.32470747099978,2026-09-13T11:39:52.752806+00:00,5.105403900146484,-0.48894357681274414
108.36876376300006,2026-09-13T11:39:52.796847+00:00,5.104496479034424,-0.5064887404441833
108.44755559300029,2026-09-13T11:39:52.875639+00:00,5.103609561920166,-0.5256997346878052
108.51066855000045,2026-09-13T11:39:52.938752+00:00,5.102601528167725,-0.5465195178985596
108.56111931600026,2026-09-13T11:39:52.989206+00:00,5.101564407348633,-0.5646632313728333
108.61624445899997,2026-09-13T11:39:53.044328+00:00,5.100460529327393,-0.5827733278274536
108.69759291300034,2026-09-13T11:39:53.125680+00:00,5.099120140075684,-0.6071274280548096
108.8075323639996,2026-09-13T11:39:53.235613+00:00,5.098522186279297,-0.6285424828529358
108.84759166000003,2026-09-13T11:39:53.275675+00:00,5.098262310028076,-0.6476304531097412
108.89334762999988,2026-09-13T11:39:53.321409+00:00,5.097818851470947,-0.6663931608200073
108.97207206300027,2026-09-13T11:39:53.400169+00:00,5.097077369689941,-0.6873621940612793
109.05090392599959,2026-09-13T11:39:53.478937+00:00,5.096505641937256,-0.711250901222229
109.11824326500027,2026-09-13T11:39:53.546330+00:00,5.095460414886475,-0.7362215518951416
109.20902892600043,2026-09-13T11:39:53.637130+00:00,5.0917768478393555,-0.7539380788803101
109.27839398000015,2026-09-13T11:39:53.706479+00:00,5.094891548156738,-0.7498844861984253
109.34697482899992,2026-09-13T11:39:53.775043+00:00,5.097675323486328,-0.7515923380851746
109.41335952200006,2026-09-13T11:39:53.841446+00:00,5.1004743576049805,-0.7615410685539246
109.48884540299969,2026-09-13T11:39:53.916927+00:00,5.103013038635254,-0.77213454246521
109.55495673600035,2026-09-13T11:39:53.983044+00:00,5.1039204597473145,-0.7745132446289062
109.63979991500037,2026-09-13T11:39:54.067885+00:00,5.104497909545898,-0.7767776846885681
109.72754418499972,2026-09-13T11:39:54.155630+00:00,5.105181694030762,-0.7776282429695129
109.78556613,2026-09-13T11:39:54.213666+00:00,5.105974197387695,-0.7774601578712463
109.85143367199998,2026-09-13T11:39:54.279538+00:00,5.106526851654053,-0.7772276401519775
109.91826853299972,2026-09-13T11:39:54.346368+00:00,5.106783390045166,-0.7774726748466492
109.97938818900002,2026-09-13T11:39:54.407279+00:00,5.1070122718811035,-0.7776638865470886
110.03806047499984,2026-09-13T11:39:54.466146+00:00,5.107277870178223,-0.7774462699890137
110.09311863600033,2026-09-13T11:39:54.521206+00:00,5.107548236846924,-0.7769134640693665
110.19552965799994,2026-09-13T11:39:54.623628+00:00,5.107947826385498,-0.776545524597168
110.26959484899999,2026-09-13T11:39:54.697676+00:00,5.108156681060791,-0.776524007320404
110.30690397200033,2026-09-13T11:39:54.734988+00:00,5.108109951019287,-0.7764506936073303
110.37442117499995,2026-09-13T11:39:54.802497+00:00,5.107210636138916,-0.7770038843154907
110.45077443100035,2026-09-13T11:39:54.878854+00:00,5.103968143463135,-0.7777130603790283
110.54609554699982,2026-09-13T11:39:54.974181+00:00,5.097221374511719,-0.7766704559326172
110.61677913699987,2026-09-13T11:39:55.044865+00:00,5.088529586791992,-0.774019181728363
110.69517829899996,2026-09-13T11:39:55.123275+00:00,5.075484752655029,-0.7799411416053772
110.78256299500026,2026-09-13T11:39:55.210639+00:00,5.056213855743408,-0.7869560718536377
110.83386954999969,2026-09-13T11:39:55.261958+00:00,5.043426513671875,-0.7898944616317749
110.89458198200009,2026-09-13T11:39:55.322669+00:00,5.0249152183532715,-0.7957587838172913
110.99088049500006,2026-09-13T11:39:55.418967+00:00,5.012065410614014,-0.7988856434822083
111.04096227700029,2026-09-13T11:39:55.469047+00:00,4.994442939758301,-0.8022878170013428
111.11438461299986,2026-09-13T11:39:55.542476+00:00,4.97747802734375,-0.8048311471939087
111.19082439999966,2026-09-13T11:39:55.618912+00:00,4.963801383972168,-0.8075677156448364
111.26078996500019,2026-09-13T11:39:55.688876+00:00,4.953491687774658,-0.8110948801040649
111.36325609100004,2026-09-13T11:39:55.791263+00:00,4.945840358734131,-0.8127599358558655
111.41326263700012,2026-09-13T11:39:55.841355+00:00,4.938833713531494,-0.8144901394844055
111.49955606999993,2026-09-13T11:39:55.927633+00:00,4.933120250701904,-0.8183004856109619
111.59189391000018,2026-09-13T11:39:56.019979+00:00,4.9285054206848145,-0.8286556601524353
111.69214326800011,2026-09-13T11:39:56.120226+00:00,4.927371501922607,-0.8296136856079102
111.82326093400025,2026-09-13T11:39:56.251342+00:00,4.926033020019531,-0.8311014771461487
111.85333409400027,2026-09-13T11:39:56.281415+00:00,4.924967288970947,-0.8326658606529236
111.93865729400022,2026-09-13T11:39:56.366755+00:00,4.924541473388672,-0.8333998322486877
111.9916185660004,2026-09-13T11:39:56.419704+00:00,4.924066066741943,-0.8334527015686035
112.06095983700015,2026-09-13T11:39:56.489060+00:00,4.922526836395264,-0.8073191046714783
112.09547727999961,2026-09-13T11:39:56.523558+00:00,4.920553207397461,-0.7825263738632202
112.2524602200001,2026-09-13T11:39:56.680556+00:00,4.917277812957764,-0.7549088597297668
112.31771441199999,2026-09-13T11:39:56.745820+00:00,4.915424823760986,-0.7337090373039246
112.3406846730004,2026-09-13T11:39:56.768771+00:00,4.913980484008789,-0.7153067588806152
112.46674550900025,2026-09-13T11:39:56.894821+00:00,4.912538051605225,-0.6928150653839111
112.51331627400032,2026-09-13T11:39:56.941413+00:00,4.911623954772949,-0.667690098285675
112.56583438500002,2026-09-13T11:39:56.993917+00:00,4.911083698272705,-0.6469530463218689
112.63027099299961,2026-09-13T11:39:57.058349+00:00,4.910708904266357,-0.6243963837623596
112.68308691099992,2026-09-13T11:39:57.111184+00:00,4.910754680633545,-0.6046019792556763
112.75160102999962,2026-09-13T11:39:57.179695+00:00,4.91068696975708,-0.5810741782188416
112.82355364799969,2026-09-13T11:39:57.251626+00:00,4.910224437713623,-0.5571507215499878
112.88011035399995,2026-09-13T11:39:57.308195+00:00,4.910083293914795,-0.5323395729064941
112.95581057500021,2026-09-13T11:39:57.383896+00:00,4.909743309020996,-0.5030568838119507
113.02498930799993,2026-09-13T11:39:57.453077+00:00,4.907445430755615,-0.4737464487552643
113.11479896800029,2026-09-13T11:39:57.542879+00:00,4.908323287963867,-0.4354564845561981
113.16284463200009,2026-09-13T11:39:57.590929+00:00,4.908276081085205,-0.3982676565647125
113.24683402699975,2026-09-13T11:39:57.674921+00:00,4.909471035003662,-0.36428380012512207
113.31156015600027,2026-09-13T11:39:57.739646+00:00,4.909703254699707,-0.3214520812034607
113.37765010600015,2026-09-13T11:39:57.805740+00:00,4.910434722900391,-0.2777577340602875
113.45565849000013,2026-09-13T11:39:57.883743+00:00,4.911917686462402,-0.24335570633411407
113.57001750800009,2026-09-13T11:39:57.998113+00:00,4.910455226898193,-0.21683228015899658
113.61114617200019,2026-09-13T11:39:58.039233+00:00,4.909130573272705,-0.19113659858703613
113.68644918500013,2026-09-13T11:39:58.114544+00:00,4.909527778625488,-0.17019039392471313
113.76792115599983,2026-09-13T11:39:58.196007+00:00,4.910675048828125,-0.14970123767852783
113.87375799300025,2026-09-13T11:39:58.301845+00:00,4.91622257232666,-0.09923350811004639
113.98672365000039,2026-09-13T11:39:58.414813+00:00,4.919455528259277,-0.07201501727104187
114.0483569930002,2026-09-13T11:39:58.476426+00:00,4.9217209815979,-0.04672275111079216
114.08451587200034,2026-09-13T11:39:58.512598+00:00,4.923338413238525,-0.025674771517515182
114.16372365000007,2026-09-13T11:39:58.591818+00:00,4.924216270446777,-0.010175486095249653
114.26015121900036,2026-09-13T11:39:58.688234+00:00,4.924208641052246,-0.023550067096948624
114.3673422769998,2026-09-13T11:39:58.795444+00:00,4.923625469207764,-0.03361153230071068
114.4560477770001,2026-09-13T11:39:58.884140+00:00,4.922418117523193,-0.04902522638440132
114.53714410999964,2026-09-13T11:39:58.965245+00:00,4.922061920166016,-0.05512893572449684
114.57755593300044,2026-09-13T11:39:59.005629+00:00,4.921867847442627,-0.061730820685625076
114.65318510599991,2026-09-13T11:39:59.081268+00:00,4.921818733215332,-0.06801995635032654
114.74299642700043,2026-09-13T11:39:59.171083+00:00,4.9217424392700195,-0.07305574417114258
114.788507321,2026-09-13T11:39:59.216598+00:00,4.92164945602417,-0.07800854742527008
114.87364269699992,2026-09-13T11:39:59.301724+00:00,4.921552658081055,-0.082204170525074
114.98382608100019,2026-09-13T11:39:59.411912+00:00,4.921487808227539,-0.08538825064897537
115.08104181999988,2026-09-13T11:39:59.509139+00:00,4.9214935302734375,-0.09215180575847626
115.13800200199967,2026-09-13T11:39:59.566085+00:00,4.921477317810059,-0.09509593993425369
115.20157836599992,2026-09-13T11:39:59.629673+00:00,4.921422004699707,-0.09832462668418884
115.30250922800042,2026-09-13T11:39:59.730591+00:00,4.921497821807861,-0.10107865929603577
115.3981349249998,2026-09-13T11:39:59.826102+00:00,4.921605587005615,-0.10303101688623428
115.47430838499986,2026-09-13T11:39:59.902391+00:00,4.921753406524658,-0.10509251803159714
115.57285972000045,2026-09-13T11:40:00.000946+00:00,4.921911716461182,-0.10953129082918167
115.67472928799998,2026-09-13T11:40:00.102818+00:00,4.921892166137695,-0.11158803850412369
115.83352911400016,2026-09-13T11:40:00.261612+00:00,4.922097682952881,-0.11600945144891739
115.91420759599987,2026-09-13T11:40:00.342294+00:00,4.922182559967041,-0.11775123327970505
116.02003258700006,2026-09-13T11:40:00.448120+00:00,4.922285079956055,-0.11950605362653732
116.08154736100005,2026-09-13T11:40:00.509629+00:00,4.922318458557129,-0.12092459201812744
116.15728671600027,2026-09-13T11:40:00.585375+00:00,4.922318458557129,-0.12184911221265793
116.21348118900005,2026-09-13T11:40:00.641565+00:00,4.922321319580078,-0.12255680561065674
116.27332975700028,2026-09-13T11:40:00.701410+00:00,4.922330856323242,-0.12325328588485718
116.33527553099975,2026-09-13T11:40:00.763264+00:00,4.922329902648926,-0.12360275536775589
116.4426730920004,2026-09-13T11:40:00.870765+00:00,4.922829627990723,-0.12033511698246002
116.49488164400009,2026-09-13T11:40:00.922976+00:00,4.92203950881958,-0.08703528344631195
116.55718833500032,2026-09-13T11:40:00.985270+00:00,4.9219794273376465,-0.061390046030282974
116.6438547050002,2026-09-13T11:40:01.071942+00:00,4.9217915534973145,-0.03703176975250244
116.68866309300029,2026-09-13T11:40:01.116706+00:00,4.921452522277832,-0.010210643522441387
116.77555654800017,2026-09-13T11:40:01.203651+00:00,4.921062469482422,0.015373053960502148
116.81200718400032,2026-09-13T11:40:01.239539+00:00,4.920768737792969,0.04429429769515991
116.92226151100022,2026-09-13T11:40:01.350272+00:00,4.92036247253418,0.07401055842638016
116.98220445100014,2026-09-13T11:40:01.410285+00:00,4.919953346252441,0.07499600946903229
117.03747832699992,2026-09-13T11:40:01.465560+00:00,4.91978645324707,0.06409206986427307
117.13833343500028,2026-09-13T11:40:01.566417+00:00,4.920934677124023,0.05335116386413574
117.1775349139998,2026-09-13T11:40:01.605553+00:00,4.922054290771484,0.05384450405836105
117.24952711100013,2026-09-13T11:40:01.677613+00:00,4.923002243041992,0.05419059470295906
117.31274367599963,2026-09-13T11:40:01.740772+00:00,4.9229607582092285,0.046449191868305206
117.4163913579996,2026-09-13T11:40:01.844276+00:00,4.922924518585205,0.037929557263851166
117.4931493920003,2026-09-13T11:40:01.921246+00:00,4.923027515411377,0.034720566123723984
117.55937095799982,2026-09-13T11:40:01.987460+00:00,4.923295974731445,0.030759865418076515
117.60336982799981,2026-09-13T11:40:02.031450+00:00,4.9235639572143555,0.026949068531394005
117.67650580000009,2026-09-13T11:40:02.104594+00:00,4.923676013946533,0.023267462849617004
117.78020628200011,2026-09-13T11:40:02.208287+00:00,4.923749923706055,0.0206325501203537
117.84750022800017,2026-09-13T11:40:02.275585+00:00,4.923887729644775,0.018315821886062622
117.90805772899967,2026-09-13T11:40:02.336162+00:00,4.9240312576293945,0.016308464109897614
117.96638006299963,2026-09-13T11:40:02.394475+00:00,4.924114227294922,0.014776159077882767
117.9911878009998,2026-09-13T11:40:02.419277+00:00,4.9241509437561035,0.013575496152043343
118.07817591500043,2026-09-13T11:40:02.506266+00:00,4.9242024421691895,0.012453518807888031
118.15861127500011,2026-09-13T11:40:02.586695+00:00,4.92426061630249,0.012134237214922905
118.204151895,2026-09-13T11:40:02.632233+00:00,4.924300193786621,0.011136071756482124
118.30681647900019,2026-09-13T11:40:02.734897+00:00,4.924291610717773,0.010232651606202126
118.3955055209999,2026-09-13T11:40:02.823596+00:00,4.92427921295166,0.00954638235270977
118.46036793799976,2026-09-13T11:40:02.888185+00:00,4.924310684204102,0.009284282103180885
118.5081402679998,2026-09-13T11:40:02.936229+00:00,4.92434549331665,0.008681362494826317
118.54093728899988,2026-09-13T11:40:02.969019+00:00,4.924289703369141,0.008639675565063953
118.62122460699993,2026-09-13T11:40:03.049312+00:00,4.9242753982543945,0.008376207202672958
118.7005187169998,2026-09-13T11:40:03.128606+00:00,4.92439079284668,0.008141892962157726
118.78525802999957,2026-09-13T11:40:03.213339+00:00,4.924449443817139,0.00817733071744442
118.85667953499978,2026-09-13T11:40:03.284758+00:00,4.924411296844482,0.008200090378522873
118.91833962500004,2026-09-13T11:40:03.346422+00:00,4.924415111541748,0.007935076020658016
118.98044994799966,2026-09-13T11:40:03.408543+00:00,4.9243927001953125,0.008021270856261253
119.08384903499973,2026-09-13T11:40:03.511929+00:00,4.92437219619751,0.008052151650190353
119.12424360400018,2026-09-13T11:40:03.552326+00:00,4.924435615539551,0.007981283590197563
119.21352717300033,2026-09-13T11:40:03.641629+00:00,4.924419403076172,0.008021500892937183
119.28071944699968,2026-09-13T11:40:03.708805+00:00,4.924337387084961,0.007964913733303547
119.37647717500022,2026-09-13T11:40:03.804578+00:00,4.924371242523193,0.007685460150241852
119.42138799799977,2026-09-13T11:40:03.849472+00:00,4.924962043762207,-0.00515908095985651
119.4738732980004,2026-09-13T11:40:03.901963+00:00,4.92514705657959,-0.03319181874394417
119.54800205999982,2026-09-13T11:40:03.976090+00:00,4.92456579208374,-0.061806075274944305
119.62856008000017,2026-09-13T11:40:04.056645+00:00,4.924068927764893,-0.08781145513057709
119.72370221799974,2026-09-13T11:40:04.151784+00:00,4.923091411590576,-0.11352340877056122
119.81184677700003,2026-09-13T11:40:04.239945+00:00,4.922452449798584,-0.13347728550434113
119.85235805499997,2026-09-13T11:40:04.280441+00:00,4.921714782714844,-0.1550520956516266
119.91784965599982,2026-09-13T11:40:04.345933+00:00,4.92100191116333,-0.1750849336385727
119.99378693400013,2026-09-13T11:40:04.421872+00:00,4.9201979637146,-0.19478820264339447
120.06421158099965,2026-09-13T11:40:04.492293+00:00,4.919244289398193,-0.2167348563671112
120.13242272699972,2026-09-13T11:40:04.560512+00:00,4.918255805969238,-0.2354947179555893
120.17943078799999,2026-09-13T11:40:04.607514+00:00,4.917562007904053,-0.25328385829925537
120.25094919300045,2026-09-13T11:40:04.679002+00:00,4.9167656898498535,-0.2701124846935272
120.29698769599963,2026-09-13T11:40:04.725056+00:00,4.916275501251221,-0.2872639000415802
120.37668819400005,2026-09-13T11:40:04.804775+00:00,4.915788173675537,-0.3051854372024536
120.48126926500026,2026-09-13T11:40:04.909364+00:00,4.915524959564209,-0.32165995240211487
120.5525344710004,2026-09-13T11:40:04.980623+00:00,4.914514541625977,-0.3398803770542145
120.6282404069998,2026-09-13T11:40:05.056323+00:00,4.913440227508545,-0.3596530258655548
120.70938917799958,2026-09-13T11:40:05.137465+00:00,4.912557125091553,-0.3758808672428131
120.7791482169996,2026-09-13T11:40:05.207228+00:00,4.911764621734619,-0.39451682567596436
120.84572647000005,2026-09-13T11:40:05.273817+00:00,4.910853385925293,-0.4155445396900177
120.89874370100006,2026-09-13T11:40:05.326822+00:00,4.909958362579346,-0.43545088171958923
121.03255185800026,2026-09-13T11:40:05.460630+00:00,4.909206867218018,-0.4588661193847656
121.08332582700041,2026-09-13T11:40:05.511313+00:00,4.9087748527526855,-0.47818925976753235
121.13688465599989,2026-09-13T11:40:05.564252+00:00,4.908339023590088,-0.5006620287895203
121.19172880600036,2026-09-13T11:40:05.619805+00:00,4.9080095291137695,-0.52005535364151
121.25533671500034,2026-09-13T11:40:05.683423+00:00,4.907491683959961,-0.5430735349655151
121.33843193099983,2026-09-13T11:40:05.766517+00:00,4.906543731689453,-0.5519615411758423
121.38652347700008,2026-09-13T11:40:05.814614+00:00,4.9093017578125,-0.5422486066818237
121.45574904600016,2026-09-13T11:40:05.883834+00:00,4.910052299499512,-0.5387206673622131
121.51357582899982,2026-09-13T11:40:05.941661+00:00,4.9131011962890625,-0.5349435806274414
121.6117409819999,2026-09-13T11:40:06.039819+00:00,4.916580677032471,-0.5376010537147522
121.69345800599967,2026-09-13T11:40:06.121543+00:00,4.9173994064331055,-0.5410693287849426
121.71985824700005,2026-09-13T11:40:06.147961+00:00,4.918162822723389,-0.5406479239463806
121.80109527700006,2026-09-13T11:40:06.229178+00:00,4.918687343597412,-0.5397711396217346
121.89454800299973,2026-09-13T11:40:06.322627+00:00,4.9185638427734375,-0.5375356674194336
121.96893226199973,2026-09-13T11:40:06.397036+00:00,4.918386459350586,-0.5356711149215698
122.04709663799986,2026-09-13T11:40:06.475186+00:00,4.9185075759887695,-0.5337436199188232
122.10029390999989,2026-09-13T11:40:06.528383+00:00,4.918758869171143,-0.5321707725524902
122.14012908400036,2026-09-13T11:40:06.568213+00:00,4.919042110443115,-0.5310696959495544
122.2128122869999,2026-09-13T11:40:06.640899+00:00,4.919313907623291,-0.5299714207649231
122.299493816,2026-09-13T11:40:06.727585+00:00,4.9195027351379395,-0.5293399691581726
122.36891011399985,2026-09-13T11:40:06.796997+00:00,4.919533729553223,-0.5290091633796692
122.43429818599998,2026-09-13T11:40:06.862385+00:00,4.919593334197998,-0.5286608934402466
122.51785073799965,2026-09-13T11:40:06.945933+00:00,4.919671535491943,-0.528304934501648
122.59978822199992,2026-09-13T11:40:07.027870+00:00,4.919782638549805,-0.5281299352645874
122.67910376500004,2026-09-13T11:40:07.107159+00:00,4.920053482055664,-0.5281236171722412
122.74577072299962,2026-09-13T11:40:07.173852+00:00,4.92034387588501,-0.5279739499092102
122.8149251169998,2026-09-13T11:40:07.243004+00:00,4.920618057250977,-0.5278833508491516
122.84948552900005,2026-09-13T11:40:07.277583+00:00,4.920773029327393,-0.5277814865112305
122.92695251999976,2026-09-13T11:40:07.355034+00:00,4.920779705047607,-0.5274049043655396
122.98196157300026,2026-09-13T11:40:07.410029+00:00,4.9207282066345215,-0.5273347496986389
123.05879873600043,2026-09-13T11:40:07.486884+00:00,4.920781135559082,-0.5275254249572754
123.1324259590001,2026-09-13T11:40:07.560525+00:00,4.920772075653076,-0.5271879434585571
123.20510448799996,2026-09-13T11:40:07.633204+00:00,4.920754432678223,-0.5269056558609009
123.27723485800016,2026-09-13T11:40:07.705321+00:00,4.920802593231201,-0.5267930626869202
123.35361609099982,2026-09-13T11:40:07.781697+00:00,4.920830726623535,-0.5268456339836121
123.43541948700022,2026-09-13T11:40:07.863509+00:00,4.920745849609375,-0.5115904211997986
123.49993566699959,2026-09-13T11:40:07.928007+00:00,4.921941757202148,-0.4772186279296875
123.56291729799977,2026-09-13T11:40:07.990965+00:00,4.922610759735107,-0.44092023372650146
123.62742186099968,2026-09-13T11:40:08.055505+00:00,4.92299747467041,-0.40903520584106445
123.6894095130001,2026-09-13T11:40:08.117490+00:00,4.922581672668457,-0.38088613748550415
123.75233686699994,2026-09-13T11:40:08.180426+00:00,4.922023773193359,-0.3544608950614929
123.8411721450002,2026-09-13T11:40:08.269235+00:00,4.921577453613281,-0.3281586170196533
123.90010807300041,2026-09-13T11:40:08.328194+00:00,4.9213948249816895,-0.30380380153656006
123.97525810000025,2026-09-13T11:40:08.403341+00:00,4.921541213989258,-0.281014084815979
124.05471518499962,2026-09-13T11:40:08.482799+00:00,4.921627044677734,-0.2565114200115204
124.1273016109999,2026-09-13T11:40:08.555375+00:00,4.921235084533691,-0.23633842170238495
124.18787865600007,2026-09-13T11:40:08.615978+00:00,4.921117305755615,-0.21665087342262268
124.23007981800038,2026-09-13T11:40:08.658163+00:00,4.9211955070495605,-0.19621267914772034
124.32280878700021,2026-09-13T11:40:08.750896+00:00,4.921497344970703,-0.17868943512439728
124.38846355799978,2026-09-13T11:40:08.816545+00:00,4.921626567840576,-0.15953472256660461
124.48335172099996,2026-09-13T11:40:08.911438+00:00,4.921881675720215,-0.1435447484254837
124.54406163800013,2026-09-13T11:40:08.972145+00:00,4.922135829925537,-0.12434189766645432
124.61887337200005,2026-09-13T11:40:09.046948+00:00,4.922388076782227,-0.10428198426961899
124.6734594540003,2026-09-13T11:40:09.101541+00:00,4.922916889190674,-0.08448468148708344
124.7626379809999,2026-09-13T11:40:09.190723+00:00,4.925132751464844,-0.06050712242722511
124.82446075900043,2026-09-13T11:40:09.252548+00:00,4.927433013916016,-0.0352773480117321
124.86310626399973,2026-09-13T11:40:09.291205+00:00,4.929045677185059,-0.015606504864990711
124.96650709500045,2026-09-13T11:40:09.394591+00:00,4.93062162399292,0.014690740033984184
125.03616081000018,2026-09-13T11:40:09.464260+00:00,4.931443214416504,0.03539986535906792
125.09200597200015,2026-09-13T11:40:09.520087+00:00,4.9316582679748535,0.06439189612865448
125.17789685699972,2026-09-13T11:40:09.605962+00:00,4.930853843688965,0.08905581384897232
125.28362633199959,2026-09-13T11:40:09.709988+00:00,4.92964506149292,0.1202455535531044
125.32283673300026,2026-09-13T11:40:09.750926+00:00,4.928651332855225,0.1498957723379135
125.37356231000012,2026-09-13T11:40:09.801657+00:00,4.928536891937256,0.17713695764541626
125.49266889000046,2026-09-13T11:40:09.920763+00:00,4.928866863250732,0.2164047211408615
125.5382989159998,2026-09-13T11:40:09.966388+00:00,4.928578853607178,0.24905610084533691
125.57783576699967,2026-09-13T11:40:10.005925+00:00,4.92851448059082,0.2798275649547577
125.65920530699987,2026-09-13T11:40:10.087287+00:00,4.927877426147461,0.30362585186958313
125.74219647599966,2026-09-13T11:40:10.170277+00:00,4.925017356872559,0.3358208239078522
125.82865363099972,2026-09-13T11:40:10.256731+00:00,4.922569274902344,0.3642270267009735
125.92052069100009,2026-09-13T11:40:10.348617+00:00,4.920346260070801,0.38936811685562134
125.964496607,2026-09-13T11:40:10.392571+00:00,4.919129371643066,0.41723334789276123
126.03588360200047,2026-09-13T11:40:10.463966+00:00,4.9186692237854,0.44422975182533264
126.13321221699971,2026-09-13T11:40:10.561296+00:00,4.919567108154297,0.48383426666259766
126.16959669700009,2026-09-13T11:40:10.597496+00:00,4.919662952423096,0.5240239500999451
126.23233482199976,2026-09-13T11:40:10.660423+00:00,4.920626640319824,0.5334481596946716
126.30469639900002,2026-09-13T11:40:10.732735+00:00,4.92303466796875,0.5292773842811584
126.3734945770002,2026-09-13T11:40:10.801582+00:00,4.923330307006836,0.5251044631004333
126.45521597700008,2026-09-13T11:40:10.883303+00:00,4.921503067016602,0.5250309705734253
126.5737560589996,2026-09-13T11:40:11.001838+00:00,4.923196792602539,0.5332751274108887
126.63231621799969,2026-09-13T11:40:11.060400+00:00,4.92321252822876,0.5278419852256775
126.74585428699993,2026-09-13T11:40:11.173956+00:00,4.922411918640137,0.5279895663261414
126.80619825899976,2026-09-13T11:40:11.234284+00:00,4.9220662117004395,0.5286516547203064
126.87579827199988,2026-09-13T11:40:11.303887+00:00,4.922248363494873,0.5275417566299438
126.89614383299977,2026-09-13T11:40:11.324233+00:00,4.922575950622559,0.5266642570495605
127.01898460200027,2026-09-13T11:40:11.447083+00:00,4.92290735244751,0.5264737606048584
127.04926477000026,2026-09-13T11:40:11.477348+00:00,4.922947406768799,0.5268962979316711
127.13493675900008,2026-09-13T11:40:11.563018+00:00,4.9230170249938965,0.5270043611526489
127.21118047300024,2026-09-13T11:40:11.628099+00:00,4.923159122467041,0.5266405940055847
127.26322858599997,2026-09-13T11:40:11.691321+00:00,4.923247814178467,0.5267311930656433
127.35807136299991,2026-09-13T11:40:11.786153+00:00,4.9233198165893555,0.5269128680229187
127.39656748200014,2026-09-13T11:40:11.824653+00:00,4.92456579208374,0.511746883392334
127.45004306699957,2026-09-13T11:40:11.878128+00:00,4.924651622772217,0.47833868861198425
127.54548690200045,2026-09-13T11:40:11.973572+00:00,4.923224925994873,0.4503214955329895
127.62400047099982,2026-09-13T11:40:12.052085+00:00,4.921693801879883,0.4267945885658264
127.72379110800011,2026-09-13T11:40:12.151877+00:00,4.919656753540039,0.4022095501422882
127.76886986800037,2026-09-13T11:40:12.196955+00:00,4.917997360229492,0.37942788004875183
127.81158302299991,2026-09-13T11:40:12.239667+00:00,4.916719436645508,0.3582090735435486
127.93360707000011,2026-09-13T11:40:12.361707+00:00,4.914871692657471,0.33332937955856323
128.00291669699982,2026-09-13T11:40:12.431000+00:00,4.9132466316223145,0.31410643458366394
128.09080170499965,2026-09-13T11:40:12.518724+00:00,4.9113945960998535,0.28990358114242554
128.11239306300013,2026-09-13T11:40:12.540481+00:00,4.909986972808838,0.2691601812839508
128.18102271600037,2026-09-13T11:40:12.609102+00:00,4.908746242523193,0.24728332459926605
128.29722467600004,2026-09-13T11:40:12.725315+00:00,4.90716552734375,0.22158922255039215
128.36898692100021,2026-09-13T11:40:12.797070+00:00,4.904223442077637,0.17616023123264313
128.45397707699976,2026-09-13T11:40:12.882037+00:00,4.9031758308410645,0.15561415255069733
128.54344863799997,2026-09-13T11:40:12.971546+00:00,4.902514457702637,0.1349790245294571
128.60259618800046,2026-09-13T11:40:13.030682+00:00,4.902300834655762,0.11059702187776566
128.66381908699987,2026-09-13T11:40:13.091903+00:00,4.901587009429932,0.07952767610549927
128.75248362399998,2026-09-13T11:40:13.180566+00:00,4.90269136428833,0.04836512729525566
128.81114765799975,2026-09-13T11:40:13.239246+00:00,4.90391731262207,0.01778644509613514
128.88717209300012,2026-09-13T11:40:13.315258+00:00,4.900005340576172,-0.029442710801959038
128.96077059900017,2026-09-13T11:40:13.388853+00:00,4.900417804718018,-0.08330769091844559
129.03614930099957,2026-09-13T11:40:13.464235+00:00,4.898832321166992,-0.12387728691101074
129.11327235800036,2026-09-13T11:40:13.541356+00:00,4.898601055145264,-0.1522340178489685
129.14829074299996,2026-09-13T11:40:13.576379+00:00,4.899237632751465,-0.17817851901054382
129.23622301500018,2026-09-13T11:40:13.664310+00:00,4.897355556488037,-0.20942942798137665
129.32565421900017,2026-09-13T11:40:13.753743+00:00,4.8990983963012695,-0.2418147325515747
129.4021583929998,2026-09-13T11:40:13.830240+00:00,4.899718761444092,-0.2723868191242218
129.4754684669997,2026-09-13T11:40:13.903556+00:00,4.899769306182861,-0.3015561103820801
129.55950445600047,2026-09-13T11:40:13.987605+00:00,4.8994317054748535,-0.3273288905620575
129.5987329970003,2026-09-13T11:40:14.026813+00:00,4.899229526519775,-0.35062137246131897
129.67039228799968,2026-09-13T11:40:14.098486+00:00,4.898998737335205,-0.3763235807418823
129.74880235900036,2026-09-13T11:40:14.176898+00:00,4.898834228515625,-0.4012985825538635
129.78906766199998,2026-09-13T11:40:14.217151+00:00,4.898486137390137,-0.4241122007369995
129.8867655690001,2026-09-13T11:40:14.314869+00:00,4.897972583770752,-0.4459748864173889
129.9759812709999,2026-09-13T11:40:14.404060+00:00,4.897963523864746,-0.47048863768577576
130.0775186259998,2026-09-13T11:40:14.505603+00:00,4.897314548492432,-0.49337899684906006
130.15486041199983,2026-09-13T11:40:14.582945+00:00,4.896454811096191,-0.5448706150054932
130.25030536099985,2026-09-13T11:40:14.678388+00:00,4.896297454833984,-0.5785479545593262
130.2931839949997,2026-09-13T11:40:14.721242+00:00,4.899567604064941,-0.612966775894165
130.36813630300003,2026-09-13T11:40:14.796231+00:00,4.899300575256348,-0.6623342633247375
130.45409572599965,2026-09-13T11:40:14.882179+00:00,4.9029340744018555,-0.7053859829902649
130.5260155120004,2026-09-13T11:40:14.954101+00:00,4.903923988342285,-0.7355213761329651
130.60003403999963,2026-09-13T11:40:15.028116+00:00,4.903985023498535,-0.7605449557304382
130.68130695800028,2026-09-13T11:40:15.109398+00:00,4.9030280113220215,-0.7920584082603455
130.77546066299965,2026-09-13T11:40:15.203561+00:00,4.903357982635498,-0.8278089761734009
130.7997396589999,2026-09-13T11:40:15.227822+00:00,4.904423236846924,-0.8597357869148254
130.8789885590004,2026-09-13T11:40:15.307087+00:00,4.9059977531433105,-0.880633533000946
130.91897435699957,2026-09-13T11:40:15.347061+00:00,4.906549453735352,-0.8792420029640198
131.01293345999966,2026-09-13T11:40:15.441016+00:00,4.907432556152344,-0.8710268139839172
131.08924133100027,2026-09-13T11:40:15.517326+00:00,4.907793045043945,-0.8695376515388489
131.15998415299964,2026-09-13T11:40:15.588070+00:00,4.907976150512695,-0.8677834272384644
131.216123659,2026-09-13T11:40:15.644211+00:00,4.908197402954102,-0.8663401007652283
131.2905359030001,2026-09-13T11:40:15.718621+00:00,4.9084391593933105,-0.8651819825172424
131.3357917889998,2026-09-13T11:40:15.763876+00:00,4.908511638641357,-0.8646142482757568
131.41076870600045,2026-09-13T11:40:15.838848+00:00,4.908607482910156,-0.8642256855964661
131.49364129700007,2026-09-13T11:40:15.921671+00:00,4.908690452575684,-0.8636958599090576
131.5629189809997,2026-09-13T11:40:15.991002+00:00,4.908863067626953,-0.8631839752197266
131.67036475900022,2026-09-13T11:40:16.098416+00:00,4.908994197845459,-0.8631010055541992
131.72523334400012,2026-09-13T11:40:16.153337+00:00,4.909094333648682,-0.8629365563392639
131.77257974700024,2026-09-13T11:40:16.200670+00:00,4.909152984619141,-0.8627852201461792
131.86208605299998,2026-09-13T11:40:16.290172+00:00,4.9091949462890625,-0.8627105951309204
131.90677771500032,2026-09-13T11:40:16.334862+00:00,4.909274101257324,-0.862650990486145
132.00857015099973,2026-09-13T11:40:16.436668+00:00,4.9092698097229,-0.8623415231704712
132.07357485699958,2026-09-13T11:40:16.501659+00:00,4.909248352050781,-0.862188994884491
132.12509205399965,2026-09-13T11:40:16.553178+00:00,4.909242153167725,-0.8622691035270691
132.20666089099996,2026-09-13T11:40:16.634744+00:00,4.909248352050781,-0.8621720671653748
132.25748278399988,2026-09-13T11:40:16.685564+00:00,4.909197807312012,-0.8619339466094971
132.32886240900007,2026-09-13T11:40:16.756952+00:00,4.909169673919678,-0.862022876739502
132.3952148389999,2026-09-13T11:40:16.823300+00:00,4.909194469451904,-0.8621326684951782
132.47445032799988,2026-09-13T11:40:16.902535+00:00,4.909172534942627,-0.8618446588516235
132.52452721999998,2026-09-13T11:40:16.952611+00:00,4.909153461456299,-0.8619875311851501
132.59725184800027,2026-09-13T11:40:17.025329+00:00,4.909195899963379,-0.8619623184204102
132.66764405499998,2026-09-13T11:40:17.095660+00:00,4.909228801727295,-0.8617495894432068
132.74507224100034,2026-09-13T11:40:17.173152+00:00,4.9091973304748535,-0.8616930842399597
132.89082806999977,2026-09-13T11:40:17.318915+00:00,4.90917444229126,-0.8618307113647461
133.03565635999985,2026-09-13T11:40:17.463740+00:00,4.909135341644287,-0.8616611957550049
133.12880229199982,2026-09-13T11:40:17.556894+00:00,4.909181118011475,-0.8614189028739929
133.19135466700027,2026-09-13T11:40:17.619440+00:00,4.909170627593994,-0.8613962531089783
133.25083583000014,2026-09-13T11:40:17.678918+00:00,4.909153938293457,-0.8615462183952332
133.31497447000038,2026-09-13T11:40:17.743055+00:00,4.909165859222412,-0.8613932728767395
133.414596222,2026-09-13T11:40:17.842691+00:00,4.909168243408203,-0.8611772060394287
133.5196152689996,2026-09-13T11:40:17.947615+00:00,4.909213542938232,-0.8613514304161072
133.5441101160004,2026-09-13T11:40:17.972202+00:00,4.9092254638671875,-0.8611782789230347
133.59673966100036,2026-09-13T11:40:18.024651+00:00,4.909195899963379,-0.8610357046127319
133.672342975,2026-09-13T11:40:18.100421+00:00,4.909200668334961,-0.861253559589386
133.7391637159999,2026-09-13T11:40:18.167262+00:00,4.9092817306518555,-0.8611501455307007
133.79434521300027,2026-09-13T11:40:18.222425+00:00,4.909308910369873,-0.8609142899513245
133.8512308039999,2026-09-13T11:40:18.279320+00:00,4.90933084487915,-0.8609473705291748
133.95827194600042,2026-09-13T11:40:18.386354+00:00,4.909396171569824,-0.8608818054199219
134.0240594449997,2026-09-13T11:40:18.452144+00:00,4.909395217895508,-0.8606439232826233
134.07927367899993,2026-09-13T11:40:18.507359+00:00,4.90944242477417,-0.8607630133628845
134.1796469589999,2026-09-13T11:40:18.607706+00:00,4.90956974029541,-0.8607995510101318
134.24299150499974,2026-09-13T11:40:18.671078+00:00,4.909721851348877,-0.8605814576148987
134.307236869,2026-09-13T11:40:18.735324+00:00,4.909838676452637,-0.8606273531913757
134.37322322799992,2026-09-13T11:40:18.801301+00:00,4.909923553466797,-0.8607209324836731
134.462456362,2026-09-13T11:40:18.890536+00:00,4.9099507331848145,-0.8606414794921875
134.51175359199988,2026-09-13T11:40:18.939843+00:00,4.909939289093018,-0.8606626391410828
134.57112034700003,2026-09-13T11:40:18.999221+00:00,4.9099531173706055,-0.8607583045959473
134.6341428579999,2026-09-13T11:40:19.062225+00:00,4.909993648529053,-0.8604838848114014
134.7415557940003,2026-09-13T11:40:19.169655+00:00,4.909965515136719,-0.8604752421379089
134.79700539999976,2026-09-13T11:40:19.225091+00:00,4.9099626541137695,-0.860625147819519
134.8572467619997,2026-09-13T11:40:19.285348+00:00,4.909975528717041,-0.8603680729866028
134.92806286199993,2026-09-13T11:40:19.356145+00:00,4.909965991973877,-0.8603087067604065
134.98905642699992,2026-09-13T11:40:19.417139+00:00,4.90999174118042,-0.8605049848556519
135.06526754900005,2026-09-13T11:40:19.493347+00:00,4.910082817077637,-0.8604528307914734
135.14303002199995,2026-09-13T11:40:19.571119+00:00,4.910086154937744,-0.860304594039917
135.21569781000017,2026-09-13T11:40:19.643797+00:00,4.910099506378174,-0.8604939579963684
135.27895086100034,2026-09-13T11:40:19.707044+00:00,4.910119533538818,-0.8604247570037842
135.36957812000037,2026-09-13T11:40:19.797677+00:00,4.910123348236084,-0.8602702617645264
135.43968682000013,2026-09-13T11:40:19.867757+00:00,4.9100871086120605,-0.8605348467826843
135.49901104299988,2026-09-13T11:40:19.927096+00:00,4.910122394561768,-0.8606095910072327
135.57535378900047,2026-09-13T11:40:20.003437+00:00,4.910113334655762,-0.860440194606781
135.63694485700034,2026-09-13T11:40:20.065032+00:00,4.9101128578186035,-0.8604276776313782
135.699599218,2026-09-13T11:40:20.127675+00:00,4.910149097442627,-0.8605181574821472
135.77270347600006,2026-09-13T11:40:20.200805+00:00,4.910188674926758,-0.8603907823562622
135.82000862400037,2026-09-13T11:40:20.248094+00:00,4.910177707672119,-0.8603488206863403
135.90277060799963,2026-09-13T11:40:20.330856+00:00,4.910157680511475,-0.8604145646095276
135.9740030490002,2026-09-13T11:40:20.402090+00:00,4.910149097442627,-0.8604367971420288
136.08086075099982,2026-09-13T11:40:20.508937+00:00,4.91012716293335,-0.8603309392929077
136.14407539900003,2026-09-13T11:40:20.572153+00:00,4.910154819488525,-0.8604011535644531
136.19092938599988,2026-09-13T11:40:20.619011+00:00,4.9102702140808105,-0.8603444695472717
136.27559019599994,2026-09-13T11:40:20.703670+00:00,4.910336494445801,-0.8599921464920044
136.3605283979996,2026-09-13T11:40:20.788630+00:00,4.910381317138672,-0.8603069186210632
136.41633357400042,2026-09-13T11:40:20.844428+00:00,4.91044807434082,-0.8602518439292908
136.46877840199977,2026-09-13T11:40:20.896854+00:00,4.910449028015137,-0.8600265383720398
136.53702322000026,2026-09-13T11:40:20.965109+00:00,4.910449504852295,-0.8601849675178528
136.64220677899993,2026-09-13T11:40:21.070291+00:00,4.910518169403076,-0.8601163625717163
136.71978312600004,2026-09-13T11:40:21.147868+00:00,4.910543441772461,-0.859961986541748
136.80374207099976,2026-09-13T11:40:21.230192+00:00,4.910566329956055,-0.8599284887313843
136.83342917400023,2026-09-13T11:40:21.261513+00:00,4.910619735717773,-0.8601208925247192
136.90266633400006,2026-09-13T11:40:21.330752+00:00,4.910701274871826,-0.8601222634315491
136.98448659899987,2026-09-13T11:40:21.412586+00:00,4.910662651062012,-0.8601977229118347
137.02730656699987,2026-09-13T11:40:21.455392+00:00,4.910661220550537,-0.8603124022483826
137.11869962400033,2026-09-13T11:40:21.546769+00:00,4.910735130310059,-0.8601546883583069
137.15084756899978,2026-09-13T11:40:21.578929+00:00,4.910680294036865,-0.860004723072052
137.22471785299967,2026-09-13T11:40:21.652804+00:00,4.910639762878418,-0.8600948452949524
137.32075853100014,2026-09-13T11:40:21.748842+00:00,4.910714626312256,-0.8601638078689575
137.3841310099997,2026-09-13T11:40:21.812212+00:00,4.910740852355957,-0.8598526120185852
137.44660724700043,2026-09-13T11:40:21.874693+00:00,4.910719871520996,-0.8600571751594543
137.53553498200017,2026-09-13T11:40:21.963619+00:00,4.910707950592041,-0.8602337837219238
137.594169211,2026-09-13T11:40:22.022255+00:00,4.910721302032471,-0.8600848913192749
137.704676329,2026-09-13T11:40:22.132753+00:00,4.910696029663086,-0.860137939453125
137.76324661800027,2026-09-13T11:40:22.191347+00:00,4.9107184410095215,-0.8602886199951172
137.82273353399978,2026-09-13T11:40:22.250821+00:00,4.91071891784668,-0.8601042628288269
137.88922247400023,2026-09-13T11:40:22.317321+00:00,4.910678386688232,-0.8600208759307861
137.96523981999962,2026-09-13T11:40:22.393340+00:00,4.9109649658203125,-0.8582247495651245
138.04555404700022,2026-09-13T11:40:22.473641+00:00,4.911613464355469,-0.8356477618217468
138.16007930999967,2026-09-13T11:40:22.588166+00:00,4.912317276000977,-0.7827752232551575
138.2470635740001,2026-09-13T11:40:22.675144+00:00,4.912410736083984,-0.7613049149513245
138.3126304790003,2026-09-13T11:40:22.740721+00:00,4.911935806274414,-0.7354620695114136
138.39074205399993,2026-09-13T11:40:22.818104+00:00,4.911648273468018,-0.7147982716560364
138.44137724200027,2026-09-13T11:40:22.869480+00:00,4.911412715911865,-0.6924454569816589
138.48060439900019,2026-09-13T11:40:22.908690+00:00,4.911268711090088,-0.6769992709159851
138.549248628,2026-09-13T11:40:22.977334+00:00,4.91109037399292,-0.6564414501190186
138.62179195499994,2026-09-13T11:40:23.049877+00:00,4.911159992218018,-0.6391288042068481
138.7209295370003,2026-09-13T11:40:23.149017+00:00,4.911459445953369,-0.6191635727882385
138.84819912700004,2026-09-13T11:40:23.276289+00:00,4.9118266105651855,-0.5994333028793335
138.8570175089999,2026-09-13T11:40:23.285114+00:00,4.912974834442139,-0.576497495174408
138.92251659999965,2026-09-13T11:40:23.350599+00:00,4.914819240570068,-0.5524194836616516
138.99240160099998,2026-09-13T11:40:23.420486+00:00,4.917978763580322,-0.5238949656486511
139.05346674799966,2026-09-13T11:40:23.481555+00:00,4.919958591461182,-0.5029417276382446
139.1092425429997,2026-09-13T11:40:23.537325+00:00,4.92177152633667,-0.4755209982395172
139.1691648420001,2026-09-13T11:40:23.597248+00:00,4.922916889190674,-0.4490549564361572
139.25585500800025,2026-09-13T11:40:23.683939+00:00,4.922651767730713,-0.4154464304447174
139.34335424300025,2026-09-13T11:40:23.771432+00:00,4.9221272468566895,-0.38731780648231506
139.39143635900018,2026-09-13T11:40:23.819517+00:00,4.9219512939453125,-0.35777080059051514
139.47444753400032,2026-09-13T11:40:23.902516+00:00,4.9215826988220215,-0.3252692222595215
139.53095879400007,2026-09-13T11:40:23.959044+00:00,4.922801971435547,-0.3072219789028168
139.63553280799988,2026-09-13T11:40:24.063632+00:00,4.9236626625061035,-0.31545594334602356
139.69233534700015,2026-09-13T11:40:24.120435+00:00,4.925113677978516,-0.32262668013572693
139.76587562300028,2026-09-13T11:40:24.193962+00:00,4.925856590270996,-0.329154908657074
139.83984648299975,2026-09-13T11:40:24.267947+00:00,4.925426006317139,-0.33401966094970703
139.90675361899957,2026-09-13T11:40:24.334848+00:00,4.925267219543457,-0.339322030544281
139.96743724000044,2026-09-13T11:40:24.395522+00:00,4.9254302978515625,-0.3447624444961548
140.0605949009996,2026-09-13T11:40:24.488680+00:00,4.925662517547607,-0.34969115257263184
140.1108445939999,2026-09-13T11:40:24.538930+00:00,4.9257283210754395,-0.3539891839027405
140.16391175599983,2026-09-13T11:40:24.591992+00:00,4.9256911277771,-0.35701653361320496
140.24062564900032,2026-09-13T11:40:24.668709+00:00,4.925656795501709,-0.3599841296672821
140.30888441299976,2026-09-13T11:40:24.736969+00:00,4.925685882568359,-0.36210373044013977
140.37751398199998,2026-09-13T11:40:24.805599+00:00,4.92570686340332,-0.36466529965400696
140.48752852300004,2026-09-13T11:40:24.915559+00:00,4.92567253112793,-0.36654409766197205
140.531005068,2026-09-13T11:40:24.959089+00:00,4.925548076629639,-0.3679727613925934
140.62340422299985,2026-09-13T11:40:25.051490+00:00,4.925437927246094,-0.36960887908935547
140.7107155069998,2026-09-13T11:40:25.138758+00:00,4.925343036651611,-0.3712036609649658
140.7847293120003,2026-09-13T11:40:25.212830+00:00,4.925206661224365,-0.3727080225944519
140.83821390400044,2026-09-13T11:40:25.266295+00:00,4.9250335693359375,-0.3739892244338989
140.89422295700024,2026-09-13T11:40:25.322310+00:00,4.924820899963379,-0.3753819167613983
140.98046102900025,2026-09-13T11:40:25.408555+00:00,4.924546241760254,-0.3765900135040283
141.0382835600003,2026-09-13T11:40:25.466381+00:00,4.924346446990967,-0.37773916125297546
141.08151337100026,2026-09-13T11:40:25.509598+00:00,4.924201488494873,-0.3782484531402588
141.13631009999972,2026-09-13T11:40:25.564390+00:00,4.9240803718566895,-0.37858617305755615
141.2296163760002,2026-09-13T11:40:25.657717+00:00,4.924001216888428,-0.37964126467704773
141.30467017499996,2026-09-13T11:40:25.732756+00:00,4.923951625823975,-0.3802666664123535
141.36075376000008,2026-09-13T11:40:25.788840+00:00,4.923783302307129,-0.3805151879787445
141.42652134299988,2026-09-13T11:40:25.854619+00:00,4.923696517944336,-0.38082197308540344
141.48811291699985,2026-09-13T11:40:25.916198+00:00,4.922183513641357,-0.36155158281326294
141.55136173499977,2026-09-13T11:40:25.979449+00:00,4.921660900115967,-0.3364434838294983
141.65003391000027,2026-09-13T11:40:26.078120+00:00,4.9215779304504395,-0.31354352831840515
141.74219307899966,2026-09-13T11:40:26.170274+00:00,4.921535491943359,-0.28908616304397583
141.82314093399964,2026-09-13T11:40:26.251235+00:00,4.92132568359375,-0.271788626909256
141.86900186599996,2026-09-13T11:40:26.297088+00:00,4.920904159545898,-0.24555331468582153
141.92566337100016,2026-09-13T11:40:26.353766+00:00,4.920429229736328,-0.2251640111207962
142.00761582500036,2026-09-13T11:40:26.435703+00:00,4.9202961921691895,-0.1990259438753128
142.07555284000046,2026-09-13T11:40:26.503651+00:00,4.920314788818359,-0.17788220942020416
142.1446350389997,2026-09-13T11:40:26.572719+00:00,4.921514511108398,-0.15161088109016418
142.20681550900008,2026-09-13T11:40:26.634909+00:00,4.922096252441406,-0.11777593195438385
142.259332781,2026-09-13T11:40:26.687417+00:00,4.921488285064697,-0.08175516873598099
142.3403327670003,2026-09-13T11:40:26.768414+00:00,4.922214031219482,-0.04319138824939728
142.43288248600038,2026-09-13T11:40:26.860975+00:00,4.923028945922852,-0.0054856352508068085
142.49465701200006,2026-09-13T11:40:26.921927+00:00,4.923539638519287,0.02752779982984066
142.58253021400014,2026-09-13T11:40:27.010612+00:00,4.924366474151611,0.07006847113370895
142.68250313000044,2026-09-13T11:40:27.110513+00:00,4.924620151519775,0.11157696694135666
142.71589184500044,2026-09-13T11:40:27.143975+00:00,4.925596714019775,0.1476689726114273
142.782386633,2026-09-13T11:40:27.210476+00:00,4.925418376922607,0.16244708001613617
142.87884594499974,2026-09-13T11:40:27.306946+00:00,4.924107074737549,0.1501944214105606
142.91743488599968,2026-09-13T11:40:27.345516+00:00,4.923677444458008,0.14045624434947968
142.95958188199984,2026-09-13T11:40:27.387665+00:00,4.923859119415283,0.13822102546691895
143.0363607019999,2026-09-13T11:40:27.464444+00:00,4.924515247344971,0.13545523583889008
143.11328429700006,2026-09-13T11:40:27.541367+00:00,4.925319671630859,0.13350370526313782
143.20187331299985,2026-09-13T11:40:27.629962+00:00,4.926136493682861,0.1326487809419632
143.25627024200003,2026-09-13T11:40:27.684349+00:00,4.926600933074951,0.13176091015338898
143.34994149399972,2026-09-13T11:40:27.778007+00:00,4.927017688751221,0.13041099905967712
143.43050474899974,2026-09-13T11:40:27.858592+00:00,4.927326202392578,0.1293664574623108
143.5049633110002,2026-09-13T11:40:27.933022+00:00,4.92753267288208,0.12878867983818054
143.5749536229996,2026-09-13T11:40:28.003026+00:00,4.927698135375977,0.12845726311206818
143.66088312800002,2026-09-13T11:40:28.088983+00:00,4.927889823913574,0.12815189361572266
143.69653737600038,2026-09-13T11:40:28.124631+00:00,4.928073883056641,0.12792277336120605
143.7262293069998,2026-09-13T11:40:28.154318+00:00,4.928247928619385,0.12774279713630676
143.8212451440004,2026-09-13T11:40:28.249330+00:00,4.928463459014893,0.1274520307779312
143.87420848700003,2026-09-13T11:40:28.302292+00:00,4.928562641143799,0.127466082572937
143.94542209799965,2026-09-13T11:40:28.373509+00:00,4.92905330657959,0.13261975347995758
144.0153280200002,2026-09-13T11:40:28.443302+00:00,4.928343772888184,0.15927067399024963
144.10219725800016,2026-09-13T11:40:28.530286+00:00,4.928302764892578,0.17877130210399628
144.1649461400002,2026-09-13T11:40:28.593034+00:00,4.928136825561523,0.19761879742145538
144.20527853699969,2026-09-13T11:40:28.633379+00:00,4.928914546966553,0.21589431166648865
144.30589942299957,2026-09-13T11:40:28.733989+00:00,4.9298200607299805,0.24485042691230774
144.38038172899996,2026-09-13T11:40:28.808455+00:00,4.930039405822754,0.27349475026130676
144.4967943769998,2026-09-13T11:40:28.924880+00:00,4.930731296539307,0.3029631972312927
144.54348156200012,2026-09-13T11:40:28.971554+00:00,4.930751800537109,0.32679858803749084
144.63666174300033,2026-09-13T11:40:29.064747+00:00,4.930641174316406,0.3588685691356659
144.71330435900018,2026-09-13T11:40:29.141403+00:00,4.930334568023682,0.3810690939426422
144.74468083200009,2026-09-13T11:40:29.172765+00:00,4.92979621887207,0.40610262751579285
144.79639232800037,2026-09-13T11:40:29.224481+00:00,4.9284491539001465,0.432890385389328
144.87614471800043,2026-09-13T11:40:29.304222+00:00,4.926494598388672,0.46114271879196167
144.94261422199997,2026-09-13T11:40:29.370701+00:00,4.924753189086914,0.49018535017967224
145.01281487899996,2026-09-13T11:40:29.440901+00:00,4.924212455749512,0.5178650617599487
145.06703221099997,2026-09-13T11:40:29.495114+00:00,4.924744606018066,0.5547070503234863
145.1258624080001,2026-09-13T11:40:29.553961+00:00,4.92336893081665,0.5894680023193359
145.2753117149996,2026-09-13T11:40:29.703399+00:00,4.92129373550415,0.6232651472091675
145.37606879800023,2026-09-13T11:40:29.803647+00:00,4.919620513916016,0.6482816934585571
145.60937475599985,2026-09-13T11:40:30.037464+00:00,4.913095474243164,0.6328938007354736
145.66288260700003,2026-09-13T11:40:30.090968+00:00,4.912606716156006,0.6277862787246704
145.76882593000028,2026-09-13T11:40:30.196930+00:00,4.912204265594482,0.624649703502655
145.7883182180003,2026-09-13T11:40:30.216404+00:00,4.911818027496338,0.6214230060577393
145.88089772199965,2026-09-13T11:40:30.308975+00:00,4.911459922790527,0.6180464625358582
145.92321307600014,2026-09-13T11:40:30.351302+00:00,4.911048889160156,0.6146577000617981
146.00876812499973,2026-09-13T11:40:30.436847+00:00,4.9107489585876465,0.6111947894096375
146.10584272800043,2026-09-13T11:40:30.533937+00:00,4.910522937774658,0.608136773109436
146.17426341200007,2026-09-13T11:40:30.602347+00:00,4.910323619842529,0.6058284044265747
146.27405106300012,2026-09-13T11:40:30.702147+00:00,4.910158157348633,0.6035903692245483
146.3426238510001,2026-09-13T11:40:30.770700+00:00,4.9098944664001465,0.5980431437492371
146.45427005199963,2026-09-13T11:40:30.882346+00:00,4.909726142883301,0.5951429605484009
146.4962574199999,2026-09-13T11:40:30.924346+00:00,4.909605026245117,0.5922272205352783
146.56645298700005,2026-09-13T11:40:30.994535+00:00,4.909497261047363,0.5895809531211853
146.65630267300003,2026-09-13T11:40:31.084389+00:00,4.909343242645264,0.5870498418807983
146.68357856300008,2026-09-13T11:40:31.111667+00:00,4.909206867218018,0.5850816369056702
146.77208884599986,2026-09-13T11:40:31.200173+00:00,4.9091267585754395,0.5827987790107727
146.83613030800007,2026-09-13T11:40:31.264212+00:00,4.90888786315918,0.5798237323760986
146.92987205099962,2026-09-13T11:40:31.357951+00:00,4.90863561630249,0.575964093208313
146.96395334499994,2026-09-13T11:40:31.392038+00:00,4.908376693725586,0.5725667476654053
147.06233147500006,2026-09-13T11:40:31.490413+00:00,4.908090114593506,0.5698850154876709
147.12860915700003,2026-09-13T11:40:31.556693+00:00,4.907951354980469,0.5679453015327454
147.21527613800026,2026-09-13T11:40:31.643357+00:00,4.907795429229736,0.5657871961593628
147.30763335499978,2026-09-13T11:40:31.735714+00:00,4.9076008796691895,0.5627697706222534
147.3719001420004,2026-09-13T11:40:31.799985+00:00,4.907479286193848,0.5603405237197876
147.402282733,2026-09-13T11:40:31.830382+00:00,4.90742826461792,0.5581531524658203
147.4505823239997,2026-09-13T11:40:31.878672+00:00,4.907355308532715,0.5556153059005737
147.56782566699985,2026-09-13T11:40:31.995902+00:00,4.907313823699951,0.5537558794021606
147.644712196,2026-09-13T11:40:32.072805+00:00,4.907235622406006,0.5515713691711426
147.70410517300024,2026-09-13T11:40:32.132207+00:00,4.907177925109863,0.5493693351745605
147.75610458600022,2026-09-13T11:40:32.184191+00:00,4.907093524932861,0.5476775765419006
147.833897085,2026-09-13T11:40:32.261992+00:00,4.907019138336182,0.5458645224571228
147.96708137800033,2026-09-13T11:40:32.395171+00:00,4.9070587158203125,0.5435574650764465
148.00651711400042,2026-09-13T11:40:32.434603+00:00,4.907048225402832,0.5423758625984192
148.05749419699987,2026-09-13T11:40:32.485592+00:00,4.9070024490356445,0.5410752296447754
148.10851281899977,2026-09-13T11:40:32.536593+00:00,4.906784534454346,0.5395951867103577
148.20375650000005,2026-09-13T11:40:32.631854+00:00,4.906639575958252,0.5379382967948914
148.21958631100006,2026-09-13T11:40:32.647669+00:00,4.906555652618408,0.5363461375236511
148.31262967699968,2026-09-13T11:40:32.740733+00:00,4.906526565551758,0.534787654876709
148.39528788799998,2026-09-13T11:40:32.823370+00:00,4.906395435333252,0.5315561890602112
148.4671078299998,2026-09-13T11:40:32.895156+00:00,4.906245231628418,0.5298913717269897
148.54760572800024,2026-09-13T11:40:32.975705+00:00,4.90613317489624,0.5282081961631775
148.63351608700032,2026-09-13T11:40:33.061599+00:00,4.90606164932251,0.5265450477600098
148.72042678900016,2026-09-13T11:40:33.148524+00:00,4.905939102172852,0.5249940752983093
148.75776592700004,2026-09-13T11:40:33.185857+00:00,4.9058990478515625,0.5238695740699768
148.79995640699963,2026-09-13T11:40:33.228039+00:00,4.905867576599121,0.522851288318634
148.88117808799961,2026-09-13T11:40:33.309280+00:00,4.905849933624268,0.522549569606781
148.94312007000008,2026-09-13T11:40:33.371054+00:00,4.9058685302734375,0.5220913887023926
149.01563361700028,2026-09-13T11:40:33.443718+00:00,4.90593147277832,0.5215453505516052
149.07904796900038,2026-09-13T11:40:33.507127+00:00,4.906070232391357,0.521194577217102
149.16626585599988,2026-09-13T11:40:33.594350+00:00,4.904594421386719,0.5507262945175171
149.2419594840003,2026-09-13T11:40:33.670028+00:00,4.903543949127197,0.5785823464393616
149.32180732899997,2026-09-13T11:40:33.749878+00:00,4.902937889099121,0.6016420125961304
149.36553232700044,2026-09-13T11:40:33.793612+00:00,4.9039082527160645,0.6224940419197083
149.42519168499985,2026-09-13T11:40:33.853278+00:00,4.906559944152832,0.6528517603874207
149.4833197580001,2026-09-13T11:40:33.911402+00:00,4.907684326171875,0.6849310994148254
149.5728317889998,2026-09-13T11:40:34.000913+00:00,4.908531188964844,0.7142772078514099
149.68268872800036,2026-09-13T11:40:34.110677+00:00,4.909478187561035,0.7460513710975647
149.75452294000024,2026-09-13T11:40:34.182605+00:00,4.907521724700928,0.773592472076416
149.80913455999962,2026-09-13T11:40:34.237222+00:00,4.905370712280273,0.7741414308547974
149.85460259800038,2026-09-13T11:40:34.282684+00:00,4.905338287353516,0.7635838389396667
149.93875099999968,2026-09-13T11:40:34.366833+00:00,4.906149864196777,0.7613950371742249
150.03928210699996,2026-09-13T11:40:34.467367+00:00,4.905711650848389,0.7585383653640747
150.13960561800013,2026-09-13T11:40:34.567672+00:00,4.905256748199463,0.755527138710022
150.2245157589996,2026-09-13T11:40:34.652600+00:00,4.904827117919922,0.7526172399520874
150.2994752329996,2026-09-13T11:40:34.727557+00:00,4.903709888458252,0.7434458136558533
150.3402703060001,2026-09-13T11:40:34.768356+00:00,4.90309476852417,0.7395219206809998
150.45853075299965,2026-09-13T11:40:34.886629+00:00,4.9025492668151855,0.7359405755996704
150.50506438699995,2026-09-13T11:40:34.933153+00:00,4.902224063873291,0.7335484623908997
150.56073011399985,2026-09-13T11:40:34.988818+00:00,4.902000427246094,0.7304357290267944
150.6471420959997,2026-09-13T11:40:35.075244+00:00,4.90186071395874,0.7281532883644104
150.68225384400012,2026-09-13T11:40:35.110351+00:00,4.9016218185424805,0.7256185412406921
150.7709567060001,2026-09-13T11:40:35.199044+00:00,4.90134859085083,0.7242575287818909
150.8763172959998,2026-09-13T11:40:35.303089+00:00,4.901103973388672,0.7222719192504883
150.92666653299966,2026-09-13T11:40:35.354753+00:00,4.900810718536377,0.7199703454971313
150.995335351,2026-09-13T11:40:35.423419+00:00,4.900402069091797,0.7182513475418091
151.05060777400013,2026-09-13T11:40:35.478692+00:00,4.899922847747803,0.7159428596496582
151.13137678600015,2026-09-13T11:40:35.559460+00:00,4.89935302734375,0.713283896446228
151.19417948499995,2026-09-13T11:40:35.622266+00:00,4.898896217346191,0.7122053503990173
151.2351667920002,2026-09-13T11:40:35.663249+00:00,4.898422718048096,0.7112324833869934
151.3084811810004,2026-09-13T11:40:35.736570+00:00,4.898006916046143,0.7096838355064392
151.37546827200003,2026-09-13T11:40:35.803558+00:00,4.8975911140441895,0.7087233066558838
151.47107465499994,2026-09-13T11:40:35.899162+00:00,4.8972578048706055,0.7081087827682495
151.54832731100032,2026-09-13T11:40:35.976432+00:00,4.897031307220459,0.7070321440696716
151.59937066600014,2026-09-13T11:40:36.027457+00:00,4.896755218505859,0.7058119773864746
151.6946783100002,2026-09-13T11:40:36.122759+00:00,4.896461009979248,0.7050194144248962
151.76169426599972,2026-09-13T11:40:36.189789+00:00,4.896154880523682,0.70404052734375
151.83254313900034,2026-09-13T11:40:36.260634+00:00,4.895873546600342,0.7031756043434143
151.88321360900045,2026-09-13T11:40:36.311292+00:00,4.895599365234375,0.7024074196815491
151.95373849600037,2026-09-13T11:40:36.381822+00:00,4.895412921905518,0.701638400554657
152.03224725200016,2026-09-13T11:40:36.460331+00:00,4.895012378692627,0.6867019534111023
152.10117192300004,2026-09-13T11:40:36.529214+00:00,4.894181251525879,0.6524973511695862
152.20423321399994,2026-09-13T11:40:36.632315+00:00,4.893320560455322,0.6254346370697021
152.28134605299965,2026-09-13T11:40:36.709418+00:00,4.8915557861328125,0.6228600740432739
152.32965133499965,2026-09-13T11:40:36.757726+00:00,4.890817165374756,0.6272935271263123
152.39443113400011,2026-09-13T11:40:36.822524+00:00,4.890696048736572,0.6295648217201233
152.4497764560001,2026-09-13T11:40:36.877838+00:00,4.890840530395508,0.6328767538070679
152.5140837810004,2026-09-13T11:40:36.942165+00:00,4.89072322845459,0.6357254385948181
152.628861788,2026-09-13T11:40:37.056945+00:00,4.8904547691345215,0.6378818154335022
152.71584803800033,2026-09-13T11:40:37.143852+00:00,4.890521049499512,0.6387551426887512
152.77782819300046,2026-09-13T11:40:37.205912+00:00,4.89061164855957,0.6400642395019531
152.86132112799987,2026-09-13T11:40:37.289411+00:00,4.890639781951904,0.6407586932182312
152.97352001400031,2026-09-13T11:40:37.401602+00:00,4.890544414520264,0.6407877206802368
153.05448080899987,2026-09-13T11:40:37.482561+00:00,4.890653133392334,0.6407851576805115
153.19632992100014,2026-09-13T11:40:37.624425+00:00,4.890702724456787,0.6403547525405884
153.2341766039999,2026-09-13T11:40:37.662265+00:00,4.890571117401123,0.6402171850204468
153.3136378270001,2026-09-13T11:40:37.741718+00:00,4.890483856201172,0.6403053402900696
153.38860987200042,2026-09-13T11:40:37.816693+00:00,4.8885040283203125,0.6397995352745056
153.4414527179997,2026-09-13T11:40:37.869536+00:00,4.883869647979736,0.638778805732727
153.50504588999956,2026-09-13T11:40:37.933132+00:00,4.874007701873779,0.636240541934967
153.56118808700012,2026-09-13T11:40:37.989278+00:00,4.863908290863037,0.6348681449890137
153.6352562410002,2026-09-13T11:40:38.063346+00:00,4.8484086990356445,0.6336603164672852
153.72733922099997,2026-09-13T11:40:38.155440+00:00,4.836387634277344,0.637464702129364
153.77790184199966,2026-09-13T11:40:38.205992+00:00,4.820957660675049,0.6399442553520203
153.85298000399962,2026-09-13T11:40:38.281076+00:00,4.798389911651611,0.6435871124267578
153.90552260799996,2026-09-13T11:40:38.331589+00:00,4.775162220001221,0.650951087474823
153.9875010249998,2026-09-13T11:40:38.415590+00:00,4.7551093101501465,0.6555479168891907
154.09284144699996,2026-09-13T11:40:38.520929+00:00,4.735078811645508,0.6567063331604004
154.1493350540004,2026-09-13T11:40:38.577415+00:00,4.7179036140441895,0.6601586937904358
154.20192479599973,2026-09-13T11:40:38.630007+00:00,4.70892333984375,0.6585265398025513
154.27206601099988,2026-09-13T11:40:38.700159+00:00,4.703610420227051,0.6533066034317017
154.3762624330002,2026-09-13T11:40:38.804345+00:00,4.702744007110596,0.6487315893173218
154.47795209200012,2026-09-13T11:40:38.906020+00:00,4.704991817474365,0.6439055800437927
154.59040266800002,2026-09-13T11:40:39.018499+00:00,4.708019733428955,0.6442526578903198
154.65095877299973,2026-09-13T11:40:39.079042+00:00,4.707989692687988,0.6443270444869995
154.7118739690004,2026-09-13T11:40:39.139957+00:00,4.707808017730713,0.6441400051116943
154.77686311900015,2026-09-13T11:40:39.204942+00:00,4.707902908325195,0.6439481973648071
154.83922101999997,2026-09-13T11:40:39.267310+00:00,4.708075523376465,0.6442875266075134
154.9162508720001,2026-09-13T11:40:39.344336+00:00,4.707778453826904,0.6446483731269836
154.9976102139999,2026-09-13T11:40:39.425709+00:00,4.70500373840332,0.6440249085426331
155.08454244099994,2026-09-13T11:40:39.512632+00:00,4.697394371032715,0.6423381567001343
155.15476625100018,2026-09-13T11:40:39.582859+00:00,4.687585830688477,0.6399120092391968
155.27188732499962,2026-09-13T11:40:39.699985+00:00,4.677735805511475,0.6385946273803711
155.28285356699962,2026-09-13T11:40:39.710940+00:00,4.667081832885742,0.6420257687568665
155.39124785199965,2026-09-13T11:40:39.819326+00:00,4.653969764709473,0.6461269855499268
155.4746078170001,2026-09-13T11:40:39.902686+00:00,4.636453628540039,0.6503124833106995
155.52591089399994,2026-09-13T11:40:39.953989+00:00,4.614306449890137,0.6550362706184387
155.56036077800036,2026-09-13T11:40:39.988448+00:00,4.5933451652526855,0.6624045968055725
155.62182163600028,2026-09-13T11:40:40.049907+00:00,4.573012828826904,0.6683772802352905
155.73415821700019,2026-09-13T11:40:40.162245+00:00,4.554952144622803,0.6728649139404297
155.83880857999975,2026-09-13T11:40:40.266669+00:00,4.539139747619629,0.6753381490707397
155.95840415699968,2026-09-13T11:40:40.386473+00:00,4.529333114624023,0.6740411520004272
156.0563344660004,2026-09-13T11:40:40.484422+00:00,4.525843143463135,0.6603643894195557
156.16531377299998,2026-09-13T11:40:40.593389+00:00,4.526871204376221,0.6593984961509705
156.1945959450004,2026-09-13T11:40:40.622680+00:00,4.527192115783691,0.6591464281082153
156.24738588800028,2026-09-13T11:40:40.675468+00:00,4.527181148529053,0.6589493155479431
156.32318655000017,2026-09-13T11:40:40.751277+00:00,4.527127265930176,0.6585595011711121
156.38357214799998,2026-09-13T11:40:40.811660+00:00,4.52705192565918,0.6559299230575562
156.4649245749997,2026-09-13T11:40:40.893013+00:00,4.527368545532227,0.6285538673400879
156.55952016999981,2026-09-13T11:40:40.987595+00:00,4.526827812194824,0.5989538431167603
156.62175402899993,2026-09-13T11:40:41.049837+00:00,4.525517463684082,0.5694477558135986
156.6728107859999,2026-09-13T11:40:41.100892+00:00,4.524115085601807,0.5424691438674927
156.7331399630002,2026-09-13T11:40:41.161224+00:00,4.522896766662598,0.517298698425293
156.8207390079997,2026-09-13T11:40:41.248818+00:00,4.521360874176025,0.4917016625404358
156.89918695100005,2026-09-13T11:40:41.327266+00:00,4.520094871520996,0.4702555239200592
156.94022855999992,2026-09-13T11:40:41.368308+00:00,4.5186567306518555,0.4473521411418915
157.0481008910001,2026-09-13T11:40:41.476203+00:00,4.517211437225342,0.42466646432876587
157.0884188760001,2026-09-13T11:40:41.516497+00:00,4.515722274780273,0.4000166654586792
157.1619398900002,2026-09-13T11:40:41.590026+00:00,4.514382362365723,0.3759392499923706
157.22456589800004,2026-09-13T11:40:41.652650+00:00,4.513564109802246,0.3521770238876343
157.29917548499998,2026-09-13T11:40:41.727258+00:00,4.512933254241943,0.3265146017074585
157.3698027700002,2026-09-13T11:40:41.797889+00:00,4.512219429016113,0.3013177514076233
157.44073167199986,2026-09-13T11:40:41.868700+00:00,4.51120138168335,0.2756619453430176
157.537717702,2026-09-13T11:40:41.965821+00:00,4.510221004486084,0.251865029335022
157.59280732299976,2026-09-13T11:40:42.020891+00:00,4.508896350860596,0.22529013454914093
157.67413792099978,2026-09-13T11:40:42.102222+00:00,4.507620334625244,0.20235291123390198
157.71486709599958,2026-09-13T11:40:42.142966+00:00,4.506791114807129,0.18022656440734863
157.79952930299987,2026-09-13T11:40:42.227615+00:00,4.505702972412109,0.15214790403842926
157.8742249730003,2026-09-13T11:40:42.302325+00:00,4.507198333740234,0.12255875766277313
157.94168251199972,2026-09-13T11:40:42.369780+00:00,4.508609771728516,0.12257345765829086
158.00691253599962,2026-09-13T11:40:42.435000+00:00,4.508967399597168,0.11371947824954987
158.0793134859996,2026-09-13T11:40:42.507360+00:00,4.511160850524902,0.09720901399850845
158.137691033,2026-09-13T11:40:42.565777+00:00,4.512112617492676,0.08541157841682434
158.22496420100015,2026-09-13T11:40:42.653051+00:00,4.51226282119751,0.0890883356332779
158.29720981500031,2026-09-13T11:40:42.725291+00:00,4.511742115020752,0.08732550591230392
158.36771200299972,2026-09-13T11:40:42.795791+00:00,4.5116167068481445,0.08631987124681473
158.4092669519996,2026-09-13T11:40:42.837350+00:00,4.512050628662109,0.08671051263809204
158.47926892099986,2026-09-13T11:40:42.907311+00:00,4.512625217437744,0.08645197004079819
158.5581257169997,2026-09-13T11:40:42.986212+00:00,4.512935161590576,0.08640207350254059
158.66475819900006,2026-09-13T11:40:43.092849+00:00,4.513300895690918,0.08851918578147888
158.73323307400005,2026-09-13T11:40:43.161312+00:00,4.512905597686768,0.11634434014558792
158.8148857039996,2026-09-13T11:40:43.242963+00:00,4.512823104858398,0.138946071267128
158.90565061600046,2026-09-13T11:40:43.333737+00:00,4.513204574584961,0.16128216683864594
158.96322069300004,2026-09-13T11:40:43.391307+00:00,4.514138698577881,0.17527242004871368
159.01312394399974,2026-09-13T11:40:43.441209+00:00,4.515427112579346,0.17568403482437134
159.06891321799958,2026-09-13T11:40:43.497012+00:00,4.516406536102295,0.16559366881847382
159.11532251500012,2026-09-13T11:40:43.543411+00:00,4.516022682189941,0.16479462385177612
159.20727302900013,2026-09-13T11:40:43.635357+00:00,4.515138149261475,0.16305996477603912
159.30241402400043,2026-09-13T11:40:43.730500+00:00,4.51470947265625,0.1622943878173828
159.37320413100042,2026-09-13T11:40:43.801287+00:00,4.514641284942627,0.1617802083492279
159.4670488949996,2026-09-13T11:40:43.895136+00:00,4.514584541320801,0.16127155721187592
159.53359287799958,2026-09-13T11:40:43.961677+00:00,4.514410972595215,0.16122423112392426
159.59568499800025,2026-09-13T11:40:44.023724+00:00,4.514279842376709,0.1610114574432373
159.65725484700033,2026-09-13T11:40:44.085342+00:00,4.514185428619385,0.16069911420345306
159.77888601500035,2026-09-13T11:40:44.206962+00:00,4.5140814781188965,0.16068054735660553
159.85869118000028,2026-09-13T11:40:44.286792+00:00,4.514074325561523,0.16052429378032684
159.9023050249998,2026-09-13T11:40:44.330393+00:00,4.514028549194336,0.16058896481990814
159.96762474699972,2026-09-13T11:40:44.395713+00:00,4.513863563537598,0.17319747805595398
160.05633517499973,2026-09-13T11:40:44.484416+00:00,4.514172554016113,0.19471117854118347
160.1206704260003,2026-09-13T11:40:44.548768+00:00,4.514967918395996,0.2111072689294815
160.19666273999974,2026-09-13T11:40:44.624745+00:00,4.5165910720825195,0.22858141362667084
160.23972276299992,2026-09-13T11:40:44.667819+00:00,4.51841926574707,0.24131451547145844
160.37582244500027,2026-09-13T11:40:44.803908+00:00,4.520937442779541,0.2552284300327301
160.45139303999986,2026-09-13T11:40:44.879493+00:00,4.522682189941406,0.27038466930389404
160.48877991500012,2026-09-13T11:40:44.916820+00:00,4.5248003005981445,0.29007941484451294
160.58039591299985,2026-09-13T11:40:45.008485+00:00,4.528619289398193,0.3129342794418335
160.64857601600033,2026-09-13T11:40:45.076670+00:00,4.532238006591797,0.33288925886154175
160.71001312000044,2026-09-13T11:40:45.138096+00:00,4.534351348876953,0.3535628616809845
160.74003558599998,2026-09-13T11:40:45.168119+00:00,4.534085273742676,0.37285253405570984
160.80880240999977,2026-09-13T11:40:45.236885+00:00,4.531716346740723,0.39435189962387085
160.88959178799996,2026-09-13T11:40:45.317681+00:00,4.5289692878723145,0.4172714352607727
160.96936671099957,2026-09-13T11:40:45.397449+00:00,4.526654243469238,0.4389178454875946
161.06521580499975,2026-09-13T11:40:45.493310+00:00,4.525376319885254,0.460988312959671
161.10577594299957,2026-09-13T11:40:45.533856+00:00,4.525355339050293,0.48103734850883484
161.19885253200027,2026-09-13T11:40:45.626934+00:00,4.525929927825928,0.49614623188972473
161.2807982309996,2026-09-13T11:40:45.708898+00:00,4.527681827545166,0.5155025720596313
161.32470575499974,2026-09-13T11:40:45.752793+00:00,4.529826641082764,0.5425182580947876
161.43019128800006,2026-09-13T11:40:45.858272+00:00,4.530108451843262,0.5730534791946411
161.51379419800014,2026-09-13T11:40:45.941884+00:00,4.530158042907715,0.6047096252441406
161.56058850699992,2026-09-13T11:40:45.988663+00:00,4.529013156890869,0.6341562867164612
161.62284204000025,2026-09-13T11:40:46.050923+00:00,4.527303218841553,0.6608366966247559
161.68936601800033,2026-09-13T11:40:46.117425+00:00,4.526810646057129,0.6954250931739807
161.8022259090003,2026-09-13T11:40:46.230311+00:00,4.5241827964782715,0.696649432182312
161.94345547000012,2026-09-13T11:40:46.371538+00:00,4.517553806304932,0.6774184107780457
162.03005675300028,2026-09-13T11:40:46.458141+00:00,4.516629695892334,0.6740448474884033
162.13371098199968,2026-09-13T11:40:46.561809+00:00,4.515412330627441,0.6705259084701538
162.18010168300043,2026-09-13T11:40:46.608133+00:00,4.5141191482543945,0.6672765016555786
162.23651873200015,2026-09-13T11:40:46.664622+00:00,4.513181209564209,0.6651332974433899
162.30363535099968,2026-09-13T11:40:46.731720+00:00,4.512284755706787,0.6634184718132019
162.3842842719996,2026-09-13T11:40:46.812372+00:00,4.51139497756958,0.66105055809021
162.45415701100046,2026-09-13T11:40:46.882239+00:00,4.5106682777404785,0.6593031287193298
162.51216595700043,2026-09-13T11:40:46.940248+00:00,4.510039329528809,0.6579714417457581
162.6139812350002,2026-09-13T11:40:47.042028+00:00,4.5094733238220215,0.6568077206611633
162.67763151500003,2026-09-13T11:40:47.105715+00:00,4.5090742111206055,0.6560088992118835
162.77681189400028,2026-09-13T11:40:47.204895+00:00,4.508907794952393,0.6555077433586121
162.79790314300044,2026-09-13T11:40:47.225985+00:00,4.50890588760376,0.6550021171569824
162.89293561199975,2026-09-13T11:40:47.321011+00:00,4.508848667144775,0.6546775698661804
162.96118208400003,2026-09-13T11:40:47.389273+00:00,4.508803367614746,0.6545196175575256
163.03164567000022,2026-09-13T11:40:47.459729+00:00,4.508780002593994,0.6543186902999878
163.11215102900042,2026-09-13T11:40:47.540253+00:00,4.508742332458496,0.654351532459259
163.14924268600043,2026-09-13T11:40:47.577329+00:00,4.508726119995117,0.6543278694152832
163.23094295900046,2026-09-13T11:40:47.659030+00:00,4.508699893951416,0.6542536616325378
163.28100954300044,2026-09-13T11:40:47.709090+00:00,4.507426738739014,0.6543545126914978
163.38140672499958,2026-09-13T11:40:47.809469+00:00,4.5043792724609375,0.6548973321914673
163.4602945229999,2026-09-13T11:40:47.888395+00:00,4.494292736053467,0.6546832919120789
163.49084028000016,2026-09-13T11:40:47.918922+00:00,4.481786251068115,0.6532047390937805
163.55511459599984,2026-09-13T11:40:47.983194+00:00,4.470602989196777,0.6517143249511719
163.6304655240001,2026-09-13T11:40:48.058550+00:00,4.454990863800049,0.6503942608833313
163.68977869900027,2026-09-13T11:40:48.117860+00:00,4.437529563903809,0.6529301404953003
163.7873713709996,2026-09-13T11:40:48.215458+00:00,4.415201187133789,0.657160758972168
163.86044962899996,2026-09-13T11:40:48.288543+00:00,4.392120361328125,0.664344847202301
163.93424603899985,2026-09-13T11:40:48.362328+00:00,4.373802185058594,0.6712246537208557
164.0031952039999,2026-09-13T11:40:48.431283+00:00,4.353702068328857,0.6744636297225952
164.05796972700045,2026-09-13T11:40:48.486020+00:00,4.337126731872559,0.6769450902938843
164.10977461400034,2026-09-13T11:40:48.537855+00:00,4.322442531585693,0.6777665615081787
164.19466165500035,2026-09-13T11:40:48.622749+00:00,4.316569805145264,0.6733285188674927
164.25148160400022,2026-09-13T11:40:48.679567+00:00,4.3145294189453125,0.6683492064476013
164.32631560699974,2026-09-13T11:40:48.754396+00:00,4.315703392028809,0.6615930199623108
164.38832915500006,2026-09-13T11:40:48.816412+00:00,4.3181633949279785,0.6589307188987732
164.46739308900032,2026-09-13T11:40:48.895478+00:00,4.319459915161133,0.6609387397766113
164.61321243299972,2026-09-13T11:40:49.041310+00:00,4.319752216339111,0.6617699861526489
164.6336156110001,2026-09-13T11:40:49.061703+00:00,4.319707870483398,0.6620170474052429
164.7108299370002,2026-09-13T11:40:49.138912+00:00,4.319781303405762,0.6620505452156067
164.78332316900014,2026-09-13T11:40:49.211420+00:00,4.319889545440674,0.6622740030288696
164.80380763100038,2026-09-13T11:40:49.231890+00:00,4.319391250610352,0.6634604334831238
164.93040414799998,2026-09-13T11:40:49.358459+00:00,4.3172478675842285,0.6633750200271606
164.97900748099983,2026-09-13T11:40:49.407089+00:00,4.3110270500183105,0.6615403294563293
165.06183603699992,2026-09-13T11:40:49.489932+00:00,4.300308704376221,0.6599353551864624
165.13684000000012,2026-09-13T11:40:49.564922+00:00,4.28947639465332,0.6603317856788635
165.21683035099977,2026-09-13T11:40:49.644907+00:00,4.278756141662598,0.6631599068641663
165.26212604400007,2026-09-13T11:40:49.690159+00:00,4.2649970054626465,0.6657081246376038
165.33588001800035,2026-09-13T11:40:49.763976+00:00,4.249053955078125,0.6683338284492493
165.38251418500022,2026-09-13T11:40:49.810599+00:00,4.226386070251465,0.673122227191925
165.45005754300018,2026-09-13T11:40:49.878146+00:00,4.202769756317139,0.6829801201820374
165.49603916199976,2026-09-13T11:40:49.924119+00:00,4.185169219970703,0.6836647391319275
165.599515678,2026-09-13T11:40:50.027599+00:00,4.164437294006348,0.6927267909049988
165.67148407900004,2026-09-13T11:40:50.099399+00:00,4.15480899810791,0.6959525346755981
165.73905482900045,2026-09-13T11:40:50.167146+00:00,4.14502477645874,0.6977201104164124
165.8017592289998,2026-09-13T11:40:50.229843+00:00,4.141776084899902,0.6949096918106079
165.8584258230003,2026-09-13T11:40:50.286510+00:00,4.141417026519775,0.6893714666366577
165.95513236199986,2026-09-13T11:40:50.383206+00:00,4.14243221282959,0.6831322312355042
166.0487296399997,2026-09-13T11:40:50.476805+00:00,4.1432342529296875,0.680804431438446
166.0969189010002,2026-09-13T11:40:50.525004+00:00,4.143542766571045,0.6799802780151367
166.15624282600038,2026-09-13T11:40:50.584330+00:00,4.14336633682251,0.679772138595581
166.2365154629997,2026-09-13T11:40:50.664603+00:00,4.143016338348389,0.6759635210037231
166.309414284,2026-09-13T11:40:50.737505+00:00,4.142913818359375,0.6449774503707886
166.35504196199963,2026-09-13T11:40:50.783125+00:00,4.142264366149902,0.6167026162147522
166.4454933070001,2026-09-13T11:40:50.873580+00:00,4.1409735679626465,0.5906763076782227
166.5264926079999,2026-09-13T11:40:50.954586+00:00,4.139405250549316,0.5664047598838806
166.56768343299973,2026-09-13T11:40:50.995769+00:00,4.137582302093506,0.5413404703140259
166.65095053799996,2026-09-13T11:40:51.079037+00:00,4.135974407196045,0.5186314582824707
166.72357625400036,2026-09-13T11:40:51.151666+00:00,4.1341633796691895,0.4973886013031006
166.78317699299987,2026-09-13T11:40:51.211261+00:00,4.132273197174072,0.4761641025543213
166.85612087000027,2026-09-13T11:40:51.284201+00:00,4.130458354949951,0.45589956641197205
166.91114202799963,2026-09-13T11:40:51.339226+00:00,4.128945827484131,0.4352191388607025
166.98509908199958,2026-09-13T11:40:51.413183+00:00,4.1272664070129395,0.4127424359321594
167.07529933800015,2026-09-13T11:40:51.503395+00:00,4.126164436340332,0.3902161121368408
167.1329972200001,2026-09-13T11:40:51.561054+00:00,4.12495756149292,0.3679758310317993
167.2600466519998,2026-09-13T11:40:51.688097+00:00,4.1239333152771,0.34163960814476013
167.32989336599985,2026-09-13T11:40:51.757975+00:00,4.122638702392578,0.31892260909080505
167.40090619300008,2026-09-13T11:40:51.828986+00:00,4.1214728355407715,0.2934516966342926
167.45922494099977,2026-09-13T11:40:51.887314+00:00,4.120584011077881,0.2728320360183716
167.5445108140002,2026-09-13T11:40:51.972597+00:00,4.119776725769043,0.248183012008667
167.615285674,2026-09-13T11:40:52.043292+00:00,4.119348526000977,0.22551730275154114
167.65069617799963,2026-09-13T11:40:52.078782+00:00,4.119450569152832,0.1973581314086914
167.6967993369999,2026-09-13T11:40:52.124901+00:00,4.121129512786865,0.16365724802017212
167.79308607199982,2026-09-13T11:40:52.221164+00:00,4.121277809143066,0.1317201405763626
167.8428877389997,2026-09-13T11:40:52.270973+00:00,4.1225128173828125,0.11464429646730423
167.95535850600027,2026-09-13T11:40:52.383450+00:00,4.123752117156982,0.09986764192581177
168.010943022,2026-09-13T11:40:52.439032+00:00,4.124484062194824,0.10129818320274353
168.07518868900024,2026-09-13T11:40:52.503284+00:00,4.124699592590332,0.10194980353116989
168.10989889699977,2026-09-13T11:40:52.537980+00:00,4.124899387359619,0.10084572434425354
168.21479372500016,2026-09-13T11:40:52.642878+00:00,4.125278472900391,0.10072775185108185
168.29947431399978,2026-09-13T11:40:52.727476+00:00,4.125904083251953,0.10140766948461533
168.35312038600023,2026-09-13T11:40:52.781207+00:00,4.126466751098633,0.10163244605064392
168.42712720100008,2026-09-13T11:40:52.855214+00:00,4.127130031585693,0.10281292349100113
168.49728906699966,2026-09-13T11:40:52.925342+00:00,4.127405643463135,0.11766048520803452
168.56396081999992,2026-09-13T11:40:52.992045+00:00,4.127750873565674,0.14254999160766602
168.61674409199986,2026-09-13T11:40:53.044828+00:00,4.128603935241699,0.16307038068771362
168.72364840400041,2026-09-13T11:40:53.151707+00:00,4.129392623901367,0.1806485652923584
168.76088479999999,2026-09-13T11:40:53.188983+00:00,4.130046844482422,0.19882149994373322
168.85565167300047,2026-09-13T11:40:53.283743+00:00,4.130698204040527,0.21150089800357819
168.91496292099964,2026-09-13T11:40:53.343046+00:00,4.132657527923584,0.19691137969493866
169.0020013989997,2026-09-13T11:40:53.430101+00:00,4.132937908172607,0.19174878299236298
169.07009018900044,2026-09-13T11:40:53.498168+00:00,4.13239049911499,0.18979254364967346
169.16648022400022,2026-09-13T11:40:53.594562+00:00,4.131828784942627,0.18769444525241852
169.36898931199994,2026-09-13T11:40:53.797026+00:00,4.131814002990723,0.18674932420253754
169.44477811199977,2026-09-13T11:40:53.872809+00:00,4.13191556930542,0.18641981482505798
169.50996725300047,2026-09-13T11:40:53.935794+00:00,4.132055282592773,0.18512344360351562
169.63160117900043,2026-09-13T11:40:54.059701+00:00,4.132044315338135,0.18498028814792633
169.73860299900025,2026-09-13T11:40:54.166588+00:00,4.132194995880127,0.19131073355674744
169.81697485200038,2026-09-13T11:40:54.245042+00:00,4.1309494972229,0.2118777632713318
169.89431768800023,2026-09-13T11:40:54.322402+00:00,4.131251335144043,0.22484269738197327
169.9761495720004,2026-09-13T11:40:54.404251+00:00,4.132597923278809,0.2410205453634262
170.0576128270004,2026-09-13T11:40:54.485710+00:00,4.134745121002197,0.2529420852661133
170.13326248199974,2026-09-13T11:40:54.561361+00:00,4.137575626373291,0.26656851172447205
170.19715596599963,2026-09-13T11:40:54.625246+00:00,4.140772819519043,0.28068897128105164
170.24319601499974,2026-09-13T11:40:54.671286+00:00,4.144189834594727,0.3012753427028656
170.29950440799985,2026-09-13T11:40:54.727585+00:00,4.145956993103027,0.32644686102867126
170.37221060400043,2026-09-13T11:40:54.800293+00:00,4.148488998413086,0.3504659831523895
170.4740988929998,2026-09-13T11:40:54.902196+00:00,4.15073823928833,0.3735293447971344
170.5315369480004,2026-09-13T11:40:54.959624+00:00,4.150655269622803,0.39640235900878906
170.5824529470001,2026-09-13T11:40:55.010539+00:00,4.149079322814941,0.41270291805267334
170.65019246700012,2026-09-13T11:40:55.078277+00:00,4.146509170532227,0.43005120754241943
170.73637530900032,2026-09-13T11:40:55.164288+00:00,4.1438307762146,0.4483407735824585
170.81359004000024,2026-09-13T11:40:55.241687+00:00,4.141256809234619,0.46505096554756165
170.8791220459998,2026-09-13T11:40:55.307217+00:00,4.139491081237793,0.4818041920661926
170.9502708099999,2026-09-13T11:40:55.378350+00:00,4.13834285736084,0.49954113364219666
171.00497460099996,2026-09-13T11:40:55.433060+00:00,4.13766622543335,0.5163987278938293
171.0768325879999,2026-09-13T11:40:55.504917+00:00,4.137465953826904,0.5317972898483276
171.1924450890001,2026-09-13T11:40:55.620547+00:00,4.137797832489014,0.5488182306289673
171.23356384199997,2026-09-13T11:40:55.661647+00:00,4.138462066650391,0.5750185251235962
171.29531048599983,2026-09-13T11:40:55.723397+00:00,4.137881755828857,0.6068299412727356
171.35322440599975,2026-09-13T11:40:55.781308+00:00,4.137889385223389,0.6301003098487854
171.4402709449996,2026-09-13T11:40:55.868369+00:00,4.136987686157227,0.6588839888572693
171.48627419100012,2026-09-13T11:40:55.914360+00:00,4.135796070098877,0.688463568687439
171.61919648000003,2026-09-13T11:40:56.047283+00:00,4.133943557739258,0.7183711528778076
171.68145214299966,2026-09-13T11:40:56.109548+00:00,4.132775783538818,0.7168779969215393
171.73647003000042,2026-09-13T11:40:56.164557+00:00,4.1303815841674805,0.7097442746162415
171.82399630500004,2026-09-13T11:40:56.252082+00:00,4.127927303314209,0.7080128788948059
171.87563464600044,2026-09-13T11:40:56.303720+00:00,4.127011299133301,0.7018378973007202
171.93602035000004,2026-09-13T11:40:56.364106+00:00,4.126635551452637,0.6966971755027771
172.01227585800007,2026-09-13T11:40:56.440358+00:00,4.126175403594971,0.6923158764839172
172.08046285700038,2026-09-13T11:40:56.508549+00:00,4.125302791595459,0.6886572241783142
172.1418774169997,2026-09-13T11:40:56.569959+00:00,4.124451637268066,0.6854620575904846
172.19745181500002,2026-09-13T11:40:56.625540+00:00,4.123753547668457,0.6827379465103149
172.26634474100047,2026-09-13T11:40:56.694430+00:00,4.123108386993408,0.6799103617668152
172.35384058199998,2026-09-13T11:40:56.781930+00:00,4.122476577758789,0.6773850321769714
172.4223712160001,2026-09-13T11:40:56.850468+00:00,4.121917247772217,0.6754091382026672
172.47905415500009,2026-09-13T11:40:56.907140+00:00,4.121356964111328,0.6733295917510986
172.55211950400007,2026-09-13T11:40:56.980202+00:00,4.120884418487549,0.6712785959243774
172.62407320500006,2026-09-13T11:40:57.052161+00:00,4.120631694793701,0.6705822944641113
172.72029941500023,2026-09-13T11:40:57.148393+00:00,4.120375633239746,0.6696391105651855
172.74368013000003,2026-09-13T11:40:57.171765+00:00,4.120193004608154,0.668982744216919
172.85986987399974,2026-09-13T11:40:57.287961+00:00,4.120022773742676,0.6687095761299133
172.91862902200046,2026-09-13T11:40:57.346715+00:00,4.119920253753662,0.6685802936553955
172.97273479399973,2026-09-13T11:40:57.400820+00:00,4.119880676269531,0.6683552265167236
173.05865393800013,2026-09-13T11:40:57.486749+00:00,4.119832515716553,0.6685559153556824
173.12753066999994,2026-09-13T11:40:57.555614+00:00,4.11974573135376,0.668280303478241
173.20396413799972,2026-09-13T11:40:57.632056+00:00,4.11968469619751,0.6680989861488342
173.28694273600013,2026-09-13T11:40:57.715036+00:00,4.119585990905762,0.6681186556816101
173.32231457800026,2026-09-13T11:40:57.750401+00:00,4.119581699371338,0.6681612730026245
173.4003441980003,2026-09-13T11:40:57.828188+00:00,4.121057510375977,0.6665369868278503
173.48462242000005,2026-09-13T11:40:57.912723+00:00,4.120211601257324,0.6347902417182922
173.5648422739996,2026-09-13T11:40:57.992938+00:00,4.119505882263184,0.6054472923278809
173.61329221199958,2026-09-13T11:40:58.041387+00:00,4.1187262535095215,0.580725371837616
173.66769889500029,2026-09-13T11:40:58.095628+00:00,4.117452144622803,0.5584879517555237
173.77138436299992,2026-09-13T11:40:58.199424+00:00,4.116167068481445,0.5362169146537781
173.8458920590001,2026-09-13T11:40:58.273992+00:00,4.114728927612305,0.5130088329315186
173.91477566899994,2026-09-13T11:40:58.342856+00:00,4.113207817077637,0.49133798480033875
173.9773783569999,2026-09-13T11:40:58.405469+00:00,4.111612796783447,0.46845853328704834
174.0634352670004,2026-09-13T11:40:58.491533+00:00,4.1098833084106445,0.4474322497844696
174.10890616100005,2026-09-13T11:40:58.536992+00:00,4.10819149017334,0.42517155408859253
174.18209455299984,2026-09-13T11:40:58.610180+00:00,4.106673240661621,0.40355437994003296
174.23380579100012,2026-09-13T11:40:58.661890+00:00,4.105362892150879,0.38110414147377014
174.32087296499958,2026-09-13T11:40:58.748958+00:00,4.104218482971191,0.35585668683052063
174.386676309,2026-09-13T11:40:58.814771+00:00,4.10305643081665,0.3346579074859619
174.48061563800002,2026-09-13T11:40:58.908695+00:00,4.101808071136475,0.3065001368522644
174.53673902399987,2026-09-13T11:40:58.964826+00:00,4.101430892944336,0.28276243805885315
174.60145760399973,2026-09-13T11:40:59.029519+00:00,4.101352214813232,0.2552294433116913
174.69076742800007,2026-09-13T11:40:59.118773+00:00,4.101876735687256,0.22730417549610138
174.74557131500023,2026-09-13T11:40:59.173654+00:00,4.102590560913086,0.2008316069841385
174.82951876300012,2026-09-13T11:40:59.257609+00:00,4.103288173675537,0.1710345596075058
174.89615562400013,2026-09-13T11:40:59.324243+00:00,4.101612567901611,0.1239292174577713
174.94188310699974,2026-09-13T11:40:59.369967+00:00,4.100907325744629,0.08469635993242264
175.0148405079999,2026-09-13T11:40:59.442923+00:00,4.102083206176758,0.08225040137767792
175.0848842129999,2026-09-13T11:40:59.512968+00:00,4.103499412536621,0.07770303636789322
175.16429201899973,2026-09-13T11:40:59.592375+00:00,4.106260776519775,0.08023678511381149
175.2133618300004,2026-09-13T11:40:59.641446+00:00,4.110023021697998,0.08411511778831482
175.29126737600018,2026-09-13T11:40:59.719349+00:00,4.114560604095459,0.08859016001224518
175.38947036300033,2026-09-13T11:40:59.817552+00:00,4.117338180541992,0.09140822291374207
175.44370682699991,2026-09-13T11:40:59.871789+00:00,4.120082378387451,0.09374191612005234
175.49034920899976,2026-09-13T11:40:59.918429+00:00,4.121927261352539,0.09608153253793716
175.59381978199963,2026-09-13T11:41:00.021912+00:00,4.123557090759277,0.09920351207256317
175.65984447899973,2026-09-13T11:41:00.087924+00:00,4.124505043029785,0.10204590111970901
175.68924338099987,2026-09-13T11:41:00.117343+00:00,4.1255784034729,0.10546364635229111
175.77548378499978,2026-09-13T11:41:00.203564+00:00,4.126553535461426,0.10642460733652115
175.89334868599963,2026-09-13T11:41:00.321431+00:00,4.127300262451172,0.10776185989379883
175.96055277600044,2026-09-13T11:41:00.388635+00:00,4.128175258636475,0.10885202884674072
176.0529293589998,2026-09-13T11:41:00.481029+00:00,4.128832817077637,0.10957995057106018
176.11931394899966,2026-09-13T11:41:00.547402+00:00,4.1293487548828125,0.11003979295492172
176.1971620180002,2026-09-13T11:41:00.625248+00:00,4.129693984985352,0.11015262454748154
176.26577949900002,2026-09-13T11:41:00.693865+00:00,4.129859447479248,0.11034227907657623
176.33912911199968,2026-09-13T11:41:00.767225+00:00,4.129954814910889,0.11058124899864197
176.41787195100005,2026-09-13T11:41:00.845971+00:00,4.130042552947998,0.11077123880386353
176.43970429100045,2026-09-13T11:41:00.867790+00:00,4.1301679611206055,0.11102693527936935
176.49562872000024,2026-09-13T11:41:00.923713+00:00,4.130298137664795,0.11148987710475922
176.55897560500034,2026-09-13T11:41:00.987059+00:00,4.130157947540283,0.1123950332403183
176.6099846899997,2026-09-13T11:41:01.038068+00:00,4.128856658935547,0.11390828341245651
176.70673127200007,2026-09-13T11:41:01.134832+00:00,4.125935077667236,0.11836846172809601
176.8152344379996,2026-09-13T11:41:01.243323+00:00,4.119725704193115,0.12321704626083374
176.86798182599978,2026-09-13T11:41:01.296062+00:00,4.111002445220947,0.13032034039497375
176.8938976870004,2026-09-13T11:41:01.321987+00:00,4.098952770233154,0.1353064775466919
176.9565156030003,2026-09-13T11:41:01.384603+00:00,4.0854692459106445,0.14033237099647522
177.01710473500043,2026-09-13T11:41:01.445110+00:00,4.066500663757324,0.14401443302631378
177.11390844000016,2026-09-13T11:41:01.541988+00:00,4.044007778167725,0.14758028090000153
177.22057419300018,2026-09-13T11:41:01.648678+00:00,4.016292572021484,0.13850469887256622
177.2650506609998,2026-09-13T11:41:01.693112+00:00,3.9931366443634033,0.13296380639076233
177.33775412500017,2026-09-13T11:41:01.765847+00:00,3.9667510986328125,0.13069666922092438
177.41120105499976,2026-09-13T11:41:01.839279+00:00,3.943862199783325,0.1270047128200531
177.46407849800016,2026-09-13T11:41:01.892165+00:00,3.9321327209472656,0.12507951259613037
177.5839693629996,2026-09-13T11:41:02.012051+00:00,3.9181954860687256,0.11950770020484924
177.62311616100033,2026-09-13T11:41:02.051204+00:00,3.910454273223877,0.11499547958374023
177.68855999100015,2026-09-13T11:41:02.116645+00:00,3.9091572761535645,0.11084792017936707
177.75000789000023,2026-09-13T11:41:02.177858+00:00,3.909985065460205,0.10396668314933777
177.80711551700006,2026-09-13T11:41:02.235215+00:00,3.912137746810913,0.09985814243555069
177.96830177599986,2026-09-13T11:41:02.396389+00:00,3.912928342819214,0.09817605465650558
177.9864758020003,2026-09-13T11:41:02.414564+00:00,3.9124279022216797,0.09760748594999313
178.04239606699957,2026-09-13T11:41:02.470473+00:00,3.9116249084472656,0.09772519022226334
178.13136311400012,2026-09-13T11:41:02.559462+00:00,3.9111828804016113,0.0972473993897438
178.1983311570002,2026-09-13T11:41:02.626421+00:00,3.911048650741577,0.08992604166269302
178.28148636399965,2026-09-13T11:41:02.709565+00:00,3.910721778869629,0.06538736075162888
178.31141767700046,2026-09-13T11:41:02.739499+00:00,3.9099669456481934,0.037544410675764084
178.40704880399971,2026-09-13T11:41:02.834996+00:00,3.9087564945220947,0.012390965595841408
178.4709660540002,2026-09-13T11:41:02.899049+00:00,3.9078195095062256,-0.006744191516190767
178.57030624900017,2026-09-13T11:41:02.998374+00:00,3.9062771797180176,-0.03364351764321327
178.63086136099992,2026-09-13T11:41:03.058936+00:00,3.904510259628296,-0.05777918919920921
178.69520999399992,2026-09-13T11:41:03.123309+00:00,3.903195858001709,-0.07558596879243851
178.80470479300038,2026-09-13T11:41:03.232789+00:00,3.9019434452056885,-0.0954306498169899
178.88739718899978,2026-09-13T11:41:03.315495+00:00,3.9005165100097656,-0.1130860224366188
178.91075604399975,2026-09-13T11:41:03.338842+00:00,3.8990252017974854,-0.1301525980234146
178.98673981400043,2026-09-13T11:41:03.414828+00:00,3.897700548171997,-0.14846841990947723
179.05654023500028,2026-09-13T11:41:03.484621+00:00,3.8969762325286865,-0.17064498364925385
179.115644771,2026-09-13T11:41:03.543729+00:00,3.8965554237365723,-0.18512845039367676
179.25102682099987,2026-09-13T11:41:03.679116+00:00,3.894209861755371,-0.22619010508060455
179.36678503799976,2026-09-13T11:41:03.794871+00:00,3.8928940296173096,-0.24317918717861176
179.46288425199964,2026-09-13T11:41:03.890964+00:00,3.8903236389160156,-0.28634196519851685
179.5350083530002,2026-09-13T11:41:03.963096+00:00,3.889598846435547,-0.31028589606285095
179.58144217500012,2026-09-13T11:41:04.009432+00:00,3.8888916969299316,-0.3353085517883301
179.64477180599988,2026-09-13T11:41:04.072868+00:00,3.888170003890991,-0.3654428720474243
179.7453418240002,2026-09-13T11:41:04.173424+00:00,3.8878886699676514,-0.390630841255188
179.79783431499982,2026-09-13T11:41:04.225827+00:00,3.887578010559082,-0.4104017913341522
179.8434415620004,2026-09-13T11:41:04.271530+00:00,3.8855812549591064,-0.4179339110851288
179.96452678999958,2026-09-13T11:41:04.392613+00:00,3.8883445262908936,-0.4053013324737549
180.01691879499958,2026-09-13T11:41:04.444996+00:00,3.889742136001587,-0.3989257216453552
180.09455826999965,2026-09-13T11:41:04.522642+00:00,3.891265869140625,-0.39898690581321716
180.1663356629997,2026-09-13T11:41:04.594420+00:00,3.893491506576538,-0.4134790599346161
180.24090831299964,2026-09-13T11:41:04.668768+00:00,3.89475679397583,-0.4234028160572052
180.32233737299975,2026-09-13T11:41:04.733127+00:00,3.895808458328247,-0.42092281579971313
180.39681558699976,2026-09-13T11:41:04.824904+00:00,3.8966352939605713,-0.42304322123527527
180.4917797600001,2026-09-13T11:41:04.919868+00:00,3.8973281383514404,-0.42273008823394775
180.591283191,2026-09-13T11:41:05.019356+00:00,3.8979029655456543,-0.42244890332221985
180.66704380900046,2026-09-13T11:41:05.095139+00:00,3.8984601497650146,-0.42217499017715454
180.74631358100032,2026-09-13T11:41:05.174410+00:00,3.8987269401550293,-0.4219493567943573
180.7992016119997,2026-09-13T11:41:05.227269+00:00,3.898956060409546,-0.42223110795021057
180.8731845000002,2026-09-13T11:41:05.301265+00:00,3.899186611175537,-0.4219873547554016
180.91810070100018,2026-09-13T11:41:05.346185+00:00,3.8994626998901367,-0.4217866361141205
180.99647823099986,2026-09-13T11:41:05.424548+00:00,3.899751663208008,-0.4217036962509155
181.08257269800015,2026-09-13T11:41:05.510661+00:00,3.8999006748199463,-0.4215434491634369
181.1328989249996,2026-09-13T11:41:05.560980+00:00,3.9000227451324463,-0.42165353894233704
181.20007561399962,2026-09-13T11:41:05.628161+00:00,3.900158643722534,-0.4216060936450958
181.27621263699984,2026-09-13T11:41:05.704058+00:00,3.900264263153076,-0.4217676520347595
181.364321647,2026-09-13T11:41:05.792413+00:00,3.900510311126709,-0.421517938375473
181.42156745400007,2026-09-13T11:41:05.849649+00:00,3.900754928588867,-0.4213171899318695
181.48484178499984,2026-09-13T11:41:05.912926+00:00,3.900968313217163,-0.42113763093948364
181.51913487300044,2026-09-13T11:41:05.947223+00:00,3.90103816986084,-0.42087334394454956
181.63575681099974,2026-09-13T11:41:06.063855+00:00,3.9009361267089844,-0.4208659827709198
181.66773274699972,2026-09-13T11:41:06.095817+00:00,3.900965929031372,-0.42092421650886536
181.7622400270002,2026-09-13T11:41:06.190327+00:00,3.901060104370117,-0.42066824436187744
181.80509624099977,2026-09-13T11:41:06.233185+00:00,3.9011268615722656,-0.42057108879089355
181.91865180100012,2026-09-13T11:41:06.346633+00:00,3.9011874198913574,-0.4207038879394531
181.99545548300011,2026-09-13T11:41:06.423556+00:00,3.9013209342956543,-0.42050671577453613
182.06199188000028,2026-09-13T11:41:06.490078+00:00,3.9014980792999268,-0.4203839600086212
182.12809935800033,2026-09-13T11:41:06.556184+00:00,3.9017348289489746,-0.4204423129558563
182.17055964599967,2026-09-13T11:41:06.598645+00:00,3.9019806385040283,-0.42040151357650757
182.28768177100028,2026-09-13T11:41:06.715765+00:00,3.9022271633148193,-0.420094758272171
182.3629772739996,2026-09-13T11:41:06.791079+00:00,3.902369976043701,-0.4200689196586609
182.39861750700038,2026-09-13T11:41:06.826703+00:00,3.9024908542633057,-0.4200698137283325
182.49657092800044,2026-09-13T11:41:06.924659+00:00,3.9025254249572754,-0.4199135899543762
182.54862371299987,2026-09-13T11:41:06.976634+00:00,3.90260648727417,-0.4200420379638672
182.60282778199962,2026-09-13T11:41:07.030913+00:00,3.902813196182251,-0.4201197326183319
182.6497971179997,2026-09-13T11:41:07.077900+00:00,3.9030001163482666,-0.4200786352157593
182.73054850300014,2026-09-13T11:41:07.158633+00:00,3.9031713008880615,-0.4200682044029236
182.8066659699998,2026-09-13T11:41:07.234748+00:00,3.903249979019165,-0.41971930861473083
182.92807088799964,2026-09-13T11:41:07.356156+00:00,3.903262138366699,-0.41971877217292786
183.0306494260003,2026-09-13T11:41:07.458729+00:00,3.9033186435699463,-0.41947269439697266
183.09114065700032,2026-09-13T11:41:07.519238+00:00,3.90335750579834,-0.41961219906806946
183.13081317500018,2026-09-13T11:41:07.558899+00:00,3.903205394744873,-0.41966599225997925
183.1917966889996,2026-09-13T11:41:07.619879+00:00,3.9036977291107178,-0.3992518484592438
183.24272844999996,2026-09-13T11:41:07.670755+00:00,3.903780937194824,-0.37791940569877625
183.3090965170004,2026-09-13T11:41:07.737182+00:00,3.903742790222168,-0.35758182406425476
183.3874622029998,2026-09-13T11:41:07.815556+00:00,3.9035069942474365,-0.3398817181587219
183.4222767580004,2026-09-13T11:41:07.850363+00:00,3.9033432006835938,-0.3247680068016052
183.48303603600016,2026-09-13T11:41:07.911118+00:00,3.903103828430176,-0.30737343430519104
183.55289750999964,2026-09-13T11:41:07.980985+00:00,3.9031121730804443,-0.2933344841003418
183.63014054199994,2026-09-13T11:41:08.057626+00:00,3.9037249088287354,-0.2792647182941437
183.68896585600032,2026-09-13T11:41:08.117051+00:00,3.904904842376709,-0.2645109295845032
183.79788163600006,2026-09-13T11:41:08.225968+00:00,3.906709909439087,-0.2529301345348358
183.8446054850001,2026-09-13T11:41:08.272689+00:00,3.9091527462005615,-0.23997120559215546
183.91958259900002,2026-09-13T11:41:08.347663+00:00,3.91264271736145,-0.22255687415599823
183.97462485800042,2026-09-13T11:41:08.402700+00:00,3.915320873260498,-0.20231054723262787
184.0783446080004,2026-09-13T11:41:08.506426+00:00,3.9174201488494873,-0.170710951089859
184.15658154999983,2026-09-13T11:41:08.584665+00:00,3.9193713665008545,-0.15068329870700836
184.26619612099967,2026-09-13T11:41:08.694271+00:00,3.9210257530212402,-0.12798967957496643
184.30151278199992,2026-09-13T11:41:08.729595+00:00,3.9208498001098633,-0.11067617684602737
184.36837047399968,2026-09-13T11:41:08.796468+00:00,3.919867753982544,-0.09663528949022293
184.44480936499986,2026-09-13T11:41:08.872892+00:00,3.918530225753784,-0.08303385227918625
184.50961215999996,2026-09-13T11:41:08.937693+00:00,3.9170525074005127,-0.06729555875062943
184.59510028400018,2026-09-13T11:41:09.023171+00:00,3.9159724712371826,-0.05318193882703781
184.63457320500038,2026-09-13T11:41:09.062661+00:00,3.9155728816986084,-0.041139163076877594
184.70429495700046,2026-09-13T11:41:09.132380+00:00,3.9155209064483643,-0.024120507761836052
184.80810664599994,2026-09-13T11:41:09.236207+00:00,3.9162681102752686,-0.00864990334957838
184.86923160599963,2026-09-13T11:41:09.297294+00:00,3.9174094200134277,0.012615455314517021
184.94323263299975,2026-09-13T11:41:09.371310+00:00,3.9185662269592285,0.03437190502882004
185.06308629199975,2026-09-13T11:41:09.491185+00:00,3.9202194213867188,0.055688418447971344
185.12196709599993,2026-09-13T11:41:09.550032+00:00,3.9215493202209473,0.08194202184677124
185.15991670099993,2026-09-13T11:41:09.588000+00:00,3.9217851161956787,0.10092931240797043
185.23860237000008,2026-09-13T11:41:09.666653+00:00,3.9199695587158203,0.126884326338768
185.30119473800005,2026-09-13T11:41:09.729272+00:00,3.917496681213379,0.1500515341758728
185.3721302849999,2026-09-13T11:41:09.800205+00:00,3.914046049118042,0.1762775480747223
185.4466830219999,2026-09-13T11:41:09.874723+00:00,3.911259651184082,0.20124368369579315
185.51672360700013,2026-09-13T11:41:09.944802+00:00,3.909153938293457,0.22922518849372864
185.59980151699983,2026-09-13T11:41:10.027898+00:00,3.90848970413208,0.25782838463783264
185.62252206100038,2026-09-13T11:41:10.050607+00:00,3.908588409423828,0.29474061727523804
185.70231575700018,2026-09-13T11:41:10.130401+00:00,3.9086058139801025,0.327040433883667
185.7605379630004,2026-09-13T11:41:10.188622+00:00,3.907320976257324,0.35816457867622375
185.83904205199997,2026-09-13T11:41:10.267146+00:00,3.9052531719207764,0.38400235772132874
185.91431725999973,2026-09-13T11:41:10.342396+00:00,3.9020466804504395,0.4105420708656311
186.00462414100002,2026-09-13T11:41:10.432724+00:00,3.8995463848114014,0.43482476472854614
186.0483082689998,2026-09-13T11:41:10.476372+00:00,3.898212432861328,0.4571453630924225
186.17038966400014,2026-09-13T11:41:10.598479+00:00,3.897731065750122,0.4923003911972046
186.22308235000037,2026-09-13T11:41:10.651184+00:00,3.897885322570801,0.5241678953170776
186.27958388699972,2026-09-13T11:41:10.707673+00:00,3.8978824615478516,0.5555596947669983
186.37844835800024,2026-09-13T11:41:10.806530+00:00,3.8982925415039062,0.5885443091392517
186.41925738400005,2026-09-13T11:41:10.847347+00:00,3.897301197052002,0.6249702572822571
186.46304452599998,2026-09-13T11:41:10.891140+00:00,3.8978941440582275,0.6359524726867676
186.5355642860004,2026-09-13T11:41:10.963653+00:00,3.896785020828247,0.6295976638793945
186.61206759200013,2026-09-13T11:41:11.040148+00:00,3.894774913787842,0.6249845623970032
186.69333851900046,2026-09-13T11:41:11.121408+00:00,3.893620252609253,0.6290528178215027
186.7980615180004,2026-09-13T11:41:11.226149+00:00,3.894874334335327,0.6277678608894348
186.89978697599963,2026-09-13T11:41:11.327871+00:00,3.894569158554077,0.6166061758995056
186.94493931200032,2026-09-13T11:41:11.373036+00:00,3.894075870513916,0.6129617691040039
187.0344389789998,2026-09-13T11:41:11.462520+00:00,3.8937675952911377,0.6109700798988342
187.110155073,2026-09-13T11:41:11.538245+00:00,3.8936214447021484,0.6105002760887146
187.18286117800017,2026-09-13T11:41:11.610750+00:00,3.893407106399536,0.6098569631576538
187.2511801620003,2026-09-13T11:41:11.679265+00:00,3.89322829246521,0.6092707514762878
187.30556977299966,2026-09-13T11:41:11.733658+00:00,3.8932080268859863,0.6092284917831421
187.37314295499982,2026-09-13T11:41:11.801227+00:00,3.8932812213897705,0.6092650890350342
187.4517419599997,2026-09-13T11:41:11.879827+00:00,3.893242120742798,0.609022855758667
187.5349313280003,2026-09-13T11:41:11.963027+00:00,3.893158197402954,0.6090066432952881
187.56954401300027,2026-09-13T11:41:11.997628+00:00,3.8931899070739746,0.609099268913269
187.6358919430004,2026-09-13T11:41:12.063979+00:00,3.893242597579956,0.6089726686477661
187.72464228700028,2026-09-13T11:41:12.152696+00:00,3.893256425857544,0.6090914607048035
187.8017506160004,2026-09-13T11:41:12.229837+00:00,3.8933024406433105,0.6091176867485046
187.89163254199957,2026-09-13T11:41:12.319719+00:00,3.8934202194213867,0.6089125871658325
187.94621598699996,2026-09-13T11:41:12.374300+00:00,3.8934261798858643,0.6088742017745972
187.99269216999983,2026-09-13T11:41:12.420786+00:00,3.893347978591919,0.6089013814926147
188.0821689860004,2026-09-13T11:41:12.510252+00:00,3.893343210220337,0.6087796688079834
188.16114109699993,2026-09-13T11:41:12.589217+00:00,3.893392562866211,0.6086578965187073
188.19369715599987,2026-09-13T11:41:12.621779+00:00,3.893385410308838,0.6088002920150757
188.2894555969997,2026-09-13T11:41:12.717539+00:00,3.893409490585327,0.6088733673095703
188.3658279170004,2026-09-13T11:41:12.793916+00:00,3.893437623977661,0.6086229085922241
188.46654704600041,2026-09-13T11:41:12.894629+00:00,3.893458604812622,0.6088204979896545
188.50464686600026,2026-09-13T11:41:12.932730+00:00,3.893470287322998,0.6087421774864197
188.58139642300011,2026-09-13T11:41:13.009489+00:00,3.893493890762329,0.6086921691894531
188.64639467800043,2026-09-13T11:41:13.074477+00:00,3.8934786319732666,0.6086498498916626
188.73531597300007,2026-09-13T11:41:13.163398+00:00,3.8934733867645264,0.6088817715644836
188.77479692399993,2026-09-13T11:41:13.202875+00:00,3.8935372829437256,0.6086690425872803
188.85055583299982,2026-09-13T11:41:13.278573+00:00,3.893540382385254,0.6085367202758789
188.92050767100045,2026-09-13T11:41:13.348591+00:00,3.8935132026672363,0.6085839867591858
188.98321904899967,2026-09-13T11:41:13.411301+00:00,3.8935861587524414,0.6083843111991882
189.05215537500044,2026-09-13T11:41:13.480252+00:00,3.893620491027832,0.6084136962890625
189.11417305099985,2026-09-13T11:41:13.542257+00:00,3.8936004638671875,0.6086660027503967
189.23280253600024,2026-09-13T11:41:13.660885+00:00,3.8936150074005127,0.6085134148597717
189.27940202100035,2026-09-13T11:41:13.707492+00:00,3.8936572074890137,0.6085334420204163
189.3508551900004,2026-09-13T11:41:13.778940+00:00,3.8935976028442383,0.6085221767425537
189.42505423799957,2026-09-13T11:41:13.853139+00:00,3.894371271133423,0.5917617082595825
189.48022267299984,2026-09-13T11:41:13.908289+00:00,3.894040822982788,0.5641642808914185
189.5834109589996,2026-09-13T11:41:14.011499+00:00,3.8928465843200684,0.5370345711708069
189.66074291299992,2026-09-13T11:41:14.088826+00:00,3.89089298248291,0.5107660293579102
189.74806226300007,2026-09-13T11:41:14.176153+00:00,3.889374017715454,0.4898330867290497
189.7778679940002,2026-09-13T11:41:14.205955+00:00,3.887713670730591,0.4637809693813324
189.8524691419998,2026-09-13T11:41:14.280555+00:00,3.8868043422698975,0.449243426322937
189.91911203000018,2026-09-13T11:41:14.347197+00:00,3.885721206665039,0.4291074872016907
189.97939709599996,2026-09-13T11:41:14.407484+00:00,3.884192705154419,0.4083420932292938
190.09236422100003,2026-09-13T11:41:14.519982+00:00,3.8823392391204834,0.3872857689857483
190.1750430279999,2026-09-13T11:41:14.603122+00:00,3.8804092407226562,0.36545804142951965
190.22295349599972,2026-09-13T11:41:14.651027+00:00,3.878511428833008,0.344742089509964
190.29028026099968,2026-09-13T11:41:14.718367+00:00,3.876495361328125,0.3242318332195282
190.36464565200004,2026-09-13T11:41:14.792749+00:00,3.87471866607666,0.30366361141204834
190.42707784499999,2026-09-13T11:41:14.855154+00:00,3.8727033138275146,0.2823996841907501
190.49810292500024,2026-09-13T11:41:14.926201+00:00,3.870781183242798,0.2603070139884949
190.5584337219998,2026-09-13T11:41:14.986519+00:00,3.8694775104522705,0.24164584279060364
190.65161351999996,2026-09-13T11:41:15.079705+00:00,3.8682634830474854,0.22083604335784912
190.70502780900006,2026-09-13T11:41:15.133119+00:00,3.8672289848327637,0.19868573546409607
190.7513845579997,2026-09-13T11:41:15.179472+00:00,3.866722583770752,0.178704634308815
190.83837675199993,2026-09-13T11:41:15.266479+00:00,3.8670575618743896,0.14839449524879456
190.89680437199968,2026-09-13T11:41:15.324887+00:00,3.8678066730499268,0.12276148051023483
190.970477244,2026-09-13T11:41:15.398560+00:00,3.868654251098633,0.09844924509525299
191.08585236999988,2026-09-13T11:41:15.513934+00:00,3.868725538253784,0.06200340762734413
191.10664042200005,2026-09-13T11:41:15.534685+00:00,3.8694698810577393,0.019645201042294502
191.1841367349998,2026-09-13T11:41:15.612225+00:00,3.8697350025177,-0.0004794957349076867
191.24142768399997,2026-09-13T11:41:15.669510+00:00,3.8702869415283203,0.00045134808169677854
191.34272507900005,2026-09-13T11:41:15.770811+00:00,3.8722524642944336,0.00033583896583877504
191.43527504899976,2026-09-13T11:41:15.863374+00:00,3.8740246295928955,-0.0011525681475177407
191.46503511300034,2026-09-13T11:41:15.893121+00:00,3.8751378059387207,-0.0008150263456627727
191.5137799940003,2026-09-13T11:41:15.941865+00:00,3.875945806503296,-0.0013648220337927341
191.5994238889998,2026-09-13T11:41:16.027508+00:00,3.876551866531372,-0.0015468779020011425
191.6921083289999,2026-09-13T11:41:16.120211+00:00,3.8766746520996094,-0.0008494031499139965
191.74736841400045,2026-09-13T11:41:16.175414+00:00,3.8768956661224365,0.019851410761475563
191.77518216299995,2026-09-13T11:41:16.203266+00:00,3.8771979808807373,0.041611723601818085
191.8851752950004,2026-09-13T11:41:16.313260+00:00,3.877439260482788,0.05935240536928177
191.92506436199983,2026-09-13T11:41:16.353152+00:00,3.877795696258545,0.07773400843143463
192.01952054699996,2026-09-13T11:41:16.447603+00:00,3.8781213760375977,0.08886818587779999
192.11985628599996,2026-09-13T11:41:16.547954+00:00,3.8793928623199463,0.1071823239326477
192.16935029500019,2026-09-13T11:41:16.597437+00:00,3.881012201309204,0.12089178711175919
192.2400368259996,2026-09-13T11:41:16.668137+00:00,3.8832502365112305,0.1355171650648117
192.33279266200043,2026-09-13T11:41:16.760881+00:00,3.885944128036499,0.15258324146270752
192.39448810700014,2026-09-13T11:41:16.822574+00:00,3.8886256217956543,0.17299391329288483
192.45427218399982,2026-09-13T11:41:16.882349+00:00,3.8900439739227295,0.19038601219654083
192.5217939969998,2026-09-13T11:41:16.949880+00:00,3.8930439949035645,0.1840374916791916
192.60723960700034,2026-09-13T11:41:17.035314+00:00,3.8948278427124023,0.17840993404388428
192.67670782999994,2026-09-13T11:41:17.104783+00:00,3.8938279151916504,0.17618493735790253
192.74937033900005,2026-09-13T11:41:17.177453+00:00,3.892055034637451,0.1741742640733719
192.79262256499987,2026-09-13T11:41:17.220699+00:00,3.8905904293060303,0.1711185723543167
192.88343256400003,2026-09-13T11:41:17.311521+00:00,3.889671564102173,0.16953036189079285
192.95097171999987,2026-09-13T11:41:17.379061+00:00,3.889242172241211,0.16912055015563965
193.02379891100009,2026-09-13T11:41:17.451887+00:00,3.8892033100128174,0.16905121505260468
193.11270925400004,2026-09-13T11:41:17.540777+00:00,3.8891139030456543,0.1693175733089447
193.1803929939997,2026-09-13T11:41:17.608481+00:00,3.8889946937561035,0.16917094588279724
193.22908311799983,2026-09-13T11:41:17.657186+00:00,3.8886027336120605,0.16837471723556519
193.28857530500045,2026-09-13T11:41:17.716659+00:00,3.889472246170044,0.15372003614902496
193.37401070600026,2026-09-13T11:41:17.802093+00:00,3.889753818511963,0.1246633231639862
193.46581573599997,2026-09-13T11:41:17.893907+00:00,3.8894600868225098,0.10205278545618057
193.53456715100037,2026-09-13T11:41:17.962655+00:00,3.8874735832214355,0.050046708434820175
193.64572328800023,2026-09-13T11:41:18.073811+00:00,3.8887102603912354,0.05274057015776634
193.72251968599994,2026-09-13T11:41:18.150602+00:00,3.889441967010498,0.058325935155153275
193.847218291,2026-09-13T11:41:18.275303+00:00,3.889944314956665,0.06275096535682678
193.92669170000045,2026-09-13T11:41:18.354776+00:00,3.889928102493286,0.0670761987566948
194.01931674099978,2026-09-13T11:41:18.447329+00:00,3.889817953109741,0.06755270063877106
194.08296291500028,2026-09-13T11:41:18.511023+00:00,3.8898470401763916,0.06778068840503693
194.14017795200016,2026-09-13T11:41:18.568264+00:00,3.8898842334747314,0.06782899051904678
194.1989705799997,2026-09-13T11:41:18.627059+00:00,3.88987398147583,0.0683298259973526
194.26382248400023,2026-09-13T11:41:18.691907+00:00,3.8885185718536377,0.07028547674417496
194.35001581300003,2026-09-13T11:41:18.778103+00:00,3.8902554512023926,0.09437692910432816
194.44087138099985,2026-09-13T11:41:18.868958+00:00,3.8906447887420654,0.12028224766254425
194.51419738099958,2026-09-13T11:41:18.942282+00:00,3.890732765197754,0.1226302906870842
194.5754216940004,2026-09-13T11:41:19.003448+00:00,3.89098858833313,0.1166490837931633
194.6366381329999,2026-09-13T11:41:19.064733+00:00,3.8910388946533203,0.1139720156788826
194.7024420560001,2026-09-13T11:41:19.130517+00:00,3.8909051418304443,0.11317931115627289
194.76420825399964,2026-09-13T11:41:19.192290+00:00,3.890855073928833,0.1130751296877861
194.82385987100042,2026-09-13T11:41:19.251942+00:00,3.890920639038086,0.11306211352348328
194.90815264600042,2026-09-13T11:41:19.336239+00:00,3.890988826751709,0.11303985118865967
195.00313215000006,2026-09-13T11:41:19.431219+00:00,3.890866756439209,0.1100015938282013
195.10565977900023,2026-09-13T11:41:19.533755+00:00,3.8900094032287598,0.07936323434114456
195.21817755499978,2026-09-13T11:41:19.646274+00:00,3.889901876449585,0.0639289990067482
195.27702260099977,2026-09-13T11:41:19.705121+00:00,3.8902671337127686,0.06651108711957932
195.3269481819998,2026-09-13T11:41:19.755035+00:00,3.8902432918548584,0.06844186782836914
195.42096324900012,2026-09-13T11:41:19.849061+00:00,3.890204668045044,0.07039901614189148
195.4835498120001,2026-09-13T11:41:19.911631+00:00,3.890117645263672,0.07011966407299042
195.56720946400037,2026-09-13T11:41:19.995290+00:00,3.890127658843994,0.07052246481180191
195.64304068599995,2026-09-13T11:41:20.071127+00:00,3.8901727199554443,0.07091185450553894
195.72083518300042,2026-09-13T11:41:20.148934+00:00,3.890218734741211,0.07102982699871063
195.77862938599992,2026-09-13T11:41:20.206720+00:00,3.8902480602264404,0.07127657532691956
195.84942945300008,2026-09-13T11:41:20.277520+00:00,3.890244722366333,0.07165084779262543
195.90372368800035,2026-09-13T11:41:20.331808+00:00,3.8902699947357178,0.07167123258113861
195.96378911900047,2026-09-13T11:41:20.391865+00:00,3.8903186321258545,0.07178005576133728
196.03364862200033,2026-09-13T11:41:20.461736+00:00,3.890286684036255,0.07194099575281143
196.06896437900014,2026-09-13T11:41:20.497048+00:00,3.890289306640625,0.071975477039814
196.1679970309997,2026-09-13T11:41:20.596085+00:00,3.8903391361236572,0.07201659679412842
196.24610197699985,2026-09-13T11:41:20.674186+00:00,3.890392303466797,0.07236077636480331
196.32199307500014,2026-09-13T11:41:20.750036+00:00,3.89039945602417,0.0724465399980545
196.39145914799974,2026-09-13T11:41:20.819539+00:00,3.8903708457946777,0.07244367152452469
196.45956524299982,2026-09-13T11:41:20.887644+00:00,3.8903512954711914,0.07262260466814041
196.5376554049999,2026-09-13T11:41:20.965756+00:00,3.890294075012207,0.07271692901849747
196.6042876270003,2026-09-13T11:41:21.032375+00:00,3.8902854919433594,0.07265859097242355
196.6809816140003,2026-09-13T11:41:21.109063+00:00,3.89030385017395,0.07274568825960159
196.74054221700044,2026-09-13T11:41:21.168627+00:00,3.8903021812438965,0.07280347496271133
196.80713459599974,2026-09-13T11:41:21.235213+00:00,3.8902840614318848,0.0727527067065239
196.87302175199966,2026-09-13T11:41:21.301119+00:00,3.8903114795684814,0.07292724400758743
196.93213212200044,2026-09-13T11:41:21.360213+00:00,3.8903255462646484,0.07317710667848587
197.0180365010001,2026-09-13T11:41:21.446121+00:00,3.890345573425293,0.07316046208143234
197.0724942959996,2026-09-13T11:41:21.500595+00:00,3.8903720378875732,0.07320645451545715
197.15196594000008,2026-09-13T11:41:21.580052+00:00,3.8904194831848145,0.07334571331739426
197.3107241609996,2026-09-13T11:41:21.738803+00:00,3.8903493881225586,0.07328688353300095
197.39957871800016,2026-09-13T11:41:21.827663+00:00,3.8903350830078125,0.0732702687382698
197.49884920400018,2026-09-13T11:41:21.926946+00:00,3.8903656005859375,0.07321015745401382
197.5778014589996,2026-09-13T11:41:22.005880+00:00,3.8904025554656982,0.07337344437837601
197.64023527300014,2026-09-13T11:41:22.068325+00:00,3.890387535095215,0.07344144582748413
197.72663900600037,2026-09-13T11:41:22.154740+00:00,3.8903398513793945,0.07345674932003021
197.77983033100008,2026-09-13T11:41:22.207914+00:00,3.8903701305389404,0.07346692681312561
197.83676454899978,2026-09-13T11:41:22.264816+00:00,3.8904199600219727,0.07368017733097076
197.9097802209999,2026-09-13T11:41:22.337867+00:00,3.8903849124908447,0.07352884858846664
198.03640141800042,2026-09-13T11:41:22.464488+00:00,3.890407085418701,0.07360517233610153
198.09633810299965,2026-09-13T11:41:22.524435+00:00,3.8904080390930176,0.07370980829000473
198.13285901200015,2026-09-13T11:41:22.560945+00:00,3.8903636932373047,0.07366709411144257
198.232231039,2026-09-13T11:41:22.660335+00:00,3.8903722763061523,0.07369686663150787
198.26365550900027,2026-09-13T11:41:22.691744+00:00,3.890430450439453,0.07379786670207977
198.35218809399976,2026-09-13T11:41:22.780274+00:00,3.890397548675537,0.07370021194219589
198.43751861700002,2026-09-13T11:41:22.865597+00:00,3.8903603553771973,0.07369446754455566
198.49552303699966,2026-09-13T11:41:22.923607+00:00,3.890347480773926,0.07375083118677139
198.56652765499985,2026-09-13T11:41:22.994606+00:00,3.8903298377990723,0.07374530285596848
198.64528360900022,2026-09-13T11:41:23.073376+00:00,3.8903048038482666,0.07368635386228561
198.72331897799995,2026-09-13T11:41:23.151398+00:00,3.890270233154297,0.07380557060241699
198.77639839200037,2026-09-13T11:41:23.204484+00:00,3.890263319015503,0.07384728640317917
198.83290461700017,2026-09-13T11:41:23.260988+00:00,3.8902523517608643,0.07389496266841888
198.94447526000022,2026-09-13T11:41:23.372571+00:00,3.890282392501831,0.07402639836072922
199.05193662199963,2026-09-13T11:41:23.480017+00:00,3.8902995586395264,0.07403747737407684
199.1391176750003,2026-09-13T11:41:23.567206+00:00,3.8902792930603027,0.07406505942344666
199.2568324619997,2026-09-13T11:41:23.684830+00:00,3.8902909755706787,0.07400254905223846
199.2649691630004,2026-09-13T11:41:23.692964+00:00,3.890310764312744,0.07419311255216599
199.30362247599987,2026-09-13T11:41:23.731707+00:00,3.890305519104004,0.07411673665046692
199.37023222900007,2026-09-13T11:41:23.798313+00:00,3.8902785778045654,0.07414554804563522
199.4509092469998,2026-09-13T11:41:23.878992+00:00,3.890284299850464,0.07423385232686996
199.49886268400041,2026-09-13T11:41:23.926942+00:00,3.8902981281280518,0.07433148473501205
199.54853679200005,2026-09-13T11:41:23.976362+00:00,3.8902909755706787,0.07420863211154938
199.6022148940001,2026-09-13T11:41:24.030299+00:00,3.8902876377105713,0.0743689015507698
199.69564361500034,2026-09-13T11:41:24.123725+00:00,3.8902645111083984,0.07437337934970856
199.7334722100004,2026-09-13T11:41:24.161560+00:00,3.8902251720428467,0.07423540949821472
199.7960096429997,2026-09-13T11:41:24.224094+00:00,3.890209674835205,0.07430753856897354
199.88191814499987,2026-09-13T11:41:24.310001+00:00,3.8902180194854736,0.07448530942201614
199.9638805120003,2026-09-13T11:41:24.391979+00:00,3.8902041912078857,0.07445409148931503
200.00046676700003,2026-09-13T11:41:24.424028+00:00,3.890211582183838,0.07442403584718704
200.07604456100034,2026-09-13T11:41:24.504110+00:00,3.8902270793914795,0.07463543117046356
200.16901312899972,2026-09-13T11:41:24.597095+00:00,3.890199661254883,0.07453974336385727
200.22639373600032,2026-09-13T11:41:24.654478+00:00,3.890187978744507,0.07454050332307816
200.3232674459996,2026-09-13T11:41:24.751349+00:00,3.890231132507324,0.07462121546268463
200.3801148399998,2026-09-13T11:41:24.808194+00:00,3.8902101516723633,0.07462439686059952
200.43335506099993,2026-09-13T11:41:24.861443+00:00,3.890186071395874,0.07443014532327652
200.5275086219999,2026-09-13T11:41:24.955611+00:00,3.8901894092559814,0.07460188120603561
200.60258357200019,2026-09-13T11:41:25.030659+00:00,3.8902180194854736,0.07475939393043518
200.66208397399987,2026-09-13T11:41:25.090165+00:00,3.8902251720428467,0.07474222034215927
200.74372065700027,2026-09-13T11:41:25.171802+00:00,3.8902952671051025,0.07476415485143661
200.80810999799996,2026-09-13T11:41:25.236197+00:00,3.890279531478882,0.07485891133546829
200.9104481000004,2026-09-13T11:41:25.338538+00:00,3.8903236389160156,0.07492545247077942
200.96784653099985,2026-09-13T11:41:25.395930+00:00,3.8902747631073,0.07485536485910416
201.04189310400034,2026-09-13T11:41:25.469993+00:00,3.8902781009674072,0.07499516755342484
201.0952636029997,2026-09-13T11:41:25.523348+00:00,3.890286922454834,0.07502925395965576
201.20642231500005,2026-09-13T11:41:25.634506+00:00,3.890268087387085,0.07502203434705734
201.37837846000002,2026-09-13T11:41:25.806465+00:00,3.8901596069335938,0.0962117463350296
201.42892109199965,2026-09-13T11:41:25.857009+00:00,3.8912997245788574,0.11884645372629166
201.5247846330003,2026-09-13T11:41:25.952864+00:00,3.891097068786621,0.13896137475967407
201.60440674100028,2026-09-13T11:41:26.032489+00:00,3.8908209800720215,0.16133838891983032
201.65624259600008,2026-09-13T11:41:26.084330+00:00,3.890502452850342,0.18199007213115692
201.73835847099963,2026-09-13T11:41:26.166454+00:00,3.890197515487671,0.19969359040260315
201.776375939,2026-09-13T11:41:26.204459+00:00,3.889859914779663,0.21766939759254456
201.85057775099995,2026-09-13T11:41:26.278663+00:00,3.889500856399536,0.2332489788532257
201.9254370059998,2026-09-13T11:41:26.353540+00:00,3.889169931411743,0.2516871392726898
201.9951671810004,2026-09-13T11:41:26.423249+00:00,3.8887548446655273,0.2681679129600525
202.06937404899963,2026-09-13T11:41:26.497464+00:00,3.888213634490967,0.28537145256996155
202.14443072300037,2026-09-13T11:41:26.572531+00:00,3.887796401977539,0.3013223707675934
202.19711033600015,2026-09-13T11:41:26.625195+00:00,3.8875174522399902,0.3175169825553894
202.25822720900032,2026-09-13T11:41:26.686313+00:00,3.8871419429779053,0.3346830904483795
202.3450337410004,2026-09-13T11:41:26.773118+00:00,3.8867228031158447,0.3533977270126343
202.41170387700004,2026-09-13T11:41:26.839785+00:00,3.8853354454040527,0.37457364797592163
202.4954102390002,2026-09-13T11:41:26.923493+00:00,3.8854100704193115,0.40108296275138855
202.58949179200044,2026-09-13T11:41:27.017577+00:00,3.88550066947937,0.42692843079566956
202.6468418659997,2026-09-13T11:41:27.074932+00:00,3.8845574855804443,0.44903331995010376
202.70941923400005,2026-09-13T11:41:27.137522+00:00,3.883024215698242,0.47222140431404114
202.77622272000008,2026-09-13T11:41:27.204305+00:00,3.880882501602173,0.4998471736907959
202.82077177599967,2026-09-13T11:41:27.248861+00:00,3.878847360610962,0.5288344621658325
202.9400995369997,2026-09-13T11:41:27.368182+00:00,3.8768458366394043,0.5615679025650024
203.0138741869996,2026-09-13T11:41:27.441966+00:00,3.8759469985961914,0.5855830311775208
203.09056528499968,2026-09-13T11:41:27.518656+00:00,3.8725101947784424,0.6096794009208679
203.14741683600005,2026-09-13T11:41:27.575517+00:00,3.874068260192871,0.5987359285354614
203.21361488100047,2026-09-13T11:41:27.641702+00:00,3.875549793243408,0.5985254645347595
203.2731896209998,2026-09-13T11:41:27.701285+00:00,3.8746798038482666,0.5990006327629089
203.32011813400004,2026-09-13T11:41:27.748198+00:00,3.87307071685791,0.5962639451026917
203.39515439000024,2026-09-13T11:41:27.823245+00:00,3.8714497089385986,0.5866656303405762
203.45197950700003,2026-09-13T11:41:27.880058+00:00,3.8695621490478516,0.5778430104255676
203.56473494199963,2026-09-13T11:41:27.992835+00:00,3.8678696155548096,0.5704512000083923
203.60699382300027,2026-09-13T11:41:28.035078+00:00,3.8669586181640625,0.5665150284767151
203.71806842800015,2026-09-13T11:41:28.146161+00:00,3.8660614490509033,0.5616719126701355
203.77408476399978,2026-09-13T11:41:28.202162+00:00,3.865462064743042,0.5584408044815063
203.83365386999958,2026-09-13T11:41:28.261735+00:00,3.8647308349609375,0.5551872253417969
203.90355806800017,2026-09-13T11:41:28.331640+00:00,3.8640575408935547,0.5524075031280518
203.97802152300028,2026-09-13T11:41:28.406102+00:00,3.863363265991211,0.550384521484375
204.06223002099978,2026-09-13T11:41:28.489773+00:00,3.8629539012908936,0.5483670830726624
204.14073843299957,2026-09-13T11:41:28.568821+00:00,3.8626389503479004,0.5467506647109985
204.19361142900016,2026-09-13T11:41:28.621698+00:00,3.86252498626709,0.5452091097831726
204.23183485899972,2026-09-13T11:41:28.659918+00:00,3.8623220920562744,0.5435435771942139
204.34729197399975,2026-09-13T11:41:28.775362+00:00,3.862032651901245,0.5424033403396606
204.4391677069998,2026-09-13T11:41:28.867249+00:00,3.8619346618652344,0.54172682762146
204.46031906900043,2026-09-13T11:41:28.888408+00:00,3.861902952194214,0.5405846238136292
204.53918484400037,2026-09-13T11:41:28.967266+00:00,3.861837863922119,0.5391759276390076
204.6172167169998,2026-09-13T11:41:29.045299+00:00,3.861677408218384,0.537140965461731
204.69761905399992,2026-09-13T11:41:29.125629+00:00,3.86151123046875,0.5347591042518616
204.7961157540003,2026-09-13T11:41:29.224196+00:00,3.861360549926758,0.5334378480911255
204.90379813900017,2026-09-13T11:41:29.331884+00:00,3.8615102767944336,0.5330484509468079
204.9810995710004,2026-09-13T11:41:29.409184+00:00,3.8615682125091553,0.532861053943634
205.03679851200013,2026-09-13T11:41:29.464893+00:00,3.8612239360809326,0.5409673452377319
205.11191844899986,2026-09-13T11:41:29.540006+00:00,3.8604485988616943,0.5625563263893127
205.21040404500036,2026-09-13T11:41:29.638487+00:00,3.859995126724243,0.5784763097763062
205.264334986,2026-09-13T11:41:29.692421+00:00,3.860443353652954,0.5997501015663147
205.33467962299983,2026-09-13T11:41:29.762759+00:00,3.8621649742126465,0.619766116142273
205.3926980189999,2026-09-13T11:41:29.820782+00:00,3.863661050796509,0.623110830783844
205.45658460699997,2026-09-13T11:41:29.884672+00:00,3.8654403686523438,0.6101750731468201
205.54527126799985,2026-09-13T11:41:29.973363+00:00,3.8664050102233887,0.6000733375549316
205.6115889319999,2026-09-13T11:41:30.039684+00:00,3.8658764362335205,0.5923424959182739
205.65531269199982,2026-09-13T11:41:30.083394+00:00,3.8649742603302,0.5874068140983582
205.72116828300022,2026-09-13T11:41:30.149263+00:00,3.8641128540039062,0.5837224125862122
205.79561685299996,2026-09-13T11:41:30.223701+00:00,3.863546371459961,0.5814065337181091
205.86196463099986,2026-09-13T11:41:30.290036+00:00,3.863145351409912,0.579533040523529
205.93483215499964,2026-09-13T11:41:30.362932+00:00,3.8627102375030518,0.5789114832878113
206.0130640999996,2026-09-13T11:41:30.441166+00:00,3.8622066974639893,0.5765970349311829
206.07617506099996,2026-09-13T11:41:30.504266+00:00,3.8617806434631348,0.5746288299560547
206.19017718000032,2026-09-13T11:41:30.618262+00:00,3.8612568378448486,0.5730981230735779
206.2498718910001,2026-09-13T11:41:30.677953+00:00,3.860938787460327,0.5727519392967224
206.28902343299978,2026-09-13T11:41:30.717106+00:00,3.860588312149048,0.5723356604576111
206.3681378909996,2026-09-13T11:41:30.796227+00:00,3.8602170944213867,0.5719853639602661
206.4599937789999,2026-09-13T11:41:30.888081+00:00,3.85974383354187,0.5719406604766846
206.5340636410001,2026-09-13T11:41:30.962150+00:00,3.859339475631714,0.5715146660804749
206.59780551600034,2026-09-13T11:41:31.025746+00:00,3.858935832977295,0.5711277723312378
206.6380988789997,2026-09-13T11:41:31.066180+00:00,3.8585643768310547,0.5708133578300476
206.7498470820001,2026-09-13T11:41:31.177932+00:00,3.858356475830078,0.5701882839202881
206.80252732900044,2026-09-13T11:41:31.230606+00:00,3.8582305908203125,0.569934070110321
206.83727184599957,2026-09-13T11:41:31.265356+00:00,3.8581855297088623,0.5699988603591919
206.90733400000045,2026-09-13T11:41:31.335419+00:00,3.8575682640075684,0.5700017213821411
207.00180337300026,2026-09-13T11:41:31.429888+00:00,3.8533780574798584,0.572236180305481
207.07738211600008,2026-09-13T11:41:31.505464+00:00,3.8448734283447266,0.5727224946022034
207.1392015170004,2026-09-13T11:41:31.567280+00:00,3.831869602203369,0.573712944984436
207.19519775299977,2026-09-13T11:41:31.623283+00:00,3.8196208477020264,0.5735741257667542
207.30423038299978,2026-09-13T11:41:31.732314+00:00,3.803946018218994,0.5726287961006165
207.352190308,2026-09-13T11:41:31.780272+00:00,3.7881457805633545,0.5732211470603943
207.41301131900036,2026-09-13T11:41:31.841093+00:00,3.774576187133789,0.574773907661438
207.4846180049999,2026-09-13T11:41:31.912701+00:00,3.7582852840423584,0.5783743262290955
207.57467984199957,2026-09-13T11:41:32.002769+00:00,3.7493977546691895,0.5815526843070984
207.65772283000024,2026-09-13T11:41:32.085811+00:00,3.7413887977600098,0.5855901837348938
207.71672684399982,2026-09-13T11:41:32.144826+00:00,3.732630491256714,0.5897774696350098
207.7854097219997,2026-09-13T11:41:32.213499+00:00,3.724748134613037,0.5915313363075256
207.8728136509999,2026-09-13T11:41:32.300900+00:00,3.7198312282562256,0.5929028987884521
207.93571259800046,2026-09-13T11:41:32.363812+00:00,3.7192869186401367,0.5948330760002136
207.97740975000033,2026-09-13T11:41:32.405494+00:00,3.723172664642334,0.6008695960044861
208.09284656599993,2026-09-13T11:41:32.520933+00:00,3.7286300659179688,0.6081867814064026
208.1689839620003,2026-09-13T11:41:32.597056+00:00,3.7388126850128174,0.6116675138473511
208.24049400199965,2026-09-13T11:41:32.668575+00:00,3.7561557292938232,0.6104806661605835
208.3147505269999,2026-09-13T11:41:32.742836+00:00,3.7765727043151855,0.6035260558128357
208.39341369300018,2026-09-13T11:41:32.821500+00:00,3.798565149307251,0.5954107046127319
208.48228842200024,2026-09-13T11:41:32.910377+00:00,3.8272013664245605,0.5908775329589844
208.54347079499985,2026-09-13T11:41:32.971559+00:00,3.8640873432159424,0.5922412872314453
208.63480268199964,2026-09-13T11:41:33.062853+00:00,3.8694117069244385,0.5886008739471436
208.71662793799987,2026-09-13T11:41:33.144719+00:00,3.8645236492156982,0.5862331390380859
208.78452184300022,2026-09-13T11:41:33.212548+00:00,3.8587799072265625,0.5862298607826233
208.84543219999978,2026-09-13T11:41:33.273515+00:00,3.8514621257781982,0.5848557353019714
208.90755427099975,2026-09-13T11:41:33.335654+00:00,3.8448047637939453,0.583532452583313
208.96615464600018,2026-09-13T11:41:33.394236+00:00,3.840601682662964,0.5842325687408447
209.06729951499983,2026-09-13T11:41:33.495395+00:00,3.839184284210205,0.5858559012413025
209.10799216299984,2026-09-13T11:41:33.536072+00:00,3.840132474899292,0.5855764150619507
209.175263954,2026-09-13T11:41:33.603349+00:00,3.842155933380127,0.5858829021453857
209.24531045700041,2026-09-13T11:41:33.673406+00:00,3.8435206413269043,0.5861905217170715
209.35642540400022,2026-09-13T11:41:33.784510+00:00,3.844468832015991,0.5859196186065674
209.3779462880002,2026-09-13T11:41:33.806019+00:00,3.844264030456543,0.5862188935279846
209.49052921899965,2026-09-13T11:41:33.918624+00:00,3.8438148498535156,0.5862134099006653
209.52242602800015,2026-09-13T11:41:33.950510+00:00,3.8435657024383545,0.5858957767486572
209.58667189399966,2026-09-13T11:41:34.014759+00:00,3.8436481952667236,0.5860061645507812
209.63620134200028,2026-09-13T11:41:34.064196+00:00,3.8438351154327393,0.5862087607383728
209.71758663699984,2026-09-13T11:41:34.145672+00:00,3.8439218997955322,0.5860304236412048
209.81084457700035,2026-09-13T11:41:34.238937+00:00,3.8438336849212646,0.5858824253082275
209.86392689100012,2026-09-13T11:41:34.292027+00:00,3.843820810317993,0.5861880779266357
209.93563095399986,2026-09-13T11:41:34.363714+00:00,3.843848705291748,0.5861800312995911
210.01773593600046,2026-09-13T11:41:34.445825+00:00,3.8438520431518555,0.5860282778739929
210.0743755630001,2026-09-13T11:41:34.502477+00:00,3.8438339233398438,0.5862075090408325
210.17159871199965,2026-09-13T11:41:34.599678+00:00,3.8438618183135986,0.5862328410148621
210.2253057959997,2026-09-13T11:41:34.653331+00:00,3.843845844268799,0.586065948009491
210.2848706699997,2026-09-13T11:41:34.712955+00:00,3.8438374996185303,0.5860323905944824
210.39319915899978,2026-09-13T11:41:34.821281+00:00,3.8438613414764404,0.5863279104232788
210.44836228999975,2026-09-13T11:41:34.876434+00:00,3.8438491821289062,0.5861923098564148
