t_s,utc,source_stamp_s,receipt_age_s,x_m,y_m,z_m,yaw_rad,source,frame,raw_frame
0.004210523999972793,2026-09-13T11:38:04.432303+00:00,1789299484.4215167,0.010786294937133789,-8.015065266766513e-06,-4.230540039207835e-06,0.31439706683158875,-3.4105211099699773e-06,odom,episode_start,odom
0.06132468699979654,2026-09-13T11:38:04.489411+00:00,1789299484.4721634,0.017247676849365234,-2.7462748149684744e-07,-6.297361948343332e-05,0.31444448232650757,-4.126921162006525e-05,odom,episode_start,odom
0.15036363699982758,2026-09-13T11:38:04.578447+00:00,1789299484.5122476,0.06619954109191895,-1.0025656690380229e-05,-0.00010304889606452207,0.3145686984062195,-0.00012310441291063512,odom,episode_start,odom
0.21133742300025915,2026-09-13T11:38:04.639411+00:00,1789299484.6225278,0.016883134841918945,-4.0180824205748944e-05,1.227384884333278e-06,0.31463509798049927,-5.4776479298856984e-05,odom,episode_start,odom
0.2659026029996312,2026-09-13T11:38:04.693989+00:00,1789299484.6886685,0.005320549011230469,4.866349520485732e-05,-3.072814783399874e-05,0.31465208530426025,-0.0002709213480216465,odom,episode_start,odom
0.32534660100009205,2026-09-13T11:38:04.753427+00:00,1789299484.7454343,0.007992744445800781,3.3040887765450815e-05,-0.00011836632610798899,0.314673513174057,-0.00023403159522250583,odom,episode_start,odom
0.3896152400002393,2026-09-13T11:38:04.817705+00:00,1789299484.7689552,0.048749685287475586,2.681554040330139e-05,-0.00011634024910016613,0.31467440724372864,-0.00022196053343681577,odom,episode_start,odom
0.44174468999972305,2026-09-13T11:38:04.869833+00:00,1789299484.8623874,0.007445573806762695,9.160801468563647e-06,2.788806615684923e-05,0.31466731429100037,-9.901940607504045e-05,odom,episode_start,odom
0.49603535599999304,2026-09-13T11:38:04.924122+00:00,1789299484.9186912,0.005430936813354492,8.690636847115051e-05,2.932277056312854e-06,0.3146543800830841,-0.00034035966770074033,odom,episode_start,odom
0.5503133499996693,2026-09-13T11:38:04.978409+00:00,1789299484.968965,0.009443998336791992,7.199862083312566e-05,-6.339633128965305e-05,0.3146781027317047,-0.0003107581497212575,odom,episode_start,odom
0.6025490780002656,2026-09-13T11:38:05.030631+00:00,1789299485.018696,0.011934995651245117,1.5160709021597558e-05,-4.673797772948459e-05,0.31467509269714355,-0.00027356382506615873,odom,episode_start,odom
0.6797093960003622,2026-09-13T11:38:05.107794+00:00,1789299485.0819907,0.025803327560424805,-5.0171562606311505e-05,2.2510301170339078e-05,0.31468304991722107,-0.00020471317564307867,odom,episode_start,odom
0.7306424850003168,2026-09-13T11:38:05.158728+00:00,1789299485.1557286,0.0029993057250976562,-1.889614608226257e-05,-3.6941433781412514e-05,0.31466951966285706,-0.0004948491379423993,odom,episode_start,odom
0.7817556480003987,2026-09-13T11:38:05.209844+00:00,1789299485.1885638,0.021280288696289062,-2.438926183948106e-05,-7.709902906273207e-05,0.3146614730358124,-0.00035386493430844546,odom,episode_start,odom
0.8366217080001661,2026-09-13T11:38:05.264710+00:00,1789299485.2287173,0.03599262237548828,-2.3756298936239024e-05,-8.367616037979568e-05,0.31465697288513184,-0.0003840694206922457,odom,episode_start,odom
0.8925577190002514,2026-09-13T11:38:05.320643+00:00,1789299485.3152099,0.005433082580566406,-5.044445203046833e-06,1.822357476534009e-05,0.31424710154533386,-0.0002766666405920048,odom,episode_start,odom
0.9469592710001962,2026-09-13T11:38:05.375043+00:00,1789299485.3689764,0.006066560745239258,6.5861151871855515e-06,1.1153474356561612e-05,0.3145127594470978,-0.00047526250402141196,odom,episode_start,odom
1.0090790750000451,2026-09-13T11:38:05.437171+00:00,1789299485.4153252,0.02184581756591797,5.769822507148202e-05,-4.923913071789417e-05,0.31459248065948486,-0.0004611254791901942,odom,episode_start,odom
1.0707635899998422,2026-09-13T11:38:05.498849+00:00,1789299485.4859424,0.012906551361083984,5.200746526781197e-05,-3.4537490236979644e-05,0.31448954343795776,-0.0002844659385232706,odom,episode_start,odom
1.1219888240002547,2026-09-13T11:38:05.550080+00:00,1789299485.5453455,0.004734516143798828,3.181243648581925e-05,3.595413068622147e-05,0.314165323972702,-0.00033047937848862396,odom,episode_start,odom
1.1792395700003908,2026-09-13T11:38:05.607326+00:00,1789299485.5754714,0.03185462951660156,8.898051645519688e-05,1.997358475078907e-05,0.31437090039253235,-0.00037211033330875054,odom,episode_start,odom
1.2357420469998033,2026-09-13T11:38:05.663833+00:00,1789299485.64932,0.014513015747070312,0.00014529364330617803,-6.154926111845885e-05,0.3136681020259857,-0.00048255280252251787,odom,episode_start,odom
1.2875117300000056,2026-09-13T11:38:05.715603+00:00,1789299485.7019527,0.01365041732788086,9.352087426146324e-05,-6.023126855783939e-05,0.314248263835907,-0.0003168429514996962,odom,episode_start,odom
1.344707240000389,2026-09-13T11:38:05.772799+00:00,1789299485.758541,0.01425790786743164,6.721267183792807e-05,-5.044122906443291e-06,0.3145448565483093,-0.0003654294137351855,odom,episode_start,odom
1.4010138980002012,2026-09-13T11:38:05.829105+00:00,1789299485.8018315,0.02727341651916504,0.00011955107478677193,1.0638268654715575e-05,0.3142082095146179,-0.0005008788073082028,odom,episode_start,odom
1.4596558949997416,2026-09-13T11:38:05.887743+00:00,1789299485.8486123,0.03913068771362305,0.000167201481734974,-5.4106282265280444e-05,0.31449317932128906,-0.0005553258586670218,odom,episode_start,odom
1.5128256930001953,2026-09-13T11:38:05.940914+00:00,1789299485.9168901,0.024023771286010742,0.00011893426748543372,-8.764299332782827e-05,0.3146378993988037,-0.0003436207955898052,odom,episode_start,odom
1.5659965149998243,2026-09-13T11:38:05.994084+00:00,1789299485.982086,0.01199793815612793,0.00011117179210100822,-7.2523583765085755e-06,0.3146548867225647,-0.00025092215408273333,odom,episode_start,odom
1.621646139999939,2026-09-13T11:38:06.049734+00:00,1789299486.0374715,0.012262582778930664,0.00016904904888549082,3.8480745443260367e-05,0.3146595358848572,-0.0002614769332121014,odom,episode_start,odom
1.6742487029996482,2026-09-13T11:38:06.102339+00:00,1789299486.095215,0.0071239471435546875,0.0002202980258320726,1.7751873201483014e-05,0.31464052200317383,-0.0003928897068266046,odom,episode_start,odom
1.7263208340000347,2026-09-13T11:38:06.154412+00:00,1789299486.1485443,0.005867719650268555,0.0002158775347857739,3.4259404939786508e-06,0.3143727779388428,-0.0003488499937542855,odom,episode_start,odom
1.792421097999977,2026-09-13T11:38:06.220504+00:00,1789299486.1995153,0.02098870277404785,0.00019065086631416477,4.8609666065125683e-05,0.3142130374908447,-0.00025862725411229803,odom,episode_start,odom
1.8515399850002723,2026-09-13T11:38:06.279624+00:00,1789299486.2585797,0.021044254302978516,0.00016208645694982843,0.00011082918993095998,0.3142015337944031,-0.0004931996429431429,odom,episode_start,odom
1.9032340459998522,2026-09-13T11:38:06.331327+00:00,1789299486.3186123,0.012714624404907227,0.00020086950125539004,5.4953639657341106e-05,0.31452542543411255,-0.0007466609661024303,odom,episode_start,odom
1.9640891330000159,2026-09-13T11:38:06.392178+00:00,1789299486.3843007,0.007877349853515625,0.0001748789091437618,2.2558222340215425e-05,0.3146136999130249,-0.0006975299087648158,odom,episode_start,odom
2.014921126000445,2026-09-13T11:38:06.443006+00:00,1789299486.4352307,0.007775306701660156,0.00017600839023816745,8.926668294761915e-05,0.3146321773529053,-0.0006199118857055375,odom,episode_start,odom
2.0694766369997524,2026-09-13T11:38:06.497538+00:00,1789299486.4793856,0.018152475357055664,0.00024277025763509594,0.00012853346425917018,0.31465351581573486,-0.0004946675554442503,odom,episode_start,odom
2.1255097089997435,2026-09-13T11:38:06.553596+00:00,1789299486.5318115,0.021784543991088867,0.0002632671878055549,6.714075057609296e-05,0.3144569993019104,-0.0007683489398466747,odom,episode_start,odom
2.181079105000208,2026-09-13T11:38:06.609170+00:00,1789299486.571842,0.03732800483703613,0.0003084657538195883,2.7491659723441232e-05,0.31455758213996887,-0.0007803825493630789,odom,episode_start,odom
2.2348928119999982,2026-09-13T11:38:06.662983+00:00,1789299486.6285458,0.03443717956542969,0.00021139827680839306,4.682682247205884e-05,0.31461524963378906,-0.0006225565606654548,odom,episode_start,odom
2.2866779180003505,2026-09-13T11:38:06.714768+00:00,1789299486.705722,0.009045839309692383,0.00022668538027664878,0.00010420689104768312,0.31462499499320984,-0.0006029329701011665,odom,episode_start,odom
2.357483806000346,2026-09-13T11:38:06.785566+00:00,1789299486.7590199,0.026546239852905273,0.00031729271419710976,5.8309844173403456e-05,0.31465527415275574,-0.0008746845962619433,odom,episode_start,odom
2.411865834999844,2026-09-13T11:38:06.839954+00:00,1789299486.798586,0.04136800765991211,0.00035889737600836995,1.6490761352605628e-05,0.3146696090698242,-0.0009335869794977469,odom,episode_start,odom
2.4633733569999094,2026-09-13T11:38:06.891463+00:00,1789299486.8717916,0.01967144012451172,0.00028843965563620075,5.9722067590757896e-05,0.3146842122077942,-0.0006404305637524033,odom,episode_start,odom
2.5149181599999793,2026-09-13T11:38:06.943009+00:00,1789299486.931758,0.011250972747802734,0.00032268879464495494,9.318936497199298e-05,0.31468191742897034,-0.0007971535382869098,odom,episode_start,odom
2.56615913800033,2026-09-13T11:38:06.994250+00:00,1789299486.9917188,0.002531290054321289,0.0003610803476245499,7.752843994966724e-05,0.31388652324676514,-0.0008889078036080634,odom,episode_start,odom
2.617263658000411,2026-09-13T11:38:07.045353+00:00,1789299487.0325294,0.01282358169555664,0.00036512138333513,3.899545361766808e-05,0.3142871558666229,-0.000909429923155125,odom,episode_start,odom
2.6961110479996933,2026-09-13T11:38:07.124199+00:00,1789299487.0718045,0.05239439010620117,0.0003535952041206562,4.4127776673478535e-05,0.3145007789134979,-0.000898775191543244,odom,episode_start,odom
2.7478404370003773,2026-09-13T11:38:07.175931+00:00,1789299487.1584694,0.017461538314819336,0.00034757447517011193,0.00018176652714934727,0.3139388859272003,-0.000935439205274724,odom,episode_start,odom
2.7998383220001415,2026-09-13T11:38:07.227929+00:00,1789299487.2102227,0.01770639419555664,0.0003858275977128007,0.00015506110011270926,0.3143916726112366,-0.0010447598468057429,odom,episode_start,odom
2.8585751050004546,2026-09-13T11:38:07.286664+00:00,1789299487.2753787,0.01128530502319336,0.0004653416388722874,7.984817857452912e-05,0.31459370255470276,-0.0011334731079319924,odom,episode_start,odom
2.9127956190004625,2026-09-13T11:38:07.340882+00:00,1789299487.3218222,0.01905989646911621,0.00042818908496518256,6.624517130523021e-05,0.314641535282135,-0.000986229853631837,odom,episode_start,odom
2.968172009999762,2026-09-13T11:38:07.396252+00:00,1789299487.3619287,0.03432321548461914,0.000407243360406808,0.0001351526352969738,0.3146619200706482,-0.0009249017499464163,odom,episode_start,odom
3.020980631000384,2026-09-13T11:38:07.449062+00:00,1789299487.4351666,0.013895511627197266,0.00040419739545989543,0.0001557572724034085,0.31403422355651855,-0.0009836911064762255,odom,episode_start,odom
3.100538783999582,2026-09-13T11:38:07.528623+00:00,1789299487.4952152,0.03340792655944824,0.0004016357380311793,9.140274894024582e-05,0.3139071464538574,-0.0011543281913968253,odom,episode_start,odom
3.153511382999568,2026-09-13T11:38:07.581601+00:00,1789299487.578423,0.0031778812408447266,0.0003081833094649868,0.00010761419433183889,0.31453824043273926,-0.0009861667367179194,odom,episode_start,odom
3.2084047689995714,2026-09-13T11:38:07.636491+00:00,1789299487.61174,0.024750947952270508,0.0003187249900369079,0.00011776336583900753,0.31461238861083984,-0.0009549015617424939,odom,episode_start,odom
3.2649622859999,2026-09-13T11:38:07.693052+00:00,1789299487.6583555,0.03469657897949219,0.00042681520455523493,0.0001467525960200196,0.31465357542037964,-0.0011268087547717798,odom,episode_start,odom
3.315786404999926,2026-09-13T11:38:07.743875+00:00,1789299487.735588,0.00828695297241211,0.00042806556960027844,3.668050407404095e-05,0.31465229392051697,-0.0013248343385199313,odom,episode_start,odom
3.372093250999569,2026-09-13T11:38:07.800128+00:00,1789299487.7652173,0.03491067886352539,-0.0008726256735399584,8.418159110065959e-05,0.314054012298584,0.0011126796333380542,odom,episode_start,odom
3.423527646000366,2026-09-13T11:38:07.851561+00:00,1789299487.845421,0.006139993667602539,-0.0007544349615528847,-0.0018537392550256034,0.3124091625213623,0.034156079006131934,odom,episode_start,odom
3.4748860689996945,2026-09-13T11:38:07.902922+00:00,1789299487.8710048,0.03191709518432617,-0.00045420179643058625,-0.001984366797501867,0.3121035397052765,0.03947405810810368,odom,episode_start,odom
3.535219299000346,2026-09-13T11:38:07.963306+00:00,1789299487.9484477,0.014858245849609375,0.0007146433799335478,-0.002152710198180255,0.3110763132572174,0.06587432209265764,odom,episode_start,odom
3.5905249970001023,2026-09-13T11:38:08.018614+00:00,1789299487.9886625,0.02995157241821289,0.001417469682505328,-0.001902023477251081,0.3104667365550995,0.07612010700113124,odom,episode_start,odom
3.6425451860004614,2026-09-13T11:38:08.070634+00:00,1789299488.0622728,0.008361101150512695,0.0027363035477186667,-0.0016715064493614768,0.30977770686149597,0.0961982658216618,odom,episode_start,odom
3.70629560999987,2026-09-13T11:38:08.134387+00:00,1789299488.114889,0.019498109817504883,0.003716163739656092,-0.0013968655880829837,0.30950313806533813,0.11023960393892461,odom,episode_start,odom
3.7650545369997417,2026-09-13T11:38:08.193129+00:00,1789299488.1476626,0.04546642303466797,0.004206079355067138,-0.0011853502257352364,0.3094940185546875,0.11591563992706044,odom,episode_start,odom
3.8200217490002615,2026-09-13T11:38:08.248108+00:00,1789299488.2285433,0.01956462860107422,0.005828040274083864,-0.00016738937053260795,0.3096942603588104,0.13809843719222448,odom,episode_start,odom
3.8764985230000093,2026-09-13T11:38:08.304588+00:00,1789299488.2949543,0.009633779525756836,0.006854148652805391,0.0005145456016515797,0.30970773100852966,0.1538576137157306,odom,episode_start,odom
3.9357451910000236,2026-09-13T11:38:08.363832+00:00,1789299488.3564916,0.007340431213378906,0.007623831898879364,0.00116378754942455,0.3097727298736572,0.168335661218088,odom,episode_start,odom
3.9936565150001115,2026-09-13T11:38:08.421743+00:00,1789299488.4086099,0.013133049011230469,0.008442677999842496,0.001835384901374401,0.30962032079696655,0.18115555599877609,odom,episode_start,odom
4.050540258000183,2026-09-13T11:38:08.478612+00:00,1789299488.4616265,0.016985416412353516,0.009100275486098496,0.0026158555629863006,0.30967608094215393,0.19304826446467116,odom,episode_start,odom
4.112241951999749,2026-09-13T11:38:08.540324+00:00,1789299488.5220375,0.018286466598510742,0.009821716808297533,0.003659399837668101,0.30967381596565247,0.20520259796438678,odom,episode_start,odom
4.174478621000162,2026-09-13T11:38:08.602567+00:00,1789299488.5915196,0.01104736328125,0.010517365668890935,0.005274888930637617,0.309670627117157,0.22328545222986593,odom,episode_start,odom
4.227210213000035,2026-09-13T11:38:08.655297+00:00,1789299488.6520786,0.003218412399291992,0.011381343382755144,0.006877968897048739,0.30904144048690796,0.237263596673144,odom,episode_start,odom
4.281875038999715,2026-09-13T11:38:08.709966+00:00,1789299488.6983387,0.011627197265625,0.012015348713236621,0.008133173394340743,0.30706480145454407,0.24848237072599336,odom,episode_start,odom
4.36895418200038,2026-09-13T11:38:08.797041+00:00,1789299488.75488,0.042160987854003906,0.012879797480234672,0.009130381617920092,0.3057948052883148,0.2622731067270601,odom,episode_start,odom
4.425237825000295,2026-09-13T11:38:08.853326+00:00,1789299488.818372,0.034954071044921875,0.013405853629335813,0.00955644803505408,0.30561813712120056,0.27676925960096077,odom,episode_start,odom
4.479381148000357,2026-09-13T11:38:08.907471+00:00,1789299488.891542,0.015928983688354492,0.014041672992984965,0.009354728269159809,0.3053895831108093,0.29641315487384845,odom,episode_start,odom
4.532462936000229,2026-09-13T11:38:08.960551+00:00,1789299488.938203,0.02234792709350586,0.014426927186384582,0.008807857405441698,0.30539461970329285,0.3101239681331365,odom,episode_start,odom
4.590022366999619,2026-09-13T11:38:09.018107+00:00,1789299489.0049107,0.013196229934692383,0.015102559853196062,0.00782454935705242,0.30524376034736633,0.3316958366160283,odom,episode_start,odom
4.648320272000092,2026-09-13T11:38:09.076406+00:00,1789299489.0715153,0.0048906803131103516,0.016005487731027914,0.006280636576992558,0.30505019426345825,0.3547231885019719,odom,episode_start,odom
4.699713830000292,2026-09-13T11:38:09.127805+00:00,1789299489.124863,0.0029420852661132812,0.016709369142835575,0.004746222398503772,0.3047918379306793,0.37309397625049034,odom,episode_start,odom
4.75166780499967,2026-09-13T11:38:09.179756+00:00,1789299489.154921,0.024834871292114258,0.016939833175217963,0.0038566809042765364,0.30505573749542236,0.38386738747408033,odom,episode_start,odom
4.804864126000211,2026-09-13T11:38:09.232954+00:00,1789299489.2282572,0.004696846008300781,0.017915141895534566,0.0020925178340779208,0.30879735946655273,0.4114258852428929,odom,episode_start,odom
4.872964342999694,2026-09-13T11:38:09.301048+00:00,1789299489.2748973,0.02615070343017578,0.017875279042074057,0.0021586370722456046,0.30905503034591675,0.4278476541116023,odom,episode_start,odom
4.924012729000424,2026-09-13T11:38:09.352103+00:00,1789299489.3482661,0.0038368701934814453,0.015153321990926836,0.0013177077750645162,0.30718329548835754,0.45749932938691895,odom,episode_start,odom
4.980267535999701,2026-09-13T11:38:09.408322+00:00,1789299489.3750324,0.03328967094421387,0.013097352882260343,0.002788579615664097,0.30740439891815186,0.4710805086675435,odom,episode_start,odom
5.039252106000276,2026-09-13T11:38:09.467332+00:00,1789299489.4316368,0.03569507598876953,0.012114830912809125,0.0037415419880050113,0.30529823899269104,0.5048404706992415,odom,episode_start,odom
5.109980287999861,2026-09-13T11:38:09.538068+00:00,1789299489.511489,0.02657914161682129,0.011836643275742529,0.004858653508951251,0.300231397151947,0.5373187157444258,odom,episode_start,odom
5.163322377999975,2026-09-13T11:38:09.591411+00:00,1789299489.5587525,0.03265857696533203,0.010574347523933436,0.0029095275987502823,0.2990038990974426,0.5332021587174188,odom,episode_start,odom
5.2279373000001215,2026-09-13T11:38:09.656022+00:00,1789299489.6226578,0.033364295959472656,0.011621213118045171,0.0008968447193054467,0.2989785969257355,0.5304268977421286,odom,episode_start,odom
5.290735952999967,2026-09-13T11:38:09.718825+00:00,1789299489.7081702,0.010654926300048828,0.015402605977721001,-0.0035167744757597713,0.29813480377197266,0.521389023408928,odom,episode_start,odom
5.348288182000033,2026-09-13T11:38:09.776379+00:00,1789299489.7620072,0.014371871948242188,0.016387202895690674,-0.006026260973656887,0.2989882230758667,0.513262573952553,odom,episode_start,odom
5.407045091000327,2026-09-13T11:38:09.835071+00:00,1789299489.814971,0.020100116729736328,0.016992300263854475,-0.006882394348442223,0.2991534173488617,0.5069309946867817,odom,episode_start,odom
5.458801486000084,2026-09-13T11:38:09.886891+00:00,1789299489.8782644,0.008626461029052734,0.017204361791456475,-0.007237524088129794,0.2995256185531616,0.503064219803663,odom,episode_start,odom
5.511252739000156,2026-09-13T11:38:09.939341+00:00,1789299489.9314225,0.007918596267700195,0.01695234211094947,-0.007171475094261304,0.29932767152786255,0.5032768285895167,odom,episode_start,odom
5.565678893999575,2026-09-13T11:38:09.993772+00:00,1789299489.9667008,0.027071237564086914,0.016665782979357037,-0.007232888926214006,0.2997196316719055,0.5030868845524108,odom,episode_start,odom
5.61695797900029,2026-09-13T11:38:10.044944+00:00,1789299490.0314572,0.013486862182617188,0.016328783736492554,-0.007700561296538131,0.29921314120292664,0.5023971755177813,odom,episode_start,odom
5.669154592000268,2026-09-13T11:38:10.097244+00:00,1789299490.0719616,0.02528238296508789,0.016321284073746143,-0.00804083293482859,0.29931265115737915,0.5015144082848856,odom,episode_start,odom
5.721713081000416,2026-09-13T11:38:10.149799+00:00,1789299490.121558,0.02824115753173828,0.016479870880033845,-0.008512262558117652,0.30099985003471375,0.49984859319255326,odom,episode_start,odom
5.772401092000109,2026-09-13T11:38:10.200498+00:00,1789299490.174964,0.02553415298461914,0.016697314676447486,-0.00905689371766984,0.3016758859157562,0.4975034798744741,odom,episode_start,odom
5.822922436000226,2026-09-13T11:38:10.251013+00:00,1789299490.248186,0.0028269290924072266,0.0168135590169061,-0.009692271224529788,0.3020319640636444,0.49512941178294406,odom,episode_start,odom
5.881866169999739,2026-09-13T11:38:10.309956+00:00,1789299490.2915504,0.018405675888061523,0.016798552334479005,-0.010015436471957162,0.30118584632873535,0.49397139077463925,odom,episode_start,odom
5.939350681000178,2026-09-13T11:38:10.367441+00:00,1789299490.3480694,0.019371509552001953,0.01673878987459479,-0.010323782296277735,0.3010060787200928,0.4924767471228904,odom,episode_start,odom
5.996109773000171,2026-09-13T11:38:10.424199+00:00,1789299490.3948307,0.02936840057373047,0.016613645384898085,-0.010479180650857123,0.30042773485183716,0.4918566688937853,odom,episode_start,odom
6.048452410000209,2026-09-13T11:38:10.476543+00:00,1789299490.4548087,0.021734237670898438,0.01647129191015044,-0.010601278318194261,0.3001345694065094,0.4910984029501818,odom,episode_start,odom
6.102673397999752,2026-09-13T11:38:10.530763+00:00,1789299490.5013719,0.029391050338745117,0.016402471926537623,-0.01069654888014457,0.3000500202178955,0.49078651384222327,odom,episode_start,odom
6.154297304000465,2026-09-13T11:38:10.582384+00:00,1789299490.548254,0.034130096435546875,0.016295208037934977,-0.010804049127028252,0.3000257909297943,0.49030307751862157,odom,episode_start,odom
6.207901200000379,2026-09-13T11:38:10.635746+00:00,1789299490.6152382,0.0205078125,0.016150115227341364,-0.010887545523486421,0.30001920461654663,0.49012035030861856,odom,episode_start,odom
6.2839025579996814,2026-09-13T11:38:10.711989+00:00,1789299490.6752715,0.03671741485595703,0.016006439392753955,-0.010917839270148813,0.3000284731388092,0.4901454352266419,odom,episode_start,odom
6.353255680000075,2026-09-13T11:38:10.781326+00:00,1789299490.734801,0.046525001525878906,0.015934425881177085,-0.010963626152807453,0.30005788803100586,0.4897251960219154,odom,episode_start,odom
6.41238956899997,2026-09-13T11:38:10.840480+00:00,1789299490.8114362,0.029043912887573242,0.015951617742091955,-0.011065225438543186,0.3000717759132385,0.48934999526878886,odom,episode_start,odom
6.46409911200044,2026-09-13T11:38:10.892188+00:00,1789299490.8847973,0.007390737533569336,0.015953658634666294,-0.011139327715207759,0.3001163899898529,0.4890244980172767,odom,episode_start,odom
6.5195976169998175,2026-09-13T11:38:10.947686+00:00,1789299490.9419396,0.005746364593505859,0.01589421505214461,-0.011176676734274228,0.30012962222099304,0.4887903306059659,odom,episode_start,odom
6.57185496799957,2026-09-13T11:38:10.999944+00:00,1789299490.9874725,0.012471437454223633,0.015876451513905997,-0.011204148169084969,0.3001365065574646,0.48867397360797826,odom,episode_start,odom
6.6354774110004655,2026-09-13T11:38:11.063565+00:00,1789299491.0382648,0.025300264358520508,0.015860386887432854,-0.011217414605439704,0.30015188455581665,0.4885941749655365,odom,episode_start,odom
6.702983637000216,2026-09-13T11:38:11.131070+00:00,1789299491.1119397,0.019130229949951172,0.01581007839584738,-0.011201620076924379,0.30014076828956604,0.48868787339759556,odom,episode_start,odom
6.755583183999988,2026-09-13T11:38:11.183672+00:00,1789299491.1679952,0.01567673683166504,0.015760896729613796,-0.011197758928421052,0.30016055703163147,0.4886372856473755,odom,episode_start,odom
6.808895219999613,2026-09-13T11:38:11.236986+00:00,1789299491.2348475,0.002138376235961914,0.015764056146399832,-0.011227276926902337,0.3001658320426941,0.4883762357369962,odom,episode_start,odom
6.861361031000342,2026-09-13T11:38:11.289447+00:00,1789299491.268322,0.021125078201293945,0.015782551854326508,-0.011209041204203076,0.3001686930656433,0.4883533030734568,odom,episode_start,odom
6.913531879999937,2026-09-13T11:38:11.341620+00:00,1789299491.3313346,0.010285377502441406,0.015761082461503744,-0.011225440540247815,0.30018019676208496,0.4882245068632367,odom,episode_start,odom
6.964960412999972,2026-09-13T11:38:11.393058+00:00,1789299491.3781357,0.014922380447387695,0.015688153604585902,-0.01121747571715866,0.3001837730407715,0.4882841304925629,odom,episode_start,odom
7.025105368999903,2026-09-13T11:38:11.453194+00:00,1789299491.4397497,0.013444185256958008,0.01566264636471867,-0.011285528488685794,0.30018067359924316,0.4879310658488774,odom,episode_start,odom
7.080048959000123,2026-09-13T11:38:11.508139+00:00,1789299491.498067,0.010071992874145508,0.015638301724261453,-0.011352292093043831,0.3001880645751953,0.4880739693496461,odom,episode_start,odom
7.1346067340000445,2026-09-13T11:38:11.562691+00:00,1789299491.5381105,0.02458047866821289,0.01563678742768977,-0.011373736395599198,0.3002057671546936,0.48785118237231306,odom,episode_start,odom
7.18939040999976,2026-09-13T11:38:11.617478+00:00,1789299491.5947602,0.022717714309692383,0.015625612560875378,-0.011373219974243823,0.3002395033836365,0.48779646041724534,odom,episode_start,odom
7.240487658999882,2026-09-13T11:38:11.668577+00:00,1789299491.6647615,0.0038154125213623047,0.01570887442225875,-0.01152781141046271,0.30023330450057983,0.4874259556482281,odom,episode_start,odom
7.295288264999726,2026-09-13T11:38:11.723380+00:00,1789299491.7050161,0.01836395263671875,0.014462053882871667,-0.011613697675160684,0.30038824677467346,0.48837484934320796,odom,episode_start,odom
7.349548389999654,2026-09-13T11:38:11.777636+00:00,1789299491.754929,0.022706985473632812,0.015396834347296462,-0.01096152656519057,0.3010709881782532,0.5075979338148878,odom,episode_start,odom
7.401257356000315,2026-09-13T11:38:11.829344+00:00,1789299491.818006,0.011337995529174805,0.015336477217215557,-0.01132799374819094,0.3012191653251648,0.5269395846454374,odom,episode_start,odom
7.461354469000071,2026-09-13T11:38:11.889446+00:00,1789299491.881289,0.008157014846801758,0.015302085897467009,-0.012131029435114182,0.3024436831474304,0.5453514290177726,odom,episode_start,odom
7.513097355999889,2026-09-13T11:38:11.941189+00:00,1789299491.931523,0.009665966033935547,0.015274216024033982,-0.011675450340681565,0.30281034111976624,0.5617222247439988,odom,episode_start,odom
7.564088774999618,2026-09-13T11:38:11.992180+00:00,1789299491.9846478,0.007532358169555664,0.014291241189239707,-0.010958595127353515,0.303334504365921,0.586650499392922,odom,episode_start,odom
7.621329268000409,2026-09-13T11:38:12.049417+00:00,1789299492.0249274,0.024489641189575195,0.014705189105313151,-0.010721637695100393,0.30355510115623474,0.6031607988599406,odom,episode_start,odom
7.672515704999569,2026-09-13T11:38:12.100604+00:00,1789299492.0651007,0.035503387451171875,0.014924540655405938,-0.009921186621986435,0.30343204736709595,0.6168968565464639,odom,episode_start,odom
7.729030778999913,2026-09-13T11:38:12.157110+00:00,1789299492.147999,0.00911092758178711,0.01521312203403557,-0.008733557064444855,0.30458196997642517,0.6477946771425342,odom,episode_start,odom
7.782935938000264,2026-09-13T11:38:12.211029+00:00,1789299492.2015297,0.009499311447143555,0.0150922280322564,-0.007003307620134352,0.3055524528026581,0.6702152248258674,odom,episode_start,odom
7.846202581000398,2026-09-13T11:38:12.274293+00:00,1789299492.2445211,0.029771804809570312,0.014929250595972051,-0.004993084712740133,0.3058251440525055,0.6874658267978005,odom,episode_start,odom
7.897960604000218,2026-09-13T11:38:12.326020+00:00,1789299492.311207,0.014812946319580078,0.014963195785845056,-0.0018134085330067024,0.30611905455589294,0.7134396779522088,odom,episode_start,odom
7.95090311399963,2026-09-13T11:38:12.378991+00:00,1789299492.3752358,0.0037550926208496094,0.014866867932663645,0.0005417664264867014,0.30669546127319336,0.7361592728307433,odom,episode_start,odom
8.010381531999883,2026-09-13T11:38:12.438461+00:00,1789299492.4217825,0.016678571701049805,0.014614277737887526,0.00284354171295094,0.3071310520172119,0.7598869850788036,odom,episode_start,odom
8.086802589999934,2026-09-13T11:38:12.514892+00:00,1789299492.4746373,0.040254831314086914,0.01413805523924093,0.005367540258288695,0.30771753191947937,0.7816062576120935,odom,episode_start,odom
8.144670448000397,2026-09-13T11:38:12.572757+00:00,1789299492.5413487,0.03140830993652344,0.01466270318218472,0.008188652144375454,0.30783432722091675,0.8108257422748348,odom,episode_start,odom
8.244559462000325,2026-09-13T11:38:12.672646+00:00,1789299492.624596,0.0480499267578125,0.011082023745143155,0.01182392698823563,0.3041055500507355,0.8679776983664965,odom,episode_start,odom
8.29626413799997,2026-09-13T11:38:12.724355+00:00,1789299492.7178113,0.006543636322021484,0.009220434781367987,0.015671397392223986,0.30049562454223633,0.9119580204844809,odom,episode_start,odom
8.347674972000277,2026-09-13T11:38:12.775765+00:00,1789299492.7437015,0.03206348419189453,0.009253326841258135,0.01579595171554913,0.3005678057670593,0.9212771783847762,odom,episode_start,odom
8.412286687000233,2026-09-13T11:38:12.840375+00:00,1789299492.8279564,0.012418508529663086,0.010665885248361252,0.014083126850979085,0.3017716407775879,0.9524521650684765,odom,episode_start,odom
8.463349085000118,2026-09-13T11:38:12.891439+00:00,1789299492.8783944,0.013044595718383789,0.01325119623550138,0.014418814765621207,0.3023912012577057,0.9753651459136907,odom,episode_start,odom
8.52438113199969,2026-09-13T11:38:12.952467+00:00,1789299492.9245477,0.027919292449951172,0.013918934486589603,0.01360874626350267,0.3023400604724884,0.9954124197090232,odom,episode_start,odom
8.574988174000282,2026-09-13T11:38:13.003077+00:00,1789299492.9845216,0.018555402755737305,0.01361882939654494,0.012031113774698763,0.30325189232826233,1.0233869895344259,odom,episode_start,odom
8.636682753999594,2026-09-13T11:38:13.064762+00:00,1789299493.0512366,0.01352548599243164,0.012250336817201076,0.012042852543389219,0.30227258801460266,1.035887988467091,odom,episode_start,odom
8.696412833000068,2026-09-13T11:38:13.124502+00:00,1789299493.1145158,0.009986162185668945,0.011323409974789858,0.012727762163416914,0.3033236861228943,1.0271394391095474,odom,episode_start,odom
8.753685902999678,2026-09-13T11:38:13.181776+00:00,1789299493.178009,0.0037670135498046875,0.010418758686476907,0.013178848626587093,0.3037438690662384,1.0226276483472194,odom,episode_start,odom
8.806435534999764,2026-09-13T11:38:13.234520+00:00,1789299493.2173455,0.017174482345581055,0.010239565354670969,0.013045511543012714,0.30385053157806396,1.0217469369272447,odom,episode_start,odom
8.862421007999728,2026-09-13T11:38:13.290511+00:00,1789299493.257946,0.03256487846374512,0.010294296519846077,0.012685944114609897,0.3039264380931854,1.0212966121344997,odom,episode_start,odom
8.915814134000357,2026-09-13T11:38:13.343906+00:00,1789299493.3348577,0.009048223495483398,0.010175819469530023,0.012071037803607918,0.3040185868740082,1.0208818721121036,odom,episode_start,odom
8.972187182000198,2026-09-13T11:38:13.400274+00:00,1789299493.3881075,0.012166500091552734,0.00982037529630659,0.011991801728676449,0.304049015045166,1.0204350280210532,odom,episode_start,odom
9.027771447000305,2026-09-13T11:38:13.455862+00:00,1789299493.4478266,0.008035421371459961,0.00939530008906,0.012029760359532333,0.304063081741333,1.019742960207333,odom,episode_start,odom
9.087288360999992,2026-09-13T11:38:13.515366+00:00,1789299493.4807127,0.034653425216674805,0.00928940638360585,0.011973063993016883,0.30406996607780457,1.0192696944509378,odom,episode_start,odom
9.151031286999569,2026-09-13T11:38:13.579118+00:00,1789299493.5614827,0.017635345458984375,0.009152939066055651,0.011599831266738725,0.3040934205055237,1.019053293942385,odom,episode_start,odom
9.23391586300022,2026-09-13T11:38:13.661994+00:00,1789299493.6316466,0.030347347259521484,0.008946196224184142,0.011402319038587157,0.3041066825389862,1.0188913949100906,odom,episode_start,odom
9.30585278000035,2026-09-13T11:38:13.723885+00:00,1789299493.7111754,0.012709617614746094,0.008585081442536854,0.01128703728218351,0.30411726236343384,1.0188246700399326,odom,episode_start,odom
9.371566894999887,2026-09-13T11:38:13.799658+00:00,1789299493.7577,0.04195809364318848,0.008515010063427964,0.011161629780563748,0.3041249215602875,1.0184738755744036,odom,episode_start,odom
9.427791486000388,2026-09-13T11:38:13.855880+00:00,1789299493.824665,0.03121495246887207,0.008467707705036496,0.01112243401362269,0.3041319251060486,1.0183722923749325,odom,episode_start,odom
9.481883694000317,2026-09-13T11:38:13.909966+00:00,1789299493.8979719,0.011994123458862305,0.008333836554114984,0.011040819965236693,0.3041342496871948,1.0184228359908978,odom,episode_start,odom
9.538215780000428,2026-09-13T11:38:13.966307+00:00,1789299493.9310308,0.035276174545288086,0.008233400575121516,0.011035829683908168,0.30413633584976196,1.0182788748993554,odom,episode_start,odom
9.59174929799974,2026-09-13T11:38:14.019839+00:00,1789299494.0144382,0.005400896072387695,0.008073506284284977,0.01091316666819706,0.3041463792324066,1.0179784222118236,odom,episode_start,odom
9.64537510900027,2026-09-13T11:38:14.073464+00:00,1789299494.0643811,0.009082794189453125,0.00800931766362855,0.010853357789148838,0.3041495978832245,1.018098173597709,odom,episode_start,odom
9.699371790000441,2026-09-13T11:38:14.127463+00:00,1789299494.1210418,0.006421327590942383,0.00792130094825214,0.010815219496069279,0.3041524589061737,1.0179886438258787,odom,episode_start,odom
9.750965416000327,2026-09-13T11:38:14.179025+00:00,1789299494.174467,0.00455784797668457,0.007873704133844077,0.010821516428862242,0.3041541874408722,1.017765209537332,odom,episode_start,odom
9.802617444999669,2026-09-13T11:38:14.230708+00:00,1789299494.2246194,0.0060884952545166016,0.00789261803649148,0.010819735657513188,0.3041536211967468,1.0176408264581391,odom,episode_start,odom
9.867339946999891,2026-09-13T11:38:14.295431+00:00,1789299494.2745385,0.02089238166809082,0.007906248801934829,0.010815286887259322,0.30415529012680054,1.017666186720503,odom,episode_start,odom
9.918616595000458,2026-09-13T11:38:14.346705+00:00,1789299494.3358438,0.01086115837097168,0.007845391060571822,0.010832236557648655,0.3041538596153259,1.0177941439449372,odom,episode_start,odom
9.985080159999598,2026-09-13T11:38:14.413165+00:00,1789299494.3878202,0.0253448486328125,0.007808938066632505,0.010833692248437556,0.3041527569293976,1.0175122334073046,odom,episode_start,odom
10.039983710999877,2026-09-13T11:38:14.468072+00:00,1789299494.4547963,0.013275623321533203,0.007773599439704617,0.010796761647431048,0.3041566014289856,1.017415396897582,odom,episode_start,odom
10.09661555599996,2026-09-13T11:38:14.524705+00:00,1789299494.5112581,0.013446807861328125,0.007757298577962011,0.010717630560405868,0.30415982007980347,1.0174978630338671,odom,episode_start,odom
10.147909516000254,2026-09-13T11:38:14.576002+00:00,1789299494.5642648,0.01173710823059082,0.007670002504878746,0.010722205216237003,0.3041602075099945,1.0175966508205119,odom,episode_start,odom
10.212210425999729,2026-09-13T11:38:14.640298+00:00,1789299494.604444,0.03585386276245117,0.007609296768989259,0.010756209992696657,0.3041587173938751,1.017612885982371,odom,episode_start,odom
10.27193311100018,2026-09-13T11:38:14.700001+00:00,1789299494.670993,0.029007911682128906,0.007595813789902287,0.01072769125921981,0.3041608929634094,1.0171986792337835,odom,episode_start,odom
10.341258381999978,2026-09-13T11:38:14.769342+00:00,1789299494.7479994,0.02134251594543457,0.007599970933194514,0.010758886752132362,0.3041602075099945,1.0175123433855626,odom,episode_start,odom
10.394867519999934,2026-09-13T11:38:14.822954+00:00,1789299494.8143785,0.008575439453125,0.00750087821061555,0.01078859068151457,0.30415669083595276,1.0175167773631095,odom,episode_start,odom
10.456263680999655,2026-09-13T11:38:14.884353+00:00,1789299494.8509903,0.033362627029418945,0.007432765232342396,0.010762970424596608,0.304158478975296,1.0172843665229971,odom,episode_start,odom
10.510032860000138,2026-09-13T11:38:14.938123+00:00,1789299494.898994,0.039129018783569336,0.007398095404292751,0.010699737279276469,0.3041621744632721,1.016970653671488,odom,episode_start,odom
10.571365368999977,2026-09-13T11:38:14.999453+00:00,1789299494.9775891,0.021863937377929688,0.0072337235426871965,0.010525959994369751,0.3041688799858093,1.017378982155955,odom,episode_start,odom
10.62618139299957,2026-09-13T11:38:15.054270+00:00,1789299495.039363,0.014907121658325195,0.007136285619086776,0.010518408614234646,0.3041720390319824,1.017255590341395,odom,episode_start,odom
10.683526271000119,2026-09-13T11:38:15.111613+00:00,1789299495.0998237,0.011789321899414062,0.007062638961368925,0.01046345844849952,0.30417531728744507,1.0168663282581933,odom,episode_start,odom
10.744663342000422,2026-09-13T11:38:15.172755+00:00,1789299495.1590252,0.01372981071472168,0.00709716607794765,0.010498572442181978,0.3041771650314331,1.0169088765674068,odom,episode_start,odom
10.805005037999763,2026-09-13T11:38:15.233095+00:00,1789299495.204354,0.028740882873535156,0.007105358635881052,0.010498691068412043,0.30417609214782715,1.0171201827568992,odom,episode_start,odom
10.861351552999622,2026-09-13T11:38:15.289445+00:00,1789299495.2711163,0.01832866668701172,0.007046591905710306,0.010510313687547313,0.3041757345199585,1.0169305325364566,odom,episode_start,odom
10.913812365000013,2026-09-13T11:38:15.341806+00:00,1789299495.33435,0.0074558258056640625,0.007065215757208874,0.010505204345200326,0.30417683720588684,1.016623361991745,odom,episode_start,odom
10.964604853999845,2026-09-13T11:38:15.392697+00:00,1789299495.3781471,0.014549970626831055,0.007061057112458899,0.010469680122928478,0.3041774034500122,1.016707740277364,odom,episode_start,odom
11.027687032000358,2026-09-13T11:38:15.455778+00:00,1789299495.444385,0.011392831802368164,0.007021281454121217,0.010498510945427373,0.30417755246162415,1.0168674640965358,odom,episode_start,odom
11.087343023999892,2026-09-13T11:38:15.515433+00:00,1789299495.4944863,0.020946741104125977,0.007016470687950597,0.010565764789053602,0.3041747808456421,1.0167558979202376,odom,episode_start,odom
11.155038916999729,2026-09-13T11:38:15.583130+00:00,1789299495.5478468,0.03528308868408203,0.007048726459177287,0.010630519787712853,0.3041733503341675,1.016691158211533,odom,episode_start,odom
11.224443391000023,2026-09-13T11:38:15.652526+00:00,1789299495.597608,0.05491781234741211,0.007083571062234174,0.010643947138782112,0.30417266488075256,1.0165554747374241,odom,episode_start,odom
11.288210153999898,2026-09-13T11:38:15.716293+00:00,1789299495.6786964,0.037596702575683594,0.007026916772754022,0.010607912575614999,0.3041732907295227,1.0168030007784103,odom,episode_start,odom
11.341642608000257,2026-09-13T11:38:15.769732+00:00,1789299495.750998,0.018733978271484375,0.005494013209850465,0.011066599410870384,0.30407628417015076,0.9991818163381601,odom,episode_start,odom
11.392628868000429,2026-09-13T11:38:15.820717+00:00,1789299495.810919,0.009798049926757812,0.005071148778858152,0.010370271770175696,0.30530065298080444,0.9734378071904377,odom,episode_start,odom
11.452019180000207,2026-09-13T11:38:15.880106+00:00,1789299495.8442745,0.035831451416015625,0.0049136332550535206,0.010319442849840927,0.306547075510025,0.9614146921398514,odom,episode_start,odom
11.507485641999665,2026-09-13T11:38:15.935574+00:00,1789299495.8977265,0.03784751892089844,0.004666561603608911,0.010032510592684717,0.307855486869812,0.942264968477211,odom,episode_start,odom
11.561734689000332,2026-09-13T11:38:15.989829+00:00,1789299495.9774692,0.012359857559204102,0.004253624257143703,0.009907490600695545,0.3091689944267273,0.9162870618338326,odom,episode_start,odom
11.625509419000082,2026-09-13T11:38:16.053602+00:00,1789299496.0375137,0.016088247299194336,0.003938215069905855,0.00985614645087879,0.3101023733615875,0.8984116775513541,odom,episode_start,odom
11.684472087000358,2026-09-13T11:38:16.112556+00:00,1789299496.0909898,0.021566152572631836,0.0037133269767394396,0.009746891863496959,0.310733437538147,0.8827823811326145,odom,episode_start,odom
11.73544023300019,2026-09-13T11:38:16.163518+00:00,1789299496.1242259,0.039292097091674805,0.003603116652819414,0.00971505667018966,0.3110732138156891,0.8728269957457607,odom,episode_start,odom
11.788906959000087,2026-09-13T11:38:16.216996+00:00,1789299496.2078342,0.009161710739135742,0.0030741964009096032,0.009734527262104034,0.3117765188217163,0.8491632616226641,odom,episode_start,odom
11.84524828800022,2026-09-13T11:38:16.273337+00:00,1789299496.2541783,0.019158601760864258,0.002851025584174623,0.009621438043588964,0.31200993061065674,0.8356608810395264,odom,episode_start,odom
11.89868301200022,2026-09-13T11:38:16.326744+00:00,1789299496.3008277,0.025916337966918945,0.002699787474486276,0.009633510077925213,0.3121470510959625,0.8228954975769011,odom,episode_start,odom
11.952040547999786,2026-09-13T11:38:16.380131+00:00,1789299496.3709462,0.009184837341308594,0.0025844770408531073,0.009748090191597279,0.3125079274177551,0.8049615838037476,odom,episode_start,odom
12.021561346999988,2026-09-13T11:38:16.449649+00:00,1789299496.430875,0.018774032592773438,0.0025828827336026264,0.009727858954242823,0.3132777810096741,0.7891472842742867,odom,episode_start,odom
12.08556527499968,2026-09-13T11:38:16.513653+00:00,1789299496.4975011,0.016151905059814453,0.002316019333024751,0.009509921989178377,0.3142937421798706,0.7711336466351987,odom,episode_start,odom
12.14318136699967,2026-09-13T11:38:16.571267+00:00,1789299496.5641642,0.0071027278900146484,0.0015136676823483547,0.009414054352793149,0.31486666202545166,0.751311303049247,odom,episode_start,odom
12.195360177000111,2026-09-13T11:38:16.623451+00:00,1789299496.6208553,0.002595663070678711,0.0008838562929852913,0.009838881055469132,0.31492993235588074,0.7344122820136972,odom,episode_start,odom
12.249504319000152,2026-09-13T11:38:16.677592+00:00,1789299496.6542892,0.023302793502807617,6.565535672293393e-05,0.010241734477484664,0.3148668706417084,0.7230455533140531,odom,episode_start,odom
12.305912724000336,2026-09-13T11:38:16.734000+00:00,1789299496.7142763,0.01972365379333496,-0.0016294625457745,0.010703604145297361,0.3145287036895752,0.7028118515644629,odom,episode_start,odom
12.369496082000296,2026-09-13T11:38:16.797582+00:00,1789299496.7742877,0.02329421043395996,-0.003938206428909166,0.01079235796530702,0.3141518533229828,0.6812122012489793,odom,episode_start,odom
12.427853242999845,2026-09-13T11:38:16.855944+00:00,1789299496.8481467,0.0077972412109375,-0.006550454012893487,0.011071093531004113,0.3141216039657593,0.6575298210018,odom,episode_start,odom
12.478916369999752,2026-09-13T11:38:16.907010+00:00,1789299496.8874636,0.0195465087890625,-0.0076775959044341115,0.011046573313360895,0.314078688621521,0.6422817582804008,odom,episode_start,odom
12.530847805000121,2026-09-13T11:38:16.958934+00:00,1789299496.9407365,0.01819753646850586,-0.0089529896983172,0.011598414670475687,0.31387433409690857,0.6229985163539979,odom,episode_start,odom
12.58519768699989,2026-09-13T11:38:17.013285+00:00,1789299497.007544,0.0057408809661865234,-0.009395806589761406,0.012258719167017255,0.3134194612503052,0.59790726666256,odom,episode_start,odom
12.653490380000221,2026-09-13T11:38:17.081571+00:00,1789299497.0574594,0.02411174774169922,-0.009121306336530117,0.012914310500469204,0.31249693036079407,0.5781858849651529,odom,episode_start,odom
12.707126393999715,2026-09-13T11:38:17.135216+00:00,1789299497.1113312,0.02388477325439453,-0.008425994335396078,0.013728992479390032,0.31189730763435364,0.5569892916189026,odom,episode_start,odom
12.768270694000421,2026-09-13T11:38:17.196360+00:00,1789299497.1709223,0.02543783187866211,-0.007933653257408444,0.01452555422320235,0.3117040991783142,0.5333899676272852,odom,episode_start,odom
12.819377279000037,2026-09-13T11:38:17.247468+00:00,1789299497.2307293,0.0167386531829834,-0.007735660487599973,0.015893515614280835,0.31210023164749146,0.5083639244831678,odom,episode_start,odom
12.870757063000383,2026-09-13T11:38:17.298845+00:00,1789299497.243215,0.05562996864318848,-0.00780108212582615,0.016007988964126595,0.31211820244789124,0.504031629547393,odom,episode_start,odom
12.937022498999795,2026-09-13T11:38:17.365119+00:00,1789299497.3275292,0.03758978843688965,-0.007877750081669953,0.015585720124304854,0.31223368644714355,0.46596454317133695,odom,episode_start,odom
12.98942682500001,2026-09-13T11:38:17.417516+00:00,1789299497.3875124,0.03000354766845703,-0.008683812051522667,0.016155314793065773,0.31146538257598877,0.4356341656672378,odom,episode_start,odom
13.047219502000189,2026-09-13T11:38:17.475306+00:00,1789299497.467352,0.007954120635986328,-0.010795418432042129,0.019779252608837856,0.31022265553474426,0.400349355945417,odom,episode_start,odom
13.098660890000247,2026-09-13T11:38:17.526750+00:00,1789299497.5078187,0.01893138885498047,-0.012008459454888853,0.02129276522667823,0.30915459990501404,0.38381442644546593,odom,episode_start,odom
13.157420888999695,2026-09-13T11:38:17.585509+00:00,1789299497.57413,0.011379003524780273,-0.011795645195042254,0.024560608140988646,0.30919405817985535,0.3593989935610624,odom,episode_start,odom
13.20977029900041,2026-09-13T11:38:17.637805+00:00,1789299497.6286438,0.009161233901977539,-0.010596917981677006,0.026297368672966705,0.3094533383846283,0.33968592213338894,odom,episode_start,odom
13.268064382000375,2026-09-13T11:38:17.696151+00:00,1789299497.6876643,0.008486747741699219,-0.009617136106632626,0.028196570374684007,0.3097199499607086,0.3170755005134431,odom,episode_start,odom
13.323448371999802,2026-09-13T11:38:17.751532+00:00,1789299497.7274976,0.024034500122070312,-0.009579463676843144,0.02951022597920402,0.3099021017551422,0.3020900276558418,odom,episode_start,odom
13.379422412999702,2026-09-13T11:38:17.807454+00:00,1789299497.7976632,0.009790897369384766,-0.010773508440205505,0.03126412640200214,0.31092339754104614,0.2761536583417527,odom,episode_start,odom
13.43189055000039,2026-09-13T11:38:17.859984+00:00,1789299497.8439658,0.016018152236938477,-0.011775197948090316,0.031198959565462946,0.3111917972564697,0.25269727791157237,odom,episode_start,odom
13.488951600000291,2026-09-13T11:38:17.917040+00:00,1789299497.9074488,0.009591341018676758,-0.011434568173389087,0.030998294234296352,0.3115541636943817,0.22062299184224196,odom,episode_start,odom
13.547715407000396,2026-09-13T11:38:17.975802+00:00,1789299497.940643,0.03515887260437012,-0.011290434686021733,0.030668023930855826,0.31143853068351746,0.20381391933568782,odom,episode_start,odom
13.599148538000009,2026-09-13T11:38:18.027234+00:00,1789299498.0185435,0.008690595626831055,-0.01295144790791411,0.03183532583123396,0.310747355222702,0.16621690544104742,odom,episode_start,odom
13.654006415999902,2026-09-13T11:38:18.082009+00:00,1789299498.074008,0.008001089096069336,-0.01301568102173413,0.03284452755806677,0.31159594655036926,0.13678305847013994,odom,episode_start,odom
13.724134670999774,2026-09-13T11:38:18.152221+00:00,1789299498.1209419,0.03127908706665039,-0.012254401504020108,0.03328709275298556,0.3122236430644989,0.11641038156409689,odom,episode_start,odom
13.791331968000122,2026-09-13T11:38:18.219422+00:00,1789299498.1938708,0.025551319122314453,-0.010768743631067612,0.03235630985388517,0.31153029203414917,0.08324144834436842,odom,episode_start,odom
13.850795717999972,2026-09-13T11:38:18.278840+00:00,1789299498.2706373,0.008202791213989258,-0.009018923212733582,0.03209114379566887,0.31026628613471985,0.0379789897107381,odom,episode_start,odom
13.915149710999685,2026-09-13T11:38:18.343235+00:00,1789299498.3154004,0.027834653854370117,-0.007972010874420654,0.030336266443981925,0.3092494606971741,0.016763825079396,odom,episode_start,odom
13.96586228599972,2026-09-13T11:38:18.393948+00:00,1789299498.3813226,0.012625455856323242,-0.007954822730604976,0.028425656738764942,0.30806824564933777,-0.018275802005964566,odom,episode_start,odom
14.01685862300019,2026-09-13T11:38:18.444960+00:00,1789299498.4175296,0.02743053436279297,-0.007366378951796478,0.027330028109952734,0.3076942563056946,-0.03216715770317924,odom,episode_start,odom
14.068379053999706,2026-09-13T11:38:18.496469+00:00,1789299498.4942465,0.0022225379943847656,-0.005779568055418911,0.02985333425965492,0.30690187215805054,-0.04588040221963574,odom,episode_start,odom
14.13064159500027,2026-09-13T11:38:18.558731+00:00,1789299498.5339148,0.024816274642944336,-0.006099627388244393,0.030810283551392172,0.3067515790462494,-0.03596520871007902,odom,episode_start,odom
14.200812891999703,2026-09-13T11:38:18.628898+00:00,1789299498.5939767,0.03492116928100586,-0.006900697074768757,0.032380162105840125,0.30754753947257996,-0.02362792662239177,odom,episode_start,odom
14.272736678000001,2026-09-13T11:38:18.700825+00:00,1789299498.65394,0.046885013580322266,-0.007585094934303641,0.03271096163834192,0.3076794147491455,-0.017215098826355968,odom,episode_start,odom
14.337893758000064,2026-09-13T11:38:18.765979+00:00,1789299498.7444966,0.021482467651367188,-0.008785106429371484,0.03329587890046935,0.3076954782009125,-0.012960375375511866,odom,episode_start,odom
14.402024824999899,2026-09-13T11:38:18.819479+00:00,1789299498.804042,0.015436887741088867,-0.00948365900787021,0.033582856824911675,0.30772876739501953,-0.010721371957293835,odom,episode_start,odom
14.469092227000147,2026-09-13T11:38:18.897180+00:00,1789299498.8759308,0.02124929428100586,-0.010129097124284335,0.03393183019832248,0.3077962398529053,-0.008408682316224157,odom,episode_start,odom
14.53078887799984,2026-09-13T11:38:18.958880+00:00,1789299498.9313316,0.02754831314086914,-0.010514223410711647,0.034236985660387145,0.3077814280986786,-0.006851084490136383,odom,episode_start,odom
14.585998200000176,2026-09-13T11:38:19.014086+00:00,1789299498.991567,0.02251911163330078,-0.010758886301365522,0.03458632764227623,0.3078484535217285,-0.005198035192022665,odom,episode_start,odom
14.63721019500008,2026-09-13T11:38:19.065298+00:00,1789299499.0472295,0.018068552017211914,-0.01112354871402111,0.03486256172391847,0.30801355838775635,-0.003205750614840852,odom,episode_start,odom
14.693389813999602,2026-09-13T11:38:19.121474+00:00,1789299499.0805287,0.04094529151916504,-0.011397057293041255,0.03507839669822403,0.3080843389034271,-0.001735123918157111,odom,episode_start,odom
14.745747060999747,2026-09-13T11:38:19.173842+00:00,1789299499.1308062,0.04303574562072754,-0.01174471209954242,0.035412745214481754,0.30809229612350464,7.937048338124697e-06,odom,episode_start,odom
14.804092856000352,2026-09-13T11:38:19.232182+00:00,1789299499.2173722,0.014809846878051758,-0.012229122684847282,0.03578683079895039,0.30815690755844116,0.0025854835453404945,odom,episode_start,odom
14.85492658899966,2026-09-13T11:38:19.283019+00:00,1789299499.2704923,0.012526750564575195,-0.012518144676173465,0.03576133620481858,0.3082207143306732,0.0034524180361363843,odom,episode_start,odom
14.913405958999647,2026-09-13T11:38:19.341497+00:00,1789299499.3241768,0.01732015609741211,-0.012730411282125893,0.03576657139597639,0.3082764148712158,0.004328474606576149,odom,episode_start,odom
14.96765266300008,2026-09-13T11:38:19.395744+00:00,1789299499.378473,0.017271041870117188,-0.012818022608295005,0.03575194807896591,0.308273047208786,0.004439111350478253,odom,episode_start,odom
15.018567457000245,2026-09-13T11:38:19.446653+00:00,1789299499.433957,0.012695789337158203,-0.012787041548282061,0.035799796502558025,0.308246910572052,0.004773438045125644,odom,episode_start,odom
15.073138626999935,2026-09-13T11:38:19.501228+00:00,1789299499.4805033,0.020724773406982422,-0.012834934766842929,0.035855434328816674,0.3082491159439087,0.005104372765612597,odom,episode_start,odom
15.125170960000105,2026-09-13T11:38:19.553260+00:00,1789299499.5341218,0.019138336181640625,-0.012902971245948115,0.03586106843124784,0.3082483112812042,0.005274660882063742,odom,episode_start,odom
15.186757266000313,2026-09-13T11:38:19.614848+00:00,1789299499.5938969,0.020951032638549805,-0.01296874839136326,0.035802431693827824,0.30825015902519226,0.00525720874414004,odom,episode_start,odom
15.240333914000075,2026-09-13T11:38:19.668423+00:00,1789299499.6544235,0.013999462127685547,-0.01299935277561675,0.035794696269011134,0.3082410395145416,0.005497764336151123,odom,episode_start,odom
15.299385254000299,2026-09-13T11:38:19.727475+00:00,1789299499.7004938,0.026981115341186523,-0.012989535856949633,0.03577391734061642,0.3082471191883087,0.005390280036141837,odom,episode_start,odom
15.357394773000124,2026-09-13T11:38:19.785485+00:00,1789299499.7805223,0.0049626827239990234,-0.012975295767165437,0.03571840280638345,0.30824875831604004,0.005495363609732796,odom,episode_start,odom
15.413501074999658,2026-09-13T11:38:19.841593+00:00,1789299499.827113,0.014480113983154297,-0.012999987277566356,0.035702189251981396,0.3082496225833893,0.005588184605276769,odom,episode_start,odom
15.48055180099982,2026-09-13T11:38:19.908639+00:00,1789299499.89385,0.01478886604309082,-0.012991047473450536,0.03570341149951529,0.3082504868507385,0.005569713534677723,odom,episode_start,odom
15.539993469000365,2026-09-13T11:38:19.968080+00:00,1789299499.9509249,0.017155170440673828,-0.013009757887642852,0.03563878845390711,0.3082655668258667,0.0055010999768669855,odom,episode_start,odom
15.596704734000014,2026-09-13T11:38:20.024796+00:00,1789299500.0137517,0.01104426383972168,-0.013030218858004565,0.035614559834238294,0.30829697847366333,0.0056020255679809505,odom,episode_start,odom
15.658741625000403,2026-09-13T11:38:20.086833+00:00,1789299500.0603664,0.02646660804748535,-0.01308789993461173,0.0356043941842845,0.30829739570617676,0.005811426794842589,odom,episode_start,odom
15.719796794000104,2026-09-13T11:38:20.147883+00:00,1789299500.1346898,0.013193130493164062,-0.013103913710532383,0.035614689628526174,0.3082868456840515,0.005753618226275848,odom,episode_start,odom
15.78318106200004,2026-09-13T11:38:20.211269+00:00,1789299500.1975014,0.013767480850219727,-0.013137031234559903,0.03554523871748768,0.3082929253578186,0.005706563236491213,odom,episode_start,odom
15.839930760000243,2026-09-13T11:38:20.268018+00:00,1789299500.2638414,0.004176616668701172,-0.013144783113494957,0.03549527911861125,0.308321088552475,0.005782825939815162,odom,episode_start,odom
15.897730695999599,2026-09-13T11:38:20.325823+00:00,1789299500.3037734,0.022049665451049805,-0.013146314111852495,0.03552506267363661,0.3083302974700928,0.005967781859681943,odom,episode_start,odom
15.95559386900004,2026-09-13T11:38:20.383685+00:00,1789299500.3703532,0.013331890106201172,-0.013154105946374204,0.03550661333676555,0.30832552909851074,0.005911777329182577,odom,episode_start,odom
16.01349441900038,2026-09-13T11:38:20.441582+00:00,1789299500.437049,0.004533052444458008,-0.013126924749011028,0.035441209864194356,0.30831047892570496,0.005876967537416179,odom,episode_start,odom
16.06631434799965,2026-09-13T11:38:20.494400+00:00,1789299500.4842255,0.01017451286315918,-0.01317466405155078,0.03541529918380416,0.3083331882953644,0.006087753519280037,odom,episode_start,odom
16.123571404999893,2026-09-13T11:38:20.551659+00:00,1789299500.5437448,0.007914304733276367,-0.013251984301305485,0.03541711108856616,0.3083503544330597,0.006172841178865962,odom,episode_start,odom
16.18319893700027,2026-09-13T11:38:20.611292+00:00,1789299500.5976355,0.013656377792358398,-0.013246813337822034,0.0354371096397506,0.3083471953868866,0.006041616644404613,odom,episode_start,odom
16.254760937000356,2026-09-13T11:38:20.682849+00:00,1789299500.6636665,0.019182443618774414,-0.013278293149418459,0.03535686023968883,0.30836033821105957,0.006071796817556097,odom,episode_start,odom
16.316610648999813,2026-09-13T11:38:20.744704+00:00,1789299500.717118,0.027585983276367188,-0.013327860115396401,0.03531940705034765,0.30838289856910706,0.006124822848002198,odom,episode_start,odom
16.377033269000094,2026-09-13T11:38:20.805122+00:00,1789299500.787114,0.018007993698120117,-0.013397378851865205,0.03535337528350005,0.30835986137390137,0.006098852890317863,odom,episode_start,odom
16.442099492000125,2026-09-13T11:38:20.870181+00:00,1789299500.8536606,0.01652050018310547,-0.01343748078208831,0.035373831910910876,0.3083518147468567,0.006065089648793709,odom,episode_start,odom
16.4935218669998,2026-09-13T11:38:20.921615+00:00,1789299500.8804169,0.041198015213012695,-0.013470488365787542,0.03532793506304757,0.30835941433906555,0.006047531839330933,odom,episode_start,odom
16.55331907300024,2026-09-13T11:38:20.981406+00:00,1789299500.9303212,0.05108475685119629,-0.013464909879209964,0.035268756516036434,0.30837246775627136,0.006132160680083487,odom,episode_start,odom
16.621695826999712,2026-09-13T11:38:21.048402+00:00,1789299501.0108104,0.03759169578552246,-0.01347896490712191,0.0353088548230791,0.308379590511322,0.006235427157284867,odom,episode_start,odom
16.69121066400021,2026-09-13T11:38:21.119301+00:00,1789299501.0869856,0.03231549263000488,-0.013447092587008849,0.03526663983135233,0.3083901107311249,0.005929484344824099,odom,episode_start,odom
16.743727340999612,2026-09-13T11:38:21.171815+00:00,1789299501.1450164,0.026798486709594727,-0.013523901602511362,0.03519960224520224,0.30839720368385315,0.006159768419240708,odom,episode_start,odom
16.805711236000207,2026-09-13T11:38:21.233800+00:00,1789299501.203696,0.03010392189025879,-0.01354559087599071,0.03513609478280713,0.30839645862579346,0.006132809422519259,odom,episode_start,odom
16.85880606000046,2026-09-13T11:38:21.286893+00:00,1789299501.2638736,0.02301931381225586,-0.0135283903159137,0.035225207674115494,0.3083885610103607,0.006413014300999942,odom,episode_start,odom
16.926992337999764,2026-09-13T11:38:21.355077+00:00,1789299501.3374763,0.01760077476501465,-0.013465748924393943,0.03523014766351367,0.3083745837211609,0.006429068072208332,odom,episode_start,odom
16.98608959699959,2026-09-13T11:38:21.414128+00:00,1789299501.4037893,0.010338783264160156,-0.013449397634449058,0.035213314175061045,0.3083747923374176,0.006752758571358486,odom,episode_start,odom
17.038718282000445,2026-09-13T11:38:21.466808+00:00,1789299501.4569807,0.009827375411987305,-0.013485104784158215,0.03527335221660432,0.30837568640708923,0.006981692180284771,odom,episode_start,odom
17.09227287700014,2026-09-13T11:38:21.520364+00:00,1789299501.5105002,0.009863853454589844,-0.013444869883145244,0.0353002557094895,0.3083592355251312,0.007131508315853408,odom,episode_start,odom
17.14314472099977,2026-09-13T11:38:21.571232+00:00,1789299501.56363,0.00760197639465332,-0.01337906412378774,0.035280486965393314,0.3083396553993225,0.007048155356929264,odom,episode_start,odom
17.216101009999875,2026-09-13T11:38:21.644120+00:00,1789299501.6103296,0.03379034996032715,-0.013430779689275994,0.03525269737408671,0.30833888053894043,0.0071314632476517925,odom,episode_start,odom
17.285331828999915,2026-09-13T11:38:21.713418+00:00,1789299501.6838565,0.029561519622802734,-0.013513109664954906,0.0352734497483449,0.30834102630615234,0.007469268364431514,odom,episode_start,odom
17.340801930000453,2026-09-13T11:38:21.768891+00:00,1789299501.7506843,0.01820683479309082,-0.013520565995505463,0.0352852585211722,0.30834922194480896,0.007416780569135417,odom,episode_start,odom
17.42272783699991,2026-09-13T11:38:21.850816+00:00,1789299501.8169973,0.033818721771240234,-0.013464756310361824,0.03525719239128839,0.3083507716655731,0.0074723910642133795,odom,episode_start,odom
17.476354884999637,2026-09-13T11:38:21.904442+00:00,1789299501.8836727,0.020769357681274414,-0.013519019089213512,0.03528240841355789,0.30834487080574036,0.007914258620991266,odom,episode_start,odom
17.52833857099995,2026-09-13T11:38:21.956387+00:00,1789299501.9011278,0.05525922775268555,-0.013562982105749018,0.03529231303649129,0.30834266543388367,0.008030466055068075,odom,episode_start,odom
17.57935935200021,2026-09-13T11:38:22.007449+00:00,1789299501.9986298,0.008819103240966797,-0.013527904046998933,0.03535885911796691,0.30831098556518555,0.008197309942966191,odom,episode_start,odom
17.630187384999772,2026-09-13T11:38:22.058252+00:00,1789299502.0335376,0.02471446990966797,-0.013534395906453013,0.03534023779782901,0.30829790234565735,0.008312775941083705,odom,episode_start,odom
17.6990497959996,2026-09-13T11:38:22.127138+00:00,1789299502.1002955,0.026842355728149414,-0.01359074851788393,0.0353173906034475,0.308319091796875,0.008374817487999842,odom,episode_start,odom
17.76290791199972,2026-09-13T11:38:22.190993+00:00,1789299502.1637805,0.02721261978149414,-0.01360761826411365,0.0353443935142926,0.30831295251846313,0.008432039905551303,odom,episode_start,odom
17.814231493999614,2026-09-13T11:38:22.242319+00:00,1789299502.2336338,0.00868535041809082,-0.013605363273374494,0.03529599598499572,0.30830317735671997,0.008435957814008743,odom,episode_start,odom
17.868886921000012,2026-09-13T11:38:22.296973+00:00,1789299502.2803855,0.016587495803833008,-0.01357951600083461,0.03527958967513394,0.3083210289478302,0.008622421287667326,odom,episode_start,odom
17.938109513999734,2026-09-13T11:38:22.366198+00:00,1789299502.333592,0.03260612487792969,-0.013575764854850505,0.035266587616436196,0.3083278238773346,0.008663799633758629,odom,episode_start,odom
17.996772282000165,2026-09-13T11:38:22.424860+00:00,1789299502.3971536,0.027706384658813477,-0.013564856847301014,0.035315408179835896,0.30831870436668396,0.008696048804765823,odom,episode_start,odom
18.04761618700013,2026-09-13T11:38:22.475702+00:00,1789299502.4602554,0.015446662902832031,-0.013520307499297616,0.03532538715479007,0.3082982301712036,0.00891851494290119,odom,episode_start,odom
18.099189735000436,2026-09-13T11:38:22.527277+00:00,1789299502.500213,0.027064085006713867,-0.013623691899333285,0.03530515470178209,0.30830830335617065,0.009186633728788028,odom,episode_start,odom
18.15620459799993,2026-09-13T11:38:22.584290+00:00,1789299502.576972,0.007318019866943359,-0.01367535951767906,0.03535407699116314,0.3082948327064514,0.009481489425807954,odom,episode_start,odom
18.213431920999938,2026-09-13T11:38:22.641520+00:00,1789299502.6308827,0.010637283325195312,-0.0136516900047758,0.03537210922513326,0.30827876925468445,0.009587828383845975,odom,episode_start,odom
18.28104840299966,2026-09-13T11:38:22.709137+00:00,1789299502.6736834,0.03545355796813965,-0.013609294368756783,0.035358083034502906,0.3082664906978607,0.009615883802910119,odom,episode_start,odom
18.335640178000176,2026-09-13T11:38:22.763728+00:00,1789299502.736918,0.0268099308013916,-0.01368404047841406,0.035322998995346314,0.30827152729034424,0.009694827361334424,odom,episode_start,odom
18.38792455299972,2026-09-13T11:38:22.816016+00:00,1789299502.806771,0.009244918823242188,-0.01368058423512501,0.03536366655947355,0.308269739151001,0.00972832614916097,odom,episode_start,odom
18.45117367199964,2026-09-13T11:38:22.879265+00:00,1789299502.8612542,0.018010854721069336,-0.013697397894494426,0.035382004194178834,0.3082684278488159,0.00980448958361424,odom,episode_start,odom
18.506622009999774,2026-09-13T11:38:22.934711+00:00,1789299502.9171324,0.017578601837158203,-0.013668328727715617,0.03536950056421985,0.30829188227653503,0.00994144520936846,odom,episode_start,odom
18.562159025000255,2026-09-13T11:38:22.990246+00:00,1789299502.9704266,0.01981949806213379,-0.013745445104253642,0.03532967968911132,0.3082936704158783,0.009973019947699724,odom,episode_start,odom
18.618296745999942,2026-09-13T11:38:23.046383+00:00,1789299503.0376787,0.008704185485839844,-0.013763604923447572,0.03536647311319713,0.30829599499702454,0.010027880826923186,odom,episode_start,odom
18.67137258999992,2026-09-13T11:38:23.099451+00:00,1789299503.083401,0.016050100326538086,-0.013742805769043928,0.03537189830401854,0.3082864284515381,0.009926488068011441,odom,episode_start,odom
18.73807205600042,2026-09-13T11:38:23.166155+00:00,1789299503.1368918,0.02926325798034668,-0.013648219839277161,0.03534880301141569,0.30827561020851135,0.009853019076163205,odom,episode_start,odom
18.79353623299994,2026-09-13T11:38:23.221627+00:00,1789299503.2103684,0.011258602142333984,-0.013666482575777721,0.035297107523226255,0.3082791864871979,0.009902828258708585,odom,episode_start,odom
18.84510859599959,2026-09-13T11:38:23.273146+00:00,1789299503.2701013,0.003044605255126953,-0.013717929742954703,0.03531906509551138,0.30827781558036804,0.009926090444042579,odom,episode_start,odom
18.906991296999877,2026-09-13T11:38:23.335081+00:00,1789299503.30039,0.03469109535217285,-0.013716078379037253,0.03534214827694675,0.30828437209129333,0.009887753596119932,odom,episode_start,odom
18.96827463400041,2026-09-13T11:38:23.396364+00:00,1789299503.383495,0.012868881225585938,-0.013648632797690078,0.03533659234872779,0.3082710802555084,0.010007623471028237,odom,episode_start,odom
19.0221965439996,2026-09-13T11:38:23.450285+00:00,1789299503.4336407,0.01664423942565918,-0.013662915498803453,0.03534497530434675,0.30826082825660706,0.01024555111906067,odom,episode_start,odom
19.076188506000108,2026-09-13T11:38:23.504280+00:00,1789299503.4935815,0.010698556900024414,-0.013772481418670452,0.03541526565804305,0.30825743079185486,0.010440714617432123,odom,episode_start,odom
19.13119777599968,2026-09-13T11:38:23.559287+00:00,1789299503.5471,0.012187004089355469,-0.013739369453795463,0.03545922472855339,0.30826422572135925,0.010695020196507476,odom,episode_start,odom
19.18773104000047,2026-09-13T11:38:23.615786+00:00,1789299503.6039295,0.011856555938720703,-0.013709984910097062,0.035400023151080685,0.30826693773269653,0.010580193680438608,odom,episode_start,odom
19.246499029000006,2026-09-13T11:38:23.674589+00:00,1789299503.656849,0.01774001121520996,-0.013663134609936855,0.03534740925216979,0.3082678020000458,0.01053262686725831,odom,episode_start,odom
19.306376683000053,2026-09-13T11:38:23.734463+00:00,1789299503.7267973,0.0076656341552734375,-0.013471501431908403,0.03459359430532588,0.30830907821655273,0.017460927780365232,odom,episode_start,odom
19.36708843500037,2026-09-13T11:38:23.795178+00:00,1789299503.7700233,0.025154590606689453,-0.014859787646604873,0.0346452285996621,0.30918577313423157,0.03725445767838664,odom,episode_start,odom
19.421899932999622,2026-09-13T11:38:23.849936+00:00,1789299503.8371239,0.012812137603759766,-0.015231902566523365,0.03530868520416382,0.3090435564517975,0.06364293712528557,odom,episode_start,odom
19.476845488000436,2026-09-13T11:38:23.904934+00:00,1789299503.8904495,0.014484405517578125,-0.01526948418140385,0.03627756512011694,0.3092785179615021,0.08211100139659265,odom,episode_start,odom
19.5304975250001,2026-09-13T11:38:23.958588+00:00,1789299503.9300141,0.02857375144958496,-0.015098066351642537,0.03711153374577604,0.30946123600006104,0.09583497571471145,odom,episode_start,odom
19.597196095000072,2026-09-13T11:38:24.025282+00:00,1789299503.9833953,0.04188656806945801,-0.01471032149397666,0.0389466867487599,0.3090129494667053,0.11398616981583598,odom,episode_start,odom
19.66483452600005,2026-09-13T11:38:24.092914+00:00,1789299504.066795,0.026118993759155273,-0.013706688717089958,0.040852112383174856,0.3086073100566864,0.14047969032584917,odom,episode_start,odom
19.742330244000186,2026-09-13T11:38:24.170395+00:00,1789299504.1279995,0.04239535331726074,-0.01283823103983452,0.04192166052648843,0.3085809051990509,0.1591465149585194,odom,episode_start,odom
19.803411967999637,2026-09-13T11:38:24.231499+00:00,1789299504.2001019,0.031397104263305664,-0.011935941624439618,0.04296653115623979,0.30893105268478394,0.18019161344581547,odom,episode_start,odom
19.854192857999806,2026-09-13T11:38:24.282286+00:00,1789299504.2666864,0.015599489212036133,-0.010953527565425862,0.04389354029137864,0.30886247754096985,0.19978220217936893,odom,episode_start,odom
19.907166805999623,2026-09-13T11:38:24.335257+00:00,1789299504.3233924,0.011864662170410156,-0.01021970823983566,0.04448211202910464,0.3087758719921112,0.21550131963958008,odom,episode_start,odom
19.969269965999956,2026-09-13T11:38:24.397357+00:00,1789299504.383439,0.013917922973632812,-0.009429758416863436,0.045087307450316604,0.3089657425880432,0.2320079447721657,odom,episode_start,odom
20.030462159999843,2026-09-13T11:38:24.458552+00:00,1789299504.4176097,0.04094219207763672,-0.009066011285439487,0.045404498089715035,0.3088798522949219,0.24011910474000908,odom,episode_start,odom
20.085274201000175,2026-09-13T11:38:24.513364+00:00,1789299504.4813807,0.031983375549316406,-0.008158531277037015,0.0462372860338137,0.3086684048175812,0.257543842759417,odom,episode_start,odom
20.144336348999786,2026-09-13T11:38:24.572414+00:00,1789299504.5541346,0.018279314041137695,-0.007349384596274989,0.047292074241270105,0.3083997666835785,0.27527054615732927,odom,episode_start,odom
20.2087201559998,2026-09-13T11:38:24.636818+00:00,1789299504.626617,0.010200977325439453,-0.0071863156728714855,0.04812474244518312,0.30820611119270325,0.29078443889159367,odom,episode_start,odom
20.26016143800007,2026-09-13T11:38:24.688250+00:00,1789299504.680559,0.007691144943237305,-0.006689123552474319,0.04830763810515766,0.3079449236392975,0.3010246594523218,odom,episode_start,odom
20.32074076400022,2026-09-13T11:38:24.748827+00:00,1789299504.733515,0.015311956405639648,-0.006257037894587177,0.047862073274374035,0.307956725358963,0.3120157626741888,odom,episode_start,odom
20.382481982000172,2026-09-13T11:38:24.810573+00:00,1789299504.7933762,0.0171968936920166,-0.005839530461869649,0.04723541964834045,0.30807578563690186,0.32516890207543137,odom,episode_start,odom
20.445628403999763,2026-09-13T11:38:24.873718+00:00,1789299504.8399749,0.03374314308166504,-0.005352823492890563,0.046246081986635997,0.30824175477027893,0.34020016105700424,odom,episode_start,odom
20.504527279000285,2026-09-13T11:38:24.932619+00:00,1789299504.9065814,0.02603769302368164,-0.0046702589819726074,0.04537152304953986,0.3082539439201355,0.3579417789035213,odom,episode_start,odom
20.56954299500012,2026-09-13T11:38:24.997633+00:00,1789299504.969895,0.027738094329833984,-0.003957026974726727,0.04500372038749107,0.30790919065475464,0.3743873020225721,odom,episode_start,odom
20.630287832999784,2026-09-13T11:38:25.058376+00:00,1789299505.0432315,0.015144586563110352,-0.0028142026407759705,0.04529311641932564,0.3075786530971527,0.3942811319794617,odom,episode_start,odom
20.684619556000143,2026-09-13T11:38:25.112708+00:00,1789299505.100057,0.012651205062866211,-0.0020294272308811574,0.04587783275372553,0.3074042797088623,0.4078118465729215,odom,episode_start,odom
20.73669959400013,2026-09-13T11:38:25.164791+00:00,1789299505.159955,0.004836082458496094,-0.001209519139245092,0.04661085658308944,0.3072729706764221,0.42277186171774717,odom,episode_start,odom
20.789123876000303,2026-09-13T11:38:25.217211+00:00,1789299505.1999655,0.01724553108215332,-0.000789624485808548,0.04695116204565747,0.30722567439079285,0.4344325108855942,odom,episode_start,odom
20.839740850999988,2026-09-13T11:38:25.267830+00:00,1789299505.2469,0.020929813385009766,-0.0004188948344083518,0.047149345380160586,0.3071439862251282,0.4467874217779792,odom,episode_start,odom
20.891425122000328,2026-09-13T11:38:25.319510+00:00,1789299505.3091269,0.010383129119873047,-7.869742430492536e-05,0.04716446216159776,0.3067619204521179,0.4626324071708073,odom,episode_start,odom
20.947762146999594,2026-09-13T11:38:25.375851+00:00,1789299505.3566048,0.01924610137939453,2.6088501548895797e-05,0.04685262471658167,0.306521475315094,0.4731752987439216,odom,episode_start,odom
21.005204453999795,2026-09-13T11:38:25.433295+00:00,1789299505.4099011,0.023393869400024414,0.00033565119972738845,0.04658800910958669,0.3064686059951782,0.49033242816771083,odom,episode_start,odom
21.066596818000107,2026-09-13T11:38:25.494136+00:00,1789299505.483423,0.01071310043334961,0.0011305232903806792,0.04654826454405871,0.30636605620384216,0.5138522072569672,odom,episode_start,odom
21.15464983000038,2026-09-13T11:38:25.582739+00:00,1789299505.5199082,0.06283092498779297,0.0015469391588241923,0.04484264977754577,0.3058730661869049,0.5165339741445697,odom,episode_start,odom
21.21271425299983,2026-09-13T11:38:25.640801+00:00,1789299505.6280084,0.012792587280273438,-0.0006783314314671163,0.04186077019073219,0.3054637014865875,0.5036798279041729,odom,episode_start,odom
21.267325896999864,2026-09-13T11:38:25.695415+00:00,1789299505.6798892,0.01552581787109375,-0.001996384023372681,0.042344663418149395,0.30447816848754883,0.4998720803880241,odom,episode_start,odom
21.324322608999864,2026-09-13T11:38:25.752412+00:00,1789299505.7465255,0.005886554718017578,-0.0039032742205029735,0.043370856080804536,0.30453160405158997,0.4952134817427968,odom,episode_start,odom
21.38557861299978,2026-09-13T11:38:25.813670+00:00,1789299505.8000605,0.01360940933227539,-0.005542797701374257,0.044054803937423476,0.30470120906829834,0.4941024440151212,odom,episode_start,odom
21.444899942999655,2026-09-13T11:38:25.872989+00:00,1789299505.8664646,0.006524324417114258,-0.007377119650181846,0.04451609074878672,0.3047769367694855,0.49257839263377545,odom,episode_start,odom
21.501970772000277,2026-09-13T11:38:25.929992+00:00,1789299505.9199722,0.010019779205322266,-0.008487619815867157,0.04450283665077552,0.3048604726791382,0.49089201408949734,odom,episode_start,odom
21.562182169999687,2026-09-13T11:38:25.990271+00:00,1789299505.9666324,0.02363872528076172,-0.00943618369470579,0.04429524218593075,0.304894357919693,0.48894644127850473,odom,episode_start,odom
21.61613834899981,2026-09-13T11:38:26.044228+00:00,1789299506.0298994,0.014328718185424805,-0.010308652077807904,0.044108844968035174,0.3049646019935608,0.4871137304264681,odom,episode_start,odom
21.68398542900013,2026-09-13T11:38:26.112075+00:00,1789299506.0769906,0.03508448600769043,-0.01062878844710987,0.04405812621191604,0.30498090386390686,0.48577426738593676,odom,episode_start,odom
21.760864625999602,2026-09-13T11:38:26.188950+00:00,1789299506.1605856,0.02836441993713379,-0.010883853645885322,0.044136602919800004,0.30500614643096924,0.48417874538036343,odom,episode_start,odom
21.819412564999766,2026-09-13T11:38:26.247498+00:00,1789299506.2368128,0.010685205459594727,-0.011274038797252705,0.044214918440425584,0.30504611134529114,0.48260240308172975,odom,episode_start,odom
21.87627877199975,2026-09-13T11:38:26.304364+00:00,1789299506.276548,0.027816057205200195,-0.011436097482768129,0.04435925183230054,0.3050996959209442,0.4819381760513338,odom,episode_start,odom
21.93026541600011,2026-09-13T11:38:26.358354+00:00,1789299506.352299,0.006055116653442383,-0.011704869200959967,0.04458816840442783,0.30519217252731323,0.4806191390232379,odom,episode_start,odom
21.981279470000118,2026-09-13T11:38:26.409364+00:00,1789299506.396604,0.012759923934936523,-0.011801848551902796,0.044648616724313236,0.3052369952201843,0.4799571518369503,odom,episode_start,odom
22.03837887499958,2026-09-13T11:38:26.466465+00:00,1789299506.4464896,0.01997542381286621,-0.012062998087038198,0.044629295013863715,0.30526450276374817,0.4790159945289766,odom,episode_start,odom
22.0952102629999,2026-09-13T11:38:26.523297+00:00,1789299506.5066645,0.016632556915283203,-0.012281101899115281,0.044657668579960265,0.3053048551082611,0.4784257024031716,odom,episode_start,odom
22.154943456000183,2026-09-13T11:38:26.583032+00:00,1789299506.5465221,0.03650975227355957,-0.012408882931185078,0.04469525632889042,0.30532726645469666,0.47791803299501034,odom,episode_start,odom
22.211293151999598,2026-09-13T11:38:26.639382+00:00,1789299506.633884,0.005497932434082031,-0.012572560864960145,0.044894156039009266,0.30536991357803345,0.47626786646967123,odom,episode_start,odom
22.27656487999957,2026-09-13T11:38:26.704655+00:00,1789299506.670889,0.03376603126525879,-0.012596910542714203,0.04498323450900713,0.3053775131702423,0.47606295473036697,odom,episode_start,odom
22.347417033000056,2026-09-13T11:38:26.775488+00:00,1789299506.7264793,0.04900860786437988,-0.012754026707470785,0.04506630902646943,0.3054099380970001,0.4756936513291372,odom,episode_start,odom
22.400620303999858,2026-09-13T11:38:26.828710+00:00,1789299506.8064375,0.022272586822509766,-0.013010018953664843,0.044999167804338505,0.30542197823524475,0.47489817483624686,odom,episode_start,odom
22.456422512000245,2026-09-13T11:38:26.884509+00:00,1789299506.859832,0.024677038192749023,-0.013066728113803654,0.04501316366839364,0.3054977357387543,0.4746841567901636,odom,episode_start,odom
22.508852777000357,2026-09-13T11:38:26.936937+00:00,1789299506.9134166,0.023520469665527344,-0.013167588678110438,0.04498610392658955,0.30550163984298706,0.47401976470171614,odom,episode_start,odom
22.561372742999993,2026-09-13T11:38:26.989466+00:00,1789299506.9634368,0.026029109954833984,-0.013233797717116667,0.04500736899951716,0.30555227398872375,0.47363465736095745,odom,episode_start,odom
22.614665778000017,2026-09-13T11:38:27.042690+00:00,1789299507.0263796,0.016310453414916992,-0.013296706538413534,0.04512583883832036,0.30559226870536804,0.47307777923916494,odom,episode_start,odom
22.669838603000244,2026-09-13T11:38:27.097928+00:00,1789299507.0931222,0.004805803298950195,-0.013444997505178198,0.04514473585343129,0.3056248724460602,0.4724021441619928,odom,episode_start,odom
22.725190862999625,2026-09-13T11:38:27.153280+00:00,1789299507.1386962,0.014583826065063477,-0.013490674348551173,0.04515895564312556,0.3056483864784241,0.47227645632319226,odom,episode_start,odom
22.786064633000024,2026-09-13T11:38:27.214147+00:00,1789299507.1914876,0.0226595401763916,-0.013568154396324245,0.045159105216743906,0.3056759536266327,0.4719918914564455,odom,episode_start,odom
22.84056369100017,2026-09-13T11:38:27.268654+00:00,1789299507.250028,0.01862621307373047,-0.013653117155197918,0.045208584429250936,0.3057202100753784,0.4717371605036985,odom,episode_start,odom
22.897947942999963,2026-09-13T11:38:27.326021+00:00,1789299507.2766364,0.04938459396362305,-0.013650374655014095,0.04520750011572274,0.3057243824005127,0.47146005903082433,odom,episode_start,odom
22.95967568299966,2026-09-13T11:38:27.387766+00:00,1789299507.3431103,0.044655561447143555,-0.013646718881459251,0.04522240821053374,0.3057098984718323,0.4711240283720073,odom,episode_start,odom
23.011468212999716,2026-09-13T11:38:27.439553+00:00,1789299507.4272344,0.012318611145019531,-0.013694670743117456,0.04526987693112266,0.30573102831840515,0.47117795175690547,odom,episode_start,odom
23.06479456099987,2026-09-13T11:38:27.492878+00:00,1789299507.4663622,0.026515722274780273,-0.013725530297818582,0.045288389328671054,0.3057508170604706,0.47101766469475725,odom,episode_start,odom
23.130418435000138,2026-09-13T11:38:27.558502+00:00,1789299507.533183,0.02531886100769043,-0.013695150137172558,0.04526488993769167,0.305726557970047,0.47098831884296877,odom,episode_start,odom
23.19583996199981,2026-09-13T11:38:27.623930+00:00,1789299507.579874,0.044055938720703125,-0.013687784836100378,0.04526511800781882,0.305728942155838,0.4711197225021523,odom,episode_start,odom
23.251830915000028,2026-09-13T11:38:27.679920+00:00,1789299507.5965843,0.08333563804626465,-0.013703246553153515,0.04528640323212626,0.30573025345802307,0.4711323955609655,odom,episode_start,odom
23.313760300000467,2026-09-13T11:38:27.741850+00:00,1789299507.6564643,0.08538556098937988,-0.013731673971621821,0.04532239056846945,0.30575090646743774,0.4710220251983257,odom,episode_start,odom
23.384691399000076,2026-09-13T11:38:27.812772+00:00,1789299507.7499027,0.06286931037902832,-0.013734135267980948,0.04532969057547197,0.305776983499527,0.4708946795409642,odom,episode_start,odom
23.439707094999903,2026-09-13T11:38:27.867796+00:00,1789299507.8129823,0.05481362342834473,-0.01383733214941282,0.045249068818273376,0.30574241280555725,0.47097128724736015,odom,episode_start,odom
23.51467712199974,2026-09-13T11:38:27.942766+00:00,1789299507.893415,0.04935097694396973,-0.013861722105598252,0.04531193855301226,0.3057706654071808,0.4709281576804611,odom,episode_start,odom
23.573894922000363,2026-09-13T11:38:28.001983+00:00,1789299507.9766607,0.02532219886779785,-0.01381688276836289,0.04535819405914203,0.3057782053947449,0.47069084378036075,odom,episode_start,odom
23.659593162999954,2026-09-13T11:38:28.087675+00:00,1789299508.0406575,0.047017574310302734,-0.01383124302342352,0.045322817002961605,0.30577829480171204,0.47086611562954683,odom,episode_start,odom
23.72210222800004,2026-09-13T11:38:28.150185+00:00,1789299508.1100934,0.040091753005981445,-0.013880487514282969,0.04536324185498167,0.3058071434497833,0.4706722544515002,odom,episode_start,odom
23.802448249000008,2026-09-13T11:38:28.230543+00:00,1789299508.1998575,0.0306854248046875,-0.013777655173114814,0.045372484527923876,0.3057954013347626,0.4706196928106342,odom,episode_start,odom
23.860149445999923,2026-09-13T11:38:28.288243+00:00,1789299508.2530258,0.03521728515625,-0.013724723862354871,0.04535129259136351,0.30577191710472107,0.47068433491495,odom,episode_start,odom
23.918627615999867,2026-09-13T11:38:28.346719+00:00,1789299508.3286953,0.01802372932434082,-0.01384557123927608,0.04533721838005779,0.3057739734649658,0.47066583774666093,odom,episode_start,odom
23.97732551199988,2026-09-13T11:38:28.405412+00:00,1789299508.3934503,0.011961698532104492,-0.013899056842295855,0.0453883051520072,0.3058217763900757,0.4704329291320719,odom,episode_start,odom
24.049565839000024,2026-09-13T11:38:28.477656+00:00,1789299508.4195359,0.058120012283325195,-0.013859293096114677,0.045386651953443775,0.30581337213516235,0.47042714183432116,odom,episode_start,odom
24.10660331700001,2026-09-13T11:38:28.534695+00:00,1789299508.5064998,0.02819514274597168,-0.013817009410477036,0.04538586785354757,0.30580034852027893,0.4705810014531482,odom,episode_start,odom
24.158596561000195,2026-09-13T11:38:28.586688+00:00,1789299508.5833187,0.0033693313598632812,-0.013827981644604654,0.04543108972311515,0.30583295226097107,0.47037118019949503,odom,episode_start,odom
24.213390386000356,2026-09-13T11:38:28.641488+00:00,1789299508.6229975,0.01849055290222168,-0.01380193151603876,0.045455300399920094,0.30583804845809937,0.4703603680343045,odom,episode_start,odom
24.26442562200009,2026-09-13T11:38:28.692515+00:00,1789299508.6631012,0.029413700103759766,-0.013759182234721862,0.04545758115094434,0.3058398962020874,0.47052799665694844,odom,episode_start,odom
24.316431283000384,2026-09-13T11:38:28.744517+00:00,1789299508.7165241,0.027992963790893555,-0.01377484891735958,0.04541323808368454,0.3058098554611206,0.4704853750298435,odom,episode_start,odom
24.368336681999608,2026-09-13T11:38:28.796424+00:00,1789299508.7775352,0.01888871192932129,-0.013826046150396745,0.04544117499034079,0.3058210611343384,0.4703993560202354,odom,episode_start,odom
24.423217679999652,2026-09-13T11:38:28.851304+00:00,1789299508.8264031,0.02490091323852539,-0.013852074365197226,0.04546121267838408,0.3058268129825592,0.47022205339784284,odom,episode_start,odom
24.48913408200042,2026-09-13T11:38:28.917221+00:00,1789299508.8908114,0.026409626007080078,-0.013798600574828467,0.04549911098917998,0.3058392107486725,0.4703554412802717,odom,episode_start,odom
24.542748670000037,2026-09-13T11:38:28.970838+00:00,1789299508.9631963,0.007641792297363281,-0.013805970095017795,0.045448860309251805,0.3058207631111145,0.47038492503920093,odom,episode_start,odom
24.59609562500009,2026-09-13T11:38:29.024184+00:00,1789299509.010181,0.01400303840637207,-0.013790938038163426,0.04546659227983719,0.30582761764526367,0.4704035340722788,odom,episode_start,odom
24.6478622300001,2026-09-13T11:38:29.075952+00:00,1789299509.0697603,0.006191730499267578,-0.013745880706490821,0.045530856145871317,0.30583062767982483,0.47020112858786123,odom,episode_start,odom
24.70369499499975,2026-09-13T11:38:29.131784+00:00,1789299509.1096268,0.02215719223022461,-0.013755605702322638,0.045523244385129655,0.3058208227157593,0.4701639633313754,odom,episode_start,odom
24.75527819800027,2026-09-13T11:38:29.183367+00:00,1789299509.1729345,0.01043248176574707,-0.013766361927737843,0.04549556738934575,0.30582255125045776,0.4703732208815854,odom,episode_start,odom
24.81709640400004,2026-09-13T11:38:29.245187+00:00,1789299509.2276616,0.017525434494018555,-0.013801988942934454,0.045488496445332795,0.30582529306411743,0.4704521935716709,odom,episode_start,odom
24.87937844499993,2026-09-13T11:38:29.307466+00:00,1789299509.2629182,0.04454779624938965,-0.01384093188476387,0.04548090220565291,0.30583062767982483,0.47020665871914885,odom,episode_start,odom
24.943188960999578,2026-09-13T11:38:29.371279+00:00,1789299509.3561947,0.015084266662597656,-0.013739265654516556,0.04552132313597605,0.30581045150756836,0.4701443844214785,odom,episode_start,odom
24.99500513699968,2026-09-13T11:38:29.423092+00:00,1789299509.3994482,0.02364373207092285,-0.013721872339527937,0.045517819566357594,0.3058154284954071,0.4703044705964775,odom,episode_start,odom
25.051010455999858,2026-09-13T11:38:29.479100+00:00,1789299509.4731643,0.0059356689453125,-0.013733973061887547,0.045541786587945686,0.3058236837387085,0.47024334489155106,odom,episode_start,odom
25.12512013899959,2026-09-13T11:38:29.553208+00:00,1789299509.5296419,0.023566246032714844,-0.013704442865719597,0.04555230958100693,0.3058336079120636,0.470137218550288,odom,episode_start,odom
25.187483849000273,2026-09-13T11:38:29.615574+00:00,1789299509.6040568,0.011517047882080078,-0.013688082567028212,0.045561448468710075,0.30582675337791443,0.4702135749366207,odom,episode_start,odom
25.24015098699965,2026-09-13T11:38:29.668236+00:00,1789299509.6629298,0.005306243896484375,-0.01375399047416916,0.04554227037470442,0.305848628282547,0.47024142322448687,odom,episode_start,odom
25.298977049000314,2026-09-13T11:38:29.727067+00:00,1789299509.7094638,0.017603158950805664,-0.013737827149506533,0.04559400311353336,0.30585038661956787,0.47018201446619723,odom,episode_start,odom
25.354298647999713,2026-09-13T11:38:29.782391+00:00,1789299509.7761638,0.006227254867553711,-0.013760313204013656,0.04560900275913032,0.305853009223938,0.47004656234832687,odom,episode_start,odom
25.407855567000297,2026-09-13T11:38:29.835942+00:00,1789299509.829541,0.00640106201171875,-0.013775508285141121,0.04558503946022816,0.3058455288410187,0.47010013976810194,odom,episode_start,odom
25.460966763000215,2026-09-13T11:38:29.889057+00:00,1789299509.8742962,0.014760732650756836,-0.01377190313879954,0.04557229721289728,0.30586573481559753,0.47034983778338213,odom,episode_start,odom
25.51284547100022,2026-09-13T11:38:29.940686+00:00,1789299509.9330015,0.007684469223022461,-0.013798092044975313,0.04560702641597883,0.3058805465698242,0.46998621628461346,odom,episode_start,odom
25.566463993999605,2026-09-13T11:38:29.994551+00:00,1789299509.990136,0.004415035247802734,-0.0137438146982246,0.045633274610393265,0.3058597445487976,0.46986595140229276,odom,episode_start,odom
25.618733506999888,2026-09-13T11:38:30.046825+00:00,1789299510.0395687,0.007256269454956055,-0.013740944885908934,0.045592251117823085,0.3058536648750305,0.4697904793158495,odom,episode_start,odom
25.670998251999663,2026-09-13T11:38:30.099089+00:00,1789299510.0960245,0.003064393997192383,-0.013792613819961842,0.04553800079731185,0.3058410584926605,0.46974390811204025,odom,episode_start,odom
25.72371614399981,2026-09-13T11:38:30.151799+00:00,1789299510.1336718,0.0181272029876709,-0.013782090950734344,0.04557436652149923,0.30585208535194397,0.46992248482946064,odom,episode_start,odom
25.782646114000272,2026-09-13T11:38:30.210736+00:00,1789299510.1971428,0.013593196868896484,-0.013793070084049886,0.04561862731981155,0.3058825135231018,0.4697757604621914,odom,episode_start,odom
25.838273649000257,2026-09-13T11:38:30.264242+00:00,1789299510.256317,0.007925033569335938,-0.013745499364935763,0.045612814831356825,0.3058815598487854,0.46990129582833595,odom,episode_start,odom
25.893583502000183,2026-09-13T11:38:30.321673+00:00,1789299510.3162332,0.00543975830078125,-0.013772362728647802,0.04558654727941401,0.30587640404701233,0.47011001337024416,odom,episode_start,odom
25.959955510000327,2026-09-13T11:38:30.387963+00:00,1789299510.3661785,0.021784543991088867,-0.013806434399318173,0.04567667144738881,0.30589818954467773,0.4699316891343584,odom,episode_start,odom
26.01417800299987,2026-09-13T11:38:30.442267+00:00,1789299510.4030688,0.03919816017150879,-0.013797579618849733,0.04570724545531434,0.30589863657951355,0.46986637455755575,odom,episode_start,odom
26.09645789299975,2026-09-13T11:38:30.524542+00:00,1789299510.4830475,0.04149460792541504,-0.013767915881379714,0.0456910557252253,0.3058852255344391,0.4699292009402614,odom,episode_start,odom
26.170843015000173,2026-09-13T11:38:30.597641+00:00,1789299510.5601614,0.03747963905334473,-0.013761060127351359,0.04566561813509086,0.30586424469947815,0.4700200665000047,odom,episode_start,odom
26.241607986000417,2026-09-13T11:38:30.669694+00:00,1789299510.647029,0.022665023803710938,-0.013781203958407885,0.045689687254709656,0.30586910247802734,0.4697514121232387,odom,episode_start,odom
26.307803984999737,2026-09-13T11:38:30.735893+00:00,1789299510.7163012,0.019591808319091797,-0.01374093533097849,0.04567185402969775,0.305854469537735,0.46960971984092825,odom,episode_start,odom
26.381962915999793,2026-09-13T11:38:30.810033+00:00,1789299510.790745,0.019288063049316406,-0.013761728132378161,0.04561375937441272,0.3058386445045471,0.4698552619965603,odom,episode_start,odom
26.43317361499976,2026-09-13T11:38:30.861260+00:00,1789299510.843429,0.017830848693847656,-0.013770639123540651,0.04565774656298232,0.3058672845363617,0.4698564289977828,odom,episode_start,odom
26.487742784000147,2026-09-13T11:38:30.915832+00:00,1789299510.896384,0.019448041915893555,-0.013783519577969205,0.04563900845308095,0.305876225233078,0.4695416541245776,odom,episode_start,odom
26.548489693000192,2026-09-13T11:38:30.976571+00:00,1789299510.959595,0.016976118087768555,-0.013737572102892646,0.0456336512115236,0.305851012468338,0.4696062285592213,odom,episode_start,odom
26.600677184999768,2026-09-13T11:38:31.028642+00:00,1789299510.9993267,0.02931523323059082,-0.0137373421962989,0.045624481947492496,0.30584484338760376,0.469607966695027,odom,episode_start,odom
26.653514442000414,2026-09-13T11:38:31.081602+00:00,1789299511.0577204,0.02388167381286621,-0.01377235550661516,0.045645227347933644,0.3058367967605591,0.46964318376308933,odom,episode_start,odom
26.70492495899998,2026-09-13T11:38:31.133016+00:00,1789299511.1259913,0.0070247650146484375,-0.01372318291104494,0.045648341783452194,0.3058696389198303,0.46940633952696675,odom,episode_start,odom
26.75661142900026,2026-09-13T11:38:31.184700+00:00,1789299511.156054,0.028645992279052734,-0.01368456534774402,0.04563120798186209,0.3058721423149109,0.4694342592444251,odom,episode_start,odom
26.814534361999904,2026-09-13T11:38:31.242624+00:00,1789299511.2296832,0.01294088363647461,-0.01367476267413121,0.045616683834047815,0.30587470531463623,0.4696133720618469,odom,episode_start,odom
26.868257111000275,2026-09-13T11:38:31.296345+00:00,1789299511.2759712,0.020373821258544922,-0.013716197859159915,0.045673872239531614,0.30590546131134033,0.46939433572193756,odom,episode_start,odom
26.924734487000023,2026-09-13T11:38:31.352812+00:00,1789299511.3427691,0.010042905807495117,-0.01376920640102239,0.04570902316155697,0.3059125244617462,0.4693565640851123,odom,episode_start,odom
26.982582024000294,2026-09-13T11:38:31.410672+00:00,1789299511.4061751,0.00449681282043457,-0.013711304873246436,0.045692224094414834,0.3058944642543793,0.4693196276242682,odom,episode_start,odom
27.03564435000044,2026-09-13T11:38:31.463733+00:00,1789299511.4593244,0.004408597946166992,-0.013672918556574654,0.04570879032612872,0.30588215589523315,0.46949122268053234,odom,episode_start,odom
27.08920580999984,2026-09-13T11:38:31.517296+00:00,1789299511.5059986,0.011297464370727539,-0.013692700503109986,0.0457255966893845,0.305888831615448,0.469419446101222,odom,episode_start,odom
27.148493495000366,2026-09-13T11:38:31.575803+00:00,1789299511.559368,0.01643514633178711,-0.013754484708119031,0.04574531438446533,0.3059066832065582,0.46906905150232525,odom,episode_start,odom
27.21557543200015,2026-09-13T11:38:31.643664+00:00,1789299511.6193297,0.024334192276000977,-0.013745801067313252,0.045727330841736386,0.3058948218822479,0.46897580359749547,odom,episode_start,odom
27.26732545699997,2026-09-13T11:38:31.695413+00:00,1789299511.6595466,0.035866498947143555,-0.01374206438972269,0.04572467202516456,0.3058900833129883,0.46900844731487434,odom,episode_start,odom
27.33725985000001,2026-09-13T11:38:31.765343+00:00,1789299511.739394,0.02594900131225586,-0.013751401690995473,0.04574634948544477,0.3058875799179077,0.46893875252549766,odom,episode_start,odom
27.388359980999667,2026-09-13T11:38:31.816449+00:00,1789299511.8093755,0.007073402404785156,-0.013795725252016784,0.0457389860954683,0.30587562918663025,0.468769005272188,odom,episode_start,odom
27.447100626000065,2026-09-13T11:38:31.875191+00:00,1789299511.8636148,0.011576175689697266,-0.013811741584174472,0.04573244715790041,0.305871844291687,0.4688861006810622,odom,episode_start,odom
27.510748663999948,2026-09-13T11:38:31.938838+00:00,1789299511.912631,0.02620697021484375,-0.01381024096214489,0.04568607339758993,0.3058624863624573,0.46902616842607303,odom,episode_start,odom
27.565978925999843,2026-09-13T11:38:31.994069+00:00,1789299511.9792142,0.014854907989501953,-0.013831658734891979,0.04574277801631499,0.3059123456478119,0.4688560250883247,odom,episode_start,odom
27.633078910000222,2026-09-13T11:38:32.061166+00:00,1789299512.0428827,0.018283367156982422,-0.01377083545187997,0.04581577840863684,0.3059428334236145,0.46877904513577173,odom,episode_start,odom
27.693957280000177,2026-09-13T11:38:32.122022+00:00,1789299512.1094682,0.012553691864013672,-0.013755801831650979,0.045804891148403866,0.30590957403182983,0.46892317456816396,odom,episode_start,odom
27.748964102999707,2026-09-13T11:38:32.177054+00:00,1789299512.1738355,0.003218412399291992,-0.013768893281823371,0.04583091320866323,0.30591902136802673,0.46899321073354383,odom,episode_start,odom
27.800389467999594,2026-09-13T11:38:32.228488+00:00,1789299512.2059247,0.02256321907043457,-0.013810815306279048,0.0458285230137419,0.30592507123947144,0.46892206205576575,odom,episode_start,odom
27.87801256700004,2026-09-13T11:38:32.306017+00:00,1789299512.2739434,0.0320734977722168,-0.01376807860713635,0.045870246773338064,0.3059374988079071,0.46872719472638263,odom,episode_start,odom
27.940469557000142,2026-09-13T11:38:32.368558+00:00,1789299512.3325775,0.0359804630279541,-0.01370850899060134,0.045859239422457766,0.3059251010417938,0.4688706269701658,odom,episode_start,odom
28.003015448999577,2026-09-13T11:38:32.431101+00:00,1789299512.3958492,0.03525185585021973,-0.013667701109817857,0.04589592744762903,0.3059271574020386,0.4689668135705132,odom,episode_start,odom
28.055272253999647,2026-09-13T11:38:32.483299+00:00,1789299512.4692175,0.014081478118896484,-0.01365447636601089,0.04597498450493003,0.30594533681869507,0.46880811754407425,odom,episode_start,odom
28.106120817000374,2026-09-13T11:38:32.534210+00:00,1789299512.5260715,0.008138418197631836,-0.013624360831237458,0.04595993748325092,0.30592748522758484,0.4687448909810617,odom,episode_start,odom
28.165240459000415,2026-09-13T11:38:32.593330+00:00,1789299512.5726848,0.0206451416015625,-0.013613459822381376,0.04594598951658551,0.30592551827430725,0.4688618962341592,odom,episode_start,odom
28.22735464499965,2026-09-13T11:38:32.655444+00:00,1789299512.612957,0.04248690605163574,-0.013605384550642651,0.04592976993147609,0.30591726303100586,0.468861473693648,odom,episode_start,odom
28.283379767999577,2026-09-13T11:38:32.711470+00:00,1789299512.6928942,0.018575668334960938,-0.013667660508541766,0.04597985518015238,0.30594831705093384,0.4686229585129123,odom,episode_start,odom
28.335449586999857,2026-09-13T11:38:32.763536+00:00,1789299512.7460742,0.017461776733398438,-0.013660138958550665,0.045919457586985714,0.3059351146221161,0.468489531493625,odom,episode_start,odom
28.38764680500026,2026-09-13T11:38:32.815734+00:00,1789299512.7909126,0.02482128143310547,-0.013651427050975504,0.04589305294464138,0.30593839287757874,0.46860803767577686,odom,episode_start,odom
28.438645072000327,2026-09-13T11:38:32.866736+00:00,1789299512.8494473,0.017288684844970703,-0.013680017816561627,0.045865089955403435,0.3059469163417816,0.46878401074533915,odom,episode_start,odom
28.4931007590003,2026-09-13T11:38:32.921029+00:00,1789299512.8872547,0.033774375915527344,-0.013708114173515158,0.04588540125318943,0.30595043301582336,0.46879083563511115,odom,episode_start,odom
28.55676655699972,2026-09-13T11:38:32.984845+00:00,1789299512.9327602,0.05208468437194824,-0.013762975866008938,0.04593017668614327,0.3059579133987427,0.468496462495274,odom,episode_start,odom
28.609252111000387,2026-09-13T11:38:33.037341+00:00,1789299513.009205,0.028136014938354492,-0.0137200341769534,0.045909825358141504,0.30597472190856934,0.4685618735053676,odom,episode_start,odom
28.662535278999712,2026-09-13T11:38:33.090616+00:00,1789299513.03571,0.05490589141845703,-0.013731913778126525,0.04589456227799723,0.3059746026992798,0.4685210590139468,odom,episode_start,odom
28.760673280000447,2026-09-13T11:38:33.188763+00:00,1789299513.1259959,0.06276702880859375,-0.013852015025561475,0.04590203399572274,0.30597400665283203,0.46860874046267753,odom,episode_start,odom
28.874633524000274,2026-09-13T11:38:33.302700+00:00,1789299513.2176375,0.08506250381469727,-0.013858590791966777,0.04589232212824908,0.30599087476730347,0.46838847916591697,odom,episode_start,odom
28.941656988999966,2026-09-13T11:38:33.369744+00:00,1789299513.332992,0.03675198554992676,-0.013913645761227864,0.045848380107245686,0.3059731721878052,0.46860391629698905,odom,episode_start,odom
29.00307756500024,2026-09-13T11:38:33.431167+00:00,1789299513.4158251,0.015341758728027344,-0.013935327936508316,0.045909448633725536,0.30597347021102905,0.4684686729175488,odom,episode_start,odom
29.05473855800028,2026-09-13T11:38:33.482830+00:00,1789299513.4758294,0.00700068473815918,-0.013884166316106918,0.045897148678520364,0.305947482585907,0.46850947880187377,odom,episode_start,odom
29.109701889000462,2026-09-13T11:38:33.537791+00:00,1789299513.5293446,0.008446455001831055,-0.01382683019889586,0.04585926076571097,0.30594179034233093,0.46873117856030744,odom,episode_start,odom
29.17196292999961,2026-09-13T11:38:33.600050+00:00,1789299513.5738778,0.026172161102294922,-0.013867657784380694,0.04586514313940184,0.3059483766555786,0.4686465319113472,odom,episode_start,odom
29.240503029000138,2026-09-13T11:38:33.668587+00:00,1789299513.6193671,0.04921984672546387,-0.01387190981583511,0.04594843629589458,0.30596765875816345,0.46857196670715406,odom,episode_start,odom
29.315608793999672,2026-09-13T11:38:33.743694+00:00,1789299513.692989,0.0507049560546875,-0.01388310649690943,0.04596651181121157,0.30596989393234253,0.46839876335806446,odom,episode_start,odom
29.384205631999976,2026-09-13T11:38:33.812295+00:00,1789299513.7944942,0.01780080795288086,-0.013882614297340896,0.045927967334525165,0.3059726655483246,0.4687045345970968,odom,episode_start,odom
29.452903370999593,2026-09-13T11:38:33.880940+00:00,1789299513.8656785,0.015261411666870117,-0.013840689617142693,0.046008999370065896,0.30597835779190063,0.46848397562603644,odom,episode_start,odom
29.50538934100041,2026-09-13T11:38:33.933476+00:00,1789299513.9289992,0.004476785659790039,-0.012393000007725861,0.04695309597113538,0.3060002326965332,0.46841921503788064,odom,episode_start,odom
29.557251594000263,2026-09-13T11:38:33.985342+00:00,1789299513.9765382,0.008803844451904297,-0.011859180808343164,0.048369940860812824,0.30469346046447754,0.46986649125691055,odom,episode_start,odom
29.610943552999743,2026-09-13T11:38:34.039033+00:00,1789299514.029393,0.009639978408813477,-0.006634178523541521,0.04832802606298587,0.3033520579338074,0.4721229263037051,odom,episode_start,odom
29.664175357000204,2026-09-13T11:38:34.092265+00:00,1789299514.088985,0.0032799243927001953,0.0017324191477944536,0.047923876607754115,0.30254653096199036,0.4723436280601518,odom,episode_start,odom
29.718114786000115,2026-09-13T11:38:34.146205+00:00,1789299514.1360333,0.010171651840209961,0.009572684485750558,0.0487771692731349,0.30111581087112427,0.47108161005674887,odom,episode_start,odom
29.770974375999685,2026-09-13T11:38:34.199066+00:00,1789299514.1958961,0.0031697750091552734,0.01878030941263775,0.05015710310923839,0.29995349049568176,0.4711210103603204,odom,episode_start,odom
29.830625886000234,2026-09-13T11:38:34.258716+00:00,1789299514.249138,0.00957798957824707,0.027683651468243108,0.052533023868881916,0.2993848919868469,0.470760742929317,odom,episode_start,odom
29.884040036999977,2026-09-13T11:38:34.312067+00:00,1789299514.2868195,0.025247573852539062,0.03518550661957466,0.05654094108255584,0.299389511346817,0.4713878120625745,odom,episode_start,odom
29.9458276080004,2026-09-13T11:38:34.373913+00:00,1789299514.3564293,0.01748371124267578,0.04686048204645728,0.0655243255710609,0.3007698655128479,0.47131846537730204,odom,episode_start,odom
30.004419343000336,2026-09-13T11:38:34.432502+00:00,1789299514.4188037,0.013698339462280273,0.060710065312175224,0.07253726467661697,0.29808464646339417,0.4741141353088862,odom,episode_start,odom
30.057803923999927,2026-09-13T11:38:34.485895+00:00,1789299514.4455802,0.040314674377441406,0.06780630394270103,0.07564383426873315,0.29684773087501526,0.4755153689406304,odom,episode_start,odom
30.111006541999814,2026-09-13T11:38:34.539097+00:00,1789299514.5323477,0.006749391555786133,0.08705582373515433,0.08337428922211246,0.30218949913978577,0.47928320122242907,odom,episode_start,odom
30.168804631000057,2026-09-13T11:38:34.596893+00:00,1789299514.589361,0.0075321197509765625,0.10253235651932184,0.0895459761171234,0.3029971718788147,0.4847254695219627,odom,episode_start,odom
30.236610156000097,2026-09-13T11:38:34.664699+00:00,1789299514.642278,0.02242112159729004,0.12537064664312816,0.0969021735653378,0.3013630211353302,0.48925925288921157,odom,episode_start,odom
30.289441072000045,2026-09-13T11:38:34.717530+00:00,1789299514.6923616,0.025168418884277344,0.13868555180024258,0.10625925785906462,0.2960968613624573,0.49041561161224634,odom,episode_start,odom
30.34053927900004,2026-09-13T11:38:34.768628+00:00,1789299514.735807,0.032820940017700195,0.15689051885204075,0.1098362532620651,0.29821497201919556,0.48901269936222364,odom,episode_start,odom
30.40088362900042,2026-09-13T11:38:34.828974+00:00,1789299514.8096068,0.019367218017578125,0.16995476776975177,0.11497957985179402,0.3031357228755951,0.4927435666056166,odom,episode_start,odom
30.45595077300004,2026-09-13T11:38:34.884038+00:00,1789299514.8762643,0.007773637771606445,0.18207806082159234,0.1262893734219978,0.30311310291290283,0.4914017622701543,odom,episode_start,odom
30.535112902000037,2026-09-13T11:38:34.963203+00:00,1789299514.9322474,0.03095555305480957,0.18602188284845222,0.13092024298546984,0.3033679723739624,0.4908066341914026,odom,episode_start,odom
30.595732339999813,2026-09-13T11:38:35.023821+00:00,1789299514.9921844,0.031636714935302734,0.18812782754722296,0.13501865926400625,0.3047528564929962,0.49509051295311524,odom,episode_start,odom
30.64642245699997,2026-09-13T11:38:35.074511+00:00,1789299515.068992,0.00551915168762207,0.18592368474253365,0.13572968655743303,0.305345356464386,0.49615046733571055,odom,episode_start,odom
30.715994643999693,2026-09-13T11:38:35.144079+00:00,1789299515.1155713,0.028507709503173828,0.18368613756020954,0.13535496479422063,0.30553674697875977,0.4978650241422259,odom,episode_start,odom
30.767701396999655,2026-09-13T11:38:35.195788+00:00,1789299515.162355,0.033432960510253906,0.18181069144488915,0.13504753560048505,0.30554983019828796,0.49908998278516464,odom,episode_start,odom
30.819044415999997,2026-09-13T11:38:35.247131+00:00,1789299515.2022426,0.04488849639892578,0.1803885659095872,0.134912692923612,0.30576246976852417,0.5001663673202509,odom,episode_start,odom
30.87475063599959,2026-09-13T11:38:35.302833+00:00,1789299515.258867,0.043966054916381836,0.17870761579030245,0.13489289871133825,0.30608442425727844,0.5021976046953371,odom,episode_start,odom
30.92720748099964,2026-09-13T11:38:35.355284+00:00,1789299515.3222764,0.03300762176513672,0.1771726290198194,0.1349913576456032,0.3063426911830902,0.5051430456507504,odom,episode_start,odom
30.991317427000467,2026-09-13T11:38:35.419410+00:00,1789299515.3393984,0.08001160621643066,0.1769175461883125,0.13504266063826229,0.3063850998878479,0.5055706553281072,odom,episode_start,odom
31.061246530999597,2026-09-13T11:38:35.489335+00:00,1789299515.418838,0.07049703598022461,0.1755149134660823,0.13474362580178842,0.3065556585788727,0.5072105576610119,odom,episode_start,odom
31.119815351000398,2026-09-13T11:38:35.547903+00:00,1789299515.5221953,0.025707721710205078,0.17412235760933584,0.13415105518275683,0.30663493275642395,0.5079320781441439,odom,episode_start,odom
31.171416465999755,2026-09-13T11:38:35.599343+00:00,1789299515.5689962,0.03034687042236328,0.1735878315460925,0.13396636481678548,0.30665531754493713,0.5081567337603876,odom,episode_start,odom
31.224779379999745,2026-09-13T11:38:35.652871+00:00,1789299515.622236,0.03063488006591797,0.17301721335624035,0.13385811715177723,0.3066738247871399,0.508219876732078,odom,episode_start,odom
31.29652324699964,2026-09-13T11:38:35.724607+00:00,1789299515.6955106,0.029096364974975586,0.17482106738534428,0.13524955391692003,0.3067017197608948,0.5073776802831159,odom,episode_start,odom
31.354230160000043,2026-09-13T11:38:35.782319+00:00,1789299515.7557783,0.026540756225585938,0.177124555876083,0.1381816441381766,0.3056281805038452,0.5057466200470317,odom,episode_start,odom
31.412440430999595,2026-09-13T11:38:35.840529+00:00,1789299515.8288593,0.011669635772705078,0.18563251616153909,0.14210359351676746,0.3039478361606598,0.5042844887542771,odom,episode_start,odom
31.478350450999642,2026-09-13T11:38:35.906241+00:00,1789299515.8788612,0.027379751205444336,0.194236380320666,0.14630962713013054,0.30271318554878235,0.503422014972539,odom,episode_start,odom
31.529861895999602,2026-09-13T11:38:35.957398+00:00,1789299515.9525049,0.004893064498901367,0.20944353728754078,0.1530792313818295,0.3007592558860779,0.5015333685794819,odom,episode_start,odom
31.581041833999734,2026-09-13T11:38:36.009131+00:00,1789299515.9864008,0.022730112075805664,0.2175854335417006,0.15605227315301792,0.30012935400009155,0.5003943117143322,odom,episode_start,odom
31.634491822999735,2026-09-13T11:38:36.062581+00:00,1789299516.01886,0.04372096061706543,0.22609335038877237,0.16105573878994006,0.29986757040023804,0.49994293844322146,odom,episode_start,odom
31.685334427999805,2026-09-13T11:38:36.113421+00:00,1789299516.082396,0.031024932861328125,0.23722544449315544,0.1666925349005208,0.29897186160087585,0.49891774725111415,odom,episode_start,odom
31.753293077999842,2026-09-13T11:38:36.181380+00:00,1789299516.142222,0.03915810585021973,0.2524466856192497,0.17559299438227438,0.29888755083084106,0.4974144039794758,odom,episode_start,odom
31.805429775000448,2026-09-13T11:38:36.233522+00:00,1789299516.2025492,0.030972719192504883,0.27230165078394075,0.19019055846161972,0.2986657917499542,0.4954826761031105,odom,episode_start,odom
31.85850908700013,2026-09-13T11:38:36.286600+00:00,1789299516.2688417,0.01775836944580078,0.29379367598505896,0.1988854968977196,0.3016946613788605,0.49164410190920405,odom,episode_start,odom
31.909034807999888,2026-09-13T11:38:36.337125+00:00,1789299516.3106155,0.026509523391723633,0.306444512165754,0.20435046746018648,0.30481287837028503,0.49839009849049026,odom,episode_start,odom
31.962925304000237,2026-09-13T11:38:36.391013+00:00,1789299516.3424633,0.048549652099609375,0.3140514688210624,0.2086960851744208,0.30630654096603394,0.5016196409831082,odom,episode_start,odom
32.02679987400006,2026-09-13T11:38:36.454889+00:00,1789299516.4288917,0.025997400283813477,0.3437511539230452,0.21928587931344812,0.3060635030269623,0.4993376651468804,odom,episode_start,odom
32.08717126299962,2026-09-13T11:38:36.515262+00:00,1789299516.4826303,0.032631635665893555,0.3580091257945273,0.22465318715811067,0.3043706715106964,0.49705994095399975,odom,episode_start,odom
32.14008234100038,2026-09-13T11:38:36.567888+00:00,1789299516.53897,0.028918027877807617,0.373012435942204,0.22882739142251218,0.30507034063339233,0.5035204282604755,odom,episode_start,odom
32.19971631000044,2026-09-13T11:38:36.627806+00:00,1789299516.6021242,0.025681734085083008,0.3810049792001886,0.23298347135200995,0.30606377124786377,0.5108718640748499,odom,episode_start,odom
32.251337616000455,2026-09-13T11:38:36.679428+00:00,1789299516.6755288,0.0038993358612060547,0.382508262550146,0.23451207370383995,0.3061371147632599,0.515224621285684,odom,episode_start,odom
32.30385852699965,2026-09-13T11:38:36.731943+00:00,1789299516.7188103,0.013132572174072266,0.38132959218268775,0.23577525226288426,0.30555233359336853,0.5163603017877051,odom,episode_start,odom
32.35776943899964,2026-09-13T11:38:36.785855+00:00,1789299516.7674618,0.018393278121948242,0.3795981044513488,0.23530472065135355,0.3060499429702759,0.5200556068700464,odom,episode_start,odom
32.413208922000194,2026-09-13T11:38:36.841295+00:00,1789299516.8120208,0.02927422523498535,0.37686634582668305,0.23498311646023615,0.3066333830356598,0.5252607881309675,odom,episode_start,odom
32.47220003700022,2026-09-13T11:38:36.900280+00:00,1789299516.8655424,0.034737586975097656,0.3747468683286183,0.23418609565391238,0.30706918239593506,0.5268475237482049,odom,episode_start,odom
32.5319863349996,2026-09-13T11:38:36.960068+00:00,1789299516.8922348,0.06783318519592285,0.3740014508422793,0.23380684686612369,0.3070399761199951,0.5262873014058082,odom,episode_start,odom
32.58575947999998,2026-09-13T11:38:37.013845+00:00,1789299516.9527087,0.06113624572753906,0.3731365981145469,0.23317356253333005,0.30776768922805786,0.5245266545567303,odom,episode_start,odom
32.646912447999966,2026-09-13T11:38:37.075003+00:00,1789299517.022117,0.052886009216308594,0.37288873058649935,0.2325986213606661,0.30804553627967834,0.5233024300955316,odom,episode_start,odom
32.7114669929997,2026-09-13T11:38:37.139554+00:00,1789299517.1086495,0.030904531478881836,0.3726146325415357,0.2324542713119092,0.30806899070739746,0.5230962605295847,odom,episode_start,odom
32.76408298000024,2026-09-13T11:38:37.192171+00:00,1789299517.1664937,0.02567744255065918,0.372329695698707,0.23244170403941872,0.30804476141929626,0.5230628095082868,odom,episode_start,odom
32.82175971200013,2026-09-13T11:38:37.249845+00:00,1789299517.2288163,0.021028757095336914,0.3740477471122565,0.23255447172044386,0.30752313137054443,0.5216940739021637,odom,episode_start,odom
32.87943490900034,2026-09-13T11:38:37.307517+00:00,1789299517.2889717,0.01854538917541504,0.37728177990860945,0.23351355815738686,0.3069861829280853,0.5200987976863463,odom,episode_start,odom
32.93325275799998,2026-09-13T11:38:37.361343+00:00,1789299517.3220372,0.039305686950683594,0.3803884254130637,0.2352242128761771,0.30630984902381897,0.5197629184576431,odom,episode_start,odom
32.99660780799968,2026-09-13T11:38:37.424666+00:00,1789299517.3919055,0.0327603816986084,0.3892353929621615,0.24079368284075514,0.3063456118106842,0.520138373078434,odom,episode_start,odom
33.052221187000214,2026-09-13T11:38:37.478679+00:00,1789299517.473645,0.005033969879150391,0.4033842370364323,0.2493778727393286,0.3067609965801239,0.5217194192839542,odom,episode_start,odom
33.104264949000026,2026-09-13T11:38:37.532355+00:00,1789299517.519176,0.01317906379699707,0.4105679050248005,0.2535077299459624,0.30691227316856384,0.519737327015823,odom,episode_start,odom
33.164057517999936,2026-09-13T11:38:37.591734+00:00,1789299517.5555098,0.0362241268157959,0.4151846440676524,0.25641035363078524,0.3068617880344391,0.5170997610522877,odom,episode_start,odom
33.21550258800016,2026-09-13T11:38:37.643591+00:00,1789299517.6224055,0.02118539810180664,0.4283163891230259,0.26574477280207365,0.306140661239624,0.5154975016669965,odom,episode_start,odom
33.266447725000035,2026-09-13T11:38:37.694533+00:00,1789299517.6826677,0.011865377426147461,0.44369983953538983,0.2746629732718026,0.3040109872817993,0.5136502911721608,odom,episode_start,odom
33.32162379800047,2026-09-13T11:38:37.749712+00:00,1789299517.7357004,0.014011621475219727,0.46155716230336574,0.2859137727238696,0.30045339465141296,0.5118761085318934,odom,episode_start,odom
33.37594836599965,2026-09-13T11:38:37.804035+00:00,1789299517.796164,0.007870912551879883,0.47998153468991367,0.29827832473707655,0.2996571362018585,0.5050205300749676,odom,episode_start,odom
33.43378414699964,2026-09-13T11:38:37.861873+00:00,1789299517.8459177,0.015955209732055664,0.4962657369459732,0.3095169495406971,0.30452606081962585,0.5018587523838303,odom,episode_start,odom
33.4844204660003,2026-09-13T11:38:37.912508+00:00,1789299517.8819683,0.030539751052856445,0.5041089542354055,0.3148902144848068,0.30570247769355774,0.5044420674823291,odom,episode_start,odom
33.55023540500042,2026-09-13T11:38:37.978322+00:00,1789299517.9221365,0.05618548393249512,0.5144315601690622,0.3213649710853599,0.30589011311531067,0.5034017807214956,odom,episode_start,odom
33.61407297799997,2026-09-13T11:38:38.042170+00:00,1789299518.008653,0.03351712226867676,0.5383357373323976,0.33453291148388387,0.30505499243736267,0.5008484676479968,odom,episode_start,odom
33.68383160200028,2026-09-13T11:38:38.111918+00:00,1789299518.077035,0.03488302230834961,0.5545998819908833,0.3423978665120819,0.3029395043849945,0.5011948154093225,odom,episode_start,odom
33.745291051000095,2026-09-13T11:38:38.173356+00:00,1789299518.1411765,0.03217959403991699,0.5640320132143086,0.34640606054919926,0.30217763781547546,0.5056036251128715,odom,episode_start,odom
33.807356199000424,2026-09-13T11:38:38.235350+00:00,1789299518.2078192,0.027530670166015625,0.5697612353817112,0.347660810616509,0.3034047782421112,0.5106577725104857,odom,episode_start,odom
33.858850550999705,2026-09-13T11:38:38.286941+00:00,1789299518.2453742,0.04156684875488281,0.5703179725771569,0.3487492324279938,0.30363115668296814,0.5130725724895896,odom,episode_start,odom
33.911340353000014,2026-09-13T11:38:38.339434+00:00,1789299518.319011,0.020422935485839844,0.5681268544944139,0.3474633817699533,0.30453982949256897,0.519125603280624,odom,episode_start,odom
33.967439934999675,2026-09-13T11:38:38.395530+00:00,1789299518.386668,0.008862018585205078,0.5652648137003978,0.34647937186991284,0.3046443462371826,0.5204243911938765,odom,episode_start,odom
34.022169324999595,2026-09-13T11:38:38.450256+00:00,1789299518.4352686,0.014987468719482422,0.5640836318536774,0.3461839876196799,0.30463898181915283,0.5192781809524145,odom,episode_start,odom
34.08392075899974,2026-09-13T11:38:38.512005+00:00,1789299518.4811535,0.03085160255432129,0.5634654685940184,0.34606735978579667,0.3048020303249359,0.5192723251978708,odom,episode_start,odom
34.19026546799978,2026-09-13T11:38:38.618347+00:00,1789299518.5619152,0.05643177032470703,0.563222952786398,0.3460753943864157,0.30490946769714355,0.5203571910692106,odom,episode_start,odom
34.252083913000206,2026-09-13T11:38:38.680175+00:00,1789299518.6621592,0.01801586151123047,0.5633088202085513,0.3459221417133903,0.30520787835121155,0.5200291157916707,odom,episode_start,odom
34.30364934099998,2026-09-13T11:38:38.731737+00:00,1789299518.7252367,0.006500244140625,0.5632080538175078,0.3457683281207653,0.30492350459098816,0.5199497470909158,odom,episode_start,odom
34.35712950600009,2026-09-13T11:38:38.785218+00:00,1789299518.7767923,0.008425712585449219,0.5632093317535928,0.3458335739651702,0.3049366772174835,0.5194709493060418,odom,episode_start,odom
34.4375821980002,2026-09-13T11:38:38.865667+00:00,1789299518.8352518,0.03041529655456543,0.5653576125819547,0.3467292354629527,0.3049837052822113,0.5176402726116636,odom,episode_start,odom
34.50168391399984,2026-09-13T11:38:38.929767+00:00,1789299518.891912,0.037854909896850586,0.5685231879097457,0.348501837761782,0.30486419796943665,0.517730640080894,odom,episode_start,odom
34.55933990700032,2026-09-13T11:38:38.987419+00:00,1789299518.945506,0.04191279411315918,0.574274065141738,0.3519684505843343,0.3047462999820709,0.5187094874522546,odom,episode_start,odom
34.61330397100028,2026-09-13T11:38:39.041394+00:00,1789299518.9722428,0.06915116310119629,0.578066984334922,0.3542239440350101,0.3045908212661743,0.519317095757972,odom,episode_start,odom
34.664350742999886,2026-09-13T11:38:39.092438+00:00,1789299519.0486226,0.04381537437438965,0.5922169740951201,0.361854415722761,0.3055190443992615,0.524037752535219,odom,episode_start,odom
34.7160620020004,2026-09-13T11:38:39.144152+00:00,1789299519.1221054,0.022046566009521484,0.6037968607128454,0.36788963395472596,0.30623939633369446,0.523130854109569,odom,episode_start,odom
34.782645782000145,2026-09-13T11:38:39.210729+00:00,1789299519.195275,0.015453815460205078,0.615368428516094,0.37459356963958834,0.30598750710487366,0.5223216062645915,odom,episode_start,odom
34.85385818499981,2026-09-13T11:38:39.281945+00:00,1789299519.2620728,0.019872188568115234,0.6312207330741203,0.3831710070806994,0.3039558529853821,0.5184726129837163,odom,episode_start,odom
34.90899662100037,2026-09-13T11:38:39.337086+00:00,1789299519.3150222,0.022063732147216797,0.6474945971472784,0.3914735814558319,0.30182430148124695,0.516657134704198,odom,episode_start,odom
34.96103477900033,2026-09-13T11:38:39.389125+00:00,1789299519.3827784,0.006346702575683594,0.6726631238956468,0.40733350868753704,0.2979419529438019,0.5115779387714647,odom,episode_start,odom
35.016529364000235,2026-09-13T11:38:39.444615+00:00,1789299519.4152198,0.029395103454589844,0.6856921452423053,0.4137633394713072,0.29908809065818787,0.5060778777261022,odom,episode_start,odom
35.07880908399966,2026-09-13T11:38:39.506898+00:00,1789299519.4852378,0.02166008949279785,0.7068520996396672,0.42896361602669436,0.30590304732322693,0.5059901011911235,odom,episode_start,odom
35.12974384900008,2026-09-13T11:38:39.557836+00:00,1789299519.5385203,0.019315719604492188,0.7211928519240474,0.43882205735955837,0.30684325098991394,0.5049564160883261,odom,episode_start,odom
35.187293658999806,2026-09-13T11:38:39.615387+00:00,1789299519.5855036,0.029883384704589844,0.7376892421361682,0.44937557518547816,0.30583080649375916,0.5041728418890999,odom,episode_start,odom
35.24707355099963,2026-09-13T11:38:39.675166+00:00,1789299519.665389,0.009776830673217773,0.7646663041985019,0.463966915093819,0.3030613958835602,0.5044989084638749,odom,episode_start,odom
35.30014322599982,2026-09-13T11:38:39.728233+00:00,1789299519.698519,0.029714107513427734,0.7747911606604223,0.469742016499322,0.3010963499546051,0.5052107569379392,odom,episode_start,odom
35.35345221100033,2026-09-13T11:38:39.781539+00:00,1789299519.7753677,0.006171226501464844,0.791682060128784,0.47638073553856974,0.30146434903144836,0.5082330418110054,odom,episode_start,odom
35.43449661500017,2026-09-13T11:38:39.862583+00:00,1789299519.8209102,0.041672706604003906,0.7959756261523763,0.4798621797437769,0.3010689914226532,0.5107446938454198,odom,episode_start,odom
35.527329808000104,2026-09-13T11:38:39.955412+00:00,1789299519.9051354,0.05027651786804199,0.7989918318062413,0.481145653720037,0.30198782682418823,0.5163780863817989,odom,episode_start,odom
35.58110896400012,2026-09-13T11:38:40.009202+00:00,1789299519.9817843,0.027417659759521484,0.79599644524923,0.4787230818327433,0.3036758005619049,0.516540237177688,odom,episode_start,odom
35.636793317999945,2026-09-13T11:38:40.064879+00:00,1789299520.0487125,0.01616644859313965,0.7932351112763883,0.4759088014070938,0.30461856722831726,0.5136217051580908,odom,episode_start,odom
35.698544717000004,2026-09-13T11:38:40.126646+00:00,1789299520.1084247,0.018221378326416016,0.7919683497310652,0.474297441701435,0.3049352467060089,0.5109590320789844,odom,episode_start,odom
35.749215881000055,2026-09-13T11:38:40.177306+00:00,1789299520.1518774,0.02542853355407715,0.7916298311410718,0.4737417083047587,0.30501478910446167,0.5101605025680206,odom,episode_start,odom
35.80756682399988,2026-09-13T11:38:40.235657+00:00,1789299520.2057233,0.029933691024780273,0.7914590150929665,0.47331289582480696,0.3050459027290344,0.5100233540911442,odom,episode_start,odom
35.87303146399972,2026-09-13T11:38:40.301112+00:00,1789299520.258435,0.04267692565917969,0.7912713055494955,0.47315495234154636,0.30502280592918396,0.5097699705660907,odom,episode_start,odom
35.93022400300015,2026-09-13T11:38:40.358309+00:00,1789299520.2988946,0.05941438674926758,0.7911496170178318,0.47307725797281736,0.3050394356250763,0.5096054119329205,odom,episode_start,odom
36.01164804400014,2026-09-13T11:38:40.439736+00:00,1789299520.3565805,0.08315539360046387,0.7907585242252306,0.4727819627881364,0.3050527274608612,0.509547687537813,odom,episode_start,odom
36.06576651500018,2026-09-13T11:38:40.493856+00:00,1789299520.4586902,0.03516578674316406,0.7905608229184422,0.4723300121008874,0.30520281195640564,0.5089155950988431,odom,episode_start,odom
36.1307193169996,2026-09-13T11:38:40.558803+00:00,1789299520.515007,0.04379606246948242,0.7908459496990176,0.4721424615731995,0.30535033345222473,0.5084299251630441,odom,episode_start,odom
36.18711491300019,2026-09-13T11:38:40.615205+00:00,1789299520.5718946,0.04331040382385254,0.7935438847905201,0.47162271609674455,0.3052327036857605,0.5072386271621583,odom,episode_start,odom
36.25698313999965,2026-09-13T11:38:40.685073+00:00,1789299520.652138,0.03293490409851074,0.8002767474626118,0.47456884933619087,0.3055504858493805,0.5111621915003225,odom,episode_start,odom
36.327678550999735,2026-09-13T11:38:40.755764+00:00,1789299520.7317097,0.024054288864135742,0.8111586524831982,0.4799273024816757,0.30685827136039734,0.5161835550127246,odom,episode_start,odom
36.38063897000029,2026-09-13T11:38:40.808725+00:00,1789299520.7919137,0.016811370849609375,0.8194638913373542,0.48499052983356117,0.3078306019306183,0.5145771093312143,odom,episode_start,odom
36.43978474300002,2026-09-13T11:38:40.867873+00:00,1789299520.8583803,0.009492635726928711,0.8290787379428862,0.49196103043512057,0.3083832859992981,0.5137833796554068,odom,episode_start,odom
36.49413442700006,2026-09-13T11:38:40.922229+00:00,1789299520.9150035,0.007225513458251953,0.8397411811777711,0.4987756210584277,0.30821532011032104,0.5161655249867397,odom,episode_start,odom
36.558347729999696,2026-09-13T11:38:40.986439+00:00,1789299520.9482875,0.03815150260925293,0.8488140203048287,0.5037736118182325,0.30745312571525574,0.5161931279532205,odom,episode_start,odom
36.61070276800001,2026-09-13T11:38:41.038791+00:00,1789299521.0183954,0.020395517349243164,0.8698465161553693,0.5136329809168523,0.3044871389865875,0.5161936450917703,odom,episode_start,odom
36.66654380300042,2026-09-13T11:38:41.094632+00:00,1789299521.078548,0.016083955764770508,0.8893421636244254,0.5242007125956991,0.3008440434932709,0.5148086284215577,odom,episode_start,odom
36.721376073999636,2026-09-13T11:38:41.149468+00:00,1789299521.141722,0.007745981216430664,0.9107984912516461,0.5368685577248516,0.29626399278640747,0.5136994180943524,odom,episode_start,odom
36.77316358999997,2026-09-13T11:38:41.201254+00:00,1789299521.1818564,0.019397497177124023,0.9226293875058308,0.5479257939629797,0.29824718832969666,0.5090767266608065,odom,episode_start,odom
36.825370458999714,2026-09-13T11:38:41.253457+00:00,1789299521.2383022,0.015154838562011719,0.9354549377104433,0.5583564993435999,0.3047735393047333,0.5076382892292168,odom,episode_start,odom
36.87971611000012,2026-09-13T11:38:41.307801+00:00,1789299521.29825,0.009551048278808594,0.946563177129372,0.5674923012205794,0.3061142563819885,0.5077643052567563,odom,episode_start,odom
36.96008981399973,2026-09-13T11:38:41.388180+00:00,1789299521.3517106,0.036469459533691406,0.9569085188194609,0.5748849091242405,0.3056339919567108,0.501478402172373,odom,episode_start,odom
37.018065148999995,2026-09-13T11:38:41.446155+00:00,1789299521.4315956,0.014559507369995117,0.967474598940192,0.581932302172862,0.30398687720298767,0.49607253050250855,odom,episode_start,odom
37.07359438900039,2026-09-13T11:38:41.501685+00:00,1789299521.4815784,0.02010655403137207,0.9703710263535151,0.5844526206853748,0.3037584125995636,0.49796291575713403,odom,episode_start,odom
37.12449570999979,2026-09-13T11:38:41.552586+00:00,1789299521.527657,0.024929046630859375,0.9719544977378447,0.5846074830446882,0.304046094417572,0.5032874741913388,odom,episode_start,odom
37.1888344580002,2026-09-13T11:38:41.616925+00:00,1789299521.598409,0.018516063690185547,0.9723078235507916,0.5845564100451421,0.30415573716163635,0.5054412657658276,odom,episode_start,odom
37.24788899299983,2026-09-13T11:38:41.675974+00:00,1789299521.6426408,0.03333306312561035,0.9717426306855662,0.5837249946403218,0.30431488156318665,0.503854713573858,odom,episode_start,odom
37.30087120299959,2026-09-13T11:38:41.728959+00:00,1789299521.6948936,0.03406548500061035,0.9715636606199015,0.5830995732034326,0.30443626642227173,0.5033195357213812,odom,episode_start,odom
37.35437398799968,2026-09-13T11:38:41.782462+00:00,1789299521.7730114,0.009450435638427734,0.9723101580502972,0.583052520205654,0.30453935265541077,0.5032830234792903,odom,episode_start,odom
37.40895581299992,2026-09-13T11:38:41.837044+00:00,1789299521.7918587,0.04518532752990723,0.9726021834328298,0.5831050340030529,0.30456918478012085,0.5036110450231943,odom,episode_start,odom
37.4601711360001,2026-09-13T11:38:41.888260+00:00,1789299521.8382654,0.049994468688964844,0.9732296039837744,0.5831793123057745,0.30463358759880066,0.5050554302960897,odom,episode_start,odom
37.527868993000084,2026-09-13T11:38:41.955957+00:00,1789299521.9282584,0.027698516845703125,0.9738746228772094,0.5832827673702671,0.3047163486480713,0.5072747819421352,odom,episode_start,odom
37.57918928199979,2026-09-13T11:38:42.007274+00:00,1789299521.9719307,0.035343170166015625,0.9740595793727035,0.5833167386425533,0.30473822355270386,0.5076487526907979,odom,episode_start,odom
37.63385856599962,2026-09-13T11:38:42.061951+00:00,1789299522.0382288,0.023722171783447266,0.9743007616385034,0.5832776159860069,0.3047626316547394,0.5081977364677136,odom,episode_start,odom
37.68658053499985,2026-09-13T11:38:42.114673+00:00,1789299522.1083333,0.006339550018310547,0.9745443875060142,0.5832369675674107,0.3047952950000763,0.5086090843419613,odom,episode_start,odom
37.76015313500011,2026-09-13T11:38:42.188243+00:00,1789299522.1548743,0.033368587493896484,0.9758981083025501,0.5841377009221773,0.30468806624412537,0.5076857958075144,odom,episode_start,odom
37.81402233999961,2026-09-13T11:38:42.242114+00:00,1789299522.2051506,0.036963462829589844,0.978822901501589,0.5868276643321115,0.30393916368484497,0.506079084221116,odom,episode_start,odom
37.865354628000205,2026-09-13T11:38:42.293445+00:00,1789299522.2714725,0.02197265625,0.9852100822684635,0.5904674265980379,0.3036012351512909,0.5068339309143912,odom,episode_start,odom
37.93241538999973,2026-09-13T11:38:42.360499+00:00,1789299522.33507,0.02542901039123535,0.9942897085313639,0.59580530226956,0.3029850125312805,0.5080772607108449,odom,episode_start,odom
38.0079850989996,2026-09-13T11:38:42.436071+00:00,1789299522.3984118,0.0376591682434082,1.006189666758315,0.602814271472845,0.3019419312477112,0.5092847955272782,odom,episode_start,odom
38.11232356599976,2026-09-13T11:38:42.540414+00:00,1789299522.4981978,0.04221630096435547,1.0286514908388165,0.614990031549952,0.3008139133453369,0.51388682966228,odom,episode_start,odom
38.16610927799957,2026-09-13T11:38:42.594198+00:00,1789299522.5715327,0.02266526222229004,1.0458082863464042,0.6253659935001439,0.3006044626235962,0.5123662021082229,odom,episode_start,odom
38.220768832999966,2026-09-13T11:38:42.648854+00:00,1789299522.6082778,0.04057621955871582,1.05332735606846,0.629811019463409,0.29992595314979553,0.5109990808993098,odom,episode_start,odom
38.28701700399961,2026-09-13T11:38:42.715105+00:00,1789299522.6791093,0.0359957218170166,1.0703228555956725,0.6430081748764818,0.29977861046791077,0.5062896435431748,odom,episode_start,odom
38.34648903299967,2026-09-13T11:38:42.774576+00:00,1789299522.758391,0.01618504524230957,1.098171072260982,0.6592795659717334,0.2980365455150604,0.5009199980854728,odom,episode_start,odom
38.39912978200027,2026-09-13T11:38:42.827221+00:00,1789299522.811453,0.015767812728881836,1.1097701448274853,0.6725735416783292,0.30206483602523804,0.49670193457237677,odom,episode_start,odom
38.4556066920004,2026-09-13T11:38:42.883693+00:00,1789299522.8715193,0.012173652648925781,1.1234566870207963,0.6803437279506943,0.3048974573612213,0.4975379777477832,odom,episode_start,odom
38.50938293099989,2026-09-13T11:38:42.937470+00:00,1789299522.9281473,0.009322643280029297,1.1395312587243902,0.6888862286276903,0.30481192469596863,0.49629639553525007,odom,episode_start,odom
38.56133343199963,2026-09-13T11:38:42.989364+00:00,1789299522.9515407,0.03782320022583008,1.1444012362424,0.6908544515156955,0.30451592803001404,0.49585700930967064,odom,episode_start,odom
38.61671561999992,2026-09-13T11:38:43.044802+00:00,1789299522.9715488,0.07325315475463867,1.1505776053448054,0.6932849921843731,0.30430012941360474,0.495374965376593,odom,episode_start,odom
38.69542362300035,2026-09-13T11:38:43.123410+00:00,1789299523.0714898,0.051920175552368164,1.1654874859594757,0.6979152720489603,0.3067420423030853,0.49984047580903024,odom,episode_start,odom
38.76825905700025,2026-09-13T11:38:43.183439+00:00,1789299523.1349533,0.048485755920410156,1.1676269367746803,0.7000280495096457,0.30667760968208313,0.5058403693067751,odom,episode_start,odom
38.8349288190002,2026-09-13T11:38:43.263017+00:00,1789299523.2114615,0.05155539512634277,1.166825724980401,0.700445249537056,0.3062976896762848,0.5111216227255254,odom,episode_start,odom
38.889950922000025,2026-09-13T11:38:43.318020+00:00,1789299523.3148506,0.003169536590576172,1.1634335598551346,0.6999096738932662,0.30686888098716736,0.5176972614382264,odom,episode_start,odom
38.94070087,2026-09-13T11:38:43.368789+00:00,1789299523.3650026,0.003786325454711914,1.1631944359399575,0.6996505496915881,0.30700722336769104,0.5172460243863392,odom,episode_start,odom
38.9938284939999,2026-09-13T11:38:43.421918+00:00,1789299523.3915124,0.030405521392822266,1.163374431412933,0.6996072565900789,0.3070617616176605,0.5170552906401858,odom,episode_start,odom
39.05051869500039,2026-09-13T11:38:43.478608+00:00,1789299523.458156,0.020451784133911133,1.16414251523709,0.6996299775614078,0.30713728070259094,0.5175981269185569,odom,episode_start,odom
39.10674051600017,2026-09-13T11:38:43.534827+00:00,1789299523.5115006,0.023326396942138672,1.1644573080150484,0.6998302702844814,0.30717626214027405,0.5183951075933504,odom,episode_start,odom
39.16317185400021,2026-09-13T11:38:43.591259+00:00,1789299523.564972,0.026287078857421875,1.1644767667677909,0.7000032580228311,0.30718541145324707,0.5187664449890856,odom,episode_start,odom
39.250567373000194,2026-09-13T11:38:43.678656+00:00,1789299523.6247783,0.053877830505371094,1.1644561879407223,0.7000367640352692,0.30719032883644104,0.5186592982926694,odom,episode_start,odom
39.319118428000365,2026-09-13T11:38:43.747208+00:00,1789299523.7047186,0.04248952865600586,1.1645298540046252,0.6998637214257126,0.30719682574272156,0.5184772107868094,odom,episode_start,odom
39.37807423400045,2026-09-13T11:38:43.806161+00:00,1789299523.7387488,0.06741213798522949,1.1645154155255995,0.6997968497423692,0.30719876289367676,0.5184678910273798,odom,episode_start,odom
39.42935327000032,2026-09-13T11:38:43.857443+00:00,1789299523.8182955,0.03914761543273926,1.1674600980708236,0.7000585391893659,0.30766400694847107,0.5171965329277652,odom,episode_start,odom
39.485364838999885,2026-09-13T11:38:43.913452+00:00,1789299523.8616688,0.051783084869384766,1.1700453736995726,0.7019959351411601,0.3074455261230469,0.5170039033664875,odom,episode_start,odom
39.55210238000018,2026-09-13T11:38:43.980188+00:00,1789299523.9430242,0.037163734436035156,1.1776173468547655,0.707598203255508,0.30617010593414307,0.5167472513826005,odom,episode_start,odom
39.617901464999704,2026-09-13T11:38:44.045716+00:00,1789299524.0313065,0.014409542083740234,1.194955091796221,0.7178701409057104,0.30704042315483093,0.5180840850672087,odom,episode_start,odom
39.676875766000194,2026-09-13T11:38:44.104960+00:00,1789299524.0946789,0.010281085968017578,1.2082939018037664,0.7261822339793187,0.3072076439857483,0.5201834349898045,odom,episode_start,odom
39.73093246700046,2026-09-13T11:38:44.159027+00:00,1789299524.1419685,0.017058610916137695,1.2171101241975495,0.7313144612868991,0.3069479763507843,0.5189111290398484,odom,episode_start,odom
39.787137612999686,2026-09-13T11:38:44.215225+00:00,1789299524.1879497,0.02727532386779785,1.2251261737948531,0.7369962644611706,0.3065575659275055,0.5168957739205179,odom,episode_start,odom
39.83790685799977,2026-09-13T11:38:44.265996+00:00,1789299524.238007,0.027988910675048828,1.2358090951794698,0.7453658384707215,0.30589911341667175,0.5141454844619566,odom,episode_start,odom
39.896083704000375,2026-09-13T11:38:44.324173+00:00,1789299524.3046086,0.019564390182495117,1.256323910413081,0.7604850420010517,0.30305442214012146,0.5107263991959975,odom,episode_start,odom
39.95304623900029,2026-09-13T11:38:44.381136+00:00,1789299524.3647096,0.01642632484436035,1.2771659016025383,0.7721370194662709,0.30137819051742554,0.5044211890020133,odom,episode_start,odom
40.01649740999983,2026-09-13T11:38:44.444520+00:00,1789299524.3960469,0.04847311973571777,1.2852874505104546,0.7811821506870709,0.3042541742324829,0.4977755178790929,odom,episode_start,odom
40.06816885100034,2026-09-13T11:38:44.496260+00:00,1789299524.4681702,0.02808976173400879,1.302182031962518,0.791905447663895,0.30747631192207336,0.4961304059885566,odom,episode_start,odom
40.12760906699987,2026-09-13T11:38:44.555698+00:00,1789299524.5381024,0.017595529556274414,1.3226532960833326,0.8038209937727259,0.3068837821483612,0.4936605301387956,odom,episode_start,odom
40.18153395199988,2026-09-13T11:38:44.609603+00:00,1789299524.5726955,0.03690743446350098,1.3324677603767643,0.8086287595144694,0.3064505159854889,0.49264011718341366,odom,episode_start,odom
40.23296938000021,2026-09-13T11:38:44.661054+00:00,1789299524.6413958,0.01965808868408203,1.3472527035745832,0.8158349267001449,0.30455899238586426,0.49356087805533233,odom,episode_start,odom
40.29226817899962,2026-09-13T11:38:44.720364+00:00,1789299524.7079813,0.012382745742797852,1.3561030726301697,0.8191860925433287,0.3061675429344177,0.49907078318477527,odom,episode_start,odom
40.36099594700045,2026-09-13T11:38:44.789088+00:00,1789299524.7696507,0.019437313079833984,1.358030525162556,0.8211643415207888,0.30630454421043396,0.5035551955791329,odom,episode_start,odom
40.41379567900003,2026-09-13T11:38:44.841887+00:00,1789299524.8317006,0.010186433792114258,1.3573293433499618,0.8215423342779173,0.30533450841903687,0.5064012704925875,odom,episode_start,odom
40.47249287500017,2026-09-13T11:38:44.900583+00:00,1789299524.884619,0.015964031219482422,1.354562114150303,0.8208791085103012,0.3065386414527893,0.5126359344503525,odom,episode_start,odom
40.52740860199992,2026-09-13T11:38:44.955498+00:00,1789299524.918455,0.037043094635009766,1.3530827904174392,0.8202617021560499,0.3066805303096771,0.5144383769951759,odom,episode_start,odom
40.599820489000194,2026-09-13T11:38:45.027911+00:00,1789299524.997901,0.030009984970092773,1.3516072779861825,0.8192936294008121,0.306546151638031,0.5148968577099801,odom,episode_start,odom
40.654328351000004,2026-09-13T11:38:45.082418+00:00,1789299525.071369,0.011049032211303711,1.351957389076074,0.8189801195727426,0.30653858184814453,0.51427759690211,odom,episode_start,odom
40.70555902900014,2026-09-13T11:38:45.133650+00:00,1789299525.1212676,0.01238250732421875,1.352393460578361,0.8190609541610554,0.3067792057991028,0.514401800764362,odom,episode_start,odom
40.7581727959996,2026-09-13T11:38:45.186259+00:00,1789299525.1618109,0.024448156356811523,1.352594447911995,0.8191858765477711,0.3070756196975708,0.5148302617362164,odom,episode_start,odom
40.80912614600038,2026-09-13T11:38:45.237214+00:00,1789299525.1781292,0.05908489227294922,1.3526089567229351,0.8192378281743943,0.307136595249176,0.5150608536795772,odom,episode_start,odom
40.86079019299996,2026-09-13T11:38:45.288877+00:00,1789299525.2646065,0.02427053451538086,1.3523374154031427,0.8192004010936074,0.3070566952228546,0.514795137555684,odom,episode_start,odom
40.913845297999615,2026-09-13T11:38:45.341930+00:00,1789299525.2980049,0.04392504692077637,1.3522887574914186,0.8191289177028043,0.3069457411766052,0.5146905889079367,odom,episode_start,odom
40.968730653999955,2026-09-13T11:38:45.396815+00:00,1789299525.3730202,0.023794889450073242,1.3526361491115881,0.8188402982453837,0.306595116853714,0.5146769148473588,odom,episode_start,odom
41.02576621499975,2026-09-13T11:38:45.453864+00:00,1789299525.4312186,0.02264547348022461,1.3542380651123072,0.8176262221592518,0.30766502022743225,0.4945243904493841,odom,episode_start,odom
41.07739154000046,2026-09-13T11:38:45.505477+00:00,1789299525.484628,0.020848989486694336,1.3549894971846717,0.8176939544013302,0.30839869379997253,0.4742705984992399,odom,episode_start,odom
41.13814415199977,2026-09-13T11:38:45.566225+00:00,1789299525.5479527,0.01827239990234375,1.3551481078882572,0.8167850593926747,0.30965667963027954,0.45364078766696514,odom,episode_start,odom
41.19186159899982,2026-09-13T11:38:45.619948+00:00,1789299525.604594,0.015353918075561523,1.355604381440155,0.8161578465354937,0.3103587329387665,0.4344309841556187,odom,episode_start,odom
41.24574001600013,2026-09-13T11:38:45.673830+00:00,1789299525.6648674,0.008962631225585938,1.3560082691394892,0.815747276700113,0.3110714554786682,0.41537312433589646,odom,episode_start,odom
41.29626543700033,2026-09-13T11:38:45.724357+00:00,1789299525.707892,0.016464948654174805,1.3563005604260128,0.8157997553191164,0.31162112951278687,0.40225638280809095,odom,episode_start,odom
41.350432062000436,2026-09-13T11:38:45.778530+00:00,1789299525.7579932,0.02053666114807129,1.356548015676733,0.8160000582671382,0.3122018277645111,0.38696037373777264,odom,episode_start,odom
41.40137763599978,2026-09-13T11:38:45.829472+00:00,1789299525.8011448,0.028327226638793945,1.3568926649979223,0.816408759016336,0.3125160336494446,0.3719874927109252,odom,episode_start,odom
41.451915697000004,2026-09-13T11:38:45.880014+00:00,1789299525.8717887,0.008225202560424805,1.3569371107607937,0.816915135439122,0.3131907880306244,0.349073736696909,odom,episode_start,odom
41.513753076000285,2026-09-13T11:38:45.941843+00:00,1789299525.9244578,0.017385244369506836,1.3570240819285475,0.8173225734152353,0.31348979473114014,0.3312932648828899,odom,episode_start,odom
41.571074125999985,2026-09-13T11:38:45.999163+00:00,1789299525.991106,0.008056879043579102,1.3570429190600313,0.8175490335044129,0.31389304995536804,0.3096430072101135,odom,episode_start,odom
41.6489043749998,2026-09-13T11:38:46.076992+00:00,1789299526.0491464,0.02784562110900879,1.3569806777727547,0.8178552424061504,0.3142026364803314,0.2904862059927158,odom,episode_start,odom
41.7002511540004,2026-09-13T11:38:46.128344+00:00,1789299526.1145031,0.013840913772583008,1.3570841506238958,0.8185469279890301,0.3149758577346802,0.2655403735270878,odom,episode_start,odom
41.7573272919999,2026-09-13T11:38:46.185417+00:00,1789299526.1577945,0.027622461318969727,1.357165978002568,0.8188186852429058,0.3156827986240387,0.2521249140507802,odom,episode_start,odom
41.8114475780003,2026-09-13T11:38:46.239538+00:00,1789299526.2280643,0.011473655700683594,1.3569285749129218,0.8186180144045317,0.316366046667099,0.22667940928174546,odom,episode_start,odom
41.871323495999604,2026-09-13T11:38:46.299412+00:00,1789299526.2784379,0.020974159240722656,1.3566233251204949,0.8181940003697785,0.31641215085983276,0.20753882307184957,odom,episode_start,odom
41.942864161000216,2026-09-13T11:38:46.370949+00:00,1789299526.3349023,0.036046743392944336,1.3576473073774062,0.8171379115349876,0.31663304567337036,0.1850050017398095,odom,episode_start,odom
42.00061153800016,2026-09-13T11:38:46.428707+00:00,1789299526.4111695,0.017537355422973633,1.3599616438374336,0.8154594607604952,0.3158614933490753,0.15479934482143198,odom,episode_start,odom
42.0569288480001,2026-09-13T11:38:46.485016+00:00,1789299526.4710805,0.013935565948486328,1.3618182896081341,0.8143261606947559,0.3151836693286896,0.1286289394207314,odom,episode_start,odom
42.11767857799987,2026-09-13T11:38:46.545766+00:00,1789299526.5282104,0.017555713653564453,1.3634926134421814,0.8134476170034356,0.31489503383636475,0.1044432570404783,odom,episode_start,odom
42.175321949000136,2026-09-13T11:38:46.603413+00:00,1789299526.5914278,0.011985301971435547,1.364799693627469,0.8133302483242717,0.3139009475708008,0.07370718196213821,odom,episode_start,odom
42.227351296999586,2026-09-13T11:38:46.655443+00:00,1789299526.6513138,0.004129171371459961,1.3659040332937313,0.8134946274400173,0.31312817335128784,0.04529028651042344,odom,episode_start,odom
42.27850536099959,2026-09-13T11:38:46.706595+00:00,1789299526.6914198,0.015175104141235352,1.3672914822742859,0.8132439732216292,0.31280767917633057,0.026729368318256785,odom,episode_start,odom
42.331745755000156,2026-09-13T11:38:46.759835+00:00,1789299526.747936,0.011898994445800781,1.3695085086712209,0.8121442833991493,0.3126385509967804,0.0005834314664601159,odom,episode_start,odom
42.38269094299994,2026-09-13T11:38:46.810782+00:00,1789299526.7813628,0.0294191837310791,1.3713803524551722,0.8119993352039968,0.31242913007736206,-0.01580157821085404,odom,episode_start,odom
42.43913443600013,2026-09-13T11:38:46.867225+00:00,1789299526.851847,0.015377998352050781,1.3773506353880693,0.8101012769782313,0.3106183409690857,-0.037661149080971956,odom,episode_start,odom
42.49498685500021,2026-09-13T11:38:46.923067+00:00,1789299526.887895,0.0351719856262207,1.380102449990868,0.8087778806331174,0.30912336707115173,-0.04501749913998432,odom,episode_start,odom
42.57771009299995,2026-09-13T11:38:47.005800+00:00,1789299526.964494,0.0413060188293457,1.3832681050880602,0.8075899666199035,0.307224303483963,-0.0473759540862162,odom,episode_start,odom
42.63234628000009,2026-09-13T11:38:47.060442+00:00,1789299527.0482092,0.012232780456542969,1.3840481258651087,0.8074052437879888,0.3070167899131775,-0.03791214546456634,odom,episode_start,odom
42.69199843899969,2026-09-13T11:38:47.120081+00:00,1789299527.1011035,0.01897740364074707,1.3839584417796476,0.8070936416356806,0.3080248236656189,-0.03044151527389216,odom,episode_start,odom
42.74369893400035,2026-09-13T11:38:47.171784+00:00,1789299527.147818,0.023965835571289062,1.3835167520828642,0.8069717040156736,0.30847299098968506,-0.024136372816769613,odom,episode_start,odom
42.80462454299959,2026-09-13T11:38:47.232714+00:00,1789299527.2109945,0.02171945571899414,1.3823723063667668,0.8068395663763477,0.3087497055530548,-0.015421218096137057,odom,episode_start,odom
42.85660425399965,2026-09-13T11:38:47.284697+00:00,1789299527.2744174,0.010279655456542969,1.3809959903095226,0.8064576862346593,0.3085724413394928,-0.009263030714357079,odom,episode_start,odom
42.91854406699986,2026-09-13T11:38:47.346640+00:00,1789299527.3145115,0.03212857246398926,1.3798904301813437,0.8059832287429304,0.30840548872947693,-0.00423027338135662,odom,episode_start,odom
42.99062120899998,2026-09-13T11:38:47.418712+00:00,1789299527.3529005,0.0658113956451416,1.3786946719052189,0.8055086794278716,0.3083750903606415,-0.0007388289106988744,odom,episode_start,odom
43.06386257899976,2026-09-13T11:38:47.491951+00:00,1789299527.4448583,0.04709267616271973,1.3761647864555704,0.8046053031812908,0.30792364478111267,0.005998525318106074,odom,episode_start,odom
43.134252838000066,2026-09-13T11:38:47.561369+00:00,1789299527.5047433,0.0566256046295166,1.3750643756999543,0.8041643148731624,0.30769574642181396,0.010095476611924559,odom,episode_start,odom
43.195743088999734,2026-09-13T11:38:47.623827+00:00,1789299527.5710769,0.0527501106262207,1.3740722740488434,0.8043265912844081,0.3074604272842407,0.01422632955115999,odom,episode_start,odom
43.24840645600034,2026-09-13T11:38:47.676498+00:00,1789299527.6612272,0.015270709991455078,1.3736925953391057,0.8048056261423965,0.30716168880462646,0.019087005707625337,odom,episode_start,odom
43.30708726299963,2026-09-13T11:38:47.735183+00:00,1789299527.7112732,0.023909807205200195,1.3738301136020086,0.8048061915275369,0.307028591632843,0.020784417415991907,odom,episode_start,odom
43.36646110200036,2026-09-13T11:38:47.794546+00:00,1789299527.7827005,0.01184535026550293,1.3741737095299889,0.8047097495420844,0.3068805932998657,0.023156129903059597,odom,episode_start,odom
43.43533447200025,2026-09-13T11:38:47.863423+00:00,1789299527.8411646,0.022258520126342773,1.374376508842466,0.8048151925287945,0.30680033564567566,0.024796878316201587,odom,episode_start,odom
43.4865422339999,2026-09-13T11:38:47.914634+00:00,1789299527.9011385,0.013495445251464844,1.3743784700472061,0.8048000223145952,0.30679377913475037,0.02638017119174063,odom,episode_start,odom
43.537878451000324,2026-09-13T11:38:47.965964+00:00,1789299527.9477954,0.01816868782043457,1.374301913075402,0.8047639753677168,0.3067801296710968,0.02747348870693456,odom,episode_start,odom
43.6004581090001,2026-09-13T11:38:48.028549+00:00,1789299528.0083907,0.02015829086303711,1.374220519750729,0.8047545418255342,0.30673885345458984,0.027772770499151278,odom,episode_start,odom
43.65307628800019,2026-09-13T11:38:48.081167+00:00,1789299528.074282,0.006885051727294922,1.374195760241311,0.8047741711712075,0.30676379799842834,0.028138337918290013,odom,episode_start,odom
43.708469637000235,2026-09-13T11:38:48.136553+00:00,1789299528.1272194,0.009333610534667969,1.37422713279265,0.8047818049695483,0.3067801594734192,0.0284213625531704,odom,episode_start,odom
43.76331504999962,2026-09-13T11:38:48.191405+00:00,1789299528.177991,0.013414144515991211,1.3742686968288569,0.8047837615333693,0.30677860975265503,0.028795014315432077,odom,episode_start,odom
43.816192539999975,2026-09-13T11:38:48.244282+00:00,1789299528.237939,0.00634312629699707,1.37426026607645,0.8050717886275183,0.3067246675491333,0.029373083418682274,odom,episode_start,odom
43.86827449500015,2026-09-13T11:38:48.296363+00:00,1789299528.2710345,0.025328636169433594,1.3742353762276567,0.8052504030726801,0.3066680431365967,0.02951272084542378,odom,episode_start,odom
43.919863590000205,2026-09-13T11:38:48.347955+00:00,1789299528.3445456,0.0034093856811523438,1.3742140149154636,0.8056733756296699,0.3065401315689087,0.030011563763779225,odom,episode_start,odom
43.98102969200045,2026-09-13T11:38:48.409113+00:00,1789299528.3776655,0.031447410583496094,1.3742016609332037,0.805624986860904,0.30651721358299255,0.030152756704193484,odom,episode_start,odom
44.041112146999694,2026-09-13T11:38:48.469198+00:00,1789299528.4218078,0.04739022254943848,1.3742038923229691,0.8056268561179325,0.30650168657302856,0.030171695898772333,odom,episode_start,odom
44.098739545999706,2026-09-13T11:38:48.526831+00:00,1789299528.4980326,0.028798341751098633,1.3742520475868374,0.8056736349197291,0.3064788579940796,0.030466703784490567,odom,episode_start,odom
44.18307945000015,2026-09-13T11:38:48.611167+00:00,1789299528.5644457,0.04672122001647949,1.374323774335437,0.8056877142683853,0.30645254254341125,0.030784099906513207,odom,episode_start,odom
44.24216597499981,2026-09-13T11:38:48.670250+00:00,1789299528.6508765,0.019373416900634766,1.3744504283188157,0.8056661483610126,0.30644476413726807,0.03135384952920961,odom,episode_start,odom
44.29661091700018,2026-09-13T11:38:48.724688+00:00,1789299528.694528,0.030159950256347656,1.3741615978197352,0.8063346998886725,0.306163489818573,0.03219631106668874,odom,episode_start,odom
44.35958429200036,2026-09-13T11:38:48.787670+00:00,1789299528.7673485,0.020321369171142578,1.3733469601106387,0.8059650897454709,0.30506089329719543,0.060869110787494574,odom,episode_start,odom
44.418153155000255,2026-09-13T11:38:48.846235+00:00,1789299528.8247726,0.021462440490722656,1.373679228020922,0.804855012811255,0.30506202578544617,0.08937477673053307,odom,episode_start,odom
44.48108726400005,2026-09-13T11:38:48.909094+00:00,1789299528.8812306,0.027863502502441406,1.3736016914860742,0.8040439768503034,0.3056440055370331,0.11456922202058296,odom,episode_start,odom
44.532860018000065,2026-09-13T11:38:48.960953+00:00,1789299528.9542663,0.006686687469482422,1.3739202459290965,0.8033387854674059,0.30628055334091187,0.1443623442671813,odom,episode_start,odom
44.606418970999584,2026-09-13T11:38:49.034506+00:00,1789299529.0011106,0.03339552879333496,1.37423831132582,0.8030598176958634,0.30658867955207825,0.16137164965896567,odom,episode_start,odom
44.67324025000016,2026-09-13T11:38:49.101331+00:00,1789299529.0442767,0.05705428123474121,1.3744822597790227,0.8028086926001206,0.3067547678947449,0.17931759160050145,odom,episode_start,odom
44.73178018100043,2026-09-13T11:38:49.159869+00:00,1789299529.1210704,0.03879857063293457,1.3751146070422975,0.8028565860398282,0.30666831135749817,0.2069282755471069,odom,episode_start,odom
44.809992845000124,2026-09-13T11:38:49.238084+00:00,1789299529.2076323,0.03045177459716797,1.3756328956278683,0.8032016709491292,0.3066540062427521,0.236430178690334,odom,episode_start,odom
44.86354355700041,2026-09-13T11:38:49.291635+00:00,1789299529.267795,0.023839950561523438,1.3760535639080373,0.8035055591669397,0.3070248067378998,0.2562404306348063,odom,episode_start,odom
44.93269290799981,2026-09-13T11:38:49.360782+00:00,1789299529.3281422,0.03263974189758301,1.3765335008962154,0.8038347947392576,0.30719584226608276,0.27381473807871387,odom,episode_start,odom
44.99507744699986,2026-09-13T11:38:49.423166+00:00,1789299529.394423,0.02874302864074707,1.3771473883494552,0.8038117790830918,0.3072411119937897,0.29360976793483884,odom,episode_start,odom
45.053550718000224,2026-09-13T11:38:49.481642+00:00,1789299529.4730046,0.008637428283691406,1.377872911998602,0.8036155073892222,0.3075658977031708,0.3166292756885223,odom,episode_start,odom
45.10605557700001,2026-09-13T11:38:49.534143+00:00,1789299529.5249119,0.009231090545654297,1.378410084866755,0.8037693045979099,0.3079688847064972,0.33603970435065444,odom,episode_start,odom
45.159892384999694,2026-09-13T11:38:49.587902+00:00,1789299529.5608544,0.02704763412475586,1.3786075513325,0.8037003720182262,0.30806300044059753,0.3475964961342515,odom,episode_start,odom
45.212904697999875,2026-09-13T11:38:49.640992+00:00,1789299529.617618,0.023373842239379883,1.378580929610663,0.8028138183060614,0.30791500210762024,0.365729478847737,odom,episode_start,odom
45.26561788900017,2026-09-13T11:38:49.693707+00:00,1789299529.6842165,0.009490489959716797,1.3781972658725132,0.8019879680853259,0.30793672800064087,0.3858234259500446,odom,episode_start,odom
45.32467013800033,2026-09-13T11:38:49.752757+00:00,1789299529.710841,0.0419161319732666,1.3781616471451963,0.8017019206849649,0.3080693483352661,0.39298048376950034,odom,episode_start,odom
45.38968139099961,2026-09-13T11:38:49.817778+00:00,1789299529.7875764,0.03020167350769043,1.3783849867665037,0.801270023635309,0.3081551790237427,0.4113222643862082,odom,episode_start,odom
45.44107603999964,2026-09-13T11:38:49.869164+00:00,1789299529.860838,0.008326053619384766,1.3789045643813274,0.8012426502016012,0.3081400394439697,0.4290022941165328,odom,episode_start,odom
45.492122925999865,2026-09-13T11:38:49.920218+00:00,1789299529.901028,0.019190073013305664,1.379080442034168,0.8012436721487979,0.3081784248352051,0.4384803055655208,odom,episode_start,odom
45.552187266000146,2026-09-13T11:38:49.980286+00:00,1789299529.9642181,0.0160677433013916,1.3796446802287023,0.8014807077422771,0.3081097900867462,0.45425845559311584,odom,episode_start,odom
45.605543276999924,2026-09-13T11:38:50.033632+00:00,1789299530.0169885,0.016643524169921875,1.3801347533092339,0.8016729625924134,0.3077641725540161,0.4671238822766467,odom,episode_start,odom
45.656916965000164,2026-09-13T11:38:50.085010+00:00,1789299530.065497,0.01951313018798828,1.3807236560874352,0.801910102070637,0.30763906240463257,0.48048510340621065,odom,episode_start,odom
45.7128720390001,2026-09-13T11:38:50.140959+00:00,1789299530.1156983,0.02526068687438965,1.3810279443851603,0.8019282860607687,0.3076445460319519,0.49321160153880017,odom,episode_start,odom
45.7712806010004,2026-09-13T11:38:50.199372+00:00,1789299530.1909544,0.008417606353759766,1.3820339328279307,0.8016242037917347,0.30770161747932434,0.5110959349587677,odom,episode_start,odom
45.82475108200015,2026-09-13T11:38:50.252842+00:00,1789299530.2475379,0.005304098129272461,1.3827979586890593,0.8011681530930513,0.3077985942363739,0.5230593975410901,odom,episode_start,odom
45.880860150000444,2026-09-13T11:38:50.308951+00:00,1789299530.288184,0.0207669734954834,1.3834292066706926,0.8003419890051813,0.3078848123550415,0.53239699818455,odom,episode_start,odom
45.93568459800008,2026-09-13T11:38:50.363781+00:00,1789299530.3275964,0.03618454933166504,1.3841765810763529,0.7995437509782063,0.3079988956451416,0.5422073279115557,odom,episode_start,odom
45.99053996099974,2026-09-13T11:38:50.418628+00:00,1789299530.3908563,0.027771711349487305,1.3846153738107474,0.7996946908826714,0.3077694773674011,0.5572112772762216,odom,episode_start,odom
46.04540745200029,2026-09-13T11:38:50.473495+00:00,1789299530.464295,0.009200096130371094,1.3852572920611161,0.7950612659480303,0.30700480937957764,0.5474518403900445,odom,episode_start,odom
46.096795219999876,2026-09-13T11:38:50.524885+00:00,1789299530.5210898,0.003795146942138672,1.384975485271551,0.7937750987542951,0.3072601556777954,0.5421636274476418,odom,episode_start,odom
46.148329747999924,2026-09-13T11:38:50.576416+00:00,1789299530.5611706,0.015245437622070312,1.3842536640030663,0.7940875211929361,0.30724218487739563,0.5404336541418999,odom,episode_start,odom
46.20356023699969,2026-09-13T11:38:50.631650+00:00,1789299530.6141374,0.01751255989074707,1.3831843284636909,0.7936251060038088,0.30733853578567505,0.5372378219715873,odom,episode_start,odom
46.254855006999605,2026-09-13T11:38:50.682942+00:00,1789299530.6742826,0.00865936279296875,1.3817676372396266,0.793493392317915,0.3074217736721039,0.5339723509889641,odom,episode_start,odom
46.33023931200023,2026-09-13T11:38:50.758324+00:00,1789299530.7275,0.030823945999145508,1.3805170773049895,0.7933644709893473,0.3075709939002991,0.5317480780602906,odom,episode_start,odom
46.38222260299972,2026-09-13T11:38:50.810313+00:00,1789299530.7941632,0.01614975929260254,1.3791584783778879,0.7930324345501287,0.3077390789985657,0.5297779189122351,odom,episode_start,odom
46.433958007,2026-09-13T11:38:50.862024+00:00,1789299530.857554,0.004470109939575195,1.3780345950855897,0.793103441132375,0.30794310569763184,0.5285856264825722,odom,episode_start,odom
46.48714629599999,2026-09-13T11:38:50.915231+00:00,1789299530.9008336,0.014397382736206055,1.3774312679252554,0.7929867744897481,0.3080510199069977,0.5278028843599308,odom,episode_start,odom
46.54343345399957,2026-09-13T11:38:50.971521+00:00,1789299530.945528,0.025992870330810547,1.3771013346648322,0.7929719832604258,0.3080816864967346,0.5273173942545388,odom,episode_start,odom
46.59401256599995,2026-09-13T11:38:51.022109+00:00,1789299531.017481,0.00462794303894043,1.3764643143958062,0.7930146535509953,0.3081732988357544,0.5261538286440541,odom,episode_start,odom
46.6629255150001,2026-09-13T11:38:51.091010+00:00,1789299531.0642514,0.026758670806884766,1.3760990072805812,0.7930033397092042,0.3082370460033417,0.5251868032122792,odom,episode_start,odom
46.71576562199971,2026-09-13T11:38:51.143816+00:00,1789299531.0975568,0.046259164810180664,1.375906751634401,0.7929989531192572,0.3082624673843384,0.5248898512989705,odom,episode_start,odom
46.78206821099957,2026-09-13T11:38:51.210154+00:00,1789299531.164431,0.04572296142578125,1.3754134517704955,0.7927650383640534,0.3082791566848755,0.524620821423057,odom,episode_start,odom
46.83715753700017,2026-09-13T11:38:51.265247+00:00,1789299531.234615,0.03063201904296875,1.3749799147003867,0.7925470262531168,0.30829527974128723,0.5244048556363281,odom,episode_start,odom
46.891202386999794,2026-09-13T11:38:51.319291+00:00,1789299531.3139617,0.0053293704986572266,1.37433048416323,0.7924263581334402,0.30834531784057617,0.5239288588636904,odom,episode_start,odom
46.943126088999634,2026-09-13T11:38:51.371215+00:00,1789299531.3609784,0.010236740112304688,1.3740528303398138,0.7923613611927451,0.30837342143058777,0.5235578428874486,odom,episode_start,odom
47.00098482500016,2026-09-13T11:38:51.429074+00:00,1789299531.4211276,0.007946491241455078,1.3736825873045013,0.7922268449201926,0.30841436982154846,0.523242461690978,odom,episode_start,odom
47.05208751900045,2026-09-13T11:38:51.480176+00:00,1789299531.4677684,0.012407541275024414,1.3734458574318615,0.7921735090649258,0.30844569206237793,0.5231108696693259,odom,episode_start,odom
47.103140449999955,2026-09-13T11:38:51.531025+00:00,1789299531.5239112,0.00711369514465332,1.3730985788279206,0.7921112299067445,0.3084712624549866,0.5225036833309703,odom,episode_start,odom
47.16015327999958,2026-09-13T11:38:51.588244+00:00,1789299531.5777628,0.010481119155883789,1.3729593185709166,0.7921852082467903,0.3084886968135834,0.5219613159226336,odom,episode_start,odom
47.22086914299962,2026-09-13T11:38:51.648958+00:00,1789299531.6372852,0.011672735214233398,1.3745449407239334,0.7949631164319919,0.3076772093772888,0.5216830484259819,odom,episode_start,odom
47.271799570999974,2026-09-13T11:38:51.699891+00:00,1789299531.6778407,0.02205038070678711,1.3768199872792595,0.7949836769353774,0.30660244822502136,0.5193284614157883,odom,episode_start,odom
47.34185882699967,2026-09-13T11:38:51.769949+00:00,1789299531.734984,0.03496503829956055,1.3829041961777004,0.7954723801563646,0.30552470684051514,0.5141420019247718,odom,episode_start,odom
47.3982358760004,2026-09-13T11:38:51.826324+00:00,1789299531.7873945,0.03892946243286133,1.3897726862786068,0.7971937613178178,0.30437594652175903,0.5138433390915134,odom,episode_start,odom
47.45203088699964,2026-09-13T11:38:51.880102+00:00,1789299531.8440223,0.03607964515686035,1.3983474204939708,0.8015068215297348,0.3025217354297638,0.5165050972603701,odom,episode_start,odom
47.50446626699977,2026-09-13T11:38:51.932555+00:00,1789299531.90056,0.03199505805969238,1.4080097841045411,0.8059552071021218,0.3010614514350891,0.5200967542339558,odom,episode_start,odom
47.57073999000022,2026-09-13T11:38:51.998826+00:00,1789299531.9538913,0.044934749603271484,1.418307069142812,0.8102868867911327,0.30088967084884644,0.5222585940967979,odom,episode_start,odom
47.624500918000194,2026-09-13T11:38:52.052592+00:00,1789299532.0375338,0.015058279037475586,1.4351426372341891,0.8217825278633396,0.3008424639701843,0.5234510928554104,odom,episode_start,odom
47.683089807000215,2026-09-13T11:38:52.111179+00:00,1789299532.0741053,0.03707385063171387,1.4417925380367815,0.8268838990740345,0.2998570203781128,0.5240205895173747,odom,episode_start,odom
47.74336228199991,2026-09-13T11:38:52.171448+00:00,1789299532.1572278,0.014220237731933594,1.4628718529086053,0.8472530022314402,0.297476202249527,0.5246761575860949,odom,episode_start,odom
47.80020585300008,2026-09-13T11:38:52.228289+00:00,1789299532.2072642,0.021024703979492188,1.480666600009287,0.8566037445197598,0.2917799949645996,0.52697444949345,odom,episode_start,odom
47.86552630299957,2026-09-13T11:38:52.293616+00:00,1789299532.2645333,0.029082775115966797,1.493527531436598,0.8695366993610478,0.2960338592529297,0.5230627313673879,odom,episode_start,odom
47.921517536000465,2026-09-13T11:38:52.349601+00:00,1789299532.324491,0.02511000633239746,1.5102794925081846,0.8810152633890908,0.2996729016304016,0.5245475991130317,odom,episode_start,odom
47.97373571800017,2026-09-13T11:38:52.401825+00:00,1789299532.3574808,0.044344186782836914,1.5205004993791706,0.8873971620452495,0.30044734477996826,0.5284711184124915,odom,episode_start,odom
48.049275547000434,2026-09-13T11:38:52.477366+00:00,1789299532.4454725,0.03189349174499512,1.5486056074031491,0.8998114021820679,0.2996492087841034,0.5351294289404498,odom,episode_start,odom
48.10683829699974,2026-09-13T11:38:52.534928+00:00,1789299532.5241947,0.010733366012573242,1.5635144402455747,0.9071423502470257,0.3007889688014984,0.5389567735760059,odom,episode_start,odom
48.16085616700002,2026-09-13T11:38:52.588948+00:00,1789299532.5705087,0.018439292907714844,1.5699468138822166,0.910560408703774,0.3028181791305542,0.5437837538188388,odom,episode_start,odom
48.2169475339997,2026-09-13T11:38:52.645034+00:00,1789299532.6370995,0.0079345703125,1.5735785862881646,0.9115419099931845,0.3029330372810364,0.5514938648404828,odom,episode_start,odom
48.2738775429998,2026-09-13T11:38:52.701968+00:00,1789299532.67743,0.024538040161132812,1.574180844740004,0.9103521032556681,0.30418020486831665,0.5549206979113748,odom,episode_start,odom
48.32799065099971,2026-09-13T11:38:52.756083+00:00,1789299532.750993,0.005089998245239258,1.571426471522579,0.909073911875825,0.3070048689842224,0.5548348810034254,odom,episode_start,odom
48.37949586299965,2026-09-13T11:38:52.807585+00:00,1789299532.7763462,0.031238794326782227,1.570408599206477,0.908422873262303,0.30760300159454346,0.5543738470086927,odom,episode_start,odom
48.43294387599963,2026-09-13T11:38:52.861034+00:00,1789299532.8411016,0.019932270050048828,1.567029913296734,0.9069348336663097,0.3085217773914337,0.5526823205896783,odom,episode_start,odom
48.48454173299979,2026-09-13T11:38:52.912634+00:00,1789299532.8871098,0.025524139404296875,1.565488697081413,0.9063467791719556,0.3088379502296448,0.552281733676908,odom,episode_start,odom
48.55425392699999,2026-09-13T11:38:52.982340+00:00,1789299532.9608073,0.021532773971557617,1.5648983780834684,0.9058835203199568,0.3086850345134735,0.5525403193639359,odom,episode_start,odom
48.60506488900046,2026-09-13T11:38:53.033157+00:00,1789299533.007694,0.025463104248046875,1.5649805898795957,0.9058627835805411,0.3086339831352234,0.5527170092272806,odom,episode_start,odom
48.656967979,2026-09-13T11:38:53.085060+00:00,1789299533.0739257,0.011134147644042969,1.5649358482720155,0.9056818373850926,0.3086082339286804,0.5529830777873066,odom,episode_start,odom
48.71339216399974,2026-09-13T11:38:53.141481+00:00,1789299533.1238163,0.017664670944213867,1.5646508188230737,0.9054874673882222,0.30860435962677,0.5528988534293164,odom,episode_start,odom
48.764603405000344,2026-09-13T11:38:53.192692+00:00,1789299533.176814,0.015877962112426758,1.5644953791344616,0.9053591646244082,0.30861765146255493,0.5527950761615225,odom,episode_start,odom
48.83229323900014,2026-09-13T11:38:53.260384+00:00,1789299533.220555,0.03982901573181152,1.5642046791766009,0.9051905564048756,0.3086188733577728,0.5523082312999382,odom,episode_start,odom
48.884715655000036,2026-09-13T11:38:53.312806+00:00,1789299533.2818902,0.03091573715209961,1.564197775946437,0.9050034018120661,0.3088010549545288,0.5519482788990107,odom,episode_start,odom
48.93914599599975,2026-09-13T11:38:53.367238+00:00,1789299533.3438852,0.023352861404418945,1.564785458753672,0.9035216372819441,0.31005436182022095,0.5311599944119426,odom,episode_start,odom
48.990082246000384,2026-09-13T11:38:53.418171+00:00,1789299533.413839,0.004331827163696289,1.5642518286915015,0.9034782400253388,0.31092366576194763,0.503264345157565,odom,episode_start,odom
49.04143205499986,2026-09-13T11:38:53.469522+00:00,1789299533.43457,0.03495192527770996,1.5640217279412076,0.9031577980828116,0.3113296926021576,0.4965808631243484,odom,episode_start,odom
49.10516159399958,2026-09-13T11:38:53.533246+00:00,1789299533.5139313,0.01931476593017578,1.5632837742683798,0.9029160875481571,0.31080952286720276,0.46651480519633315,odom,episode_start,odom
49.16299069300021,2026-09-13T11:38:53.591080+00:00,1789299533.5555372,0.03554272651672363,1.5630739620352703,0.9030407650402221,0.31121498346328735,0.4535429745799817,odom,episode_start,odom
49.223094132999904,2026-09-13T11:38:53.651188+00:00,1789299533.6277726,0.023415327072143555,1.5628411564361946,0.9036865128776385,0.3128316402435303,0.42813200559484144,odom,episode_start,odom
49.28169748500022,2026-09-13T11:38:53.709782+00:00,1789299533.6874247,0.02235722541809082,1.5624032268476775,0.9044055733088905,0.31394532322883606,0.4075458185674535,odom,episode_start,odom
49.343603174000236,2026-09-13T11:38:53.771691+00:00,1789299533.7439454,0.027745723724365234,1.5619262156878833,0.9049823800808287,0.31458836793899536,0.3879790115068431,odom,episode_start,odom
49.396257538999635,2026-09-13T11:38:53.824345+00:00,1789299533.7837598,0.04058527946472168,1.5615720063343963,0.9054912338582625,0.314868301153183,0.373615785192792,odom,episode_start,odom
49.449193616999764,2026-09-13T11:38:53.877285+00:00,1789299533.8440154,0.033269643783569336,1.5612578424284427,0.9063136874246566,0.31540560722351074,0.35338087899161397,odom,episode_start,odom
49.50680974399984,2026-09-13T11:38:53.934900+00:00,1789299533.9070327,0.02786731719970703,1.561167471183822,0.9071916693971922,0.3158470094203949,0.32993114617511976,odom,episode_start,odom
49.55919340499986,2026-09-13T11:38:53.987281+00:00,1789299533.9642317,0.023049354553222656,1.5613208982488218,0.9079582743135259,0.31595537066459656,0.3091844046966894,odom,episode_start,odom
49.62170047200016,2026-09-13T11:38:54.049788+00:00,1789299534.0079794,0.0418086051940918,1.561682818362497,0.9083793604385021,0.31607767939567566,0.29300472547352974,odom,episode_start,odom
49.68387849499959,2026-09-13T11:38:54.111968+00:00,1789299534.0705247,0.0414433479309082,1.5622589854232465,0.909384164578176,0.316128671169281,0.26882583410746586,odom,episode_start,odom
49.737217347000296,2026-09-13T11:38:54.165292+00:00,1789299534.1539087,0.011383295059204102,1.5634827527263004,0.9102917491087906,0.316061407327652,0.23768566307138753,odom,episode_start,odom
49.79134926900042,2026-09-13T11:38:54.219437+00:00,1789299534.2075703,0.011866569519042969,1.5643998619844117,0.9107851257527352,0.31599071621894836,0.21524056479480036,odom,episode_start,odom
49.84595363399967,2026-09-13T11:38:54.274023+00:00,1789299534.2640653,0.00995779037475586,1.5652931753130375,0.9118566764710402,0.31564319133758545,0.19176609747732118,odom,episode_start,odom
49.91213717099981,2026-09-13T11:38:54.332768+00:00,1789299534.3169842,0.01578378677368164,1.5666454715356481,0.9116979729176162,0.31504586338996887,0.1698470287120959,odom,episode_start,odom
49.96353338100016,2026-09-13T11:38:54.391623+00:00,1789299534.3771188,0.014504194259643555,1.5680037718606008,0.9116423693092722,0.31452688574790955,0.14460267070911503,odom,episode_start,odom
50.01682963900021,2026-09-13T11:38:54.444920+00:00,1789299534.4303296,0.01459050178527832,1.5694170798533615,0.9116694338357725,0.3141289949417114,0.12106487837675717,odom,episode_start,odom
50.07162870400043,2026-09-13T11:38:54.499718+00:00,1789299534.4936926,0.0060253143310546875,1.5715784922787086,0.9119144998502395,0.3131788671016693,0.09342519446502529,odom,episode_start,odom
50.12667111100018,2026-09-13T11:38:54.554757+00:00,1789299534.534275,0.02048206329345703,1.5724886249474972,0.9123546878785416,0.31305593252182007,0.07608432309066536,odom,episode_start,odom
50.182233612000346,2026-09-13T11:38:54.610316+00:00,1789299534.5748768,0.035439252853393555,1.5734233095043766,0.9126309764289837,0.31300485134124756,0.05908673693638322,odom,episode_start,odom
50.23624431099961,2026-09-13T11:38:54.664331+00:00,1789299534.6304727,0.033858299255371094,1.5743887415152216,0.9125229729966615,0.31271231174468994,0.03369525436048337,odom,episode_start,odom
50.28989252500014,2026-09-13T11:38:54.717984+00:00,1789299534.7137249,0.0042591094970703125,1.574845156597785,0.9114046485835529,0.31183192133903503,0.00817140541151562,odom,episode_start,odom
50.353695089999746,2026-09-13T11:38:54.781784+00:00,1789299534.7503736,0.03141045570373535,1.5757761338892526,0.9126722711149999,0.31147345900535583,0.015504380548536645,odom,episode_start,odom
50.41042130799997,2026-09-13T11:38:54.838423+00:00,1789299534.805651,0.032772064208984375,1.5758334803043965,0.9123186105919331,0.3116459250450134,0.019851300433167074,odom,episode_start,odom
50.47449230500024,2026-09-13T11:38:54.902583+00:00,1789299534.89149,0.011092901229858398,1.5731354844693248,0.9054558583956884,0.31141069531440735,0.02832494231508953,odom,episode_start,odom
50.5514521490004,2026-09-13T11:38:54.979542+00:00,1789299534.9536164,0.025925636291503906,1.571072222985432,0.9038099048555672,0.31107601523399353,0.03071782269717604,odom,episode_start,odom
50.62226696200014,2026-09-13T11:38:55.050355+00:00,1789299535.0270767,0.023278236389160156,1.5685510414430328,0.9004814179220668,0.3127586245536804,0.033013952669975984,odom,episode_start,odom
50.6758287370003,2026-09-13T11:38:55.103916+00:00,1789299535.0621395,0.041776418685913086,1.568258421903284,0.9014748998336606,0.31244906783103943,0.031639601525805805,odom,episode_start,odom
50.741617272999974,2026-09-13T11:38:55.169704+00:00,1789299535.1272862,0.04241776466369629,1.566996676195693,0.9048548520158347,0.3106996417045593,0.020455117337188522,odom,episode_start,odom
50.79852961100005,2026-09-13T11:38:55.226616+00:00,1789299535.1902456,0.036370277404785156,1.5661665592009215,0.9050190263970087,0.30931925773620605,0.01227821178044364,odom,episode_start,odom
50.850841937999576,2026-09-13T11:38:55.278932+00:00,1789299535.2436545,0.035277605056762695,1.5657468021862628,0.9053405477169172,0.3090279698371887,0.017731705459329117,odom,episode_start,odom
50.906421175000105,2026-09-13T11:38:55.334510+00:00,1789299535.3139012,0.020608901977539062,1.5664586022891704,0.9047156037721368,0.309222012758255,0.02512539315910822,odom,episode_start,odom
50.95840474600027,2026-09-13T11:38:55.386490+00:00,1789299535.3668532,0.019636869430541992,1.5663639873496316,0.905142495686487,0.3091109097003937,0.02524928117897285,odom,episode_start,odom
51.01787252899976,2026-09-13T11:38:55.445957+00:00,1789299535.4335437,0.012413263320922852,1.5660267602875961,0.9054093282397302,0.3090130686759949,0.026864080604543258,odom,episode_start,odom
51.074671772999864,2026-09-13T11:38:55.502760+00:00,1789299535.4901907,0.012569189071655273,1.5654265608896012,0.9052381362024322,0.30904385447502136,0.028561842276075167,odom,episode_start,odom
51.131080113999815,2026-09-13T11:38:55.559148+00:00,1789299535.5539074,0.005240678787231445,1.5647930836233765,0.9049422003872329,0.30908888578414917,0.02961895979250584,odom,episode_start,odom
51.182669007000186,2026-09-13T11:38:55.610766+00:00,1789299535.6036932,0.0070726871490478516,1.5644393158400525,0.9048122383703682,0.3090820908546448,0.03004346002382441,odom,episode_start,odom
51.234726726999725,2026-09-13T11:38:55.662812+00:00,1789299535.642434,0.02037811279296875,1.564172672519142,0.9047650244492738,0.3090824782848358,0.03026720117156967,odom,episode_start,odom
51.319460013000025,2026-09-13T11:38:55.747550+00:00,1789299535.7036242,0.04392576217651367,1.5636807036279934,0.904790669289782,0.3090483844280243,0.030747896151542834,odom,episode_start,odom
51.38024486500035,2026-09-13T11:38:55.808334+00:00,1789299535.7794108,0.02892327308654785,1.563264123388664,0.9047967205708396,0.3090191185474396,0.03172080726319271,odom,episode_start,odom
51.431510090999836,2026-09-13T11:38:55.859601+00:00,1789299535.834731,0.024869918823242188,1.5630191648987768,0.9047670799638848,0.30906206369400024,0.03184474461015019,odom,episode_start,odom
51.49524513100005,2026-09-13T11:38:55.923331+00:00,1789299535.9105096,0.012821435928344727,1.5626937061067017,0.9047329380862298,0.30908122658729553,0.03225824700906221,odom,episode_start,odom
51.5478335050002,2026-09-13T11:38:55.975861+00:00,1789299535.9668865,0.008974552154541016,1.5624376480705549,0.9047884585278845,0.30906450748443604,0.03283717334138148,odom,episode_start,odom
51.606161828999575,2026-09-13T11:38:56.034252+00:00,1789299536.0001702,0.03408169746398926,1.5623379372382278,0.9048391673835445,0.30908235907554626,0.033173244353651654,odom,episode_start,odom
51.681548554000074,2026-09-13T11:38:56.109636+00:00,1789299536.0767448,0.032891273498535156,1.5620926946411058,0.9048564610832067,0.30908694863319397,0.03364954433250489,odom,episode_start,odom
51.73610984199968,2026-09-13T11:38:56.163995+00:00,1789299536.1235142,0.040480852127075195,1.5619990851940975,0.9048837561177185,0.30911776423454285,0.03405365097139113,odom,episode_start,odom
51.79482794799969,2026-09-13T11:38:56.222913+00:00,1789299536.1768708,0.04604220390319824,1.5618166979871544,0.9048698870953368,0.3091171681880951,0.03456961682987725,odom,episode_start,odom
51.8596802029997,2026-09-13T11:38:56.287767+00:00,1789299536.2758229,0.011944055557250977,1.5615756118257185,0.9048358862535603,0.3090961277484894,0.0345366014276407,odom,episode_start,odom
51.91285196999979,2026-09-13T11:38:56.340942+00:00,1789299536.3302813,0.010660648345947266,1.5619498162332355,0.9048630982230809,0.3091115355491638,0.03496233495789469,odom,episode_start,odom
51.96468116300002,2026-09-13T11:38:56.392712+00:00,1789299536.3834434,0.009268760681152344,1.5647206895375754,0.9042913759177917,0.30936557054519653,0.034218910010191284,odom,episode_start,odom
52.03164947700043,2026-09-13T11:38:56.459745+00:00,1789299536.4241545,0.035590410232543945,1.5676510725560664,0.9046785720983436,0.3088724613189697,0.032226730694810746,odom,episode_start,odom
52.08399034800004,2026-09-13T11:38:56.512089+00:00,1789299536.4801345,0.03195452690124512,1.5749488021786953,0.9061346559732331,0.3088185489177704,0.03188884205816267,odom,episode_start,odom
52.154140992000066,2026-09-13T11:38:56.582226+00:00,1789299536.5303702,0.05185580253601074,1.5834181929873852,0.9076663678326988,0.3084309697151184,0.030467242798559946,odom,episode_start,odom
52.21650590199988,2026-09-13T11:38:56.644569+00:00,1789299536.6211774,0.0233914852142334,1.6011848363080885,0.9098559713478539,0.30744633078575134,0.029076717066719656,odom,episode_start,odom
52.27868808200037,2026-09-13T11:38:56.706779+00:00,1789299536.686909,0.01987004280090332,1.6148287998337156,0.9099193244446829,0.306692898273468,0.03149152990733639,odom,episode_start,odom
52.35208617799981,2026-09-13T11:38:56.780173+00:00,1789299536.7576687,0.022504329681396484,1.6382560167438056,0.9103603071579056,0.3045497536659241,0.031656127336304074,odom,episode_start,odom
52.41440315,2026-09-13T11:38:56.842485+00:00,1789299536.8294387,0.0130462646484375,1.6644681379915363,0.9111377481608234,0.3008227050304413,0.03240044180903645,odom,episode_start,odom
52.473481244999675,2026-09-13T11:38:56.901570+00:00,1789299536.8836339,0.017936229705810547,1.6867322455088547,0.9131351798451285,0.3002368211746216,0.03364608485405029,odom,episode_start,odom
52.53072684899962,2026-09-13T11:38:56.958817+00:00,1789299536.930251,0.02856612205505371,1.7085547336415723,0.9098421650734718,0.30310389399528503,0.03997213566618707,odom,episode_start,odom
52.58359789400038,2026-09-13T11:38:57.011688+00:00,1789299537.0036125,0.008075475692749023,1.7314976767582422,0.9105073862660206,0.3046164810657501,0.04235963152627642,odom,episode_start,odom
52.64777865300039,2026-09-13T11:38:57.075714+00:00,1789299537.0634387,0.012275457382202148,1.7520847788178195,0.9133517304453891,0.303729772567749,0.04283583324643869,odom,episode_start,odom
52.71673984900008,2026-09-13T11:38:57.144826+00:00,1789299537.1167688,0.028057098388671875,1.7718360405860858,0.9160161349190867,0.3014213442802429,0.041697570152206875,odom,episode_start,odom
52.78380106300028,2026-09-13T11:38:57.211889+00:00,1789299537.1801887,0.03170037269592285,1.7935594177905771,0.9186536363389042,0.2992459237575531,0.04319880680246957,odom,episode_start,odom
52.83569566599999,2026-09-13T11:38:57.263764+00:00,1789299537.2533805,0.010383367538452148,1.8139725233802018,0.9250464306540659,0.30170896649360657,0.04122619208046863,odom,episode_start,odom
52.89409359199999,2026-09-13T11:38:57.322178+00:00,1789299537.3000581,0.022119760513305664,1.8210699507762238,0.9271980738560468,0.3030012249946594,0.04417929838415735,odom,episode_start,odom
52.94732411299992,2026-09-13T11:38:57.375411+00:00,1789299537.3400457,0.03536534309387207,1.8230255252434924,0.926906168072769,0.3033767342567444,0.04979411742796103,odom,episode_start,odom
53.03059538999969,2026-09-13T11:38:57.458681+00:00,1789299537.4200263,0.03865480422973633,1.8272107948477065,0.9258457428900402,0.3039686679840088,0.05386302040459934,odom,episode_start,odom
53.09349565800039,2026-09-13T11:38:57.521586+00:00,1789299537.4933436,0.02824234962463379,1.825124498556256,0.9255431210015395,0.3040187358856201,0.057480899494006366,odom,episode_start,odom
53.14609206200021,2026-09-13T11:38:57.574177+00:00,1789299537.5600626,0.0141143798828125,1.8233898896267038,0.9267408420755885,0.3041749894618988,0.06164273475825777,odom,episode_start,odom
53.197992905999854,2026-09-13T11:38:57.626078+00:00,1789299537.6178057,0.008272171020507812,1.8230228783412696,0.9274478747467134,0.30434563755989075,0.06605802565649022,odom,episode_start,odom
53.25694635200034,2026-09-13T11:38:57.685030+00:00,1789299537.6571648,0.027865171432495117,1.8230261214062715,0.9278914013135966,0.30438023805618286,0.06783155550305907,odom,episode_start,odom
53.308323485000074,2026-09-13T11:38:57.736416+00:00,1789299537.7067313,0.029684782028198242,1.8229948221411063,0.9281329116755843,0.30439770221710205,0.0693781306993555,odom,episode_start,odom
53.358883771000365,2026-09-13T11:38:57.786975+00:00,1789299537.760392,0.026582956314086914,1.8227423446574647,0.9281805030436057,0.3043944239616394,0.07024144902168872,odom,episode_start,odom
53.421601660000306,2026-09-13T11:38:57.843954+00:00,1789299537.8168745,0.02707958221435547,1.822300627810608,0.9280465442154868,0.30441421270370483,0.07130880809047692,odom,episode_start,odom
53.475195721999626,2026-09-13T11:38:57.903286+00:00,1789299537.870127,0.03315901756286621,1.8220499471917266,0.9279695614311,0.3043918013572693,0.07206227098263063,odom,episode_start,odom
53.52587425500042,2026-09-13T11:38:57.953973+00:00,1789299537.9434166,0.010556459426879883,1.8219014787809518,0.9277371636016897,0.3049868643283844,0.08947788194733919,odom,episode_start,odom
53.58127222999974,2026-09-13T11:38:58.009359+00:00,1789299538.0034795,0.005879402160644531,1.8212171967393576,0.9270294860842181,0.3053756058216095,0.11577176303084658,odom,episode_start,odom
53.63888850799958,2026-09-13T11:38:58.066968+00:00,1789299538.0435166,0.02345132827758789,1.8202739566011914,0.927481108326272,0.3055945038795471,0.13079576642572777,odom,episode_start,odom
53.69823093499963,2026-09-13T11:38:58.126317+00:00,1789299538.0801356,0.046181440353393555,1.8195009922516538,0.9280391093873139,0.3056790828704834,0.144566528407593,odom,episode_start,odom
53.788054718999774,2026-09-13T11:38:58.216136+00:00,1789299538.1600454,0.056090593338012695,1.817886421539217,0.9306377116577936,0.3052684962749481,0.17245791302575128,odom,episode_start,odom
53.84397307499967,2026-09-13T11:38:58.272064+00:00,1789299538.2400389,0.03202509880065918,1.8169039608354018,0.932727971508377,0.30511119961738586,0.2001262920179787,odom,episode_start,odom
53.901430017000166,2026-09-13T11:38:58.329518+00:00,1789299538.290945,0.03857302665710449,1.8163267448591904,0.933999360280496,0.30495622754096985,0.21812080013758095,odom,episode_start,odom
53.95419209299962,2026-09-13T11:38:58.382281+00:00,1789299538.3433163,0.03896474838256836,1.8156944873892493,0.9351710101768578,0.3049505949020386,0.2356553930629801,odom,episode_start,odom
54.031155192999904,2026-09-13T11:38:58.459244+00:00,1789299538.4344203,0.024823665618896484,1.8144392420700826,0.9364409524556995,0.3048866391181946,0.2621212777900887,odom,episode_start,odom
54.08891317600046,2026-09-13T11:38:58.517001+00:00,1789299538.504012,0.012988805770874023,1.8133213508220005,0.9374084568819522,0.3045840859413147,0.28496966411148406,odom,episode_start,odom
54.150819559999945,2026-09-13T11:38:58.578909+00:00,1789299538.5432534,0.03565549850463867,1.812802807789041,0.9379671896029905,0.304423063993454,0.2984232780247001,odom,episode_start,odom
54.203483934999895,2026-09-13T11:38:58.631576+00:00,1789299538.6166134,0.01496267318725586,1.811629746346405,0.939154831860131,0.30426138639450073,0.3216525427669039,odom,episode_start,odom
54.26100564799981,2026-09-13T11:38:58.689102+00:00,1789299538.6799304,0.009171485900878906,1.8106795194735306,0.9408206807482205,0.30377519130706787,0.3428796197990318,odom,episode_start,odom
54.321706873999574,2026-09-13T11:38:58.749798+00:00,1789299538.733278,0.016520023345947266,1.8099461011012687,0.9419275527647193,0.30320486426353455,0.36117824799006537,odom,episode_start,odom
54.383636651000415,2026-09-13T11:38:58.811722+00:00,1789299538.7932389,0.01848316192626953,1.8091412970170102,0.9426311777864835,0.30263057351112366,0.3816515367570159,odom,episode_start,odom
54.435255780999796,2026-09-13T11:38:58.863351+00:00,1789299538.8503964,0.0129547119140625,1.8085681914620257,0.9429756321691215,0.30209362506866455,0.401595887735138,odom,episode_start,odom
54.49438648399973,2026-09-13T11:38:58.922474+00:00,1789299538.8965144,0.025959491729736328,1.8083054078895848,0.9435361219972479,0.30184105038642883,0.4196714343042048,odom,episode_start,odom
54.55609442500008,2026-09-13T11:38:58.984189+00:00,1789299538.9702144,0.013974666595458984,1.8083474222857467,0.9440745655554124,0.3021661341190338,0.44709316078202677,odom,episode_start,odom
54.611960584999906,2026-09-13T11:38:59.040050+00:00,1789299539.016498,0.02355194091796875,1.8083513406264644,0.9443732241931629,0.3023040294647217,0.46601076452959966,odom,episode_start,odom
54.66787916300018,2026-09-13T11:38:59.095967+00:00,1789299539.0665371,0.029429912567138672,1.808626312379508,0.9444147668606919,0.30179986357688904,0.4869710816386418,odom,episode_start,odom
54.725315302000126,2026-09-13T11:38:59.153400+00:00,1789299539.119858,0.03354191780090332,1.8122199717849437,0.9464847448789211,0.3010980188846588,0.5035082075762757,odom,episode_start,odom
54.78221464099988,2026-09-13T11:38:59.210300+00:00,1789299539.1733942,0.036905765533447266,1.8102820877643662,0.9455333509033594,0.30137667059898376,0.4924622851123213,odom,episode_start,odom
54.83552564399997,2026-09-13T11:38:59.263614+00:00,1789299539.2199116,0.04370236396789551,1.8149359865167505,0.9506092307278784,0.30170536041259766,0.5009176831810229,odom,episode_start,odom
54.88709801799996,2026-09-13T11:38:59.315187+00:00,1789299539.286808,0.028378963470458984,1.814785453693971,0.9588351098351857,0.294608473777771,0.5056634863898671,odom,episode_start,odom
54.94393303299967,2026-09-13T11:38:59.372023+00:00,1789299539.3532002,0.018822908401489258,1.8136848043235125,0.9655618958761737,0.2943372428417206,0.4970088280598862,odom,episode_start,odom
55.00820979400032,2026-09-13T11:38:59.436293+00:00,1789299539.3999166,0.036376237869262695,1.8129290359059507,0.9630486525061308,0.29514414072036743,0.4992707665431224,odom,episode_start,odom
55.063182844999574,2026-09-13T11:38:59.491272+00:00,1789299539.459917,0.03135490417480469,1.8132834665487294,0.9610340239973378,0.2953895628452301,0.4992174411280184,odom,episode_start,odom
55.11688971100011,2026-09-13T11:38:59.544979+00:00,1789299539.5398374,0.005141735076904297,1.8110664197395925,0.9588805271296583,0.2995218336582184,0.49123751150866746,odom,episode_start,odom
55.16921681700023,2026-09-13T11:38:59.597304+00:00,1789299539.5732706,0.024033546447753906,1.8105383112081106,0.9586752670691986,0.30093857645988464,0.4898073518974313,odom,episode_start,odom
55.23530088200005,2026-09-13T11:38:59.663390+00:00,1789299539.6235564,0.03983354568481445,1.8098224980598814,0.9584445761696305,0.30263370275497437,0.49016507278283955,odom,episode_start,odom
55.29530296200028,2026-09-13T11:38:59.723393+00:00,1789299539.7099311,0.013461828231811523,1.8090481989386278,0.9582399005057629,0.3035195767879486,0.49068168321679856,odom,episode_start,odom
55.35473956900023,2026-09-13T11:38:59.782828+00:00,1789299539.7698085,0.013019561767578125,1.8081356687555719,0.9582937679500574,0.3034747540950775,0.4905054454921329,odom,episode_start,odom
55.40876398900036,2026-09-13T11:38:59.836842+00:00,1789299539.8303754,0.00646662712097168,1.8071166080698031,0.9582722645864394,0.3035736382007599,0.4911501627425601,odom,episode_start,odom
55.46718332100045,2026-09-13T11:38:59.895275+00:00,1789299539.8706334,0.024641752243041992,1.806536962781207,0.9581382756307564,0.3036114573478699,0.491166577636871,odom,episode_start,odom
55.5283722209997,2026-09-13T11:38:59.956461+00:00,1789299539.9197233,0.036737680435180664,1.805916678765765,0.9579252489753004,0.30366307497024536,0.4908389814595404,odom,episode_start,odom
55.592070163000244,2026-09-13T11:39:00.020159+00:00,1789299540.0015159,0.01864314079284668,1.80507338343309,0.9574153730560437,0.30372339487075806,0.49036970770021127,odom,episode_start,odom
55.648159278000094,2026-09-13T11:39:00.076243+00:00,1789299540.0598965,0.016346454620361328,1.8045185524250644,0.9571499168686552,0.3037307858467102,0.4903079847921096,odom,episode_start,odom
55.70389902900024,2026-09-13T11:39:00.131984+00:00,1789299540.1130507,0.01893329620361328,1.8040939611405746,0.9570781453018548,0.3037288188934326,0.4898637189730726,odom,episode_start,odom
55.75479603399981,2026-09-13T11:39:00.182881+00:00,1789299540.1631832,0.019697904586791992,1.8038261462734249,0.9569707218772578,0.3037242889404297,0.489995891841284,odom,episode_start,odom
55.807435636000264,2026-09-13T11:39:00.235530+00:00,1789299540.2235646,0.011965274810791016,1.8036195350623077,0.9568451005386752,0.30371618270874023,0.4896665203206345,odom,episode_start,odom
55.87658234199989,2026-09-13T11:39:00.304672+00:00,1789299540.2565577,0.04811429977416992,1.8035114273764803,0.9568177970919016,0.3037019670009613,0.48941954126329534,odom,episode_start,odom
55.92774019399985,2026-09-13T11:39:00.355830+00:00,1789299540.3230903,0.03273963928222656,1.8032579023086426,0.9568265667005605,0.30368390679359436,0.48923317586707704,odom,episode_start,odom
56.00306133800041,2026-09-13T11:39:00.431156+00:00,1789299540.3935137,0.03764224052429199,1.803045996594349,0.9567790855227274,0.30365994572639465,0.4889290869962636,odom,episode_start,odom
56.0674138129998,2026-09-13T11:39:00.495503+00:00,1789299540.4773822,0.018120765686035156,1.8028014470670966,0.9567075445071139,0.3036317825317383,0.4885531500693819,odom,episode_start,odom
56.14746211199963,2026-09-13T11:39:00.575545+00:00,1789299540.543053,0.03249216079711914,1.8025759263338716,0.9566625860483136,0.30361902713775635,0.488680026866224,odom,episode_start,odom
56.19869696099977,2026-09-13T11:39:00.626784+00:00,1789299540.616383,0.010401010513305664,1.8024319472578603,0.9566477241636838,0.303595632314682,0.4883510281467721,odom,episode_start,odom
56.25606423000045,2026-09-13T11:39:00.684151+00:00,1789299540.6598475,0.024303436279296875,1.8023940897462554,0.9566224301164605,0.3035907745361328,0.4882172289166208,odom,episode_start,odom
56.31385472300008,2026-09-13T11:39:00.741938+00:00,1789299540.7194052,0.022532939910888672,1.8023718219095246,0.9566513496604163,0.3035874664783478,0.48827881061476863,odom,episode_start,odom
56.37576392000028,2026-09-13T11:39:00.803736+00:00,1789299540.7662892,0.03744673728942871,1.80238885733577,0.9567092199185074,0.30358338356018066,0.48827363867621754,odom,episode_start,odom
56.43189268500009,2026-09-13T11:39:00.859982+00:00,1789299540.8397083,0.020273685455322266,1.8024075513953495,0.9567550864397956,0.30358126759529114,0.4881171353930539,odom,episode_start,odom
56.492915431000256,2026-09-13T11:39:00.921007+00:00,1789299540.8995996,0.021407365798950195,1.8023520837905203,0.9567566527533686,0.30358168482780457,0.48810948809575994,odom,episode_start,odom
56.544400437999684,2026-09-13T11:39:00.972485+00:00,1789299540.9571285,0.01535654067993164,1.8022740544634557,0.9567585584671852,0.30358073115348816,0.4882225568886158,odom,episode_start,odom
56.59543479399963,2026-09-13T11:39:01.023528+00:00,1789299540.9967597,0.02676844596862793,1.802194807951579,0.9567721690193318,0.3035795986652374,0.4883011516838692,odom,episode_start,odom
56.65770157800034,2026-09-13T11:39:01.085790+00:00,1789299541.0764456,0.009344339370727539,1.8022245400109105,0.9567778553864319,0.30358320474624634,0.4881306032921603,odom,episode_start,odom
56.710383998,2026-09-13T11:39:01.138476+00:00,1789299541.1184897,0.01998615264892578,1.8022285728073977,0.9567628920981176,0.3035852909088135,0.48803363358529306,odom,episode_start,odom
56.763451048000206,2026-09-13T11:39:01.191522+00:00,1789299541.1740613,0.01746058464050293,1.8022117660472163,0.956782190804078,0.3035847246646881,0.4880735211635018,odom,episode_start,odom
56.83192670399967,2026-09-13T11:39:01.260006+00:00,1789299541.2436128,0.016393184661865234,1.8021332438505657,0.9568349063792175,0.3035845160484314,0.48822004616212467,odom,episode_start,odom
56.885148035000384,2026-09-13T11:39:01.313232+00:00,1789299541.2996938,0.013538122177124023,1.802116525786965,0.9568212453988687,0.30358412861824036,0.48788981225995953,odom,episode_start,odom
56.942324538999856,2026-09-13T11:39:01.370411+00:00,1789299541.3529828,0.017428159713745117,1.802132080866394,0.9568088461749619,0.30358484387397766,0.4877338360771232,odom,episode_start,odom
56.99844757400024,2026-09-13T11:39:01.426537+00:00,1789299541.3996944,0.026842594146728516,1.8020996821979458,0.9568148159051977,0.30358409881591797,0.48785478364023366,odom,episode_start,odom
57.05026491999979,2026-09-13T11:39:01.478353+00:00,1789299541.4397204,0.03863263130187988,1.802072214460945,0.9568444233822211,0.30358079075813293,0.48791594126407256,odom,episode_start,odom
57.10107363000043,2026-09-13T11:39:01.529164+00:00,1789299541.503095,0.026069164276123047,1.8020524329610879,0.956853052822386,0.30356621742248535,0.48776190403014064,odom,episode_start,odom
57.153687437999906,2026-09-13T11:39:01.581783+00:00,1789299541.5701745,0.011608600616455078,1.8019928814858797,0.9568501090052224,0.3035609722137451,0.48767494140404033,odom,episode_start,odom
57.21559733699996,2026-09-13T11:39:01.643689+00:00,1789299541.6163235,0.027365446090698242,1.8019507947742708,0.9568082992539928,0.3035605847835541,0.4877680903379209,odom,episode_start,odom
57.26990810700045,2026-09-13T11:39:01.697999+00:00,1789299541.6662447,0.031754255294799805,1.8018893501928446,0.9568464902097631,0.3035562038421631,0.48768733516068574,odom,episode_start,odom
57.323740097000154,2026-09-13T11:39:01.751831+00:00,1789299541.7395744,0.012256622314453125,1.8019508908211026,0.9579133656667888,0.3035476505756378,0.5064995146455216,odom,episode_start,odom
57.37509399099963,2026-09-13T11:39:01.803183+00:00,1789299541.7796106,0.023572444915771484,1.8021451367105081,0.9585163239925651,0.30337801575660706,0.5213124508126555,odom,episode_start,odom
57.42705966500034,2026-09-13T11:39:01.855147+00:00,1789299541.8331842,0.021962642669677734,1.8011187977374243,0.9597013899746253,0.30374935269355774,0.5341333340313631,odom,episode_start,odom
57.48278206899977,2026-09-13T11:39:01.910868+00:00,1789299541.9001422,0.010725736618041992,1.8010124652303157,0.9606464174999905,0.3037743866443634,0.5531298172886762,odom,episode_start,odom
57.5355304120003,2026-09-13T11:39:01.963621+00:00,1789299541.9543931,0.009227752685546875,1.8012264419437083,0.9614685028017906,0.30419012904167175,0.5673433366207496,odom,episode_start,odom
57.607396473000335,2026-09-13T11:39:02.035474+00:00,1789299542.0069754,0.02849864959716797,1.8018627020393974,0.9621067772558607,0.3045160472393036,0.581396641219568,odom,episode_start,odom
57.65803467600017,2026-09-13T11:39:02.086126+00:00,1789299542.0729554,0.013170719146728516,1.8019216968695047,0.9633916383951642,0.30499905347824097,0.597435141958739,odom,episode_start,odom
57.7092025740003,2026-09-13T11:39:02.137290+00:00,1789299542.1065407,0.03074932098388672,1.802097215990105,0.9639112171510125,0.3049266040325165,0.605711548725437,odom,episode_start,odom
57.76406316599969,2026-09-13T11:39:02.192155+00:00,1789299542.186289,0.005865812301635742,1.802177685250332,0.9650566355520049,0.305093914270401,0.6234168556554732,odom,episode_start,odom
57.83274379300019,2026-09-13T11:39:02.260841+00:00,1789299542.2362256,0.02461528778076172,1.8015898189689277,0.9663974936993339,0.3052319288253784,0.6355724907982092,odom,episode_start,odom
57.89228587300022,2026-09-13T11:39:02.320375+00:00,1789299542.2865956,0.03377938270568848,1.8009879839746374,0.9679799743823712,0.3051503896713257,0.647289602677262,odom,episode_start,odom
57.94373058699966,2026-09-13T11:39:02.371820+00:00,1789299542.356229,0.015590906143188477,1.8002667443562665,0.970688622013237,0.30513548851013184,0.6662978940572132,odom,episode_start,odom
58.01251227600005,2026-09-13T11:39:02.440595+00:00,1789299542.4164913,0.024103641510009766,1.7995936926092915,0.9728471330602593,0.30507954955101013,0.6827114171686484,odom,episode_start,odom
58.06874578000043,2026-09-13T11:39:02.495523+00:00,1789299542.442794,0.052728891372680664,1.7992023652243578,0.9737921067830058,0.3050539195537567,0.6905133824127824,odom,episode_start,odom
58.13154052899972,2026-09-13T11:39:02.559629+00:00,1789299542.5194523,0.0401766300201416,1.7979468035397939,0.9762085353476744,0.30489102005958557,0.7125575203290903,odom,episode_start,odom
58.194941009000104,2026-09-13T11:39:02.623029+00:00,1789299542.576124,0.0469050407409668,1.7967651475531474,0.9782010522719443,0.30465689301490784,0.7289606019946477,odom,episode_start,odom
58.246062311999594,2026-09-13T11:39:02.674151+00:00,1789299542.6496356,0.024515390396118164,1.7952442770938577,0.980764411126503,0.30431243777275085,0.749464082473382,odom,episode_start,odom
58.29713071599963,2026-09-13T11:39:02.725226+00:00,1789299542.6965063,0.028719663619995117,1.7943074112104913,0.9823058394310321,0.3039891719818115,0.7643151517486717,odom,episode_start,odom
58.352193656000054,2026-09-13T11:39:02.780289+00:00,1789299542.7468987,0.03339028358459473,1.7933128912767573,0.9839150192140746,0.3034481704235077,0.7808547113265749,odom,episode_start,odom
58.402900568000405,2026-09-13T11:39:02.830992+00:00,1789299542.8177373,0.013254642486572266,1.7918539120572023,0.9859627434613485,0.3028322160243988,0.802202375108515,odom,episode_start,odom
58.47199670600003,2026-09-13T11:39:02.900087+00:00,1789299542.8562174,0.043869733810424805,1.7911461001315925,0.9871350096685803,0.30242010951042175,0.8148500504127769,odom,episode_start,odom
58.528526484000395,2026-09-13T11:39:02.956621+00:00,1789299542.9162924,0.0403285026550293,1.790994844263041,0.9898264499872468,0.30238795280456543,0.8360536092816699,odom,episode_start,odom
58.57953808399998,2026-09-13T11:39:03.007625+00:00,1789299542.959551,0.04807400703430176,1.7908735134785359,0.9915988440167406,0.3039233982563019,0.8538173327012876,odom,episode_start,odom
58.634780970000065,2026-09-13T11:39:03.062866+00:00,1789299543.0476053,0.015260696411132812,1.792994232494216,0.995501946908265,0.30362486839294434,0.9060697181341689,odom,episode_start,odom
58.69405170400023,2026-09-13T11:39:03.122140+00:00,1789299543.0894716,0.032668352127075195,1.7891208935331258,0.9991446753539486,0.30256387591362,0.9286442784711745,odom,episode_start,odom
58.754878368999925,2026-09-13T11:39:03.182970+00:00,1789299543.1656368,0.017333269119262695,1.7838332238475443,1.0054480173767137,0.30116021633148193,0.9596640222974182,odom,episode_start,odom
58.81044415300039,2026-09-13T11:39:03.238535+00:00,1789299543.1996315,0.03890347480773926,1.7809016800583304,1.0062668217065576,0.3011268079280853,0.9759884139609023,odom,episode_start,odom
58.86219726800027,2026-09-13T11:39:03.290284+00:00,1789299543.2527828,0.03750109672546387,1.7794421381260326,1.0063988292640416,0.30164623260498047,1.0038558937970994,odom,episode_start,odom
58.93024556799992,2026-09-13T11:39:03.358330+00:00,1789299543.3407059,0.0176241397857666,1.777603263907262,1.0069674985526489,0.30249646306037903,1.0270649117629962,odom,episode_start,odom
58.98423397999977,2026-09-13T11:39:03.412320+00:00,1789299543.399807,0.012512922286987305,1.7766597910320772,1.0070983299213299,0.30369895696640015,1.0220996904516175,odom,episode_start,odom
59.03548860200044,2026-09-13T11:39:03.463577+00:00,1789299543.4360857,0.027491331100463867,1.7762230501338792,1.0066729531244714,0.30400973558425903,1.0209558268529466,odom,episode_start,odom
59.09087187899968,2026-09-13T11:39:03.518959+00:00,1789299543.4994035,0.01955556869506836,1.7761335953071298,1.0056641227381329,0.30432695150375366,1.018538761257608,odom,episode_start,odom
59.142753353000444,2026-09-13T11:39:03.570840+00:00,1789299543.5462425,0.0245974063873291,1.7763028062857278,1.0050289527649847,0.304476261138916,1.0147882699567723,odom,episode_start,odom
59.20182026800012,2026-09-13T11:39:03.629908+00:00,1789299543.6162248,0.013683319091796875,1.7765623329969835,1.0045956352029353,0.3050147593021393,1.008409002895879,odom,episode_start,odom
59.25336152999989,2026-09-13T11:39:03.681450+00:00,1789299543.6761987,0.005251169204711914,1.7767350391837875,1.0044967898947514,0.30518558621406555,1.0042313624397996,odom,episode_start,odom
59.30784209899957,2026-09-13T11:39:03.735928+00:00,1789299543.709471,0.02645707130432129,1.776793554440772,1.004380103792898,0.30529356002807617,1.0020542060779163,odom,episode_start,odom
59.368712350999886,2026-09-13T11:39:03.796516+00:00,1789299543.7660592,0.0304567813873291,1.7769908070316913,1.0042813780043014,0.30540210008621216,0.9985264109523828,odom,episode_start,odom
59.43259493700043,2026-09-13T11:39:03.860684+00:00,1789299543.8412442,0.019439697265625,1.7771134933385178,1.004164379106094,0.3054906129837036,0.9954392760875148,odom,episode_start,odom
59.49118540800009,2026-09-13T11:39:03.919271+00:00,1789299543.9028335,0.016437530517578125,1.776943497289845,1.0041546426702086,0.30552566051483154,0.9937571950938132,odom,episode_start,odom
59.54656388500007,2026-09-13T11:39:03.974652+00:00,1789299543.9560814,0.018570661544799805,1.776545722091942,1.0040201613900268,0.305532842874527,0.9938145640597247,odom,episode_start,odom
59.59984127900043,2026-09-13T11:39:04.027882+00:00,1789299544.0230055,0.004876613616943359,1.7761623188865738,1.0036425612453053,0.3050338327884674,0.9940207513380093,odom,episode_start,odom
59.65271897000002,2026-09-13T11:39:04.080809+00:00,1789299544.0562856,0.024523496627807617,1.776076976721021,1.0033837747804426,0.30502283573150635,0.9941160046802868,odom,episode_start,odom
59.70435639599964,2026-09-13T11:39:04.132416+00:00,1789299544.1098075,0.022608518600463867,1.7760945974836793,1.0028434540483226,0.3051390051841736,0.9931819502589898,odom,episode_start,odom
59.76076366699999,2026-09-13T11:39:04.188853+00:00,1789299544.1676643,0.021188735961914062,1.776220121488436,1.0024461423862934,0.30523163080215454,0.9923005585711748,odom,episode_start,odom
59.8135063740001,2026-09-13T11:39:04.241593+00:00,1789299544.2289221,0.012670755386352539,1.7762672813830243,1.0023254271608861,0.30532360076904297,0.9914008895514986,odom,episode_start,odom
59.86638163200041,2026-09-13T11:39:04.294436+00:00,1789299544.2795343,0.01490163803100586,1.7762293545323669,1.0023605067830108,0.3053619861602783,0.9912508971991146,odom,episode_start,odom
59.920119596000404,2026-09-13T11:39:04.348206+00:00,1789299544.3193858,0.028820276260375977,1.776175054924678,1.002359994605649,0.3053863048553467,0.9913093392288314,odom,episode_start,odom
59.97597570000016,2026-09-13T11:39:04.404060+00:00,1789299544.3928492,0.01121068000793457,1.7760400338184372,1.0022047004213441,0.3053995966911316,0.9911397506604087,odom,episode_start,odom
60.03151290400001,2026-09-13T11:39:04.459601+00:00,1789299544.4394217,0.020179271697998047,1.7760068045673676,1.0021444031394944,0.30540239810943604,0.9910795829322214,odom,episode_start,odom
60.08363608699983,2026-09-13T11:39:04.511574+00:00,1789299544.4996426,0.011931419372558594,1.7760519335709903,1.0021692161795355,0.30540481209754944,0.9909926426013003,odom,episode_start,odom
60.14001516400003,2026-09-13T11:39:04.568101+00:00,1789299544.5586655,0.009435415267944336,1.7760060577678636,1.0021351225950998,0.30540740489959717,0.9909144865890959,odom,episode_start,odom
60.19089443499979,2026-09-13T11:39:04.618985+00:00,1789299544.609613,0.00937199592590332,1.7759565685791723,1.0021373409560121,0.3054075837135315,0.9910042833096848,odom,episode_start,odom
60.252532153000175,2026-09-13T11:39:04.680616+00:00,1789299544.6593933,0.021222591400146484,1.7758942079447988,1.0021467935831794,0.3054061830043793,0.9910626668245254,odom,episode_start,odom
60.30572179800038,2026-09-13T11:39:04.733815+00:00,1789299544.699298,0.03451704978942871,1.7758688351771792,1.0021304296613076,0.3054070770740509,0.9908687501820386,odom,episode_start,odom
60.36227394100024,2026-09-13T11:39:04.790361+00:00,1789299544.7792757,0.011085271835327148,1.7758173380771347,1.0019847681276493,0.3054114878177643,0.9903738188019832,odom,episode_start,odom
60.415283606999765,2026-09-13T11:39:04.843373+00:00,1789299544.8308368,0.012536287307739258,1.775804519392553,1.0019169606617808,0.30541443824768066,0.9900711680444045,odom,episode_start,odom
60.46740314199997,2026-09-13T11:39:04.895491+00:00,1789299544.8895502,0.005940675735473633,1.7757465162631774,1.00194844342654,0.30541858077049255,0.9901442508510567,odom,episode_start,odom
60.523709607000455,2026-09-13T11:39:04.951793+00:00,1789299544.9159145,0.03587841987609863,1.7757331454953997,1.0019973495597712,0.30541905760765076,0.9901739871075506,odom,episode_start,odom
60.57446272600009,2026-09-13T11:39:05.002554+00:00,1789299544.9860783,0.016475677490234375,1.7757380644151848,1.0019863574716839,0.30542072653770447,0.9900345492649754,odom,episode_start,odom
60.628696685999785,2026-09-13T11:39:05.056785+00:00,1789299545.046059,0.010726213455200195,1.7757274225968824,1.0019004653081658,0.30541977286338806,0.990045581334986,odom,episode_start,odom
60.68082492299982,2026-09-13T11:39:05.108911+00:00,1789299545.0829175,0.02599358558654785,1.775695064777378,1.0018585709302144,0.3054201006889343,0.990067890707055,odom,episode_start,odom
60.73777571200026,2026-09-13T11:39:05.165864+00:00,1789299545.1228385,0.04302549362182617,1.7756374211996258,1.0018618680952556,0.3054202198982239,0.9900458700086496,odom,episode_start,odom
60.79239996599972,2026-09-13T11:39:05.220490+00:00,1789299545.2123272,0.008162736892700195,1.775642297037075,1.0019396247308103,0.30542197823524475,0.9898950560890554,odom,episode_start,odom
60.85256303799997,2026-09-13T11:39:05.280652+00:00,1789299545.2659802,0.014671802520751953,1.7756492328017819,1.001912974075475,0.3054226040840149,0.9899371039805263,odom,episode_start,odom
60.90542744600043,2026-09-13T11:39:05.333514+00:00,1789299545.3058739,0.027640104293823242,1.7756354485294072,1.0018960390102993,0.3054223358631134,0.9898425803264934,odom,episode_start,odom
60.968524478999825,2026-09-13T11:39:05.396612+00:00,1789299545.3861785,0.010433435440063477,1.7756054700850354,1.0019466613032655,0.30542343854904175,0.9897160994525349,odom,episode_start,odom
61.02025250099996,2026-09-13T11:39:05.448343+00:00,1789299545.4392498,0.009093284606933594,1.7756052977048429,1.0019844419806938,0.3054240047931671,0.9896541226192473,odom,episode_start,odom
61.07742269499977,2026-09-13T11:39:05.505510+00:00,1789299545.492648,0.012862205505371094,1.7756104456378647,1.0019806344747575,0.30542272329330444,0.9897141871590043,odom,episode_start,odom
61.14284671099995,2026-09-13T11:39:05.570931+00:00,1789299545.5531285,0.01780247688293457,1.7755793685354049,1.0019729615893107,0.30542275309562683,0.9895940232883369,odom,episode_start,odom
61.196940054999686,2026-09-13T11:39:05.625032+00:00,1789299545.596168,0.028863906860351562,1.7755751376481927,1.002050961036478,0.3054223656654358,0.9895807932889602,odom,episode_start,odom
61.25191287300004,2026-09-13T11:39:05.680003+00:00,1789299545.659261,0.020741939544677734,1.7758842096858491,1.0019239740545163,0.30551213026046753,0.989145100646866,odom,episode_start,odom
61.32024768199972,2026-09-13T11:39:05.748333+00:00,1789299545.7259097,0.022423267364501953,1.7769743776306528,1.0013377160678831,0.3064703047275543,0.9651988101482532,odom,episode_start,odom
61.382932786999845,2026-09-13T11:39:05.811017+00:00,1789299545.7995014,0.011515617370605469,1.777328023212127,1.0009686650519387,0.30819523334503174,0.9350722900244431,odom,episode_start,odom
61.443655475000014,2026-09-13T11:39:05.871744+00:00,1789299545.8600655,0.011678457260131836,1.777810484504848,1.000582572057734,0.30907055735588074,0.9129452406932749,odom,episode_start,odom
61.49526057799994,2026-09-13T11:39:05.923352+00:00,1789299545.9192061,0.00414586067199707,1.7784526687629922,1.0003694284091185,0.309920996427536,0.8920153167075048,odom,episode_start,odom
61.54665776500042,2026-09-13T11:39:05.974736+00:00,1789299545.9658418,0.008894205093383789,1.778895085256062,1.000357794595953,0.31052449345588684,0.8763219228441264,odom,episode_start,odom
61.60714111000016,2026-09-13T11:39:06.035229+00:00,1789299545.9960349,0.03919410705566406,1.779056908303341,1.0005184413062667,0.31084784865379333,0.8656591875170013,odom,episode_start,odom
61.66002503799973,2026-09-13T11:39:06.088118+00:00,1789299546.0601363,0.02798175811767578,1.7792500877463568,1.0007915802082206,0.311554491519928,0.8441072829212721,odom,episode_start,odom
61.73636936500043,2026-09-13T11:39:06.164447+00:00,1789299546.1128764,0.05157065391540527,1.7793037185308394,1.0009460983090614,0.31212136149406433,0.8256642044292101,odom,episode_start,odom
61.79760878500019,2026-09-13T11:39:06.225695+00:00,1789299546.2129824,0.012712478637695312,1.7790821414043787,1.0017553409051478,0.313038170337677,0.7913282999873039,odom,episode_start,odom
61.84845976300039,2026-09-13T11:39:06.276548+00:00,1789299546.2660658,0.010482072830200195,1.7789748391876734,1.002190404704744,0.3134114146232605,0.7735552827289494,odom,episode_start,odom
61.91026039999997,2026-09-13T11:39:06.338350+00:00,1789299546.3181393,0.020210742950439453,1.7790483731276792,1.0027816758625105,0.31386497616767883,0.7562942681275835,odom,episode_start,odom
61.96450383000047,2026-09-13T11:39:06.392593+00:00,1789299546.3690705,0.023522377014160156,1.7793611016862776,1.0034194634041689,0.3142673373222351,0.7366924053743816,odom,episode_start,odom
62.01702946600017,2026-09-13T11:39:06.445119+00:00,1789299546.429092,0.016026973724365234,1.7797470678161253,1.0042199974405763,0.31470027565956116,0.7142811607451727,odom,episode_start,odom
62.068750477999856,2026-09-13T11:39:06.496836+00:00,1789299546.472416,0.02442002296447754,1.7799252534971857,1.0049833268574186,0.31498703360557556,0.6976449677596502,odom,episode_start,odom
62.119902465999985,2026-09-13T11:39:06.547993+00:00,1789299546.5264034,0.02158951759338379,1.7803981908921003,1.0056804853532786,0.3151342570781708,0.6773376400701354,odom,episode_start,odom
62.18532263999987,2026-09-13T11:39:06.613415+00:00,1789299546.5724738,0.04094123840332031,1.7808254251625977,1.006491191963704,0.3153025805950165,0.6576922135668305,odom,episode_start,odom
62.23625653500039,2026-09-13T11:39:06.664349+00:00,1789299546.6524448,0.011904239654541016,1.781766613418103,1.007142034347844,0.3154962658882141,0.6246144381993294,odom,episode_start,odom
62.28707221500008,2026-09-13T11:39:06.715163+00:00,1789299546.6992373,0.01592564582824707,1.7825222343125342,1.0071382660998598,0.3154095411300659,0.6048512663382312,odom,episode_start,odom
62.363212977999865,2026-09-13T11:39:06.791304+00:00,1789299546.7458072,0.04549694061279297,1.7834897787397415,1.0071103088644004,0.31523558497428894,0.5854183164556961,odom,episode_start,odom
62.436926432999826,2026-09-13T11:39:06.865015+00:00,1789299546.8392296,0.025785446166992188,1.7846917768051012,1.0071275712640202,0.3147631287574768,0.5451261014405437,odom,episode_start,odom
62.50019992200032,2026-09-13T11:39:06.928289+00:00,1789299546.9002635,0.028025388717651367,1.7856537268399888,1.0077044801036315,0.314278244972229,0.5157010205831934,odom,episode_start,odom
62.56270223200045,2026-09-13T11:39:06.990794+00:00,1789299546.9674628,0.023331165313720703,1.7865545465271528,1.0078484066629214,0.3143129348754883,0.4832736711504152,odom,episode_start,odom
62.62687954800003,2026-09-13T11:39:07.054969+00:00,1789299547.0264363,0.028532743453979492,1.7884111830214962,1.008093871391843,0.31363409757614136,0.453443998310359,odom,episode_start,odom
62.68796071700035,2026-09-13T11:39:07.115953+00:00,1789299547.097999,0.017953872680664062,1.7929096691426245,1.0082829910189208,0.3106863498687744,0.4086797333021568,odom,episode_start,odom
62.74730204200023,2026-09-13T11:39:07.175392+00:00,1789299547.1357582,0.039633750915527344,1.7965786379012976,1.0083490534735213,0.3087732791900635,0.37944452232759507,odom,episode_start,odom
62.80375433500012,2026-09-13T11:39:07.231845+00:00,1789299547.2124434,0.01940155029296875,1.803476212692261,1.0068468263606694,0.3038349449634552,0.32239810139693237,odom,episode_start,odom
62.86192387899973,2026-09-13T11:39:07.290015+00:00,1789299547.279158,0.010856866836547852,1.807320922221365,1.0028659002013405,0.3030071258544922,0.29053891873252513,odom,episode_start,odom
62.91577822999989,2026-09-13T11:39:07.343866+00:00,1789299547.3257542,0.0181119441986084,1.8039277576801918,1.00179150524186,0.3052140772342682,0.2718887015884903,odom,episode_start,odom
62.96668210600001,2026-09-13T11:39:07.394767+00:00,1789299547.3857331,0.009033918380737305,1.8021463434389777,1.0017092459275176,0.30682316422462463,0.2408930892000951,odom,episode_start,odom
63.02140937100012,2026-09-13T11:39:07.449499+00:00,1789299547.4260063,0.02349257469177246,1.801188897534477,1.0025424907387668,0.30708175897598267,0.22094165254036224,odom,episode_start,odom
63.07539956999972,2026-09-13T11:39:07.503488+00:00,1789299547.4726896,0.03079843521118164,1.8000657316825455,1.0025239378935853,0.30780109763145447,0.19821190338867067,odom,episode_start,odom
63.1369101070004,2026-09-13T11:39:07.565002+00:00,1789299547.5324924,0.032509565353393555,1.7978654696047607,1.0026632737773344,0.308228462934494,0.17093869110582305,odom,episode_start,odom
63.1885085189997,2026-09-13T11:39:07.616597+00:00,1789299547.5923648,0.024232149124145508,1.7965093702711097,1.0034044807920577,0.3073410391807556,0.144812707721089,odom,episode_start,odom
63.251990404000026,2026-09-13T11:39:07.680079+00:00,1789299547.6656787,0.014400243759155273,1.7965827205666483,1.004748769221187,0.3078344762325287,0.11583507260992465,odom,episode_start,odom
63.30474273799973,2026-09-13T11:39:07.732836+00:00,1789299547.7092745,0.023561477661132812,1.7974269436189518,1.005964618661293,0.30829358100891113,0.09768883664961912,odom,episode_start,odom
63.35598528999981,2026-09-13T11:39:07.784076+00:00,1789299547.7698324,0.014243602752685547,1.7989305799817783,1.0076165487584015,0.3088423013687134,0.0728104266035412,odom,episode_start,odom
63.40996422399985,2026-09-13T11:39:07.838035+00:00,1789299547.8224525,0.015582561492919922,1.8004124929466867,1.0090024782757725,0.30929651856422424,0.050219049846620845,odom,episode_start,odom
63.463116869999794,2026-09-13T11:39:07.891207+00:00,1789299547.8795297,0.011677265167236328,1.8018867023999603,1.0099620655555586,0.30962708592414856,0.028418990445786333,odom,episode_start,odom
63.518493419999686,2026-09-13T11:39:07.946583+00:00,1789299547.9375818,0.00900125503540039,1.8031670050677477,1.0107284548308444,0.3099449872970581,0.0033678734897231166,odom,episode_start,odom
63.5768473600001,2026-09-13T11:39:08.004937+00:00,1789299547.9690654,0.03587150573730469,1.8039220897625896,1.0109960370085358,0.310031533241272,-0.010442229117831214,odom,episode_start,odom
63.631673316999695,2026-09-13T11:39:08.059733+00:00,1789299548.0357935,0.02393937110900879,1.805470040571608,1.0108496877342434,0.31031495332717896,-0.03855432286453819,odom,episode_start,odom
63.69471373400029,2026-09-13T11:39:08.122803+00:00,1789299548.0989454,0.023857593536376953,1.8064927763376109,1.0105962989585708,0.3115338385105133,-0.06211596277382414,odom,episode_start,odom
63.74897879499986,2026-09-13T11:39:08.177069+00:00,1789299548.1723244,0.004744529724121094,1.8077913361253202,1.0093538147379661,0.31182730197906494,-0.05459963281512947,odom,episode_start,odom
63.799686338000356,2026-09-13T11:39:08.227777+00:00,1789299548.2125816,0.015195369720458984,1.8081792229537528,1.0089718163355197,0.3122064769268036,-0.05438433613043858,odom,episode_start,odom
63.85477941499994,2026-09-13T11:39:08.282869+00:00,1789299548.2526298,0.030239343643188477,1.8083009122549394,1.009099052778422,0.3121108114719391,-0.054659392719921485,odom,episode_start,odom
63.913688296000146,2026-09-13T11:39:08.341772+00:00,1789299548.325898,0.015874147415161133,1.8086843418209144,1.0107120773871885,0.3116356134414673,-0.05212784517207969,odom,episode_start,odom
63.96543878000011,2026-09-13T11:39:08.393527+00:00,1789299548.3746264,0.018900632858276367,1.8086395395645691,1.0117050001909205,0.31161582469940186,-0.04748265385539296,odom,episode_start,odom
64.02110142600031,2026-09-13T11:39:08.449190+00:00,1789299548.418946,0.030243873596191406,1.808274607316254,1.0124668313949046,0.31176280975341797,-0.04073891229321225,odom,episode_start,odom
64.07286557400039,2026-09-13T11:39:08.500953+00:00,1789299548.4923084,0.008644580841064453,1.807997882081495,1.0132191575080418,0.31174516677856445,-0.033710329607523404,odom,episode_start,odom
64.13272491099997,2026-09-13T11:39:08.560757+00:00,1789299548.5391738,0.021583080291748047,1.8078804114103832,1.0136837045992786,0.3120798170566559,-0.030928106980652847,odom,episode_start,odom
64.19212121300006,2026-09-13T11:39:08.620207+00:00,1789299548.6088488,0.011358261108398438,1.8078087511747956,1.014424533394811,0.31243619322776794,-0.02612663483751687,odom,episode_start,odom
64.26220734900016,2026-09-13T11:39:08.690288+00:00,1789299548.649158,0.04113006591796875,1.807827969077322,1.0148070250129204,0.3126019537448883,-0.023785567680829626,odom,episode_start,odom
64.31453700200018,2026-09-13T11:39:08.742628+00:00,1789299548.7156725,0.026955604553222656,1.8079159364082076,1.0153037957112458,0.3127218782901764,-0.020388918701052416,odom,episode_start,odom
64.37338136800008,2026-09-13T11:39:08.801472+00:00,1789299548.7893271,0.012144804000854492,1.8079642925445691,1.015872905249924,0.3127422332763672,-0.016904028577615193,odom,episode_start,odom
64.42923765700016,2026-09-13T11:39:08.857329+00:00,1789299548.8455312,0.011797666549682617,1.8079718311213835,1.0163916197719116,0.3126778304576874,-0.013788865266092467,odom,episode_start,odom
64.48476887099969,2026-09-13T11:39:08.912858+00:00,1789299548.8954558,0.017402172088623047,1.8079744487926876,1.0168304191567303,0.3126416504383087,-0.011398402162851262,odom,episode_start,odom
64.5447346459996,2026-09-13T11:39:08.972822+00:00,1789299548.9561808,0.01664113998413086,1.8079514643359627,1.0173156544194275,0.3126614987850189,-0.008490551920297573,odom,episode_start,odom
64.60688397099966,2026-09-13T11:39:09.034964+00:00,1789299549.0090199,0.025944232940673828,1.8079483242656371,1.0177227485782652,0.31276315450668335,-0.006425599702251316,odom,episode_start,odom
64.66724410299958,2026-09-13T11:39:09.095331+00:00,1789299549.0678728,0.02745819091796875,1.8079568741926504,1.018052780437372,0.3128838837146759,-0.004132666814197439,odom,episode_start,odom
64.71954053599984,2026-09-13T11:39:09.147630+00:00,1789299549.1156995,0.03193044662475586,1.8080063380688316,1.0183230473931237,0.3130068778991699,-0.0017323704876406332,odom,episode_start,odom
64.7710302989999,2026-09-13T11:39:09.198994+00:00,1789299549.1866443,0.012349605560302734,1.8080772628752728,1.0186373718444832,0.31312209367752075,0.001752669913737348,odom,episode_start,odom
64.82197276700026,2026-09-13T11:39:09.250062+00:00,1789299549.2388268,0.011235237121582031,1.8081835910194872,1.0189811629597785,0.31315603852272034,0.00382011784466485,odom,episode_start,odom
64.87706606600022,2026-09-13T11:39:09.305155+00:00,1789299549.2921495,0.013005495071411133,1.8082248164758228,1.019327314092678,0.3131825923919678,0.006068500557574463,odom,episode_start,odom
64.93324745999962,2026-09-13T11:39:09.361338+00:00,1789299549.3555536,0.005784273147583008,1.8082626648061908,1.0196479384424315,0.313130646944046,0.008631950592798976,odom,episode_start,odom
64.98840783600008,2026-09-13T11:39:09.416498+00:00,1789299549.408855,0.007642984390258789,1.808272937146438,1.019880101054859,0.31304609775543213,0.011060560385335538,odom,episode_start,odom
65.04681700699985,2026-09-13T11:39:09.474708+00:00,1789299549.4354823,0.03922581672668457,1.8082487910942333,1.020059338585697,0.3130139410495758,0.012239242454252118,odom,episode_start,odom
65.10432321400003,2026-09-13T11:39:09.532409+00:00,1789299549.5022902,0.030118703842163086,1.8082928227819957,1.0205739466535226,0.3129861354827881,0.01536698619695831,odom,episode_start,odom
65.16730461800034,2026-09-13T11:39:09.595390+00:00,1789299549.5554855,0.03990459442138672,1.8083911261821792,1.0208998002372591,0.31294047832489014,0.0170668745389011,odom,episode_start,odom
65.22724459700021,2026-09-13T11:39:09.655332+00:00,1789299549.6222405,0.03309154510498047,1.8083879120075004,1.0212636149199252,0.31285861134529114,0.01971674192055328,odom,episode_start,odom
65.31243042200003,2026-09-13T11:39:09.740516+00:00,1789299549.6789863,0.06152963638305664,1.8083812387104508,1.0215122086593902,0.31280943751335144,0.02121280035483308,odom,episode_start,odom
65.36406080100005,2026-09-13T11:39:09.792151+00:00,1789299549.7787728,0.013378143310546875,1.808279669020178,1.021740649484971,0.31273701786994934,0.02431340658381731,odom,episode_start,odom
65.43068395099999,2026-09-13T11:39:09.858773+00:00,1789299549.835825,0.022948026657104492,1.808240825123711,1.0217015371658646,0.31273362040519714,0.025120971694599033,odom,episode_start,odom
65.48690326799988,2026-09-13T11:39:09.914992+00:00,1789299549.8892415,0.02575063705444336,1.8081751283118193,1.021699406360508,0.31273797154426575,0.025781123612961254,odom,episode_start,odom
65.53890297999988,2026-09-13T11:39:09.966993+00:00,1789299549.9389122,0.02808094024658203,1.8081602091982085,1.0217138859118162,0.31271934509277344,0.026421394757221384,odom,episode_start,odom
65.58965900400017,2026-09-13T11:39:10.017754+00:00,1789299550.0086992,0.009054899215698242,1.8081629365599812,1.0217354102250507,0.3126867413520813,0.027350845025732706,odom,episode_start,odom
65.64144299100008,2026-09-13T11:39:10.069532+00:00,1789299550.0621367,0.007395267486572266,1.8081745397469589,1.0217204073780752,0.3126469552516937,0.02795343618548518,odom,episode_start,odom
65.69942800799981,2026-09-13T11:39:10.127517+00:00,1789299550.1123688,0.015148162841796875,1.808175051527395,1.021705188422882,0.3126135766506195,0.02866460301803042,odom,episode_start,odom
65.76393602600001,2026-09-13T11:39:10.192026+00:00,1789299550.1666498,0.025376081466674805,1.808110899388403,1.021741092125366,0.31259652972221375,0.0292534500487045,odom,episode_start,odom
65.81905780600027,2026-09-13T11:39:10.247149+00:00,1789299550.222058,0.025090932846069336,1.8080400068953582,1.0217896718628778,0.31257930397987366,0.029595108248716695,odom,episode_start,odom
65.86982752600034,2026-09-13T11:39:10.297916+00:00,1789299550.2622259,0.0356900691986084,1.8080040987758423,1.0218381926842004,0.3125445544719696,0.030055182214856035,odom,episode_start,odom
65.92227004600045,2026-09-13T11:39:10.350351+00:00,1789299550.332104,0.018247127532958984,1.8079473416199046,1.0220308834258982,0.3124813735485077,0.03198383958918737,odom,episode_start,odom
65.97482374100036,2026-09-13T11:39:10.402911+00:00,1789299550.3921664,0.010744571685791016,1.809180629417635,1.0210267081970197,0.31294429302215576,0.017550082063384043,odom,episode_start,odom
66.0326724939996,2026-09-13T11:39:10.460761+00:00,1789299550.4253569,0.035404205322265625,1.8096334513212473,1.0213564045753876,0.31301572918891907,0.001025232898740347,odom,episode_start,odom
66.0930696510004,2026-09-13T11:39:10.521159+00:00,1789299550.499,0.02215886116027832,1.8106390518969684,1.0213443357640173,0.3140462338924408,-0.023132336709867248,odom,episode_start,odom
66.16361917100039,2026-09-13T11:39:10.591706+00:00,1789299550.5557265,0.035979509353637695,1.8109396770509443,1.021482530890339,0.31471583247184753,-0.041226991236875676,odom,episode_start,odom
66.21634702000028,2026-09-13T11:39:10.644433+00:00,1789299550.6325502,0.011882781982421875,1.8098495671765331,1.0215784098506178,0.3154365122318268,-0.06496010063854052,odom,episode_start,odom
66.2853037750001,2026-09-13T11:39:10.713388+00:00,1789299550.6831064,0.030281543731689453,1.8087152912592623,1.0225375001013193,0.31476718187332153,-0.07562138841933819,odom,episode_start,odom
66.3444418830004,2026-09-13T11:39:10.772525+00:00,1789299550.735433,0.037091970443725586,1.8079916900180446,1.0207563998505256,0.3145945370197296,-0.07032677250380505,odom,episode_start,odom
66.3995961769997,2026-09-13T11:39:10.827687+00:00,1789299550.8189533,0.008733749389648438,1.8077617090858542,1.0205968338803124,0.31397294998168945,-0.05197846385839511,odom,episode_start,odom
66.45099018899964,2026-09-13T11:39:10.879080+00:00,1789299550.8739743,0.005105733871459961,1.8061990895197155,1.0208831684963582,0.3123721182346344,-0.043477732616530984,odom,episode_start,odom
66.51332432100025,2026-09-13T11:39:10.941415+00:00,1789299550.9088967,0.03251838684082031,1.8064936134143987,1.021551502498943,0.3124816417694092,-0.038196358145168086,odom,episode_start,odom
66.57060929799991,2026-09-13T11:39:10.998696+00:00,1789299550.9353979,0.06329822540283203,1.80646019183296,1.0222759691095649,0.3124312460422516,-0.03440890000508401,odom,episode_start,odom
66.62820296300015,2026-09-13T11:39:11.056287+00:00,1789299551.047624,0.008662939071655273,1.8064998971438246,1.0246802456248336,0.31231987476348877,-0.018406699181778174,odom,episode_start,odom
66.67987465399983,2026-09-13T11:39:11.107964+00:00,1789299551.0987031,0.009260892868041992,1.8065542258386553,1.0250390929938935,0.3121955692768097,-0.013701653352037988,odom,episode_start,odom
66.74065208699994,2026-09-13T11:39:11.168740+00:00,1789299551.1321142,0.03662586212158203,1.8066272201516134,1.0252009096870722,0.3121263384819031,-0.01135308807645341,odom,episode_start,odom
66.79658546399969,2026-09-13T11:39:11.224676+00:00,1789299551.2099156,0.014760255813598633,1.8068125307523442,1.0254654697760748,0.31193870306015015,-0.006471028165231595,odom,episode_start,odom
66.86283921300037,2026-09-13T11:39:11.290924+00:00,1789299551.2422624,0.04866170883178711,1.8068908233409173,1.025607345841396,0.3118968904018402,-0.004598985186183402,odom,episode_start,odom
66.91654737299996,2026-09-13T11:39:11.344625+00:00,1789299551.335368,0.009257078170776367,1.8070063709296977,1.0259871941285177,0.31176072359085083,-0.00034085857862065083,odom,episode_start,odom
66.97168764900016,2026-09-13T11:39:11.399772+00:00,1789299551.3890276,0.010744333267211914,1.8070815555601383,1.0262028326484576,0.31165844202041626,0.0016404824648243999,odom,episode_start,odom
67.03120513700014,2026-09-13T11:39:11.459277+00:00,1789299551.4121623,0.04711461067199707,1.8071380083092994,1.0263014228348504,0.3116137981414795,0.0025699663596225886,odom,episode_start,odom
67.08730121099961,2026-09-13T11:39:11.515392+00:00,1789299551.5019662,0.013425827026367188,1.8073325175088706,1.0267927561814343,0.31150585412979126,0.006471145228577058,odom,episode_start,odom
67.14211237899963,2026-09-13T11:39:11.570203+00:00,1789299551.5620327,0.008170366287231445,1.8074896668803802,1.0270562320066614,0.3114481568336487,0.008490620984492159,odom,episode_start,odom
67.194839107,2026-09-13T11:39:11.622927+00:00,1789299551.6024065,0.020520448684692383,1.8074526874518608,1.0271820937753025,0.3114125728607178,0.009306097840003913,odom,episode_start,odom
67.24985444699996,2026-09-13T11:39:11.677943+00:00,1789299551.649137,0.028805971145629883,1.807406860588739,1.0272701656841823,0.3113727271556854,0.010443301512808034,odom,episode_start,odom
67.3042856889997,2026-09-13T11:39:11.732374+00:00,1789299551.691901,0.040472984313964844,1.8074479628017053,1.0273272569299747,0.31134358048439026,0.011469149113921162,odom,episode_start,odom
67.36119582599986,2026-09-13T11:39:11.789282+00:00,1789299551.755418,0.03386402130126953,1.8074271048803705,1.0273795585538388,0.3113284409046173,0.01252582593496765,odom,episode_start,odom
67.42575165400012,2026-09-13T11:39:11.853839+00:00,1789299551.8386364,0.015202522277832031,1.8074370261558852,1.0274845452272565,0.3112747371196747,0.013652439428801788,odom,episode_start,odom
67.49456919899967,2026-09-13T11:39:11.922661+00:00,1789299551.9076915,0.014969587326049805,1.8074597843811424,1.027577492278143,0.3112470507621765,0.014352934549442198,odom,episode_start,odom
67.55671035900014,2026-09-13T11:39:11.984802+00:00,1789299551.9619133,0.022888660430908203,1.8074007624561959,1.0277430660988087,0.3111836612224579,0.01652491770555864,odom,episode_start,odom
67.60796352899979,2026-09-13T11:39:12.036052+00:00,1789299552.015298,0.020754098892211914,1.8073759601872867,1.0279091631653885,0.3111380338668823,0.01809782688460193,odom,episode_start,odom
67.65908564999972,2026-09-13T11:39:12.087181+00:00,1789299552.081896,0.005285024642944336,1.8073573634615332,1.0280539970950127,0.31109490990638733,0.0186402528587879,odom,episode_start,odom
67.71390363299997,2026-09-13T11:39:12.141993+00:00,1789299552.1186905,0.023302555084228516,1.807311075692856,1.0280531464605167,0.31108707189559937,0.01893467004883176,odom,episode_start,odom
67.76472388100046,2026-09-13T11:39:12.192814+00:00,1789299552.1652532,0.027560949325561523,1.8072565595302705,1.0280719026127876,0.31108254194259644,0.019459241547903794,odom,episode_start,odom
67.81768681300036,2026-09-13T11:39:12.245777+00:00,1789299552.2218716,0.023905277252197266,1.807214021890387,1.0281402996861313,0.31108465790748596,0.02008323726356931,odom,episode_start,odom
67.87163728999985,2026-09-13T11:39:12.299731+00:00,1789299552.2893717,0.01035928726196289,1.8072020890814355,1.0282082552612006,0.31109681725502014,0.020458854816858718,odom,episode_start,odom
67.92394751200027,2026-09-13T11:39:12.351990+00:00,1789299552.3456357,0.006354331970214844,1.8072119105420643,1.0282952179398714,0.31111010909080505,0.021001812321554292,odom,episode_start,odom
67.97950566599957,2026-09-13T11:39:12.407595+00:00,1789299552.399023,0.008571863174438477,1.8072195459043279,1.0283783814015819,0.31112006306648254,0.02155848085739387,odom,episode_start,odom
68.03100790499957,2026-09-13T11:39:12.459096+00:00,1789299552.4419096,0.017186403274536133,1.806891303964329,1.0290894238387325,0.31127169728279114,0.020436357986233222,odom,episode_start,odom
68.08600682700035,2026-09-13T11:39:12.514096+00:00,1789299552.5040581,0.010037899017333984,1.8088454152067253,1.0282229261964797,0.31174641847610474,-0.0056463430814175375,odom,episode_start,odom
68.13772014999995,2026-09-13T11:39:12.565810+00:00,1789299552.538507,0.027302980422973633,1.809486354585992,1.028528456617834,0.31176087260246277,-0.020480442637840657,odom,episode_start,odom
68.19134491299974,2026-09-13T11:39:12.619435+00:00,1789299552.605492,0.013942956924438477,1.8107634159246428,1.028501397416733,0.31264472007751465,-0.039826539648683,odom,episode_start,odom
68.2565890019996,2026-09-13T11:39:12.684671+00:00,1789299552.6586487,0.02602219581604004,1.8119715030938564,1.0292927323556766,0.31279879808425903,-0.05856898214030148,odom,episode_start,odom
68.31211569799962,2026-09-13T11:39:12.740210+00:00,1789299552.7271016,0.013108491897583008,1.813234834665867,1.0311142583496549,0.3135133683681488,-0.07823260101369689,odom,episode_start,odom
68.36629809199985,2026-09-13T11:39:12.794381+00:00,1789299552.7885313,0.005849599838256836,1.8144300799254112,1.0328356067989306,0.31381604075431824,-0.10086978424435267,odom,episode_start,odom
68.41704019200006,2026-09-13T11:39:12.845125+00:00,1789299552.8151908,0.029934167861938477,1.8140342626595298,1.0335094140411774,0.3137166202068329,-0.10506401249475929,odom,episode_start,odom
68.46976662999987,2026-09-13T11:39:12.897856+00:00,1789299552.8759973,0.021858692169189453,1.8152518591895563,1.0347561928206186,0.3130817413330078,-0.09030663710711306,odom,episode_start,odom
68.5294165080004,2026-09-13T11:39:12.957499+00:00,1789299552.9286401,0.02885890007019043,1.8157457073155623,1.035070601202161,0.31326085329055786,-0.07728698427161507,odom,episode_start,odom
68.5877373809999,2026-09-13T11:39:13.015822+00:00,1789299553.005561,0.010260820388793945,1.8159497537159806,1.034744188882612,0.3133211135864258,-0.06860358220216467,odom,episode_start,odom
68.67172373500034,2026-09-13T11:39:13.099784+00:00,1789299553.0684512,0.03133273124694824,1.8159983407009497,1.035032368552747,0.3132805824279785,-0.06324817716752329,odom,episode_start,odom
68.72273279300043,2026-09-13T11:39:13.150821+00:00,1789299553.1284602,0.022360801696777344,1.8159431315923282,1.0350740634999378,0.3132638931274414,-0.05886775386272336,odom,episode_start,odom
68.77424367099957,2026-09-13T11:39:13.202334+00:00,1789299553.1952605,0.007073402404785156,1.8158705429914221,1.0349934807800925,0.3132149279117584,-0.055346698571763005,odom,episode_start,odom
68.82793070699972,2026-09-13T11:39:13.256022+00:00,1789299553.2362492,0.019772768020629883,1.8158043826934098,1.0350132964287162,0.3131563067436218,-0.053090750991757085,odom,episode_start,odom
68.88706042600006,2026-09-13T11:39:13.315142+00:00,1789299553.2820442,0.03309774398803711,1.8156728815617016,1.0350682110569926,0.31306084990501404,-0.050232912386180884,odom,episode_start,odom
68.96748666999974,2026-09-13T11:39:13.395574+00:00,1789299553.3591564,0.03641772270202637,1.8154262357758815,1.0353843864266874,0.3129230737686157,-0.045847853228878854,odom,episode_start,odom
69.01945162300035,2026-09-13T11:39:13.447539+00:00,1789299553.441862,0.005676984786987305,1.8152169785558985,1.0357841179158673,0.31274890899658203,-0.042241556858552354,odom,episode_start,odom
69.08239010600028,2026-09-13T11:39:13.510473+00:00,1789299553.4754875,0.03498554229736328,1.8151515683831503,1.0358795905648686,0.3126908242702484,-0.04088823301142508,odom,episode_start,odom
69.13541310300025,2026-09-13T11:39:13.563503+00:00,1789299553.5451424,0.018360614776611328,1.8150279296412175,1.0359339460117503,0.3125915229320526,-0.037911034830668155,odom,episode_start,odom
69.18921960300031,2026-09-13T11:39:13.617308+00:00,1789299553.6078234,0.009484529495239258,1.8148576154360487,1.0359581616031146,0.31256821751594543,-0.03633689229509374,odom,episode_start,odom
69.24798408399965,2026-09-13T11:39:13.676076+00:00,1789299553.6584222,0.017653703689575195,1.814676092091465,1.0359739997980124,0.31254032254219055,-0.03503311028511247,odom,episode_start,odom
69.322459041,2026-09-13T11:39:13.750547+00:00,1789299553.7183714,0.032175540924072266,1.8145616662420834,1.0359934669635649,0.31255465745925903,-0.03375369924065863,odom,episode_start,odom
69.37481089599987,2026-09-13T11:39:13.802903+00:00,1789299553.7656128,0.037290096282958984,1.8145033375108404,1.0360043101485996,0.3125618100166321,-0.03296095055082482,odom,episode_start,odom
69.43609728299998,2026-09-13T11:39:13.864166+00:00,1789299553.8520133,0.012152671813964844,1.8144471539295135,1.036005009199972,0.312534898519516,-0.03130429443097449,odom,episode_start,odom
69.51924512400001,2026-09-13T11:39:13.947333+00:00,1789299553.9083788,0.03895425796508789,1.8143321614533652,1.0359620223687749,0.3125247657299042,-0.030369376602625172,odom,episode_start,odom
69.57940155800043,2026-09-13T11:39:14.007487+00:00,1789299553.9884434,0.019043684005737305,1.814198274940693,1.0359071054086968,0.31248944997787476,-0.029319816366590645,odom,episode_start,odom
69.63350122500015,2026-09-13T11:39:14.061586+00:00,1789299554.0550501,0.006535768508911133,1.8141980818629369,1.035942002872359,0.3124675154685974,-0.02891407712597993,odom,episode_start,odom
69.6878564259996,2026-09-13T11:39:14.115946+00:00,1789299554.1060076,0.009938478469848633,1.8142210041296576,1.0359589314850255,0.3124594986438751,-0.02880051583812171,odom,episode_start,odom
69.75121662699985,2026-09-13T11:39:14.179303+00:00,1789299554.1650717,0.014231204986572266,1.8142608347581595,1.0359418776941143,0.31245696544647217,-0.028631033265015926,odom,episode_start,odom
69.80982135399972,2026-09-13T11:39:14.237910+00:00,1789299554.198832,0.0390779972076416,1.814311708052209,1.0359264894357247,0.312457412481308,-0.028450627390636418,odom,episode_start,odom
69.86891551700046,2026-09-13T11:39:14.297005+00:00,1789299554.2808666,0.016138315200805664,1.8143061545066406,1.0359108704271376,0.3124578893184662,-0.02802681273263441,odom,episode_start,odom
69.92207432899977,2026-09-13T11:39:14.350163+00:00,1789299554.3183503,0.03181266784667969,1.814301409406589,1.0359213585273335,0.3124578595161438,-0.027773583318682515,odom,episode_start,odom
69.97319596800025,2026-09-13T11:39:14.401286+00:00,1789299554.364967,0.03631877899169922,1.814296631150633,1.0359025105019803,0.31246623396873474,-0.027433721643707498,odom,episode_start,odom
70.02466184999957,2026-09-13T11:39:14.452753+00:00,1789299554.4250526,0.027700424194335938,1.814318198595956,1.0358419381459703,0.3124789595603943,-0.026807563683501682,odom,episode_start,odom
70.08899673199994,2026-09-13T11:39:14.517063+00:00,1789299554.4783566,0.038706302642822266,1.8143114973041328,1.035839457765175,0.31248748302459717,-0.02627760037962368,odom,episode_start,odom
70.14349626199964,2026-09-13T11:39:14.571586+00:00,1789299554.5318582,0.03972768783569336,1.8143802272754577,1.0358645154035424,0.3124951720237732,-0.02611011260729046,odom,episode_start,odom
70.19660188699982,2026-09-13T11:39:14.624690+00:00,1789299554.604958,0.019731998443603516,1.8143577064021665,1.0358169906955987,0.3125017285346985,-0.02600165549512079,odom,episode_start,odom
70.25845537700025,2026-09-13T11:39:14.686544+00:00,1789299554.6683018,0.01824212074279785,1.8142984322345104,1.0358279589593729,0.3125050365924835,-0.02569618544749441,odom,episode_start,odom
70.32031481899958,2026-09-13T11:39:14.748405+00:00,1789299554.7224607,0.025944232940673828,1.8142433683560082,1.0358198520210236,0.31250670552253723,-0.02569214227077854,odom,episode_start,odom
70.37485169499996,2026-09-13T11:39:14.802940+00:00,1789299554.7874522,0.0154876708984375,1.8143422529243365,1.0358147062218885,0.31250566244125366,-0.025618479780401326,odom,episode_start,odom
70.4433570250003,2026-09-13T11:39:14.870379+00:00,1789299554.8382258,0.03215312957763672,1.8143864290461744,1.035785052733695,0.3125064969062805,-0.025603391539214204,odom,episode_start,odom
70.50402206299987,2026-09-13T11:39:14.932106+00:00,1789299554.9137716,0.018334388732910156,1.8143603963889177,1.0357591562734827,0.3125069737434387,-0.025454609421315055,odom,episode_start,odom
70.55580505200032,2026-09-13T11:39:14.983896+00:00,1789299554.9649827,0.01891326904296875,1.8143396189249401,1.035802067909055,0.31250664591789246,-0.02547353885371173,odom,episode_start,odom
70.60710173999996,2026-09-13T11:39:15.035194+00:00,1789299555.0068667,0.028327226638793945,1.8143686000651562,1.035810258580769,0.3125064969062805,-0.02538110982628261,odom,episode_start,odom
70.67098987400004,2026-09-13T11:39:15.099064+00:00,1789299555.067352,0.03171205520629883,1.814375976385028,1.0357996628731427,0.31250786781311035,-0.025443387624292102,odom,episode_start,odom
70.7231089449997,2026-09-13T11:39:15.151199+00:00,1789299555.144986,0.006213188171386719,1.8143099378399947,1.035754047502196,0.31250983476638794,-0.02536348337052008,odom,episode_start,odom
70.77601238100033,2026-09-13T11:39:15.204102+00:00,1789299555.1862628,0.01783919334411621,1.8142855404384375,1.0357623256299606,0.3125096559524536,-0.02531145750346564,odom,episode_start,odom
70.83283818699965,2026-09-13T11:39:15.260927+00:00,1789299555.2250466,0.035880327224731445,1.8143169960033707,1.035777403821819,0.3125093877315521,-0.025326934695840464,odom,episode_start,odom
70.89366451299975,2026-09-13T11:39:15.321745+00:00,1789299555.2949476,0.02679729461669922,1.8143031440791524,1.0357263272748178,0.3125094175338745,-0.025462298629874702,odom,episode_start,odom
70.94520377400022,2026-09-13T11:39:15.373292+00:00,1789299555.3316438,0.041648149490356445,1.814285564709429,1.0356997934589987,0.3125108480453491,-0.025328266020499424,odom,episode_start,odom
71.00099502499961,2026-09-13T11:39:15.429084+00:00,1789299555.4217114,0.007372617721557617,1.8142775726746239,1.0357193689760804,0.3125114142894745,-0.02518403921067658,odom,episode_start,odom
71.06328412200037,2026-09-13T11:39:15.491372+00:00,1789299555.4781313,0.013240814208984375,1.814305338416741,1.0357065567937607,0.3125111162662506,-0.025202759389977073,odom,episode_start,odom
71.12473778000003,2026-09-13T11:39:15.552825+00:00,1789299555.532396,0.020428895950317383,1.814367717862459,1.0356708876139133,0.31251055002212524,-0.0252539605856521,odom,episode_start,odom
71.17964657999983,2026-09-13T11:39:15.607736+00:00,1789299555.5882776,0.019458532333374023,1.8142588730558917,1.0356480106142643,0.31251275539398193,-0.02524008700093261,odom,episode_start,odom
71.232926357,2026-09-13T11:39:15.661018+00:00,1789299555.6283107,0.03270721435546875,1.8142639120414479,1.0356661026577807,0.31251242756843567,-0.025183459932375696,odom,episode_start,odom
71.29282654899998,2026-09-13T11:39:15.720916+00:00,1789299555.7017994,0.019116640090942383,1.814247341193691,1.035693547017147,0.3125115633010864,-0.025309404663919288,odom,episode_start,odom
71.35259678199964,2026-09-13T11:39:15.780681+00:00,1789299555.7481365,0.03254437446594238,1.8143316955834976,1.0356458317622597,0.312512069940567,-0.025286248377479836,odom,episode_start,odom
71.40440604299965,2026-09-13T11:39:15.832493+00:00,1789299555.8267791,0.005713939666748047,1.81423193511682,1.0357143438884058,0.31257525086402893,0.00030308823931846085,odom,episode_start,odom
71.47398532100033,2026-09-13T11:39:15.902069+00:00,1789299555.8748527,0.027216434478759766,1.8142153431734773,1.0354916751987673,0.31239110231399536,0.02828637446943416,odom,episode_start,odom
71.52967003699996,2026-09-13T11:39:15.957757+00:00,1789299555.938229,0.019527912139892578,1.813989138675453,1.035174325232357,0.3121991455554962,0.057575959719446075,odom,episode_start,odom
71.58052519499961,2026-09-13T11:39:16.008615+00:00,1789299555.984876,0.023739099502563477,1.813825789173971,1.0357238246596046,0.3121156096458435,0.07648571804407989,odom,episode_start,odom
71.6359231739998,2026-09-13T11:39:16.064013+00:00,1789299556.0347414,0.029271602630615234,1.8135613944200035,1.0366366137866432,0.31211888790130615,0.0967527242262891,odom,episode_start,odom
71.68745398600004,2026-09-13T11:39:16.115544+00:00,1789299556.0915318,0.024012327194213867,1.813334802583363,1.0385104741191924,0.3121386766433716,0.10695680870622513,odom,episode_start,odom
71.74643399500019,2026-09-13T11:39:16.174520+00:00,1789299556.145908,0.02861189842224121,1.8123399338603678,1.0379783236630282,0.31182602047920227,0.10044840921400411,odom,episode_start,odom
71.7985503760001,2026-09-13T11:39:16.226645+00:00,1789299556.214963,0.01168203353881836,1.8121555842346755,1.0385108806792336,0.3116762936115265,0.09800915329849635,odom,episode_start,odom
71.85980926899992,2026-09-13T11:39:16.287899+00:00,1789299556.2752619,0.012637138366699219,1.8118143650260856,1.0386211974949844,0.3116340935230255,0.09821072288051158,odom,episode_start,odom
71.91170352500012,2026-09-13T11:39:16.339791+00:00,1789299556.3318136,0.007977485656738281,1.8116497329191468,1.038534754687811,0.3116408884525299,0.09770903968674637,odom,episode_start,odom
71.97384659700037,2026-09-13T11:39:16.401878+00:00,1789299556.3716152,0.03026294708251953,1.8116050311189915,1.0385158975298774,0.31164488196372986,0.09740175202803436,odom,episode_start,odom
72.03273066400016,2026-09-13T11:39:16.460820+00:00,1789299556.4283547,0.032465219497680664,1.811615473754201,1.038557564780811,0.3116473853588104,0.09723118371035167,odom,episode_start,odom
72.0868550969999,2026-09-13T11:39:16.514945+00:00,1789299556.504914,0.010030984878540039,1.8115742695924621,1.0385851416145364,0.31164780259132385,0.09734718646449748,odom,episode_start,odom
72.14440731200011,2026-09-13T11:39:16.572491+00:00,1789299556.54163,0.03086090087890625,1.8115557085036724,1.0385866352135442,0.31164851784706116,0.09749961082815894,odom,episode_start,odom
72.19553022800028,2026-09-13T11:39:16.623618+00:00,1789299556.615241,0.008376836776733398,1.8112613863748401,1.0384242781016588,0.31191301345825195,0.09598527418349434,odom,episode_start,odom
72.26786105500014,2026-09-13T11:39:16.695891+00:00,1789299556.6681452,0.027745723724365234,1.8133520391253848,1.0378136413225132,0.3126157522201538,0.07452192313788975,odom,episode_start,odom
72.32184007199976,2026-09-13T11:39:16.749932+00:00,1789299556.716468,0.03346395492553711,1.813547747591781,1.0383031325372654,0.3141026794910431,0.0537188145496863,odom,episode_start,odom
72.37389177800014,2026-09-13T11:39:16.801966+00:00,1789299556.7814782,0.02048778533935547,1.8141079041250003,1.038622476763718,0.3156004846096039,0.033109315513857096,odom,episode_start,odom
72.43994201900023,2026-09-13T11:39:16.868030+00:00,1789299556.8281145,0.03991556167602539,1.8141472057051526,1.0398911845799683,0.31464874744415283,0.030569551391291142,odom,episode_start,odom
72.49915112899998,2026-09-13T11:39:16.927243+00:00,1789299556.9147463,0.012496709823608398,1.813917109127512,1.0404487929810429,0.3130584955215454,0.05078997669133045,odom,episode_start,odom
72.5499602990003,2026-09-13T11:39:16.978035+00:00,1789299556.9615467,0.016488313674926758,1.813466874616189,1.040030492265548,0.312698096036911,0.0559186768390636,odom,episode_start,odom
72.6033109910004,2026-09-13T11:39:17.029870+00:00,1789299557.0147803,0.015089750289916992,1.8130075547234579,1.0397307555699602,0.3126271665096283,0.05904125746674583,odom,episode_start,odom
72.66147840800022,2026-09-13T11:39:17.089566+00:00,1789299557.0481374,0.041428565979003906,1.8127166987643462,1.0394909811730106,0.31261247396469116,0.05983632370759694,odom,episode_start,odom
72.72742467300031,2026-09-13T11:39:17.155496+00:00,1789299557.1284294,0.027066469192504883,1.8124356720584083,1.0393227766798052,0.31260910630226135,0.06017912324671259,odom,episode_start,odom
72.78037329299968,2026-09-13T11:39:17.208464+00:00,1789299557.2018738,0.006590127944946289,1.8124335217960177,1.0392992520498483,0.31260836124420166,0.06066883443753945,odom,episode_start,odom
72.83525277599983,2026-09-13T11:39:17.263344+00:00,1789299557.2415357,0.021808385848999023,1.8124924979585577,1.0392714884913705,0.31261011958122253,0.06098782156335503,odom,episode_start,odom
72.89565385700007,2026-09-13T11:39:17.323742+00:00,1789299557.3081148,0.015627145767211914,1.812460825292544,1.0392220480934258,0.312612920999527,0.06085901596442267,odom,episode_start,odom
72.94703781099997,2026-09-13T11:39:17.375128+00:00,1789299557.3551726,0.01995539665222168,1.812479789214304,1.0392272350886775,0.31261518597602844,0.060741859562128964,odom,episode_start,odom
73.00629732299967,2026-09-13T11:39:17.434382+00:00,1789299557.404808,0.029573917388916016,1.8124676686877375,1.0392319650503177,0.3126150965690613,0.0609881561384924,odom,episode_start,odom
73.07000790700022,2026-09-13T11:39:17.498097+00:00,1789299557.4848676,0.0132293701171875,1.8125059814462399,1.039258882341579,0.31261199712753296,0.06101797242080864,odom,episode_start,odom
73.1206750829997,2026-09-13T11:39:17.548767+00:00,1789299557.54505,0.003717184066772461,1.8124730079118019,1.0392259677730828,0.3126102089881897,0.06072313695829168,odom,episode_start,odom
73.18423177099976,2026-09-13T11:39:17.612320+00:00,1789299557.5881398,0.024180173873901367,1.8124796456713932,1.0391825218230442,0.31261110305786133,0.06067634327659066,odom,episode_start,odom
73.23977282800024,2026-09-13T11:39:17.667863+00:00,1789299557.6547654,0.013097524642944336,1.812464140672993,1.039168940853374,0.31261125206947327,0.06096807340423549,odom,episode_start,odom
73.3184342579998,2026-09-13T11:39:17.746523+00:00,1789299557.7080855,0.0384373664855957,1.812459007977888,1.039211947191358,0.3126091957092285,0.06101076845182751,odom,episode_start,odom
73.3694222209997,2026-09-13T11:39:17.797513+00:00,1789299557.7906265,0.006886482238769531,1.8124636229862312,1.0392286523499397,0.3126075267791748,0.06091818719005815,odom,episode_start,odom
73.43249363199993,2026-09-13T11:39:17.860578+00:00,1789299557.8479736,0.012604475021362305,1.8125001151043172,1.0391790922831499,0.3126087188720703,0.06089805991635999,odom,episode_start,odom
73.48550350400001,2026-09-13T11:39:17.913592+00:00,1789299557.9013917,0.012200355529785156,1.8124927599286877,1.0391843942814512,0.31260955333709717,0.06101973536306594,odom,episode_start,odom
73.5544917999996,2026-09-13T11:39:17.982581+00:00,1789299557.94612,0.03646087646484375,1.8124915459701298,1.039200668116954,0.3126088082790375,0.06102033138201878,odom,episode_start,odom
73.60718440500023,2026-09-13T11:39:18.035268+00:00,1789299558.0248342,0.01043391227722168,1.812535493624915,1.0392174605823286,0.3126062750816345,0.06077161169025925,odom,episode_start,odom
73.66273941300005,2026-09-13T11:39:18.090831+00:00,1789299558.074652,0.01617908477783203,1.812489437996224,1.0391665560683467,0.3126073181629181,0.06076841051826686,odom,episode_start,odom
73.71530922599959,2026-09-13T11:39:18.143398+00:00,1789299558.1013916,0.042006492614746094,1.8124710410484037,1.0391538386879442,0.31260818243026733,0.060851141708399226,odom,episode_start,odom
73.76977838000039,2026-09-13T11:39:18.197868+00:00,1789299558.1681333,0.02973484992980957,1.812425912938138,1.0391126718017214,0.31260913610458374,0.060932822555201716,odom,episode_start,odom
73.82852563699998,2026-09-13T11:39:18.256616+00:00,1789299558.2367795,0.0198366641998291,1.8125030562414102,1.0391686023464872,0.3126071095466614,0.06082146973081315,odom,episode_start,odom
73.87921927699972,2026-09-13T11:39:18.307309+00:00,1789299558.2948472,0.012461662292480469,1.81254938217896,1.0391706504113416,0.3126072883605957,0.06087863453860498,odom,episode_start,odom
73.9350313570003,2026-09-13T11:39:18.363121+00:00,1789299558.3479846,0.015136480331420898,1.8124592345587214,1.0391364014713438,0.3126073479652405,0.06091509580364929,odom,episode_start,odom
73.98769759100014,2026-09-13T11:39:18.415786+00:00,1789299558.408111,0.0076749324798583984,1.8123839969195132,1.039127596524237,0.31260839104652405,0.060933184761065684,odom,episode_start,odom
74.05047119200026,2026-09-13T11:39:18.478560+00:00,1789299558.4550319,0.023528099060058594,1.8124547391694703,1.0391569573674562,0.3126066327095032,0.0608693389940389,odom,episode_start,odom
74.11133495400009,2026-09-13T11:39:18.539414+00:00,1789299558.5247576,0.014656305313110352,1.8125143950258544,1.0391579634072667,0.3126063346862793,0.06072634612136496,odom,episode_start,odom
74.16832399800023,2026-09-13T11:39:18.596415+00:00,1789299558.5879576,0.008457422256469727,1.8124827734337325,1.0391279964283728,0.31260666251182556,0.060834414604213675,odom,episode_start,odom
74.2355429420004,2026-09-13T11:39:18.663633+00:00,1789299558.6447828,0.018850326538085938,1.8125277046938033,1.0391458612453661,0.3126063942909241,0.060908981089322196,odom,episode_start,odom
74.29321352900024,2026-09-13T11:39:18.721305+00:00,1789299558.7046554,0.016649484634399414,1.8125640893039643,1.039155477417566,0.3126055598258972,0.06084860148344795,odom,episode_start,odom
74.3511908849996,2026-09-13T11:39:18.779281+00:00,1789299558.7514331,0.027847766876220703,1.8126336892673134,1.0391616612702952,0.3126052916049957,0.060814811855175226,odom,episode_start,odom
74.40880834899963,2026-09-13T11:39:18.836899+00:00,1789299558.8180044,0.018894672393798828,1.8126263253062767,1.0391369024308952,0.31260594725608826,0.06098384157314407,odom,episode_start,odom
74.45942656100033,2026-09-13T11:39:18.887519+00:00,1789299558.878184,0.009334802627563477,1.8126254571009663,1.0391230685241695,0.3126056492328644,0.06095392516932297,odom,episode_start,odom
74.510602501,2026-09-13T11:39:18.938694+00:00,1789299558.931394,0.007299900054931641,1.81263372465661,1.0391501127803895,0.31260520219802856,0.06080075400236983,odom,episode_start,odom
74.57371084100032,2026-09-13T11:39:19.001803+00:00,1789299558.9811738,0.020629167556762695,1.8126459316463646,1.0391533077478943,0.31260478496551514,0.0606892511420447,odom,episode_start,odom
74.63157266899998,2026-09-13T11:39:19.059658+00:00,1789299559.034565,0.02509307861328125,1.8126239253330856,1.0391033100050215,0.31260591745376587,0.06086209813349819,odom,episode_start,odom
74.69421995700031,2026-09-13T11:39:19.122310+00:00,1789299559.1078188,0.014491081237792969,1.812564323776848,1.039126346381435,0.31260478496551514,0.06111309450387981,odom,episode_start,odom
74.74838496400025,2026-09-13T11:39:19.176471+00:00,1789299559.1557205,0.02075052261352539,1.8125597635153294,1.0391255067159861,0.3126052916049957,0.06079697902182857,odom,episode_start,odom
74.80709516099978,2026-09-13T11:39:19.235185+00:00,1789299559.2079892,0.02719569206237793,1.8126598574759254,1.0391240488534477,0.31260567903518677,0.060703187391409896,odom,episode_start,odom
74.85928578200037,2026-09-13T11:39:19.287371+00:00,1789299559.247863,0.03950786590576172,1.8126926768953313,1.039114897010973,0.31260523200035095,0.06099021771872892,odom,episode_start,odom
74.91273666800043,2026-09-13T11:39:19.340831+00:00,1789299559.311209,0.02962207794189453,1.8126629976966053,1.0390959763705598,0.3126057982444763,0.06100063106214515,odom,episode_start,odom
74.97453430699989,2026-09-13T11:39:19.402619+00:00,1789299559.3646538,0.03796505928039551,1.8126480197165584,1.039106375277744,0.3126045763492584,0.060960908285427884,odom,episode_start,odom
75.02821208600017,2026-09-13T11:39:19.456301+00:00,1789299559.4478288,0.008472204208374023,1.812648329633831,1.039095992948512,0.3126046061515808,0.06091407272052396,odom,episode_start,odom
75.08978183999989,2026-09-13T11:39:19.517868+00:00,1789299559.5011861,0.016681909561157227,1.8126587473523594,1.039084754375879,0.3126053512096405,0.061019999011695525,odom,episode_start,odom
75.14855687199997,2026-09-13T11:39:19.576645+00:00,1789299559.561191,0.015453815460205078,1.812644644030132,1.0391181251841348,0.3126046061515808,0.06104469319880401,odom,episode_start,odom
75.2007313969998,2026-09-13T11:39:19.628821+00:00,1789299559.5984845,0.030336380004882812,1.8126761699269798,1.039118283319273,0.31260380148887634,0.06105398262211836,odom,episode_start,odom
75.25555983400045,2026-09-13T11:39:19.683642+00:00,1789299559.6609542,0.022687673568725586,1.812679551619237,1.0391238483303193,0.3126033842563629,0.06100635887047612,odom,episode_start,odom
75.30732211099985,2026-09-13T11:39:19.735342+00:00,1789299559.7146332,0.020708799362182617,1.812668244898329,1.0390565623236514,0.31260547041893005,0.0609868710981154,odom,episode_start,odom
75.37579901400022,2026-09-13T11:39:19.803779+00:00,1789299559.7745543,0.029224634170532227,1.8126236010712533,1.0390581396560241,0.3126055896282196,0.06118074336117285,odom,episode_start,odom
75.44040737500018,2026-09-13T11:39:19.868485+00:00,1789299559.8247435,0.043741464614868164,1.8125985383204117,1.0390932008637301,0.31260523200035095,0.06111099483647897,odom,episode_start,odom
75.50410237100004,2026-09-13T11:39:19.932189+00:00,1789299559.9010553,0.031133651733398438,1.8126405927694733,1.0390893206432286,0.31260472536087036,0.06094702727142032,odom,episode_start,odom
75.56454373999986,2026-09-13T11:39:19.992627+00:00,1789299559.944484,0.04814291000366211,1.8126262626674015,1.039074622253879,0.31260478496551514,0.06105011779555247,odom,episode_start,odom
75.62145031100044,2026-09-13T11:39:20.049534+00:00,1789299560.0113049,0.03822922706604004,1.8126446393643365,1.0390762794974249,0.3126048147678375,0.06101996351737781,odom,episode_start,odom
75.67877457099985,2026-09-13T11:39:20.106863+00:00,1789299560.0979383,0.008924722671508789,1.8126369397754947,1.0390871584686816,0.3126046359539032,0.060901700646431856,odom,episode_start,odom
75.74428448599974,2026-09-13T11:39:20.172376+00:00,1789299560.1544895,0.01788640022277832,1.812663816614738,1.0390576291658706,0.3126049041748047,0.060898527480290676,odom,episode_start,odom
75.8055634049997,2026-09-13T11:39:20.233650+00:00,1789299560.2111418,0.02250814437866211,1.8126332319351857,1.039007323342192,0.3126058578491211,0.0609893792578442,odom,episode_start,odom
75.86611197799994,2026-09-13T11:39:20.294202+00:00,1789299560.2864256,0.007776498794555664,1.8125672238659862,1.0390401056353402,0.31260591745376587,0.0610007942344748,odom,episode_start,odom
75.91673303599964,2026-09-13T11:39:20.344821+00:00,1789299560.3383486,0.006472349166870117,1.812653793390451,1.0390373105719708,0.3126056492328644,0.06074452665259455,odom,episode_start,odom
75.97640747900004,2026-09-13T11:39:20.404492+00:00,1789299560.3884246,0.0160672664642334,1.8127262784040323,1.0390416697641776,0.3126053810119629,0.06079002689854174,odom,episode_start,odom
76.031246603,2026-09-13T11:39:20.459336+00:00,1789299560.4475293,0.011806726455688477,1.8126735334951802,1.0390229147042744,0.312605619430542,0.06106724583845203,odom,episode_start,odom
76.09358619100021,2026-09-13T11:39:20.521676+00:00,1789299560.507753,0.013923168182373047,1.812655318705822,1.0390479310967728,0.31260424852371216,0.06098612476829701,odom,episode_start,odom
76.14495618799992,2026-09-13T11:39:20.573044+00:00,1789299560.5578156,0.015228509902954102,1.8126697402840508,1.0390424157200773,0.3126039505004883,0.060895474947069594,odom,episode_start,odom
76.2058917280001,2026-09-13T11:39:20.633973+00:00,1789299560.6277602,0.006212711334228516,1.8126837741677204,1.0390076111223596,0.31260547041893005,0.060823499876237364,odom,episode_start,odom
76.25997986499988,2026-09-13T11:39:20.688070+00:00,1789299560.6809816,0.007088422775268555,1.812677781953207,1.0390050369325095,0.3126058280467987,0.061012032637913105,odom,episode_start,odom
76.31104625999978,2026-09-13T11:39:20.739136+00:00,1789299560.7278092,0.011326789855957031,1.8126518302994912,1.0390233810197242,0.31260523200035095,0.060953985723327005,odom,episode_start,odom
76.3640338539999,2026-09-13T11:39:20.792126+00:00,1789299560.77776,0.014365911483764648,1.8126441514082134,1.0390371432047472,0.3126020133495331,0.06082607874540957,odom,episode_start,odom
76.42188256000009,2026-09-13T11:39:20.849967+00:00,1789299560.8211648,0.028802156448364258,1.812623263011045,1.0390110471645162,0.3126014173030853,0.06088301886303937,odom,episode_start,odom
76.48473305799962,2026-09-13T11:39:20.912743+00:00,1789299560.898788,0.013955116271972656,1.8126051783133952,1.0390088702982365,0.31260251998901367,0.06100969484257801,odom,episode_start,odom
76.54162903700035,2026-09-13T11:39:20.969719+00:00,1789299560.937928,0.031790971755981445,1.812578653679909,1.0390174298531651,0.31260254979133606,0.06098365794842509,odom,episode_start,odom
76.59880083900043,2026-09-13T11:39:21.026889+00:00,1789299561.0154362,0.011452913284301758,1.8125713206413843,1.039062891754769,0.31260114908218384,0.06096923492231188,odom,episode_start,odom
76.66000077599983,2026-09-13T11:39:21.088090+00:00,1789299561.0677874,0.020302534103393555,1.8125461318189406,1.0390515539134344,0.31260213255882263,0.060904369383635755,odom,episode_start,odom
76.71465611199983,2026-09-13T11:39:21.142744+00:00,1789299561.1076903,0.03505373001098633,1.8125712093610205,1.0390638684608668,0.31260132789611816,0.0609553943088359,odom,episode_start,odom
76.7680099019999,2026-09-13T11:39:21.196097+00:00,1789299561.1743426,0.02175426483154297,1.812549095093138,1.0390812238800746,0.31260085105895996,0.06115110913211108,odom,episode_start,odom
76.81970401200033,2026-09-13T11:39:21.247795+00:00,1789299561.2042344,0.04356074333190918,1.812570610224039,1.0390875163330966,0.31260058283805847,0.06100595264105535,odom,episode_start,odom
76.872644434,2026-09-13T11:39:21.300734+00:00,1789299561.2844763,0.016257762908935547,1.8126108607101419,1.0390836342761285,0.31260189414024353,0.06088615171303236,odom,episode_start,odom
76.93161589099964,2026-09-13T11:39:21.359706+00:00,1789299561.3475776,0.012128353118896484,1.812632996568945,1.0390528082245045,0.31260189414024353,0.06097274703240796,odom,episode_start,odom
76.98800515099992,2026-09-13T11:39:21.416092+00:00,1789299561.3957338,0.02035808563232422,1.8126197343019546,1.0390879917313738,0.31260135769844055,0.06103081475117778,odom,episode_start,odom
77.05826215300021,2026-09-13T11:39:21.486349+00:00,1789299561.454394,0.03195500373840332,1.8126143532360843,1.0390963995041682,0.3126004636287689,0.060836693209537884,odom,episode_start,odom
77.11261350400036,2026-09-13T11:39:21.540702+00:00,1789299561.5277736,0.012928485870361328,1.8126751922280198,1.0390727184262816,0.31259992718696594,0.060695959221150904,odom,episode_start,odom
77.16721120500006,2026-09-13T11:39:21.595304+00:00,1789299561.5844505,0.01085352897644043,1.8126891989616163,1.0390258926204519,0.3126008212566376,0.060648655122824024,odom,episode_start,odom
77.2191590579996,2026-09-13T11:39:21.647243+00:00,1789299561.6414676,0.00577545166015625,1.81270524155049,1.0390608066123137,0.31260016560554504,0.06069324774734275,odom,episode_start,odom
77.28465156200036,2026-09-13T11:39:21.712737+00:00,1789299561.674337,0.03840017318725586,1.8127362377489145,1.0390860464091436,0.3125995099544525,0.06062735673166286,odom,episode_start,odom
77.3505798670003,2026-09-13T11:39:21.778666+00:00,1789299561.7489486,0.029717445373535156,1.812757031790844,1.039057802836346,0.3125990033149719,0.06049408641315712,odom,episode_start,odom
77.40357776400015,2026-09-13T11:39:21.831665+00:00,1789299561.8211684,0.01049661636352539,1.8127387590284063,1.0390623847385378,0.3126002252101898,0.06064924885852174,odom,episode_start,odom
77.4671928480002,2026-09-13T11:39:21.895282+00:00,1789299561.8678699,0.02741217613220215,1.8126864216183198,1.0390921559596047,0.31259942054748535,0.06061771955930272,odom,episode_start,odom
77.52436327400028,2026-09-13T11:39:21.952452+00:00,1789299561.934294,0.018157958984375,1.812709726913804,1.0390965281065827,0.31259897351264954,0.06048945537416173,odom,episode_start,odom
77.57612484400033,2026-09-13T11:39:22.004212+00:00,1789299561.9977,0.0065119266510009766,1.8127446891502286,1.0390563092870906,0.31259965896606445,0.06053672346869665,odom,episode_start,odom
77.62874838199969,2026-09-13T11:39:22.056818+00:00,1789299562.0343277,0.022490262985229492,1.8127153593776835,1.0390036729785312,0.31260085105895996,0.06071907308219603,odom,episode_start,odom
77.68389110499993,2026-09-13T11:39:22.111973+00:00,1789299562.100981,0.010992050170898438,1.8127073213814606,1.039037443840181,0.31260091066360474,0.06073719200173233,odom,episode_start,odom
77.73505363099957,2026-09-13T11:39:22.163145+00:00,1789299562.1475651,0.015579938888549805,1.8127045563969992,1.0390683526323075,0.3126005530357361,0.06044210705627173,odom,episode_start,odom
77.78997390899985,2026-09-13T11:39:22.218059+00:00,1789299562.2011507,0.01690840721130371,1.8127426024200703,1.0390787109879682,0.3125993013381958,0.06041604473016604,odom,episode_start,odom
77.85505058000035,2026-09-13T11:39:22.283141+00:00,1789299562.2542276,0.028913259506225586,1.8126954234156214,1.039040220389626,0.3126004636287689,0.060644783991604445,odom,episode_start,odom
77.90884244100016,2026-09-13T11:39:22.336931+00:00,1789299562.320865,0.01606607437133789,1.8126264658706004,1.0390452548586449,0.3126009702682495,0.06061734894595406,odom,episode_start,odom
77.96958091000033,2026-09-13T11:39:22.397662+00:00,1789299562.3813493,0.016312599182128906,1.8126652017129583,1.039089912881022,0.31259968876838684,0.060363563673000664,odom,episode_start,odom
78.02392131499982,2026-09-13T11:39:22.452013+00:00,1789299562.441065,0.010947942733764648,1.8126840427893711,1.039053269824406,0.3126005232334137,0.06033862919491062,odom,episode_start,odom
78.08380194300025,2026-09-13T11:39:22.511892+00:00,1789299562.5009124,0.010979652404785156,1.8126720275373371,1.0390397081625116,0.3126010000705719,0.06045800257283385,odom,episode_start,odom
78.13676569200015,2026-09-13T11:39:22.564855+00:00,1789299562.5519745,0.012880563735961914,1.812640452452817,1.0390491763747685,0.31259968876838684,0.060418900855829794,odom,episode_start,odom
78.19751593799992,2026-09-13T11:39:22.625606+00:00,1789299562.6042938,0.021312236785888672,1.812685178176791,1.0390754857436406,0.3125990629196167,0.06014952021440223,odom,episode_start,odom
78.26060116600001,2026-09-13T11:39:22.688684+00:00,1789299562.651061,0.037622928619384766,1.8126962842750654,1.0390612701481874,0.31260013580322266,0.05996183399976007,odom,episode_start,odom
78.31615236000016,2026-09-13T11:39:22.744241+00:00,1789299562.7309477,0.013293266296386719,1.8126877035758944,1.0390400392240262,0.3126002252101898,0.06037876864548841,odom,episode_start,odom
78.36741607600015,2026-09-13T11:39:22.795507+00:00,1789299562.7908125,0.004694461822509766,1.8126783158707478,1.039029977880619,0.3125998079776764,0.060328622246816455,odom,episode_start,odom
78.4293419100004,2026-09-13T11:39:22.857431+00:00,1789299562.8411615,0.016269445419311523,1.812718724591494,1.039056377385613,0.3125993609428406,0.060127708512221156,odom,episode_start,odom
78.480849992,2026-09-13T11:39:22.908941+00:00,1789299562.8909976,0.017943382263183594,1.8127384793879562,1.0390275498142452,0.3125992715358734,0.060202472704152354,odom,episode_start,odom
78.5339651739996,2026-09-13T11:39:22.962033+00:00,1789299562.9510257,0.011007308959960938,1.812703197902668,1.038994459589549,0.312600314617157,0.06036322409515926,odom,episode_start,odom
78.59700550300022,2026-09-13T11:39:23.025089+00:00,1789299563.0076723,0.017416715621948242,1.8126971868768098,1.039018101952379,0.3125992715358734,0.06039301134077336,odom,episode_start,odom
78.65623982000034,2026-09-13T11:39:23.084327+00:00,1789299563.0512598,0.03306722640991211,1.8127033019366705,1.039062506194097,0.3125986158847809,0.06029724965288996,odom,episode_start,odom
78.72134432999974,2026-09-13T11:39:23.149435+00:00,1789299563.1342065,0.015228509902954102,1.8127276178880083,1.0390181644419962,0.31259939074516296,0.06023251298387655,odom,episode_start,odom
78.78198797599998,2026-09-13T11:39:23.210075+00:00,1789299563.2019026,0.008172273635864258,1.8127139802852938,1.0389887041808172,0.31260043382644653,0.06048454207691024,odom,episode_start,odom
78.8442504349996,2026-09-13T11:39:23.272340+00:00,1789299563.2476199,0.024720191955566406,1.8126976839655131,1.0390173147008572,0.31259968876838684,0.060194446614374675,odom,episode_start,odom
78.90409848299987,2026-09-13T11:39:23.332193+00:00,1789299563.30841,0.023782968521118164,1.8126988239192232,1.0390195688479922,0.3126002848148346,0.0600206927088911,odom,episode_start,odom
78.95669289800026,2026-09-13T11:39:23.384777+00:00,1789299563.354204,0.030573129653930664,1.812695494640893,1.039008946486724,0.31260058283805847,0.06007860801622833,odom,episode_start,odom
79.02296825899975,2026-09-13T11:39:23.451057+00:00,1789299563.4220533,0.029003620147705078,1.8127115178722386,1.0390164464955471,0.31259986758232117,0.06035253086864278,odom,episode_start,odom
79.07866659699994,2026-09-13T11:39:23.506758+00:00,1789299563.47089,0.035867929458618164,1.812695322707379,1.0390385502410613,0.31259942054748535,0.060255179928676794,odom,episode_start,odom
79.13750623499982,2026-09-13T11:39:23.565596+00:00,1789299563.5375302,0.028065919876098633,1.8127620578713812,1.0390576188911698,0.31259921193122864,0.060108599880642766,odom,episode_start,odom
79.18882195300012,2026-09-13T11:39:23.616907+00:00,1789299563.5908184,0.026088476181030273,1.8127530173590225,1.039054726495071,0.3125990033149719,0.06029843882259622,odom,episode_start,odom
79.24079172399979,2026-09-13T11:39:23.668887+00:00,1789299563.640505,0.028381824493408203,1.8127294412084956,1.0390455802615015,0.31259873509407043,0.060362149952065236,odom,episode_start,odom
79.29160606900041,2026-09-13T11:39:23.719694+00:00,1789299563.7094219,0.010272026062011719,1.8127015848835784,1.0390622523636845,0.31259864568710327,0.06019035857950761,odom,episode_start,odom
79.34501669099973,2026-09-13T11:39:23.773108+00:00,1789299563.7639878,0.00912022590637207,1.8127159885438198,1.0390665996934874,0.31259867548942566,0.060227481478610345,odom,episode_start,odom
79.39698217400019,2026-09-13T11:39:23.825074+00:00,1789299563.8210087,0.004065275192260742,1.8126795923686752,1.0390141767633223,0.3125993609428406,0.06008207627643314,odom,episode_start,odom
79.44926466699962,2026-09-13T11:39:23.877353+00:00,1789299563.848292,0.029060840606689453,1.8126746329471195,1.039003048577696,0.3126000165939331,0.060157053112391834,odom,episode_start,odom
79.50290327000039,2026-09-13T11:39:23.930977+00:00,1789299563.8985431,0.03243398666381836,1.8126433089134353,1.0389980538165966,0.31259962916374207,0.060200287399772456,odom,episode_start,odom
79.56635085299968,2026-09-13T11:39:23.994434+00:00,1789299563.978282,0.016152143478393555,1.8126015859725668,1.03897808107545,0.31260058283805847,0.06000197175640221,odom,episode_start,odom
79.63361539000016,2026-09-13T11:39:24.061698+00:00,1789299564.0246537,0.03704428672790527,1.8125878821575496,1.0389517560219823,0.3126005530357361,0.05986710729162326,odom,episode_start,odom
79.69568068399985,2026-09-13T11:39:24.123767+00:00,1789299564.0946453,0.02912163734436035,1.812532208917118,1.0388999594286248,0.31260257959365845,0.06006988958001069,odom,episode_start,odom
79.76685763800015,2026-09-13T11:39:24.194948+00:00,1789299564.1575394,0.03740859031677246,1.812535165738806,1.0389204914009187,0.31260165572166443,0.060036090298731803,odom,episode_start,odom
79.82949656399978,2026-09-13T11:39:24.257587+00:00,1789299564.2403119,0.017275094985961914,1.812570369893486,1.0389057331522698,0.31260353326797485,0.05970151427260606,odom,episode_start,odom
79.88548861300023,2026-09-13T11:39:24.313577+00:00,1789299564.307474,0.006103038787841797,1.812536725003933,1.038882286746278,0.312603622674942,0.05986307672157065,odom,episode_start,odom
79.94683991399961,2026-09-13T11:39:24.374929+00:00,1789299564.3411028,0.03382611274719238,1.8125418996403495,1.0388986773715445,0.3126032054424286,0.060054890934287286,odom,episode_start,odom
79.99782287499966,2026-09-13T11:39:24.425912+00:00,1789299564.4140425,0.011869430541992188,1.812559416470703,1.0389247384691571,0.31260257959365845,0.05989759501592462,odom,episode_start,odom
80.0491152300001,2026-09-13T11:39:24.477199+00:00,1789299564.4606428,0.016556262969970703,1.8126108374806693,1.0389362133013882,0.3126024901866913,0.05982611865938293,odom,episode_start,odom
80.10308543500014,2026-09-13T11:39:24.531166+00:00,1789299564.510922,0.020244121551513672,1.8125683925574725,1.0388980583806036,0.3126026391983032,0.05999648124851964,odom,episode_start,odom
80.16639115199996,2026-09-13T11:39:24.594483+00:00,1789299564.5508375,0.043645381927490234,1.8124812748704127,1.0388821672764437,0.31260257959365845,0.060202866870707306,odom,episode_start,odom
80.22356090100038,2026-09-13T11:39:24.651648+00:00,1789299564.6116898,0.03995823860168457,1.8124404541841157,1.0388890107213897,0.3126024901866913,0.0600779053843743,odom,episode_start,odom
80.29669105500034,2026-09-13T11:39:24.724782+00:00,1789299564.6975136,0.027268409729003906,1.8124977828316267,1.0389242345807714,0.31260305643081665,0.0599188804298203,odom,episode_start,odom
80.35462542300047,2026-09-13T11:39:24.782685+00:00,1789299564.7548707,0.027814388275146484,1.8124959953471145,1.0388770933482696,0.312603622674942,0.06001852783326278,odom,episode_start,odom
80.41684051799984,2026-09-13T11:39:24.844924+00:00,1789299564.824283,0.020641088485717773,1.8124564539383214,1.0388808815961832,0.3126031756401062,0.0601485632390526,odom,episode_start,odom
80.46752874200047,2026-09-13T11:39:24.895618+00:00,1789299564.8916588,0.003959178924560547,1.8126544793864499,1.0386961964886554,0.3127971887588501,0.07167499600846994,odom,episode_start,odom
80.52088611199997,2026-09-13T11:39:24.948968+00:00,1789299564.9239037,0.02506422996520996,1.8127173089157422,1.0383112675720862,0.3126896321773529,0.08710589112966893,odom,episode_start,odom
80.59292071399977,2026-09-13T11:39:25.021012+00:00,1789299564.9938824,0.027129650115966797,1.8131513307908964,1.0387533578165027,0.3120265007019043,0.11738888051416896,odom,episode_start,odom
80.64992453200011,2026-09-13T11:39:25.078013+00:00,1789299565.0539665,0.02404642105102539,1.8135387493722919,1.0394348946734573,0.31144988536834717,0.1389229398110814,odom,episode_start,odom
80.71852175099957,2026-09-13T11:39:25.146608+00:00,1789299565.1040144,0.04259371757507324,1.8134152716467715,1.0401048985780357,0.3112132251262665,0.1565808779451956,odom,episode_start,odom
80.77229226300005,2026-09-13T11:39:25.200380+00:00,1789299565.184088,0.016292095184326172,1.8136587424240331,1.041344430884935,0.3108014166355133,0.18549072244294515,odom,episode_start,odom
80.8348106049998,2026-09-13T11:39:25.262900+00:00,1789299565.2510378,0.01186227798461914,1.814048766267049,1.0421829074565945,0.3107351064682007,0.2088362625569926,odom,episode_start,odom
80.88574325799982,2026-09-13T11:39:25.313834+00:00,1789299565.2874932,0.026340723037719727,1.8143880259602996,1.04256586667934,0.3108382821083069,0.2213643480269596,odom,episode_start,odom
80.94146185000045,2026-09-13T11:39:25.369550+00:00,1789299565.353963,0.015587091445922852,1.8151921897158454,1.0431489799708349,0.3109776973724365,0.24535050724680585,odom,episode_start,odom
80.99359645999994,2026-09-13T11:39:25.421686+00:00,1789299565.4154947,0.006191253662109375,1.8158339683658282,1.0440616517586372,0.31093838810920715,0.26674458883568564,odom,episode_start,odom
81.04549214399958,2026-09-13T11:39:25.473579+00:00,1789299565.4539826,0.019596338272094727,1.8161968039132819,1.0448409558139933,0.31081438064575195,0.28156394830037823,odom,episode_start,odom
81.10187259800023,2026-09-13T11:39:25.529959+00:00,1789299565.5211468,0.008812189102172852,1.8173108871169172,1.0458188463331468,0.310977578163147,0.30415653126951847,odom,episode_start,odom
81.15506432500024,2026-09-13T11:39:25.583151+00:00,1789299565.5776837,0.005467414855957031,1.8182271882788772,1.046788752461878,0.31100982427597046,0.3241561172049865,odom,episode_start,odom
81.21517984100046,2026-09-13T11:39:25.643276+00:00,1789299565.6168406,0.026435375213623047,1.8185891131313328,1.0468685741360688,0.3108080327510834,0.3371642971589588,odom,episode_start,odom
81.27328577000026,2026-09-13T11:39:25.701192+00:00,1789299565.690529,0.01066279411315918,1.8193868986650141,1.0473253088655177,0.3104287087917328,0.36560292236643566,odom,episode_start,odom
81.32799908800007,2026-09-13T11:39:25.754527+00:00,1789299565.7314858,0.023041248321533203,1.8197956346315665,1.0474335689769763,0.3101901412010193,0.3809542574309932,odom,episode_start,odom
81.39233222300027,2026-09-13T11:39:25.820423+00:00,1789299565.7940488,0.026374101638793945,1.8203596618060287,1.0478430681197812,0.30994436144828796,0.4041398542530708,odom,episode_start,odom
81.44432234400028,2026-09-13T11:39:25.872413+00:00,1789299565.837161,0.03525185585021973,1.8202902726416048,1.0482411301547423,0.30983486771583557,0.42169167772385957,odom,episode_start,odom
81.50248834099966,2026-09-13T11:39:25.930577+00:00,1789299565.914336,0.016241073608398438,1.8198605586967165,1.0504465714374263,0.310192346572876,0.450378071269283,odom,episode_start,odom
81.564663655,2026-09-13T11:39:25.992752+00:00,1789299565.967281,0.025470972061157227,1.8201549778187796,1.0525874763085366,0.30905285477638245,0.48832070073701594,odom,episode_start,odom
81.62081212700014,2026-09-13T11:39:26.048900+00:00,1789299566.0338006,0.015099287033081055,1.8192683337934068,1.0582123758642317,0.3036201596260071,0.5365836014435883,odom,episode_start,odom
81.6772026589997,2026-09-13T11:39:26.105286+00:00,1789299566.087238,0.018047809600830078,1.8184294499296658,1.0606816617580443,0.30023878812789917,0.5642562389249802,odom,episode_start,odom
81.72786668800018,2026-09-13T11:39:26.155966+00:00,1789299566.1405845,0.015381574630737305,1.818013326082643,1.0616864325471878,0.3006407916545868,0.584066502618479,odom,episode_start,odom
81.77924198900018,2026-09-13T11:39:26.207334+00:00,1789299566.1946197,0.012714385986328125,1.8182315741806336,1.0613073967245927,0.2997371256351471,0.588832483944249,odom,episode_start,odom
81.82991776200015,2026-09-13T11:39:26.258009+00:00,1789299566.2418795,0.016129493713378906,1.8175733582463318,1.0596951322183712,0.29921701550483704,0.5805432476797663,odom,episode_start,odom
81.88275055400027,2026-09-13T11:39:26.310784+00:00,1789299566.305287,0.0054972171783447266,1.8168491572224432,1.0578222418452785,0.2990393042564392,0.5708948503484575,odom,episode_start,odom
81.9338479830003,2026-09-13T11:39:26.361940+00:00,1789299566.3508031,0.011136770248413086,1.8160041983894353,1.0565862880830243,0.2986510992050171,0.5652569190808454,odom,episode_start,odom
81.99026485400009,2026-09-13T11:39:26.418351+00:00,1789299566.4006245,0.017726421356201172,1.8159122222853863,1.0561737403427622,0.29849138855934143,0.5617214060407807,odom,episode_start,odom
82.04723484399983,2026-09-13T11:39:26.475319+00:00,1789299566.4411662,0.03415274620056152,1.8156266194365163,1.056422680333002,0.2981594204902649,0.5582825007255136,odom,episode_start,odom
82.09988519400031,2026-09-13T11:39:26.527974+00:00,1789299566.5048563,0.023117542266845703,1.8153449875899583,1.0568334297700597,0.2990975081920624,0.5537800715271516,odom,episode_start,odom
82.15300280300016,2026-09-13T11:39:26.581091+00:00,1789299566.5572631,0.023827791213989258,1.815442407794582,1.0569744587743128,0.2992993891239166,0.5517709804200193,odom,episode_start,odom
82.20525239400013,2026-09-13T11:39:26.633271+00:00,1789299566.6237895,0.009481430053710938,1.8155844886519013,1.056996786668257,0.2994091510772705,0.5507362213433874,odom,episode_start,odom
82.26023574299961,2026-09-13T11:39:26.688325+00:00,1789299566.6703775,0.01794743537902832,1.8156251109003003,1.057122963764065,0.29944878816604614,0.5505255309255639,odom,episode_start,odom
82.31231780399958,2026-09-13T11:39:26.740407+00:00,1789299566.7204764,0.019930601119995117,1.815601161945958,1.0571937115234218,0.29846900701522827,0.5500318675921468,odom,episode_start,odom
82.36433893400044,2026-09-13T11:39:26.792424+00:00,1789299566.7472193,0.04520463943481445,1.815583550413193,1.0571832951946813,0.29866477847099304,0.5499120319616192,odom,episode_start,odom
82.4200239869997,2026-09-13T11:39:26.848115+00:00,1789299566.8405907,0.007524251937866211,1.8155449364233196,1.0571350136115438,0.2980667054653168,0.5497175985785504,odom,episode_start,odom
82.47586879200026,2026-09-13T11:39:26.903959+00:00,1789299566.8803937,0.023565292358398438,1.8155136712560722,1.0571340994945688,0.2979896664619446,0.5496536623582916,odom,episode_start,odom
82.52782956699957,2026-09-13T11:39:26.955919+00:00,1789299566.9403925,0.015526533126831055,1.8155305246233606,1.0572160434385687,0.2979544997215271,0.5494279771697755,odom,episode_start,odom
82.58960386499984,2026-09-13T11:39:27.017688+00:00,1789299566.990474,0.02721405029296875,1.8155852515340225,1.0572843189568477,0.2993020713329315,0.5493029303926059,odom,episode_start,odom
82.64809419599987,2026-09-13T11:39:27.076180+00:00,1789299567.0377202,0.03845977783203125,1.815613858778055,1.0572651425500506,0.298610657453537,0.5492206502226014,odom,episode_start,odom
82.70202916299968,2026-09-13T11:39:27.130114+00:00,1789299567.0903094,0.039804697036743164,1.8156249580766473,1.0573117733421515,0.2988022565841675,0.5492587807209639,odom,episode_start,odom
82.75608295199982,2026-09-13T11:39:27.184096+00:00,1789299567.1303782,0.053717851638793945,1.8156145969911628,1.0573679771743638,0.2988903224468231,0.5492357704447512,odom,episode_start,odom
82.8152225699996,2026-09-13T11:39:27.243312+00:00,1789299567.1838765,0.059435367584228516,1.8156106101560932,1.05736874511811,0.2986581027507782,0.5489703806090899,odom,episode_start,odom
82.86940074999984,2026-09-13T11:39:27.297480+00:00,1789299567.2659142,0.03156590461730957,1.8157110849120603,1.0573956154053383,0.29870033264160156,0.5488611283300499,odom,episode_start,odom
82.92053002000011,2026-09-13T11:39:27.348621+00:00,1789299567.3405452,0.008075714111328125,1.8159540725936203,1.057616230072948,0.29851841926574707,0.548852194490031,odom,episode_start,odom
82.97277804100031,2026-09-13T11:39:27.400868+00:00,1789299567.3771033,0.023764610290527344,1.8161091827840925,1.0577315896445008,0.2982693612575531,0.5486378596821646,odom,episode_start,odom
83.03276689100039,2026-09-13T11:39:27.460853+00:00,1789299567.4323359,0.02851724624633789,1.8181809370887554,1.0592258691109355,0.2982175946235657,0.5486524324990699,odom,episode_start,odom
83.10744788000011,2026-09-13T11:39:27.535538+00:00,1789299567.5104308,0.025107145309448242,1.825877372264715,1.0628739949575814,0.2973495125770569,0.5473197579018853,odom,episode_start,odom
83.16666855800031,2026-09-13T11:39:27.594759+00:00,1789299567.5835829,0.011176109313964844,1.835393486495441,1.0671272065046131,0.29650214314460754,0.5455485040240853,odom,episode_start,odom
83.22232839200024,2026-09-13T11:39:27.650418+00:00,1789299567.6372385,0.013179540634155273,1.8435128888163037,1.070291292035668,0.2960759997367859,0.5442251309480995,odom,episode_start,odom
83.27547233699988,2026-09-13T11:39:27.703551+00:00,1789299567.693768,0.009783029556274414,1.8519975584184463,1.0728596847746932,0.29590460658073425,0.5474111536524798,odom,episode_start,odom
83.32692831300028,2026-09-13T11:39:27.755003+00:00,1789299567.7476661,0.007336854934692383,1.867354703105636,1.0798549924631669,0.29466331005096436,0.5516213812142285,odom,episode_start,odom
83.38405415099987,2026-09-13T11:39:27.812142+00:00,1789299567.7971873,0.014954566955566406,1.8815156501621795,1.088819248321003,0.2939770519733429,0.5515560086115272,odom,episode_start,odom
83.4431903120003,2026-09-13T11:39:27.871273+00:00,1789299567.8403056,0.03096747398376465,1.894988733757787,1.0975450271774878,0.2941861152648926,0.5501593807531047,odom,episode_start,odom
83.53566406499976,2026-09-13T11:39:27.963755+00:00,1789299567.924029,0.03972578048706055,1.921834797258793,1.1146671215443367,0.297723650932312,0.5497328840947717,odom,episode_start,odom
83.58947067200006,2026-09-13T11:39:28.017573+00:00,1789299567.9670203,0.0505528450012207,1.9330611134579876,1.1229325793916092,0.29774564504623413,0.5514480468253606,odom,episode_start,odom
83.6457364910002,2026-09-13T11:39:28.073829+00:00,1789299568.0277498,0.046079158782958984,1.9498488332152006,1.1383707487023624,0.29613304138183594,0.5492343835608022,odom,episode_start,odom
83.71935037700041,2026-09-13T11:39:28.147438+00:00,1789299568.1259615,0.02147650718688965,1.9754690575139082,1.158535679443741,0.29574427008628845,0.5475692534949888,odom,episode_start,odom
83.79163170599986,2026-09-13T11:39:28.219721+00:00,1789299568.1989913,0.020729780197143555,1.989176760347911,1.172483332424666,0.3004205524921417,0.5458199623636453,odom,episode_start,odom
83.84752505600045,2026-09-13T11:39:28.275623+00:00,1789299568.2563074,0.019315719604492188,1.9925077995258311,1.1746051296211317,0.302295446395874,0.5460013773679337,odom,episode_start,odom
83.91530523100027,2026-09-13T11:39:28.343390+00:00,1789299568.2936175,0.04977250099182129,1.9976010152448092,1.1781253203802944,0.3023484945297241,0.543369180417035,odom,episode_start,odom
83.97540406900043,2026-09-13T11:39:28.403495+00:00,1789299568.3883114,0.015183687210083008,2.0009779262013647,1.1792095615180738,0.3039490580558777,0.545647284114163,odom,episode_start,odom
84.02859272000023,2026-09-13T11:39:28.456682+00:00,1789299568.4268982,0.02978372573852539,2.0004587706819192,1.1803544640212111,0.3045138418674469,0.5491018251607953,odom,episode_start,odom
84.09903899999972,2026-09-13T11:39:28.527126+00:00,1789299568.4822206,0.04490542411804199,1.9996999834117895,1.1809923581320696,0.3047892153263092,0.5518167097161224,odom,episode_start,odom
84.1541709940002,2026-09-13T11:39:28.582263+00:00,1789299568.5536213,0.028641700744628906,1.998587894325516,1.1813056673159177,0.30504709482192993,0.5540255973721279,odom,episode_start,odom
84.21787288700034,2026-09-13T11:39:28.645960+00:00,1789299568.6204033,0.02555680274963379,1.9982303819217018,1.1808147352146015,0.30494141578674316,0.5546963306054139,odom,episode_start,odom
84.29859662000035,2026-09-13T11:39:28.726684+00:00,1789299568.6869023,0.039781808853149414,1.99806322019435,1.180141095341771,0.3048034906387329,0.5548726293165563,odom,episode_start,odom
84.34969110200018,2026-09-13T11:39:28.777769+00:00,1789299568.743538,0.03423118591308594,1.997898849411852,1.1798521203301495,0.304606169462204,0.5548017996540682,odom,episode_start,odom
84.41242942000008,2026-09-13T11:39:28.840518+00:00,1789299568.803663,0.03685498237609863,1.9976822228684983,1.1797525950815504,0.30473774671554565,0.5551029143115745,odom,episode_start,odom
84.46453954499975,2026-09-13T11:39:28.892626+00:00,1789299568.8770423,0.01558375358581543,1.997527891293399,1.1797003829492143,0.30477067828178406,0.555340189052632,odom,episode_start,odom
84.5161935469996,2026-09-13T11:39:28.944281+00:00,1789299568.9371731,0.007107973098754883,1.997347353044491,1.1800717844024082,0.30452680587768555,0.5709758411021987,odom,episode_start,odom
84.57197207399986,2026-09-13T11:39:29.000057+00:00,1789299568.9710088,0.02904820442199707,1.998152530925427,1.1793337190003457,0.3047237694263458,0.5884845490308649,odom,episode_start,odom
84.62724586700006,2026-09-13T11:39:29.055336+00:00,1789299569.0309596,0.024376392364501953,1.9981265843841856,1.1793857318511796,0.30477023124694824,0.6108382056859449,odom,episode_start,odom
84.68863604200033,2026-09-13T11:39:29.116722+00:00,1789299569.0971682,0.01955389976501465,1.997768735016916,1.180100210280734,0.30498144030570984,0.6337998223786672,odom,episode_start,odom
84.7428226359998,2026-09-13T11:39:29.170914+00:00,1789299569.1622934,0.008620500564575195,1.9974239565791303,1.1816097227085187,0.3054277002811432,0.6559574056585217,odom,episode_start,odom
84.80218981500002,2026-09-13T11:39:29.230272+00:00,1789299569.216895,0.013376951217651367,1.9978452851004946,1.1829984010337098,0.3059571087360382,0.675232340587157,odom,episode_start,odom
84.86104422900007,2026-09-13T11:39:29.289134+00:00,1789299569.2445133,0.04462075233459473,1.9979760257868702,1.1838839263699485,0.3061974048614502,0.683301448653997,odom,episode_start,odom
84.91777324099985,2026-09-13T11:39:29.345862+00:00,1789299569.310172,0.0356898307800293,1.999198177914812,1.1856623201035992,0.30602705478668213,0.704943203300454,odom,episode_start,odom
84.9684856519998,2026-09-13T11:39:29.396578+00:00,1789299569.3610446,0.03553342819213867,2.0002299027764936,1.1866075766378164,0.3062877655029297,0.7187127273689207,odom,episode_start,odom
85.02632679199996,2026-09-13T11:39:29.454418+00:00,1789299569.4438643,0.010553598403930664,2.00228082308364,1.1881616099390542,0.306713342666626,0.7423451507285977,odom,episode_start,odom
85.08262944299986,2026-09-13T11:39:29.510719+00:00,1789299569.4971967,0.01352238655090332,2.003453697412272,1.1889994497477552,0.3069968521595001,0.7569943295594217,odom,episode_start,odom
85.14525620099994,2026-09-13T11:39:29.573345+00:00,1789299569.5468876,0.02645730972290039,2.004525162914496,1.189729736188313,0.3072505593299866,0.7696738380908519,odom,episode_start,odom
85.20210019499973,2026-09-13T11:39:29.630188+00:00,1789299569.5969875,0.03320050239562988,2.0056627829565685,1.1902911002220997,0.30733102560043335,0.7823764621195586,odom,episode_start,odom
85.2648420960004,2026-09-13T11:39:29.692937+00:00,1789299569.6701403,0.022796630859375,2.007070806051932,1.1907931220383645,0.3073931634426117,0.800047077578527,odom,episode_start,odom
85.31667837900022,2026-09-13T11:39:29.744768+00:00,1789299569.7303853,0.014382600784301758,2.0075488286901444,1.1911069786341317,0.3075452148914337,0.814474687287646,odom,episode_start,odom
85.37071610099974,2026-09-13T11:39:29.798807+00:00,1789299569.7901475,0.00865936279296875,2.0077477399165904,1.1915688700842024,0.3076595366001129,0.8294334220824044,odom,episode_start,odom
85.42814553700009,2026-09-13T11:39:29.856235+00:00,1789299569.8235211,0.032713890075683594,2.0075347793739318,1.1921242114331232,0.307691365480423,0.8373677281770731,odom,episode_start,odom
85.48385922699981,2026-09-13T11:39:29.911944+00:00,1789299569.8967173,0.015226602554321289,2.0062396668516707,1.1949715503889458,0.30790460109710693,0.8539649447897456,odom,episode_start,odom
85.53635343600035,2026-09-13T11:39:29.964444+00:00,1789299569.9302034,0.0342404842376709,2.0057204083419338,1.1964110741173033,0.3078323304653168,0.8617616793898817,odom,episode_start,odom
85.59038542899998,2026-09-13T11:39:30.018471+00:00,1789299569.9939642,0.024506807327270508,2.004971112421701,1.1991703302427594,0.3078089952468872,0.8782346650840293,odom,episode_start,odom
85.64663261999976,2026-09-13T11:39:30.074719+00:00,1789299570.0534685,0.021250486373901367,2.004513277055017,1.2015367762991833,0.3078072965145111,0.894415227636569,odom,episode_start,odom
85.7014550570002,2026-09-13T11:39:30.129555+00:00,1789299570.1000469,0.029508113861083984,2.003795773218687,1.2036864979841888,0.30761459469795227,0.9075411285291107,odom,episode_start,odom
85.76585503499973,2026-09-13T11:39:30.193947+00:00,1789299570.1766975,0.017249584197998047,2.0025958776785484,1.2066027681288107,0.30722513794898987,0.929858739714919,odom,episode_start,odom
85.81834316200002,2026-09-13T11:39:30.246429+00:00,1789299570.2399998,0.006429195404052734,2.0014434622216823,1.2086272505122306,0.30693915486335754,0.9503289168790421,odom,episode_start,odom
85.8773454230004,2026-09-13T11:39:30.305435+00:00,1789299570.2698922,0.03554272651672363,2.0010672115393136,1.2094725882511017,0.30673593282699585,0.9596077035407263,odom,episode_start,odom
85.92969495099987,2026-09-13T11:39:30.357785+00:00,1789299570.320097,0.03768801689147949,2.000259980732005,1.2109504504495903,0.30622801184654236,0.9768907464029208,odom,episode_start,odom
86.01800845900016,2026-09-13T11:39:30.446102+00:00,1789299570.386774,0.05932784080505371,1.9991398077433251,1.2127741820077378,0.30615705251693726,0.9958622654173404,odom,episode_start,odom
86.09279869599959,2026-09-13T11:39:30.520890+00:00,1789299570.4834154,0.037474632263183594,1.9978812070925076,1.2152739837395776,0.30582961440086365,1.0286480059256284,odom,episode_start,odom
86.14366689100007,2026-09-13T11:39:30.571757+00:00,1789299570.5595682,0.012188911437988281,1.997180735310199,1.2182432269604921,0.30746152997016907,1.059972521742598,odom,episode_start,odom
86.20254456800012,2026-09-13T11:39:30.630633+00:00,1789299570.6066663,0.02396678924560547,1.9981430599400007,1.2198527760657543,0.3072018027305603,1.0904767046709254,odom,episode_start,odom
86.25713310399988,2026-09-13T11:39:30.685215+00:00,1789299570.670006,0.015208959579467773,1.9942276541666288,1.2223894973280247,0.30504244565963745,1.1303213370425267,odom,episode_start,odom
86.3182634550003,2026-09-13T11:39:30.746351+00:00,1789299570.6974595,0.048891544342041016,1.992317970200797,1.2244189279184783,0.30354776978492737,1.1386153811866284,odom,episode_start,odom
86.38804383699971,2026-09-13T11:39:30.816124+00:00,1789299570.7838168,0.03230714797973633,1.9896304613854006,1.2270296092252766,0.29922348260879517,1.1468159668108127,odom,episode_start,odom
86.4416006649999,2026-09-13T11:39:30.869691+00:00,1789299570.8501272,0.019563674926757812,1.9887512742148379,1.226970120789158,0.2991638481616974,1.1486353695730123,odom,episode_start,odom
86.49997341800008,2026-09-13T11:39:30.928059+00:00,1789299570.9034014,0.024657726287841797,1.9881336296562468,1.2261607958527834,0.299076646566391,1.1516569622991448,odom,episode_start,odom
86.55347104300017,2026-09-13T11:39:30.981565+00:00,1789299570.9635282,0.018036842346191406,1.9867521109921409,1.225383747586403,0.29910942912101746,1.1531145467962765,odom,episode_start,odom
86.60511592199964,2026-09-13T11:39:31.033207+00:00,1789299571.0165687,0.01663827896118164,1.9851947454252157,1.2249972007925152,0.29941731691360474,1.154625887670684,odom,episode_start,odom
86.67902975499965,2026-09-13T11:39:31.107116+00:00,1789299571.060709,0.04640698432922363,1.9841527536364698,1.2246114937613894,0.2995637357234955,1.1556528189035302,odom,episode_start,odom
86.75495816700004,2026-09-13T11:39:31.182965+00:00,1789299571.1532152,0.02974987030029297,1.9826283491412573,1.2230861666732733,0.2996572256088257,1.1563780038253184,odom,episode_start,odom
86.81009786899995,2026-09-13T11:39:31.238061+00:00,1789299571.2198963,0.018164634704589844,1.981909104018538,1.2221796550631454,0.29965940117836,1.1565662175749083,odom,episode_start,odom
86.86595175599996,2026-09-13T11:39:31.294022+00:00,1789299571.276756,0.017266035079956055,1.9813970162351495,1.2215819504922036,0.299677312374115,1.1570578102493703,odom,episode_start,odom
86.91883692900046,2026-09-13T11:39:31.346924+00:00,1789299571.3402772,0.006646871566772461,1.9808102452286467,1.2208796502184112,0.29971396923065186,1.1573956743265448,odom,episode_start,odom
86.97051358499994,2026-09-13T11:39:31.398604+00:00,1789299571.3902512,0.00835275650024414,1.980349177061795,1.2203240165749776,0.29974114894866943,1.1582021072172233,odom,episode_start,odom
87.02578219000043,2026-09-13T11:39:31.453870+00:00,1789299571.4473822,0.006487846374511719,1.9798040633300413,1.2196984547857619,0.2997668981552124,1.1587128075971647,odom,episode_start,odom
87.08440641099969,2026-09-13T11:39:31.512497+00:00,1789299571.4900842,0.022412776947021484,1.9797149868728372,1.2203530851734365,0.29970887303352356,1.1533082617092374,odom,episode_start,odom
87.14102936600011,2026-09-13T11:39:31.569115+00:00,1789299571.5638447,0.005270242691040039,1.9794688375786873,1.2202976285387503,0.30097290873527527,1.1279640127893067,odom,episode_start,odom
87.20013294300043,2026-09-13T11:39:31.628225+00:00,1789299571.6165981,0.011626958847045898,1.979619155022674,1.2211048076817117,0.3023301959037781,1.115057345300798,odom,episode_start,odom
87.25438888299959,2026-09-13T11:39:31.682478+00:00,1789299571.6733403,0.009137630462646484,1.9799936702430132,1.2216779044512887,0.30372169613838196,1.1006666157304406,odom,episode_start,odom
87.30747995500042,2026-09-13T11:39:31.735565+00:00,1789299571.7201734,0.01539158821105957,1.9800379072678618,1.2220604530496155,0.30525991320610046,1.0884710144535539,odom,episode_start,odom
87.36071999599972,2026-09-13T11:39:31.788807+00:00,1789299571.7799225,0.008884429931640625,1.9793812123855425,1.221809435167666,0.306806743144989,1.0714351553102461,odom,episode_start,odom
87.41819368800043,2026-09-13T11:39:31.846282+00:00,1789299571.8266492,0.019632816314697266,1.9782989048404045,1.2211589847967077,0.3074056804180145,1.0569962115815335,odom,episode_start,odom
87.47543264599972,2026-09-13T11:39:31.903523+00:00,1789299571.8699257,0.03359723091125488,1.977012571888736,1.2204506313600232,0.3079146146774292,1.044248760896934,odom,episode_start,odom
87.53471348099993,2026-09-13T11:39:31.962798+00:00,1789299571.9500272,0.012770891189575195,1.9737688694846804,1.2184699946990591,0.3092467486858368,1.0188254471637952,odom,episode_start,odom
87.58863157700034,2026-09-13T11:39:32.016722+00:00,1789299571.9965532,0.020168781280517578,1.9715686213490486,1.2172724114748572,0.31008538603782654,1.003782749169677,odom,episode_start,odom
87.6413267529997,2026-09-13T11:39:32.069417+00:00,1789299572.0466871,0.022729873657226562,1.9692824369238509,1.215811550962832,0.3105231523513794,0.9872235729863046,odom,episode_start,odom
87.69343453599959,2026-09-13T11:39:32.121533+00:00,1789299572.1001298,0.021403074264526367,1.9669848198586903,1.2151886480465182,0.31036022305488586,0.9722301463946481,odom,episode_start,odom
87.74598365699967,2026-09-13T11:39:32.173992+00:00,1789299572.1333928,0.04059910774230957,1.9662457422617279,1.214333099916314,0.3096146881580353,0.97466489651697,odom,episode_start,odom
87.80311332699966,2026-09-13T11:39:32.231197+00:00,1789299572.1898725,0.041324615478515625,1.963448104232247,1.2123093228531123,0.3079661428928375,0.9814074452541272,odom,episode_start,odom
87.8631930219999,2026-09-13T11:39:32.291283+00:00,1789299572.2770193,0.014263629913330078,1.9628255198086397,1.2116398986317698,0.3056345582008362,0.9875171277924069,odom,episode_start,odom
87.91607128099986,2026-09-13T11:39:32.344152+00:00,1789299572.3232846,0.020867347717285156,1.9635329290560186,1.2119852154571693,0.3055777847766876,0.9883681253640064,odom,episode_start,odom
87.96679252099966,2026-09-13T11:39:32.394877+00:00,1789299572.3898091,0.0050678253173828125,1.9644971202832693,1.2125118046249732,0.30557942390441895,0.990321721393197,odom,episode_start,odom
88.0239115989998,2026-09-13T11:39:32.452008+00:00,1789299572.4370587,0.014949321746826172,1.9647645524201724,1.212817206891688,0.3055915832519531,0.9912779466482842,odom,episode_start,odom
88.0748038239999,2026-09-13T11:39:32.502893+00:00,1789299572.4975414,0.005351543426513672,1.9647512580896458,1.212930315344446,0.3056018054485321,0.9913583509146348,odom,episode_start,odom
88.13159494699994,2026-09-13T11:39:32.559684+00:00,1789299572.543279,0.016405105590820312,1.9646204642971898,1.2127624370977013,0.30560827255249023,0.9912082025109619,odom,episode_start,odom
88.1951811150002,2026-09-13T11:39:32.623271+00:00,1789299572.6032448,0.020026206970214844,1.9645740558170524,1.212617064337073,0.3056108057498932,0.9916129733349266,odom,episode_start,odom
88.26320376100011,2026-09-13T11:39:32.691284+00:00,1789299572.6699219,0.0213620662689209,1.9645475828036418,1.2126987278467716,0.3056108057498932,0.9917998670519395,odom,episode_start,odom
88.31912692999958,2026-09-13T11:39:32.747217+00:00,1789299572.7369106,0.010306358337402344,1.9646012150741294,1.2120624949033485,0.3057229220867157,1.0053846532170656,odom,episode_start,odom
88.37331368000014,2026-09-13T11:39:32.801404+00:00,1789299572.7897863,0.011617660522460938,1.9644511938020806,1.2121328464812555,0.3051401972770691,1.027679217164968,odom,episode_start,odom
88.42666140599977,2026-09-13T11:39:32.854751+00:00,1789299572.8330889,0.021662235260009766,1.9640423836825185,1.2122367136519556,0.30540210008621216,1.0421264288772754,odom,episode_start,odom
88.4790934319999,2026-09-13T11:39:32.907178+00:00,1789299572.8875709,0.019607067108154297,1.9637171416973924,1.2131967535548982,0.30539944767951965,1.0611073601275292,odom,episode_start,odom
88.55370816699997,2026-09-13T11:39:32.981796+00:00,1789299572.947511,0.03428506851196289,1.9624644198867247,1.2132569075967385,0.3045866787433624,1.0834018251674842,odom,episode_start,odom
88.60855863399956,2026-09-13T11:39:33.036649+00:00,1789299573.007066,0.029582977294921875,1.9609005890333293,1.2112199706078595,0.30331188440322876,1.08086044338118,odom,episode_start,odom
88.67511319500045,2026-09-13T11:39:33.103203+00:00,1789299573.074351,0.028851985931396484,1.9592216378476621,1.209698976406577,0.3028169870376587,1.0752907760555024,odom,episode_start,odom
88.74006663900036,2026-09-13T11:39:33.168147+00:00,1789299573.1471345,0.021012544631958008,1.957822001184032,1.2096566354233587,0.3026547133922577,1.072556488998031,odom,episode_start,odom
88.8134336209996,2026-09-13T11:39:33.241520+00:00,1789299573.2113714,0.03014850616455078,1.9575638361425136,1.2098512008081994,0.3025936782360077,1.0708095050993376,odom,episode_start,odom
88.88264199700006,2026-09-13T11:39:33.310731+00:00,1789299573.2833955,0.027335405349731445,1.957556759565815,1.2101012908764956,0.30251526832580566,1.069590164427379,odom,episode_start,odom
88.95067008200022,2026-09-13T11:39:33.378758+00:00,1789299573.3431954,0.03556251525878906,1.9574124546402687,1.2101975812528523,0.3024820387363434,1.0694673608678285,odom,episode_start,odom
89.01280090100045,2026-09-13T11:39:33.440892+00:00,1789299573.4133174,0.027574539184570312,1.9572701516689006,1.2101690298480121,0.30250421166419983,1.0690185475093794,odom,episode_start,odom
89.07623598700047,2026-09-13T11:39:33.504326+00:00,1789299573.4665687,0.03775739669799805,1.957164639267413,1.2100995367479948,0.30252522230148315,1.068837219329858,odom,episode_start,odom
89.13348102199961,2026-09-13T11:39:33.561568+00:00,1789299573.5531201,0.008447885513305664,1.9571416470159504,1.2100275438101478,0.30252185463905334,1.0688583117192132,odom,episode_start,odom
89.19111465599963,2026-09-13T11:39:33.619206+00:00,1789299573.6097283,0.009477615356445312,1.9570878892178523,1.2100983872647788,0.30253148078918457,1.0688723170181391,odom,episode_start,odom
89.25205459100016,2026-09-13T11:39:33.680125+00:00,1789299573.65876,0.021364927291870117,1.9570904514457932,1.2100886689447956,0.30253171920776367,1.0685198540313696,odom,episode_start,odom
89.30786447199989,2026-09-13T11:39:33.735948+00:00,1789299573.7134151,0.022532939910888672,1.957103542225948,1.2100749122691727,0.302530437707901,1.06850642229987,odom,episode_start,odom
89.38856553799997,2026-09-13T11:39:33.816653+00:00,1789299573.7798314,0.036821603775024414,1.9570694834846247,1.2100556090466748,0.30252188444137573,1.0686262606470578,odom,episode_start,odom
89.44434060200001,2026-09-13T11:39:33.872424+00:00,1789299573.8402774,0.032146453857421875,1.9569827226691174,1.2100605938813425,0.3025161921977997,1.068438209240737,odom,episode_start,odom
89.49834186800035,2026-09-13T11:39:33.926434+00:00,1789299573.9165401,0.00989389419555664,1.9552792898586746,1.2102169311896362,0.3025701344013214,1.06662893914753,odom,episode_start,odom
89.54962221000005,2026-09-13T11:39:33.977614+00:00,1789299573.969854,0.007759809494018555,1.955510812931856,1.2102699939067152,0.30270612239837646,1.0455907528132744,odom,episode_start,odom
89.6049424949997,2026-09-13T11:39:34.033031+00:00,1789299574.0063791,0.026651859283447266,1.9551761329571575,1.209977095791267,0.3028249740600586,1.030401164209607,odom,episode_start,odom
89.65999914700024,2026-09-13T11:39:34.088094+00:00,1789299574.076348,0.011745929718017578,1.9546891416310839,1.2105725386248285,0.3052401542663574,1.009784969764896,odom,episode_start,odom
89.71452738599965,2026-09-13T11:39:34.142614+00:00,1789299574.1299684,0.012645483016967773,1.9542079639831458,1.2108119997322813,0.30628886818885803,0.9939212135104667,odom,episode_start,odom
89.77925774400046,2026-09-13T11:39:34.207341+00:00,1789299574.1697917,0.03754925727844238,1.9537786495875469,1.2109844754685,0.30691373348236084,0.9819853841074127,odom,episode_start,odom
89.83088888899965,2026-09-13T11:39:34.258975+00:00,1789299574.229997,0.02897810935974121,1.953158765528186,1.2112761970037005,0.3074934184551239,0.9636108147106882,odom,episode_start,odom
89.88673019500038,2026-09-13T11:39:34.314820+00:00,1789299574.3029983,0.011821746826171875,1.9525154786913528,1.2115664452405308,0.30798032879829407,0.9422877973907717,odom,episode_start,odom
89.94369422100044,2026-09-13T11:39:34.371784+00:00,1789299574.363356,0.008427858352661133,1.9521636065970043,1.211857100428847,0.3085542917251587,0.9269926247445833,odom,episode_start,odom
89.99888252900018,2026-09-13T11:39:34.426967+00:00,1789299574.4029562,0.024010658264160156,1.9520309449135278,1.2119686851550326,0.3089301884174347,0.9167310603775459,odom,episode_start,odom
90.05602128499959,2026-09-13T11:39:34.484107+00:00,1789299574.4431372,0.0409698486328125,1.9517513557705863,1.2121449212438966,0.3092650771141052,0.9058399867452324,odom,episode_start,odom
90.10825016099989,2026-09-13T11:39:34.536334+00:00,1789299574.5096714,0.026662588119506836,1.9512795920845114,1.2124228187490504,0.3098853528499603,0.8892362366320314,odom,episode_start,odom
90.17079009000008,2026-09-13T11:39:34.598879+00:00,1789299574.5631242,0.03575491905212402,1.9508923695129954,1.2126707730001178,0.31025081872940063,0.8753724508712662,odom,episode_start,odom
90.2334321039998,2026-09-13T11:39:34.661522+00:00,1789299574.636605,0.024916887283325195,1.9502152961807664,1.2132391755489091,0.3107728958129883,0.8567463518328701,odom,episode_start,odom
90.2861416149999,2026-09-13T11:39:34.714232+00:00,1789299574.696382,0.01784992218017578,1.9493624976478487,1.213815434333483,0.311247318983078,0.8409320082118088,odom,episode_start,odom
90.33833026400043,2026-09-13T11:39:34.766417+00:00,1789299574.7563605,0.010056495666503906,1.948995746497174,1.2147234872453827,0.3121092915534973,0.8230442020972747,odom,episode_start,odom
90.39039368999966,2026-09-13T11:39:34.818482+00:00,1789299574.796273,0.02220892906188965,1.9485279134619955,1.2155200955995906,0.312046617269516,0.8089454182848945,odom,episode_start,odom
90.44407228,2026-09-13T11:39:34.872164+00:00,1789299574.8533814,0.018782615661621094,1.9474399708811827,1.2173638532559214,0.31112799048423767,0.7889846534057191,odom,episode_start,odom
90.49598891299956,2026-09-13T11:39:34.924078+00:00,1789299574.895254,0.0288240909576416,1.9462200913744132,1.2182048817873987,0.31057313084602356,0.7747695246465889,odom,episode_start,odom
90.54656460600017,2026-09-13T11:39:34.974653+00:00,1789299574.939628,0.03502511978149414,1.945186098970724,1.2189376253382966,0.3103073239326477,0.7608303127122386,odom,episode_start,odom
90.61177214199961,2026-09-13T11:39:35.039855+00:00,1789299574.999822,0.04003310203552246,1.9438980411799955,1.2199622737725382,0.3102948069572449,0.7420946451831686,odom,episode_start,odom
90.66931882399967,2026-09-13T11:39:35.097408+00:00,1789299575.0796676,0.017740488052368164,1.9430795200307203,1.2212639031095136,0.3105958104133606,0.7163889057219552,odom,episode_start,odom
90.72811536900008,2026-09-13T11:39:35.156199+00:00,1789299575.1461368,0.010062217712402344,1.9432749167466659,1.2226245120796624,0.31077131628990173,0.6927907322239546,odom,episode_start,odom
90.78694266799994,2026-09-13T11:39:35.215028+00:00,1789299575.2096624,0.005365610122680664,1.9439211238305942,1.2239151387011957,0.3108362555503845,0.6710631194036348,odom,episode_start,odom
90.85211228200023,2026-09-13T11:39:35.280193+00:00,1789299575.2629848,0.017208337783813477,1.9444736946889423,1.2250233513880626,0.31093940138816833,0.6529318891116178,odom,episode_start,odom
90.90902420800012,2026-09-13T11:39:35.337114+00:00,1789299575.3298137,0.007300376892089844,1.9447192875856587,1.2262289335041785,0.3109596371650696,0.6286677505261429,odom,episode_start,odom
90.96008338299998,2026-09-13T11:39:35.388172+00:00,1789299575.3632736,0.024898290634155273,1.9447541393377634,1.2266841510612632,0.31114354729652405,0.6161549866074278,odom,episode_start,odom
91.0152492240004,2026-09-13T11:39:35.443337+00:00,1789299575.4163644,0.026972532272338867,1.9449348477865132,1.2272056887387064,0.31151169538497925,0.5972593270887281,odom,episode_start,odom
91.06801022400032,2026-09-13T11:39:35.496099+00:00,1789299575.480125,0.015974044799804688,1.944396361892304,1.2278000077995843,0.31114673614501953,0.575306524026049,odom,episode_start,odom
91.12909995700011,2026-09-13T11:39:35.557189+00:00,1789299575.512905,0.04428410530090332,1.9434826965230316,1.2285278952177343,0.3105699419975281,0.5605633502472843,odom,episode_start,odom
91.18138089799959,2026-09-13T11:39:35.609471+00:00,1789299575.5832038,0.026267290115356445,1.9413374056622958,1.2302443462020425,0.30955711007118225,0.5323214160232419,odom,episode_start,odom
91.25386142499974,2026-09-13T11:39:35.681947+00:00,1789299575.64111,0.04083704948425293,1.939643150956525,1.2318934304227123,0.30894243717193604,0.52396135841233,odom,episode_start,odom
91.31229046200042,2026-09-13T11:39:35.740378+00:00,1789299575.7297199,0.010658025741577148,1.9373827814019282,1.2328545568304965,0.3088224530220032,0.5328068380714972,odom,episode_start,odom
91.3666146229998,2026-09-13T11:39:35.794689+00:00,1789299575.7896736,0.005015373229980469,1.9373478769395722,1.2327915952226751,0.3086983859539032,0.5365687966291972,odom,episode_start,odom
91.41899611400004,2026-09-13T11:39:35.845533+00:00,1789299575.8397613,0.005771636962890625,1.9375351617473753,1.23254844756951,0.3077858090400696,0.5409792739625277,odom,episode_start,odom
91.47112680600003,2026-09-13T11:39:35.899212+00:00,1789299575.884218,0.014993906021118164,1.9374567042239814,1.2324989437885912,0.30739718675613403,0.5446656617599571,odom,episode_start,odom
91.52374088600027,2026-09-13T11:39:35.951831+00:00,1789299575.9440603,0.0077707767486572266,1.9373467895988004,1.2329078986429378,0.3079327940940857,0.5490708001946313,odom,episode_start,odom
91.58144709699991,2026-09-13T11:39:36.009532+00:00,1789299575.9928873,0.016644716262817383,1.9372720105809063,1.2327116866375212,0.3085130751132965,0.5545578881993203,odom,episode_start,odom
91.63301817200045,2026-09-13T11:39:36.061105+00:00,1789299576.0394435,0.02166152000427246,1.9378380898348477,1.2315697150962812,0.3086323142051697,0.5585523609654635,odom,episode_start,odom
91.68653540600008,2026-09-13T11:39:36.114578+00:00,1789299576.0865967,0.027981281280517578,1.9388538833814417,1.2307612180061274,0.30902937054634094,0.5578374572503338,odom,episode_start,odom
91.7373270119997,2026-09-13T11:39:36.165418+00:00,1789299576.1534555,0.011962413787841797,1.9378828219736368,1.234723674095183,0.3092617094516754,0.5561325387976782,odom,episode_start,odom
91.79254747899995,2026-09-13T11:39:36.220593+00:00,1789299576.2031646,0.01742839813232422,1.9369276047632722,1.2380260369830536,0.308802992105484,0.560224935138522,odom,episode_start,odom
91.85516286500024,2026-09-13T11:39:36.283250+00:00,1789299576.2495072,0.03374290466308594,1.9362220020703798,1.2404329578741173,0.3075203597545624,0.5682970481340783,odom,episode_start,odom
91.91634834599972,2026-09-13T11:39:36.344435+00:00,1789299576.3267632,0.017671823501586914,1.935234598425648,1.24303757111851,0.3065623939037323,0.5785815572350383,odom,episode_start,odom
91.97960904899992,2026-09-13T11:39:36.407699+00:00,1789299576.3728447,0.03485441207885742,1.9347752777434504,1.2439612376788554,0.30621564388275146,0.5832935087598682,odom,episode_start,odom
92.03542689400001,2026-09-13T11:39:36.463514+00:00,1789299576.4461591,0.017354965209960938,1.934375002363834,1.244673152093755,0.3059268891811371,0.5895563964447154,odom,episode_start,odom
92.09011478699995,2026-09-13T11:39:36.518204+00:00,1789299576.5128913,0.005312681198120117,1.9339109392594631,1.2449856242402797,0.30567511916160583,0.5944174133728023,odom,episode_start,odom
92.14168688599966,2026-09-13T11:39:36.569776+00:00,1789299576.5461287,0.023647308349609375,1.9337232900352301,1.245091496888833,0.3056528866291046,0.5963024268791022,odom,episode_start,odom
92.19305849400007,2026-09-13T11:39:36.621059+00:00,1789299576.5865555,0.03450345993041992,1.9335831351923658,1.2451891621882145,0.3055766224861145,0.5974761456791766,odom,episode_start,odom
92.24410912300027,2026-09-13T11:39:36.672201+00:00,1789299576.6396596,0.03254127502441406,1.9334320026557263,1.2453683649754455,0.30547013878822327,0.5987360783598079,odom,episode_start,odom
92.30298074300026,2026-09-13T11:39:36.731064+00:00,1789299576.720419,0.010645151138305664,1.933217693991847,1.2457235515093257,0.30534377694129944,0.602326672925713,odom,episode_start,odom
92.36684397600038,2026-09-13T11:39:36.794933+00:00,1789299576.762946,0.03198719024658203,1.9329876175147371,1.245913198371307,0.3052471876144409,0.6039134162380654,odom,episode_start,odom
92.44072842199967,2026-09-13T11:39:36.868814+00:00,1789299576.8260412,0.042772769927978516,1.932689721212924,1.2461510184648965,0.30512887239456177,0.6067993260849001,odom,episode_start,odom
92.49681802699979,2026-09-13T11:39:36.924913+00:00,1789299576.9192853,0.005627632141113281,1.9324399461257176,1.2464226350809156,0.3049737811088562,0.6100681054645012,odom,episode_start,odom
92.55052387999967,2026-09-13T11:39:36.978609+00:00,1789299576.9560485,0.022560596466064453,1.9323303626107078,1.2465605071383745,0.3049241900444031,0.6111785679373156,odom,episode_start,odom
92.6030511050003,2026-09-13T11:39:37.031137+00:00,1789299577.0061162,0.025020837783813477,1.932257873229847,1.2466997246358875,0.3048637807369232,0.6118760892793149,odom,episode_start,odom
92.66376465299982,2026-09-13T11:39:37.091823+00:00,1789299577.079778,0.012045145034790039,1.9321998206651316,1.2468726255887526,0.304806649684906,0.6130863404767608,odom,episode_start,odom
92.7147070179999,2026-09-13T11:39:37.142798+00:00,1789299577.1162517,0.026546239852905273,1.9322257618462317,1.2469187358150102,0.30479753017425537,0.6131954435770559,odom,episode_start,odom
92.7734114269997,2026-09-13T11:39:37.200365+00:00,1789299577.1773152,0.02304983139038086,1.9322428175233624,1.246987666209958,0.30480483174324036,0.6137358241257554,odom,episode_start,odom
92.8407448730004,2026-09-13T11:39:37.268832+00:00,1789299577.2326562,0.03617572784423828,1.932117831305898,1.246957304836328,0.3047986626625061,0.614163787317377,odom,episode_start,odom
92.89198645600027,2026-09-13T11:39:37.320075+00:00,1789299577.2961302,0.023944854736328125,1.9320996376607822,1.2469770275195011,0.3047584593296051,0.6147401784783298,odom,episode_start,odom
92.9489838239997,2026-09-13T11:39:37.376985+00:00,1789299577.362798,0.014187097549438477,1.9320175409417855,1.246927283706546,0.3047674596309662,0.6151866482635108,odom,episode_start,odom
93.00025987200024,2026-09-13T11:39:37.428355+00:00,1789299577.4030638,0.02529120445251465,1.9320164221323177,1.2469197358500859,0.30475759506225586,0.6152246880927746,odom,episode_start,odom
93.06014178900023,2026-09-13T11:39:37.488232+00:00,1789299577.4762235,0.012008428573608398,1.9309639952576245,1.2477540025847513,0.3051179051399231,0.6114217843631405,odom,episode_start,odom
93.11451094200038,2026-09-13T11:39:37.542600+00:00,1789299577.5272174,0.015382528305053711,1.9315238999461566,1.2481659710895523,0.3057580292224884,0.5921321551979631,odom,episode_start,odom
93.17366660900007,2026-09-13T11:39:37.601755+00:00,1789299577.5661469,0.03560805320739746,1.9313259545108992,1.2489220641073497,0.30623725056648254,0.579062749568736,odom,episode_start,odom
93.22896826299984,2026-09-13T11:39:37.657060+00:00,1789299577.6429625,0.014097452163696289,1.9308088972909803,1.2512326136185157,0.30715832114219666,0.5541910271015286,odom,episode_start,odom
93.28733514899977,2026-09-13T11:39:37.715426+00:00,1789299577.7035992,0.011826753616333008,1.9305820294868232,1.2530680311008546,0.3076590597629547,0.535112988121991,odom,episode_start,odom
93.34379002199967,2026-09-13T11:39:37.771879+00:00,1789299577.7628982,0.008980751037597656,1.9302090162638392,1.2551594312998815,0.30903947353363037,0.516254954292693,odom,episode_start,odom
93.40297772200029,2026-09-13T11:39:37.831066+00:00,1789299577.8234296,0.007636308670043945,1.9300227831155725,1.2568302645726714,0.31033197045326233,0.49756676430397956,odom,episode_start,odom
93.46300111900018,2026-09-13T11:39:37.891092+00:00,1789299577.8759878,0.015104293823242188,1.9307179316148497,1.25605673259912,0.3099043369293213,0.4903534435880471,odom,episode_start,odom
93.51664197399987,2026-09-13T11:39:37.944737+00:00,1789299577.9392693,0.005467653274536133,1.9300794800185745,1.2574860516899231,0.3082578480243683,0.5056238064657833,odom,episode_start,odom
93.57592603299963,2026-09-13T11:39:38.004013+00:00,1789299577.9859204,0.018092632293701172,1.9306387514678225,1.2570188505949758,0.3078121542930603,0.5113471809620873,odom,episode_start,odom
93.6385850659999,2026-09-13T11:39:38.066674+00:00,1789299578.052884,0.013789892196655273,1.9312353814050962,1.2568040377906582,0.30762553215026855,0.5189379494681666,odom,episode_start,odom
93.69241329099987,2026-09-13T11:39:38.120505+00:00,1789299578.1055496,0.014955520629882812,1.9316641593025892,1.2567174901036855,0.30754154920578003,0.5242691754027017,odom,episode_start,odom
93.7437957760003,2026-09-13T11:39:38.171885+00:00,1789299578.162718,0.009166955947875977,1.931985237459699,1.2566439883278178,0.3073789179325104,0.529659570993768,odom,episode_start,odom
93.79567960300028,2026-09-13T11:39:38.223767+00:00,1789299578.2093036,0.014463424682617188,1.9319714678304007,1.256868028317301,0.3072497248649597,0.5343733688056793,odom,episode_start,odom
93.84793868199995,2026-09-13T11:39:38.276034+00:00,1789299578.2693062,0.006727933883666992,1.9320213565771513,1.257123328311805,0.30706554651260376,0.5381977300995525,odom,episode_start,odom
93.90312938500028,2026-09-13T11:39:38.331218+00:00,1789299578.3189638,0.01225423812866211,1.932158813939236,1.2572843125858957,0.3069216310977936,0.5414064644735993,odom,episode_start,odom
93.96188403500037,2026-09-13T11:39:38.389974+00:00,1789299578.3593366,0.030637502670288086,1.932181424601476,1.2574061386789677,0.30684471130371094,0.5443735613608283,odom,episode_start,odom
94.01677782499974,2026-09-13T11:39:38.444868+00:00,1789299578.4163976,0.028470516204833984,1.9323784618293725,1.257495749750251,0.3067261576652527,0.5479699482566087,odom,episode_start,odom
94.06819317700047,2026-09-13T11:39:38.496282+00:00,1789299578.4897134,0.0065686702728271484,1.9325802367119485,1.2575202811143644,0.30664339661598206,0.5516795575997281,odom,episode_start,odom
94.12758907999978,2026-09-13T11:39:38.555678+00:00,1789299578.522598,0.03307986259460449,1.9327093651200447,1.257505602727136,0.3065960109233856,0.5531319179692703,odom,episode_start,odom
94.1805399750001,2026-09-13T11:39:38.608628+00:00,1789299578.5827973,0.025830745697021484,1.9329215489357419,1.2574888346809152,0.30653756856918335,0.5557915448882862,odom,episode_start,odom
94.23148176300037,2026-09-13T11:39:38.659567+00:00,1789299578.6360476,0.023519515991210938,1.9330302410668176,1.2575069219591306,0.3064568042755127,0.5575586782248132,odom,episode_start,odom
94.29787358500016,2026-09-13T11:39:38.725960+00:00,1789299578.6992784,0.02668166160583496,1.9330817251623376,1.2575725000452866,0.3063688576221466,0.5596439491042476,odom,episode_start,odom
94.36059934199966,2026-09-13T11:39:38.788685+00:00,1789299578.766252,0.022433042526245117,1.9331249304844034,1.2574982427353567,0.3063505291938782,0.5605371563568259,odom,episode_start,odom
94.41389364899987,2026-09-13T11:39:38.841983+00:00,1789299578.8230515,0.01893162727355957,1.9331226549442624,1.2573501577513673,0.3063792884349823,0.5617578641577706,odom,episode_start,odom
94.46803894799996,2026-09-13T11:39:38.896125+00:00,1789299578.8638678,0.0322573184967041,1.9331237842263458,1.2572932512943549,0.3063936233520508,0.5622120485840264,odom,episode_start,odom
94.52551589399991,2026-09-13T11:39:38.953601+00:00,1789299578.9259126,0.027688264846801758,1.933150004848885,1.2572505815272856,0.30639511346817017,0.5628587896175319,odom,episode_start,odom
94.58286931200018,2026-09-13T11:39:39.010957+00:00,1789299578.9792538,0.03170323371887207,1.933186063857178,1.2572395581197608,0.30635908246040344,0.5635108000362363,odom,episode_start,odom
94.63743911399979,2026-09-13T11:39:39.065524+00:00,1789299579.0459077,0.019616365432739258,1.933190471542711,1.2572974155225858,0.30633628368377686,0.564748735884321,odom,episode_start,odom
94.69232950999958,2026-09-13T11:39:39.120418+00:00,1789299579.105889,0.014528989791870117,1.9331829762494361,1.257386188170046,0.30627521872520447,0.565292481224031,odom,episode_start,odom
94.75900781099972,2026-09-13T11:39:39.187047+00:00,1789299579.162956,0.024091005325317383,1.9331983015217773,1.2574447656689802,0.3062518835067749,0.5658492013339735,odom,episode_start,odom
94.81354036300036,2026-09-13T11:39:39.241631+00:00,1789299579.2359474,0.0056836605072021484,1.933259594867253,1.2574390616813131,0.3062305748462677,0.5659652810624954,odom,episode_start,odom
94.86544754900024,2026-09-13T11:39:39.293531+00:00,1789299579.2824647,0.011066198348999023,1.9332755987410704,1.2574191477070977,0.30624061822891235,0.5662819305333856,odom,episode_start,odom
94.92864113999985,2026-09-13T11:39:39.356720+00:00,1789299579.3425853,0.014134645462036133,1.933284430391572,1.2573641081990923,0.30622467398643494,0.5668093710009925,odom,episode_start,odom
94.9933167979998,2026-09-13T11:39:39.421403+00:00,1789299579.3959477,0.025455236434936523,1.933293744439044,1.2573227131432367,0.30620941519737244,0.5669420842597553,odom,episode_start,odom
95.04974942700028,2026-09-13T11:39:39.477836+00:00,1789299579.459512,0.018323898315429688,1.9332648468829343,1.257247894021594,0.30621635913848877,0.5669931301586874,odom,episode_start,odom
95.10466459300005,2026-09-13T11:39:39.532755+00:00,1789299579.4830031,0.04975175857543945,1.933271526037653,1.2572102144990869,0.3062375783920288,0.5670841091380023,odom,episode_start,odom
95.15577566899992,2026-09-13T11:39:39.583876+00:00,1789299579.5758493,0.008026599884033203,1.9332808668880253,1.2572508250332444,0.30622735619544983,0.567443600257552,odom,episode_start,odom
95.2213128809999,2026-09-13T11:39:39.649366+00:00,1789299579.6302757,0.01909017562866211,1.9337427788388413,1.2575038030784151,0.3062577247619629,0.5674135811002238,odom,episode_start,odom
95.28525192199959,2026-09-13T11:39:39.713303+00:00,1789299579.6957746,0.017528533935546875,1.936605160250053,1.2588489929075493,0.3062804043292999,0.5655750718264209,odom,episode_start,odom
95.3404795209999,2026-09-13T11:39:39.768563+00:00,1789299579.7358115,0.03275156021118164,1.9398641041941809,1.2611484348168964,0.30568066239356995,0.565357523326058,odom,episode_start,odom
95.3951478250001,2026-09-13T11:39:39.823238+00:00,1789299579.782672,0.04056596755981445,1.9456770388464524,1.265682335718255,0.30513158440589905,0.5669144723057811,odom,episode_start,odom
95.45246056799988,2026-09-13T11:39:39.880545+00:00,1789299579.8559308,0.02461409568786621,1.9569716822856995,1.2746005990439158,0.30347591638565063,0.5668450846425912,odom,episode_start,odom
95.51022719200046,2026-09-13T11:39:39.938252+00:00,1789299579.8959973,0.04225468635559082,1.964274705633001,1.2800650508913411,0.3022572696208954,0.567859247563098,odom,episode_start,odom
95.57808671299972,2026-09-13T11:39:40.006011+00:00,1789299579.9735548,0.032456159591674805,1.9773650204057411,1.2897168744914307,0.300103098154068,0.5705328212881549,odom,episode_start,odom
95.636660614,2026-09-13T11:39:40.064751+00:00,1789299580.0576196,0.007131338119506836,1.9923249394108133,1.3000075821508021,0.29638323187828064,0.5697313297078529,odom,episode_start,odom
95.69285082700026,2026-09-13T11:39:40.120941+00:00,1789299580.1068935,0.014047384262084961,2.0055161227880727,1.3095392808770585,0.2942505180835724,0.5620491508270534,odom,episode_start,odom
95.7545768760001,2026-09-13T11:39:40.182658+00:00,1789299580.1683717,0.014286279678344727,2.016986214878806,1.322048747192161,0.2953047454357147,0.5670355239955466,odom,episode_start,odom
95.80855713900019,2026-09-13T11:39:40.236623+00:00,1789299580.2192442,0.017378807067871094,2.0292522892302225,1.3337297356855031,0.2934204041957855,0.5683846275128079,odom,episode_start,odom
95.86177374199997,2026-09-13T11:39:40.289862+00:00,1789299580.262398,0.027463912963867188,2.0407414153247703,1.345788639804377,0.2906399965286255,0.5676659986572723,odom,episode_start,odom
95.92279728700032,2026-09-13T11:39:40.350882+00:00,1789299580.3324354,0.018446683883666992,2.062216272045738,1.3602178312466442,0.2887587249279022,0.5766815820036721,odom,episode_start,odom
95.9857045230001,2026-09-13T11:39:40.413791+00:00,1789299580.3896208,0.0241701602935791,2.0755014881241594,1.3688460520153485,0.2942572832107544,0.5800187626023087,odom,episode_start,odom
96.03940953900019,2026-09-13T11:39:40.467495+00:00,1789299580.4157784,0.05171656608581543,2.081267331073293,1.3718705772332471,0.2956009805202484,0.5825123159430792,odom,episode_start,odom
96.09525185999973,2026-09-13T11:39:40.523339+00:00,1789299580.4859486,0.03739047050476074,2.1003010507013498,1.3803128311139354,0.2953852117061615,0.5880979246215744,odom,episode_start,odom
96.14749519199995,2026-09-13T11:39:40.575585+00:00,1789299580.563507,0.012077808380126953,2.11544414635093,1.384692203405662,0.2959693372249603,0.5921244065376049,odom,episode_start,odom
96.19826410400037,2026-09-13T11:39:40.626354+00:00,1789299580.5957675,0.03058648109436035,2.1194247565772897,1.3859531859569434,0.2979937493801117,0.5962456999596414,odom,episode_start,odom
96.25486531600018,2026-09-13T11:39:40.682953+00:00,1789299580.6370459,0.045907020568847656,2.1213737396974484,1.3868275958069864,0.2994506359100342,0.6000366807649801,odom,episode_start,odom
96.30651882300026,2026-09-13T11:39:40.734616+00:00,1789299580.718985,0.01563096046447754,2.1202430228677884,1.3882989526715859,0.3009254038333893,0.6051653179942664,odom,episode_start,odom
96.3684243380003,2026-09-13T11:39:40.796514+00:00,1789299580.775893,0.020621061325073242,2.1182424290365165,1.3878315561260979,0.3015134930610657,0.6099903440609126,odom,episode_start,odom
96.4267556650002,2026-09-13T11:39:40.854847+00:00,1789299580.8260648,0.028782129287719727,2.115579579130782,1.3863466951900087,0.3034328520298004,0.6163196081213981,odom,episode_start,odom
96.48260118600047,2026-09-13T11:39:40.910691+00:00,1789299580.8862965,0.024394512176513672,2.112417233649298,1.3856145322786113,0.30433085560798645,0.6196135577653142,odom,episode_start,odom
96.55071271900033,2026-09-13T11:39:40.978800+00:00,1789299580.9058313,0.07296872138977051,2.111575665446501,1.3853658470165255,0.3045440912246704,0.6201827848876734,odom,episode_start,odom
96.62387189899982,2026-09-13T11:39:41.051958+00:00,1789299581.01244,0.039518117904663086,2.1095022899343747,1.3842801442393842,0.30491167306900024,0.6209826874696874,odom,episode_start,odom
96.6790646139998,2026-09-13T11:39:41.107154+00:00,1789299581.072393,0.03476095199584961,2.109133361614519,1.383875617521563,0.3048538863658905,0.6201523212056166,odom,episode_start,odom
96.73657483700026,2026-09-13T11:39:41.164661+00:00,1789299581.142507,0.022153854370117188,2.1089364514488946,1.3833052381364777,0.304844468832016,0.6200277930461462,odom,episode_start,odom
96.79509871800019,2026-09-13T11:39:41.219909+00:00,1789299581.192375,0.027534008026123047,2.1086367260175813,1.3830493214352741,0.3048458397388458,0.61993637288055,odom,episode_start,odom
96.86079417499968,2026-09-13T11:39:41.288880+00:00,1789299581.2723198,0.01656031608581543,2.108438633760117,1.3828662969976544,0.3048829436302185,0.6184627108084436,odom,episode_start,odom
96.9198311729997,2026-09-13T11:39:41.347919+00:00,1789299581.3322835,0.01563549041748047,2.110766343227892,1.3828159184008877,0.3056240975856781,0.6160532169770491,odom,episode_start,odom
96.99664851299985,2026-09-13T11:39:41.424739+00:00,1789299581.4020052,0.022733688354492188,2.114754818283007,1.385876934999351,0.3050388693809509,0.6139221115002044,odom,episode_start,odom
97.0535337399997,2026-09-13T11:39:41.481621+00:00,1789299581.4623742,0.019246816635131836,2.1214488909396643,1.3911540368703816,0.3045513331890106,0.6129641020611689,odom,episode_start,odom
97.12621257200044,2026-09-13T11:39:41.554302+00:00,1789299581.5156162,0.03868579864501953,2.128909859893319,1.396749826899323,0.30398064851760864,0.6124231067429976,odom,episode_start,odom
97.18181043000004,2026-09-13T11:39:41.609870+00:00,1789299581.5974598,0.012410163879394531,2.1443517135243177,1.4077057192566758,0.30485495924949646,0.6129910792500977,odom,episode_start,odom
97.2477047149996,2026-09-13T11:39:41.675778+00:00,1789299581.655552,0.020226001739501953,2.15338393278004,1.414411074109427,0.30472880601882935,0.6099654693963669,odom,episode_start,odom
97.31016347599962,2026-09-13T11:39:41.738252+00:00,1789299581.715647,0.022604942321777344,2.164069573315919,1.4238432807020052,0.3041696548461914,0.6077617465187176,odom,episode_start,odom
97.36152073999983,2026-09-13T11:39:41.789608+00:00,1789299581.7424114,0.04719662666320801,2.16941982787681,1.428569222780974,0.303602933883667,0.6055208456217555,odom,episode_start,odom
97.41313069100033,2026-09-13T11:39:41.841217+00:00,1789299581.812268,0.02894902229309082,2.1896730407938896,1.4459129921816993,0.3007039427757263,0.6029339405453664,odom,episode_start,odom
97.46411087700017,2026-09-13T11:39:41.892203+00:00,1789299581.8599336,0.03226947784423828,2.2036502433167042,1.4550862578838077,0.29882946610450745,0.6003999748067741,odom,episode_start,odom
97.5209385649996,2026-09-13T11:39:41.949027+00:00,1789299581.9122016,0.03682541847229004,2.2193787694889493,1.4712811874511509,0.3019571900367737,0.5906214761508259,odom,episode_start,odom
97.58063265599958,2026-09-13T11:39:42.008721+00:00,1789299581.988112,0.020609140396118164,2.236691838836708,1.4838543288962442,0.3046307861804962,0.5932908212706163,odom,episode_start,odom
97.6332508229998,2026-09-13T11:39:42.061340+00:00,1789299582.0222569,0.039083242416381836,2.2483602664234645,1.4913941606713021,0.3046758770942688,0.5903408919080061,odom,episode_start,odom
97.68715895100013,2026-09-13T11:39:42.115249+00:00,1789299582.1090157,0.00623321533203125,2.2731597727765953,1.505926309222902,0.3030560314655304,0.589318458623626,odom,episode_start,odom
97.74075006899966,2026-09-13T11:39:42.168838+00:00,1789299582.1557076,0.013130426406860352,2.283069484481519,1.5117094315513406,0.30115386843681335,0.5906435687076864,odom,episode_start,odom
97.80017476800003,2026-09-13T11:39:42.228262+00:00,1789299582.2056682,0.02259373664855957,2.290482136560053,1.5168445705434004,0.3018735349178314,0.5916856335696478,odom,episode_start,odom
97.85541580399968,2026-09-13T11:39:42.283500+00:00,1789299582.2636395,0.019860506057739258,2.2943024684142257,1.5185555618676791,0.30326125025749207,0.5963605099731889,odom,episode_start,odom
97.91171456499978,2026-09-13T11:39:42.339762+00:00,1789299582.322225,0.01753687858581543,2.2936333279562335,1.520060127829776,0.3037208020687103,0.6004312500466485,odom,episode_start,odom
97.96806692799964,2026-09-13T11:39:42.396156+00:00,1789299582.369042,0.027114152908325195,2.291702552677589,1.51941514727431,0.30354201793670654,0.6034687038277992,odom,episode_start,odom
98.01951139599987,2026-09-13T11:39:42.447600+00:00,1789299582.432209,0.015390872955322266,2.288534353261673,1.5183124329991267,0.3043643832206726,0.6110940228796612,odom,episode_start,odom
98.0727141719999,2026-09-13T11:39:42.500802+00:00,1789299582.489024,0.011778116226196289,2.2873789849436066,1.5176350929834117,0.3050462603569031,0.6115721890300202,odom,episode_start,odom
98.12562496299961,2026-09-13T11:39:42.553714+00:00,1789299582.5421958,0.011518239974975586,2.2872065401298998,1.5172759993288167,0.30527636408805847,0.6105692659075379,odom,episode_start,odom
98.18718479099971,2026-09-13T11:39:42.615275+00:00,1789299582.5958555,0.019419431686401367,2.2874954996061847,1.5171733178255769,0.30542153120040894,0.610318996865229,odom,episode_start,odom
98.2445345240003,2026-09-13T11:39:42.672618+00:00,1789299582.6519508,0.020667076110839844,2.2877679408476506,1.5172166382491015,0.30555251240730286,0.6104265600772406,odom,episode_start,odom
98.30903416799993,2026-09-13T11:39:42.737123+00:00,1789299582.6987817,0.03834128379821777,2.2879817158438494,1.5172773399018715,0.30560216307640076,0.6111365634790007,odom,episode_start,odom
98.36115902599977,2026-09-13T11:39:42.789245+00:00,1789299582.7521658,0.0370790958404541,2.2879222991261443,1.5172890485126405,0.3055688440799713,0.6107876840876454,odom,episode_start,odom
98.4139137129996,2026-09-13T11:39:42.842001+00:00,1789299582.828961,0.01304006576538086,2.2878989260793112,1.5171887274250269,0.3055371940135956,0.6105879041342954,odom,episode_start,odom
98.46634466900014,2026-09-13T11:39:42.894433+00:00,1789299582.868972,0.02546095848083496,2.2878621068203113,1.5171185637637457,0.3055119216442108,0.6105065007451381,odom,episode_start,odom
98.51991376899969,2026-09-13T11:39:42.948005+00:00,1789299582.9354792,0.012525796890258789,2.2878182194715038,1.5171431286320325,0.3054993450641632,0.6102600401918956,odom,episode_start,odom
98.57278263799981,2026-09-13T11:39:43.000873+00:00,1789299582.9955804,0.005292654037475586,2.2890265655305617,1.5170765800888921,0.30545175075531006,0.6101470560520179,odom,episode_start,odom
98.62659024799996,2026-09-13T11:39:43.054618+00:00,1789299583.0473487,0.007269144058227539,2.290602709240893,1.5183240232236592,0.305359423160553,0.6101737071574879,odom,episode_start,odom
98.69807899199986,2026-09-13T11:39:43.126169+00:00,1789299583.0936768,0.03249216079711914,2.2947886977160334,1.5213473655104985,0.30538901686668396,0.6100418861476817,odom,episode_start,odom
98.7567594230004,2026-09-13T11:39:43.184849+00:00,1789299583.1650681,0.019780874252319336,2.3037266640383796,1.5278338326254108,0.30538907647132874,0.6113040205158127,odom,episode_start,odom
98.80931540799975,2026-09-13T11:39:43.237404+00:00,1789299583.2291315,0.008272647857666016,2.3142448878180435,1.5347071849415919,0.30605289340019226,0.6137848825119137,odom,episode_start,odom
98.86619096800041,2026-09-13T11:39:43.294278+00:00,1789299583.2654004,0.02887749671936035,2.3203474785655693,1.5391118576188727,0.3064476549625397,0.615079989606883,odom,episode_start,odom
98.91820609099977,2026-09-13T11:39:43.346219+00:00,1789299583.3056524,0.04056668281555176,2.3261933579106127,1.5426159250808478,0.30686381459236145,0.6145945658731417,odom,episode_start,odom
98.9776015389998,2026-09-13T11:39:43.405691+00:00,1789299583.385698,0.019992828369140625,2.3377922796946327,1.5512255396495265,0.30684155225753784,0.6116666974428399,odom,episode_start,odom
99.03741288200035,2026-09-13T11:39:43.465503+00:00,1789299583.4494731,0.016029834747314453,2.352819085148314,1.5612474222325732,0.304660439491272,0.6088129953116759,odom,episode_start,odom
99.11339004199999,2026-09-13T11:39:43.541243+00:00,1789299583.525845,0.015398025512695312,2.375893191342639,1.576381567450431,0.30065450072288513,0.6066810275677773,odom,episode_start,odom
99.1718041209997,2026-09-13T11:39:43.599889+00:00,1789299583.5623922,0.03749680519104004,2.3864240457486745,1.5850473489273638,0.2983105480670929,0.6048445896500698,odom,episode_start,odom
99.22560225800044,2026-09-13T11:39:43.653691+00:00,1789299583.6294296,0.024261474609375,2.4081907998611505,1.6005040418834966,0.2998445928096771,0.5935323520154129,odom,episode_start,odom
99.29171584800042,2026-09-13T11:39:43.719807+00:00,1789299583.69208,0.02772688865661621,2.4200202833562536,1.6109854771061594,0.3044365644454956,0.5971556517024073,odom,episode_start,odom
99.3530737430001,2026-09-13T11:39:43.781160+00:00,1789299583.7653754,0.015784740447998047,2.4403332054768883,1.6257629506900786,0.305515855550766,0.5954167887518635,odom,episode_start,odom
99.41838619900045,2026-09-13T11:39:43.846473+00:00,1789299583.8286574,0.017815589904785156,2.4569235924624167,1.635768448399445,0.3045424520969391,0.5943031246775451,odom,episode_start,odom
99.47535677300039,2026-09-13T11:39:43.903442+00:00,1789299583.8753936,0.028048276901245117,2.4651703726926324,1.6409933271127626,0.3030083179473877,0.5950543000395193,odom,episode_start,odom
99.53185029500037,2026-09-13T11:39:43.959939+00:00,1789299583.9423492,0.017589807510375977,2.472426832095959,1.64400438665598,0.3040388226509094,0.6014031510029213,odom,episode_start,odom
99.59440960200027,2026-09-13T11:39:44.022479+00:00,1789299584.0071652,0.015313863754272461,2.4737415972357817,1.6459256478527822,0.3040463328361511,0.6053416009464734,odom,episode_start,odom
99.6503382259998,2026-09-13T11:39:44.078425+00:00,1789299584.0587194,0.019705533981323242,2.4722179321499356,1.6458174658701679,0.30414149165153503,0.6076821578892881,odom,episode_start,odom
99.7146764500003,2026-09-13T11:39:44.142760+00:00,1789299584.1288502,0.01390981674194336,2.4690144919030494,1.6456554242954229,0.30468127131462097,0.6124831897157413,odom,episode_start,odom
99.77000491200033,2026-09-13T11:39:44.198092+00:00,1789299584.1919782,0.006113767623901367,2.4671809923927603,1.6451231133247584,0.3051016926765442,0.6131522077312923,odom,episode_start,odom
99.82061672199961,2026-09-13T11:39:44.248711+00:00,1789299584.238717,0.009994029998779297,2.4667472447979146,1.6448139810817262,0.30522724986076355,0.6130543965462135,odom,episode_start,odom
99.87749960899964,2026-09-13T11:39:44.305590+00:00,1789299584.295383,0.010206937789916992,2.4667087354368844,1.6446319698805247,0.305280476808548,0.6126962389957737,odom,episode_start,odom
99.93175201000031,2026-09-13T11:39:44.359819+00:00,1789299584.3546379,0.005181074142456055,2.466867954016395,1.6445575155711416,0.3052924871444702,0.6122246672011143,odom,episode_start,odom
99.99753527499979,2026-09-13T11:39:44.425619+00:00,1789299584.3853898,0.040229082107543945,2.4669117792725106,1.6445243010615576,0.30529600381851196,0.6121800413612962,odom,episode_start,odom
100.05436087900034,2026-09-13T11:39:44.482417+00:00,1789299584.4364157,0.046001434326171875,2.466826199706336,1.644475499012082,0.30529671907424927,0.6123190493722853,odom,episode_start,odom
100.11710365100043,2026-09-13T11:39:44.545192+00:00,1789299584.512017,0.033174991607666016,2.466608773602378,1.6444417349512108,0.3052951693534851,0.6121203350784878,odom,episode_start,odom
100.17385747499975,2026-09-13T11:39:44.601946+00:00,1789299584.581937,0.02000904083251953,2.4666556957978276,1.6443455817647614,0.3053087592124939,0.6110011515950565,odom,episode_start,odom
100.2301534799999,2026-09-13T11:39:44.656781+00:00,1789299584.6486716,0.008109331130981445,2.4685941495276493,1.6467028399847072,0.3048589825630188,0.6098904756255157,odom,episode_start,odom
100.28720687300029,2026-09-13T11:39:44.715294+00:00,1789299584.705408,0.009885787963867188,2.4727979260862085,1.6500042472909902,0.303928941488266,0.6106997194040921,odom,episode_start,odom
100.34382849699978,2026-09-13T11:39:44.771919+00:00,1789299584.758965,0.012953996658325195,2.4780509444871566,1.654655993905053,0.30290526151657104,0.6125448278177588,odom,episode_start,odom
100.39603028500005,2026-09-13T11:39:44.824119+00:00,1789299584.7963333,0.027785778045654297,2.4829406810781727,1.6586804889750433,0.3027721643447876,0.6129624978627736,odom,episode_start,odom
100.45659587800037,2026-09-13T11:39:44.884647+00:00,1789299584.862108,0.02253890037536621,2.4939298100195577,1.6658484378463352,0.30221638083457947,0.6158527636116193,odom,episode_start,odom
100.53059378699982,2026-09-13T11:39:44.958676+00:00,1789299584.9352884,0.023387670516967773,2.508972030687076,1.6769548419648646,0.3029319941997528,0.6187966812905163,odom,episode_start,odom
100.59350088799965,2026-09-13T11:39:45.021587+00:00,1789299584.9993923,0.022194623947143555,2.518603698271323,1.6834548714835775,0.30333569645881653,0.6170344134920821,odom,episode_start,odom
100.6449250630003,2026-09-13T11:39:45.073013+00:00,1789299585.062147,0.010866165161132812,2.5308897293244446,1.693128926094849,0.3028523921966553,0.6147924713856403,odom,episode_start,odom
100.7006112400004,2026-09-13T11:39:45.128691+00:00,1789299585.1186492,0.01004171371459961,2.546943809075335,1.705395813401491,0.3017500638961792,0.6116379358186063,odom,episode_start,odom
100.75882319300035,2026-09-13T11:39:45.186884+00:00,1789299585.1722257,0.014658212661743164,2.5632530059679204,1.7177150469522828,0.29944515228271484,0.6101500380733568,odom,episode_start,odom
100.82894459199997,2026-09-13T11:39:45.257033+00:00,1789299585.2164237,0.04060935974121094,2.57732603355437,1.729633162386494,0.30092063546180725,0.6012215312225123,odom,episode_start,odom
100.88089881300039,2026-09-13T11:39:45.308988+00:00,1789299585.2819455,0.027042627334594727,2.5961988874127138,1.7452697320765007,0.3061205744743347,0.6014539547189026,odom,episode_start,odom
100.93459204499959,2026-09-13T11:39:45.362681+00:00,1789299585.332025,0.030655860900878906,2.6098425335908324,1.7557237568332225,0.307235449552536,0.6009806618582026,odom,episode_start,odom
100.99177213100029,2026-09-13T11:39:45.419858+00:00,1789299585.4018795,0.017978429794311523,2.632762264187902,1.7717388202223696,0.30586305260658264,0.5990986619664996,odom,episode_start,odom
101.05227487100001,2026-09-13T11:39:45.480286+00:00,1789299585.4689069,0.011379003524780273,2.6565335156745515,1.7861963296801906,0.302367627620697,0.5991641737242069,odom,episode_start,odom
101.10570117499992,2026-09-13T11:39:45.533792+00:00,1789299585.5220342,0.011757850646972656,2.6689969490236747,1.7953216711726265,0.3016357421875,0.598428522072829,odom,episode_start,odom
101.15860962700026,2026-09-13T11:39:45.586698+00:00,1789299585.5785344,0.008163690567016602,2.678683901450679,1.799693692925595,0.3018360733985901,0.6019937269953055,odom,episode_start,odom
101.21173424999961,2026-09-13T11:39:45.639821+00:00,1789299585.6253302,0.014490842819213867,2.682392456407421,1.8047262920367009,0.30186647176742554,0.6050829255225836,odom,episode_start,odom
101.2657989270001,2026-09-13T11:39:45.693873+00:00,1789299585.6826525,0.011220455169677734,2.684014239957605,1.8056824688853577,0.3021785616874695,0.6095787972651507,odom,episode_start,odom
101.33097802900011,2026-09-13T11:39:45.759068+00:00,1789299585.745429,0.013638973236083984,2.68313800513756,1.8045800397015015,0.30443572998046875,0.6120532542224006,odom,episode_start,odom
101.38271303700003,2026-09-13T11:39:45.810804+00:00,1789299585.8013995,0.009404420852661133,2.6804791801849195,1.8027783940348845,0.30558285117149353,0.609355757748894,odom,episode_start,odom
101.44100576300025,2026-09-13T11:39:45.869096+00:00,1789299585.8489356,0.020160436630249023,2.6783338448886576,1.8011723986592842,0.3062017858028412,0.6071974809068628,odom,episode_start,odom
101.49663788900034,2026-09-13T11:39:45.924696+00:00,1789299585.9090662,0.01562976837158203,2.6768952683812346,1.800047686402973,0.3065073788166046,0.6036520932006341,odom,episode_start,odom
101.55357108099997,2026-09-13T11:39:45.981656+00:00,1789299585.9621108,0.019545316696166992,2.6764339658410043,1.7995829912544807,0.30656713247299194,0.6009628154639612,odom,episode_start,odom
101.617885269,2026-09-13T11:39:46.045975+00:00,1789299586.022389,0.023586034774780273,2.676299070308838,1.7991650588251673,0.3065139055252075,0.599973389618312,odom,episode_start,odom
101.6701339049996,2026-09-13T11:39:46.098224+00:00,1789299586.0912538,0.00697016716003418,2.675960954242231,1.7987807458236387,0.30640673637390137,0.5994783789992393,odom,episode_start,odom
101.72377631600011,2026-09-13T11:39:46.151830+00:00,1789299586.1290026,0.0228273868560791,2.6757709640594056,1.7986635073909225,0.3063853085041046,0.5992004855934502,odom,episode_start,odom
101.79519122700003,2026-09-13T11:39:46.223282+00:00,1789299586.195366,0.02791619300842285,2.6755485530710272,1.7985120787851394,0.30635198950767517,0.5987570356830526,odom,episode_start,odom
101.85734442699959,2026-09-13T11:39:46.285429+00:00,1789299586.271809,0.01361989974975586,2.6754159647953655,1.7982342907758277,0.3063609004020691,0.5988175343492399,odom,episode_start,odom
101.90929000600045,2026-09-13T11:39:46.337381+00:00,1789299586.2990086,0.03837227821350098,2.6754004933000424,1.7981800615498063,0.3063816428184509,0.5988266481161445,odom,episode_start,odom
101.9609469930001,2026-09-13T11:39:46.389038+00:00,1789299586.379045,0.00999307632446289,2.6754488454627623,1.7979947356625021,0.3065454661846161,0.5993519034642653,odom,episode_start,odom
102.03193880700019,2026-09-13T11:39:46.460025+00:00,1789299586.4118063,0.048218727111816406,2.6754342448528203,1.7979052788046601,0.3065839409828186,0.5995361795250437,odom,episode_start,odom
102.09124035700006,2026-09-13T11:39:46.519332+00:00,1789299586.448925,0.07040691375732422,2.6753972488950053,1.7977610657521959,0.30661511421203613,0.5995649423504548,odom,episode_start,odom
102.14233516799959,2026-09-13T11:39:46.570425+00:00,1789299586.528583,0.041841983795166016,2.6756863512685114,1.797587659520061,0.3067856431007385,0.5991380890153524,odom,episode_start,odom
102.19443157099977,2026-09-13T11:39:46.622521+00:00,1789299586.5919602,0.030560731887817383,2.678055644501523,1.7973689637090882,0.306962251663208,0.5985123072961366,odom,episode_start,odom
102.25028121200012,2026-09-13T11:39:46.678368+00:00,1789299586.665108,0.013260126113891602,2.6828416739896603,1.8001541947953135,0.3063714802265167,0.6028624672916193,odom,episode_start,odom
102.30400734100022,2026-09-13T11:39:46.732094+00:00,1789299586.7151353,0.01695871353149414,2.6875351299792096,1.803918467030414,0.3068491518497467,0.6079382614884936,odom,episode_start,odom
102.35756126700016,2026-09-13T11:39:46.785652+00:00,1789299586.749434,0.03621792793273926,2.6918294381774404,1.8067143994481638,0.3073350489139557,0.6099960644282895,odom,episode_start,odom
102.40946572400026,2026-09-13T11:39:46.837556+00:00,1789299586.811231,0.026324987411499023,2.7014517810491663,1.8149145263449964,0.3091125190258026,0.6091856930627589,odom,episode_start,odom
102.46879165900009,2026-09-13T11:39:46.896884+00:00,1789299586.8846397,0.012244224548339844,2.713473829119245,1.8264897541666876,0.30996015667915344,0.609144225042695,odom,episode_start,odom
102.52270048599985,2026-09-13T11:39:46.950782+00:00,1789299586.9285464,0.022235631942749023,2.7217869819920217,1.8339160101938305,0.3099953830242157,0.6101367452667914,odom,episode_start,odom
102.57888211400041,2026-09-13T11:39:47.006969+00:00,1789299586.975095,0.03187394142150879,2.7330507755575244,1.8434391138840296,0.30888786911964417,0.6089546543239066,odom,episode_start,odom
102.63091988900032,2026-09-13T11:39:47.059011+00:00,1789299587.0484264,0.010584592819213867,2.754422901098823,1.8595704188052402,0.3052762448787689,0.6093336112367289,odom,episode_start,odom
102.68238217500038,2026-09-13T11:39:47.110467+00:00,1789299587.0918226,0.018644332885742188,2.7680141526898194,1.870528239963201,0.30238786339759827,0.6092512846026445,odom,episode_start,odom
102.75481099799981,2026-09-13T11:39:47.182891+00:00,1789299587.1586373,0.02425360679626465,2.789974904767614,1.8865451157568303,0.30080223083496094,0.608071762191624,odom,episode_start,odom
102.80739382800039,2026-09-13T11:39:47.235485+00:00,1789299587.2220378,0.013447284698486328,2.8069621555945883,1.9047148957610722,0.30498385429382324,0.6017011301604777,odom,episode_start,odom
102.85841295299997,2026-09-13T11:39:47.286504+00:00,1789299587.2786593,0.007844686508178711,2.821266803930833,1.9156615480304326,0.30619949102401733,0.6017747717899553,odom,episode_start,odom
102.91288891400018,2026-09-13T11:39:47.340977+00:00,1789299587.325377,0.015599966049194336,2.834851505017086,1.926019957787116,0.30596187710762024,0.5992880088043164,odom,episode_start,odom
102.96959927500029,2026-09-13T11:39:47.397690+00:00,1789299587.3650641,0.03262591361999512,2.845569051148431,1.9342281476422203,0.3052581250667572,0.5983714675633378,odom,episode_start,odom
103.0313150410002,2026-09-13T11:39:47.459400+00:00,1789299587.4117844,0.04761552810668945,2.859550032241491,1.9437135582493377,0.3036174774169922,0.5995417261234525,odom,episode_start,odom
103.08367773000009,2026-09-13T11:39:47.511771+00:00,1789299587.4786022,0.033168792724609375,2.87640968913286,1.9553144761329044,0.30093151330947876,0.6005285436774586,odom,episode_start,odom
103.13889725399986,2026-09-13T11:39:47.566987+00:00,1789299587.5117571,0.055229902267456055,2.883640255304422,1.9589287583060222,0.30053332448005676,0.6019156810680372,odom,episode_start,odom
103.19965069299997,2026-09-13T11:39:47.627740+00:00,1789299587.6017404,0.02599954605102539,2.8948444721663638,1.964774864126238,0.30022650957107544,0.6057345685752074,odom,episode_start,odom
103.25311638899984,2026-09-13T11:39:47.681025+00:00,1789299587.6650102,0.016014814376831055,2.8971349341279597,1.9642856981563148,0.30154770612716675,0.6132208966702412,odom,episode_start,odom
103.31714630199986,2026-09-13T11:39:47.745234+00:00,1789299587.7279944,0.01723957061767578,2.8956121619607087,1.962975399035432,0.303484708070755,0.6138433167442675,odom,episode_start,odom
103.37684326399994,2026-09-13T11:39:47.804931+00:00,1789299587.7660472,0.03888368606567383,2.893879128367938,1.9615500623216835,0.30399855971336365,0.612300761050707,odom,episode_start,odom
103.45705819399973,2026-09-13T11:39:47.885141+00:00,1789299587.838945,0.04619598388671875,2.891129394451984,1.959525719574825,0.3047913610935211,0.6083592328623602,odom,episode_start,odom
103.52058068600036,2026-09-13T11:39:47.948666+00:00,1789299587.9098778,0.0387883186340332,2.889736991356974,1.9587772873378844,0.30495163798332214,0.6067457243742117,odom,episode_start,odom
103.5940979220004,2026-09-13T11:39:48.022183+00:00,1789299587.986517,0.03566598892211914,2.8890972265268617,1.958540623878751,0.30491068959236145,0.6067937346967949,odom,episode_start,odom
103.64570674300012,2026-09-13T11:39:48.073795+00:00,1789299588.0422804,0.031514644622802734,2.888876594485256,1.9582744838270578,0.30448392033576965,0.606584507145459,odom,episode_start,odom
103.70264290700015,2026-09-13T11:39:48.130729+00:00,1789299588.106739,0.02398991584777832,2.888756888475065,1.9578550228561187,0.3046315610408783,0.6069555296674577,odom,episode_start,odom
103.77218660400013,2026-09-13T11:39:48.200275+00:00,1789299588.1807635,0.01951146125793457,2.888582797634526,1.9573407865505894,0.3049030303955078,0.6077685637557689,odom,episode_start,odom
103.82631105600012,2026-09-13T11:39:48.254402+00:00,1789299588.2253003,0.02910161018371582,2.888503063215183,1.9570598540517283,0.3044930696487427,0.6080090922711284,odom,episode_start,odom
103.87938597700031,2026-09-13T11:39:48.307475+00:00,1789299588.2783713,0.029103755950927734,2.888413599556562,1.9568489905614894,0.3046391010284424,0.6080885634317238,odom,episode_start,odom
103.93383998399986,2026-09-13T11:39:48.361926+00:00,1789299588.338458,0.023468017578125,2.8882138692638217,1.9566190456156283,0.30436304211616516,0.6083765698030257,odom,episode_start,odom
103.98960472100043,2026-09-13T11:39:48.417690+00:00,1789299588.3982143,0.019475698471069336,2.887987097643696,1.95650282533389,0.3042915463447571,0.6079556843687299,odom,episode_start,odom
104.04683939900042,2026-09-13T11:39:48.474693+00:00,1789299588.4383996,0.03629350662231445,2.887937831909089,1.9564867364364253,0.3042847216129303,0.6079132828166687,odom,episode_start,odom
104.10851016800007,2026-09-13T11:39:48.536600+00:00,1789299588.5185788,0.018021345138549805,2.88807283345879,1.9564910017200718,0.3043380379676819,0.6072465334191319,odom,episode_start,odom
104.15933039999982,2026-09-13T11:39:48.587418+00:00,1789299588.5818582,0.0055599212646484375,2.8897700115384057,1.9563655538961284,0.304619699716568,0.6067872500210613,odom,episode_start,odom
104.21613046099992,2026-09-13T11:39:48.644219+00:00,1789299588.6342838,0.009935140609741211,2.8924995614156646,1.9574320259143807,0.30441975593566895,0.6081787131126223,odom,episode_start,odom
104.27320522500031,2026-09-13T11:39:48.701293+00:00,1789299588.6849387,0.01635432243347168,2.8977576689761264,1.9604198289107813,0.3045799136161804,0.6091773505409807,odom,episode_start,odom
104.33448810000027,2026-09-13T11:39:48.762574+00:00,1789299588.7454424,0.017131567001342773,2.906539559714834,1.9658201818215122,0.30562540888786316,0.6116633259692257,odom,episode_start,odom
104.39410796900029,2026-09-13T11:39:48.822197+00:00,1789299588.7915337,0.030663251876831055,2.913050061602261,1.9698433333808427,0.30640819668769836,0.6139841302539999,odom,episode_start,odom
104.44544134999978,2026-09-13T11:39:48.873524+00:00,1789299588.844992,0.028532028198242188,2.9200087853287426,1.9751784945665187,0.3072391152381897,0.612839852167737,odom,episode_start,odom
104.49735895699996,2026-09-13T11:39:48.925449+00:00,1789299588.9092953,0.016153573989868164,2.926852381328429,1.9812922211499566,0.3079178035259247,0.6113975680502551,odom,episode_start,odom
104.5559557280003,2026-09-13T11:39:48.984046+00:00,1789299588.9482274,0.03581857681274414,2.935299798033135,1.9883563241550113,0.30779606103897095,0.6126273495884247,odom,episode_start,odom
104.60805875200003,2026-09-13T11:39:49.036148+00:00,1789299589.0187194,0.01742863655090332,2.951825315815191,1.999434839184164,0.3061942756175995,0.6127062274962329,odom,episode_start,odom
104.66317676400013,2026-09-13T11:39:49.091264+00:00,1789299589.0751038,0.016160249710083008,2.968473803759255,2.009335970898262,0.3038259446620941,0.6121125527239275,odom,episode_start,odom
104.73931596900002,2026-09-13T11:39:49.167401+00:00,1789299589.138309,0.029092073440551758,2.987457516976077,2.022412945517102,0.3001902103424072,0.6101962361770995,odom,episode_start,odom
104.8058695740001,2026-09-13T11:39:49.233957+00:00,1789299589.2048867,0.029070377349853516,3.009334495540271,2.039678977732729,0.29713648557662964,0.6060366026213622,odom,episode_start,odom
104.86835728500046,2026-09-13T11:39:49.296442+00:00,1789299589.2448437,0.051598310470581055,3.0192133109300445,2.050353066279989,0.30031850934028625,0.6009174057035286,odom,episode_start,odom
104.95856340099999,2026-09-13T11:39:49.386652+00:00,1789299589.3314917,0.0551602840423584,3.033193193035383,2.0644311338943586,0.3048253655433655,0.602620788928927,odom,episode_start,odom
105.0092073349997,2026-09-13T11:39:49.437299+00:00,1789299589.4165304,0.02076864242553711,3.051342239079278,2.079650242982094,0.30383071303367615,0.5941288164677039,odom,episode_start,odom
105.06940854700042,2026-09-13T11:39:49.497494+00:00,1789299589.4793658,0.018128156661987305,3.0572116948777497,2.084494121005009,0.30315881967544556,0.5962843639954765,odom,episode_start,odom
105.12096613199992,2026-09-13T11:39:49.549056+00:00,1789299589.535912,0.01314401626586914,3.062297648027317,2.0849881494321822,0.3049502670764923,0.6034507388487639,odom,episode_start,odom
105.1822653270001,2026-09-13T11:39:49.610355+00:00,1789299589.5982523,0.012102603912353516,3.063665261902214,2.0845821134739335,0.30486616492271423,0.6097532238914991,odom,episode_start,odom
105.23756754100032,2026-09-13T11:39:49.665628+00:00,1789299589.6482844,0.017343521118164062,3.062911778261264,2.083384080953431,0.30488505959510803,0.6082965857453836,odom,episode_start,odom
105.29973059199983,2026-09-13T11:39:49.727820+00:00,1789299589.6948495,0.032970428466796875,3.06192758540364,2.082378183964682,0.30489927530288696,0.6072819651243894,odom,episode_start,odom
105.36463434399957,2026-09-13T11:39:49.792720+00:00,1789299589.77151,0.021210193634033203,3.0611985574380354,2.0819503511586213,0.30495011806488037,0.6068299110735285,odom,episode_start,odom
105.41673979999996,2026-09-13T11:39:49.844829+00:00,1789299589.839274,0.005555152893066406,3.061603309846622,2.082381162428139,0.3049985468387604,0.6075002889410912,odom,episode_start,odom
105.48030785900028,2026-09-13T11:39:49.908397+00:00,1789299589.8930628,0.015334129333496094,3.062127892349084,2.0826143055169113,0.3050316274166107,0.6079655579832167,odom,episode_start,odom
105.53272715700041,2026-09-13T11:39:49.960812+00:00,1789299589.9395132,0.021298885345458984,3.062337833532877,2.0826105804529607,0.3050459325313568,0.6084004044048356,odom,episode_start,odom
105.5879395740003,2026-09-13T11:39:50.016031+00:00,1789299589.996568,0.019463062286376953,3.0623882975414465,2.0825793736059657,0.3050506114959717,0.6084512186640477,odom,episode_start,odom
105.63939356799983,2026-09-13T11:39:50.067485+00:00,1789299590.0480258,0.019459247589111328,3.062297639580313,2.0825976203106977,0.3050493896007538,0.6082515320335011,odom,episode_start,odom
105.70887732200026,2026-09-13T11:39:50.136961+00:00,1789299590.1181142,0.018846750259399414,3.062330067731732,2.082624594631929,0.30505332350730896,0.6084000354916268,odom,episode_start,odom
105.7719776089998,2026-09-13T11:39:50.199859+00:00,1789299590.1748354,0.025023460388183594,3.064561113431072,2.0844294442515654,0.3049229085445404,0.6072551065249685,odom,episode_start,odom
105.8233748319999,2026-09-13T11:39:50.251466+00:00,1789299590.2348313,0.016634702682495117,3.067509770390508,2.0879719353166903,0.3041786253452301,0.6071519710209475,odom,episode_start,odom
105.87953261300026,2026-09-13T11:39:50.307619+00:00,1789299590.2814531,0.02616596221923828,3.07201808443793,2.0916928814696085,0.30358731746673584,0.6071236958043726,odom,episode_start,odom
105.94234177999988,2026-09-13T11:39:50.370432+00:00,1789299590.3355148,0.03491711616516113,3.0790421856301258,2.097467677933113,0.30279541015625,0.6069181237061124,odom,episode_start,odom
106.00128176700036,2026-09-13T11:39:50.429369+00:00,1789299590.4115775,0.0177915096282959,3.090346944760487,2.1058588787237857,0.30135807394981384,0.6066675312254565,odom,episode_start,odom
106.05345941799987,2026-09-13T11:39:50.481548+00:00,1789299590.458328,0.023220062255859375,3.0991471888206874,2.1118796881783126,0.3006148934364319,0.606655343669585,odom,episode_start,odom
106.10695451999982,2026-09-13T11:39:50.534975+00:00,1789299590.498047,0.03692793846130371,3.107918808114697,2.1176041456059047,0.2995552718639374,0.6073993744978028,odom,episode_start,odom
106.18177662499966,2026-09-13T11:39:50.609861+00:00,1789299590.5715346,0.038326263427734375,3.1244965997746075,2.1286069630831563,0.29735642671585083,0.6073147512170597,odom,episode_start,odom
106.2328211869999,2026-09-13T11:39:50.660914+00:00,1789299590.6476307,0.013283252716064453,3.140020112304742,2.141009938935291,0.29667118191719055,0.6023588726344807,odom,episode_start,odom
106.2845365080002,2026-09-13T11:39:50.712625+00:00,1789299590.688038,0.024586915969848633,3.148629803876166,2.147535507004433,0.29598861932754517,0.6000093869090656,odom,episode_start,odom
106.35153541700038,2026-09-13T11:39:50.779628+00:00,1789299590.7613308,0.018297195434570312,3.167401878142627,2.1680256320621574,0.29638007283210754,0.5940213205310774,odom,episode_start,odom
106.40305027799968,2026-09-13T11:39:50.831141+00:00,1789299590.8014152,0.02972579002380371,3.180743799011715,2.1762108126810555,0.2961689829826355,0.5936405518012576,odom,episode_start,odom
106.47439954600031,2026-09-13T11:39:50.902484+00:00,1789299590.8674078,0.035076141357421875,3.192103106991541,2.191747628832074,0.3021516799926758,0.5944264649874895,odom,episode_start,odom
106.52898923799967,2026-09-13T11:39:50.957081+00:00,1789299590.9515014,0.005579710006713867,3.2132030191061594,2.2059558664552514,0.30404093861579895,0.5959326294447083,odom,episode_start,odom
106.57971723900027,2026-09-13T11:39:51.007795+00:00,1789299590.9979713,0.009823799133300781,3.2252550190456444,2.212113085774018,0.3031267523765564,0.5950491358217417,odom,episode_start,odom
106.63133264899989,2026-09-13T11:39:51.059416+00:00,1789299591.0416505,0.017765522003173828,3.231683020983083,2.215832583090895,0.3026975691318512,0.5939144148553666,odom,episode_start,odom
106.68569701399974,2026-09-13T11:39:51.113801+00:00,1789299591.0913405,0.022460460662841797,3.2384327161955317,2.2190987540695892,0.30628207325935364,0.5989154907724835,odom,episode_start,odom
106.74822757200036,2026-09-13T11:39:51.176315+00:00,1789299591.1379898,0.03832530975341797,3.240560895754302,2.221322207871676,0.3069955110549927,0.6042237706413788,odom,episode_start,odom
106.79923561899977,2026-09-13T11:39:51.227327+00:00,1789299591.217978,0.00934910774230957,3.2402006249268114,2.2232236139175243,0.306723028421402,0.608275591832619,odom,episode_start,odom
106.85034664799969,2026-09-13T11:39:51.278437+00:00,1789299591.2679656,0.010471343994140625,3.2387510958921544,2.222674174107389,0.3061893582344055,0.6117361208384635,odom,episode_start,odom
106.90436549100014,2026-09-13T11:39:51.332455+00:00,1789299591.306671,0.025784015655517578,3.23710513010881,2.222559565559939,0.30630916357040405,0.6156469805660663,odom,episode_start,odom
106.96560506300011,2026-09-13T11:39:51.393693+00:00,1789299591.3684459,0.02524709701538086,3.235035209451281,2.2217944678745276,0.3068653345108032,0.618220476283794,odom,episode_start,odom
107.01954306900006,2026-09-13T11:39:51.446804+00:00,1789299591.4385016,0.008302450180053711,3.234514598793639,2.2213895661692518,0.3072452247142792,0.6176493645435213,odom,episode_start,odom
107.07201503899978,2026-09-13T11:39:51.500104+00:00,1789299591.484694,0.01540994644165039,3.234762026073914,2.2212110916178482,0.3072541654109955,0.6170438990340089,odom,episode_start,odom
107.12771848900047,2026-09-13T11:39:51.555806+00:00,1789299591.5248113,0.030994653701782227,3.234979993242268,2.2211389658573735,0.30728575587272644,0.617052441401141,odom,episode_start,odom
107.17887924899969,2026-09-13T11:39:51.606971+00:00,1789299591.5850902,0.0218808650970459,3.2350887166430287,2.2211572894946916,0.3072388172149658,0.6173285689798867,odom,episode_start,odom
107.25145319199964,2026-09-13T11:39:51.679537+00:00,1789299591.6246967,0.0548403263092041,3.234958990437987,2.221171084984877,0.3072175681591034,0.617341441731338,odom,episode_start,odom
107.30526207100047,2026-09-13T11:39:51.733353+00:00,1789299591.7079134,0.02543950080871582,3.23474551478694,2.221102647857537,0.30720001459121704,0.6170104890839955,odom,episode_start,odom
107.36401961400043,2026-09-13T11:39:51.792110+00:00,1789299591.7813191,0.010790824890136719,3.234854353536827,2.220790995722609,0.3072170615196228,0.6170880180560284,odom,episode_start,odom
107.441621811,2026-09-13T11:39:51.869710+00:00,1789299591.8355298,0.0341801643371582,3.2350554162131515,2.220300238381943,0.3073427379131317,0.630464265285737,odom,episode_start,odom
107.49951405699994,2026-09-13T11:39:51.927151+00:00,1789299591.8955553,0.031595706939697266,3.2354440461703473,2.22050374942528,0.30727219581604004,0.6575867110401541,odom,episode_start,odom
107.55319467200025,2026-09-13T11:39:51.981287+00:00,1789299591.9713202,0.009966850280761719,3.236009960743713,2.2210402212541434,0.3075045645236969,0.6900340252349072,odom,episode_start,odom
107.61551555299957,2026-09-13T11:39:52.043605+00:00,1789299592.0248098,0.018795251846313477,3.236255725076416,2.2219071623218722,0.30791184306144714,0.7102135194823422,odom,episode_start,odom
107.66740547300014,2026-09-13T11:39:52.095496+00:00,1789299592.0860236,0.009472370147705078,3.2367470479558653,2.2232086598744503,0.30841735005378723,0.7323991043892619,odom,episode_start,odom
107.72882406200006,2026-09-13T11:39:52.156914+00:00,1789299592.1248145,0.03209948539733887,3.2369632930116947,2.223992446712555,0.30858364701271057,0.7460248182890687,odom,episode_start,odom
107.78384737600027,2026-09-13T11:39:52.211936+00:00,1789299592.2015352,0.010400772094726562,3.237638264433275,2.2254423241761456,0.3088712692260742,0.7710230605500464,odom,episode_start,odom
107.83703749699998,2026-09-13T11:39:52.265130+00:00,1789299592.2482598,0.01687026023864746,3.2375361161089584,2.226718923121043,0.3091103732585907,0.7856225638954306,odom,episode_start,odom
107.88769205100016,2026-09-13T11:39:52.315782+00:00,1789299592.3079247,0.007857322692871094,3.237764001828485,2.2282014942818034,0.30938002467155457,0.8043729901400686,odom,episode_start,odom
107.96814931999961,2026-09-13T11:39:52.396240+00:00,1789299592.3603942,0.03584575653076172,3.2379295517794695,2.229429209676157,0.3097645938396454,0.8196294396817126,odom,episode_start,odom
108.02699365100034,2026-09-13T11:39:52.455083+00:00,1789299592.4098127,0.04527020454406738,3.238054466229863,2.230582456367911,0.30986571311950684,0.832696551095942,odom,episode_start,odom
108.08023619199957,2026-09-13T11:39:52.508326+00:00,1789299592.4911697,0.017156362533569336,3.2376407247409453,2.232961346616797,0.3092600405216217,0.8573543778979077,odom,episode_start,odom
108.13348503700036,2026-09-13T11:39:52.561577+00:00,1789299592.546998,0.014579057693481445,3.2376287321787776,2.234759438320336,0.30824583768844604,0.871404170466892,odom,episode_start,odom
108.18894879199979,2026-09-13T11:39:52.617038+00:00,1789299592.6051486,0.011889457702636719,3.237752980340066,2.236783849672014,0.30751511454582214,0.8863874989990617,odom,episode_start,odom
108.2626907040003,2026-09-13T11:39:52.690750+00:00,1789299592.6656175,0.025132417678833008,3.2377846511772868,2.2388392674470645,0.307355672121048,0.9026003321301885,odom,episode_start,odom
108.32032686999992,2026-09-13T11:39:52.748417+00:00,1789299592.7182536,0.030163288116455078,3.2377101632232415,2.2406321593498384,0.3070897161960602,0.9174498611553369,odom,episode_start,odom
108.37241472200003,2026-09-13T11:39:52.800507+00:00,1789299592.7878015,0.012705564498901367,3.2382177786013764,2.242102253607814,0.3061831295490265,0.936832018607795,odom,episode_start,odom
108.43559209799969,2026-09-13T11:39:52.863668+00:00,1789299592.844432,0.019235849380493164,3.238766988414182,2.2428905702802604,0.3056328594684601,0.9525938749370126,odom,episode_start,odom
108.4888742889998,2026-09-13T11:39:52.916963+00:00,1789299592.911075,0.0058879852294921875,3.2395746092090607,2.244008810806361,0.30528703331947327,0.9715635059581563,odom,episode_start,odom
108.54250795600001,2026-09-13T11:39:52.970600+00:00,1789299592.9644077,0.006192207336425781,3.240180207296782,2.245121551938878,0.30504974722862244,0.9870195980096331,odom,episode_start,odom
108.59507369000039,2026-09-13T11:39:53.023166+00:00,1789299593.014895,0.008270978927612305,3.240415902989964,2.2460360002929947,0.3049362301826477,0.9999285409243264,odom,episode_start,odom
108.646140715,2026-09-13T11:39:53.074229+00:00,1789299593.0515046,0.022724390029907227,3.24044970889593,2.246675095156683,0.30484822392463684,1.0098067885393003,odom,episode_start,odom
108.70801683199988,2026-09-13T11:39:53.136106+00:00,1789299593.1154444,0.020661592483520508,3.2404109164249126,2.247730713825668,0.30454859137535095,1.0273696137400394,odom,episode_start,odom
108.76108313700024,2026-09-13T11:39:53.189174+00:00,1789299593.174753,0.01442098617553711,3.240298242624283,2.2486368984474288,0.3043619990348816,1.0442020744522267,odom,episode_start,odom
108.82133177000014,2026-09-13T11:39:53.249415+00:00,1789299593.2178068,0.03160810470581055,3.240515838231544,2.2491309494272684,0.3044668734073639,1.0572902935343311,odom,episode_start,odom
108.87529211000037,2026-09-13T11:39:53.303381+00:00,1789299593.2883255,0.015055418014526367,3.2408715108386166,2.250214226080585,0.3046513497829437,1.0781773966831203,odom,episode_start,odom
108.93136341799982,2026-09-13T11:39:53.359450+00:00,1789299593.3477705,0.011679649353027344,3.240883832487537,2.2511726559905862,0.30463558435440063,1.0966655168786448,odom,episode_start,odom
108.98814945499998,2026-09-13T11:39:53.416238+00:00,1789299593.4011889,0.015049219131469727,3.241351701214913,2.251695163473843,0.3042760193347931,1.1150038903937214,odom,episode_start,odom
109.05743837699993,2026-09-13T11:39:53.485524+00:00,1789299593.473163,0.01236104965209961,3.2422744529163765,2.2528674353331555,0.3030988276004791,1.1373462935929495,odom,episode_start,odom
109.11668746499981,2026-09-13T11:39:53.544775+00:00,1789299593.5379548,0.006820201873779297,3.2447726195220437,2.249030983804976,0.30196821689605713,1.1425533333061664,odom,episode_start,odom
109.16794710799968,2026-09-13T11:39:53.596004+00:00,1789299593.5510528,0.04495120048522949,3.244417016008548,2.248591746298492,0.30304384231567383,1.140721397560934,odom,episode_start,odom
109.21976540699961,2026-09-13T11:39:53.647854+00:00,1789299593.6276612,0.020192861557006836,3.2390702544443952,2.2501692232546477,0.3067682683467865,1.139667372828649,odom,episode_start,odom
109.27450844699979,2026-09-13T11:39:53.702595+00:00,1789299593.6749003,0.0276947021484375,3.239893098996366,2.2479868065832864,0.3068349361419678,1.1476856546882142,odom,episode_start,odom
109.32600592800009,2026-09-13T11:39:53.754085+00:00,1789299593.741081,0.013004064559936523,3.2358242604175818,2.2477622498654983,0.3045595586299896,1.1596524190801403,odom,episode_start,odom
109.38192337100008,2026-09-13T11:39:53.810013+00:00,1789299593.7968202,0.013192892074584961,3.235372849968412,2.247555019715386,0.30160093307495117,1.165642427448553,odom,episode_start,odom
109.43962913999985,2026-09-13T11:39:53.867719+00:00,1789299593.8479383,0.019780635833740234,3.2347868718709925,2.246654205341899,0.3001200258731842,1.1643662041672043,odom,episode_start,odom
109.49169247700047,2026-09-13T11:39:53.919784+00:00,1789299593.9011858,0.018598318099975586,3.2352027640225156,2.2451186905336797,0.2995472550392151,1.1661799705104172,odom,episode_start,odom
109.54277726199962,2026-09-13T11:39:53.970867+00:00,1789299593.9613867,0.00948023796081543,3.2352562809394914,2.2436671914115625,0.2995556890964508,1.1685051359835548,odom,episode_start,odom
109.6143190140001,2026-09-13T11:39:54.042404+00:00,1789299594.0280821,0.01432180404663086,3.234766448284633,2.242573285250122,0.299763560295105,1.1688229798806118,odom,episode_start,odom
109.66953219199968,2026-09-13T11:39:54.097622+00:00,1789299594.091123,0.006498813629150391,3.2342962763208587,2.2418370410390445,0.2998882830142975,1.1685968210969289,odom,episode_start,odom
109.72557895299997,2026-09-13T11:39:54.153665+00:00,1789299594.1417716,0.011893510818481445,3.2341913164979017,2.2413872506585064,0.2998976707458496,1.1684977248175092,odom,episode_start,odom
109.7849041720001,2026-09-13T11:39:54.212994+00:00,1789299594.1752193,0.03777480125427246,3.2341736370147762,2.241157270471511,0.2999034523963928,1.1687026895874546,odom,episode_start,odom
109.85029629499968,2026-09-13T11:39:54.278386+00:00,1789299594.2473128,0.031073331832885742,3.234114293605381,2.2407177988879727,0.29993024468421936,1.1690405377996882,odom,episode_start,odom
109.90375388600023,2026-09-13T11:39:54.331844+00:00,1789299594.3210738,0.010770320892333984,3.233996239229831,2.2402235656501652,0.2999366223812103,1.1691923365851904,odom,episode_start,odom
109.95521561900023,2026-09-13T11:39:54.383305+00:00,1789299594.37791,0.005395174026489258,3.2339016849655784,2.2399215061616404,0.2999345362186432,1.1686557742121906,odom,episode_start,odom
110.01076158399974,2026-09-13T11:39:54.438849+00:00,1789299594.4110467,0.027802228927612305,3.2337973564934934,2.2397491646389334,0.29995426535606384,1.1684815162781663,odom,episode_start,odom
110.07087292699998,2026-09-13T11:39:54.498308+00:00,1789299594.47094,0.027367830276489258,3.2336240826362115,2.2394228881205995,0.2999802529811859,1.168257812569097,odom,episode_start,odom
110.14203878599983,2026-09-13T11:39:54.570123+00:00,1789299594.5178192,0.05230379104614258,3.2335082598251095,2.2391818424366057,0.2999940812587738,1.1681635548569627,odom,episode_start,odom
110.19412541800011,2026-09-13T11:39:54.622212+00:00,1789299594.6044145,0.017797470092773438,3.233391575261206,2.238936100840233,0.29999470710754395,1.1682675042310953,odom,episode_start,odom
110.24837527799991,2026-09-13T11:39:54.676460+00:00,1789299594.6368403,0.03961968421936035,3.233501231591383,2.2391832532453586,0.3000074326992035,1.1681217331000655,odom,episode_start,odom
110.29985710799974,2026-09-13T11:39:54.727946+00:00,1789299594.7142982,0.013647794723510742,3.2341407889592917,2.2419451521501377,0.3001538813114166,1.1687531262164432,odom,episode_start,odom
110.35270887200022,2026-09-13T11:39:54.780798+00:00,1789299594.7724311,0.008366823196411133,3.2362771101568435,2.2456735147862945,0.29986777901649475,1.1682159200626328,odom,episode_start,odom
110.4042348009998,2026-09-13T11:39:54.832318+00:00,1789299594.8117971,0.020520925521850586,3.2386159644068324,2.2505001231222463,0.29931044578552246,1.1672154961979824,odom,episode_start,odom
110.46354638699995,2026-09-13T11:39:54.891634+00:00,1789299594.8712723,0.020361661911010742,3.2432149000972323,2.257921857517673,0.29848089814186096,1.1639503631170096,odom,episode_start,odom
110.51687865900021,2026-09-13T11:39:54.944966+00:00,1789299594.9243119,0.02065420150756836,3.2479860118249495,2.2641327632387567,0.29800185561180115,1.1636856505629765,odom,episode_start,odom
110.5715530540001,2026-09-13T11:39:54.999642+00:00,1789299594.9776385,0.0220034122467041,3.2541708676712897,2.273776580138618,0.29741498827934265,1.166204640661316,odom,episode_start,odom
110.64255736599989,2026-09-13T11:39:55.070641+00:00,1789299595.0309434,0.03969764709472656,3.260045374289893,2.2842757748770093,0.29564106464385986,1.1696881169634286,odom,episode_start,odom
110.70220538499962,2026-09-13T11:39:55.130294+00:00,1789299595.104328,0.025966167449951172,3.2717725484083435,2.3119623614167093,0.2948954105377197,1.169183083195353,odom,episode_start,odom
110.76059064600031,2026-09-13T11:39:55.188671+00:00,1789299595.1711695,0.0175015926361084,3.280935827216208,2.3362407358616233,0.2973310053348541,1.1732880248591178,odom,episode_start,odom
110.83046679699964,2026-09-13T11:39:55.258550+00:00,1789299595.2177272,0.040822744369506836,3.2849427602080827,2.3492058217516782,0.29755231738090515,1.172538361191958,odom,episode_start,odom
110.88530548899962,2026-09-13T11:39:55.313394+00:00,1789299595.2814305,0.03196358680725098,3.291816976245079,2.373047748449666,0.29591479897499084,1.1718757176212198,odom,episode_start,odom
110.93724836799993,2026-09-13T11:39:55.365339+00:00,1789299595.3419783,0.023360729217529297,3.2988668292306693,2.3963339806996196,0.2942619025707245,1.1708077922486715,odom,episode_start,odom
110.99297565399957,2026-09-13T11:39:55.421067+00:00,1789299595.4120488,0.009018182754516602,3.3079823282782836,2.4255902095904993,0.2955249547958374,1.1695423461293566,odom,episode_start,odom
111.058408289,2026-09-13T11:39:55.486495+00:00,1789299595.4652126,0.021282434463500977,3.3083610352876813,2.4426446641585677,0.30065569281578064,1.1654757302969267,odom,episode_start,odom
111.11354587799997,2026-09-13T11:39:55.541635+00:00,1789299595.5145102,0.027124881744384766,3.3103519590310517,2.452788975099091,0.3031858801841736,1.1684485325829836,odom,episode_start,odom
111.17012239500036,2026-09-13T11:39:55.598207+00:00,1789299595.561133,0.03707408905029297,3.3134742843792835,2.4663607420990163,0.30371764302253723,1.1671669543947123,odom,episode_start,odom
111.24191791999965,2026-09-13T11:39:55.670003+00:00,1789299595.6275826,0.042420387268066406,3.3173794314797393,2.4812214156887955,0.30262377858161926,1.1663907119964003,odom,episode_start,odom
111.29835599800026,2026-09-13T11:39:55.726442+00:00,1789299595.694368,0.0320742130279541,3.321105485470278,2.492077955817528,0.30138617753982544,1.167002734509058,odom,episode_start,odom
111.35814933799975,2026-09-13T11:39:55.786232+00:00,1789299595.7343543,0.051877737045288086,3.32181249889215,2.494769844480615,0.3019976019859314,1.1679786252072657,odom,episode_start,odom
111.41173039000023,2026-09-13T11:39:55.839817+00:00,1789299595.815488,0.024328947067260742,3.3249943663335713,2.4950905814884616,0.30177390575408936,1.1765859402860377,odom,episode_start,odom
111.46740112800035,2026-09-13T11:39:55.895492+00:00,1789299595.8608181,0.03467392921447754,3.325873555186958,2.493910312822466,0.3027838170528412,1.1788820554403714,odom,episode_start,odom
111.52676106800027,2026-09-13T11:39:55.954850+00:00,1789299595.9189603,0.035889625549316406,3.326923482273574,2.49302442966718,0.3031500279903412,1.179727189290232,odom,episode_start,odom
111.58074239800044,2026-09-13T11:39:56.008829+00:00,1789299596.00081,0.008019208908081055,3.328103726219708,2.493401706639148,0.30347928404808044,1.1807370977719858,odom,episode_start,odom
111.6327770580001,2026-09-13T11:39:56.060866+00:00,1789299596.0483866,0.012479543685913086,3.3287778511728683,2.494058059288606,0.30374324321746826,1.181544181593345,odom,episode_start,odom
111.68649795599958,2026-09-13T11:39:56.114583+00:00,1789299596.1075542,0.007028818130493164,3.329702329356328,2.4948034628350904,0.3039965033531189,1.182897180886854,odom,episode_start,odom
111.73931928399998,2026-09-13T11:39:56.167404+00:00,1789299596.1409354,0.026468515396118164,3.3300901298232706,2.495047967937779,0.3041212558746338,1.1835219097726095,odom,episode_start,odom
111.83127879699987,2026-09-13T11:39:56.259369+00:00,1789299596.2142553,0.045113563537597656,3.3306368067894083,2.4952445185473953,0.30430567264556885,1.1844777117057417,odom,episode_start,odom
111.93576497100003,2026-09-13T11:39:56.363851+00:00,1789299596.2942433,0.06960773468017578,3.3312040143369557,2.495145428887456,0.30447620153427124,1.1847963771300623,odom,episode_start,odom
112.00758158200006,2026-09-13T11:39:56.435671+00:00,1789299596.3948045,0.04086661338806152,3.333275859916572,2.4959232586947553,0.30590781569480896,1.1470435645221555,odom,episode_start,odom
112.0596549310003,2026-09-13T11:39:56.487746+00:00,1789299596.4645274,0.023218631744384766,3.335100189862121,2.495697296406926,0.3077279329299927,1.130698352684925,odom,episode_start,odom
112.11762304700005,2026-09-13T11:39:56.545709+00:00,1789299596.5242019,0.02150702476501465,3.338452744907367,2.49571214760787,0.30936089158058167,1.104610124219088,odom,episode_start,odom
112.17154674100038,2026-09-13T11:39:56.599631+00:00,1789299596.5841079,0.015523195266723633,3.3400371040513535,2.495459251799097,0.3103608787059784,1.0884820223965705,odom,episode_start,odom
112.25060437100001,2026-09-13T11:39:56.678694+00:00,1789299596.62749,0.05120396614074707,3.3414732265309146,2.4958219163971296,0.31103676557540894,1.0713012539615843,odom,episode_start,odom
112.316614157,2026-09-13T11:39:56.744704+00:00,1789299596.7245564,0.02014756202697754,3.3429749738562853,2.4971859822010227,0.312365859746933,1.0409042184785484,odom,episode_start,odom
112.36771535600019,2026-09-13T11:39:56.795802+00:00,1789299596.7710395,0.024762630462646484,3.343142555441238,2.497872793807796,0.31291234493255615,1.0264624612419981,odom,episode_start,odom
112.4202901409999,2026-09-13T11:39:56.848377+00:00,1789299596.8311834,0.01719355583190918,3.343460096307246,2.499115032629646,0.31362825632095337,1.007733563744637,odom,episode_start,odom
112.47873486000026,2026-09-13T11:39:56.906819+00:00,1789299596.8446362,0.06218290328979492,3.343485840489989,2.4993314400861943,0.3137165307998657,1.0038288434963838,odom,episode_start,odom
112.54003055500016,2026-09-13T11:39:56.968118+00:00,1789299596.9343915,0.03372645378112793,3.3433558566886736,2.501006616022991,0.3146156370639801,0.9742202770801074,odom,episode_start,odom
112.59099222500026,2026-09-13T11:39:57.019081+00:00,1789299597.0116935,0.007387638092041016,3.3427457283773587,2.5022700937140936,0.3149169981479645,0.9491408715117253,odom,episode_start,odom
112.64484340200033,2026-09-13T11:39:57.072933+00:00,1789299597.0440977,0.028835296630859375,3.3425597038388966,2.5029854087807566,0.31533676385879517,0.9375990848194493,odom,episode_start,odom
112.70349091400021,2026-09-13T11:39:57.131577+00:00,1789299597.1108096,0.0207674503326416,3.3424047250358964,2.504218973890425,0.3158266842365265,0.9153139140154247,odom,episode_start,odom
112.75488995199976,2026-09-13T11:39:57.182986+00:00,1789299597.161123,0.02186298370361328,3.3425044452528563,2.5051417916007956,0.31611597537994385,0.8982874565333039,odom,episode_start,odom
112.81444618800015,2026-09-13T11:39:57.242534+00:00,1789299597.2311783,0.01135563850402832,3.342267220328087,2.5054973644394463,0.31676366925239563,0.8729496410403587,odom,episode_start,odom
112.87219537800047,2026-09-13T11:39:57.300279+00:00,1789299597.2813914,0.01888751983642578,3.343087124145372,2.5047179094909278,0.31715095043182373,0.8518506036400086,odom,episode_start,odom
112.93483940399983,2026-09-13T11:39:57.362919+00:00,1789299597.295157,0.06776213645935059,3.343630130345513,2.5041559403575047,0.3171856105327606,0.8461791882008813,odom,episode_start,odom
112.9913793730002,2026-09-13T11:39:57.419461+00:00,1789299597.407529,0.011931896209716797,3.345977888285281,2.5011185945381103,0.3154556453227997,0.790805492469265,odom,episode_start,odom
113.05179930600025,2026-09-13T11:39:57.479887+00:00,1789299597.4407823,0.03910470008850098,3.3463232562829814,2.5002061556808566,0.31504255533218384,0.7718428730750033,odom,episode_start,odom
113.10365581000042,2026-09-13T11:39:57.531747+00:00,1789299597.5206888,0.011058330535888672,3.3466942391081425,2.4974240790903863,0.31441983580589294,0.7325127827291934,odom,episode_start,odom
113.15506569599984,2026-09-13T11:39:57.583155+00:00,1789299597.5741818,0.008973121643066406,3.3462339609734846,2.4971679989436555,0.3131103217601776,0.7093123441688343,odom,episode_start,odom
113.2066681059996,2026-09-13T11:39:57.634754+00:00,1789299597.6128106,0.021943330764770508,3.3460517257255513,2.497999212761145,0.31258636713027954,0.6851230455939438,odom,episode_start,odom
113.26837547099967,2026-09-13T11:39:57.696462+00:00,1789299597.678284,0.01817798614501953,3.3449132901419554,2.497859786605171,0.3113657534122467,0.6453084199703227,odom,episode_start,odom
113.33016396099993,2026-09-13T11:39:57.758260+00:00,1789299597.7409308,0.01732921600341797,3.345112797471561,2.4966992131770462,0.30889299511909485,0.6069979048313606,odom,episode_start,odom
113.3837656200003,2026-09-13T11:39:57.811859+00:00,1789299597.7902868,0.021572113037109375,3.343972539808008,2.4964460329734846,0.3087240755558014,0.5882908161570216,odom,episode_start,odom
113.43765251100012,2026-09-13T11:39:57.865746+00:00,1789299597.83395,0.03179597854614258,3.3449422229348147,2.496971414585487,0.30932098627090454,0.5701587037197986,odom,episode_start,odom
113.50643067599958,2026-09-13T11:39:57.934516+00:00,1789299597.8720052,0.06251072883605957,3.3454007500688165,2.4978486870567185,0.31011706590652466,0.5575400718282696,odom,episode_start,odom
113.5680599569996,2026-09-13T11:39:57.996148+00:00,1789299597.9574893,0.038658857345581055,3.345491289213479,2.5000055018941825,0.31148624420166016,0.5299576308122533,odom,episode_start,odom
113.62903259199993,2026-09-13T11:39:58.057081+00:00,1789299598.0414393,0.01564168930053711,3.342783761247744,2.502393967921772,0.31227362155914307,0.49976841682498996,odom,episode_start,odom
113.68352726000012,2026-09-13T11:39:58.111618+00:00,1789299598.0809872,0.030630826950073242,3.341265182305129,2.5036039931192953,0.31250494718551636,0.4850588386813288,odom,episode_start,odom
113.73895529200036,2026-09-13T11:39:58.167044+00:00,1789299598.141247,0.025796890258789062,3.3379517139723474,2.5047826029130595,0.3127974569797516,0.46340570703348316,odom,episode_start,odom
113.79527076700015,2026-09-13T11:39:58.223360+00:00,1789299598.2074525,0.01590752601623535,3.334591146148268,2.505612471749232,0.31297767162323,0.43979772369779296,odom,episode_start,odom
113.86975981500018,2026-09-13T11:39:58.297821+00:00,1789299598.2541983,0.043622732162475586,3.3321688271762735,2.5061811300212318,0.31302472949028015,0.4215578801190509,odom,episode_start,odom
113.92506441600017,2026-09-13T11:39:58.353152+00:00,1789299598.3240793,0.02907276153564453,3.3296199474837707,2.506718432742195,0.312926322221756,0.3955774986025071,odom,episode_start,odom
113.97583528900032,2026-09-13T11:39:58.403924+00:00,1789299598.3575408,0.04638314247131348,3.328238218573501,2.5073086320502553,0.3130039572715759,0.3835078536841215,odom,episode_start,odom
114.04253387999961,2026-09-13T11:39:58.470062+00:00,1789299598.4106383,0.05942368507385254,3.3269277283562015,2.507811966955484,0.3130664825439453,0.3655226675272816,odom,episode_start,odom
114.1048224289998,2026-09-13T11:39:58.532911+00:00,1789299598.4974391,0.03547191619873047,3.325770921292035,2.5089116017293334,0.3117033541202545,0.36100853687911405,odom,episode_start,odom
114.16283464000026,2026-09-13T11:39:58.590918+00:00,1789299598.5675845,0.02333354949951172,3.3263311667186537,2.5087489802116263,0.3117891550064087,0.37709784536899704,odom,episode_start,odom
114.22299410800042,2026-09-13T11:39:58.651078+00:00,1789299598.6209085,0.03016948699951172,3.326558847346569,2.5096591980257035,0.3117564916610718,0.3837064499372415,odom,episode_start,odom
114.27727606000008,2026-09-13T11:39:58.705367+00:00,1789299598.6841133,0.02125382423400879,3.327068135698213,2.510027599274165,0.3117341101169586,0.39091738740822346,odom,episode_start,odom
114.32957671599979,2026-09-13T11:39:58.757667+00:00,1789299598.7339838,0.02368330955505371,3.327461215777588,2.510084781002156,0.31167829036712646,0.3961089779025875,odom,episode_start,odom
114.38605546399958,2026-09-13T11:39:58.814142+00:00,1789299598.7939086,0.0202333927154541,3.3279054881013597,2.510014461139516,0.3116547167301178,0.401667650842168,odom,episode_start,odom
114.45238222500029,2026-09-13T11:39:58.880470+00:00,1789299598.844058,0.03641200065612793,3.328080096924984,2.5100817873494377,0.3116074800491333,0.40609795468483556,odom,episode_start,odom
114.53503381399969,2026-09-13T11:39:58.963115+00:00,1789299598.933913,0.029201984405517578,3.328013175832273,2.510539406369007,0.31141579151153564,0.41450569334559995,odom,episode_start,odom
114.58843194000019,2026-09-13T11:39:59.016518+00:00,1789299598.9741971,0.042320966720581055,3.327951540804505,2.5108188400082243,0.31133943796157837,0.4177387746957326,odom,episode_start,odom
114.63984931199957,2026-09-13T11:39:59.067939+00:00,1789299599.0620437,0.005895376205444336,3.3279651561219525,2.5110017396656215,0.31115588545799255,0.4228919286876827,odom,episode_start,odom
114.69526726300046,2026-09-13T11:39:59.123355+00:00,1789299599.1082697,0.015085220336914062,3.3280303407067295,2.5110272663492617,0.3110634386539459,0.4266959169680098,odom,episode_start,odom
114.75003186499998,2026-09-13T11:39:59.178120+00:00,1789299599.1638772,0.01424264907836914,3.3280932729808383,2.511052129023654,0.310956209897995,0.43014290464948846,odom,episode_start,odom
114.80705416199999,2026-09-13T11:39:59.235144+00:00,1789299599.2239437,0.011200189590454102,3.3281367935316615,2.5111247730657307,0.3108713924884796,0.43286760212805686,odom,episode_start,odom
114.86164857800031,2026-09-13T11:39:59.289737+00:00,1789299599.2838855,0.0058515071868896484,3.3281341441461865,2.51126653522037,0.31077906489372253,0.435330917669277,odom,episode_start,odom
114.91311033700003,2026-09-13T11:39:59.341198+00:00,1789299599.334257,0.006941080093383789,3.32806831967499,2.5113743279759566,0.31070929765701294,0.4380775559952259,odom,episode_start,odom
114.97036311200009,2026-09-13T11:39:59.398452+00:00,1789299599.3872824,0.011169672012329102,3.3280356580435493,2.511421938303484,0.3106234669685364,0.4404860835702271,odom,episode_start,odom
115.02759140499984,2026-09-13T11:39:59.455683+00:00,1789299599.4405358,0.015147209167480469,3.3280256316925128,2.5114588581712214,0.3105345666408539,0.4429559435289917,odom,episode_start,odom
115.07951664600023,2026-09-13T11:39:59.507605+00:00,1789299599.4738336,0.033771514892578125,3.328107125948768,2.511465873400423,0.31049010157585144,0.4443123986409988,odom,episode_start,odom
115.13547910699981,2026-09-13T11:39:59.563476+00:00,1789299599.5372987,0.026177406311035156,3.3281309190013646,2.5113857669224595,0.31043541431427,0.44703619767479763,odom,episode_start,odom
115.18720414499967,2026-09-13T11:39:59.615291+00:00,1789299599.5775423,0.03774881362915039,3.3280981320921734,2.5113088168959545,0.3104178011417389,0.4485022740669102,odom,episode_start,odom
115.2622369339997,2026-09-13T11:39:59.690326+00:00,1789299599.650705,0.03962087631225586,3.3280430224004154,2.511121306002653,0.31037870049476624,0.4507355191007909,odom,episode_start,odom
115.32040476800012,2026-09-13T11:39:59.748486+00:00,1789299599.717132,0.03135395050048828,3.3279457450930128,2.510909552269504,0.3103630542755127,0.4526225793168491,odom,episode_start,odom
115.38351668999985,2026-09-13T11:39:59.811358+00:00,1789299599.7674809,0.04387712478637695,3.327924026559902,2.510809012294097,0.31033241748809814,0.45412720663617623,odom,episode_start,odom
115.43505762099994,2026-09-13T11:39:59.863144+00:00,1789299599.847218,0.015925884246826172,3.327858224820651,2.5107551887303745,0.31028369069099426,0.4569369005175021,odom,episode_start,odom
115.48656863100041,2026-09-13T11:39:59.914631+00:00,1789299599.9016507,0.012980222702026367,3.327888110002152,2.5107574878958174,0.31023192405700684,0.4584161910676528,odom,episode_start,odom
115.54575777100035,2026-09-13T11:39:59.973849+00:00,1789299599.9541085,0.019740581512451172,3.327857399797182,2.510714413558817,0.31017014384269714,0.460113504206108,odom,episode_start,odom
115.60305333100041,2026-09-13T11:40:00.031143+00:00,1789299600.017464,0.013679027557373047,3.3277376271788586,2.51062347893582,0.3101194202899933,0.4618101640855562,odom,episode_start,odom
115.66262309899957,2026-09-13T11:40:00.090710+00:00,1789299600.074045,0.016664981842041016,3.327675536406665,2.510592252036951,0.3101019859313965,0.4630322364225209,odom,episode_start,odom
115.72420296499968,2026-09-13T11:40:00.152287+00:00,1789299600.1305053,0.02178168296813965,3.3277149373992962,2.510486512061767,0.3100796937942505,0.46379776150285945,odom,episode_start,odom
115.77643263800019,2026-09-13T11:40:00.204522+00:00,1789299600.1939754,0.010546445846557617,3.3277555475851845,2.5102608451055604,0.31006914377212524,0.46522607149565387,odom,episode_start,odom
115.82725432799998,2026-09-13T11:40:00.255343+00:00,1789299600.2402754,0.015067577362060547,3.3277471414995987,2.510160948888516,0.3100692629814148,0.4664097448850273,odom,episode_start,odom
115.88298035800017,2026-09-13T11:40:00.311040+00:00,1789299600.2771053,0.033934593200683594,3.327717355387788,2.5099994282644817,0.31006690859794617,0.46753531814466487,odom,episode_start,odom
115.94376382700011,2026-09-13T11:40:00.371853+00:00,1789299600.350605,0.02124810218811035,3.327734839309905,2.5098643613958345,0.31003129482269287,0.4688476439024025,odom,episode_start,odom
116.00339199900009,2026-09-13T11:40:00.431482+00:00,1789299600.4118145,0.019667625427246094,3.327755397886088,2.50981979524654,0.3100168704986572,0.4698459374992602,odom,episode_start,odom
116.06281638200016,2026-09-13T11:40:00.490905+00:00,1789299600.4804714,0.010433673858642578,3.3277346267751144,2.5098100374176484,0.30997633934020996,0.47047608351644005,odom,episode_start,odom
116.13183030100026,2026-09-13T11:40:00.559922+00:00,1789299600.5405354,0.01938652992248535,3.3277117322046506,2.509858760548813,0.3099479675292969,0.4713437076649796,odom,episode_start,odom
116.18963200100006,2026-09-13T11:40:00.617727+00:00,1789299600.5971115,0.020615577697753906,3.3277012275762554,2.509870251115392,0.3099333643913269,0.4714511011884444,odom,episode_start,odom
116.24403533300028,2026-09-13T11:40:00.672120+00:00,1789299600.660401,0.011718988418579102,3.327743823635897,2.509814111609263,0.309906929731369,0.47200529710984307,odom,episode_start,odom
116.29844032900019,2026-09-13T11:40:00.726527+00:00,1789299600.6905313,0.0359957218170166,3.327701247031097,2.5093868515817697,0.3099496364593506,0.4723403618278889,odom,episode_start,odom
116.35352597099973,2026-09-13T11:40:00.781621+00:00,1789299600.7571373,0.024483680725097656,3.328033666208236,2.509834447226697,0.31055301427841187,0.4482640428597864,odom,episode_start,odom
116.40579702299965,2026-09-13T11:40:00.833884+00:00,1789299600.8139184,0.019965648651123047,3.327482670854564,2.5110631662317466,0.310629665851593,0.42476922628162894,odom,episode_start,odom
116.46408054200037,2026-09-13T11:40:00.892167+00:00,1789299600.8681843,0.023982763290405273,3.3271345843821956,2.5126185700477475,0.3108654320240021,0.40546293207181283,odom,episode_start,odom
116.52258778600026,2026-09-13T11:40:00.950669+00:00,1789299600.9272077,0.023461341857910156,3.326881403285277,2.513775181557483,0.31105923652648926,0.3820200684795283,odom,episode_start,odom
116.57639319600003,2026-09-13T11:40:01.004480+00:00,1789299600.9770317,0.027448177337646484,3.326806597468867,2.514642205912995,0.3112620413303375,0.36367688501073014,odom,episode_start,odom
116.62763189999987,2026-09-13T11:40:01.055718+00:00,1789299601.0403368,0.015381097793579102,3.3269922193777552,2.515189067120633,0.31162866950035095,0.33873987015599116,odom,episode_start,odom
116.68326704399988,2026-09-13T11:40:01.111354+00:00,1789299601.100371,0.01098322868347168,3.327455684636524,2.515131118835395,0.3119325637817383,0.31545430776989614,odom,episode_start,odom
116.73923126299997,2026-09-13T11:40:01.167318+00:00,1789299601.1574202,0.009897947311401367,3.3276785679937433,2.514779848308239,0.3120812177658081,0.29402808205232955,odom,episode_start,odom
116.79477257800045,2026-09-13T11:40:01.222862+00:00,1789299601.196989,0.02587294578552246,3.3279821953337914,2.5145535353094273,0.31187301874160767,0.2776436171987644,odom,episode_start,odom
116.85407705000034,2026-09-13T11:40:01.282123+00:00,1789299601.243639,0.03848409652709961,3.3280744759485072,2.5158818515313506,0.31127259135246277,0.2634382068503829,odom,episode_start,odom
116.9061462970003,2026-09-13T11:40:01.334235+00:00,1789299601.3103726,0.023862361907958984,3.328018341705207,2.5162519459112773,0.31226855516433716,0.27654105663169437,odom,episode_start,odom
116.96032363100039,2026-09-13T11:40:01.388412+00:00,1789299601.3702908,0.01812124252319336,3.328001614907048,2.5165254383103677,0.3123020827770233,0.2875656892720422,odom,episode_start,odom
117.04094405900014,2026-09-13T11:40:01.468058+00:00,1789299601.4584866,0.009571552276611328,3.326851822358005,2.512529958812529,0.312582790851593,0.29378334794934524,odom,episode_start,odom
117.09698869800013,2026-09-13T11:40:01.525076+00:00,1789299601.4839158,0.04116010665893555,3.326411562884929,2.5144775405528392,0.3126423954963684,0.293482173157291,odom,episode_start,odom
117.15169527800026,2026-09-13T11:40:01.579791+00:00,1789299601.5705004,0.009290695190429688,3.3243801146732417,2.5172426442630114,0.31177130341529846,0.29262265222005723,odom,episode_start,odom
117.21076335199996,2026-09-13T11:40:01.638854+00:00,1789299601.603866,0.0349879264831543,3.3239076551642412,2.518041548159482,0.3118354380130768,0.29593714012828176,odom,episode_start,odom
117.27988985100001,2026-09-13T11:40:01.707973+00:00,1789299601.6878939,0.02007913589477539,3.3235713129893587,2.519543932091976,0.3105470538139343,0.3066319105978366,odom,episode_start,odom
117.33193583299999,2026-09-13T11:40:01.760025+00:00,1789299601.750387,0.009638071060180664,3.323373708243531,2.519980841845596,0.3104293644428253,0.3105781998210051,odom,episode_start,odom
117.38458744800027,2026-09-13T11:40:01.812674+00:00,1789299601.7970674,0.01560664176940918,3.3231339579196586,2.520371861203861,0.3102385401725769,0.31235347505869915,odom,episode_start,odom
117.4362602250003,2026-09-13T11:40:01.864348+00:00,1789299601.8404436,0.02390432357788086,3.3227328110576284,2.520748158497722,0.3101828992366791,0.3150509765339644,odom,episode_start,odom
117.49246698499974,2026-09-13T11:40:01.920557+00:00,1789299601.8936465,0.02691054344177246,3.3223390411611593,2.521229298078485,0.3100421726703644,0.3180675801468571,odom,episode_start,odom
117.54429116200026,2026-09-13T11:40:01.972382+00:00,1789299601.9470286,0.025353431701660156,3.3220355824797134,2.5216768450841167,0.30996567010879517,0.32082355543248076,odom,episode_start,odom
117.59560238100039,2026-09-13T11:40:02.023679+00:00,1789299602.0003269,0.02335214614868164,3.321862771416399,2.5220412118510747,0.3098858892917633,0.3233516179693985,odom,episode_start,odom
117.65098211799977,2026-09-13T11:40:02.079071+00:00,1789299602.0402348,0.03883624076843262,3.3217818137090984,2.5222654827897673,0.3098145127296448,0.3246500174100875,odom,episode_start,odom
117.7058512020003,2026-09-13T11:40:02.133939+00:00,1789299602.1135755,0.020363569259643555,3.3214862668527685,2.522571052425898,0.30972620844841003,0.32709461787867955,odom,episode_start,odom
117.75938795399998,2026-09-13T11:40:02.187478+00:00,1789299602.1736248,0.013853311538696289,3.3212540484519972,2.5227754124187145,0.30966252088546753,0.3287301147173123,odom,episode_start,odom
117.8158603920001,2026-09-13T11:40:02.243950+00:00,1789299602.2336016,0.010348320007324219,3.321110694621521,2.5229588770156695,0.3096194267272949,0.3300644800539272,odom,episode_start,odom
117.86835186999997,2026-09-13T11:40:02.296440+00:00,1789299602.2846332,0.011806726455688477,3.321018099032293,2.523069730527441,0.30963465571403503,0.330871000975304,odom,episode_start,odom
117.92308283300008,2026-09-13T11:40:02.351173+00:00,1789299602.34386,0.0073130130767822266,3.3209562145413916,2.523207304530031,0.30958691239356995,0.3318681574350268,odom,episode_start,odom
117.98175987600007,2026-09-13T11:40:02.409849+00:00,1789299602.3835168,0.02633213996887207,3.3209001074968216,2.52333401335974,0.30953100323677063,0.33243348152904745,odom,episode_start,odom
118.04453574200033,2026-09-13T11:40:02.472626+00:00,1789299602.4573753,0.015250682830810547,3.3207695039538887,2.5233738984873995,0.3095206618309021,0.3328768358141454,odom,episode_start,odom
118.09791322199999,2026-09-13T11:40:02.526000+00:00,1789299602.5135882,0.012411832809448242,3.320736728362014,2.5234715470595708,0.3094930648803711,0.3334719786389473,odom,episode_start,odom
118.15142216500044,2026-09-13T11:40:02.579513+00:00,1789299602.5714805,0.008032560348510742,3.320642492057439,2.523584541601647,0.30949729681015015,0.33446230629333007,odom,episode_start,odom
118.22327115200005,2026-09-13T11:40:02.651362+00:00,1789299602.617185,0.03417682647705078,3.320629941399667,2.523764169060436,0.3094347417354584,0.3348716254548392,odom,episode_start,odom
118.2788628039998,2026-09-13T11:40:02.706887+00:00,1789299602.6771958,0.029691219329833984,3.320582813121937,2.523815136263046,0.30944713950157166,0.33552748022760914,odom,episode_start,odom
118.33550987600029,2026-09-13T11:40:02.763593+00:00,1789299602.750113,0.013479948043823242,3.3205569636160046,2.5238724271883624,0.30941149592399597,0.3356483653541258,odom,episode_start,odom
118.39388005399996,2026-09-13T11:40:02.821927+00:00,1789299602.7938464,0.02808070182800293,3.320510281353086,2.5239031337203994,0.30941495299339294,0.33610378781695016,odom,episode_start,odom
118.44486219800001,2026-09-13T11:40:02.872951+00:00,1789299602.8636117,0.009339332580566406,3.320506387433714,2.523920964587637,0.3094175159931183,0.3363982577110489,odom,episode_start,odom
118.49834787500004,2026-09-13T11:40:02.926434+00:00,1789299602.9036565,0.022777557373046875,3.3205509691680986,2.523910737613967,0.30941855907440186,0.33629778444347824,odom,episode_start,odom
118.56653755099978,2026-09-13T11:40:02.994626+00:00,1789299602.964208,0.03041815757751465,3.320563638850122,2.523970147432484,0.3094111979007721,0.3365306488796127,odom,episode_start,odom
118.62640381199981,2026-09-13T11:40:03.054495+00:00,1789299603.0234234,0.03107166290283203,3.320483138771274,2.5239615577002383,0.309400349855423,0.33677400080408787,odom,episode_start,odom
118.68231714499962,2026-09-13T11:40:03.110404+00:00,1789299603.0801082,0.030295848846435547,3.3203992045862414,2.523952460307168,0.3094073534011841,0.33677777210450843,odom,episode_start,odom
118.74998291799966,2026-09-13T11:40:03.178067+00:00,1789299603.1526856,0.02538132667541504,3.3204311286502635,2.523917453349856,0.30940330028533936,0.3367519089261575,odom,episode_start,odom
118.80374416199993,2026-09-13T11:40:03.231831+00:00,1789299603.1968904,0.03494071960449219,3.320442030552477,2.523887151537008,0.3094174861907959,0.33687906688266067,odom,episode_start,odom
118.86212605000037,2026-09-13T11:40:03.290216+00:00,1789299603.2707336,0.01948237419128418,3.3204209928055777,2.5239226422313266,0.3094226121902466,0.33702895505225494,odom,episode_start,odom
118.91418847800014,2026-09-13T11:40:03.342276+00:00,1789299603.32701,0.015266180038452148,3.3204608262136555,2.5239183343606792,0.3094043731689453,0.3369135557151619,odom,episode_start,odom
118.9659170949999,2026-09-13T11:40:03.394008+00:00,1789299603.373409,0.020598888397216797,3.3204648737018756,2.5238889393686934,0.30941423773765564,0.3368998540944319,odom,episode_start,odom
119.02018223899995,2026-09-13T11:40:03.448272+00:00,1789299603.4367182,0.011553764343261719,3.3204392392117934,2.523827877816031,0.3094305992126465,0.33704942097684487,odom,episode_start,odom
119.0727371109997,2026-09-13T11:40:03.500820+00:00,1789299603.4886107,0.012209177017211914,3.320418099317111,2.523824421672247,0.30942875146865845,0.33701708719809087,odom,episode_start,odom
119.14634466000007,2026-09-13T11:40:03.574433+00:00,1789299603.5266807,0.04775238037109375,3.320447246931194,2.5238393242079056,0.3094255328178406,0.3369642678711462,odom,episode_start,odom
119.21086097500029,2026-09-13T11:40:03.638949+00:00,1789299603.5978703,0.04107856750488281,3.320523894485798,2.523871511234921,0.3094218969345093,0.3370239039631002,odom,episode_start,odom
119.27088833200014,2026-09-13T11:40:03.698924+00:00,1789299603.6770365,0.021887540817260742,3.3204642629999106,2.523869780482958,0.30942922830581665,0.33737259157268856,odom,episode_start,odom
119.33355196699995,2026-09-13T11:40:03.761644+00:00,1789299603.740409,0.021234989166259766,3.320204343426388,2.522777683892285,0.30962884426116943,0.3513268031712298,odom,episode_start,odom
119.40011396499995,2026-09-13T11:40:03.828204+00:00,1789299603.7900019,0.03820204734802246,3.3200812782590665,2.5226400476488418,0.30960744619369507,0.3743892999781551,odom,episode_start,odom
119.46553295499962,2026-09-13T11:40:03.893587+00:00,1789299603.8774974,0.016089677810668945,3.320625522841304,2.522950915160374,0.30967387557029724,0.40741164709167443,odom,episode_start,odom
119.52404790699984,2026-09-13T11:40:03.952146+00:00,1789299603.932376,0.019770145416259766,3.3207686296940913,2.523598156421567,0.3093348741531372,0.42821515321671594,odom,episode_start,odom
119.5848548289996,2026-09-13T11:40:04.012937+00:00,1789299604.0006692,0.012267827987670898,3.321160814471124,2.524519318227331,0.30925124883651733,0.4485589664475345,odom,episode_start,odom
119.65131221200045,2026-09-13T11:40:04.079401+00:00,1789299604.0535457,0.025855302810668945,3.3216026769483147,2.52542332598062,0.30924493074417114,0.467851728548761,odom,episode_start,odom
119.70664784699966,2026-09-13T11:40:04.134737+00:00,1789299604.110204,0.02453303337097168,3.3220587279195417,2.5260710118657403,0.309296578168869,0.48542424747476265,odom,episode_start,odom
119.75826167200012,2026-09-13T11:40:04.186354+00:00,1789299604.1600523,0.02630162239074707,3.3225874148904415,2.5262497408402047,0.30972233414649963,0.5014075992366093,odom,episode_start,odom
119.81112228799975,2026-09-13T11:40:04.239212+00:00,1789299604.2071116,0.03210043907165527,3.3227991008257765,2.5268845423259676,0.3096321225166321,0.5155850351409562,odom,episode_start,odom
119.8628745850001,2026-09-13T11:40:04.290965+00:00,1789299604.28329,0.0076751708984375,3.323279277005675,2.5281163277414755,0.30940911173820496,0.536792032284048,odom,episode_start,odom
119.92268234499988,2026-09-13T11:40:04.350766+00:00,1789299604.3276513,0.023114681243896484,3.323618818524112,2.5287486440313893,0.3097735643386841,0.548621031481899,odom,episode_start,odom
119.97325579100016,2026-09-13T11:40:04.401347+00:00,1789299604.3940992,0.0072476863861083984,3.3242439843850264,2.529629363215308,0.3102357089519501,0.5672016740643918,odom,episode_start,odom
120.02553378199991,2026-09-13T11:40:04.453630+00:00,1789299604.4332957,0.020334243774414062,3.324596295548534,2.5301455140189644,0.31029394268989563,0.5782778863338021,odom,episode_start,odom
120.08622363999984,2026-09-13T11:40:04.514308+00:00,1789299604.473302,0.04100608825683594,3.3248528214159454,2.530624794788246,0.31030935049057007,0.5892851082966792,odom,episode_start,odom
120.14247737500045,2026-09-13T11:40:04.570566+00:00,1789299604.5533235,0.017242431640625,3.3254064169275335,2.5318098306361643,0.3103487193584442,0.6094321070673009,odom,episode_start,odom
120.2038121329997,2026-09-13T11:40:04.631895+00:00,1789299604.6033373,0.028557777404785156,3.325717772945757,2.5325035948332646,0.31042373180389404,0.6211584628501907,odom,episode_start,odom
120.25740955800029,2026-09-13T11:40:04.685481+00:00,1789299604.6734862,0.01199483871459961,3.3258526782075366,2.5332524484712375,0.3104458153247833,0.6375265962942885,odom,episode_start,odom
120.31515249699987,2026-09-13T11:40:04.743242+00:00,1789299604.7066615,0.036580562591552734,3.3260661197120096,2.5338187168358703,0.310230553150177,0.6451822037123247,odom,episode_start,odom
120.37240087999999,2026-09-13T11:40:04.800491+00:00,1789299604.7740555,0.02643561363220215,3.3258500198928775,2.534702991038637,0.30936622619628906,0.6608329909904882,odom,episode_start,odom
120.42548813299982,2026-09-13T11:40:04.853577+00:00,1789299604.8200831,0.033493757247924805,3.3260290182894203,2.5358596643912037,0.30863338708877563,0.6724483173168924,odom,episode_start,odom
120.48044928299987,2026-09-13T11:40:04.908539+00:00,1789299604.8834913,0.025047779083251953,3.3263967081851007,2.5373646241488115,0.308322936296463,0.6874416927294834,odom,episode_start,odom
120.53599328200016,2026-09-13T11:40:04.964084+00:00,1789299604.93993,0.024153947830200195,3.326887114613581,2.5383901535375464,0.30810365080833435,0.702353134307449,odom,episode_start,odom
120.58697647900044,2026-09-13T11:40:05.015065+00:00,1789299605.006709,0.008355855941772461,3.3277195707824236,2.5390544189054767,0.3078586161136627,0.7207733692990576,odom,episode_start,odom
120.64080210799966,2026-09-13T11:40:05.068891+00:00,1789299605.0473604,0.021530628204345703,3.328247614390789,2.538921069187235,0.30779656767845154,0.731861701712792,odom,episode_start,odom
120.69374938300007,2026-09-13T11:40:05.121840+00:00,1789299605.1115274,0.010312557220458984,3.3292576229970234,2.538324252421318,0.3077734708786011,0.7491678357522173,odom,episode_start,odom
120.74539053700028,2026-09-13T11:40:05.173491+00:00,1789299605.1435542,0.029936790466308594,3.3297994462119678,2.5381659920815416,0.30775949358940125,0.7602033760947966,odom,episode_start,odom
120.82009055900016,2026-09-13T11:40:05.248175+00:00,1789299605.203226,0.04494881629943848,3.330729131340856,2.5381454484912225,0.3075869679450989,0.7780225778861537,odom,episode_start,odom
120.8734506259998,2026-09-13T11:40:05.301417+00:00,1789299605.2631721,0.03824496269226074,3.3312238740283937,2.5385638732925946,0.3072531223297119,0.7960522407354294,odom,episode_start,odom
120.93013539200001,2026-09-13T11:40:05.358225+00:00,1789299605.310334,0.04789113998413086,3.331417833526323,2.5389374363233026,0.3069819509983063,0.8084544211870214,odom,episode_start,odom
120.98378091399991,2026-09-13T11:40:05.411871+00:00,1789299605.3902342,0.0216367244720459,3.3314963692780672,2.5401636766823255,0.3062811493873596,0.8339111488666276,odom,episode_start,odom
121.03949705000014,2026-09-13T11:40:05.467583+00:00,1789299605.4166245,0.05095839500427246,3.331489429097424,2.5405893107857107,0.3062388300895691,0.8429456426172658,odom,episode_start,odom
121.09087082800033,2026-09-13T11:40:05.518963+00:00,1789299605.483417,0.035546064376831055,3.331679325721055,2.5411466692758773,0.30599018931388855,0.8624606575430618,odom,episode_start,odom
121.14567215999978,2026-09-13T11:40:05.573760+00:00,1789299605.543317,0.03044295310974121,3.331844039030546,2.541400967548097,0.3057718873023987,0.880294254043512,odom,episode_start,odom
121.19886437700006,2026-09-13T11:40:05.626949+00:00,1789299605.6100936,0.016855478286743164,3.3350160695169846,2.539436850984054,0.30518636107444763,0.8976511420160393,odom,episode_start,odom
121.25258548799957,2026-09-13T11:40:05.680667+00:00,1789299605.643252,0.0374150276184082,3.3340863686969238,2.537708509739005,0.3042922616004944,0.8921846474523114,odom,episode_start,odom
121.30762369700005,2026-09-13T11:40:05.735714+00:00,1789299605.7036185,0.03209543228149414,3.3309395583468855,2.5382835517942146,0.30474016070365906,0.8845109149688346,odom,episode_start,odom
121.36578889900011,2026-09-13T11:40:05.793882+00:00,1789299605.7632492,0.030632734298706055,3.3312735530111603,2.5364871113272947,0.30373436212539673,0.8821489810235791,odom,episode_start,odom
121.43259471599958,2026-09-13T11:40:05.860683+00:00,1789299605.8331165,0.02756643295288086,3.328872511413502,2.5350515469477233,0.3038078248500824,0.8786994420700638,odom,episode_start,odom
121.48704498799998,2026-09-13T11:40:05.915128+00:00,1789299605.8932781,0.021849870681762695,3.3256094853436298,2.5346881569000175,0.3041493892669678,0.8795383719992692,odom,episode_start,odom
121.54314002499996,2026-09-13T11:40:05.971229+00:00,1789299605.953816,0.01741313934326172,3.3253926822938946,2.5329203342514437,0.304330974817276,0.8843411801296434,odom,episode_start,odom
121.60207509300017,2026-09-13T11:40:06.030158+00:00,1789299606.006513,0.02364492416381836,3.324906638328147,2.5304262401370288,0.3040706515312195,0.884340971521776,odom,episode_start,odom
121.67417544700038,2026-09-13T11:40:06.102259+00:00,1789299606.0734951,0.028763771057128906,3.3248232994546156,2.529445460146226,0.3040343225002289,0.8849415363238113,odom,episode_start,odom
121.72501181799998,2026-09-13T11:40:06.153106+00:00,1789299606.1466484,0.00645756721496582,3.324851418541322,2.5286909115536607,0.3038804233074188,0.8830038914328393,odom,episode_start,odom
121.77720004100047,2026-09-13T11:40:06.205290+00:00,1789299606.1966927,0.008597373962402344,3.325037775930205,2.528499833731547,0.3038770854473114,0.8816088996411685,odom,episode_start,odom
121.84020157800023,2026-09-13T11:40:06.268287+00:00,1789299606.2530546,0.015232324600219727,3.325310817250666,2.528247745678329,0.3038577735424042,0.8803833552524447,odom,episode_start,odom
121.89691248800045,2026-09-13T11:40:06.325001+00:00,1789299606.3099322,0.015068769454956055,3.325325179365425,2.52786730490465,0.303886353969574,0.8787457423184507,odom,episode_start,odom
121.96627659200021,2026-09-13T11:40:06.394365+00:00,1789299606.3699853,0.024379730224609375,3.325318023470201,2.5274060182988753,0.3038756549358368,0.8772270413568493,odom,episode_start,odom
122.01721453699975,2026-09-13T11:40:06.445307+00:00,1789299606.433415,0.011892080307006836,3.325174745875773,2.526957449322267,0.3039218783378601,0.8763175167761519,odom,episode_start,odom
122.07184158499967,2026-09-13T11:40:06.499931+00:00,1789299606.4830732,0.01685786247253418,3.3250296089767213,2.5266947892386704,0.30394044518470764,0.875479069615852,odom,episode_start,odom
122.12887107299957,2026-09-13T11:40:06.556959+00:00,1789299606.5365648,0.020394086837768555,3.3249075894078706,2.5265050675293335,0.3039388358592987,0.87471817600103,odom,episode_start,odom
122.18421569899965,2026-09-13T11:40:06.612296+00:00,1789299606.6041794,0.008116722106933594,3.3247624389094534,2.526364100220846,0.3039552867412567,0.8742028799871536,odom,episode_start,odom
122.23612038600004,2026-09-13T11:40:06.664209+00:00,1789299606.6531818,0.011027097702026367,3.324745673891573,2.5263191809724375,0.3039763271808624,0.8740398614009158,odom,episode_start,odom
122.29364727800021,2026-09-13T11:40:06.721737+00:00,1789299606.7066386,0.015098333358764648,3.324735221577599,2.5262638067299843,0.30398374795913696,0.8736325144974837,odom,episode_start,odom
122.34441542100012,2026-09-13T11:40:06.772506+00:00,1789299606.7632737,0.009232282638549805,3.324694867603678,2.5262532727181233,0.30398374795913696,0.8734423187859881,odom,episode_start,odom
122.39773778800009,2026-09-13T11:40:06.825826+00:00,1789299606.8064344,0.019391536712646484,3.324654717726312,2.5261970174648463,0.3039919435977936,0.8732479373517127,odom,episode_start,odom
122.45070419900003,2026-09-13T11:40:06.878793+00:00,1789299606.8564572,0.02233576774597168,3.3246103630194392,2.5261235217954114,0.3039913773536682,0.8728442418440823,odom,episode_start,odom
122.50585265300015,2026-09-13T11:40:06.933941+00:00,1789299606.9270027,0.00693821907043457,3.3244661608365167,2.5260569827872583,0.3039955198764801,0.8730314071223486,odom,episode_start,odom
122.55734838900025,2026-09-13T11:40:06.985440+00:00,1789299606.9765072,0.008932828903198242,3.324254461005493,2.5259310726756454,0.30398762226104736,0.8729625118249233,odom,episode_start,odom
122.61388530499971,2026-09-13T11:40:07.041703+00:00,1789299607.0297408,0.011962175369262695,3.324062692570241,2.5257885769250374,0.3040043115615845,0.872775072419327,odom,episode_start,odom
122.66735375900043,2026-09-13T11:40:07.095444+00:00,1789299607.0863807,0.009063243865966797,3.323857736766203,2.5256463828524787,0.3040132522583008,0.8727291409449126,odom,episode_start,odom
122.71983700500004,2026-09-13T11:40:07.147924+00:00,1789299607.1396856,0.00823831558227539,3.3237439403306253,2.525596984892277,0.3040303885936737,0.8728005278085795,odom,episode_start,odom
122.77141933700022,2026-09-13T11:40:07.199508+00:00,1789299607.1867242,0.01278376579284668,3.3236790059033274,2.525573349081461,0.3040430247783661,0.8726542682749312,odom,episode_start,odom
122.84817527999985,2026-09-13T11:40:07.276221+00:00,1789299607.2397144,0.03650665283203125,3.3236988600679966,2.5255707224279313,0.30403563380241394,0.8722709149565623,odom,episode_start,odom
122.9001013750003,2026-09-13T11:40:07.328190+00:00,1789299607.2931225,0.03506755828857422,3.323735785494886,2.525606240619496,0.3040182590484619,0.8721752049646586,odom,episode_start,odom
122.95602142299958,2026-09-13T11:40:07.384109+00:00,1789299607.3663573,0.017751693725585938,3.323691961578805,2.5256149243598074,0.3040402829647064,0.8723931856220906,odom,episode_start,odom
123.00935082900014,2026-09-13T11:40:07.437444+00:00,1789299607.4169278,0.020516157150268555,3.3237009423313704,2.525630089957964,0.3040444254875183,0.872229492059801,odom,episode_start,odom
123.06034099899989,2026-09-13T11:40:07.488437+00:00,1789299607.4730093,0.015427589416503906,3.3236859072716003,2.5256037005286593,0.3040573000907898,0.8718545519924866,odom,episode_start,odom
123.11371274399971,2026-09-13T11:40:07.541801+00:00,1789299607.5296395,0.012161493301391602,3.3236923855560176,2.5256163112447414,0.30405688285827637,0.8716782842614806,odom,episode_start,odom
123.1759542359996,2026-09-13T11:40:07.604043+00:00,1789299607.5765154,0.027527570724487305,3.323640416830135,2.5255779733218904,0.3040507733821869,0.8716455513514056,odom,episode_start,odom
123.22948467799961,2026-09-13T11:40:07.657571+00:00,1789299607.6365626,0.02100849151611328,3.3236347359724348,2.525602293492345,0.3040398955345154,0.8717996079199233,odom,episode_start,odom
123.28633297099987,2026-09-13T11:40:07.714422+00:00,1789299607.6963198,0.018102169036865234,3.323978484505114,2.526466372341293,0.30423372983932495,0.8711755800964516,odom,episode_start,odom
123.34390399200038,2026-09-13T11:40:07.771993+00:00,1789299607.763188,0.008805036544799805,3.3232365883156976,2.5249051008477186,0.3048616945743561,0.8423330861396773,odom,episode_start,odom
123.40079100700041,2026-09-13T11:40:07.828880+00:00,1789299607.789784,0.03909611701965332,3.3229674221497283,2.524337546852578,0.30501407384872437,0.8274986395566662,odom,episode_start,odom
123.46048045099997,2026-09-13T11:40:07.888569+00:00,1789299607.8630304,0.02553868293762207,3.3226627770998993,2.523087349052322,0.30571019649505615,0.7932842904591934,odom,episode_start,odom
123.5300477970004,2026-09-13T11:40:07.951607+00:00,1789299607.9230545,0.028552532196044922,3.3226499834271186,2.5219890129178895,0.30744144320487976,0.7677198870226715,odom,episode_start,odom
123.5864926739996,2026-09-13T11:40:08.014582+00:00,1789299607.9963157,0.01826620101928711,3.3233030360800138,2.520640973761837,0.3087015450000763,0.7360970821465866,odom,episode_start,odom
123.63940576799996,2026-09-13T11:40:08.067494+00:00,1789299608.0482044,0.019289493560791016,3.3237898938404573,2.5201999470305916,0.3090068995952606,0.7215627293650182,odom,episode_start,odom
123.69742663699981,2026-09-13T11:40:08.125525+00:00,1789299608.0926838,0.03284120559692383,3.3244519933630996,2.5199473727571156,0.30939143896102905,0.6977992269990458,odom,episode_start,odom
123.74978917099997,2026-09-13T11:40:08.177789+00:00,1789299608.1566076,0.021181344985961914,3.3249292473610277,2.519824590306144,0.30996984243392944,0.6729115302700432,odom,episode_start,odom
123.82401812199987,2026-09-13T11:40:08.252108+00:00,1789299608.2162814,0.035826683044433594,3.3251360090629,2.519740479223285,0.31064698100090027,0.6518596346944665,odom,episode_start,odom
123.8747481800001,2026-09-13T11:40:08.302834+00:00,1789299608.286889,0.015944957733154297,3.325139290789917,2.519348998563635,0.3112851679325104,0.6275944775213561,odom,episode_start,odom
123.94754306600043,2026-09-13T11:40:08.375633+00:00,1789299608.343123,0.03251004219055176,3.325091028661621,2.5189042130198858,0.31186890602111816,0.610001891727269,odom,episode_start,odom
124.00844381000024,2026-09-13T11:40:08.436532+00:00,1789299608.4030907,0.03344130516052246,3.325591187751284,2.518412846365947,0.3135896325111389,0.5926574317381402,odom,episode_start,odom
124.0706469630004,2026-09-13T11:40:08.498737+00:00,1789299608.4497683,0.04896879196166992,3.3259593179965408,2.5180923832272324,0.31481486558914185,0.5793924155409806,odom,episode_start,odom
124.12645273100043,2026-09-13T11:40:08.554542+00:00,1789299608.5163517,0.038190364837646484,3.3262936538521584,2.5174310387411247,0.31590402126312256,0.5589007181629219,odom,episode_start,odom
124.18022408100023,2026-09-13T11:40:08.608313+00:00,1789299608.5830054,0.025307655334472656,3.326272643998335,2.517083175121423,0.31652405858039856,0.5402121893345478,odom,episode_start,odom
124.23807050800042,2026-09-13T11:40:08.666159+00:00,1789299608.646546,0.019613027572631836,3.326102642439166,2.516792540086679,0.3168063759803772,0.5246655708457324,odom,episode_start,odom
124.2895616980004,2026-09-13T11:40:08.717649+00:00,1789299608.6995895,0.018059492111206055,3.326096701694374,2.516484048175649,0.3168393075466156,0.5107306382294726,odom,episode_start,odom
124.35335089199998,2026-09-13T11:40:08.781433+00:00,1789299608.7529607,0.028472423553466797,3.326038978948451,2.516154990342569,0.31707122921943665,0.49747046285607444,odom,episode_start,odom
124.40951962500003,2026-09-13T11:40:08.837607+00:00,1789299608.8063786,0.031228303909301758,3.326051004175573,2.5157950603969415,0.3172978162765503,0.48359151356833474,odom,episode_start,odom
124.46260168800018,2026-09-13T11:40:08.890691+00:00,1789299608.8819218,0.00876927375793457,3.325849710893923,2.515289713814499,0.3177673816680908,0.46386711026571914,odom,episode_start,odom
124.5172751680002,2026-09-13T11:40:08.945361+00:00,1789299608.9264474,0.01891350746154785,3.325724982080299,2.5151922200030494,0.3180713355541229,0.45064019714909337,odom,episode_start,odom
124.57227804400009,2026-09-13T11:40:09.000286+00:00,1789299608.9862165,0.014069557189941406,3.325146040659225,2.5155352819913532,0.3182358741760254,0.4334476270633747,odom,episode_start,odom
124.62382587499997,2026-09-13T11:40:09.051912+00:00,1789299609.0098746,0.0420374870300293,3.32462148277712,2.5157422433251893,0.31827107071876526,0.42673549801155275,odom,episode_start,odom
124.68381568600034,2026-09-13T11:40:09.111905+00:00,1789299609.0911548,0.02075028419494629,3.3213764537564137,2.516921899610782,0.3180072605609894,0.3983174851931086,odom,episode_start,odom
124.73637678999967,2026-09-13T11:40:09.164467+00:00,1789299609.1429346,0.021532535552978516,3.319249936366711,2.5177395383228474,0.31783178448677063,0.3798594360569885,odom,episode_start,odom
124.79992974499964,2026-09-13T11:40:09.228001+00:00,1789299609.1961231,0.031877994537353516,3.3173244715300823,2.5186335106012896,0.3177850842475891,0.3611774106703403,odom,episode_start,odom
124.86140453600001,2026-09-13T11:40:09.289494+00:00,1789299609.2630587,0.026435375213623047,3.3156622410482,2.5196230065020226,0.3178125321865082,0.33737279461869196,odom,episode_start,odom
124.92060636600036,2026-09-13T11:40:09.348690+00:00,1789299609.323063,0.02562713623046875,3.3143406496969385,2.520367825065844,0.31781789660453796,0.3156900283327606,odom,episode_start,odom
124.98713145700003,2026-09-13T11:40:09.415222+00:00,1789299609.389608,0.025614023208618164,3.313696932083211,2.520717532805295,0.31754934787750244,0.2914383448022379,odom,episode_start,odom
125.04892831300003,2026-09-13T11:40:09.477017+00:00,1789299609.4406762,0.03634071350097656,3.313960163757886,2.5208621179661312,0.3162045180797577,0.27266207121333963,odom,episode_start,odom
125.10694006100039,2026-09-13T11:40:09.535029+00:00,1789299609.4995286,0.035500288009643555,3.3146603683225835,2.5215756253438615,0.3153133690357208,0.24899868204450892,odom,episode_start,odom
125.1722899489996,2026-09-13T11:40:09.600379+00:00,1789299609.5576675,0.042711496353149414,3.3154543578169027,2.5222945219271797,0.31526926159858704,0.22463361395103543,odom,episode_start,odom
125.22335640999972,2026-09-13T11:40:09.651448+00:00,1789299609.6327546,0.01869344711303711,3.3158955688957317,2.5241788775543403,0.3151949644088745,0.19056036547022415,odom,episode_start,odom
125.28033760299968,2026-09-13T11:40:09.708421+00:00,1789299609.686254,0.022166967391967773,3.315973166848868,2.5238655865902846,0.31394827365875244,0.16828730894161903,odom,episode_start,odom
125.35160248099965,2026-09-13T11:40:09.779692+00:00,1789299609.7593763,0.02031564712524414,3.3154650846167733,2.5243243320150484,0.3127131164073944,0.13019101983946577,odom,episode_start,odom
125.40560852999988,2026-09-13T11:40:09.833693+00:00,1789299609.8076859,0.02600717544555664,3.315072169131623,2.5259626253109677,0.3122301697731018,0.11019551148120632,odom,episode_start,odom
125.49143890100004,2026-09-13T11:40:09.919456+00:00,1789299609.8807857,0.03867030143737793,3.314603102444148,2.5296811827768937,0.3111196458339691,0.07580136640098513,odom,episode_start,odom
125.54376015100024,2026-09-13T11:40:09.971852+00:00,1789299609.966001,0.005851030349731445,3.3135923827836486,2.532477670028491,0.30964288115501404,0.04191366494825543,odom,episode_start,odom
125.59925124399979,2026-09-13T11:40:10.027342+00:00,1789299610.019536,0.007806062698364258,3.315134378061021,2.533120695038971,0.30989882349967957,0.021802939508809068,odom,episode_start,odom
125.65153642800033,2026-09-13T11:40:10.079624+00:00,1789299610.0729282,0.006695747375488281,3.316802589099505,2.5337470220377245,0.3104374408721924,0.00047529070767970977,odom,episode_start,odom
125.71672496199972,2026-09-13T11:40:10.144813+00:00,1789299610.106068,0.03874516487121582,3.3177478942817884,2.53436990321934,0.3107038140296936,-0.012979962711894721,odom,episode_start,odom
125.7751582990004,2026-09-13T11:40:10.203247+00:00,1789299610.1929426,0.010304450988769531,3.3198875380044517,2.5373417068705195,0.3108920753002167,-0.04699547695398376,odom,episode_start,odom
125.8422529569998,2026-09-13T11:40:10.270341+00:00,1789299610.2418437,0.02849721908569336,3.3205087203095927,2.539117598187968,0.31097593903541565,-0.06495715690284087,odom,episode_start,odom
125.89313428500009,2026-09-13T11:40:10.321224+00:00,1789299610.2896557,0.031568288803100586,3.320587042239552,2.5412038805306887,0.31125330924987793,-0.08488287651104964,odom,episode_start,odom
125.94701968699974,2026-09-13T11:40:10.375107+00:00,1789299610.3496335,0.025473594665527344,3.320102978897885,2.5419023492796056,0.31160908937454224,-0.11296735691982107,odom,episode_start,odom
126.00002561499969,2026-09-13T11:40:10.428114+00:00,1789299610.3960207,0.03209328651428223,3.319447576837201,2.5400641272574327,0.31158748269081116,-0.13897406840894355,odom,episode_start,odom
126.05969844599986,2026-09-13T11:40:10.487787+00:00,1789299610.4693294,0.018457651138305664,3.3197710177428346,2.540323880848039,0.31111806631088257,-0.18024364228381232,odom,episode_start,odom
126.11261064100017,2026-09-13T11:40:10.540699+00:00,1789299610.5070262,0.03367280960083008,3.319536717476711,2.540716103146062,0.31169360876083374,-0.19611834079052715,odom,episode_start,odom
126.16479415499998,2026-09-13T11:40:10.592881+00:00,1789299610.5460334,0.04684758186340332,3.3177094370668634,2.542014105948075,0.3112451136112213,-0.1932121386286756,odom,episode_start,odom
126.2171106679998,2026-09-13T11:40:10.645197+00:00,1789299610.6234307,0.021766185760498047,3.315646063579548,2.5394915593060774,0.31155234575271606,-0.1865283928027166,odom,episode_start,odom
126.27635963600005,2026-09-13T11:40:10.704448+00:00,1789299610.6830764,0.02137160301208496,3.315101783860066,2.5402056903946812,0.3115614056587219,-0.18290767318775236,odom,episode_start,odom
126.34864466599993,2026-09-13T11:40:10.776734+00:00,1789299610.742671,0.034063100814819336,3.316642733945759,2.543438514608176,0.3110399842262268,-0.18264436270572837,odom,episode_start,odom
126.39956596400043,2026-09-13T11:40:10.827655+00:00,1789299610.8093626,0.01829242706298828,3.316829607632712,2.5434676628171,0.3096849322319031,-0.18835336503526667,odom,episode_start,odom
126.45043343599991,2026-09-13T11:40:10.878524+00:00,1789299610.8696742,0.008849859237670898,3.3149930553069447,2.542699588653956,0.30902016162872314,-0.19239630977863187,odom,episode_start,odom
126.50113961900024,2026-09-13T11:40:10.929227+00:00,1789299610.8895082,0.0397188663482666,3.3149236233078523,2.543054607571849,0.3090212643146515,-0.19229576941810356,odom,episode_start,odom
126.55288365199976,2026-09-13T11:40:10.980974+00:00,1789299610.9611738,0.019800186157226562,3.3145918424338148,2.543775257048619,0.3084935247898102,-0.1869746266838379,odom,episode_start,odom
126.60834856499969,2026-09-13T11:40:11.036439+00:00,1789299611.0260966,0.01034235954284668,3.315003702098329,2.5453032327824965,0.30853554606437683,-0.18759620683847866,odom,episode_start,odom
126.65937828500046,2026-09-13T11:40:11.087465+00:00,1789299611.0760171,0.011447906494140625,3.315016069211139,2.5459384300538797,0.3086364269256592,-0.18849730246519814,odom,episode_start,odom
126.71082406000005,2026-09-13T11:40:11.138913+00:00,1789299611.1263993,0.01251363754272461,3.314883360376564,2.5464677625698564,0.30882152915000916,-0.18807317202849294,odom,episode_start,odom
126.76691608100009,2026-09-13T11:40:11.195003+00:00,1789299611.1860514,0.008951663970947266,3.3146092648203864,2.5465482759517455,0.30894869565963745,-0.18694552829236954,odom,episode_start,odom
126.825825764,2026-09-13T11:40:11.253916+00:00,1789299611.2429106,0.011005401611328125,3.3143098105426327,2.546482555713563,0.3090117573738098,-0.18639271204033836,odom,episode_start,odom
126.87883869899997,2026-09-13T11:40:11.306934+00:00,1789299611.2828817,0.02405238151550293,3.3141063198474945,2.5463714322909548,0.3090306222438812,-0.1862138546638219,odom,episode_start,odom
126.93112391300019,2026-09-13T11:40:11.359215+00:00,1789299611.3495533,0.009661674499511719,3.3139607889517277,2.54644936666794,0.309039443731308,-0.18634496185224392,odom,episode_start,odom
127.01456774500002,2026-09-13T11:40:11.442422+00:00,1789299611.3962765,0.04614543914794922,3.3138842593290083,2.5465489558467933,0.30904263257980347,-0.18671663651449766,odom,episode_start,odom
127.07874790099959,2026-09-13T11:40:11.506828+00:00,1789299611.4761827,0.030645370483398438,3.3137903557731563,2.5465517591991382,0.30904367566108704,-0.1867141472823599,odom,episode_start,odom
127.14097684300032,2026-09-13T11:40:11.569068+00:00,1789299611.5614488,0.007619142532348633,3.313683868005606,2.5464576240494847,0.3090439438819885,-0.1864043206458872,odom,episode_start,odom
127.19890502999988,2026-09-13T11:40:11.626987+00:00,1789299611.6066775,0.0203094482421875,3.313617517210403,2.5464014681644147,0.3090422451496124,-0.18658149116313538,odom,episode_start,odom
127.25429461099975,2026-09-13T11:40:11.682382+00:00,1789299611.6560204,0.026361703872680664,3.3135647098616863,2.5464440478451156,0.3090417981147766,-0.1867332961733703,odom,episode_start,odom
127.31229173100019,2026-09-13T11:40:11.740380+00:00,1789299611.719232,0.021147966384887695,3.312999394075937,2.5453812915504526,0.3095533847808838,-0.17521414436903848,odom,episode_start,odom
127.36728125799982,2026-09-13T11:40:11.795372+00:00,1789299611.7693799,0.025992155075073242,3.311526312323621,2.546238983350049,0.3099610507488251,-0.15025266815324323,odom,episode_start,odom
127.42069328700018,2026-09-13T11:40:11.848784+00:00,1789299611.823506,0.02527785301208496,3.3120513542456336,2.54735180002646,0.31010425090789795,-0.13006279418454203,odom,episode_start,odom
127.47541623899997,2026-09-13T11:40:11.903504+00:00,1789299611.87663,0.02687382698059082,3.312688532433036,2.5489995552270006,0.3103453516960144,-0.11158469894319789,odom,episode_start,odom
127.52906684200025,2026-09-13T11:40:11.957156+00:00,1789299611.932694,0.024461984634399414,3.3134994323765588,2.550409805066277,0.31059888005256653,-0.09209874162504872,odom,episode_start,odom
127.58097725100015,2026-09-13T11:40:12.009066+00:00,1789299612.002628,0.006438016891479492,3.3147731355575183,2.552427887131711,0.310871958732605,-0.06946253667468039,odom,episode_start,odom
127.63539538399982,2026-09-13T11:40:12.063486+00:00,1789299612.0429416,0.02054452896118164,3.3156480500012555,2.553140406486027,0.3110044598579407,-0.055411669374371364,odom,episode_start,odom
127.69178153200028,2026-09-13T11:40:12.119872+00:00,1789299612.1093209,0.010551214218139648,3.3170616506655115,2.553727306980628,0.3110843300819397,-0.03387379194617668,odom,episode_start,odom
127.7459666599998,2026-09-13T11:40:12.173985+00:00,1789299612.149169,0.024816036224365234,3.3177114796683593,2.553998232384283,0.31117284297943115,-0.02093820108998079,odom,episode_start,odom
127.79680801599989,2026-09-13T11:40:12.224899+00:00,1789299612.1965322,0.028366804122924805,3.318676876267772,2.5546021017965024,0.3112236261367798,-0.005934554449536389,odom,episode_start,odom
127.85588343400013,2026-09-13T11:40:12.283968+00:00,1789299612.2427902,0.04117774963378906,3.3197240555006404,2.5555332889582476,0.3112838864326477,0.009995197941322864,odom,episode_start,odom
127.93050414400022,2026-09-13T11:40:12.358587+00:00,1789299612.3128111,0.0457758903503418,3.3212359277514034,2.556964797117234,0.31147587299346924,0.03209600316036498,odom,episode_start,odom
127.9837500829999,2026-09-13T11:40:12.411813+00:00,1789299612.3974767,0.014336347579956055,3.3227529255504162,2.558484129707691,0.31142929196357727,0.05944533631600302,odom,episode_start,odom
128.04618399500032,2026-09-13T11:40:12.474263+00:00,1789299612.4562793,0.017983675003051758,3.3237322352733814,2.559164079154391,0.3110398054122925,0.07747480727386023,odom,episode_start,odom
128.09881169100026,2026-09-13T11:40:12.526904+00:00,1789299612.4991112,0.027792930603027344,3.3242928513721206,2.559596876693492,0.31080004572868347,0.09124853568925895,odom,episode_start,odom
128.14948484599972,2026-09-13T11:40:12.577570+00:00,1789299612.5592675,0.018302440643310547,3.3254423597012686,2.5601417571863143,0.31029292941093445,0.11079642393644384,odom,episode_start,odom
128.2082072209996,2026-09-13T11:40:12.636287+00:00,1789299612.5961785,0.040108442306518555,3.3260580872784793,2.5607293579263533,0.3099610507488251,0.12245806021419892,odom,episode_start,odom
128.26455080600044,2026-09-13T11:40:12.691106+00:00,1789299612.683023,0.008083105087280273,3.327469459164441,2.5627936797138164,0.3074989318847656,0.1527736433294291,odom,episode_start,odom
128.3176952670001,2026-09-13T11:40:12.745785+00:00,1789299612.7201805,0.0256044864654541,3.3279692227713857,2.5634336585647235,0.3067479133605957,0.16407435574556417,odom,episode_start,odom
128.38055979599994,2026-09-13T11:40:12.808649+00:00,1789299612.77945,0.02919912338256836,3.32864785075818,2.5642476618426624,0.3061451017856598,0.18294385222860174,odom,episode_start,odom
128.43403528399995,2026-09-13T11:40:12.862125+00:00,1789299612.8425455,0.019579410552978516,3.329288974577958,2.564294634663133,0.3058854639530182,0.20204401551735596,odom,episode_start,odom
128.4900154879997,2026-09-13T11:40:12.918105+00:00,1789299612.8924947,0.02561020851135254,3.329521580425621,2.5642513557320488,0.3058057129383087,0.2172243579845203,odom,episode_start,odom
128.5426797629998,2026-09-13T11:40:12.970770+00:00,1789299612.949318,0.021451950073242188,3.329839581396756,2.5639428154758543,0.30548688769340515,0.23790959291875824,odom,episode_start,odom
128.59376561200042,2026-09-13T11:40:13.021858+00:00,1789299612.9891274,0.0327305793762207,3.3302585961560647,2.5642923761940866,0.30510225892066956,0.25639919517537235,odom,episode_start,odom
128.65100425400033,2026-09-13T11:40:13.079102+00:00,1789299613.0726,0.0065021514892578125,3.3285112159450816,2.5660179921227066,0.3054613173007965,0.2917806941470913,odom,episode_start,odom
128.71520344800047,2026-09-13T11:40:13.143293+00:00,1789299613.1138813,0.02941155433654785,3.327726913609336,2.5676537127689185,0.30715784430503845,0.3076241742717143,odom,episode_start,odom
128.76875097100037,2026-09-13T11:40:13.196838+00:00,1789299613.1702547,0.026583194732666016,3.3287636135372813,2.5711870100579306,0.3086816370487213,0.33927042568269594,odom,episode_start,odom
128.8418928430001,2026-09-13T11:40:13.269981+00:00,1789299613.2392585,0.030722379684448242,3.3271811546108667,2.574959072935468,0.3067677617073059,0.391643796891058,odom,episode_start,odom
128.90793070000018,2026-09-13T11:40:13.336017+00:00,1789299613.3158436,0.020173311233520508,3.3273851613296754,2.58140383074286,0.30145615339279175,0.4437717737791815,odom,episode_start,odom
128.96997735700006,2026-09-13T11:40:13.398027+00:00,1789299613.3759494,0.022077560424804688,3.3264423021438123,2.5839806657370428,0.3005376160144806,0.47071000416095077,odom,episode_start,odom
129.0330292540002,2026-09-13T11:40:13.461112+00:00,1789299613.4358392,0.025272846221923828,3.327057989117555,2.583911717769088,0.3008178472518921,0.4943237075259642,odom,episode_start,odom
129.09002564300044,2026-09-13T11:40:13.518116+00:00,1789299613.490279,0.027837038040161133,3.326442346608263,2.581894116559386,0.3014601469039917,0.5152899218615685,odom,episode_start,odom
129.15587344100004,2026-09-13T11:40:13.583958+00:00,1789299613.5658875,0.018070459365844727,3.3285653885939666,2.5805593902423034,0.302315354347229,0.5487509606201381,odom,episode_start,odom
129.20831200500015,2026-09-13T11:40:13.636404+00:00,1789299613.6191237,0.01728034019470215,3.327660176503458,2.5789961564029644,0.3035508990287781,0.5759173103637886,odom,episode_start,odom
129.27700140399975,2026-09-13T11:40:13.705090+00:00,1789299613.6766586,0.028431415557861328,3.327078002290987,2.578707622593293,0.3042418360710144,0.6007841811582069,odom,episode_start,odom
129.32929381600024,2026-09-13T11:40:13.757293+00:00,1789299613.749052,0.008240938186645508,3.3266923929928054,2.5804738551559256,0.3049069344997406,0.6285630388822008,odom,episode_start,odom
129.383869108,2026-09-13T11:40:13.811955+00:00,1789299613.7990649,0.012890100479125977,3.3261340125360466,2.5822557300063713,0.3053441345691681,0.6467224727587365,odom,episode_start,odom
129.44276902799993,2026-09-13T11:40:13.870858+00:00,1789299613.8458762,0.02498173713684082,3.325733965081684,2.584012809882925,0.30477142333984375,0.6629499330676555,odom,episode_start,odom
129.4936576809996,2026-09-13T11:40:13.921749+00:00,1789299613.9023726,0.019376516342163086,3.325273144847689,2.585790435629654,0.3044602870941162,0.6842760925978184,odom,episode_start,odom
129.55679758299993,2026-09-13T11:40:13.984885+00:00,1789299613.9558897,0.028995275497436523,3.3251800703884538,2.586650257038349,0.3045854866504669,0.7014907765504279,odom,episode_start,odom
129.6149112180001,2026-09-13T11:40:14.043001+00:00,1789299614.0104296,0.03257131576538086,3.32501923144618,2.5873723409491745,0.3047277331352234,0.7198849113168849,odom,episode_start,odom
129.66962939699988,2026-09-13T11:40:14.097718+00:00,1789299614.0858116,0.01190638542175293,3.3249247152070236,2.588410320141469,0.3051198422908783,0.7457976415785406,odom,episode_start,odom
129.72105999999985,2026-09-13T11:40:14.149152+00:00,1789299614.1324148,0.01673722267150879,3.325037967354143,2.5891336599013144,0.3055153489112854,0.761307716040592,odom,episode_start,odom
129.7751853460004,2026-09-13T11:40:14.203275+00:00,1789299614.1855874,0.017687559127807617,3.3251555313433596,2.59007864751975,0.3056950867176056,0.7773089131182055,odom,episode_start,odom
129.83477935100018,2026-09-13T11:40:14.262869+00:00,1789299614.2257273,0.03714156150817871,3.324940703057843,2.59071985254208,0.30580881237983704,0.7902828969718779,odom,episode_start,odom
129.88550569000017,2026-09-13T11:40:14.313597+00:00,1789299614.295719,0.017878055572509766,3.324745187921255,2.5912089139738956,0.30581310391426086,0.8115550294140995,odom,episode_start,odom
129.93897218300026,2026-09-13T11:40:14.367043+00:00,1789299614.355853,0.011189937591552734,3.325316307556022,2.5915229598749807,0.3058660924434662,0.8310429207693788,odom,episode_start,odom
129.9920114839997,2026-09-13T11:40:14.420101+00:00,1789299614.4099715,0.010129451751708984,3.326670741810407,2.592502481529126,0.30561912059783936,0.852909239927931,odom,episode_start,odom
130.04947695400006,2026-09-13T11:40:14.477565+00:00,1789299614.4589398,0.018625259399414062,3.3257648575797014,2.593317361059165,0.3050549328327179,0.8726816551400285,odom,episode_start,odom
130.1159546099998,2026-09-13T11:40:14.544044+00:00,1789299614.5205462,0.023497819900512695,3.3259630048272735,2.592239217198266,0.3043658137321472,0.8999955780748882,odom,episode_start,odom
130.17188610500034,2026-09-13T11:40:14.599974+00:00,1789299614.5791295,0.020844459533691406,3.325488244359539,2.5913828510421903,0.30632928013801575,0.9266322550683899,odom,episode_start,odom
130.2275256160001,2026-09-13T11:40:14.655617+00:00,1789299614.649089,0.006527900695800781,3.3223444702579883,2.595042093104457,0.30694353580474854,0.9620896511123812,odom,episode_start,odom
130.2811040839997,2026-09-13T11:40:14.709192+00:00,1789299614.6994226,0.009769439697265625,3.3210670291234066,2.5968041406948315,0.30498433113098145,0.9991689445159812,odom,episode_start,odom
130.33245413799978,2026-09-13T11:40:14.760539+00:00,1789299614.740444,0.020095109939575195,3.3175564689684505,2.5988289165755996,0.3020494282245636,1.0256555529547813,odom,episode_start,odom
130.38670393899974,2026-09-13T11:40:14.814792+00:00,1789299614.8044493,0.010342597961425781,3.316135266106605,2.6004786726467204,0.2986498475074768,1.0522295397764487,odom,episode_start,odom
130.4461283339997,2026-09-13T11:40:14.874218+00:00,1789299614.8623374,0.011880636215209961,3.3152283642678166,2.600451469811972,0.3002763092517853,1.0798860784690463,odom,episode_start,odom
130.4974938129999,2026-09-13T11:40:14.925586+00:00,1789299614.9124205,0.013165473937988281,3.315781086103485,2.598795882494094,0.3010711073875427,1.0999255548647877,odom,episode_start,odom
130.5543106060004,2026-09-13T11:40:14.982398+00:00,1789299614.9673636,0.01503443717956543,3.3171327597849594,2.5982620875413747,0.3018851578235626,1.1232743091659394,odom,episode_start,odom
130.60616712000046,2026-09-13T11:40:15.034257+00:00,1789299615.0225706,0.011686325073242188,3.316670849669514,2.59772099504551,0.30301588773727417,1.149845461353614,odom,episode_start,odom
130.66006710799957,2026-09-13T11:40:15.088156+00:00,1789299615.0594718,0.028684139251708984,3.3166672949513742,2.5976377727173627,0.3036835193634033,1.168711938060762,odom,episode_start,odom
130.71142932200019,2026-09-13T11:40:15.139520+00:00,1789299615.1323476,0.007172346115112305,3.3150124914630412,2.5978162955188107,0.3049207329750061,1.1982146127678521,odom,episode_start,odom
130.76315008300026,2026-09-13T11:40:15.191237+00:00,1789299615.1522841,0.03895282745361328,3.31454133396349,2.5984505278989394,0.30539295077323914,1.2065526596832985,odom,episode_start,odom
130.8248511820002,2026-09-13T11:40:15.252939+00:00,1789299615.2355285,0.0174105167388916,3.3127160707965864,2.599980101968944,0.30529648065567017,1.2100708821016093,odom,episode_start,odom
130.87698435000038,2026-09-13T11:40:15.305070+00:00,1789299615.2658148,0.03925514221191406,3.312180077342395,2.6000606323268074,0.30559366941452026,1.2049814148114018,odom,episode_start,odom
130.947835467,2026-09-13T11:40:15.375924+00:00,1789299615.3488739,0.027050256729125977,3.3115559681009437,2.5996896248747126,0.3059724271297455,1.19984656816532,odom,episode_start,odom
131.01042007100023,2026-09-13T11:40:15.438508+00:00,1789299615.4223347,0.016173362731933594,3.311648172369144,2.598725062334036,0.3061240017414093,1.1983200852009313,odom,episode_start,odom
131.06485179999981,2026-09-13T11:40:15.492941+00:00,1789299615.4791303,0.01381063461303711,3.311686862595065,2.59814131034361,0.3061812222003937,1.1969722050525742,odom,episode_start,odom
131.12398846700034,2026-09-13T11:40:15.552074+00:00,1789299615.5189602,0.033113718032836914,3.3116455187115106,2.597926966686263,0.3062337636947632,1.196357613170564,odom,episode_start,odom
131.1903217930003,2026-09-13T11:40:15.618406+00:00,1789299615.5788803,0.039525747299194336,3.3114258075876584,2.5978550255675037,0.30627983808517456,1.195558210620592,odom,episode_start,odom
131.24678426100036,2026-09-13T11:40:15.674212+00:00,1789299615.6407356,0.03347635269165039,3.3113186458844277,2.5978812275777092,0.3062986135482788,1.1948751114353566,odom,episode_start,odom
131.32850725200024,2026-09-13T11:40:15.756603+00:00,1789299615.7088585,0.0477445125579834,3.3112470778171503,2.597889252867924,0.30631157755851746,1.1946564357123675,odom,episode_start,odom
131.38871162600026,2026-09-13T11:40:15.816803+00:00,1789299615.795487,0.021316051483154297,3.3111380232553698,2.5978247978103526,0.3063197731971741,1.193924849230528,odom,episode_start,odom
131.4429422889998,2026-09-13T11:40:15.871023+00:00,1789299615.835617,0.035405874252319336,3.3110811112392047,2.597798176687741,0.3063228130340576,1.1935421044374361,odom,episode_start,odom
131.5074440569997,2026-09-13T11:40:15.935541+00:00,1789299615.9156826,0.019858360290527344,3.3109278878019466,2.5976943518077182,0.30632999539375305,1.193313703874737,odom,episode_start,odom
131.5582710079998,2026-09-13T11:40:15.986361+00:00,1789299615.9657435,0.02061748504638672,3.31087003302944,2.5976187942253004,0.306333988904953,1.1933049829945177,odom,episode_start,odom
131.61597623299986,2026-09-13T11:40:16.044068+00:00,1789299616.0305393,0.013528823852539062,3.3107938608731127,2.59753748312037,0.3063378930091858,1.1931439775672696,odom,episode_start,odom
131.66795592000017,2026-09-13T11:40:16.096042+00:00,1789299616.0689359,0.027106046676635742,3.310759339539026,2.59752377250567,0.3063381612300873,1.1929917239652388,odom,episode_start,odom
131.72392197499994,2026-09-13T11:40:16.152012+00:00,1789299616.1156712,0.036340951919555664,3.3107521659756745,2.597513177741153,0.30634066462516785,1.1929391530636124,odom,episode_start,odom
131.78311803500037,2026-09-13T11:40:16.211206+00:00,1789299616.1775146,0.03369140625,3.3107220130658797,2.597448866027482,0.3063444197177887,1.192928634225277,odom,episode_start,odom
131.83472800500022,2026-09-13T11:40:16.262821+00:00,1789299616.2490163,0.01380467414855957,3.3106608465858574,2.5974228077591985,0.30634498596191406,1.192788058770117,odom,episode_start,odom
131.8919644990001,2026-09-13T11:40:16.320054+00:00,1789299616.3024192,0.017634868621826172,3.3106679760740105,2.5974766976347294,0.3063459098339081,1.1925006468548862,odom,episode_start,odom
131.94562527200014,2026-09-13T11:40:16.373715+00:00,1789299616.3422294,0.031485557556152344,3.310679445496347,2.5974924959724497,0.3063453137874603,1.1924094241294243,odom,episode_start,odom
132.00495241200042,2026-09-13T11:40:16.429445+00:00,1789299616.3921468,0.03729820251464844,3.310671024918039,2.597530646376697,0.3063444197177887,1.1923963038113408,odom,episode_start,odom
132.05665422699985,2026-09-13T11:40:16.484741+00:00,1789299616.4688637,0.015877246856689453,3.3106708631099675,2.5975657801994627,0.3063448667526245,1.1923873138506837,odom,episode_start,odom
132.10852830800013,2026-09-13T11:40:16.536617+00:00,1789299616.5121725,0.024444580078125,3.3106356189001946,2.597550241251307,0.3063461184501648,1.1923365678360496,odom,episode_start,odom
132.16808790899995,2026-09-13T11:40:16.596177+00:00,1789299616.5754173,0.02075982093811035,3.310683811439579,2.597614571329644,0.30634909868240356,1.192129801611079,odom,episode_start,odom
132.22689076299957,2026-09-13T11:40:16.654982+00:00,1789299616.622399,0.032582998275756836,3.310687975767315,2.5976096914720888,0.3063488304615021,1.1920833581996184,odom,episode_start,odom
132.27875565900013,2026-09-13T11:40:16.706845+00:00,1789299616.6788104,0.028034687042236328,3.310676327165104,2.597692520199351,0.30634841322898865,1.192383042429728,odom,episode_start,odom
132.34886020399972,2026-09-13T11:40:16.776951+00:00,1789299616.767378,0.009572982788085938,3.310631006076587,2.5977480582356005,0.3063475787639618,1.1921646970947135,odom,episode_start,odom
132.40204495000035,2026-09-13T11:40:16.830137+00:00,1789299616.8087559,0.021381139755249023,3.310679423856769,2.597761373363196,0.30635160207748413,1.1920453041400811,odom,episode_start,odom
132.45559390899962,2026-09-13T11:40:16.883683+00:00,1789299616.8755853,0.008097648620605469,3.310652275715805,2.597794305502507,0.30635687708854675,1.1921675152771636,odom,episode_start,odom
132.51089970300018,2026-09-13T11:40:16.938990+00:00,1789299616.9220982,0.016891956329345703,3.3106227657705225,2.5977948426463024,0.3063598871231079,1.192099480962142,odom,episode_start,odom
132.5797221920002,2026-09-13T11:40:17.007813+00:00,1789299616.975423,0.03238987922668457,3.310584928063124,2.5977887856590267,0.30636832118034363,1.191969001635215,odom,episode_start,odom
132.63374160799958,2026-09-13T11:40:17.061627+00:00,1789299617.0444157,0.017211198806762695,3.310587795741553,2.5978504542407213,0.3063742518424988,1.191719526874848,odom,episode_start,odom
132.6911613430002,2026-09-13T11:40:17.119249+00:00,1789299617.082128,0.03712105751037598,3.310619270217336,2.5979011233387093,0.3063780665397644,1.191917509124052,odom,episode_start,odom
132.7530804019998,2026-09-13T11:40:17.181169+00:00,1789299617.14244,0.038728952407836914,3.3106268862220714,2.597956872817381,0.3063800036907196,1.1918435653811115,odom,episode_start,odom
132.8050993859997,2026-09-13T11:40:17.233189+00:00,1789299617.221957,0.011232137680053711,3.310589943423378,2.5979848478680334,0.30638256669044495,1.1915785061312563,odom,episode_start,odom
132.85894698500033,2026-09-13T11:40:17.287037+00:00,1789299617.2692943,0.017742633819580078,3.310599757438635,2.59801721893973,0.3063863217830658,1.1916217119001309,odom,episode_start,odom
132.92884153199975,2026-09-13T11:40:17.356931+00:00,1789299617.3255117,0.03141927719116211,3.3106059303720703,2.598020250212944,0.3063865005970001,1.1917089081767194,odom,episode_start,odom
132.9872109199996,2026-09-13T11:40:17.415299+00:00,1789299617.3788073,0.03649163246154785,3.3105696396704696,2.5980731505768637,0.30638426542282104,1.1916452738366146,odom,episode_start,odom
133.06006809799965,2026-09-13T11:40:17.488154+00:00,1789299617.4591527,0.029001235961914062,3.3105382737949793,2.598070566311324,0.30638405680656433,1.191405038866712,odom,episode_start,odom
133.12661765699977,2026-09-13T11:40:17.554705+00:00,1789299617.5312874,0.02341747283935547,3.3105473088476907,2.5981097743257044,0.3063831031322479,1.191642969506597,odom,episode_start,odom
133.1869107700004,2026-09-13T11:40:17.614997+00:00,1789299617.5888507,0.02614617347717285,3.310532559087029,2.598205519120031,0.30638107657432556,1.1916300697853601,odom,episode_start,odom
133.24392411400004,2026-09-13T11:40:17.672006+00:00,1789299617.6521568,0.019849061965942383,3.3104843952367644,2.5982522943981525,0.30638056993484497,1.1912969592435758,odom,episode_start,odom
133.29966743499972,2026-09-13T11:40:17.727757+00:00,1789299617.7191842,0.008572816848754883,3.310502520336679,2.598214784079336,0.30638387799263,1.1912930099538652,odom,episode_start,odom
133.35067199399964,2026-09-13T11:40:17.778760+00:00,1789299617.7486992,0.030060768127441406,3.3104737194687064,2.598215227414077,0.3063836097717285,1.191337541106403,odom,episode_start,odom
133.41375495900047,2026-09-13T11:40:17.841844+00:00,1789299617.7887168,0.053127288818359375,3.3104608374509032,2.598225108534994,0.30638304352760315,1.1914710789315908,odom,episode_start,odom
133.48473935899983,2026-09-13T11:40:17.912829+00:00,1789299617.8592916,0.05353736877441406,3.3104248107051575,2.59828182191425,0.30638134479522705,1.1911104064489673,odom,episode_start,odom
133.5410501360002,2026-09-13T11:40:17.969136+00:00,1789299617.948722,0.020414113998413086,3.3104665754878315,2.598299384159837,0.3063802421092987,1.1911141771899243,odom,episode_start,odom
133.5934632540002,2026-09-13T11:40:18.021497+00:00,1789299617.9953241,0.026172876358032227,3.3104445507103812,2.598205618587744,0.3063822090625763,1.191341327383758,odom,episode_start,odom
133.64642641699993,2026-09-13T11:40:18.074517+00:00,1789299618.0553608,0.019156217575073242,3.310376026821337,2.598225746933216,0.306382954120636,1.1910795663318237,odom,episode_start,odom
133.70872981699995,2026-09-13T11:40:18.136820+00:00,1789299618.1086247,0.02819538116455078,3.3103598237644265,2.598201435994847,0.3063855767250061,1.1910011744487679,odom,episode_start,odom
133.7636743080002,2026-09-13T11:40:18.191761+00:00,1789299618.1685843,0.02317667007446289,3.310360125342971,2.598152815904823,0.30638638138771057,1.1909684108067697,odom,episode_start,odom
133.81686410800012,2026-09-13T11:40:18.244955+00:00,1789299618.2220678,0.022887229919433594,3.310309000998085,2.5981826671365686,0.3063867390155792,1.1910241019524146,odom,episode_start,odom
133.87441316100012,2026-09-13T11:40:18.302503+00:00,1789299618.2735598,0.028943300247192383,3.310268617640698,2.5982009965320505,0.3063860833644867,1.1908438292716808,odom,episode_start,odom
133.93118348200005,2026-09-13T11:40:18.359274+00:00,1789299618.3492198,0.01005411148071289,3.3102676713109283,2.5982174754569716,0.30638766288757324,1.1906348284507564,odom,episode_start,odom
133.98328416500044,2026-09-13T11:40:18.411376+00:00,1789299618.3878045,0.023571491241455078,3.3102691050506374,2.598186502289009,0.30638790130615234,1.1907631805087668,odom,episode_start,odom
134.04757673299991,2026-09-13T11:40:18.475663+00:00,1789299618.4388294,0.03683352470397949,3.3101822221836343,2.598071495766818,0.30638954043388367,1.1909781911124189,odom,episode_start,odom
134.09883983300006,2026-09-13T11:40:18.526928+00:00,1789299618.5087407,0.018187284469604492,3.310048107997761,2.5979848634553155,0.3063918352127075,1.1905543232355797,odom,episode_start,odom
134.16240074300003,2026-09-13T11:40:18.590487+00:00,1789299618.5735493,0.016937732696533203,3.3099772846447575,2.5978494546058597,0.3063936233520508,1.190679962572946,odom,episode_start,odom
134.22185310300029,2026-09-13T11:40:18.649943+00:00,1789299618.6401794,0.009763717651367188,3.3099106044752475,2.5977144596081736,0.30639752745628357,1.190850679053021,odom,episode_start,odom
134.29408176299967,2026-09-13T11:40:18.722172+00:00,1789299618.704324,0.01784801483154297,3.3098593163365657,2.597688537437429,0.306397944688797,1.1907987217462284,odom,episode_start,odom
134.35514755799977,2026-09-13T11:40:18.783183+00:00,1789299618.7687001,0.014482975006103516,3.3098498840100365,2.597668140669317,0.30639949440956116,1.1907087416911428,odom,episode_start,odom
134.4082403929997,2026-09-13T11:40:18.836331+00:00,1789299618.8287485,0.007582426071166992,3.3098759938983955,2.597680078144064,0.30639857053756714,1.190772564138896,odom,episode_start,odom
134.48561583799983,2026-09-13T11:40:18.913700+00:00,1789299618.8851721,0.02852797508239746,3.309852475720948,2.597691366400801,0.3063989281654358,1.1908997442212166,odom,episode_start,odom
134.54060513100012,2026-09-13T11:40:18.968694+00:00,1789299618.9386053,0.03008866310119629,3.3098339909699046,2.597695254860526,0.3063972592353821,1.1906778740044208,odom,episode_start,odom
134.59848706600042,2026-09-13T11:40:19.026571+00:00,1789299618.9988291,0.02774190902709961,3.309811438479755,2.59771747817538,0.3063983619213104,1.190523156930151,odom,episode_start,odom
134.66713293199973,2026-09-13T11:40:19.095220+00:00,1789299619.0786624,0.016557693481445312,3.3098495125462564,2.5977235038929702,0.3063982427120209,1.190764179011421,odom,episode_start,odom
134.73947983800008,2026-09-13T11:40:19.167571+00:00,1789299619.1387029,0.02886819839477539,3.3098031245160153,2.597712806186819,0.30639776587486267,1.1905708132280064,odom,episode_start,odom
134.80167500599964,2026-09-13T11:40:19.229765+00:00,1789299619.2153504,0.014414548873901367,3.30980663694567,2.5978066159336164,0.3063959777355194,1.1903474190087566,odom,episode_start,odom
134.8566874349999,2026-09-13T11:40:19.284779+00:00,1789299619.2686672,0.01611185073852539,3.3097941375099524,2.597812117511936,0.3063952326774597,1.1904765926411103,odom,episode_start,odom
134.92674387599982,2026-09-13T11:40:19.354832+00:00,1789299619.3352947,0.01953721046447754,3.309755175880612,2.597764843904581,0.30639591813087463,1.1906225331517355,odom,episode_start,odom
134.97888107200015,2026-09-13T11:40:19.406979+00:00,1789299619.395202,0.011777162551879883,3.3096948086140205,2.59774300883047,0.306395947933197,1.1904382637856876,odom,episode_start,odom
135.03740345799997,2026-09-13T11:40:19.465493+00:00,1789299619.4553056,0.010187387466430664,3.3097046391077245,2.5977282405061315,0.30639511346817017,1.1903686584077113,odom,episode_start,odom
135.092800421,2026-09-13T11:40:19.520882+00:00,1789299619.5037565,0.017125368118286133,3.3097181805684865,2.597736068846646,0.3063960373401642,1.1906054461636546,odom,episode_start,odom
135.14466064200042,2026-09-13T11:40:19.572758+00:00,1789299619.5609245,0.011833429336547852,3.3096863502140126,2.597709977422458,0.3063957691192627,1.1906221258233873,odom,episode_start,odom
135.19807743,2026-09-13T11:40:19.626165+00:00,1789299619.6123912,0.013773679733276367,3.3096682471516967,2.5977258401857677,0.30639487504959106,1.1904537338930554,odom,episode_start,odom
135.25349100099993,2026-09-13T11:40:19.681580+00:00,1789299619.6584437,0.023136377334594727,3.3096613991902135,2.5977358850009753,0.30639636516571045,1.1903395281397935,odom,episode_start,odom
135.3100403489998,2026-09-13T11:40:19.738130+00:00,1789299619.7159882,0.02214193344116211,3.309706106003337,2.597726603463718,0.3063955307006836,1.190546892431526,odom,episode_start,odom
135.3681556399997,2026-09-13T11:40:19.796242+00:00,1789299619.772162,0.02408003807067871,3.309674503768744,2.597724050467863,0.30639564990997314,1.190775826579255,odom,episode_start,odom
135.42174872600026,2026-09-13T11:40:19.849839+00:00,1789299619.841845,0.007993936538696289,3.309655635542258,2.5977486723163667,0.3063952922821045,1.1904709076543627,odom,episode_start,odom
135.47398893599984,2026-09-13T11:40:19.902077+00:00,1789299619.888632,0.013444900512695312,3.3096612180246137,2.5977436048407023,0.3063960075378418,1.1904144762463482,odom,episode_start,odom
135.5263145580002,2026-09-13T11:40:19.954405+00:00,1789299619.9486752,0.0057299137115478516,3.3096701638345607,2.5977621420056733,0.3063964545726776,1.190485390271173,odom,episode_start,odom
135.59370796999974,2026-09-13T11:40:20.021797+00:00,1789299619.9919918,0.02980518341064453,3.3096359349464373,2.5977397348451485,0.3063957393169403,1.1906521822463478,odom,episode_start,odom
135.65256099700036,2026-09-13T11:40:20.080649+00:00,1789299620.0652592,0.015389680862426758,3.3096074826112876,2.5977228163579253,0.3063960373401642,1.1904434992823179,odom,episode_start,odom
135.7219587110003,2026-09-13T11:40:20.150032+00:00,1789299620.1276517,0.022380352020263672,3.3095907425100877,2.5977308029330834,0.30639681220054626,1.1903917203010128,odom,episode_start,odom
135.78098720399976,2026-09-13T11:40:20.209076+00:00,1789299620.185523,0.023552894592285156,3.3096203922258427,2.5977167795220293,0.30639779567718506,1.1904875010837288,odom,episode_start,odom
135.8346556209999,2026-09-13T11:40:20.262757+00:00,1789299620.2520063,0.010750770568847656,3.3096211335656998,2.597762375684706,0.30639728903770447,1.1905476888363518,odom,episode_start,odom
135.88531436500034,2026-09-13T11:40:20.313404+00:00,1789299620.2984614,0.014942646026611328,3.309604759568138,2.597813122113302,0.3063964545726776,1.1904676055269943,odom,episode_start,odom
135.93713695000042,2026-09-13T11:40:20.365226+00:00,1789299620.35189,0.013335943222045898,3.309610978562496,2.5978637655007577,0.3063947856426239,1.1903464966409327,odom,episode_start,odom
135.9904617960001,2026-09-13T11:40:20.418547+00:00,1789299620.391968,0.026578903198242188,3.309625607016857,2.59782527480291,0.30639615654945374,1.1903617735382324,odom,episode_start,odom
136.0510433999998,2026-09-13T11:40:20.479129+00:00,1789299620.4484515,0.03067755699157715,3.309565699563453,2.597785101200737,0.30639559030532837,1.190585328723878,odom,episode_start,odom
136.1117709959999,2026-09-13T11:40:20.539859+00:00,1789299620.5154347,0.024424314498901367,3.309477299273129,2.5977058888376265,0.30639660358428955,1.1903329704661472,odom,episode_start,odom
136.16817262200038,2026-09-13T11:40:20.596262+00:00,1789299620.5891507,0.007111310958862305,3.3094387956702627,2.5976729843945736,0.3063974976539612,1.1900841972395104,odom,episode_start,odom
136.22063537099984,2026-09-13T11:40:20.648724+00:00,1789299620.6217587,0.02696537971496582,3.309436804436367,2.597601580021587,0.30639952421188354,1.1903363567763234,odom,episode_start,odom
136.29466918599974,2026-09-13T11:40:20.722759+00:00,1789299620.6950402,0.027718782424926758,3.3093885411183903,2.597560346923061,0.30640116333961487,1.1905076070642433,odom,episode_start,odom
136.3455894159997,2026-09-13T11:40:20.773680+00:00,1789299620.755147,0.018532991409301758,3.309365427560627,2.5975456080816937,0.3064008355140686,1.1901064369705483,odom,episode_start,odom
136.39711272000022,2026-09-13T11:40:20.825067+00:00,1789299620.7955487,0.02951836585998535,3.309377966604759,2.597578580623269,0.30640095472335815,1.1901068157755923,odom,episode_start,odom
136.4494075880002,2026-09-13T11:40:20.877499+00:00,1789299620.8651826,0.012316465377807617,3.3093745057951796,2.5975578748312413,0.3064013123512268,1.1903080778975736,odom,episode_start,odom
136.5017362819999,2026-09-13T11:40:20.929824+00:00,1789299620.9049761,0.024847984313964844,3.309349711913656,2.5975068029002832,0.30640265345573425,1.190208867863305,odom,episode_start,odom
136.5726051190004,2026-09-13T11:40:21.000690+00:00,1789299620.9650507,0.035639286041259766,3.309306833433988,2.5975153615618547,0.30640339851379395,1.1901638889596284,odom,episode_start,odom
136.63790135399995,2026-09-13T11:40:21.065991+00:00,1789299621.045603,0.020387887954711914,3.3092815723934104,2.597489844010794,0.30640357732772827,1.189980829659302,odom,episode_start,odom
136.69271719300014,2026-09-13T11:40:21.120805+00:00,1789299621.085054,0.0357511043548584,3.3092913485869677,2.5974510332702314,0.30640363693237305,1.190196684672716,odom,episode_start,odom
136.74727858700044,2026-09-13T11:40:21.175368+00:00,1789299621.1583574,0.01701068878173828,3.3091915966071808,2.5973641838576493,0.30640390515327454,1.190367562876017,odom,episode_start,odom
136.81183119599973,2026-09-13T11:40:21.239919+00:00,1789299621.2017884,0.03813052177429199,3.309152116397722,2.597392975593042,0.3064037263393402,1.1902278018007286,odom,episode_start,odom
136.87109758899987,2026-09-13T11:40:21.299185+00:00,1789299621.255055,0.04413008689880371,3.309183423506281,2.597453286673268,0.30640071630477905,1.190137254679335,odom,episode_start,odom
136.92444352300026,2026-09-13T11:40:21.352533+00:00,1789299621.3349116,0.017621517181396484,3.3092067540656194,2.597440580261912,0.30640074610710144,1.1904555950394689,odom,episode_start,odom
136.9831730220003,2026-09-13T11:40:21.411263+00:00,1789299621.3916898,0.019573211669921875,3.309159327583762,2.5973511372521987,0.30640140175819397,1.1903099149775727,odom,episode_start,odom
137.05756915799975,2026-09-13T11:40:21.484768+00:00,1789299621.431739,0.05302882194519043,3.309155167921822,2.597397862796464,0.30640241503715515,1.190178984955198,odom,episode_start,odom
137.114446906,2026-09-13T11:40:21.542529+00:00,1789299621.51533,0.02719902992248535,3.3092230149961037,2.597423518231777,0.30640286207199097,1.1901417305410857,odom,episode_start,odom
137.17387455599965,2026-09-13T11:40:21.601964+00:00,1789299621.5755203,0.0264437198638916,3.3092041981906823,2.5973976291174314,0.30640316009521484,1.1903165023536855,odom,episode_start,odom
137.22885866100023,2026-09-13T11:40:21.656933+00:00,1789299621.6392891,0.01764392852783203,3.309154855224973,2.597395499205432,0.30640220642089844,1.1902243384410367,odom,episode_start,odom
137.28828631099987,2026-09-13T11:40:21.716377+00:00,1789299621.6988192,0.017557859420776367,3.309131567847476,2.597381264351956,0.3064032793045044,1.1899597447295744,odom,episode_start,odom
137.35108787799982,2026-09-13T11:40:21.779169+00:00,1789299621.7350526,0.04411649703979492,3.3091557657187676,2.597398745693507,0.3064028322696686,1.190043407463533,odom,episode_start,odom
137.41091206300007,2026-09-13T11:40:21.839000+00:00,1789299621.8285897,0.010410308837890625,3.3091460171219618,2.5974414007190907,0.3064011037349701,1.1903385004889755,odom,episode_start,odom
137.46612430799996,2026-09-13T11:40:21.894214+00:00,1789299621.8716729,0.022541046142578125,3.3091288383518167,2.597462432112986,0.30639973282814026,1.1903178310903892,odom,episode_start,odom
137.5310658999997,2026-09-13T11:40:21.959145+00:00,1789299621.9382806,0.020864486694335938,3.3091207304703576,2.597502946108265,0.30639883875846863,1.1901210818041248,odom,episode_start,odom
137.58894895100002,2026-09-13T11:40:22.017035+00:00,1789299621.9715734,0.04546165466308594,3.3091285009372977,2.597530777616007,0.3063989579677582,1.1902262534628127,odom,episode_start,odom
137.64039067999965,2026-09-13T11:40:22.068380+00:00,1789299622.0382612,0.030118942260742188,3.3091139330365817,2.5974788338068047,0.30639803409576416,1.1903876478664803,odom,episode_start,odom
137.7161835979996,2026-09-13T11:40:22.144270+00:00,1789299622.108287,0.03598284721374512,3.3090877634879345,2.597540976992925,0.30639681220054626,1.190228715611382,odom,episode_start,odom
137.78242615599993,2026-09-13T11:40:22.210515+00:00,1789299622.1485043,0.062010765075683594,3.3090923491128126,2.59758654555885,0.3063964545726776,1.1901048382530093,odom,episode_start,odom
137.8444081560001,2026-09-13T11:40:22.272496+00:00,1789299622.2382126,0.03428339958190918,3.309129680052743,2.597579682806128,0.3063965141773224,1.1902006904153708,odom,episode_start,odom
137.90348724100022,2026-09-13T11:40:22.331577+00:00,1789299622.2856078,0.045969247817993164,3.3085260668524903,2.5983088784374733,0.30767586827278137,1.1823973015084055,odom,episode_start,odom
137.9610846429996,2026-09-13T11:40:22.389174+00:00,1789299622.3449817,0.04419231414794922,3.3077322631895667,2.597624107701138,0.30855727195739746,1.155163320339898,odom,episode_start,odom
138.01225317300032,2026-09-13T11:40:22.440329+00:00,1789299622.4319367,0.008392333984375,3.3075546461209977,2.5970141395063013,0.31012678146362305,1.1218135799825693,odom,episode_start,odom
138.08401773700007,2026-09-13T11:40:22.512100+00:00,1789299622.4582584,0.053841590881347656,3.30760407793145,2.596789710432471,0.3105895519256592,1.112134130416073,odom,episode_start,odom
138.1454584590001,2026-09-13T11:40:22.573544+00:00,1789299622.5350187,0.03852534294128418,3.3077971974134686,2.5963788866433926,0.31175893545150757,1.0866008127245999,odom,episode_start,odom
138.19918437999968,2026-09-13T11:40:22.627269+00:00,1789299622.5881782,0.039090871810913086,3.308171433984028,2.596389981125834,0.3138863444328308,1.07086326729066,odom,episode_start,odom
138.2736068209997,2026-09-13T11:40:22.701694+00:00,1789299622.6449165,0.0567774772644043,3.308341039658071,2.596419489879244,0.3149257004261017,1.0541559543993695,odom,episode_start,odom
138.34079455200026,2026-09-13T11:40:22.768882+00:00,1789299622.711672,0.05720996856689453,3.3086709283722886,2.596613456521836,0.31561967730522156,1.0336875044465523,odom,episode_start,odom
138.40734963999967,2026-09-13T11:40:22.835319+00:00,1789299622.7949176,0.040401458740234375,3.308838259499053,2.5965403339038837,0.3144834041595459,1.008612931683722,odom,episode_start,odom
138.4594294210001,2026-09-13T11:40:22.887517+00:00,1789299622.8481088,0.039408206939697266,3.3091027342172357,2.5964543594454454,0.3155365586280823,0.9934929758113371,odom,episode_start,odom
138.5248891199999,2026-09-13T11:40:22.952982+00:00,1789299622.928143,0.024838924407958984,3.309060675002873,2.5963545865204267,0.3164180815219879,0.9722554411999138,odom,episode_start,odom
138.5766834770002,2026-09-13T11:40:23.004774+00:00,1789299622.9816344,0.02313971519470215,3.3089112996230745,2.5963089335765446,0.3166927099227905,0.958717583808578,odom,episode_start,odom
138.62891513700015,2026-09-13T11:40:23.057003+00:00,1789299623.034838,0.02216506004333496,3.308696024823026,2.5960887409999276,0.31693804264068604,0.943453780127165,odom,episode_start,odom
138.67967625100027,2026-09-13T11:40:23.107772+00:00,1789299623.0948634,0.012908697128295898,3.3083068856173035,2.596044986672759,0.3172825872898102,0.9258715803777731,odom,episode_start,odom
138.73290691199963,2026-09-13T11:40:23.160991+00:00,1789299623.1348505,0.026140451431274414,3.308039027121634,2.595972681436085,0.31743481755256653,0.9126575504107131,odom,episode_start,odom
138.79205659200034,2026-09-13T11:40:23.220141+00:00,1789299623.2082524,0.011888504028320312,3.3059278090394946,2.5952880820428086,0.31713616847991943,0.8864178046940395,odom,episode_start,odom
138.8462842680001,2026-09-13T11:40:23.274372+00:00,1789299623.2148118,0.059560298919677734,3.3056812845091263,2.5952297890988842,0.3170815110206604,0.8842778225269727,odom,episode_start,odom
138.89903093300018,2026-09-13T11:40:23.327122+00:00,1789299623.3180573,0.009064674377441406,3.301928412879377,2.5937542169010452,0.3166518211364746,0.8477547688945458,odom,episode_start,odom
138.96160576500006,2026-09-13T11:40:23.389692+00:00,1789299623.3581057,0.031586408615112305,3.300597491543996,2.5934959585015354,0.31661486625671387,0.8331786358822092,odom,episode_start,odom
139.0193955599998,2026-09-13T11:40:23.447485+00:00,1789299623.4247663,0.02271866798400879,3.299189608466772,2.5928486585773016,0.3163219392299652,0.8079848825201648,odom,episode_start,odom
139.08839900800012,2026-09-13T11:40:23.516489+00:00,1789299623.4814942,0.03499484062194824,3.2979770989733344,2.5929037331318154,0.31582602858543396,0.786963028699013,odom,episode_start,odom
139.14049942899965,2026-09-13T11:40:23.568579+00:00,1789299623.5549703,0.013608694076538086,3.29760366886476,2.593400459508371,0.31421780586242676,0.7557478873567237,odom,episode_start,odom
139.19973573700008,2026-09-13T11:40:23.627826+00:00,1789299623.598318,0.029507875442504883,3.297935582167788,2.593818781567119,0.31374579668045044,0.738595148920406,odom,episode_start,odom
139.25198816699958,2026-09-13T11:40:23.679947+00:00,1789299623.6713583,0.008588552474975586,3.298228526796319,2.5949550892222475,0.31399857997894287,0.706921602081226,odom,episode_start,odom
139.30815230400003,2026-09-13T11:40:23.736239+00:00,1789299623.7047381,0.031500816345214844,3.2977189712161015,2.5954063336950783,0.3138730525970459,0.6922751860585621,odom,episode_start,odom
139.36328249399958,2026-09-13T11:40:23.791290+00:00,1789299623.7580976,0.03319239616394043,3.298831618537371,2.5942274055545766,0.3131452202796936,0.6686147192091838,odom,episode_start,odom
139.41712659699988,2026-09-13T11:40:23.845213+00:00,1789299623.8314126,0.013800382614135742,3.297839283651714,2.5937598537984,0.3123810589313507,0.6372165294501605,odom,episode_start,odom
139.47723242600023,2026-09-13T11:40:23.905321+00:00,1789299623.8842514,0.02106952667236328,3.2971081484175118,2.596021045057283,0.3122914135456085,0.6399022527768906,odom,episode_start,odom
139.53310563499963,2026-09-13T11:40:23.961195+00:00,1789299623.9451518,0.01604318618774414,3.294536867132407,2.5989085524087803,0.3121338188648224,0.6465870282963955,odom,episode_start,odom
139.58442636400014,2026-09-13T11:40:24.012516+00:00,1789299623.9947941,0.017721891403198242,3.2930364500190397,2.6000449880283076,0.3118954300880432,0.650530827676456,odom,episode_start,odom
139.6421745560001,2026-09-13T11:40:24.070264+00:00,1789299624.0499578,0.02030634880065918,3.2920544601428268,2.600960843622135,0.31200796365737915,0.6552749977470582,odom,episode_start,odom
139.69815631300025,2026-09-13T11:40:24.126232+00:00,1789299624.1064482,0.019783735275268555,3.2920025046226717,2.6016988250398767,0.3120092451572418,0.6598406178065588,odom,episode_start,odom
139.75593970699992,2026-09-13T11:40:24.184027+00:00,1789299624.1414125,0.04261445999145508,3.2919881179892534,2.602273589825228,0.31181034445762634,0.662790840631624,odom,episode_start,odom
139.81807745700007,2026-09-13T11:40:24.246162+00:00,1789299624.2046163,0.04154562950134277,3.2917727218872894,2.6032558932960312,0.31162720918655396,0.6667384449943595,odom,episode_start,odom
139.87510253599976,2026-09-13T11:40:24.303192+00:00,1789299624.2647555,0.0384364128112793,3.291259154756524,2.6043512357821315,0.3114848732948303,0.6713002165959432,odom,episode_start,odom
139.92821062799976,2026-09-13T11:40:24.356300+00:00,1789299624.3281248,0.02817535400390625,3.290738236271226,2.6052546730410944,0.31142178177833557,0.676029384067119,odom,episode_start,odom
139.9861378380001,2026-09-13T11:40:24.414225+00:00,1789299624.397576,0.01664900779724121,3.290363206347097,2.6060228905569076,0.3113156259059906,0.6801885355086202,odom,episode_start,odom
140.05728210800044,2026-09-13T11:40:24.485336+00:00,1789299624.4621413,0.02319478988647461,3.2901981134363005,2.6064819536406394,0.31127575039863586,0.6833801076190054,odom,episode_start,odom
140.11272124300012,2026-09-13T11:40:24.540815+00:00,1789299624.5022547,0.03856039047241211,3.290185176623016,2.6067313760267536,0.3112366795539856,0.684829747630464,odom,episode_start,odom
140.16658352099967,2026-09-13T11:40:24.594675+00:00,1789299624.5586479,0.03602719306945801,3.2900811349404293,2.607035659634355,0.31117093563079834,0.6870523925122831,odom,episode_start,odom
140.21770039799958,2026-09-13T11:40:24.645788+00:00,1789299624.6330535,0.012734413146972656,3.289905678958424,2.6074600193250426,0.3111242949962616,0.689373052529458,odom,episode_start,odom
140.2757698559999,2026-09-13T11:40:24.702856+00:00,1789299624.6846,0.018255949020385742,3.289780135943312,2.6077599326221326,0.3110712468624115,0.6912103171277804,odom,episode_start,odom
140.3339665530002,2026-09-13T11:40:24.762025+00:00,1789299624.7270448,0.03498029708862305,3.289702697812522,2.6079471825381666,0.31103429198265076,0.6923646033792932,odom,episode_start,odom
140.3860242820001,2026-09-13T11:40:24.814117+00:00,1789299624.8047047,0.009412288665771484,3.2897129860363754,2.6083339819771707,0.3110157549381256,0.6941665504979488,odom,episode_start,odom
140.4401349589998,2026-09-13T11:40:24.868222+00:00,1789299624.854691,0.013530969619750977,3.289711796399658,2.608604937858852,0.3109893500804901,0.6952773571136824,odom,episode_start,odom
140.49319092000042,2026-09-13T11:40:24.921283+00:00,1789299624.894625,0.026658058166503906,3.289722581860377,2.6087973507468134,0.31100282073020935,0.6960708880626928,odom,episode_start,odom
140.54417937400012,2026-09-13T11:40:24.972270+00:00,1789299624.9585543,0.013715744018554688,3.2897240896557824,2.609065063813353,0.31095942854881287,0.6974979065543486,odom,episode_start,odom
140.59676542000034,2026-09-13T11:40:25.024857+00:00,1789299625.011471,0.013386011123657227,3.289723127939934,2.6092359432057477,0.3109716475009918,0.698679109083829,odom,episode_start,odom
140.64853353200033,2026-09-13T11:40:25.076622+00:00,1789299625.058702,0.01792001724243164,3.289775353474816,2.60940892491339,0.3109428882598877,0.6993783646813986,odom,episode_start,odom
140.7147664539998,2026-09-13T11:40:25.142850+00:00,1789299625.1158626,0.026987314224243164,3.289859047032972,2.6096234377246743,0.31089937686920166,0.7005016097325573,odom,episode_start,odom
140.77919098599978,2026-09-13T11:40:25.206516+00:00,1789299625.1564097,0.05010628700256348,3.289960095861078,2.6097673536156263,0.310901403427124,0.7013646511225169,odom,episode_start,odom
140.836050807,2026-09-13T11:40:25.264142+00:00,1789299625.2047012,0.05944085121154785,3.2900863026886205,2.609914194065719,0.31087353825569153,0.7022332930340127,odom,episode_start,odom
140.89694870899984,2026-09-13T11:40:25.325042+00:00,1789299625.28822,0.03682208061218262,3.290308627759994,2.6101113282780757,0.3108413815498352,0.7036795044505946,odom,episode_start,odom
140.9749612659998,2026-09-13T11:40:25.403050+00:00,1789299625.3685791,0.03447079658508301,3.2904896320777812,2.6101797323490166,0.31083187460899353,0.704603954147761,odom,episode_start,odom
141.03390216299977,2026-09-13T11:40:25.461980+00:00,1789299625.431293,0.03068709373474121,3.290581624708933,2.6102897339349136,0.3108137547969818,0.7047875710167767,odom,episode_start,odom
141.08504790400002,2026-09-13T11:40:25.513141+00:00,1789299625.4845834,0.028557538986206055,3.290661149074546,2.610343665999423,0.3107799291610718,0.7053004205154282,odom,episode_start,odom
141.14447017200018,2026-09-13T11:40:25.572561+00:00,1789299625.53138,0.041181087493896484,3.2906801499246487,2.610436388653116,0.3107302486896515,0.7060748133341563,odom,episode_start,odom
141.19817637699998,2026-09-13T11:40:25.626266+00:00,1789299625.5912795,0.03498649597167969,3.290693244477242,2.610480831510385,0.3107334077358246,0.7066086708828342,odom,episode_start,odom
141.26504152600046,2026-09-13T11:40:25.693128+00:00,1789299625.6546774,0.03845071792602539,3.2908395122460807,2.610530262526986,0.3107428252696991,0.7068490741952375,odom,episode_start,odom
141.31742154400035,2026-09-13T11:40:25.745507+00:00,1789299625.7113147,0.03419232368469238,3.2909330828541985,2.610514035446752,0.3107345998287201,0.7072308155798567,odom,episode_start,odom
141.3698754220004,2026-09-13T11:40:25.797964+00:00,1789299625.7893903,0.008573770523071289,3.291907743117152,2.609771825669322,0.3115111291408539,0.6978864932116365,odom,episode_start,odom
141.42566814400016,2026-09-13T11:40:25.853755+00:00,1789299625.8366396,0.017115354537963867,3.2928870702119206,2.6103882818738047,0.31160303950309753,0.676482754961359,odom,episode_start,odom
141.477556326,2026-09-13T11:40:25.905647+00:00,1789299625.8678696,0.03777742385864258,3.2930230324868006,2.610748835127899,0.31165218353271484,0.6667070284848277,odom,episode_start,odom
141.53291516700028,2026-09-13T11:40:25.961004+00:00,1789299625.9382353,0.022768735885620117,3.292676086711145,2.611911117568903,0.3123931288719177,0.6463862209945994,odom,episode_start,odom
141.59145588200045,2026-09-13T11:40:26.019546+00:00,1789299626.0084093,0.011136770248413086,3.2923460358969163,2.6132847252990583,0.31266748905181885,0.6243134025946562,odom,episode_start,odom
141.65325309800028,2026-09-13T11:40:26.081342+00:00,1789299626.0700653,0.011276721954345703,3.2919562136273175,2.6145464736268895,0.3129883408546448,0.6074358891049554,odom,episode_start,odom
141.70764330699967,2026-09-13T11:40:26.135728+00:00,1789299626.10113,0.03459787368774414,3.291879034888285,2.6153301193058303,0.3132215738296509,0.5948605025450772,odom,episode_start,odom
141.76077600600001,2026-09-13T11:40:26.188868+00:00,1789299626.1479414,0.04092669486999512,3.2917277290316322,2.616391484350472,0.3135228753089905,0.5796052712233605,odom,episode_start,odom
141.82115359,2026-09-13T11:40:26.249243+00:00,1789299626.2011905,0.04805254936218262,3.29181055379183,2.617366560453113,0.3138164281845093,0.5620679746738103,odom,episode_start,odom
141.8750185230001,2026-09-13T11:40:26.303105+00:00,1789299626.277846,0.025259017944335938,3.291762824546133,2.6188745319295874,0.3140939474105835,0.5343293713126192,odom,episode_start,odom
141.92771471699962,2026-09-13T11:40:26.355810+00:00,1789299626.3285701,0.02723979949951172,3.291534133368447,2.6197926983998103,0.31440550088882446,0.5167720933856323,odom,episode_start,odom
141.9785803779996,2026-09-13T11:40:26.406671+00:00,1789299626.3913887,0.015282392501831055,3.2910763638581226,2.619935509728541,0.3148031234741211,0.49554111127963163,odom,episode_start,odom
142.05052433699984,2026-09-13T11:40:26.478613+00:00,1789299626.4534295,0.025183439254760742,3.2902932674297602,2.6188390362775347,0.3150213360786438,0.471919250520328,odom,episode_start,odom
142.11174129600022,2026-09-13T11:40:26.539828+00:00,1789299626.4977727,0.042055368423461914,3.2907100610398103,2.6168358779849297,0.31502565741539,0.45062626205382306,odom,episode_start,odom
142.18013648099986,2026-09-13T11:40:26.608224+00:00,1789299626.578461,0.029762983322143555,3.2927238541853336,2.613012041641809,0.3146655559539795,0.4107232139092367,odom,episode_start,odom
142.23640151499967,2026-09-13T11:40:26.664493+00:00,1789299626.6211522,0.04334092140197754,3.292088393758524,2.6146602973607025,0.3139711916446686,0.38574958379584623,odom,episode_start,odom
142.2920548989996,2026-09-13T11:40:26.720141+00:00,1789299626.7077773,0.012363672256469727,3.29097523727727,2.613197684798829,0.31367024779319763,0.3405502432054994,odom,episode_start,odom
142.3482067750001,2026-09-13T11:40:26.776294+00:00,1789299626.761416,0.014878034591674805,3.2903281255594083,2.6126873468816494,0.31300437450408936,0.31643848034697886,odom,episode_start,odom
142.40111501400042,2026-09-13T11:40:26.829204+00:00,1789299626.8177905,0.01141357421875,3.290003832135252,2.613017402268745,0.3123592138290405,0.28735906377849263,odom,episode_start,odom
142.45761516499988,2026-09-13T11:40:26.885704+00:00,1789299626.8643696,0.021334409713745117,3.2892531369646725,2.614094573992029,0.31208428740501404,0.2569168623000275,odom,episode_start,odom
142.52462467199985,2026-09-13T11:40:26.952712+00:00,1789299626.934681,0.01803112030029297,3.2891678015988024,2.613774941139612,0.3100873827934265,0.21644477743772628,odom,episode_start,odom
142.5864674579998,2026-09-13T11:40:27.014552+00:00,1789299627.0010796,0.013472557067871094,3.2880701758264808,2.612300654065983,0.3083876073360443,0.1809328080699122,odom,episode_start,odom
142.63850601499962,2026-09-13T11:40:27.066595+00:00,1789299627.0578783,0.008716821670532227,3.288491471979215,2.611863972034222,0.3090035915374756,0.16307245673374915,odom,episode_start,odom
142.69099998900037,2026-09-13T11:40:27.119088+00:00,1789299627.1011407,0.01794719696044922,3.2889674807532847,2.6129024690105918,0.3084176480770111,0.16320154112680596,odom,episode_start,odom
142.742651132,2026-09-13T11:40:27.170711+00:00,1789299627.1612513,0.009459733963012695,3.2896614694017163,2.6137635012975595,0.3083999454975128,0.17928695535388406,odom,episode_start,odom
142.79922203800015,2026-09-13T11:40:27.227312+00:00,1789299627.21114,0.016172170639038086,3.2895253041270336,2.6147011723072593,0.3083280324935913,0.1851127560666761,odom,episode_start,odom
142.8774816770001,2026-09-13T11:40:27.305568+00:00,1789299627.26779,0.03777790069580078,3.2894553714149612,2.6148051796442613,0.30821430683135986,0.18681363270493678,odom,episode_start,odom
142.93824808200043,2026-09-13T11:40:27.366332+00:00,1789299627.3388076,0.027524471282958984,3.2888206067580352,2.615042593779228,0.3082755208015442,0.1891819235159975,odom,episode_start,odom
142.99996285900033,2026-09-13T11:40:27.428062+00:00,1789299627.4077835,0.020278453826904297,3.287979251437202,2.614778248113427,0.3081371486186981,0.19161827873095238,odom,episode_start,odom
143.06005418600034,2026-09-13T11:40:27.488143+00:00,1789299627.474466,0.013676881790161133,3.2872240981971594,2.6144928783000925,0.308084100484848,0.19249300672257696,odom,episode_start,odom
143.11145021100037,2026-09-13T11:40:27.539496+00:00,1789299627.5310695,0.008426427841186523,3.2867529461550626,2.614518174086469,0.30802416801452637,0.19308845219009707,odom,episode_start,odom
143.16782277000038,2026-09-13T11:40:27.595914+00:00,1789299627.5876906,0.008223295211791992,3.2863494849383295,2.6146297509714533,0.30796825885772705,0.19394826662367737,odom,episode_start,odom
143.22202423199997,2026-09-13T11:40:27.650115+00:00,1789299627.6443472,0.005767822265625,3.285954005630958,2.614716222270928,0.30795255303382874,0.19513134529258935,odom,episode_start,odom
143.28064421199997,2026-09-13T11:40:27.708721+00:00,1789299627.685871,0.02285003662109375,3.285816447511974,2.6148089746066026,0.307917982339859,0.19566277082055672,odom,episode_start,odom
143.3643598360004,2026-09-13T11:40:27.792450+00:00,1789299627.7554924,0.036957502365112305,3.285509823443308,2.614790859136795,0.3079541027545929,0.19636741110689424,odom,episode_start,odom
143.41688789199998,2026-09-13T11:40:27.844978+00:00,1789299627.8310747,0.013903379440307617,3.285369255889698,2.6147445219327783,0.3079332411289215,0.19667830642863682,odom,episode_start,odom
143.46819981600038,2026-09-13T11:40:27.896288+00:00,1789299627.8778045,0.018483400344848633,3.2852320452111696,2.614712651375051,0.30791762471199036,0.196918294243654,odom,episode_start,odom
143.52258314400024,2026-09-13T11:40:27.950673+00:00,1789299627.9350672,0.015605926513671875,3.2850660852847446,2.614754328106834,0.3079014718532562,0.19712811343928036,odom,episode_start,odom
143.57418666800004,2026-09-13T11:40:28.002277+00:00,1789299627.980969,0.021307945251464844,3.2849579449891966,2.61475131907023,0.3079061806201935,0.19721721725215377,odom,episode_start,odom
143.63932598799965,2026-09-13T11:40:28.067416+00:00,1789299628.0478768,0.01953911781311035,3.2847866801356354,2.6146801835179048,0.3079116940498352,0.1974850743841743,odom,episode_start,odom
143.69337150299998,2026-09-13T11:40:28.121460+00:00,1789299628.1040213,0.017438650131225586,3.2846254950399003,2.6146125243602483,0.3079051077365875,0.19759356596286645,odom,episode_start,odom
143.74793986399982,2026-09-13T11:40:28.176029+00:00,1789299628.1342757,0.041753292083740234,3.284551189038729,2.614601672191892,0.30791011452674866,0.19775839158468989,odom,episode_start,odom
143.80017145500005,2026-09-13T11:40:28.228259+00:00,1789299628.2112541,0.017004966735839844,3.284433313745741,2.6145196254057623,0.30789685249328613,0.1977195474440847,odom,episode_start,odom
143.85931696700027,2026-09-13T11:40:28.287409+00:00,1789299628.2645593,0.02284979820251465,3.283502046173102,2.614748166893122,0.3085445463657379,0.19510487248185024,odom,episode_start,odom
143.915730103,2026-09-13T11:40:28.343820+00:00,1789299628.3275774,0.01624274253845215,3.2847694048741722,2.6141769463975657,0.309227854013443,0.16947752307790176,odom,episode_start,odom
143.98223442699964,2026-09-13T11:40:28.410321+00:00,1789299628.390905,0.019416093826293945,3.2845199979780273,2.615216658526559,0.3105953633785248,0.14968569860126113,odom,episode_start,odom
144.04394065900033,2026-09-13T11:40:28.472030+00:00,1789299628.4275463,0.04448366165161133,3.2843980321166755,2.615825376431528,0.3112746775150299,0.14019190067922138,odom,episode_start,odom
144.10127323800043,2026-09-13T11:40:28.529363+00:00,1789299628.4944751,0.03488779067993164,3.2840278761946253,2.616959465033591,0.31218573451042175,0.12331909739951574,odom,episode_start,odom
144.1566482039998,2026-09-13T11:40:28.584740+00:00,1789299628.5511997,0.03354024887084961,3.2829029458421797,2.6177456047468293,0.31279605627059937,0.10671176496462431,odom,episode_start,odom
144.20762519599975,2026-09-13T11:40:28.635722+00:00,1789299628.597585,0.038136959075927734,3.28176266326633,2.6185847606706414,0.3130979835987091,0.09032947042795046,odom,episode_start,odom
144.26232831699963,2026-09-13T11:40:28.690418+00:00,1789299628.669841,0.020576953887939453,3.281117181454989,2.621069825295882,0.3137635886669159,0.05830207539822862,odom,episode_start,odom
144.32028656300008,2026-09-13T11:40:28.748376+00:00,1789299628.7378068,0.010569095611572266,3.2793841471810268,2.6232201831987587,0.31405651569366455,0.03057000454540026,odom,episode_start,odom
144.37364916099978,2026-09-13T11:40:28.801740+00:00,1789299628.7915506,0.010189294815063477,3.278473466285428,2.625434903042305,0.3142303228378296,0.010463156373220928,odom,episode_start,odom
144.43312422800045,2026-09-13T11:40:28.861215+00:00,1789299628.8480146,0.013200521469116211,3.277897739492289,2.627123836351264,0.3143818974494934,-0.011079113183610323,odom,episode_start,odom
144.50550100800046,2026-09-13T11:40:28.933588+00:00,1789299628.8975267,0.03606128692626953,3.2776322234477937,2.6282017540780074,0.31436094641685486,-0.03121041509496347,odom,episode_start,odom
144.55702202999964,2026-09-13T11:40:28.985112+00:00,1789299628.9710395,0.014072418212890625,3.277349978721113,2.630096685412866,0.31458580493927,-0.06014509366647092,odom,episode_start,odom
144.61279048899996,2026-09-13T11:40:29.040874+00:00,1789299629.0263045,0.014569520950317383,3.2776480125621985,2.630458884642943,0.31441277265548706,-0.08049895919750516,odom,episode_start,odom
144.66427528500026,2026-09-13T11:40:29.092366+00:00,1789299629.0743945,0.017971515655517578,3.278469293638695,2.6305551339183033,0.3138163387775421,-0.09905475420004062,odom,episode_start,odom
144.72239881899986,2026-09-13T11:40:29.150486+00:00,1789299629.1217222,0.028763771057128906,3.279469334466198,2.6309591372387597,0.3139019310474396,-0.11707618955572041,odom,episode_start,odom
144.77468049100025,2026-09-13T11:40:29.202770+00:00,1789299629.1749268,0.027843236923217773,3.280883891685172,2.631596896335677,0.3141974210739136,-0.13822953295106433,odom,episode_start,odom
144.83384241899967,2026-09-13T11:40:29.261929+00:00,1789299629.2483397,0.01358938217163086,3.282350356581049,2.6326270115439163,0.3143153786659241,-0.16837691523707732,odom,episode_start,odom
144.90203016299984,2026-09-13T11:40:29.315383+00:00,1789299629.2975123,0.017870664596557617,3.2825472626779106,2.63352638999515,0.31486281752586365,-0.18910231780972397,odom,episode_start,odom
144.9544486750001,2026-09-13T11:40:29.382531+00:00,1789299629.3576443,0.024886608123779297,3.282882386924978,2.632431086423118,0.31418493390083313,-0.21602531122094626,odom,episode_start,odom
145.01076209199982,2026-09-13T11:40:29.438851+00:00,1789299629.417607,0.021244049072265625,3.2825901561456354,2.6331162010308664,0.313226580619812,-0.24577051994515875,odom,episode_start,odom
145.0627834300003,2026-09-13T11:40:29.490873+00:00,1789299629.457466,0.03340721130371094,3.2828888100246623,2.63472649247104,0.3128037750720978,-0.263865290577429,odom,episode_start,odom
145.1234803870002,2026-09-13T11:40:29.551571+00:00,1789299629.514983,0.03658795356750488,3.2836170578468096,2.63785519856689,0.31161725521087646,-0.2896783080413865,odom,episode_start,odom
145.18655181400027,2026-09-13T11:40:29.614641+00:00,1789299629.5776718,0.03696918487548828,3.2845073858680243,2.6400639688250025,0.31072500348091125,-0.3144701568244064,odom,episode_start,odom
145.24005438600034,2026-09-13T11:40:29.668143+00:00,1789299629.6542356,0.013907432556152344,3.288242132791495,2.6406790392259563,0.3106812834739685,-0.3430756923300875,odom,episode_start,odom
145.29437130800034,2026-09-13T11:40:29.722461+00:00,1789299629.7054415,0.01701951026916504,3.288687539067531,2.6417389005439555,0.31067171692848206,-0.33732808747442466,odom,episode_start,odom
145.372066207,2026-09-13T11:40:29.800155+00:00,1789299629.7441044,0.05605053901672363,3.289021150066123,2.642130062450077,0.31137678027153015,-0.32704528400910493,odom,episode_start,odom
145.42457291499977,2026-09-13T11:40:29.852659+00:00,1789299629.8240983,0.028560638427734375,3.2903252348694054,2.643461597459433,0.3118317425251007,-0.31831746154180207,odom,episode_start,odom
145.4773041159997,2026-09-13T11:40:29.905393+00:00,1789299629.8445,0.06089282035827637,3.2904787934391337,2.64379336821022,0.311870276927948,-0.3169116556763775,odom,episode_start,odom
145.53229595599987,2026-09-13T11:40:29.960385+00:00,1789299629.9223442,0.038040876388549805,3.2910504030665972,2.6445546718463784,0.31206971406936646,-0.30991019921458274,odom,episode_start,odom
145.59128469000007,2026-09-13T11:40:30.019375+00:00,1789299630.0075295,0.011845588684082031,3.2915242427138907,2.644706025552861,0.3121407628059387,-0.3053353811380388,odom,episode_start,odom
145.642803662,2026-09-13T11:40:30.070896+00:00,1789299630.06092,0.009975910186767578,3.291881350148655,2.644720348158712,0.31211984157562256,-0.3032691382979771,odom,episode_start,odom
145.70104829000047,2026-09-13T11:40:30.129133+00:00,1789299630.0877256,0.04140734672546387,3.2919793298818467,2.6447992551708395,0.3120969533920288,-0.3020860116827846,odom,episode_start,odom
145.76766231300007,2026-09-13T11:40:30.195750+00:00,1789299630.1628892,0.032860755920410156,3.2922655871628996,2.6451687843126925,0.3120177686214447,-0.29828718169227875,odom,episode_start,odom
145.8220994000003,2026-09-13T11:40:30.250186+00:00,1789299630.2308333,0.01935267448425293,3.292497364515364,2.645784574029059,0.31193846464157104,-0.29505017422345214,odom,episode_start,odom
145.88335638700028,2026-09-13T11:40:30.311450+00:00,1789299630.2841647,0.027285337448120117,3.2926316473598405,2.6460924403473802,0.31115958094596863,-0.29229972709121305,odom,episode_start,odom
145.93720435399973,2026-09-13T11:40:30.365293+00:00,1789299630.3474212,0.017871856689453125,3.2927794605467735,2.6463571513251605,0.3109384775161743,-0.28943310337623007,odom,episode_start,odom
145.9882058889998,2026-09-13T11:40:30.416304+00:00,1789299630.407566,0.008738040924072266,3.292895375280711,2.6465698063200183,0.31112587451934814,-0.2875284861958578,odom,episode_start,odom
146.0421925190003,2026-09-13T11:40:30.470284+00:00,1789299630.4440958,0.026188135147094727,3.2929212619139974,2.6467236659707623,0.3112829029560089,-0.2863403473423358,odom,episode_start,odom
146.10266063000017,2026-09-13T11:40:30.530750+00:00,1789299630.4976263,0.03312373161315918,3.2930242761659603,2.646902434257316,0.3110315501689911,-0.28470698695369756,odom,episode_start,odom
146.1540709889996,2026-09-13T11:40:30.582163+00:00,1789299630.5739791,0.008183956146240234,3.293082594922115,2.647265082679803,0.31101226806640625,-0.2818315528802,odom,episode_start,odom
146.21153144399977,2026-09-13T11:40:30.639619+00:00,1789299630.6258194,0.013799667358398438,3.293095634679227,2.647549066802269,0.31106072664260864,-0.2798034866547259,odom,episode_start,odom
146.27715952400013,2026-09-13T11:40:30.705249+00:00,1789299630.684273,0.02097606658935547,3.293101125636769,2.6478196198509805,0.31119588017463684,-0.2774833757506243,odom,episode_start,odom
146.32941501700043,2026-09-13T11:40:30.757507+00:00,1789299630.7341454,0.023361682891845703,3.2931966950236595,2.6479911962095173,0.3113248944282532,-0.2753965531524689,odom,episode_start,odom
146.38668583100025,2026-09-13T11:40:30.814774+00:00,1789299630.800734,0.014039993286132812,3.2932518376723103,2.648084428310748,0.31145331263542175,-0.27306117203948205,odom,episode_start,odom
146.43758710400016,2026-09-13T11:40:30.865677+00:00,1789299630.8252919,0.04038524627685547,3.293257890192802,2.64812835983426,0.3114793300628662,-0.27238655661296685,odom,episode_start,odom
146.4953362160004,2026-09-13T11:40:30.923421+00:00,1789299630.9083064,0.015114545822143555,3.2933923824939755,2.648292381834074,0.31154313683509827,-0.2687311990511061,odom,episode_start,odom
146.546579973,2026-09-13T11:40:30.974672+00:00,1789299630.9678957,0.006776332855224609,3.2934717626223313,2.648441569396752,0.3115963339805603,-0.2671184732083966,odom,episode_start,odom
146.60216022700024,2026-09-13T11:40:31.030250+00:00,1789299630.9974592,0.0327908992767334,3.2935188332254985,2.6485555900802655,0.3116016685962677,-0.2661981457099454,odom,episode_start,odom
146.65447428300013,2026-09-13T11:40:31.082562+00:00,1789299631.040902,0.04166007041931152,3.2935200327908403,2.6487391703248635,0.3116011619567871,-0.26484327823090803,odom,episode_start,odom
146.70604432900018,2026-09-13T11:40:31.134037+00:00,1789299631.1259756,0.008061408996582031,3.2935835966148317,2.6491650967747065,0.31160542368888855,-0.261633064091918,odom,episode_start,odom
146.7604053140003,2026-09-13T11:40:31.188493+00:00,1789299631.1773865,0.011106491088867188,3.2937173873835732,2.6494456116493597,0.31155338883399963,-0.2588879649372935,odom,episode_start,odom
146.81179790999977,2026-09-13T11:40:31.239889+00:00,1789299631.2139318,0.025957107543945312,3.293746576790806,2.649713510447789,0.3115350604057312,-0.2570561797492074,odom,episode_start,odom
146.87282483499985,2026-09-13T11:40:31.300911+00:00,1789299631.2641213,0.036789655685424805,3.293784327639186,2.6500370336461505,0.3115195035934448,-0.2545937034852257,odom,episode_start,odom
146.9322900420002,2026-09-13T11:40:31.360383+00:00,1789299631.3320425,0.028340578079223633,3.293971437388919,2.65045334918443,0.31153205037117004,-0.2519720069695104,odom,episode_start,odom
146.9980573920002,2026-09-13T11:40:31.426143+00:00,1789299631.408565,0.0175778865814209,3.2940702857254425,2.6507933199385225,0.3115611970424652,-0.2496218003131132,odom,episode_start,odom
147.05439099999967,2026-09-13T11:40:31.482479+00:00,1789299631.4751976,0.00728154182434082,3.2941454280673983,2.651019545877113,0.31153231859207153,-0.24774310369210828,odom,episode_start,odom
147.11031444000037,2026-09-13T11:40:31.538296+00:00,1789299631.5273573,0.010938644409179688,3.29420241662032,2.6511721767780614,0.3114925026893616,-0.24610474048828324,odom,episode_start,odom
147.1616298480003,2026-09-13T11:40:31.589719+00:00,1789299631.5608377,0.028881311416625977,3.294304474317565,2.651300086462298,0.3114607334136963,-0.2446986842235921,odom,episode_start,odom
147.2248955539999,2026-09-13T11:40:31.652980+00:00,1789299631.634131,0.01884913444519043,3.2944059030476844,2.651488684349199,0.31141629815101624,-0.2419795445049162,odom,episode_start,odom
147.2816264639996,2026-09-13T11:40:31.709714+00:00,1789299631.6939657,0.015748262405395508,3.2943962906479234,2.651583268492252,0.3113480508327484,-0.2400520310627723,odom,episode_start,odom
147.33631540399983,2026-09-13T11:40:31.764404+00:00,1789299631.7515788,0.012825250625610352,3.2943576374476584,2.651743742624458,0.3113049864768982,-0.23807598494918333,odom,episode_start,odom
147.40077186500002,2026-09-13T11:40:31.828855+00:00,1789299631.8105693,0.018285751342773438,3.2943578032271796,2.6518904232522043,0.3112448453903198,-0.23631916035554457,odom,episode_start,odom
147.45249446300022,2026-09-13T11:40:31.880588+00:00,1789299631.8641615,0.016426563262939453,3.2944013155387797,2.651986636992299,0.3112073540687561,-0.23483161317623713,odom,episode_start,odom
147.51760776100036,2026-09-13T11:40:31.945698+00:00,1789299631.9108,0.03489804267883301,3.294441959278594,2.6520375359968806,0.3111761510372162,-0.2336212059181388,odom,episode_start,odom
147.57104978299958,2026-09-13T11:40:31.999140+00:00,1789299631.950767,0.04837298393249512,3.2944388325091167,2.65213751500418,0.31114625930786133,-0.23222230543465838,odom,episode_start,odom
147.64404185500007,2026-09-13T11:40:32.072129+00:00,1789299632.0481868,0.023942232131958008,3.294528862595493,2.6522872175735484,0.3111019730567932,-0.22968582569272056,odom,episode_start,odom
147.70342276700012,2026-09-13T11:40:32.131512+00:00,1789299632.1106305,0.02088141441345215,3.2945968347485146,2.6523138184452746,0.3110567033290863,-0.22814833265401124,odom,episode_start,odom
147.7596155020001,2026-09-13T11:40:32.187707+00:00,1789299632.1740203,0.013686656951904297,3.294576232097133,2.6524016797055836,0.31100741028785706,-0.22613603772118318,odom,episode_start,odom
147.81279485199957,2026-09-13T11:40:32.240891+00:00,1789299632.229974,0.010916948318481445,3.2944890240262845,2.652513263438907,0.3109830915927887,-0.22477807203469946,odom,episode_start,odom
147.86470200300027,2026-09-13T11:40:32.292771+00:00,1789299632.2655294,0.02724170684814453,3.294447795593554,2.6526033724435947,0.3109593689441681,-0.22434650214626561,odom,episode_start,odom
147.91639451900028,2026-09-13T11:40:32.344483+00:00,1789299632.3316343,0.012848615646362305,3.294465799387168,2.652623116221257,0.3109362721443176,-0.22296027675422625,odom,episode_start,odom
147.96874659100013,2026-09-13T11:40:32.396845+00:00,1789299632.3774064,0.019438743591308594,3.2945801678096545,2.6526368451011173,0.31094834208488464,-0.2221360783614772,odom,episode_start,odom
148.0200865429997,2026-09-13T11:40:32.448175+00:00,1789299632.417808,0.030366897583007812,3.294696368338035,2.652708050638184,0.3109722137451172,-0.2212032462731646,odom,episode_start,odom
148.0916315579998,2026-09-13T11:40:32.519715+00:00,1789299632.4738781,0.0458369255065918,3.294844325563214,2.652753891200176,0.31100204586982727,-0.21973613836638917,odom,episode_start,odom
148.14307116300006,2026-09-13T11:40:32.571163+00:00,1789299632.560501,0.010661840438842773,3.2949029584049097,2.6528389656860916,0.3110811114311218,-0.21770220334856183,odom,episode_start,odom
148.20246599599977,2026-09-13T11:40:32.630557+00:00,1789299632.6040921,0.02646493911743164,3.2948963450158155,2.6528816869239784,0.31113776564598083,-0.21684211955366184,odom,episode_start,odom
148.25809191499957,2026-09-13T11:40:32.686177+00:00,1789299632.6608284,0.025348663330078125,3.294901915884531,2.653089219448679,0.31128910183906555,-0.21431184503760892,odom,episode_start,odom
148.311274529,2026-09-13T11:40:32.739365+00:00,1789299632.6941357,0.045229434967041016,3.294951042941034,2.65322605568484,0.31137195229530334,-0.21306000296182012,odom,episode_start,odom
148.36713646099997,2026-09-13T11:40:32.795227+00:00,1789299632.777398,0.017828941345214844,3.2950345867027804,2.6535103321537643,0.31148672103881836,-0.2113077207659464,odom,episode_start,odom
148.41948642199986,2026-09-13T11:40:32.847575+00:00,1789299632.827183,0.02039194107055664,3.295096064092938,2.6535714617054436,0.31155627965927124,-0.21003400556462573,odom,episode_start,odom
148.48656209900037,2026-09-13T11:40:32.914648+00:00,1789299632.8706186,0.04402947425842285,3.295154688496399,2.6535564909717575,0.3116127550601959,-0.20874264387559283,odom,episode_start,odom
148.54689256799975,2026-09-13T11:40:32.974982+00:00,1789299632.9539518,0.021030187606811523,3.2952895473965467,2.6534996891435885,0.3116869032382965,-0.20716783118214077,odom,episode_start,odom
148.6003566700001,2026-09-13T11:40:33.028373+00:00,1789299633.0142636,0.014109373092651367,3.2953704180458177,2.6534692694983626,0.31170913577079773,-0.20628496765759818,odom,episode_start,odom
148.65361765600028,2026-09-13T11:40:33.081700+00:00,1789299633.0540113,0.02768874168395996,3.2954164960592807,2.6534285420749364,0.31172290444374084,-0.20559273020703772,odom,episode_start,odom
148.7173628419996,2026-09-13T11:40:33.145450+00:00,1789299633.1039202,0.04152989387512207,3.2954196864604954,2.6534362968572816,0.31175050139427185,-0.20453122487329178,odom,episode_start,odom
148.7732629510001,2026-09-13T11:40:33.201282+00:00,1789299633.1710563,0.030225753784179688,3.295449355533779,2.653449687429266,0.31176450848579407,-0.2042288580436864,odom,episode_start,odom
148.82607213600022,2026-09-13T11:40:33.254160+00:00,1789299633.2237916,0.030368328094482422,3.295447720377585,2.653477320300099,0.3117557168006897,-0.20395796073642192,odom,episode_start,odom
148.87943978299973,2026-09-13T11:40:33.307528+00:00,1789299633.2903104,0.017217636108398438,3.295376442969557,2.653509356736853,0.31172463297843933,-0.20340641713704666,odom,episode_start,odom
148.94217169700005,2026-09-13T11:40:33.370257+00:00,1789299633.3576748,0.012582063674926758,3.29534224366391,2.653581701086605,0.3117016553878784,-0.20303864713794595,odom,episode_start,odom
148.99360547699962,2026-09-13T11:40:33.421695+00:00,1789299633.3944275,0.0272674560546875,3.294987664410018,2.654117298856874,0.3117663562297821,-0.20294426108248653,odom,episode_start,odom
149.04829182200046,2026-09-13T11:40:33.476382+00:00,1789299633.4537988,0.0225832462310791,3.296426169634743,2.6532382078725356,0.31218579411506653,-0.2262420488610457,odom,episode_start,odom
149.10032259499985,2026-09-13T11:40:33.528414+00:00,1789299633.5138464,0.01456761360168457,3.297335107578669,2.653787979639735,0.3123343884944916,-0.24901017692711847,odom,episode_start,odom
149.15275457500047,2026-09-13T11:40:33.580844+00:00,1789299633.573764,0.0070798397064208984,3.29786549899835,2.654706729807819,0.3133590519428253,-0.2686709791611841,odom,episode_start,odom
149.20500708800046,2026-09-13T11:40:33.633099+00:00,1789299633.6203923,0.012706756591796875,3.2980051346175996,2.655142312832127,0.3137025535106659,-0.2849176442574559,odom,episode_start,odom
149.25705174999985,2026-09-13T11:40:33.685141+00:00,1789299633.6737757,0.011365413665771484,3.297063820443039,2.6553967140503665,0.31421202421188354,-0.3024388176098194,odom,episode_start,odom
149.3342362780004,2026-09-13T11:40:33.762325+00:00,1789299633.727246,0.035079002380371094,3.294781241418428,2.6555091823767114,0.3143075406551361,-0.32453699857138885,odom,episode_start,odom
149.3955134859998,2026-09-13T11:40:33.823596+00:00,1789299633.777039,0.046556949615478516,3.2937205126889704,2.6558625934410296,0.31456810235977173,-0.34776188627765797,odom,episode_start,odom
149.4465146020002,2026-09-13T11:40:33.874597+00:00,1789299633.8637738,0.010823249816894531,3.291707759569611,2.6561731266249056,0.31462034583091736,-0.38680635336258123,odom,episode_start,odom
149.49790028299958,2026-09-13T11:40:33.925992+00:00,1789299633.9038734,0.022118568420410156,3.2915675439276266,2.6570656392475174,0.31432247161865234,-0.4041567190165227,odom,episode_start,odom
149.5556528469997,2026-09-13T11:40:33.983743+00:00,1789299633.963653,0.02008986473083496,3.29073371060127,2.656160098089989,0.31335219740867615,-0.43059838018766516,odom,episode_start,odom
149.61315179600024,2026-09-13T11:40:34.041243+00:00,1789299634.0175161,0.023726940155029297,3.2916171431053027,2.65683156819145,0.31395962834358215,-0.45504106860825355,odom,episode_start,odom
149.66491122499974,2026-09-13T11:40:34.093000+00:00,1789299634.0773056,0.015694379806518555,3.2934726176613784,2.657986261521354,0.31419482827186584,-0.4625451067828119,odom,episode_start,odom
149.72340853399965,2026-09-13T11:40:34.151497+00:00,1789299634.135743,0.015753984451293945,3.2952146312106696,2.6589323041627804,0.31395113468170166,-0.449917920432118,odom,episode_start,odom
149.781901714,2026-09-13T11:40:34.209993+00:00,1789299634.1976337,0.012359142303466797,3.294175839298507,2.657299202036958,0.31422150135040283,-0.4440957625951481,odom,episode_start,odom
149.83823602099983,2026-09-13T11:40:34.266325+00:00,1789299634.2338133,0.03251171112060547,3.2936697004526705,2.6578144474128305,0.31455495953559875,-0.4441174924413427,odom,episode_start,odom
149.89406518099986,2026-09-13T11:40:34.322154+00:00,1789299634.306953,0.015201091766357422,3.293279940129793,2.6598510656569503,0.31453433632850647,-0.4416869884299872,odom,episode_start,odom
149.95330102699972,2026-09-13T11:40:34.381392+00:00,1789299634.3671715,0.014220476150512695,3.2932938019383644,2.6617573270395023,0.31443536281585693,-0.43951871649614316,odom,episode_start,odom
150.02452512400032,2026-09-13T11:40:34.452601+00:00,1789299634.4282782,0.0243227481842041,3.293255650446134,2.6627868873406975,0.31421008706092834,-0.43808251528505826,odom,episode_start,odom
150.07708530200034,2026-09-13T11:40:34.505172+00:00,1789299634.4903371,0.014834880828857422,3.293575094988289,2.66341272355948,0.3140930235385895,-0.432777397548082,odom,episode_start,odom
150.131261601,2026-09-13T11:40:34.559322+00:00,1789299634.5398195,0.019502639770507812,3.293835974588259,2.6638558349334613,0.3142334520816803,-0.4297322327078825,odom,episode_start,odom
150.18853836200014,2026-09-13T11:40:34.616634+00:00,1789299634.601344,0.015289783477783203,3.2941037643927586,2.6646765728094826,0.31422796845436096,-0.4265191749711372,odom,episode_start,odom
150.24642334800046,2026-09-13T11:40:34.674513+00:00,1789299634.6470416,0.027471542358398438,3.294362196023739,2.6652647866352335,0.3141340911388397,-0.42419090323400055,odom,episode_start,odom
150.30231071900016,2026-09-13T11:40:34.730403+00:00,1789299634.7072453,0.023157596588134766,3.2946455143524354,2.665859327856624,0.31406912207603455,-0.42115768503547923,odom,episode_start,odom
150.35332706600002,2026-09-13T11:40:34.781418+00:00,1789299634.7704208,0.010997295379638672,3.294897080252106,2.6662738499045604,0.3140293061733246,-0.41889979847169445,odom,episode_start,odom
150.40888372999962,2026-09-13T11:40:34.836973+00:00,1789299634.8236501,0.013322830200195312,3.295060169324697,2.6664831498110497,0.313912034034729,-0.41711473455449033,odom,episode_start,odom
150.46047435000037,2026-09-13T11:40:34.888569+00:00,1789299634.8738096,0.014759540557861328,3.2951561838330425,2.6666508193451954,0.3138505518436432,-0.41522713998976224,odom,episode_start,odom
150.52405373300007,2026-09-13T11:40:34.952143+00:00,1789299634.9336674,0.01847553253173828,3.295166028523144,2.666885202998607,0.3137935996055603,-0.4130307569881091,odom,episode_start,odom
150.6011707030002,2026-09-13T11:40:35.029260+00:00,1789299634.9969928,0.032267093658447266,3.295292584975878,2.6671219426981727,0.3137318193912506,-0.4111256047680223,odom,episode_start,odom
150.65226014099972,2026-09-13T11:40:35.080346+00:00,1789299635.0642834,0.01606273651123047,3.295495651892815,2.6673552941534666,0.31369268894195557,-0.40925866924021226,odom,episode_start,odom
150.70519550599965,2026-09-13T11:40:35.133288+00:00,1789299635.1056793,0.027608633041381836,3.295599032049405,2.667453207375839,0.3136971592903137,-0.40842612523703076,odom,episode_start,odom
150.76322443499976,2026-09-13T11:40:35.191310+00:00,1789299635.1745088,0.016801118850708008,3.2957864422853134,2.6677136417526564,0.31368350982666016,-0.4062442445328005,odom,episode_start,odom
150.83288377200006,2026-09-13T11:40:35.260977+00:00,1789299635.2283733,0.03260374069213867,3.295980241562874,2.6679660159961465,0.3136765956878662,-0.4040959574960208,odom,episode_start,odom
150.8854294519997,2026-09-13T11:40:35.313521+00:00,1789299635.2768836,0.036637306213378906,3.2962247412081083,2.6681871521229565,0.3136146664619446,-0.40291993300245044,odom,episode_start,odom
150.952332027,2026-09-13T11:40:35.380422+00:00,1789299635.3436823,0.03673982620239258,3.296631029106165,2.6683787072273746,0.3134978711605072,-0.40106766010190764,odom,episode_start,odom
151.0038456809998,2026-09-13T11:40:35.431941+00:00,1789299635.4239347,0.00800633430480957,3.297176834293565,2.668626839314993,0.3134554326534271,-0.39840797276050655,odom,episode_start,odom
151.055475053,2026-09-13T11:40:35.483569+00:00,1789299635.450241,0.03332781791687012,3.297365221830411,2.6686856087495623,0.31345605850219727,-0.3974611309413505,odom,episode_start,odom
151.12144352799987,2026-09-13T11:40:35.549529+00:00,1789299635.5196722,0.02985692024230957,3.2978052915094116,2.66881257061364,0.3133789002895355,-0.39652441588307386,odom,episode_start,odom
151.1733371070004,2026-09-13T11:40:35.601431+00:00,1789299635.5735207,0.027910232543945312,3.298198448819889,2.668855793356166,0.31335991621017456,-0.39569096214262434,odom,episode_start,odom
151.23980407399995,2026-09-13T11:40:35.667893+00:00,1789299635.6336691,0.03422379493713379,3.2985749617244404,2.668936811517605,0.3133011758327484,-0.3942808052281934,odom,episode_start,odom
151.29634946500028,2026-09-13T11:40:35.724441+00:00,1789299635.7136679,0.010773181915283203,3.2990432518462716,2.6689989539076815,0.3132581412792206,-0.3930904459242679,odom,episode_start,odom
151.36634581199996,2026-09-13T11:40:35.794436+00:00,1789299635.7744904,0.019945621490478516,3.2992737471394635,2.669032431925346,0.31322181224823,-0.39267381660622247,odom,episode_start,odom
151.42434923600013,2026-09-13T11:40:35.852440+00:00,1789299635.83324,0.01920008659362793,3.2995544562837464,2.6690328122231897,0.3132220506668091,-0.3918077521212906,odom,episode_start,odom
151.4774916839997,2026-09-13T11:40:35.905579+00:00,1789299635.8805153,0.025063753128051758,3.299673732160539,2.669054549715807,0.31325000524520874,-0.39088702219876237,odom,episode_start,odom
151.52907279800002,2026-09-13T11:40:35.957135+00:00,1789299635.9501348,0.0070002079010009766,3.3000036758692497,2.6691325900108223,0.3132420480251312,-0.38987531491620847,odom,episode_start,odom
151.58614772199962,2026-09-13T11:40:36.014238+00:00,1789299636.000408,0.013830184936523438,3.3002149083422085,2.6691604395847133,0.3132394552230835,-0.389267157431203,odom,episode_start,odom
151.6399484780004,2026-09-13T11:40:36.068039+00:00,1789299636.060235,0.007803916931152344,3.3004651658772346,2.6692196816379843,0.31320321559906006,-0.38837693616203905,odom,episode_start,odom
151.6969752699997,2026-09-13T11:40:36.125069+00:00,1789299636.10696,0.018108844757080078,3.300640908648738,2.669271947077604,0.3127267062664032,-0.3878549826093922,odom,episode_start,odom
151.76024093700016,2026-09-13T11:40:36.188278+00:00,1789299636.1702497,0.01802825927734375,3.300882006251324,2.669414650597701,0.31248947978019714,-0.3870399769326991,odom,episode_start,odom
151.82131345800008,2026-09-13T11:40:36.249402+00:00,1789299636.2241087,0.025293350219726562,3.3010052018575267,2.6694551092004657,0.31246042251586914,-0.3867171479852327,odom,episode_start,odom
151.87514714400004,2026-09-13T11:40:36.303237+00:00,1789299636.2831092,0.02012777328491211,3.3011759672894865,2.6695061091609578,0.31246286630630493,-0.3859575440324523,odom,episode_start,odom
151.9275483020001,2026-09-13T11:40:36.355638+00:00,1789299636.3303947,0.025243282318115234,3.3016270288078107,2.6694834712977955,0.313134104013443,-0.3765346233419433,odom,episode_start,odom
152.00199171199984,2026-09-13T11:40:36.430093+00:00,1789299636.3968616,0.033231496810913086,3.302096571702762,2.669645975277256,0.31331107020378113,-0.34527781799608337,odom,episode_start,odom
152.05774556800043,2026-09-13T11:40:36.485827+00:00,1789299636.4467556,0.03907132148742676,3.302844281568122,2.6702786440692505,0.3132084906101227,-0.3242576824492642,odom,episode_start,odom
152.11640704300044,2026-09-13T11:40:36.544495+00:00,1789299636.5001745,0.04432058334350586,3.3027274722305733,2.671935242339306,0.31291908025741577,-0.3056756043032687,odom,episode_start,odom
152.17068913799994,2026-09-13T11:40:36.598779+00:00,1789299636.5601504,0.038628578186035156,3.3042576366477667,2.6725615548453376,0.31216567754745483,-0.3078981145845921,odom,episode_start,odom
152.22182344199973,2026-09-13T11:40:36.649915+00:00,1789299636.6220882,0.027826786041259766,3.3048646917997897,2.6727073092925013,0.31200388073921204,-0.3119373343930043,odom,episode_start,odom
152.27333443800035,2026-09-13T11:40:36.701426+00:00,1789299636.6771023,0.024323701858520508,3.3051792167742775,2.672656078629372,0.3118617832660675,-0.3133448440938824,odom,episode_start,odom
152.33263530899967,2026-09-13T11:40:36.760719+00:00,1789299636.7502582,0.010460853576660156,3.3051487143366036,2.671991054149567,0.31186622381210327,-0.31641750401405977,odom,episode_start,odom
152.3935049390002,2026-09-13T11:40:36.821595+00:00,1789299636.7968373,0.02475762367248535,3.3052672992022365,2.67180942344522,0.31186264753341675,-0.31856610459506557,odom,episode_start,odom
152.44598792499983,2026-09-13T11:40:36.874077+00:00,1789299636.843324,0.030753135681152344,3.3053551860735726,2.6717429631563667,0.3119014501571655,-0.3201923421825299,odom,episode_start,odom
152.52810385799967,2026-09-13T11:40:36.956191+00:00,1789299636.9234862,0.032704830169677734,3.3056676922174133,2.6716164838352294,0.3118963837623596,-0.32216921525455827,odom,episode_start,odom
152.5824878149997,2026-09-13T11:40:37.010478+00:00,1789299636.980875,0.029603004455566406,3.305684427453807,2.6714430366557416,0.31189632415771484,-0.32317958203287955,odom,episode_start,odom
152.64107766800043,2026-09-13T11:40:37.069164+00:00,1789299637.0536854,0.01547861099243164,3.3056409434333047,2.671210698436867,0.31189408898353577,-0.3246254105235351,odom,episode_start,odom
152.71382747799998,2026-09-13T11:40:37.141914+00:00,1789299637.100007,0.04190683364868164,3.305656304789288,2.6711177586820933,0.31189578771591187,-0.32521988986469297,odom,episode_start,odom
152.77305973500006,2026-09-13T11:40:37.201142+00:00,1789299637.183369,0.017773151397705078,3.305670621440157,2.671060550547032,0.3119136095046997,-0.3253269485892347,odom,episode_start,odom
152.82543871500002,2026-09-13T11:40:37.253534+00:00,1789299637.2400897,0.01344442367553711,3.305719581823782,2.671067060001629,0.31189215183258057,-0.3253437829609498,odom,episode_start,odom
152.8797837559996,2026-09-13T11:40:37.307873+00:00,1789299637.2934556,0.014417409896850586,3.305760691829293,2.6711087584724944,0.31186196208000183,-0.32513052553129884,odom,episode_start,odom
152.93499665400032,2026-09-13T11:40:37.363086+00:00,1789299637.3496213,0.013464689254760742,3.30574424596077,2.6710753408094643,0.3118532598018646,-0.32518646399183604,odom,episode_start,odom
152.99380325499988,2026-09-13T11:40:37.421895+00:00,1789299637.387282,0.03461313247680664,3.3056874525708357,2.6710405271289197,0.3118460774421692,-0.32516898228589874,odom,episode_start,odom
153.06766755900026,2026-09-13T11:40:37.495758+00:00,1789299637.4545145,0.041243553161621094,3.305638241136375,2.671048480647679,0.3118523955345154,-0.3247844085230416,odom,episode_start,odom
153.12959145399964,2026-09-13T11:40:37.557688+00:00,1789299637.5099607,0.047727346420288086,3.305626058169944,2.6711145453499223,0.31184494495391846,-0.32461543070761634,odom,episode_start,odom
153.19379989200024,2026-09-13T11:40:37.621105+00:00,1789299637.5841954,0.03690958023071289,3.305735506233104,2.6711019896283332,0.3118082284927368,-0.3247083596442706,odom,episode_start,odom
153.24439851700026,2026-09-13T11:40:37.672489+00:00,1789299637.6474183,0.025070667266845703,3.30662518244478,2.670608152072256,0.31182539463043213,-0.32447315881873556,odom,episode_start,odom
153.30472459500015,2026-09-13T11:40:37.732814+00:00,1789299637.7068496,0.02596449851989746,3.3091990403598115,2.6698015562225565,0.3107767701148987,-0.3233678374315523,odom,episode_start,odom
153.35770859999957,2026-09-13T11:40:37.785798+00:00,1789299637.7736688,0.01212930679321289,3.315952926784863,2.6686256925887544,0.3094196915626526,-0.321566379703238,odom,episode_start,odom
153.427701265,2026-09-13T11:40:37.855789+00:00,1789299637.834463,0.021326065063476562,3.325173373127357,2.6671283195146502,0.30842459201812744,-0.318369025880892,odom,episode_start,odom
153.48122434000015,2026-09-13T11:40:37.909317+00:00,1789299637.8935711,0.015745878219604492,3.336315071436761,2.664866918361583,0.30715373158454895,-0.31596493950553306,odom,episode_start,odom
153.5493784700002,2026-09-13T11:40:37.976936+00:00,1789299637.9435663,0.03336977958679199,3.347279636315096,2.661922855237746,0.30630579590797424,-0.3140095799274252,odom,episode_start,odom
153.60188756800017,2026-09-13T11:40:38.029977+00:00,1789299638.0232863,0.0066907405853271484,3.3654158445364684,2.6566178101360647,0.3052299916744232,-0.3146968560561494,odom,episode_start,odom
153.65864167000018,2026-09-13T11:40:38.086733+00:00,1789299638.053441,0.03329205513000488,3.3722096551956797,2.6541567449201007,0.3043711483478546,-0.31411858669881926,odom,episode_start,odom
153.72582768099983,2026-09-13T11:40:38.153916+00:00,1789299638.134941,0.018974781036376953,3.3890429464250538,2.650830197253332,0.30341535806655884,-0.31589321258852215,odom,episode_start,odom
153.79204806899997,2026-09-13T11:40:38.220133+00:00,1789299638.1933072,0.026825904846191406,3.4195158815079303,2.6440527251260715,0.3002075254917145,-0.3148923090693139,odom,episode_start,odom
153.84673968900006,2026-09-13T11:40:38.274830+00:00,1789299638.2602878,0.014542341232299805,3.4431567176496722,2.641488346596584,0.3042661249637604,-0.32377938419708685,odom,episode_start,odom
153.8997545430002,2026-09-13T11:40:38.327846+00:00,1789299638.3134177,0.014428377151489258,3.457804963373804,2.638249820021241,0.3067067563533783,-0.3231421819614735,odom,episode_start,odom
153.95664948400008,2026-09-13T11:40:38.384739+00:00,1789299638.3667717,0.01796722412109375,3.4753475245859526,2.6328294730745156,0.30684199929237366,-0.3220045862935961,odom,episode_start,odom
154.00882201999957,2026-09-13T11:40:38.436911+00:00,1789299638.4232504,0.013660669326782227,3.495380210343167,2.6250806864783502,0.305569052696228,-0.3213531839447574,odom,episode_start,odom
154.06192267000006,2026-09-13T11:40:38.490011+00:00,1789299638.473533,0.01647806167602539,3.507418030085687,2.620652666892137,0.30415332317352295,-0.3216117405521585,odom,episode_start,odom
154.12891660599962,2026-09-13T11:40:38.557009+00:00,1789299638.5373712,0.0196378231048584,3.516916165899736,2.615513521196123,0.30663228034973145,-0.3176304584865557,odom,episode_start,odom
154.19507212700046,2026-09-13T11:40:38.623164+00:00,1789299638.606983,0.016180992126464844,3.5228069007444045,2.6142503145879994,0.3071649372577667,-0.31066375493129295,odom,episode_start,odom
154.25816859800034,2026-09-13T11:40:38.686248+00:00,1789299638.6698117,0.016436338424682617,3.5234879875221696,2.615357397694267,0.3065459728240967,-0.30774031532034796,odom,episode_start,odom
154.31042347400034,2026-09-13T11:40:38.738513+00:00,1789299638.7132883,0.025224685668945312,3.521525204946954,2.6158893101150817,0.30666184425354004,-0.30415038812385786,odom,episode_start,odom
154.36313696700017,2026-09-13T11:40:38.791227+00:00,1789299638.773251,0.017976045608520508,3.519284103225558,2.6168279262714482,0.30715304613113403,-0.30169532406181987,odom,episode_start,odom
154.4161743499999,2026-09-13T11:40:38.844262+00:00,1789299638.8180985,0.026163339614868164,3.5178751999662636,2.617167275906194,0.307075172662735,-0.30317355118760836,odom,episode_start,odom
154.49808550000034,2026-09-13T11:40:38.926170+00:00,1789299638.8898385,0.0363316535949707,3.516892011316368,2.617248768974961,0.30673983693122864,-0.3038056857710729,odom,episode_start,odom
154.54975375100003,2026-09-13T11:40:38.977844+00:00,1789299638.9398057,0.03803825378417969,3.5168869060190038,2.6171720046803464,0.30724114179611206,-0.3038455590674183,odom,episode_start,odom
154.62405007600046,2026-09-13T11:40:39.052138+00:00,1789299639.0065663,0.04557180404663086,3.517169506929469,2.617155780974529,0.30779653787612915,-0.3037169482014268,odom,episode_start,odom
154.6747803219996,2026-09-13T11:40:39.102868+00:00,1789299639.069908,0.03296017646789551,3.517081720220192,2.6171702808762283,0.30791449546813965,-0.3033953424092968,odom,episode_start,odom
154.74369145000037,2026-09-13T11:40:39.171782+00:00,1789299639.1398919,0.031890153884887695,3.5168899786873453,2.617171598174443,0.30795085430145264,-0.30370329040748967,odom,episode_start,odom
154.7944153919998,2026-09-13T11:40:39.222505+00:00,1789299639.2010858,0.021419286727905273,3.517048525812235,2.6170448045687538,0.30798670649528503,-0.30396567564271754,odom,episode_start,odom
154.85858811300022,2026-09-13T11:40:39.286670+00:00,1789299639.2665703,0.020099639892578125,3.518365237796891,2.6148869960448335,0.30735793709754944,-0.3041593111958347,odom,episode_start,odom
154.92084405599962,2026-09-13T11:40:39.348930+00:00,1789299639.333494,0.015435934066772461,3.523394782513586,2.613389484407478,0.3066776990890503,-0.3017297583328973,odom,episode_start,odom
154.97942683400015,2026-09-13T11:40:39.407511+00:00,1789299639.3730872,0.034423828125,3.5280819529804175,2.61233985828264,0.30626535415649414,-0.3003173293564838,odom,episode_start,odom
155.03735940000024,2026-09-13T11:40:39.465448+00:00,1789299639.4290488,0.036399126052856445,3.5336351109388486,2.611129970060666,0.3060988187789917,-0.29898620819631216,odom,episode_start,odom
155.10315701200034,2026-09-13T11:40:39.531248+00:00,1789299639.4965189,0.0347292423248291,3.5505352625038924,2.606167381012818,0.30666017532348633,-0.2932570504402541,odom,episode_start,odom
155.16680762400028,2026-09-13T11:40:39.594899+00:00,1789299639.566473,0.028425931930541992,3.562362025384286,2.602823542123399,0.30725109577178955,-0.2939023096216016,odom,episode_start,odom
155.25776410799972,2026-09-13T11:40:39.685855+00:00,1789299639.626703,0.05915188789367676,3.573726205412005,2.6009458793546343,0.30709218978881836,-0.29673943688732596,odom,episode_start,odom
155.3132663309998,2026-09-13T11:40:39.741355+00:00,1789299639.7066436,0.034711360931396484,3.597075985604536,2.5947399369677813,0.30461540818214417,-0.29895008836392534,odom,episode_start,odom
155.36415383300027,2026-09-13T11:40:39.792243+00:00,1789299639.7665637,0.025679349899291992,3.620285499326666,2.5887026209683084,0.3011152148246765,-0.29955205919626593,odom,episode_start,odom
155.4284667539996,2026-09-13T11:40:39.856546+00:00,1789299639.8135636,0.04298233985900879,3.635194473655908,2.584090037967928,0.29876232147216797,-0.300644199024507,odom,episode_start,odom
155.48016441399977,2026-09-13T11:40:39.908194+00:00,1789299639.8598208,0.04837322235107422,3.655877058814081,2.5809228177641317,0.3021750748157501,-0.3090495046314737,odom,episode_start,odom
155.54542122699968,2026-09-13T11:40:39.972925+00:00,1789299639.9301398,0.0427851676940918,3.6739115684010746,2.5774431239863285,0.30580031871795654,-0.30780088174986114,odom,episode_start,odom
155.6012164900003,2026-09-13T11:40:40.029307+00:00,1789299639.9965534,0.03275346755981445,3.6952480396694614,2.5719234430666993,0.3058834671974182,-0.30962889869643284,odom,episode_start,odom
155.6521491780004,2026-09-13T11:40:40.080235+00:00,1789299640.0432825,0.03695249557495117,3.708592707061454,2.5677534998210385,0.3054943382740021,-0.31032966202836954,odom,episode_start,odom
155.70375604699984,2026-09-13T11:40:40.131846+00:00,1789299640.0966125,0.035233497619628906,3.7222122828180355,2.562240331661612,0.303716778755188,-0.3087641955846745,odom,episode_start,odom
155.7557086959996,2026-09-13T11:40:40.183722+00:00,1789299640.1463597,0.03736233711242676,3.729853821356902,2.558937449423215,0.30395758152008057,-0.3076683124875679,odom,episode_start,odom
155.80713398700027,2026-09-13T11:40:40.235219+00:00,1789299640.206382,0.028836965560913086,3.73547643552799,2.5552749329688345,0.3054892122745514,-0.301633336171379,odom,episode_start,odom
155.8632730119998,2026-09-13T11:40:40.291356+00:00,1789299640.2469316,0.04442453384399414,3.736392621484601,2.5552359736193506,0.3049502670764923,-0.2989967081641749,odom,episode_start,odom
155.9171884260004,2026-09-13T11:40:40.345278+00:00,1789299640.279731,0.06554698944091797,3.7361154207012106,2.5556584021344535,0.30473896861076355,-0.29819440408381825,odom,episode_start,odom
155.96860056399964,2026-09-13T11:40:40.396693+00:00,1789299640.3802223,0.016470670700073242,3.7328979320358533,2.557642481463459,0.30544313788414,-0.2908923591316235,odom,episode_start,odom
156.02989497999988,2026-09-13T11:40:40.457982+00:00,1789299640.4399893,0.017992734909057617,3.7315789401393924,2.558650539742168,0.3056252598762512,-0.29094851211373896,odom,episode_start,odom
156.09528853600023,2026-09-13T11:40:40.523375+00:00,1789299640.4929664,0.030408620834350586,3.7312127116862555,2.55889812148684,0.30571433901786804,-0.2907820163966566,odom,episode_start,odom
156.15503873800026,2026-09-13T11:40:40.583124+00:00,1789299640.5266616,0.05646228790283203,3.731196828672061,2.5588689582876674,0.30574488639831543,-0.29054431709561523,odom,episode_start,odom
156.2237676470004,2026-09-13T11:40:40.644176+00:00,1789299640.573666,0.0705099105834961,3.7313790226265646,2.558666406476927,0.30577701330184937,-0.2904749244784759,odom,episode_start,odom
156.31678744199962,2026-09-13T11:40:40.744876+00:00,1789299640.6997013,0.045174598693847656,3.731756095205653,2.5579190823712503,0.30593064427375793,-0.28923537020695167,odom,episode_start,odom
156.3698029340003,2026-09-13T11:40:40.797896+00:00,1789299640.7742944,0.023601531982421875,3.7313953956290717,2.557997585460232,0.30631282925605774,-0.25817637566662777,odom,episode_start,odom
156.43584679800006,2026-09-13T11:40:40.863936+00:00,1789299640.839719,0.024216890335083008,3.7319550111952076,2.5579120059913705,0.30663368105888367,-0.2308054979818406,odom,episode_start,odom
156.4871185129996,2026-09-13T11:40:40.915194+00:00,1789299640.9004028,0.014791250228881836,3.7330199789051317,2.558223246056858,0.30699464678764343,-0.20649234859165275,odom,episode_start,odom
156.54286414000035,2026-09-13T11:40:40.970950+00:00,1789299640.9598422,0.011107683181762695,3.7339481934676657,2.5587805684103406,0.3074808418750763,-0.18354626455274659,odom,episode_start,odom
156.6086589329998,2026-09-13T11:40:41.036746+00:00,1789299641.0230405,0.01370549201965332,3.735195109145075,2.559192795160393,0.3081495463848114,-0.1592071662617658,odom,episode_start,odom
156.6599150940001,2026-09-13T11:40:41.088004+00:00,1789299641.0730045,0.014999628067016602,3.7360901996802234,2.5593543143913506,0.3088843524456024,-0.14115937318040747,odom,episode_start,odom
156.7108933190002,2026-09-13T11:40:41.138984+00:00,1789299641.1070554,0.03192853927612305,3.7368553806599945,2.5593228268093453,0.3090645670890808,-0.129470867201948,odom,episode_start,odom
156.76331994500015,2026-09-13T11:40:41.191410+00:00,1789299641.178404,0.013005971908569336,3.738294068841418,2.559548550243857,0.30955395102500916,-0.10721338592685914,odom,episode_start,odom
156.81769787899975,2026-09-13T11:40:41.245784+00:00,1789299641.2363381,0.009445905685424805,3.739517183324321,2.55955363965323,0.30996179580688477,-0.08785035570655197,odom,episode_start,odom
156.87310803000037,2026-09-13T11:40:41.301197+00:00,1789299641.2609549,0.04024219512939453,3.7399758271961407,2.5598209988246117,0.3101731836795807,-0.08042343769754168,odom,episode_start,odom
156.92524823999975,2026-09-13T11:40:41.353323+00:00,1789299641.3331158,0.02020716667175293,3.7413360320463256,2.5605332874762907,0.3103273808956146,-0.05574462090601062,odom,episode_start,odom
156.979471957,2026-09-13T11:40:41.407561+00:00,1789299641.3830574,0.024503707885742188,3.742240361633428,2.561199106996874,0.3104170262813568,-0.03904971316782535,odom,episode_start,odom
157.03691726200032,2026-09-13T11:40:41.465005+00:00,1789299641.4530506,0.011954307556152344,3.7433869537421636,2.561807383249925,0.31044191122055054,-0.01579205466943634,odom,episode_start,odom
157.100611586,2026-09-13T11:40:41.527144+00:00,1789299641.4848902,0.042253732681274414,3.743759642316256,2.562286687744014,0.31046873331069946,-0.005188361362505667,odom,episode_start,odom
157.15779597999972,2026-09-13T11:40:41.585885+00:00,1789299641.5395515,0.04633355140686035,3.744310021514893,2.562792988397922,0.3104061782360077,0.014179653047736496,odom,episode_start,odom
157.2123424350002,2026-09-13T11:40:41.640432+00:00,1789299641.6164944,0.023937463760375977,3.7447458570826195,2.563566001687465,0.3100164234638214,0.041868630206325586,odom,episode_start,odom
157.29102456800047,2026-09-13T11:40:41.719114+00:00,1789299641.662912,0.05620217323303223,3.745054116904513,2.5639273290392985,0.3097041845321655,0.05964368768079842,odom,episode_start,odom
157.3441661449997,2026-09-13T11:40:41.772252+00:00,1789299641.756349,0.015902996063232422,3.7459030156691595,2.5654484708068868,0.30924227833747864,0.09334090525010863,odom,episode_start,odom
157.4013175780001,2026-09-13T11:40:41.829405+00:00,1789299641.8106163,0.018788814544677734,3.746356438797176,2.566479854972561,0.3087150752544403,0.11180856114814719,odom,episode_start,odom
157.46353297099995,2026-09-13T11:40:41.891622+00:00,1789299641.8596876,0.031934499740600586,3.7466550633900497,2.567608196303417,0.30828386545181274,0.12897657216539637,odom,episode_start,odom
157.5151166380001,2026-09-13T11:40:41.943206+00:00,1789299641.9331002,0.01010584831237793,3.747375976234412,2.569863429341814,0.3062553107738495,0.1543636194307878,odom,episode_start,odom
157.5661276970004,2026-09-13T11:40:41.994216+00:00,1789299641.9661984,0.028017520904541016,3.7477759676106843,2.570405498643282,0.30515822768211365,0.1650629520235074,odom,episode_start,odom
157.63685393000014,2026-09-13T11:40:42.064943+00:00,1789299642.0395746,0.025368452072143555,3.7484771263463523,2.570831727562833,0.30386021733283997,0.18649960712811864,odom,episode_start,odom
157.70252096999957,2026-09-13T11:40:42.130602+00:00,1789299642.096615,0.033986806869506836,3.7501227731749647,2.569913207491584,0.30321118235588074,0.2068089935871693,odom,episode_start,odom
157.75444126300044,2026-09-13T11:40:42.182530+00:00,1789299642.1629179,0.01961207389831543,3.7506603647465395,2.5667925962682845,0.30216795206069946,0.23902673079768721,odom,episode_start,odom
157.80604070499976,2026-09-13T11:40:42.234126+00:00,1789299642.2234557,0.01067042350769043,3.748802375706269,2.56445547627049,0.30435141921043396,0.25096879334009925,odom,episode_start,odom
157.8726398609997,2026-09-13T11:40:42.300729+00:00,1789299642.256279,0.04445004463195801,3.7477186497676143,2.5662274892602337,0.3063967823982239,0.2444390766460076,odom,episode_start,odom
157.9315146830004,2026-09-13T11:40:42.359603+00:00,1789299642.3489947,0.010608196258544922,3.746290282771322,2.567439528423596,0.30641835927963257,0.2592598000131974,odom,episode_start,odom
157.9938167370001,2026-09-13T11:40:42.421908+00:00,1789299642.4063947,0.015513181686401367,3.7439484010512523,2.570693986210559,0.3047088086605072,0.27368726888685946,odom,episode_start,odom
158.05071004100046,2026-09-13T11:40:42.478799+00:00,1789299642.4663904,0.012408733367919922,3.7422407779106015,2.572412899407815,0.30200934410095215,0.2810652638717206,odom,episode_start,odom
158.10370949699973,2026-09-13T11:40:42.531261+00:00,1789299642.5162435,0.015017509460449219,3.7420478597433693,2.5721926350597424,0.30143827199935913,0.2778067098152808,odom,episode_start,odom
158.15995348599972,2026-09-13T11:40:42.588037+00:00,1789299642.5530121,0.03502488136291504,3.74257889799293,2.5715783781505834,0.3011857867240906,0.2775850883705262,odom,episode_start,odom
158.2131379120001,2026-09-13T11:40:42.641229+00:00,1789299642.633023,0.008205890655517578,3.743426065698328,2.5706832451257475,0.3010783791542053,0.2803637022248684,odom,episode_start,odom
158.26509510300002,2026-09-13T11:40:42.693186+00:00,1789299642.6767635,0.016422510147094727,3.743454218935993,2.5705761072468296,0.3010692298412323,0.2806283844988797,odom,episode_start,odom
158.31947245999982,2026-09-13T11:40:42.747562+00:00,1789299642.7196677,0.027894258499145508,3.7432502566150165,2.570572307435029,0.30109119415283203,0.28027580607307434,odom,episode_start,odom
158.37207656600003,2026-09-13T11:40:42.800064+00:00,1789299642.7911406,0.008923530578613281,3.7426517573449885,2.5704566855472697,0.30113890767097473,0.28031204488148087,odom,episode_start,odom
158.42613096100013,2026-09-13T11:40:42.854221+00:00,1789299642.8429432,0.011277914047241211,3.742320096384175,2.5702547765042225,0.30115750432014465,0.2805004301111793,odom,episode_start,odom
158.48278783600017,2026-09-13T11:40:42.910880+00:00,1789299642.8891017,0.021778345108032227,3.742201889930166,2.5701265982978403,0.3011623024940491,0.28054334757144894,odom,episode_start,odom
158.53750399599994,2026-09-13T11:40:42.965595+00:00,1789299642.9494069,0.01618814468383789,3.741332363508914,2.571441709385537,0.30072593688964844,0.27853422540914075,odom,episode_start,odom
158.6024017130003,2026-09-13T11:40:43.030407+00:00,1789299642.989934,0.040472984313964844,3.741792656034595,2.570925314476696,0.3000759780406952,0.2639479317833593,odom,episode_start,odom
158.66242661399974,2026-09-13T11:40:43.090510+00:00,1789299643.0532312,0.03727865219116211,3.74213154763629,2.5706019856452773,0.30332303047180176,0.24149170792018107,odom,episode_start,odom
158.7154992249998,2026-09-13T11:40:43.143588+00:00,1789299643.136252,0.007336139678955078,3.741955670158132,2.570852281994865,0.30697959661483765,0.21340970585768892,odom,episode_start,odom
158.76778260799983,2026-09-13T11:40:43.195872+00:00,1789299643.180155,0.015717029571533203,3.7415115772132466,2.5709475897101424,0.3080156147480011,0.20171413859994813,odom,episode_start,odom
158.83005438599957,2026-09-13T11:40:43.258144+00:00,1789299643.2228625,0.03528141975402832,3.740916073579469,2.570969135219564,0.30878257751464844,0.18972774882863752,odom,episode_start,odom
158.88148754600024,2026-09-13T11:40:43.309583+00:00,1789299643.2771885,0.0323944091796875,3.7399989393073634,2.5709336662687132,0.3077597916126251,0.18468183137645044,odom,episode_start,odom
158.93602113500037,2026-09-13T11:40:43.364113+00:00,1789299643.3362856,0.02782750129699707,3.7384899585637275,2.5706547133944917,0.3063797056674957,0.1975337746828003,odom,episode_start,odom
159.0032609,2026-09-13T11:40:43.431351+00:00,1789299643.4094808,0.021870136260986328,3.7386544127777848,2.569925417304764,0.3063448965549469,0.20181027197036694,odom,episode_start,odom
159.06750766799996,2026-09-13T11:40:43.495595+00:00,1789299643.4604118,0.03518319129943848,3.739124185181308,2.569831522184954,0.3064342141151428,0.20211839053123182,odom,episode_start,odom
159.1247602229996,2026-09-13T11:40:43.552848+00:00,1789299643.5127983,0.04004979133605957,3.739883421546535,2.569944156675687,0.3064187169075012,0.20363583756706974,odom,episode_start,odom
159.17772966099983,2026-09-13T11:40:43.605820+00:00,1789299643.5697308,0.036089181900024414,3.7402877153316147,2.5699897540280445,0.306375116109848,0.204489950663018,odom,episode_start,odom
159.230386921,2026-09-13T11:40:43.658471+00:00,1789299643.639798,0.018673181533813477,3.740504719492741,2.5698576316709065,0.3063506782054901,0.20484548174370906,odom,episode_start,odom
159.28463470099996,2026-09-13T11:40:43.712724+00:00,1789299643.7010307,0.011693239212036133,3.7405017543323247,2.5697988619378203,0.30636343359947205,0.20550098485820123,odom,episode_start,odom
159.33813907999956,2026-09-13T11:40:43.766229+00:00,1789299643.7427552,0.023473739624023438,3.7405771722437753,2.569816300891382,0.3063693940639496,0.2057143561906254,odom,episode_start,odom
159.39321458700033,2026-09-13T11:40:43.821303+00:00,1789299643.792811,0.028491973876953125,3.7407126300332365,2.569867643031694,0.3063386380672455,0.20566739831146785,odom,episode_start,odom
159.46020902700002,2026-09-13T11:40:43.888300+00:00,1789299643.8415298,0.04677009582519531,3.7408458464313235,2.5698456899261934,0.30635058879852295,0.20563344039762899,odom,episode_start,odom
159.51287873599995,2026-09-13T11:40:43.940972+00:00,1789299643.9061177,0.03485441207885742,3.740973808628993,2.5698003823375366,0.3063412308692932,0.20609084484886786,odom,episode_start,odom
159.58515490900027,2026-09-13T11:40:44.013241+00:00,1789299643.9664164,0.04682469367980957,3.741018536586359,2.5697858070909536,0.30632489919662476,0.20639950103655205,odom,episode_start,odom
159.64087413000016,2026-09-13T11:40:44.068964+00:00,1789299644.042805,0.026159048080444336,3.7411317470376417,2.5697453370713674,0.30631908774375916,0.20613090745426746,odom,episode_start,odom
159.69572143000005,2026-09-13T11:40:44.123813+00:00,1789299644.1143486,0.009464263916015625,3.741125728566412,2.5697143878272235,0.306304007768631,0.20645619173197316,odom,episode_start,odom
159.75895101999959,2026-09-13T11:40:44.187037+00:00,1789299644.1531498,0.03388714790344238,3.741138136972652,2.5697209230918583,0.30630508065223694,0.2064061424526098,odom,episode_start,odom
159.82574320799995,2026-09-13T11:40:44.253832+00:00,1789299644.237269,0.01656317710876465,3.7411860682362517,2.569732378616313,0.3063076436519623,0.20630130214046605,odom,episode_start,odom
159.88038870499986,2026-09-13T11:40:44.308477+00:00,1789299644.2858777,0.022599220275878906,3.7397384531158444,2.572069599583173,0.30472731590270996,0.19876037348158238,odom,episode_start,odom
159.9411433409996,2026-09-13T11:40:44.369231+00:00,1789299644.3360207,0.03321027755737305,3.740536182160258,2.5711425278025812,0.3067730665206909,0.17855336517384712,odom,episode_start,odom
159.99725397600014,2026-09-13T11:40:44.425339+00:00,1789299644.4070845,0.018254518508911133,3.7397715412055574,2.571850699684414,0.3095162808895111,0.162573897794154,odom,episode_start,odom
160.04853327,2026-09-13T11:40:44.476620+00:00,1789299644.4663994,0.010220527648925781,3.738510196508932,2.5725346386550236,0.3106018602848053,0.14742396156206736,odom,episode_start,odom
160.10315502200046,2026-09-13T11:40:44.531245+00:00,1789299644.5093458,0.02189922332763672,3.7373089033039575,2.573039880812019,0.31115251779556274,0.13839914714724566,odom,episode_start,odom
160.16322238799967,2026-09-13T11:40:44.591312+00:00,1789299644.557027,0.03428483009338379,3.7359023435838203,2.5734914725306792,0.3116370141506195,0.12964662372533423,odom,episode_start,odom
160.21891651999977,2026-09-13T11:40:44.647004+00:00,1789299644.619412,0.027591943740844727,3.7334957767891184,2.5739392418072917,0.3121315538883209,0.11705410763027668,odom,episode_start,odom
160.27213083399965,2026-09-13T11:40:44.700217+00:00,1789299644.6661773,0.03403973579406738,3.731399127306426,2.5743118594103565,0.3125411868095398,0.10683179064553006,odom,episode_start,odom
160.327167552,2026-09-13T11:40:44.755257+00:00,1789299644.7259648,0.02929210662841797,3.7293348164360647,2.5750779790842837,0.31305259466171265,0.08999806566558609,odom,episode_start,odom
160.381173494,2026-09-13T11:40:44.809194+00:00,1789299644.7739134,0.035280704498291016,3.727838355184406,2.575826211801921,0.31329068541526794,0.07699703553378678,odom,episode_start,odom
160.44850059100008,2026-09-13T11:40:44.876588+00:00,1789299644.8394268,0.03716135025024414,3.7234337900948233,2.576777844990032,0.31288838386535645,0.05417942330256297,odom,episode_start,odom
160.50140621599985,2026-09-13T11:40:44.929496+00:00,1789299644.886192,0.0433039665222168,3.720717087000811,2.5772373039676593,0.3126794397830963,0.04039051058341725,odom,episode_start,odom
160.5557155030001,2026-09-13T11:40:44.983705+00:00,1789299644.969628,0.014076948165893555,3.716278110070791,2.5782069575273363,0.3118162155151367,0.01712501730257587,odom,episode_start,odom
160.6078593559996,2026-09-13T11:40:45.035946+00:00,1789299645.0162036,0.019742250442504883,3.7157282739753157,2.5785755094699487,0.31101885437965393,0.0036783010106762326,odom,episode_start,odom
160.65927353700044,2026-09-13T11:40:45.087355+00:00,1789299645.059398,0.02795696258544922,3.7160932953226187,2.5791731903658355,0.3113533854484558,-0.009637059748483614,odom,episode_start,odom
160.71364589800032,2026-09-13T11:40:45.141737+00:00,1789299645.1129372,0.028799772262573242,3.7177718231723778,2.579662993725772,0.3117941617965698,-0.025943823453475234,odom,episode_start,odom
160.7647448609996,2026-09-13T11:40:45.192836+00:00,1789299645.1794004,0.013435602188110352,3.720257443206575,2.5802581383939964,0.3123144805431366,-0.046928348994542464,odom,episode_start,odom
160.82464799300033,2026-09-13T11:40:45.252748+00:00,1789299645.2127595,0.03998851776123047,3.721519850183514,2.5807438314300186,0.3131493628025055,-0.05762473130338197,odom,episode_start,odom
160.87791814899992,2026-09-13T11:40:45.306009+00:00,1789299645.269284,0.03672504425048828,3.7230019088230275,2.581499161163288,0.314340740442276,-0.07350588983458706,odom,episode_start,odom
160.93553308900027,2026-09-13T11:40:45.363624+00:00,1789299645.315935,0.047689199447631836,3.7237886043410517,2.5822483632323863,0.31504395604133606,-0.08748061817375863,odom,episode_start,odom
160.99348763299986,2026-09-13T11:40:45.421578+00:00,1789299645.3858738,0.03570413589477539,3.7240892645393435,2.583017615226174,0.3157370984554291,-0.10794356392365367,odom,episode_start,odom
161.06377146900013,2026-09-13T11:40:45.491859+00:00,1789299645.4631298,0.02872920036315918,3.7235571584547014,2.583581990239114,0.3161683678627014,-0.12856836904034985,odom,episode_start,odom
161.1242104060002,2026-09-13T11:40:45.552301+00:00,1789299645.4992821,0.053018808364868164,3.7229119931038777,2.583837134086397,0.3163164556026459,-0.1373171733285188,odom,episode_start,odom
161.1817306539997,2026-09-13T11:40:45.609828+00:00,1789299645.5865686,0.023259401321411133,3.7203354716069734,2.5845363401129857,0.31655263900756836,-0.16098600842109326,odom,episode_start,odom
161.2328154400002,2026-09-13T11:40:45.660893+00:00,1789299645.6325624,0.028330564498901367,3.7181697381626777,2.5855101984934,0.3164375424385071,-0.1791212365863335,odom,episode_start,odom
161.28433340300035,2026-09-13T11:40:45.712425+00:00,1789299645.6858757,0.026549339294433594,3.7170112613004074,2.5873988810567976,0.31652799248695374,-0.2037709522815856,odom,episode_start,odom
161.3370281990001,2026-09-13T11:40:45.765111+00:00,1789299645.7392628,0.0258481502532959,3.7162607936482908,2.5869835045046137,0.31571707129478455,-0.2262927663884204,odom,episode_start,odom
161.38963601399973,2026-09-13T11:40:45.817721+00:00,1789299645.789533,0.028187990188598633,3.716390681466778,2.5879562022249845,0.3152095675468445,-0.24840723646957796,odom,episode_start,odom
161.44356630200036,2026-09-13T11:40:45.871657+00:00,1789299645.8496778,0.021979093551635742,3.7174765102247855,2.5881579022049706,0.313739150762558,-0.274392136228044,odom,episode_start,odom
161.50119167499997,2026-09-13T11:40:45.929281+00:00,1789299645.9103065,0.01897454261779785,3.719704074363941,2.589049327626203,0.31398290395736694,-0.30182844021203037,odom,episode_start,odom
161.55390186400018,2026-09-13T11:40:45.981992+00:00,1789299645.949319,0.03267312049865723,3.720493078270724,2.5875000445265286,0.3135819733142853,-0.3208435033158725,odom,episode_start,odom
161.6117311199996,2026-09-13T11:40:46.039802+00:00,1789299646.02642,0.0133819580078125,3.721848859304102,2.5881316307895164,0.3137892484664917,-0.33911179228421506,odom,episode_start,odom
161.66709291000006,2026-09-13T11:40:46.095184+00:00,1789299646.0593865,0.0357975959777832,3.7233096602187468,2.589386156607415,0.3141697943210602,-0.33526533158327365,odom,episode_start,odom
161.71966565000002,2026-09-13T11:40:46.147753+00:00,1789299646.1392133,0.008539676666259766,3.7255653787984033,2.5932026175573295,0.3136374354362488,-0.3262748118441461,odom,episode_start,odom
161.77049106100003,2026-09-13T11:40:46.198580+00:00,1789299646.1793063,0.019273757934570312,3.7262492417297843,2.594646989769667,0.3128790259361267,-0.3242918671969961,odom,episode_start,odom
161.8279533519999,2026-09-13T11:40:46.256041+00:00,1789299646.24597,0.010071039199829102,3.727022638899368,2.5961555135748124,0.3122057318687439,-0.3187195847911364,odom,episode_start,odom
161.88222810600018,2026-09-13T11:40:46.310313+00:00,1789299646.300663,0.009649991989135742,3.7276320426543665,2.59670258562784,0.31107816100120544,-0.3150661009205044,odom,episode_start,odom
161.9386743089999,2026-09-13T11:40:46.366764+00:00,1789299646.3560534,0.010710716247558594,3.7285257546433095,2.596902766596803,0.3108017146587372,-0.31259141980712446,odom,episode_start,odom
161.99413239299975,2026-09-13T11:40:46.422213+00:00,1789299646.3957572,0.02645587921142578,3.7291782530835067,2.5969193750650557,0.31074410676956177,-0.31060014183766316,odom,episode_start,odom
162.05968166000002,2026-09-13T11:40:46.487769+00:00,1789299646.4624367,0.025332212448120117,3.730447829851358,2.5973574633327026,0.31071755290031433,-0.3071623835611581,odom,episode_start,odom
162.11416672999985,2026-09-13T11:40:46.542251+00:00,1789299646.509618,0.032633066177368164,3.731222432238364,2.5974190037553724,0.31058239936828613,-0.30544688852198165,odom,episode_start,odom
162.16750514500018,2026-09-13T11:40:46.595564+00:00,1789299646.5627384,0.032825469970703125,3.7319968007473268,2.5973078989915614,0.3104664981365204,-0.30379498547010897,odom,episode_start,odom
162.23529764100022,2026-09-13T11:40:46.663387+00:00,1789299646.6403491,0.02303791046142578,3.733047443664471,2.5971891033734673,0.31032508611679077,-0.30182392215273324,odom,episode_start,odom
162.28702527800033,2026-09-13T11:40:46.715112+00:00,1789299646.686907,0.028204917907714844,3.733654533560101,2.597207871336196,0.31029409170150757,-0.30010860149539376,odom,episode_start,odom
162.33779935799976,2026-09-13T11:40:46.765888+00:00,1789299646.7531223,0.012765645980834961,3.7344174061423434,2.597184385021082,0.3102487623691559,-0.298369613137782,odom,episode_start,odom
162.39288282899997,2026-09-13T11:40:46.820920+00:00,1789299646.802801,0.018119096755981445,3.7349436389880672,2.597111879853928,0.31022539734840393,-0.29742442975692973,odom,episode_start,odom
162.45141500299997,2026-09-13T11:40:46.879504+00:00,1789299646.8590472,0.020456790924072266,3.7354472614700676,2.5971029709701314,0.31020426750183105,-0.29636489164811675,odom,episode_start,odom
162.51419458100008,2026-09-13T11:40:46.942288+00:00,1789299646.926006,0.016281843185424805,3.7359014334784333,2.5971511084133256,0.31017395853996277,-0.2954115134919464,odom,episode_start,odom
162.57271853099974,2026-09-13T11:40:47.000807+00:00,1789299646.9809813,0.01982569694519043,3.736104231574709,2.597215186248953,0.3101346790790558,-0.29497372993887216,odom,episode_start,odom
162.62453375600035,2026-09-13T11:40:47.052626+00:00,1789299647.0324564,0.020169496536254883,3.736214261849725,2.59723429897426,0.31011679768562317,-0.2945896183429113,odom,episode_start,odom
162.68046047200005,2026-09-13T11:40:47.108549+00:00,1789299647.0791671,0.029381990432739258,3.7361868165970016,2.5972340819726853,0.3101308047771454,-0.29432506330162167,odom,episode_start,odom
162.75908976000028,2026-09-13T11:40:47.187176+00:00,1789299647.1515646,0.03561139106750488,3.736193388789979,2.5973092092248864,0.3101116120815277,-0.293902347775997,odom,episode_start,odom
162.81333206300042,2026-09-13T11:40:47.241416+00:00,1789299647.2211227,0.020293235778808594,3.7363002377963612,2.597280643623649,0.3101033866405487,-0.29370754164427315,odom,episode_start,odom
162.87291475799975,2026-09-13T11:40:47.301002+00:00,1789299647.2725587,0.028443336486816406,3.7363219487845947,2.597264784533272,0.31010398268699646,-0.29354637383746796,odom,episode_start,odom
162.92883795499984,2026-09-13T11:40:47.356922+00:00,1789299647.3225117,0.03441023826599121,3.736358606483191,2.597238290176609,0.31012508273124695,-0.2933974103256507,odom,episode_start,odom
163.0180207229996,2026-09-13T11:40:47.446069+00:00,1789299647.3823087,0.06376028060913086,3.7363425957101857,2.597257243079569,0.31012311577796936,-0.29347490076994087,odom,episode_start,odom
163.07167854599993,2026-09-13T11:40:47.499766+00:00,1789299647.4891682,0.010597944259643555,3.7364100012364405,2.5972213899545453,0.31011226773262024,-0.2934234419113091,odom,episode_start,odom
163.13079958300023,2026-09-13T11:40:47.558889+00:00,1789299647.5434432,0.015445709228515625,3.736803168373844,2.59708472038907,0.31011971831321716,-0.2933309567013953,odom,episode_start,odom
163.18682675400032,2026-09-13T11:40:47.614917+00:00,1789299647.6073859,0.007531166076660156,3.7392255076940373,2.596016308737266,0.31023475527763367,-0.2928375826785514,odom,episode_start,odom
163.24054512400016,2026-09-13T11:40:47.668633+00:00,1789299647.6456914,0.02294158935546875,3.7411088541513497,2.594833060513252,0.309846967458725,-0.29305324449463965,odom,episode_start,odom
163.29612727699987,2026-09-13T11:40:47.724215+00:00,1789299647.712502,0.011713027954101562,3.749004664663641,2.593310359595812,0.30827051401138306,-0.29230143198588143,odom,episode_start,odom
163.35031994600013,2026-09-13T11:40:47.778407+00:00,1789299647.7638054,0.014601707458496094,3.7570894410548825,2.5923307105436066,0.3068690299987793,-0.2908627857640209,odom,episode_start,odom
163.4031394499998,2026-09-13T11:40:47.831228+00:00,1789299647.7890441,0.042183876037597656,3.7624289510329225,2.5914073800888615,0.3063132166862488,-0.2900597889859837,odom,episode_start,odom
163.45539204299985,2026-09-13T11:40:47.883480+00:00,1789299647.855705,0.027775049209594727,3.777381749384328,2.588565783733391,0.3049190640449524,-0.2861951574435704,odom,episode_start,odom
163.50961421699958,2026-09-13T11:40:47.937706+00:00,1789299647.9256277,0.012078285217285156,3.7946247534897477,2.5866164643270055,0.3043666481971741,-0.28275284030191616,odom,episode_start,odom
163.57138778599983,2026-09-13T11:40:47.999468+00:00,1789299647.9723768,0.027091264724731445,3.804603587548698,2.5853689207375674,0.3031788468360901,-0.2810327731746163,odom,episode_start,odom
163.6471728180004,2026-09-13T11:40:48.075255+00:00,1789299648.0523763,0.022878646850585938,3.827646693750658,2.581840348652316,0.3018435835838318,-0.2844752161491637,odom,episode_start,odom
163.70262331499998,2026-09-13T11:40:48.130712+00:00,1789299648.0979295,0.032782554626464844,3.8440958062373833,2.578271221698303,0.29982903599739075,-0.2836414906098905,odom,episode_start,odom
163.75735396399978,2026-09-13T11:40:48.185441+00:00,1789299648.1335285,0.051912546157836914,3.8572914247491874,2.5752051531932434,0.29954400658607483,-0.284427032878078,odom,episode_start,odom
163.81147648299975,2026-09-13T11:40:48.239561+00:00,1789299648.1957023,0.04385876655578613,3.8820783523927687,2.5747777097211384,0.30550137162208557,-0.2925671067050224,odom,episode_start,odom
163.86346035600036,2026-09-13T11:40:48.291553+00:00,1789299648.2560425,0.03551054000854492,3.9000126100830386,2.571454614620341,0.3069954514503479,-0.29330078590636544,odom,episode_start,odom
163.91559153300022,2026-09-13T11:40:48.343672+00:00,1789299648.318885,0.024786949157714844,3.920251498473391,2.5671113878631737,0.306154727935791,-0.2929373418064538,odom,episode_start,odom
163.97809544499978,2026-09-13T11:40:48.406183+00:00,1789299648.362343,0.04383993148803711,3.935720278268927,2.5621183521747652,0.30486252903938293,-0.2928192444584541,odom,episode_start,odom
164.0325249890002,2026-09-13T11:40:48.460615+00:00,1789299648.4393752,0.021239757537841797,3.953377160745885,2.5554116189712794,0.3030637800693512,-0.29013517556210777,odom,episode_start,odom
164.0913373049998,2026-09-13T11:40:48.519428+00:00,1789299648.4922357,0.027192354202270508,3.960852514011445,2.5504217580301853,0.3051857352256775,-0.28478030843778823,odom,episode_start,odom
164.1577135589996,2026-09-13T11:40:48.585797+00:00,1789299648.5330493,0.05274772644042969,3.963164701254986,2.5496550714309745,0.30556929111480713,-0.2812432416997612,odom,episode_start,odom
164.21553698800017,2026-09-13T11:40:48.643623+00:00,1789299648.6365895,0.007033586502075195,3.9628910456591324,2.5499534159831847,0.305819034576416,-0.2741073977277366,odom,episode_start,odom
164.27249908799968,2026-09-13T11:40:48.700583+00:00,1789299648.6856167,0.014966249465942383,3.9604863565359127,2.550769857712666,0.30598941445350647,-0.26977417468283593,odom,episode_start,odom
164.3391411169996,2026-09-13T11:40:48.767232+00:00,1789299648.7423692,0.02486276626586914,3.958571966824198,2.55126217943751,0.30626413226127625,-0.2706221104943851,odom,episode_start,odom
164.40224903099988,2026-09-13T11:40:48.830337+00:00,1789299648.8123062,0.018030881881713867,3.957630996317655,2.5513337582294557,0.3069172501564026,-0.2724433805830748,odom,episode_start,odom
164.4557500760002,2026-09-13T11:40:48.883837+00:00,1789299648.8588219,0.02501511573791504,3.957571615683593,2.5511939495865175,0.30725300312042236,-0.27283267653086885,odom,episode_start,odom
164.52720459600005,2026-09-13T11:40:48.955288+00:00,1789299648.8957174,0.0595705509185791,3.957664267359682,2.551074430798606,0.3073546290397644,-0.2729840973242057,odom,episode_start,odom
164.60926584699973,2026-09-13T11:40:49.032893+00:00,1789299648.9622684,0.07062458992004395,3.9577260626078186,2.5509161859466065,0.3074581027030945,-0.27310505588529743,odom,episode_start,odom
164.66665971400016,2026-09-13T11:40:49.094751+00:00,1789299649.0605812,0.034169673919677734,3.957587433774671,2.5508845030069884,0.3074737787246704,-0.2731490043537337,odom,episode_start,odom
164.72571591300039,2026-09-13T11:40:49.153798+00:00,1789299649.1354918,0.018306255340576172,3.9586686341195967,2.5501695635701807,0.30763864517211914,-0.27411966143741195,odom,episode_start,odom
164.77986636900005,2026-09-13T11:40:49.207946+00:00,1789299649.1863918,0.021554231643676758,3.959850684551828,2.548400896237708,0.30646026134490967,-0.2739254578728789,odom,episode_start,odom
164.83542986300017,2026-09-13T11:40:49.263522+00:00,1789299649.218834,0.04468798637390137,3.9624367461795105,2.5472757121412006,0.30630290508270264,-0.2729474206376034,odom,episode_start,odom
164.88732876999984,2026-09-13T11:40:49.315412+00:00,1789299649.2990015,0.01641058921813965,3.9723640272461824,2.544869545260922,0.30573147535324097,-0.26961740667431666,odom,episode_start,odom
164.94454182699974,2026-09-13T11:40:49.372627+00:00,1789299649.3457553,0.026871681213378906,3.9813619199950163,2.541759027759948,0.3063909113407135,-0.26720811456698684,odom,episode_start,odom
164.99657107799976,2026-09-13T11:40:49.424649+00:00,1789299649.3989456,0.02570343017578125,3.9926156797136843,2.5380941772750876,0.3076373338699341,-0.264347271079314,odom,episode_start,odom
165.05789313100013,2026-09-13T11:40:49.485979+00:00,1789299649.432236,0.05374312400817871,3.9982346426840847,2.536114653880209,0.3078019320964813,-0.26525536748442025,odom,episode_start,odom
165.1107618189999,2026-09-13T11:40:49.538851+00:00,1789299649.5326197,0.0062313079833984375,4.018003226690442,2.5321866952783285,0.3073534071445465,-0.26624043838196987,odom,episode_start,odom
165.16579603599985,2026-09-13T11:40:49.593886+00:00,1789299649.5861561,0.007729768753051758,4.032291994237537,2.527919747612498,0.305765300989151,-0.2658683646247457,odom,episode_start,odom
165.22035662600047,2026-09-13T11:40:49.648407+00:00,1789299649.6155376,0.03286933898925781,4.042734731521085,2.5244506957810042,0.3042437732219696,-0.2655404093318525,odom,episode_start,odom
165.28252631000032,2026-09-13T11:40:49.710615+00:00,1789299649.68216,0.028455018997192383,4.067019866581899,2.518148905952321,0.3002251982688904,-0.2660878099122772,odom,episode_start,odom
165.3453538550002,2026-09-13T11:40:49.773415+00:00,1789299649.742156,0.03125905990600586,4.091011949917435,2.5144529403955618,0.2978963255882263,-0.26924847628264686,odom,episode_start,odom
165.4101401959997,2026-09-13T11:40:49.838231+00:00,1789299649.8121839,0.026047229766845703,4.114213856882263,2.5123901056603213,0.3035174310207367,-0.2721438831476459,odom,episode_start,odom
165.4712693419997,2026-09-13T11:40:49.899344+00:00,1789299649.8788157,0.020528316497802734,4.13067926376047,2.5107365381045637,0.30474063754081726,-0.27297237325881896,odom,episode_start,odom
165.52325727799962,2026-09-13T11:40:49.951348+00:00,1789299649.9293952,0.02195286750793457,4.144700724654001,2.508130226370082,0.30492836236953735,-0.2772006691981941,odom,episode_start,odom
165.58145336600046,2026-09-13T11:40:50.009550+00:00,1789299649.9754417,0.03410840034484863,4.154579497906067,2.5063408557932605,0.3046087920665741,-0.2787708143515595,odom,episode_start,odom
165.6420615220004,2026-09-13T11:40:50.070144+00:00,1789299650.0520904,0.018053531646728516,4.168225743331628,2.501790953226686,0.3029646575450897,-0.27839449748545664,odom,episode_start,odom
165.7091665500002,2026-09-13T11:40:50.137256+00:00,1789299650.0956502,0.04160571098327637,4.171789585242908,2.500201640950144,0.3039551377296448,-0.27699890713456116,odom,episode_start,odom
165.76806065900018,2026-09-13T11:40:50.196151+00:00,1789299650.1722991,0.023851871490478516,4.174059829417256,2.4994996653241475,0.30426105856895447,-0.2704253125493772,odom,episode_start,odom
165.82737591099976,2026-09-13T11:40:50.255464+00:00,1789299650.2355497,0.01991438865661621,4.172838778636243,2.5000209891322465,0.3046267628669739,-0.2648266551513774,odom,episode_start,odom
165.88000765800007,2026-09-13T11:40:50.308099+00:00,1789299650.296037,0.01206207275390625,4.171474654658066,2.5008060660742206,0.3048413097858429,-0.2617855250587057,odom,episode_start,odom
165.93726250800046,2026-09-13T11:40:50.365359+00:00,1789299650.3511748,0.014184236526489258,4.170716995478147,2.50121798519782,0.3048816919326782,-0.26085482831232953,odom,episode_start,odom
166.0058384969998,2026-09-13T11:40:50.433922+00:00,1789299650.4021795,0.03174257278442383,4.170641130459516,2.501113545843393,0.30496838688850403,-0.26027285385874976,odom,episode_start,odom
166.06870572299977,2026-09-13T11:40:50.496792+00:00,1789299650.4355633,0.06122875213623047,4.170785591534476,2.5008948223449328,0.30499663949012756,-0.2601433819343111,odom,episode_start,odom
166.1283170229999,2026-09-13T11:40:50.556409+00:00,1789299650.542433,0.013975858688354492,4.171664727976127,2.5002922320046292,0.3051649034023285,-0.257602955631117,odom,episode_start,odom
166.19109406799998,2026-09-13T11:40:50.619184+00:00,1789299650.5928833,0.026300668716430664,4.171922150238248,2.500014793767575,0.30550259351730347,-0.2360061336604633,odom,episode_start,odom
166.2427467839998,2026-09-13T11:40:50.670835+00:00,1789299650.658885,0.011950016021728516,4.172184556690444,2.4999949888392345,0.30604514479637146,-0.2067672770163793,odom,episode_start,odom
166.29615818900038,2026-09-13T11:40:50.724246+00:00,1789299650.7089863,0.015259742736816406,4.172837590786239,2.500259237321564,0.30665674805641174,-0.18766660859985018,odom,episode_start,odom
166.36147473399978,2026-09-13T11:40:50.789564+00:00,1789299650.7660704,0.023493528366088867,4.173857492628943,2.500916981818076,0.3072747588157654,-0.16682626179189364,odom,episode_start,odom
166.4125738519997,2026-09-13T11:40:50.840671+00:00,1789299650.8186486,0.022022485733032227,4.174969409635732,2.5013994966635558,0.307748943567276,-0.14741868246294798,odom,episode_start,odom
166.4653223409996,2026-09-13T11:40:50.893412+00:00,1789299650.8720117,0.02140045166015625,4.17600795515847,2.5019436654985028,0.3081245422363281,-0.13087701477503777,odom,episode_start,odom
166.5249030799996,2026-09-13T11:40:50.952989+00:00,1789299650.9227245,0.030264616012573242,4.177277928306783,2.502379296366063,0.3084842562675476,-0.11419646795559003,odom,episode_start,odom
166.5790014029999,2026-09-13T11:40:51.007090+00:00,1789299650.9921916,0.014898538589477539,4.1789868214994295,2.5023533069835757,0.3089520037174225,-0.09185367152365953,odom,episode_start,odom
166.6311021749998,2026-09-13T11:40:51.059190+00:00,1789299651.0457082,0.013481855392456055,4.180451800933823,2.502706862970727,0.309160053730011,-0.07437647754951215,odom,episode_start,odom
166.6864123409996,2026-09-13T11:40:51.114500+00:00,1789299651.085352,0.029148101806640625,4.181442917294633,2.5032106503345073,0.3092753291130066,-0.06206960357497771,odom,episode_start,odom
166.74724748399967,2026-09-13T11:40:51.175340+00:00,1789299651.1488757,0.026464223861694336,4.1829439741041785,2.5041077642600147,0.3093310296535492,-0.043674023579151296,odom,episode_start,odom
166.80302580399984,2026-09-13T11:40:51.231111+00:00,1789299651.1987243,0.03238677978515625,4.184005949653967,2.5047272350602543,0.3099522888660431,-0.028134964984253275,odom,episode_start,odom
166.8591739350004,2026-09-13T11:40:51.287265+00:00,1789299651.2488058,0.03845930099487305,4.18495115695624,2.505105785255239,0.31024420261383057,-0.013144014745446022,odom,episode_start,odom
166.913073015,2026-09-13T11:40:51.341164+00:00,1789299651.3137753,0.027388811111450195,4.18632722278302,2.5058688846615973,0.31030720472335815,0.007213593255358752,odom,episode_start,odom
166.96922956300023,2026-09-13T11:40:51.397316+00:00,1789299651.3588223,0.03849363327026367,4.186959170589934,2.5062936881801683,0.3102063834667206,0.022158428624037274,odom,episode_start,odom
167.02265581600022,2026-09-13T11:40:51.450743+00:00,1789299651.4353147,0.015428304672241211,4.188089517353275,2.506888240913501,0.30978479981422424,0.04583631276390521,odom,episode_start,odom
167.0733722240002,2026-09-13T11:40:51.501461+00:00,1789299651.4820511,0.019409894943237305,4.188693778683556,2.507147398095853,0.30969879031181335,0.06174437627486573,odom,episode_start,odom
167.12641890400027,2026-09-13T11:40:51.554508+00:00,1789299651.5319762,0.022531747817993164,4.189385759517948,2.5073497369715887,0.30925512313842773,0.07987218353104963,odom,episode_start,odom
167.1868551130001,2026-09-13T11:40:51.614842+00:00,1789299651.5930274,0.021814584732055664,4.190297774300675,2.5082045316010158,0.3090968728065491,0.09973116098669488,odom,episode_start,odom
167.25889804500002,2026-09-13T11:40:51.686986+00:00,1789299651.65214,0.03484606742858887,4.19097306010412,2.508989636528994,0.30870524048805237,0.11976879027158514,odom,episode_start,odom
167.31677094400038,2026-09-13T11:40:51.744861+00:00,1789299651.7293673,0.015493631362915039,4.191623204687284,2.5104827208536964,0.306682288646698,0.14592501131333924,odom,episode_start,odom
167.36733268700027,2026-09-13T11:40:51.795424+00:00,1789299651.7700703,0.025353670120239258,4.191982644445588,2.5110691153790663,0.3055236339569092,0.15932725425418526,odom,episode_start,odom
167.4237242879999,2026-09-13T11:40:51.851813+00:00,1789299651.8356352,0.016177892684936523,4.192214227329412,2.511427119111228,0.3044484257698059,0.18087181193419566,odom,episode_start,odom
167.4845937050004,2026-09-13T11:40:51.912682+00:00,1789299651.8820221,0.030659914016723633,4.192669759419812,2.511392826987196,0.3036995828151703,0.19530277021054787,odom,episode_start,odom
167.5423122279999,2026-09-13T11:40:51.970285+00:00,1789299651.9385717,0.031713247299194336,4.193693602826128,2.5107787881697874,0.302377313375473,0.22103176126595114,odom,episode_start,odom
167.6110921620002,2026-09-13T11:40:52.023857+00:00,1789299652.0125103,0.011346817016601562,4.191644139490356,2.509913823650798,0.3041291832923889,0.25100183331486026,odom,episode_start,odom
167.66185378699993,2026-09-13T11:40:52.089944+00:00,1789299652.0752435,0.01470041275024414,4.189034619845234,2.511857873612694,0.3077179491519928,0.2770161149664889,odom,episode_start,odom
167.7125588959998,2026-09-13T11:40:52.140650+00:00,1789299652.1218452,0.01880478858947754,4.189523411266707,2.5122876675748387,0.30856335163116455,0.2965899948482044,odom,episode_start,odom
167.76905251799963,2026-09-13T11:40:52.197144+00:00,1789299652.1887834,0.008360624313354492,4.187479377450245,2.5140905283596737,0.3064737021923065,0.31101562957461715,odom,episode_start,odom
167.83399303900023,2026-09-13T11:40:52.262081+00:00,1789299652.2386632,0.02341771125793457,4.185951967949497,2.5154628541366395,0.30446958541870117,0.3179278335271074,odom,episode_start,odom
167.88790571800018,2026-09-13T11:40:52.315992+00:00,1789299652.2720075,0.04398465156555176,4.185433260477052,2.5158503754606585,0.3027038276195526,0.31889625830092666,odom,episode_start,odom
167.95405945899984,2026-09-13T11:40:52.382134+00:00,1789299652.3484905,0.033643484115600586,4.18538098619679,2.5145336012263795,0.3021533489227295,0.3157121820169484,odom,episode_start,odom
168.00905731799958,2026-09-13T11:40:52.437147+00:00,1789299652.4152727,0.021874189376831055,4.185805021371401,2.513077815773686,0.3018415570259094,0.3173449045545924,odom,episode_start,odom
168.07337185199958,2026-09-13T11:40:52.501457+00:00,1789299652.4620523,0.03940463066101074,4.185751736240661,2.512831382471807,0.3018130362033844,0.3177741147356319,odom,episode_start,odom
168.12916162700003,2026-09-13T11:40:52.557250+00:00,1789299652.5289495,0.02830052375793457,4.185231125485706,2.512937294283192,0.30183663964271545,0.317639185008165,odom,episode_start,odom
168.18113167000047,2026-09-13T11:40:52.609222+00:00,1789299652.5956101,0.013611793518066406,4.184656411922409,2.512748781769304,0.3018718957901001,0.3169117861415198,odom,episode_start,odom
168.2387548910001,2026-09-13T11:40:52.666847+00:00,1789299652.6287775,0.03806948661804199,4.18438299655541,2.51259448106806,0.30188506841659546,0.31686106891371457,odom,episode_start,odom
168.2963751670004,2026-09-13T11:40:52.724463+00:00,1789299652.7118342,0.012628793716430664,4.183781060300116,2.512403798140402,0.30192703008651733,0.3163927720654469,odom,episode_start,odom
168.35136118500031,2026-09-13T11:40:52.779448+00:00,1789299652.7686217,0.010826349258422852,4.182638889531511,2.5131941426831474,0.30085548758506775,0.30993766954828567,odom,episode_start,odom
168.4045659530002,2026-09-13T11:40:52.832653+00:00,1789299652.8224885,0.010164499282836914,4.183501402313457,2.5123768242171933,0.30318742990493774,0.28845206734743534,odom,episode_start,odom
168.46693308399972,2026-09-13T11:40:52.894993+00:00,1789299652.861999,0.03299403190612793,4.183040826173684,2.512103948775759,0.3047788143157959,0.2756361346127296,odom,episode_start,odom
168.52722342699963,2026-09-13T11:40:52.955309+00:00,1789299652.93514,0.02016901969909668,4.182446392555339,2.511244656373334,0.3064247667789459,0.25310555329716644,odom,episode_start,odom
168.5948388480001,2026-09-13T11:40:53.022927+00:00,1789299652.995146,0.027781009674072266,4.181644932487607,2.511116444318894,0.3075573444366455,0.23755634965914954,odom,episode_start,odom
168.65164406999975,2026-09-13T11:40:53.079251+00:00,1789299653.065177,0.014074087142944336,4.180809780478729,2.5114443411070635,0.30946868658065796,0.21980391347609873,odom,episode_start,odom
168.7213395079998,2026-09-13T11:40:53.149400+00:00,1789299653.115115,0.03428506851196289,4.180132622470026,2.511972111034346,0.3107791543006897,0.20951575423980984,odom,episode_start,odom
168.77222667499973,2026-09-13T11:40:53.200313+00:00,1789299653.1918342,0.008478879928588867,4.17826272773099,2.5122608584799453,0.30919986963272095,0.21514655832907836,odom,episode_start,odom
168.8248341919998,2026-09-13T11:40:53.252922+00:00,1789299653.2418802,0.011041879653930664,4.1775685914708856,2.5116841119934934,0.3087235987186432,0.22389352619128466,odom,episode_start,odom
168.88533853100034,2026-09-13T11:40:53.313426+00:00,1789299653.281765,0.031661033630371094,4.177680113655509,2.5112436799832927,0.3085355758666992,0.22625294104684723,odom,episode_start,odom
168.9433612920002,2026-09-13T11:40:53.371451+00:00,1789299653.3448384,0.026612520217895508,4.178275321566219,2.5109090478053826,0.30838897824287415,0.22748506729602203,odom,episode_start,odom
169.0013044010002,2026-09-13T11:40:53.429394+00:00,1789299653.4088876,0.02050638198852539,4.178879410664469,2.5110123863656417,0.3082851767539978,0.23014289097623464,odom,episode_start,odom
169.06646307600022,2026-09-13T11:40:53.494549+00:00,1789299653.4654956,0.029053449630737305,4.179119925161841,2.5111397752850246,0.30818435549736023,0.23107864188192595,odom,episode_start,odom
169.1326382240004,2026-09-13T11:40:53.560723+00:00,1789299653.5151248,0.04559826850891113,4.1791374119630404,2.511079261795451,0.308163046836853,0.23135501531019131,odom,episode_start,odom
169.21320251999987,2026-09-13T11:40:53.641290+00:00,1789299653.608466,0.032824039459228516,4.178996480985862,2.5109411031994506,0.30813077092170715,0.23177411805000436,odom,episode_start,odom
169.2725544750001,2026-09-13T11:40:53.700643+00:00,1789299653.6660306,0.034612417221069336,4.17899683775791,2.5109001716794683,0.3081037700176239,0.23198858087808857,odom,episode_start,odom
169.34929913500036,2026-09-13T11:40:53.777384+00:00,1789299653.6916907,0.085693359375,4.178978528613313,2.510870848458938,0.3080877363681793,0.23200509684017342,odom,episode_start,odom
169.39988238099977,2026-09-13T11:40:53.827972+00:00,1789299653.7937305,0.034241437911987305,4.1789742040652085,2.5107545395292754,0.30801257491111755,0.23241067768480492,odom,episode_start,odom
169.45685113200034,2026-09-13T11:40:53.884942+00:00,1789299653.8450706,0.0398714542388916,4.1789133916771615,2.5107366112795555,0.3080052137374878,0.23315187858258726,odom,episode_start,odom
169.51992399600022,2026-09-13T11:40:53.948014+00:00,1789299653.9049625,0.04305148124694824,4.178921110524026,2.510691338832527,0.3079889118671417,0.23322478279722114,odom,episode_start,odom
169.57201279699984,2026-09-13T11:40:54.000104+00:00,1789299653.9452326,0.054871320724487305,4.179002675558875,2.510675257081918,0.30796921253204346,0.2334904255449557,odom,episode_start,odom
169.63095592799982,2026-09-13T11:40:54.059046+00:00,1789299654.0288177,0.030228376388549805,4.179123007259087,2.51071224663588,0.3079615533351898,0.23429563219376814,odom,episode_start,odom
169.684058543,2026-09-13T11:40:54.112145+00:00,1789299654.095052,0.01709294319152832,4.179898213201202,2.5109237767137413,0.308660626411438,0.21639567699214735,odom,episode_start,odom
169.74280358299984,2026-09-13T11:40:54.170890+00:00,1789299654.158304,0.012586116790771484,4.179755040439014,2.5116103349876298,0.3107273578643799,0.20097225353525694,odom,episode_start,odom
169.7966604809999,2026-09-13T11:40:54.224751+00:00,1789299654.2119057,0.012845277786254883,4.179045623432829,2.5120687809190794,0.31195923686027527,0.19108494399687914,odom,episode_start,odom
169.84879984300005,2026-09-13T11:40:54.276890+00:00,1789299654.2642777,0.012612342834472656,4.178093748941035,2.512590567815277,0.31255850195884705,0.1815793213657766,odom,episode_start,odom
169.90828937199967,2026-09-13T11:40:54.336379+00:00,1789299654.3154485,0.02093052864074707,4.1760142160871405,2.5131889111414796,0.31313231587409973,0.16949098665994278,odom,episode_start,odom
169.96761322800012,2026-09-13T11:40:54.395701+00:00,1789299654.3483782,0.047322750091552734,4.174702104808347,2.5133346024610104,0.31341880559921265,0.16380138135632083,odom,episode_start,odom
170.02158952399986,2026-09-13T11:40:54.449677+00:00,1789299654.4394255,0.010251522064208984,4.1708012599746915,2.5127419873667347,0.3141895532608032,0.14525205867711802,odom,episode_start,odom
170.07830693100004,2026-09-13T11:40:54.506180+00:00,1789299654.498501,0.007678985595703125,4.167571838389915,2.5118691099346466,0.31484147906303406,0.131121223426935,odom,episode_start,odom
170.13249546299994,2026-09-13T11:40:54.560583+00:00,1789299654.5383463,0.02223682403564453,4.165776334423647,2.5111259076779806,0.315111368894577,0.11907665038864357,odom,episode_start,odom
170.19597017199976,2026-09-13T11:40:54.624058+00:00,1789299654.6112883,0.012769699096679688,4.165157550652156,2.509346332096869,0.3156712055206299,0.09285374410658065,odom,episode_start,odom
170.24725672000022,2026-09-13T11:40:54.675353+00:00,1789299654.6354425,0.03991055488586426,4.1635553410843915,2.509444305085612,0.316147118806839,0.08408644770405171,odom,episode_start,odom
170.30235106199962,2026-09-13T11:40:54.730439+00:00,1789299654.721661,0.008777856826782227,4.160505465258326,2.5081070855522,0.3162238597869873,0.055437342192546916,odom,episode_start,odom
170.35481514599996,2026-09-13T11:40:54.782904+00:00,1789299654.7760477,0.006856203079223633,4.159475748905029,2.507680553665413,0.3146143853664398,0.03888017767911367,odom,episode_start,odom
170.41666342999997,2026-09-13T11:40:54.844751+00:00,1789299654.8289397,0.01581120491027832,4.159895578162151,2.507245508676065,0.31424787640571594,0.021425185920451506,odom,episode_start,odom
170.47294983699976,2026-09-13T11:40:54.901034+00:00,1789299654.8749647,0.02606940269470215,4.160652790239276,2.507891831102542,0.31484249234199524,0.010093480446977443,odom,episode_start,odom
170.52524149599958,2026-09-13T11:40:54.953329+00:00,1789299654.9283278,0.02500128746032715,4.162301015979864,2.5087579311593062,0.3153417408466339,-0.0030908587271059047,odom,episode_start,odom
170.577756271,2026-09-13T11:40:55.005844+00:00,1789299654.9756396,0.03020453453063965,4.16382525245997,2.5096048412596605,0.31578561663627625,-0.013943629982758443,odom,episode_start,odom
170.6286462199996,2026-09-13T11:40:55.056733+00:00,1789299655.0483987,0.008334159851074219,4.1660680535751,2.5114076546768462,0.31627339124679565,-0.03304643061820234,odom,episode_start,odom
170.685433998,2026-09-13T11:40:55.113405+00:00,1789299655.088693,0.024712085723876953,4.167431769068226,2.512246460767686,0.31730902194976807,-0.04275178946365865,odom,episode_start,odom
170.763277948,2026-09-13T11:40:55.191361+00:00,1789299655.1552982,0.03606271743774414,4.169050535988272,2.5134497856044367,0.3182949125766754,-0.05924118041658243,odom,episode_start,odom
170.82354716700047,2026-09-13T11:40:55.251635+00:00,1789299655.2307727,0.020862340927124023,4.1703061285576535,2.514222089416455,0.31865599751472473,-0.07772061908827865,odom,episode_start,odom
170.87835611599985,2026-09-13T11:40:55.306442+00:00,1789299655.2851012,0.02134084701538086,4.170671566337291,2.514704758131492,0.31906676292419434,-0.0911192144588051,odom,episode_start,odom
170.93532003200016,2026-09-13T11:40:55.363411+00:00,1789299655.331533,0.031877994537353516,4.170913562125686,2.515203276903831,0.31929752230644226,-0.10253062620029163,odom,episode_start,odom
170.99099632399975,2026-09-13T11:40:55.419088+00:00,1789299655.4052362,0.013851642608642578,4.170644634706951,2.5161190706504413,0.31966960430145264,-0.11845926485378411,odom,episode_start,odom
171.044852901,2026-09-13T11:40:55.472938+00:00,1789299655.4649274,0.008010625839233398,4.169711408861696,2.517327170923685,0.31989699602127075,-0.13314069090798486,odom,episode_start,odom
171.1008295620004,2026-09-13T11:40:55.528924+00:00,1789299655.4849217,0.04400229454040527,4.169157808591383,2.5177563448566582,0.3199406564235687,-0.1377729131582852,odom,episode_start,odom
171.15905758000008,2026-09-13T11:40:55.587148+00:00,1789299655.5781705,0.008977413177490234,4.1677376804195365,2.520857592604524,0.3202759027481079,-0.17619034460491578,odom,episode_start,odom
171.21701303900045,2026-09-13T11:40:55.645104+00:00,1789299655.6149487,0.030155181884765625,4.167683257572863,2.521713262490996,0.32016244530677795,-0.19340212800369103,odom,episode_start,odom
171.2719198169998,2026-09-13T11:40:55.700007+00:00,1789299655.6588545,0.0411524772644043,4.167152452706011,2.522763748268057,0.31944820284843445,-0.20952655046866164,odom,episode_start,odom
171.32323497299967,2026-09-13T11:40:55.751321+00:00,1789299655.7115433,0.03977775573730469,4.167090587077303,2.5231923199351076,0.31906211376190186,-0.23081683709829726,odom,episode_start,odom
171.38250999299999,2026-09-13T11:40:55.810596+00:00,1789299655.768221,0.04237508773803711,4.167536364520794,2.5245840166284936,0.31901615858078003,-0.25363030174945544,odom,episode_start,odom
171.43543358900024,2026-09-13T11:40:55.863522+00:00,1789299655.818246,0.04527616500854492,4.168734210617253,2.524570804338642,0.3176848590373993,-0.2744084157788724,odom,episode_start,odom
171.48920238499977,2026-09-13T11:40:55.917292+00:00,1789299655.8848157,0.03247642517089844,4.1707826240823955,2.5245479965211137,0.31683865189552307,-0.30158626235368935,odom,episode_start,odom
171.54056231100003,2026-09-13T11:40:55.968651+00:00,1789299655.9448938,0.023757219314575195,4.171704625108027,2.5244457388933883,0.3157113194465637,-0.3038497606119283,odom,episode_start,odom
171.59775628700027,2026-09-13T11:40:56.025844+00:00,1789299656.004148,0.021696090698242188,4.172804281023926,2.525024631272759,0.3164199888706207,-0.29775409420183574,odom,episode_start,odom
171.65412336900044,2026-09-13T11:40:56.082180+00:00,1789299656.0683897,0.013790369033813477,4.173899336432974,2.527739255774139,0.31635603308677673,-0.29483502969891595,odom,episode_start,odom
171.70657058600045,2026-09-13T11:40:56.134665+00:00,1789299656.1282647,0.006400346755981445,4.175106210346746,2.530697379686666,0.3151862621307373,-0.294238919438144,odom,episode_start,odom
171.76862643000004,2026-09-13T11:40:56.196713+00:00,1789299656.1618748,0.034838199615478516,4.1752235123658314,2.531729461515021,0.31464847922325134,-0.2918971535636776,odom,episode_start,odom
171.83352915199976,2026-09-13T11:40:56.261621+00:00,1789299656.2347505,0.0268704891204834,4.175005557213525,2.532981459061311,0.31384679675102234,-0.2832195002275266,odom,episode_start,odom
171.88849929200023,2026-09-13T11:40:56.316589+00:00,1789299656.3014755,0.015113592147827148,4.175175874945657,2.53371985581902,0.3129994571208954,-0.2796870908785756,odom,episode_start,odom
171.93992872499985,2026-09-13T11:40:56.368018+00:00,1789299656.361451,0.0065670013427734375,4.175695675669584,2.534316780484306,0.31294500827789307,-0.27639837025144187,odom,episode_start,odom
171.9978202430002,2026-09-13T11:40:56.425916+00:00,1789299656.415391,0.010524988174438477,4.176301062907531,2.534708061511993,0.3128790855407715,-0.2739350639083753,odom,episode_start,odom
172.066265208,2026-09-13T11:40:56.494350+00:00,1789299656.4729664,0.02138352394104004,4.176916905139523,2.535105655243587,0.31285780668258667,-0.27131597682959074,odom,episode_start,odom
172.11761950100026,2026-09-13T11:40:56.545709+00:00,1789299656.538179,0.0075299739837646484,4.1773567081825975,2.5352778656308743,0.31281623244285583,-0.2693558686164397,odom,episode_start,odom
172.17016137999963,2026-09-13T11:40:56.598252+00:00,1789299656.5780718,0.020180225372314453,4.1777274970476075,2.5354101452276003,0.3127780556678772,-0.26743897562332325,odom,episode_start,odom
172.23122852899996,2026-09-13T11:40:56.659317+00:00,1789299656.6415446,0.017772436141967773,4.178224169124017,2.535759532919951,0.3127175271511078,-0.2651985651346527,odom,episode_start,odom
172.28554106499996,2026-09-13T11:40:56.713631+00:00,1789299656.6682465,0.04538440704345703,4.178375350105326,2.5359660793074568,0.3126934766769409,-0.2644392421541564,odom,episode_start,odom
172.336679602,2026-09-13T11:40:56.764734+00:00,1789299656.748539,0.016195058822631836,4.178856158525069,2.5363137177836736,0.3126259744167328,-0.26224078315679455,odom,episode_start,odom
172.40216053200038,2026-09-13T11:40:56.830224+00:00,1789299656.8116624,0.018561601638793945,4.179302533761121,2.536561055423162,0.31256404519081116,-0.260412267004384,odom,episode_start,odom
172.45328278000034,2026-09-13T11:40:56.881381+00:00,1789299656.855282,0.026098966598510742,4.179555399684517,2.536719998729501,0.31251296401023865,-0.2590760604480724,odom,episode_start,odom
172.5103566529997,2026-09-13T11:40:56.938444+00:00,1789299656.919357,0.019086837768554688,4.179853538848793,2.536808499577713,0.31248751282691956,-0.25813350569342175,odom,episode_start,odom
172.5616333730004,2026-09-13T11:40:56.989724+00:00,1789299656.9650638,0.024660110473632812,4.1800560821217925,2.536828840853805,0.3124658167362213,-0.2575253446955268,odom,episode_start,odom
172.61625760599964,2026-09-13T11:40:57.044347+00:00,1789299657.0347912,0.009555816650390625,4.180239889592913,2.5368675335629782,0.31243959069252014,-0.25670366812027545,odom,episode_start,odom
172.66973156699987,2026-09-13T11:40:57.097822+00:00,1789299657.0914202,0.006401777267456055,4.180397622118293,2.53689091723059,0.31243205070495605,-0.25623039373170386,odom,episode_start,odom
172.72768334299963,2026-09-13T11:40:57.155772+00:00,1789299657.1181428,0.037629127502441406,4.180478936102306,2.536889298453336,0.3124295175075531,-0.256140576160077,odom,episode_start,odom
172.79271544600033,2026-09-13T11:40:57.220803+00:00,1789299657.2014601,0.019342899322509766,4.180650535491304,2.536817535123567,0.3124261200428009,-0.2559427511339718,odom,episode_start,odom
172.85703838900008,2026-09-13T11:40:57.285122+00:00,1789299657.2529547,0.03216719627380371,4.180688332696931,2.5368014718371295,0.3124261796474457,-0.25576716249226683,odom,episode_start,odom
172.92057130600006,2026-09-13T11:40:57.348665+00:00,1789299657.3154209,0.03324413299560547,4.180755583760981,2.5367935366830356,0.3124255836009979,-0.2556802452598439,odom,episode_start,odom
172.97752149000007,2026-09-13T11:40:57.405610+00:00,1789299657.3817508,0.023859262466430664,4.18088655698098,2.5367309960240867,0.31225940585136414,-0.2558034722251663,odom,episode_start,odom
173.02985849200013,2026-09-13T11:40:57.457946+00:00,1789299657.4422414,0.015704631805419922,4.18091524011608,2.5367223914010975,0.3120553195476532,-0.2554668027543816,odom,episode_start,odom
173.08108996099963,2026-09-13T11:40:57.509174+00:00,1789299657.494877,0.014297008514404297,4.1809781327817745,2.536708779955594,0.31195908784866333,-0.25531261136017225,odom,episode_start,odom
173.13577003699993,2026-09-13T11:40:57.563859+00:00,1789299657.5349486,0.028910398483276367,4.181076666037703,2.536708250058159,0.31191158294677734,-0.25528948318915656,odom,episode_start,odom
173.20312454000032,2026-09-13T11:40:57.630960+00:00,1789299657.5716083,0.05935168266296387,4.181061914291316,2.53671308762723,0.31189408898353577,-0.2554492312886507,odom,episode_start,odom
173.2538246840004,2026-09-13T11:40:57.681909+00:00,1789299657.673095,0.008814096450805664,4.181134766102882,2.536620237909073,0.31192392110824585,-0.2553432051481217,odom,episode_start,odom
173.31339402100002,2026-09-13T11:40:57.741481+00:00,1789299657.701341,0.04014015197753906,4.180186875657812,2.534838027039378,0.311798632144928,-0.25400477118012654,odom,episode_start,odom
173.366839884,2026-09-13T11:40:57.794930+00:00,1789299657.7875175,0.007412433624267578,4.180883445195175,2.5352841027777324,0.31274157762527466,-0.2200826874710342,odom,episode_start,odom
173.41864037699997,2026-09-13T11:40:57.846729+00:00,1789299657.8254993,0.02122974395751953,4.181236280794278,2.5353624814801288,0.3122868537902832,-0.20349693524535306,odom,episode_start,odom
173.47169117799967,2026-09-13T11:40:57.899776+00:00,1789299657.884792,0.014983892440795898,4.181877030868227,2.535761108898037,0.311691015958786,-0.18141338741819824,odom,episode_start,odom
173.5249039399996,2026-09-13T11:40:57.952991+00:00,1789299657.9414396,0.011551380157470703,4.182390600090799,2.5365363440224145,0.31144216656684875,-0.16214886799227557,odom,episode_start,odom
173.57923302000017,2026-09-13T11:40:58.007323+00:00,1789299657.9748085,0.03251457214355469,4.18295095689948,2.53700717423289,0.3109897971153259,-0.1513553946156747,odom,episode_start,odom
173.6349899859997,2026-09-13T11:40:58.063023+00:00,1789299658.0446873,0.018335819244384766,4.183939109988284,2.5380539126054997,0.31084293127059937,-0.12782071387246452,odom,episode_start,odom
173.68760799400025,2026-09-13T11:40:58.115685+00:00,1789299658.105008,0.010677099227905273,4.1849273986771,2.53878173534272,0.3108149468898773,-0.10799884428580775,odom,episode_start,odom
173.7422254410003,2026-09-13T11:40:58.170314+00:00,1789299658.138708,0.03160595893859863,4.185519176355763,2.5391392234711576,0.31080418825149536,-0.09743797142951549,odom,episode_start,odom
173.79653048700038,2026-09-13T11:40:58.224606+00:00,1789299658.2046673,0.01993870735168457,4.186854976558029,2.5399288135612466,0.31078270077705383,-0.07607710233984233,odom,episode_start,odom
173.84831865700016,2026-09-13T11:40:58.276418+00:00,1789299658.2547069,0.021711111068725586,4.187899447337783,2.540301446340417,0.3107948303222656,-0.06098216646044708,odom,episode_start,odom
173.90569107200008,2026-09-13T11:40:58.333776+00:00,1789299658.3074074,0.02636861801147461,4.188835044425031,2.54098910282133,0.310769647359848,-0.04541081778425693,odom,episode_start,odom
173.97032113499972,2026-09-13T11:40:58.398404+00:00,1789299658.3814745,0.01692938804626465,4.190144455003367,2.54281535500451,0.31095704436302185,-0.02249681461645503,odom,episode_start,odom
174.0423287579997,2026-09-13T11:40:58.470413+00:00,1789299658.4347975,0.03561544418334961,4.191014960025707,2.5438199388655054,0.311575323343277,-0.0047354411447293465,odom,episode_start,odom
174.10776254600023,2026-09-13T11:40:58.535845+00:00,1789299658.5147822,0.021062850952148438,4.192269096026121,2.5452956456814553,0.31121763586997986,0.020024329240354355,odom,episode_start,odom
174.17330763599966,2026-09-13T11:40:58.601396+00:00,1789299658.5847924,0.016603708267211914,4.193205798867464,2.5455935523541866,0.31088709831237793,0.04200757173157066,odom,episode_start,odom
174.24778281900035,2026-09-13T11:40:58.675845+00:00,1789299658.6512704,0.02457451820373535,4.194124161792051,2.5461709367413334,0.3110145926475525,0.06354889450461963,odom,episode_start,odom
174.30195771299987,2026-09-13T11:40:58.729996+00:00,1789299658.7179797,0.01201629638671875,4.1951820675196965,2.547228648688106,0.31079524755477905,0.08629210146316635,odom,episode_start,odom
174.38173472400013,2026-09-13T11:40:58.809819+00:00,1789299658.7783515,0.031467437744140625,4.195552213225568,2.5483177064606877,0.31053653359413147,0.10960974930924249,odom,episode_start,odom
174.43303960400044,2026-09-13T11:40:58.861096+00:00,1789299658.8513062,0.009789705276489258,4.195452746151252,2.5492510033874374,0.3097277581691742,0.1362175040063844,odom,episode_start,odom
174.48924686699957,2026-09-13T11:40:58.917340+00:00,1789299658.877884,0.03945612907409668,4.195530702764848,2.549498501645316,0.30959007143974304,0.14588190506284304,odom,episode_start,odom
174.54208603900042,2026-09-13T11:40:58.970172+00:00,1789299658.9520414,0.01813054084777832,4.194993996363595,2.5500317397960033,0.3092556297779083,0.1743478267325762,odom,episode_start,odom
174.5951358149996,2026-09-13T11:40:59.023227+00:00,1789299659.01129,0.01193690299987793,4.194419551125623,2.550276084583203,0.3086290657520294,0.1980013448350173,odom,episode_start,odom
174.65227471199978,2026-09-13T11:40:59.080365+00:00,1789299659.071645,0.008719921112060547,4.193052801188263,2.550901338596706,0.3092995584011078,0.22003272324936152,odom,episode_start,odom
174.70663291100027,2026-09-13T11:40:59.134725+00:00,1789299659.107813,0.026912212371826172,4.192521478731963,2.5515007223536728,0.3099435865879059,0.23524103112623054,odom,episode_start,odom
174.77122325900018,2026-09-13T11:40:59.199312+00:00,1789299659.1712296,0.02808237075805664,4.190903640676955,2.5520004673018195,0.3084818422794342,0.28087678458962007,odom,episode_start,odom
174.8286476430003,2026-09-13T11:40:59.256735+00:00,1789299659.2346637,0.022071361541748047,4.19370782842829,2.557564921948644,0.3013663589954376,0.3204334356056626,odom,episode_start,odom
174.89240239300034,2026-09-13T11:40:59.320486+00:00,1789299659.2979422,0.022543907165527344,4.191720618172502,2.557577708775278,0.2960079312324524,0.32999273226670534,odom,episode_start,odom
174.94913662700037,2026-09-13T11:40:59.377225+00:00,1789299659.3581777,0.019047260284423828,4.191342068764791,2.556726891846148,0.2942631244659424,0.3276001882608741,odom,episode_start,odom
175.00944776300003,2026-09-13T11:40:59.437536+00:00,1789299659.4179142,0.019621849060058594,4.189883552326049,2.5560295335258907,0.2937777042388916,0.3315768854986416,odom,episode_start,odom
175.0693794859999,2026-09-13T11:40:59.497468+00:00,1789299659.4613442,0.03612375259399414,4.188046126337517,2.5558565620497733,0.2936972975730896,0.3296985928096068,odom,episode_start,odom
175.13418037300016,2026-09-13T11:40:59.562194+00:00,1789299659.5279531,0.0342409610748291,4.184870668980293,2.554888042764994,0.2937166690826416,0.3261146275141691,odom,episode_start,odom
175.18682641400028,2026-09-13T11:40:59.614912+00:00,1789299659.6011868,0.01372528076171875,4.180334929939802,2.55346842364924,0.29360851645469666,0.32159935226280556,odom,episode_start,odom
175.24241248900034,2026-09-13T11:40:59.670494+00:00,1789299659.6610923,0.009401798248291016,4.177291399181889,2.5528008675277953,0.29377031326293945,0.3181086532979629,odom,episode_start,odom
175.3077639029998,2026-09-13T11:40:59.735830+00:00,1789299659.71262,0.02321004867553711,4.1751694801186865,2.5524134939259175,0.2937750816345215,0.3159527688255481,odom,episode_start,odom
175.36014192899984,2026-09-13T11:40:59.788233+00:00,1789299659.7779365,0.01029658317565918,4.1729789129810575,2.552028949386917,0.2936455011367798,0.31413973359381364,odom,episode_start,odom
175.41243694199966,2026-09-13T11:40:59.840525+00:00,1789299659.811242,0.029282808303833008,4.172065827983887,2.5519313777517167,0.2936021387577057,0.3129158548448656,odom,episode_start,odom
175.46635140499984,2026-09-13T11:40:59.894442+00:00,1789299659.8678505,0.02659153938293457,4.170882510476054,2.5515708611318337,0.2934919595718384,0.31047192670317963,odom,episode_start,odom
175.52277832599975,2026-09-13T11:40:59.950868+00:00,1789299659.9102566,0.04061126708984375,4.170229873654076,2.5512878014032356,0.293391615152359,0.3088214258366324,odom,episode_start,odom
175.59038944799977,2026-09-13T11:41:00.018474+00:00,1789299659.9781494,0.04032468795776367,4.169398880409397,2.5504400845423802,0.2931895852088928,0.30557958760262616,odom,episode_start,odom
175.64458206899963,2026-09-13T11:41:00.072664+00:00,1789299660.0316339,0.041030168533325195,4.16891975151737,2.549634319485276,0.2930014133453369,0.3032099440311764,odom,episode_start,odom
175.69588784299958,2026-09-13T11:41:00.123978+00:00,1789299660.071173,0.05280494689941406,4.168453598056372,2.5491447735247954,0.29295042157173157,0.3024421244923294,odom,episode_start,odom
175.75546796100025,2026-09-13T11:41:00.183558+00:00,1789299660.1444936,0.03906440734863281,4.1677875012725085,2.5486345423216887,0.29279324412345886,0.30155562274864756,odom,episode_start,odom
175.81627102699986,2026-09-13T11:41:00.244338+00:00,1789299660.2012444,0.04309368133544922,4.167110294222102,2.5484057183213746,0.29278162121772766,0.3003186416607724,odom,episode_start,odom
175.8763433639997,2026-09-13T11:41:00.304433+00:00,1789299660.2646532,0.0397799015045166,4.16646337161274,2.548251289465491,0.29278191924095154,0.29974485294791053,odom,episode_start,odom
175.93038163999972,2026-09-13T11:41:00.358469+00:00,1789299660.3310905,0.027378559112548828,4.16591332863894,2.548080195753785,0.2927640676498413,0.2990296750769339,odom,episode_start,odom
175.98299260600015,2026-09-13T11:41:00.411084+00:00,1789299660.3745837,0.03650021553039551,4.1656325714480085,2.547941296116444,0.29274827241897583,0.29870243369260585,odom,episode_start,odom
176.0483772360003,2026-09-13T11:41:00.476467+00:00,1789299660.4298823,0.0465846061706543,4.165345061097512,2.547858603984248,0.2927778959274292,0.2985921855263723,odom,episode_start,odom
176.10310998299974,2026-09-13T11:41:00.531201+00:00,1789299660.484404,0.04679679870605469,4.1651263846528375,2.547807208636158,0.29278087615966797,0.298573481783321,odom,episode_start,odom
176.15544192499965,2026-09-13T11:41:00.583532+00:00,1789299660.5346406,0.048891544342041016,4.165039795324166,2.5477907666395794,0.29278409481048584,0.2982972165127584,odom,episode_start,odom
176.20702528200036,2026-09-13T11:41:00.635080+00:00,1789299660.5809834,0.05409669876098633,4.164981633413962,2.5477383373066576,0.29277175664901733,0.2983300120202208,odom,episode_start,odom
176.2621266570004,2026-09-13T11:41:00.690213+00:00,1789299660.6478043,0.04240870475769043,4.1649797000536415,2.547625559965167,0.2927418053150177,0.29790553057166225,odom,episode_start,odom
176.33716401200036,2026-09-13T11:41:00.765253+00:00,1789299660.7110023,0.05425071716308594,4.164881919056865,2.547599054788715,0.29271695017814636,0.2979669813316592,odom,episode_start,odom
176.40096487499977,2026-09-13T11:41:00.829050+00:00,1789299660.7862828,0.04276728630065918,4.164706650095935,2.547653987881163,0.2927267551422119,0.2973854157628224,odom,episode_start,odom
176.4548585350003,2026-09-13T11:41:00.882948+00:00,1789299660.857725,0.0252230167388916,4.164622737749491,2.547499628014966,0.29272961616516113,0.29666121463399814,odom,episode_start,odom
176.50696691299981,2026-09-13T11:41:00.935062+00:00,1789299660.92126,0.013801813125610352,4.165001395058764,2.5473932565894044,0.2926824688911438,0.29559505620912274,odom,episode_start,odom
176.56460052399962,2026-09-13T11:41:00.992688+00:00,1789299660.981124,0.011564016342163086,4.1671726423959425,2.5477971918069535,0.2929299771785736,0.2924368809711928,odom,episode_start,odom
176.61710005799978,2026-09-13T11:41:01.045191+00:00,1789299661.0380092,0.007181882858276367,4.170577609006478,2.548142765480143,0.29325082898139954,0.2900052260883379,odom,episode_start,odom
176.694708817,2026-09-13T11:41:01.122792+00:00,1789299661.0744202,0.04837179183959961,4.174717548993206,2.549266509557134,0.292917400598526,0.28703237979455865,odom,episode_start,odom
176.7521862579997,2026-09-13T11:41:01.180276+00:00,1789299661.124402,0.055873870849609375,4.1806837266747765,2.5503641316280206,0.2926173210144043,0.2810832879722698,odom,episode_start,odom
176.81343798699982,2026-09-13T11:41:01.241525+00:00,1789299661.194378,0.04714703559875488,4.191631958671892,2.5524447477631167,0.29264897108078003,0.27669661563917924,odom,episode_start,odom
176.88010790200042,2026-09-13T11:41:01.308196+00:00,1789299661.2809706,0.027225494384765625,4.208035968190354,2.5558824263697133,0.2933419346809387,0.27158133820615804,odom,episode_start,odom
176.93148827099958,2026-09-13T11:41:01.359577+00:00,1789299661.3476381,0.011938810348510742,4.223586418370236,2.5574710622544767,0.2938922643661499,0.26809983745708377,odom,episode_start,odom
176.98625743499997,2026-09-13T11:41:01.413278+00:00,1789299661.4009387,0.012339353561401367,4.240152880051264,2.560815100069203,0.2925688326358795,0.26658372741663205,odom,episode_start,odom
177.03866400399966,2026-09-13T11:41:01.466755+00:00,1789299661.441046,0.025708913803100586,4.2538352340484655,2.563618636046925,0.29311177134513855,0.2663935954646992,odom,episode_start,odom
177.08974938000028,2026-09-13T11:41:01.517840+00:00,1789299661.5076647,0.010175228118896484,4.277517111835952,2.570619125636138,0.29591259360313416,0.2752512974756034,odom,episode_start,odom
177.15378791900002,2026-09-13T11:41:01.581878+00:00,1789299661.5578017,0.024076223373413086,4.292522488159895,2.576642470790105,0.29652419686317444,0.2807508536309673,odom,episode_start,odom
177.2194750919998,2026-09-13T11:41:01.647564+00:00,1789299661.5980556,0.04950833320617676,4.305549603611424,2.58263172455095,0.29615354537963867,0.2829132062502089,odom,episode_start,odom
177.29302916400047,2026-09-13T11:41:01.721119+00:00,1789299661.6912956,0.02982330322265625,4.338212958193101,2.5953577674949235,0.29270532727241516,0.2881576939483046,odom,episode_start,odom
177.3498299590001,2026-09-13T11:41:01.777922+00:00,1789299661.7576253,0.020296573638916016,4.352645929850995,2.602066257137632,0.29587215185165405,0.2866884594265828,odom,episode_start,odom
177.41636108300008,2026-09-13T11:41:01.844451+00:00,1789299661.82781,0.016640901565551758,4.365962026405231,2.604248226151667,0.29867038130760193,0.2928392217284277,odom,episode_start,odom
177.47105299400027,2026-09-13T11:41:01.899141+00:00,1789299661.8876953,0.011445760726928711,4.37574121991831,2.6048183086862373,0.2975253462791443,0.2978154471168073,odom,episode_start,odom
177.53436554099972,2026-09-13T11:41:01.962453+00:00,1789299661.9298809,0.032572031021118164,4.379187644567461,2.604306560738809,0.3004571497440338,0.3015845142131773,odom,episode_start,odom
177.60147656800018,2026-09-13T11:41:02.029563+00:00,1789299661.9814441,0.04811882972717285,4.380950770414683,2.6052522152389974,0.30308282375335693,0.3054534021604935,odom,episode_start,odom
177.66095747800046,2026-09-13T11:41:02.089043+00:00,1789299662.0643156,0.024727344512939453,4.3798423905596024,2.6059380429972028,0.3037843108177185,0.31300037342965403,odom,episode_start,odom
177.71176015000037,2026-09-13T11:41:02.139852+00:00,1789299662.1211224,0.018729686737060547,4.377639584470381,2.6062626568708662,0.30402877926826477,0.31612901985908515,odom,episode_start,odom
177.77349577600035,2026-09-13T11:41:02.201584+00:00,1789299662.1744266,0.02715754508972168,4.376364215666164,2.6064842939140522,0.3045036494731903,0.31744653633239106,odom,episode_start,odom
177.85359215799963,2026-09-13T11:41:02.281679+00:00,1789299662.241555,0.040123939514160156,4.376245906370025,2.6064571376333703,0.3049042224884033,0.3186073492983812,odom,episode_start,odom
177.90595878800013,2026-09-13T11:41:02.334026+00:00,1789299662.277678,0.05634808540344238,4.376670845094971,2.606404286306768,0.3049742877483368,0.3189139933056808,odom,episode_start,odom
177.96495682400018,2026-09-13T11:41:02.392972+00:00,1789299662.3310628,0.06190919876098633,4.377340346698867,2.606433075061381,0.3050245940685272,0.31880529944876446,odom,episode_start,odom
178.01833592599996,2026-09-13T11:41:02.446429+00:00,1789299662.4381385,0.008290529251098633,4.377982839436935,2.6067448933694672,0.30506113171577454,0.3193950668862451,odom,episode_start,odom
178.0760968049999,2026-09-13T11:41:02.504183+00:00,1789299662.4775126,0.026670455932617188,4.3779637973907155,2.6067700192058627,0.3050602078437805,0.31958857409997554,odom,episode_start,odom
178.13043451900012,2026-09-13T11:41:02.558525+00:00,1789299662.5475695,0.010955572128295898,4.378031721399776,2.607168914254752,0.30546024441719055,0.34095705998850634,odom,episode_start,odom
178.18599434899988,2026-09-13T11:41:02.614082+00:00,1789299662.5896974,0.024384737014770508,4.378397888604923,2.607151735780931,0.30554044246673584,0.35837845088755355,odom,episode_start,odom
178.2389453630003,2026-09-13T11:41:02.667038+00:00,1789299662.6542585,0.012779474258422852,4.379169935913035,2.6076647847295993,0.3057456910610199,0.38466819813001635,odom,episode_start,odom
178.2998395349996,2026-09-13T11:41:02.727926+00:00,1789299662.7008438,0.027082204818725586,4.379870505090981,2.6080665610540894,0.30598023533821106,0.40108578716955967,odom,episode_start,odom
178.35556065400033,2026-09-13T11:41:02.783279+00:00,1789299662.7608247,0.022454261779785156,4.380751236191441,2.6085594595201806,0.30637606978416443,0.4222286348615871,odom,episode_start,odom
178.40905435399964,2026-09-13T11:41:02.837144+00:00,1789299662.8044236,0.032720327377319336,4.381501519798876,2.608908002533018,0.3065283000469208,0.43713539738501384,odom,episode_start,odom
178.46793039899967,2026-09-13T11:41:02.896016+00:00,1789299662.8642032,0.03181266784667969,4.382446745963343,2.609577550392462,0.306802362203598,0.45626748917902105,odom,episode_start,odom
178.5206623289996,2026-09-13T11:41:02.948751+00:00,1789299662.9380383,0.010712623596191406,4.383800373857442,2.6106836796218897,0.30575430393218994,0.4769210715218289,odom,episode_start,odom
178.58370644299976,2026-09-13T11:41:03.011793+00:00,1789299662.9775062,0.0342867374420166,4.384449439880855,2.6111778862536155,0.3057846128940582,0.4878043245785284,odom,episode_start,odom
178.64635408600043,2026-09-13T11:41:03.074444+00:00,1789299663.0378141,0.03662991523742676,4.3854214269384055,2.611777035829637,0.3060603439807892,0.5046563919419387,odom,episode_start,odom
178.69700935699984,2026-09-13T11:41:03.125109+00:00,1789299663.104214,0.020895004272460938,4.386268883025389,2.612347447276066,0.3063591420650482,0.5208084540046357,odom,episode_start,odom
178.75516379199962,2026-09-13T11:41:03.183245+00:00,1789299663.1408837,0.04236125946044922,4.387188870385889,2.6130934449465633,0.30639880895614624,0.5323353834861456,odom,episode_start,odom
178.81053420300032,2026-09-13T11:41:03.238625+00:00,1789299663.1907508,0.04787421226501465,4.387999223157486,2.613957841255468,0.3065192997455597,0.5443232433880003,odom,episode_start,odom
178.86297837199982,2026-09-13T11:41:03.290183+00:00,1789299663.2543972,0.03578591346740723,4.388913773564266,2.6148445268925187,0.3066529333591461,0.5601562828803839,odom,episode_start,odom
178.93372559700038,2026-09-13T11:41:03.361815+00:00,1789299663.3241494,0.037665605545043945,4.3897316810882225,2.6148498340000055,0.30685901641845703,0.57915725815058,odom,episode_start,odom
178.9894927969999,2026-09-13T11:41:03.417583+00:00,1789299663.377621,0.039962053298950195,4.390301429022931,2.6143136675177394,0.3069973289966583,0.5930836514934751,odom,episode_start,odom
179.04330616199968,2026-09-13T11:41:03.471394+00:00,1789299663.4285457,0.04284834861755371,4.391242587740231,2.613469109682331,0.3071569800376892,0.6068435002656601,odom,episode_start,odom
179.0949102200002,2026-09-13T11:41:03.523001+00:00,1789299663.4845517,0.03844928741455078,4.392522623964527,2.6126864994720345,0.3070731461048126,0.6232481090641067,odom,episode_start,odom
179.15743846500027,2026-09-13T11:41:03.585520+00:00,1789299663.5580654,0.027454614639282227,4.394061547860551,2.6124155650265344,0.30684125423431396,0.6439761860938176,odom,episode_start,odom
179.21691038100016,2026-09-13T11:41:03.645000+00:00,1789299663.6245456,0.02045440673828125,4.395261951026012,2.6131869933868814,0.30645623803138733,0.6610232402282558,odom,episode_start,odom
179.27303427300012,2026-09-13T11:41:03.701121+00:00,1789299663.6774144,0.023706674575805664,4.3957510936647655,2.614695605939457,0.30628684163093567,0.6788560772134855,odom,episode_start,odom
179.32663853800022,2026-09-13T11:41:03.754726+00:00,1789299663.7343907,0.02033519744873047,4.396451171266697,2.6159516890897985,0.30544134974479675,0.6977546551243865,odom,episode_start,odom
179.38727602200015,2026-09-13T11:41:03.815366+00:00,1789299663.7940717,0.021294355392456055,4.39664426752582,2.617111307252391,0.3050159215927124,0.7172172439631888,odom,episode_start,odom
179.44355073899987,2026-09-13T11:41:03.871640+00:00,1789299663.8641431,0.007496833801269531,4.397239142493182,2.617908493297533,0.3046198785305023,0.7416893347248972,odom,episode_start,odom
179.4970242440004,2026-09-13T11:41:03.925111+00:00,1789299663.8840568,0.04105424880981445,4.397380070790288,2.61809571343208,0.3044252395629883,0.7483995438962614,odom,episode_start,odom
179.55783825100025,2026-09-13T11:41:03.985922+00:00,1789299663.957377,0.028545141220092773,4.397568991006338,2.618838383018312,0.3037755489349365,0.7744078409244699,odom,episode_start,odom
179.6299113719997,2026-09-13T11:41:04.057997+00:00,1789299664.0040843,0.05391263961791992,4.39782292426948,2.6193107919022918,0.3029368817806244,0.7922108895590204,odom,episode_start,odom
179.6875331049996,2026-09-13T11:41:04.115623+00:00,1789299664.1008847,0.014738321304321289,4.397449377224076,2.6202938166610776,0.30208534002304077,0.824034771296475,odom,episode_start,odom
179.7391634679998,2026-09-13T11:41:04.167253+00:00,1789299664.157521,0.00973200798034668,4.402162036444574,2.6167555327785115,0.3018157184123993,0.8369918670727108,odom,episode_start,odom
179.8119284989998,2026-09-13T11:41:04.240018+00:00,1789299664.2146127,0.025405168533325195,4.399177188472185,2.619203775126279,0.3002379536628723,0.8256994693497185,odom,episode_start,odom
179.8648277960001,2026-09-13T11:41:04.292919+00:00,1789299664.2679193,0.024999618530273438,4.3985140078070355,2.6179957197286625,0.3012160658836365,0.8197385109562022,odom,episode_start,odom
179.923458192,2026-09-13T11:41:04.351546+00:00,1789299664.3360674,0.01547861099243164,4.396584843015571,2.6171384086380867,0.30345430970191956,0.8137284940874573,odom,episode_start,odom
179.98291829899972,2026-09-13T11:41:04.410972+00:00,1789299664.3773568,0.0336153507232666,4.3942824496381,2.6185608346064173,0.30562499165534973,0.8126177516479558,odom,episode_start,odom
180.05751917500038,2026-09-13T11:41:04.485609+00:00,1789299664.4540067,0.03160238265991211,4.392802930196066,2.6177719804960438,0.30527809262275696,0.8284467083274409,odom,episode_start,odom
180.11512679499992,2026-09-13T11:41:04.543215+00:00,1789299664.5276096,0.015605449676513672,4.390806646079581,2.6193467868098215,0.3002628684043884,0.8416946263554127,odom,episode_start,odom
180.17748757299978,2026-09-13T11:41:04.605576+00:00,1789299664.5877767,0.01779937744140625,4.389097622545367,2.618959140316327,0.29805031418800354,0.8358367418688996,odom,episode_start,odom
180.24756330400032,2026-09-13T11:41:04.675640+00:00,1789299664.650882,0.024758100509643555,4.389779021215167,2.617283643441265,0.29741916060447693,0.8361631115648002,odom,episode_start,odom
180.29838895099965,2026-09-13T11:41:04.726479+00:00,1789299664.7179058,0.008573293685913086,4.390079407422897,2.6158148759082165,0.29739704728126526,0.8388362034308351,odom,episode_start,odom
180.35655055299958,2026-09-13T11:41:04.784642+00:00,1789299664.7641902,0.020451784133911133,4.389851875600721,2.615362061799341,0.297522634267807,0.838668430377002,odom,episode_start,odom
180.40846281999984,2026-09-13T11:41:04.836550+00:00,1789299664.8176372,0.018912792205810547,4.3893926414768325,2.6152102187967,0.29759520292282104,0.8384767113741383,odom,episode_start,odom
180.46483760499996,2026-09-13T11:41:04.892929+00:00,1789299664.8579206,0.03500843048095703,4.389066016622493,2.614951848418096,0.29766446352005005,0.8382879298175587,odom,episode_start,odom
180.5168314120001,2026-09-13T11:41:04.944921+00:00,1789299664.9174578,0.027463197708129883,4.3887404656577225,2.6145052680948178,0.2977006435394287,0.8383265998658028,odom,episode_start,odom
180.56953252200037,2026-09-13T11:41:04.997621+00:00,1789299664.98482,0.012801170349121094,4.388474902256541,2.6141594557673207,0.2977118194103241,0.8378846444009473,odom,episode_start,odom
180.62123971999972,2026-09-13T11:41:05.049331+00:00,1789299665.0139503,0.03538060188293457,4.388396713255292,2.614093803229639,0.2977305054664612,0.8378515072667644,odom,episode_start,odom
180.6727087930003,2026-09-13T11:41:05.100797+00:00,1789299665.0807796,0.020017385482788086,4.388201304631575,2.6139056138343664,0.2977401912212372,0.8381792265734589,odom,episode_start,odom
180.72778590500002,2026-09-13T11:41:05.155874+00:00,1789299665.1343248,0.021549224853515625,4.388077689514944,2.6137819991157576,0.29772472381591797,0.8381194316076601,odom,episode_start,odom
180.77978169499966,2026-09-13T11:41:05.207872+00:00,1789299665.174161,0.03371095657348633,4.387943006915591,2.61366562049987,0.2977333962917328,0.8378128772315129,odom,episode_start,odom
180.83825557,2026-09-13T11:41:05.266344+00:00,1789299665.2339275,0.032416582107543945,4.387740002737034,2.6135563566804025,0.29774147272109985,0.8377644143869791,odom,episode_start,odom
180.8925097880001,2026-09-13T11:41:05.320599+00:00,1789299665.2905676,0.030031442642211914,4.387553355184236,2.613459839674556,0.2977778911590576,0.8377392688899623,odom,episode_start,odom
180.94502381500024,2026-09-13T11:41:05.373113+00:00,1789299665.350823,0.02228999137878418,4.387376022225094,2.6133755581485727,0.2978030741214752,0.8375605511319435,odom,episode_start,odom
181.01761033799994,2026-09-13T11:41:05.445700+00:00,1789299665.4175112,0.028188705444335938,4.3873256270093925,2.6132927607905008,0.29779052734375,0.8375534751790782,odom,episode_start,odom
181.0702128820003,2026-09-13T11:41:05.498299+00:00,1789299665.4839108,0.014388084411621094,4.387232018579575,2.613237806058475,0.2977961599826813,0.8377351006814545,odom,episode_start,odom
181.13075103000028,2026-09-13T11:41:05.558834+00:00,1789299665.5510068,0.007827281951904297,4.387126959191592,2.61321082081795,0.29778483510017395,0.8375183195446193,odom,episode_start,odom
181.186839942,2026-09-13T11:41:05.614930+00:00,1789299665.592533,0.02239680290222168,4.387043942846221,2.6131977540611198,0.29778853058815,0.8377414538592132,odom,episode_start,odom
181.2387893289997,2026-09-13T11:41:05.666879+00:00,1789299665.6373084,0.029570579528808594,4.386926286341521,2.6130555543299026,0.2977944314479828,0.837483105098725,odom,episode_start,odom
181.29634897800042,2026-09-13T11:41:05.724432+00:00,1789299665.6940825,0.0303494930267334,4.386767662480865,2.6129327232396355,0.2978041172027588,0.8375463362316369,odom,episode_start,odom
181.36330546299996,2026-09-13T11:41:05.791394+00:00,1789299665.7658029,0.025591135025024414,4.3865435248601345,2.6128291412707307,0.2978219985961914,0.8372167612405421,odom,episode_start,odom
181.41742114600038,2026-09-13T11:41:05.845512+00:00,1789299665.832219,0.013293027877807617,4.386411911355696,2.612777771533667,0.29785749316215515,0.83703596234868,odom,episode_start,odom
181.47365035300027,2026-09-13T11:41:05.901740+00:00,1789299665.8905687,0.011171340942382812,4.386440526392272,2.6127432023519432,0.2978318929672241,0.8368631727747762,odom,episode_start,odom
181.53562570099984,2026-09-13T11:41:05.963716+00:00,1789299665.9306116,0.03310441970825195,4.3864959706194675,2.6127878143631498,0.29782015085220337,0.836887738607374,odom,episode_start,odom
181.6040816599998,2026-09-13T11:41:06.032170+00:00,1789299666.0107765,0.021393537521362305,4.386433793483592,2.612810469993945,0.2978088855743408,0.8369527220744936,odom,episode_start,odom
181.65460706399972,2026-09-13T11:41:06.082699+00:00,1789299666.0538976,0.028801441192626953,4.386399606883953,2.61277747541477,0.2978140413761139,0.8367826469588123,odom,episode_start,odom
181.71362672800024,2026-09-13T11:41:06.141709+00:00,1789299666.1211092,0.020599842071533203,4.386333680959319,2.612706352568453,0.29782941937446594,0.8365362239075553,odom,episode_start,odom
181.77100777299984,2026-09-13T11:41:06.199084+00:00,1789299666.1672723,0.03181171417236328,4.386295973889813,2.6127267328581185,0.29783475399017334,0.8366929717050993,odom,episode_start,odom
181.8351554310002,2026-09-13T11:41:06.263243+00:00,1789299666.2488058,0.014437198638916016,4.386172692813284,2.612723802938836,0.29785963892936707,0.8365431612801947,odom,episode_start,odom
181.89442278800016,2026-09-13T11:41:06.322513+00:00,1789299666.2871377,0.035375356674194336,4.386120801318504,2.6126715060305203,0.29784464836120605,0.8365347594977173,odom,episode_start,odom
181.95021357000041,2026-09-13T11:41:06.378301+00:00,1789299666.3139474,0.06435346603393555,4.3860954014008104,2.6126431209005365,0.2978407144546509,0.8365290547062859,odom,episode_start,odom
182.00125481000032,2026-09-13T11:41:06.429353+00:00,1789299666.3971097,0.03224325180053711,4.385839406722213,2.6124932493762407,0.29786011576652527,0.8363772491439915,odom,episode_start,odom
182.05677661699974,2026-09-13T11:41:06.484866+00:00,1789299666.4672422,0.0176236629486084,4.385625696498777,2.612392135826222,0.2978802025318146,0.8364027647139962,odom,episode_start,odom
182.10779535999973,2026-09-13T11:41:06.535886+00:00,1789299666.5205607,0.015325307846069336,4.38549434407111,2.612270025725421,0.29788342118263245,0.8363917615674169,odom,episode_start,odom
182.1685899060003,2026-09-13T11:41:06.596680+00:00,1789299666.5805595,0.016120433807373047,4.3853525789378835,2.6121310155020616,0.2978965938091278,0.8360820879467544,odom,episode_start,odom
182.23247838099996,2026-09-13T11:41:06.660567+00:00,1789299666.6141176,0.04644942283630371,4.385279915438773,2.6120853146110368,0.2979177236557007,0.8360447444118194,odom,episode_start,odom
182.28543044700018,2026-09-13T11:41:06.713520+00:00,1789299666.693829,0.019690990447998047,4.385141029995637,2.6120426028042467,0.29792293906211853,0.8361871886311294,odom,episode_start,odom
182.36179074400025,2026-09-13T11:41:06.789880+00:00,1789299666.7639472,0.025932788848876953,4.385113767695227,2.612001958270581,0.29790234565734863,0.8360278376473517,odom,episode_start,odom
182.419388282,2026-09-13T11:41:06.847389+00:00,1789299666.8038952,0.04349374771118164,4.3850840222841985,2.6119861728378795,0.29790323972702026,0.8359800369794976,odom,episode_start,odom
182.47094007800024,2026-09-13T11:41:06.899031+00:00,1789299666.8704944,0.028536558151245117,4.384980324070617,2.6119840191015666,0.297933965921402,0.8361003126686501,odom,episode_start,odom
182.52753135199964,2026-09-13T11:41:06.955620+00:00,1789299666.9449747,0.010645389556884766,4.38476569868759,2.6118378133767632,0.2979360818862915,0.836184854964549,odom,episode_start,odom
182.58080993099975,2026-09-13T11:41:07.008897+00:00,1789299666.990558,0.018339157104492188,4.384683666294677,2.6117558345896503,0.2979470193386078,0.8361262109113287,odom,episode_start,odom
182.64831898900047,2026-09-13T11:41:07.076406+00:00,1789299667.0471206,0.029285430908203125,4.384561321322971,2.6116690882182088,0.2979697585105896,0.8361617756802302,odom,episode_start,odom
182.70059136800046,2026-09-13T11:41:07.128676+00:00,1789299667.1070542,0.0216217041015625,4.3845215384426,2.6116392389721876,0.29796355962753296,0.8359167673740334,odom,episode_start,odom
182.76746231000016,2026-09-13T11:41:07.195551+00:00,1789299667.1670454,0.028505563735961914,4.384460678206917,2.61160640630059,0.29796168208122253,0.8358017968744819,odom,episode_start,odom
182.832551298,2026-09-13T11:41:07.260640+00:00,1789299667.224122,0.03651785850524902,4.384474821038053,2.61154970215342,0.2979494333267212,0.8356491453078605,odom,episode_start,odom
182.88722355299979,2026-09-13T11:41:07.315312+00:00,1789299667.2839637,0.031348228454589844,4.384470088296836,2.611524835706589,0.29795199632644653,0.8355737967740262,odom,episode_start,odom
182.9399159550003,2026-09-13T11:41:07.368005+00:00,1789299667.3176832,0.05032181739807129,4.384434036634409,2.6115286432622784,0.2979404330253601,0.8356661060248227,odom,episode_start,odom
182.9982918380001,2026-09-13T11:41:07.426389+00:00,1789299667.4113872,0.015001773834228516,4.384348011053422,2.611500101883376,0.297947496175766,0.8356377327147859,odom,episode_start,odom
183.065088888,2026-09-13T11:41:07.493174+00:00,1789299667.4571335,0.036040544509887695,4.383900940640134,2.6118892086297327,0.2977198362350464,0.8279006877232185,odom,episode_start,odom
183.11663575500006,2026-09-13T11:41:07.544728+00:00,1789299667.5343084,0.010419607162475586,4.384154719237675,2.611120678616081,0.29855266213417053,0.801090733977176,odom,episode_start,odom
183.17917701900024,2026-09-13T11:41:07.607267+00:00,1789299667.592063,0.01520395278930664,4.38434986896497,2.610448888567026,0.30004745721817017,0.7850066184751546,odom,episode_start,odom
183.23824836400036,2026-09-13T11:41:07.666335+00:00,1789299667.650594,0.01574110984802246,4.384814627396931,2.609878993710606,0.3015564978122711,0.768093873478092,odom,episode_start,odom
183.28932470899963,2026-09-13T11:41:07.717420+00:00,1789299667.710438,0.006982088088989258,4.385091589340158,2.6096292729213535,0.3048192858695984,0.7534461935015158,odom,episode_start,odom
183.3558842100001,2026-09-13T11:41:07.783975+00:00,1789299667.7606223,0.023352622985839844,4.385372151863438,2.60938677165687,0.30667081475257874,0.7413113092412064,odom,episode_start,odom
183.41004562099988,2026-09-13T11:41:07.838135+00:00,1789299667.7903638,0.04777121543884277,4.385483687550113,2.609335460388221,0.30750420689582825,0.7345544385798117,odom,episode_start,odom
183.47634901200036,2026-09-13T11:41:07.904385+00:00,1789299667.8504121,0.05397295951843262,4.385706818782762,2.6092823721076757,0.30852505564689636,0.7194771472991773,odom,episode_start,odom
183.5292172319996,2026-09-13T11:41:07.957306+00:00,1789299667.9270227,0.030283212661743164,4.3856278317577635,2.6088089439305975,0.309661328792572,0.7041357546342378,odom,episode_start,odom
183.5965364220001,2026-09-13T11:41:08.024620+00:00,1789299667.9771347,0.0474853515625,4.385269822563762,2.6085042214572325,0.31033337116241455,0.6946324107920346,odom,episode_start,odom
183.648172573,2026-09-13T11:41:08.076262+00:00,1789299668.0369968,0.03926515579223633,4.38426723608627,2.608124604519534,0.31098297238349915,0.6819944232534458,odom,episode_start,odom
183.71290435599985,2026-09-13T11:41:08.140995+00:00,1789299668.1107833,0.030211687088012695,4.382489689852693,2.6073535339262888,0.3116421103477478,0.6693263316772448,odom,episode_start,odom
183.7654559169996,2026-09-13T11:41:08.193545+00:00,1789299668.1838412,0.009703874588012695,4.380259604184185,2.606044941040902,0.3119371235370636,0.6557109912800018,odom,episode_start,odom
183.81933433599988,2026-09-13T11:41:08.247418+00:00,1789299668.2170851,0.03033280372619629,4.379047979967153,2.605292312908024,0.3121214807033539,0.6480606760626731,odom,episode_start,odom
183.87365226600014,2026-09-13T11:41:08.301739+00:00,1789299668.2870011,0.014737844467163086,4.3758774624240955,2.6038666786910722,0.31276220083236694,0.6286345696674467,odom,episode_start,odom
183.92463062099978,2026-09-13T11:41:08.352722+00:00,1789299668.340323,0.012398958206176758,4.374399670857134,2.603516260691208,0.3134874999523163,0.609752569219695,odom,episode_start,odom
183.997415455,2026-09-13T11:41:08.425505+00:00,1789299668.3937368,0.031768083572387695,4.373099661638544,2.6030408332444077,0.3138853907585144,0.5907201469013758,odom,episode_start,odom
184.0499759129998,2026-09-13T11:41:08.478063+00:00,1789299668.463522,0.014541149139404297,4.371092599102113,2.602512725515547,0.3139403164386749,0.5688250277262118,odom,episode_start,odom
184.10631376200035,2026-09-13T11:41:08.534394+00:00,1789299668.513563,0.02083110809326172,4.369623516689671,2.60256807454938,0.3142697811126709,0.5550373334566285,odom,episode_start,odom
184.16047136399993,2026-09-13T11:41:08.588558+00:00,1789299668.5753107,0.013247251510620117,4.36868024443712,2.602780407520182,0.3145257532596588,0.5378956108983436,odom,episode_start,odom
184.2124875039999,2026-09-13T11:41:08.640575+00:00,1789299668.616909,0.023665904998779297,4.368709164232032,2.6035298149794084,0.31493693590164185,0.5266144983532461,odom,episode_start,odom
184.2730168799999,2026-09-13T11:41:08.701099+00:00,1789299668.6702433,0.030855655670166016,4.369245008787556,2.6046479363839445,0.3152987062931061,0.514165031472839,odom,episode_start,odom
184.32540238399997,2026-09-13T11:41:08.753493+00:00,1789299668.7077174,0.045775651931762695,4.369688392460506,2.6055743495110435,0.31564030051231384,0.5057683198605344,odom,episode_start,odom
184.3762339470004,2026-09-13T11:41:08.804326+00:00,1789299668.767597,0.03672909736633301,4.37026790994602,2.607157103278131,0.3161652386188507,0.49280977980147944,odom,episode_start,odom
184.42987459199958,2026-09-13T11:41:08.857966+00:00,1789299668.8383217,0.01964426040649414,4.370964380617088,2.609031257343638,0.31679993867874146,0.47862671035003634,odom,episode_start,odom
184.48831719700047,2026-09-13T11:41:08.916413+00:00,1789299668.9051485,0.011264562606811523,4.3713513287645185,2.6099891863416476,0.31721460819244385,0.46695759905393874,odom,episode_start,odom
184.54162860799988,2026-09-13T11:41:08.969717+00:00,1789299668.9263291,0.04338788986206055,4.371457502446528,2.6103608954278728,0.31738314032554626,0.4595447242434738,odom,episode_start,odom
184.61119943999984,2026-09-13T11:41:09.039287+00:00,1789299669.0035944,0.035692691802978516,4.37152154722795,2.6107631896403287,0.31796878576278687,0.44391719071475444,odom,episode_start,odom
184.66348714600008,2026-09-13T11:41:09.091573+00:00,1789299669.046935,0.04463791847229004,4.371265778387183,2.610933147918151,0.3181931972503662,0.434511461124957,odom,episode_start,odom
184.7158869220002,2026-09-13T11:41:09.143978+00:00,1789299669.094581,0.04939723014831543,4.3704514985446945,2.6112024883018754,0.31843462586402893,0.42396068974314804,odom,episode_start,odom
184.7734795590004,2026-09-13T11:41:09.201572+00:00,1789299669.180474,0.021097898483276367,4.36849465800565,2.6122737686227784,0.31884312629699707,0.3980042089754552,odom,episode_start,odom
184.82728200400015,2026-09-13T11:41:09.255371+00:00,1789299669.2311475,0.02422356605529785,4.367318176850046,2.6132610491389934,0.31890588998794556,0.3823182562730685,odom,episode_start,odom
184.8786124090002,2026-09-13T11:41:09.306701+00:00,1789299669.2831347,0.023566246032714844,4.365372043448249,2.6144314402618853,0.31864824891090393,0.3661265662105593,odom,episode_start,odom
184.93236701099977,2026-09-13T11:41:09.360454+00:00,1789299669.320231,0.040223121643066406,4.364180327899428,2.614969084760262,0.31821179389953613,0.35311678454774204,odom,episode_start,odom
184.98674107199986,2026-09-13T11:41:09.414827+00:00,1789299669.390419,0.02440810203552246,4.362304404667611,2.6164284023030397,0.31820550560951233,0.3314476619974447,odom,episode_start,odom
185.05692579300012,2026-09-13T11:41:09.484967+00:00,1789299669.4368563,0.0481107234954834,4.361624572555763,2.6171686434790136,0.31819266080856323,0.31679116386312467,odom,episode_start,odom
185.1146888080002,2026-09-13T11:41:09.542777+00:00,1789299669.483567,0.05921006202697754,4.362040064961177,2.6181151002751113,0.3164672255516052,0.3006883683895276,odom,episode_start,odom
185.17116637599975,2026-09-13T11:41:09.599256+00:00,1789299669.5446823,0.054573774337768555,4.363368507458098,2.619338075577997,0.3160722553730011,0.27938753650499404,odom,episode_start,odom
185.2349025829999,2026-09-13T11:41:09.662961+00:00,1789299669.6075406,0.0554203987121582,4.36546144459381,2.621513282739564,0.31621062755584717,0.2556579920419175,odom,episode_start,odom
185.3132424080004,2026-09-13T11:41:09.741333+00:00,1789299669.6903636,0.05096936225891113,4.3681574236459815,2.625145478488209,0.31623971462249756,0.2244174297554522,odom,episode_start,odom
185.36540847499964,2026-09-13T11:41:09.793497+00:00,1789299669.7768228,0.016674280166625977,4.370063257095219,2.6289567621724856,0.3160598874092102,0.1906133331996338,odom,episode_start,odom
185.41937451299964,2026-09-13T11:41:09.847464+00:00,1789299669.8235507,0.02391338348388672,4.370203497167319,2.6306712229567433,0.3150743246078491,0.1710926911453683,odom,episode_start,odom
185.47438083199995,2026-09-13T11:41:09.902468+00:00,1789299669.8705118,0.03195619583129883,4.370379138688781,2.631813429663021,0.31421998143196106,0.15101814178018858,odom,episode_start,odom
185.53607260700028,2026-09-13T11:41:09.963922+00:00,1789299669.9312422,0.03267979621887207,4.369797085088265,2.631607610520672,0.3126251995563507,0.1203478632225412,odom,episode_start,odom
185.59586830900025,2026-09-13T11:41:10.023954+00:00,1789299669.963407,0.060546875,4.369531662554308,2.632500814948296,0.3119477927684784,0.1044745368943576,odom,episode_start,odom
185.64894127200023,2026-09-13T11:41:10.077023+00:00,1789299670.0435593,0.03346371650695801,4.368456972667804,2.636075352491459,0.3105093240737915,0.06715504991100896,odom,episode_start,odom
185.71535468100046,2026-09-13T11:41:10.143437+00:00,1789299670.113806,0.02963089942932129,4.369147317465799,2.639757403937033,0.30884653329849243,0.03681394165747154,odom,episode_start,odom
185.77494902699982,2026-09-13T11:41:10.203010+00:00,1789299670.1870291,0.015980958938598633,4.371065121439606,2.641792243473278,0.3096017837524414,0.010056648083307085,odom,episode_start,odom
185.83784841899978,2026-09-13T11:41:10.265940+00:00,1789299670.2469473,0.01899266242980957,4.373031781362819,2.642945695048862,0.3101847171783447,-0.01096965526147975,odom,episode_start,odom
185.8888785500003,2026-09-13T11:41:10.316972+00:00,1789299670.303524,0.013447999954223633,4.3747753677279455,2.643987247018869,0.3103870153427124,-0.030791092879417725,odom,episode_start,odom
185.94291307099957,2026-09-13T11:41:10.371002+00:00,1789299670.3570316,0.013970375061035156,4.375198785761237,2.645938890538917,0.3115435838699341,-0.04574306244474569,odom,episode_start,odom
185.99966614000004,2026-09-13T11:41:10.427753+00:00,1789299670.396801,0.030951976776123047,4.375131998583521,2.64674473004974,0.3124374747276306,-0.0656603490816019,odom,episode_start,odom
186.05619251000007,2026-09-13T11:41:10.484282+00:00,1789299670.4694338,0.01484823226928711,4.375263561356857,2.645561400034911,0.3130336403846741,-0.10057877828638095,odom,episode_start,odom
186.11576371899991,2026-09-13T11:41:10.543854+00:00,1789299670.528877,0.014976978302001953,4.37620601056728,2.6442539571668657,0.3131062686443329,-0.12716143065879648,odom,episode_start,odom
186.16760487099964,2026-09-13T11:41:10.595691+00:00,1789299670.5635211,0.03216981887817383,4.375969389896351,2.645764792847847,0.31343764066696167,-0.1452339264621254,odom,episode_start,odom
186.22022248099984,2026-09-13T11:41:10.648312+00:00,1789299670.6200318,0.028280258178710938,4.374893893331312,2.644126926810629,0.31178316473960876,-0.17339190815925876,odom,episode_start,odom
186.27160527199976,2026-09-13T11:41:10.699695+00:00,1789299670.6834564,0.016238689422607422,4.37611750038967,2.645041025933191,0.31248319149017334,-0.2038682457680756,odom,episode_start,odom
186.3422840029998,2026-09-13T11:41:10.770368+00:00,1789299670.7401724,0.03019571304321289,4.376417893452316,2.6449738681806685,0.31268370151519775,-0.229387822784912,odom,episode_start,odom
186.4038275439998,2026-09-13T11:41:10.831914+00:00,1789299670.7666576,0.06525635719299316,4.375435920249175,2.6448209573451384,0.31215494871139526,-0.2299422601946366,odom,episode_start,odom
186.46225261000018,2026-09-13T11:41:10.890339+00:00,1789299670.8768084,0.013530492782592773,4.376590673853941,2.6478432146848188,0.3122657835483551,-0.21999832656724894,odom,episode_start,odom
186.51671265799996,2026-09-13T11:41:10.944801+00:00,1789299670.9167142,0.02808690071105957,4.3772404578926185,2.6493190309966117,0.31240537762641907,-0.21843931129868976,odom,episode_start,odom
186.56875378899986,2026-09-13T11:41:10.996843+00:00,1789299670.9774532,0.019389867782592773,4.378618219526551,2.6494532495084266,0.3115605413913727,-0.221094584520247,odom,episode_start,odom
186.6358628500002,2026-09-13T11:41:11.063947+00:00,1789299671.03014,0.03380703926086426,4.377887194467189,2.648170477136951,0.3099951446056366,-0.22332386005836247,odom,episode_start,odom
186.7122152359998,2026-09-13T11:41:11.140299+00:00,1789299671.1113913,0.02890777587890625,4.3774880436994765,2.6476383974571878,0.31015461683273315,-0.21666822255787221,odom,episode_start,odom
186.77083522300018,2026-09-13T11:41:11.198922+00:00,1789299671.1720693,0.02685260772705078,4.377305921222296,2.648823125475256,0.30994686484336853,-0.21283066511976045,odom,episode_start,odom
186.83328313200036,2026-09-13T11:41:11.261372+00:00,1789299671.2341795,0.02719259262084961,4.37748307639464,2.64987133848956,0.3100835382938385,-0.20886665003113938,odom,episode_start,odom
186.88822621300005,2026-09-13T11:41:11.316315+00:00,1789299671.304518,0.011796951293945312,4.3777273658888305,2.6503762876986796,0.31022676825523376,-0.2057786410159743,odom,episode_start,odom
186.9442127760003,2026-09-13T11:41:11.372302+00:00,1789299671.3472605,0.025041580200195312,4.377942022243026,2.650337307406157,0.3102344572544098,-0.20466209493776488,odom,episode_start,odom
186.99939219000044,2026-09-13T11:41:11.427483+00:00,1789299671.4066112,0.020871877670288086,4.3781286288960315,2.6501644743030504,0.31019827723503113,-0.20420280662338033,odom,episode_start,odom
187.0681077400004,2026-09-13T11:41:11.496134+00:00,1789299671.470003,0.026131153106689453,4.378368092930126,2.650178488083997,0.309950053691864,-0.203564461971127,odom,episode_start,odom
187.13704826200046,2026-09-13T11:41:11.565139+00:00,1789299671.5366647,0.02847433090209961,4.3784984126643405,2.6503709596393845,0.310009241104126,-0.202961137309571,odom,episode_start,odom
187.204571106,2026-09-13T11:41:11.632662+00:00,1789299671.6002367,0.0324254035949707,4.378530491389578,2.6504316496287617,0.3100754916667938,-0.20285206391389,odom,episode_start,odom
187.26139220999994,2026-09-13T11:41:11.689480+00:00,1789299671.6665955,0.022884607315063477,4.3785096437418485,2.650295882021534,0.31008192896842957,-0.20292731992095336,odom,episode_start,odom
187.31571541799985,2026-09-13T11:41:11.743806+00:00,1789299671.7135324,0.0302734375,4.378523626551626,2.650241604004765,0.309879869222641,-0.20274191045625267,odom,episode_start,odom
187.38565749900044,2026-09-13T11:41:11.813743+00:00,1789299671.7833843,0.03035879135131836,4.378567762271199,2.650251637701668,0.30985915660858154,-0.20265540723665906,odom,episode_start,odom
187.44280780499957,2026-09-13T11:41:11.870899+00:00,1789299671.840055,0.03084397315979004,4.378661976737186,2.6502839056327185,0.3099939525127411,-0.2026357657230753,odom,episode_start,odom
187.50998131800043,2026-09-13T11:41:11.938071+00:00,1789299671.8865895,0.05148148536682129,4.378661368715292,2.6502156852084373,0.3100569546222687,-0.2026905869227087,odom,episode_start,odom
187.5657374680004,2026-09-13T11:41:11.993824+00:00,1789299671.94672,0.0471041202545166,4.378620345073464,2.650120104207907,0.31009334325790405,-0.20259776146396913,odom,episode_start,odom
187.6257586190004,2026-09-13T11:41:12.053850+00:00,1789299672.0233114,0.030538558959960938,4.3786001018742,2.6501179724096877,0.3100074827671051,-0.20258967424273577,odom,episode_start,odom
187.6896085239996,2026-09-13T11:41:12.117697+00:00,1789299672.096597,0.02110004425048828,4.378567598278392,2.6500722493815583,0.3100314438343048,-0.20275887445462315,odom,episode_start,odom
187.7654120770003,2026-09-13T11:41:12.193500+00:00,1789299672.143355,0.05014514923095703,4.378534219131407,2.6500199082985385,0.31006720662117004,-0.20255354424949235,odom,episode_start,odom
187.8197229309999,2026-09-13T11:41:12.247664+00:00,1789299672.2335262,0.014137744903564453,4.37843586326864,2.649954518823354,0.3101005554199219,-0.20242067341862824,odom,episode_start,odom
187.8728142609998,2026-09-13T11:41:12.300902+00:00,1789299672.2831812,0.017720699310302734,4.378502884426096,2.649955752933292,0.3100501298904419,-0.2024122957265404,odom,episode_start,odom
187.93363004799994,2026-09-13T11:41:12.361720+00:00,1789299672.3231103,0.03860974311828613,4.3785745426294955,2.6499520446463043,0.3099977374076843,-0.20242334429430064,odom,episode_start,odom
187.9945479199996,2026-09-13T11:41:12.422642+00:00,1789299672.3999114,0.022730588912963867,4.3786039237236,2.6498923625332043,0.3100321292877197,-0.20235772654920314,odom,episode_start,odom
188.06686805000027,2026-09-13T11:41:12.494959+00:00,1789299672.4664495,0.02850961685180664,4.378551175141815,2.649877215399219,0.30977863073349,-0.20218957701263607,odom,episode_start,odom
188.13610599500043,2026-09-13T11:41:12.564195+00:00,1789299672.5298548,0.03434014320373535,4.378562103747422,2.6498671117175747,0.3099110424518585,-0.20232691739806974,odom,episode_start,odom
188.19698808900011,2026-09-13T11:41:12.625078+00:00,1789299672.6035912,0.021486759185791016,4.378579877435432,2.6497724098416486,0.30994629859924316,-0.20237314210739665,odom,episode_start,odom
188.2505085949997,2026-09-13T11:41:12.678596+00:00,1789299672.6365721,0.04202389717102051,4.37855848093076,2.649757924830693,0.3099493384361267,-0.20225265128506176,odom,episode_start,odom
188.3090717140003,2026-09-13T11:41:12.737080+00:00,1789299672.690339,0.04674100875854492,4.378568435609847,2.6497604557889494,0.3098810911178589,-0.2021441517423308,odom,episode_start,odom
188.38184076499965,2026-09-13T11:41:12.809929+00:00,1789299672.787039,0.02288985252380371,4.378541549439013,2.64970629371834,0.30973371863365173,-0.2022772603085956,odom,episode_start,odom
188.43627975300024,2026-09-13T11:41:12.864362+00:00,1789299672.8431919,0.02117013931274414,4.378560233620817,2.649614838330489,0.3096989095211029,-0.20218039094078843,odom,episode_start,odom
188.4947118250002,2026-09-13T11:41:12.922800+00:00,1789299672.8808863,0.041913747787475586,4.37854665632408,2.6496267354029714,0.3096351623535156,-0.20216415758436845,odom,episode_start,odom
188.55313989600018,2026-09-13T11:41:12.981234+00:00,1789299672.9362025,0.04503154754638672,4.378544478564443,2.6496611739468037,0.30981120467185974,-0.20215446715110907,odom,episode_start,odom
188.60476298499998,2026-09-13T11:41:13.032848+00:00,1789299673.013195,0.019652843475341797,4.378592851177059,2.6496105231139753,0.3099748194217682,-0.20229742385200744,odom,episode_start,odom
188.67263032499977,2026-09-13T11:41:13.100716+00:00,1789299673.0700138,0.03070235252380371,4.3785684583417925,2.6495988394696406,0.3098545968532562,-0.20220884302027198,odom,episode_start,odom
188.72633884100014,2026-09-13T11:41:13.154428+00:00,1789299673.1323676,0.022060394287109375,4.378490041419674,2.6496332634212454,0.3097934424877167,-0.20204430274328877,odom,episode_start,odom
188.79069632400024,2026-09-13T11:41:13.218759+00:00,1789299673.2004023,0.018356800079345703,4.378521392603432,2.649650279390457,0.3099309802055359,-0.20211465254064653,odom,episode_start,odom
188.84267412000008,2026-09-13T11:41:13.270760+00:00,1789299673.259901,0.010859012603759766,4.3784973556468545,2.6496140180723216,0.30999892950057983,-0.20195918551201286,odom,episode_start,odom
188.90869230299995,2026-09-13T11:41:13.336780+00:00,1789299673.313502,0.023277997970581055,4.378455445534556,2.6495844502534647,0.3100281059741974,-0.20182905664467388,odom,episode_start,odom
188.95997246099978,2026-09-13T11:41:13.388061+00:00,1789299673.3630598,0.02500128746032715,4.37841398431615,2.649609175143109,0.309954971075058,-0.2018672083525026,odom,episode_start,odom
189.01678444299978,2026-09-13T11:41:13.444864+00:00,1789299673.4097958,0.03506827354431152,4.37844401661399,2.6495907721894576,0.30995774269104004,-0.20200220060095342,odom,episode_start,odom
189.08618722699975,2026-09-13T11:41:13.514273+00:00,1789299673.4930577,0.021215200424194336,4.378444896631951,2.6495156210134376,0.31001073122024536,-0.20206793041719617,odom,episode_start,odom
189.13890413599984,2026-09-13T11:41:13.566993+00:00,1789299673.5565317,0.01046133041381836,4.3784602699995965,2.6494573110935393,0.3100261390209198,-0.20192612763063722,odom,episode_start,odom
189.19597273900035,2026-09-13T11:41:13.624063+00:00,1789299673.609961,0.014101982116699219,4.378440025906976,2.6494715331415017,0.31003493070602417,-0.2020098007351725,odom,episode_start,odom
189.25673620199996,2026-09-13T11:41:13.684828+00:00,1789299673.6569178,0.027910232543945312,4.3784794417903505,2.649474976380267,0.3100399971008301,-0.20197487145836934,odom,episode_start,odom
189.3115995320004,2026-09-13T11:41:13.739582+00:00,1789299673.7297559,0.009826183319091797,4.378341522326452,2.6479107590816118,0.3107035756111145,-0.18806007653509837,odom,episode_start,odom
189.3652500600001,2026-09-13T11:41:13.793342+00:00,1789299673.770223,0.023119211196899414,4.37826430923745,2.647923379129285,0.31090009212493896,-0.1704552542493012,odom,episode_start,odom
189.41656135599987,2026-09-13T11:41:13.844649+00:00,1789299673.8131912,0.03145790100097656,4.378707708393792,2.64818457827225,0.31115010380744934,-0.1536277641042061,odom,episode_start,odom
189.47059344100035,2026-09-13T11:41:13.898684+00:00,1789299673.8663285,0.032355546951293945,4.3794379532965415,2.6487324980806917,0.31112462282180786,-0.13329892125908027,odom,episode_start,odom
189.522263156,2026-09-13T11:41:13.950353+00:00,1789299673.919971,0.03038191795349121,4.380438216587458,2.6496453615056135,0.3111945390701294,-0.11597201649418774,odom,episode_start,odom
189.57337975300015,2026-09-13T11:41:14.001467+00:00,1789299673.9932096,0.008257389068603516,4.381843130139179,2.6509500893619506,0.311396062374115,-0.09148346766838578,odom,episode_start,odom
189.62453081500007,2026-09-13T11:41:14.052626+00:00,1789299674.0331893,0.01943659782409668,4.3825923950505485,2.651494530889504,0.3115543723106384,-0.0782811911031831,odom,episode_start,odom
189.67943584299974,2026-09-13T11:41:14.107523+00:00,1789299674.089689,0.017833948135375977,4.383612960603985,2.6519646006989177,0.3114635646343231,-0.05946487877159545,odom,episode_start,odom
189.74704668699997,2026-09-13T11:41:14.175128+00:00,1789299674.1100104,0.06511759757995605,4.383998888463262,2.6521295088706864,0.3113207519054413,-0.05397932422320628,odom,episode_start,odom
189.80330356499962,2026-09-13T11:41:14.231390+00:00,1789299674.209783,0.021606922149658203,4.385539296432077,2.652815071173877,0.31122297048568726,-0.025284094548495117,odom,episode_start,odom
189.86142518500037,2026-09-13T11:41:14.289505+00:00,1789299674.2697904,0.0197145938873291,4.386459227307694,2.653322504285274,0.31096750497817993,-0.00729916467264391,odom,episode_start,odom
189.91635283800042,2026-09-13T11:41:14.344442+00:00,1789299674.3296344,0.014807462692260742,4.387751422085844,2.654447823769628,0.31097540259361267,0.009977440562859874,odom,episode_start,odom
189.9709558329996,2026-09-13T11:41:14.399047+00:00,1789299674.383672,0.015374898910522461,4.3889787427913305,2.655335458018497,0.31096258759498596,0.0265118513582554,odom,episode_start,odom
190.02188173099967,2026-09-13T11:41:14.449970+00:00,1789299674.437136,0.01283407211303711,4.390124065153165,2.6561540957596215,0.31082236766815186,0.041568447245838636,odom,episode_start,odom
190.07995733200005,2026-09-13T11:41:14.508041+00:00,1789299674.4898236,0.01821732521057129,4.391242187059612,2.657072530449088,0.3106176555156708,0.05744954762726251,odom,episode_start,odom
190.13604693700017,2026-09-13T11:41:14.564129+00:00,1789299674.549756,0.014373064041137695,4.392448241402985,2.658235700645364,0.31036829948425293,0.07404309414378418,odom,episode_start,odom
190.18885847399997,2026-09-13T11:41:14.616948+00:00,1789299674.5935156,0.023432254791259766,4.393410507858503,2.6591285793672297,0.31021517515182495,0.08582480366572587,odom,episode_start,odom
190.2418988870004,2026-09-13T11:41:14.669987+00:00,1789299674.6496851,0.02030181884765625,4.394416754877044,2.66019937852073,0.31015461683273315,0.10171592841663624,odom,episode_start,odom
190.30237449299966,2026-09-13T11:41:14.730464+00:00,1789299674.709619,0.02084493637084961,4.395756605349299,2.661544940514567,0.30870017409324646,0.11893069844051073,odom,episode_start,odom
190.36354834400026,2026-09-13T11:41:14.791637+00:00,1789299674.7641885,0.027448415756225586,4.396539247523626,2.662685244334164,0.30820417404174805,0.13329636513547083,odom,episode_start,odom
190.42055803099993,2026-09-13T11:41:14.848645+00:00,1789299674.8179479,0.030697107315063477,4.397803468243986,2.663819074632453,0.3072911202907562,0.15203005957528834,odom,episode_start,odom
190.47438450400023,2026-09-13T11:41:14.902470+00:00,1789299674.887414,0.015056133270263672,4.398731707426878,2.664816501408543,0.3063898980617523,0.17111538553741415,odom,episode_start,odom
190.53313963100027,2026-09-13T11:41:14.960381+00:00,1789299674.9296918,0.030689239501953125,4.3993038445680295,2.6653382012401345,0.30594274401664734,0.18500424237778537,odom,episode_start,odom
190.58626977699987,2026-09-13T11:41:15.014359+00:00,1789299674.9962912,0.01806783676147461,4.400037471262541,2.6659534935184324,0.30558061599731445,0.20429495241309747,odom,episode_start,odom
190.63865754499966,2026-09-13T11:41:15.066746+00:00,1789299675.0296636,0.03708243370056152,4.400362276221659,2.6663126319923243,0.30551111698150635,0.21279930845283856,odom,episode_start,odom
190.70341383199957,2026-09-13T11:41:15.131502+00:00,1789299675.1163363,0.015165567398071289,4.399890046415857,2.6658335097562027,0.3053189218044281,0.24549136073469602,odom,episode_start,odom
190.76119127200036,2026-09-13T11:41:15.189280+00:00,1789299675.150035,0.0392451286315918,4.400123377920974,2.6663774260543094,0.30511602759361267,0.2591814695815014,odom,episode_start,odom
190.81344354500015,2026-09-13T11:41:15.241532+00:00,1789299675.2264004,0.015131711959838867,4.39856672779094,2.667655978913315,0.3044837415218353,0.2855323670595402,odom,episode_start,odom
190.86505360699994,2026-09-13T11:41:15.293143+00:00,1789299675.2725716,0.020571470260620117,4.398794538552642,2.6665657337838726,0.30575060844421387,0.30194979617788165,odom,episode_start,odom
190.93304418299977,2026-09-13T11:41:15.361132+00:00,1789299675.3330314,0.02810049057006836,4.396161246999166,2.668584596514408,0.3084297478199005,0.3290961725075292,odom,episode_start,odom
190.9913991909998,2026-09-13T11:41:15.419478+00:00,1789299675.3929846,0.026493310928344727,4.397135297462282,2.6700973579069425,0.30816972255706787,0.3729122510618308,odom,episode_start,odom
191.0447053779999,2026-09-13T11:41:15.472795+00:00,1789299675.439642,0.03315305709838867,4.394839998135011,2.6718406289990404,0.305673211812973,0.3915694154957832,odom,episode_start,odom
191.09828223499972,2026-09-13T11:41:15.526346+00:00,1789299675.4930732,0.033272743225097656,4.393515441136768,2.675080745413079,0.3026546835899353,0.4030864368631899,odom,episode_start,odom
191.15867031499965,2026-09-13T11:41:15.586754+00:00,1789299675.5369542,0.04979991912841797,4.393359681876447,2.6748214146078126,0.29900118708610535,0.4030854855749204,odom,episode_start,odom
191.2175421510001,2026-09-13T11:41:15.645632+00:00,1789299675.6169107,0.028721332550048828,4.39193026599581,2.6734732721208734,0.297281950712204,0.40119072391922894,odom,episode_start,odom
191.27096088800045,2026-09-13T11:41:15.699051+00:00,1789299675.656266,0.042784929275512695,4.391301735812249,2.671950873708221,0.29829996824264526,0.4033758155137659,odom,episode_start,odom
191.3293773710002,2026-09-13T11:41:15.757456+00:00,1789299675.7361894,0.021266698837280273,4.390113435202325,2.670294742900121,0.2994917035102844,0.40334248452559085,odom,episode_start,odom
191.38294376399972,2026-09-13T11:41:15.811034+00:00,1789299675.7943852,0.01664876937866211,4.389422259834863,2.6699821502952843,0.298846960067749,0.40359308895830576,odom,episode_start,odom
191.43778811500033,2026-09-13T11:41:15.865869+00:00,1789299675.8327765,0.033092498779296875,4.389135356214881,2.6697368025983126,0.29784926772117615,0.4041449268989563,odom,episode_start,odom
191.49010490399996,2026-09-13T11:41:15.918133+00:00,1789299675.8834164,0.03471660614013672,4.388768468217087,2.669332246447273,0.29742270708084106,0.4043238249497994,odom,episode_start,odom
191.5473314970004,2026-09-13T11:41:15.975422+00:00,1789299675.949899,0.025522947311401367,4.388473072147836,2.6690408850629215,0.2976970076560974,0.4046230677044578,odom,episode_start,odom
191.59831880500042,2026-09-13T11:41:16.026406+00:00,1789299676.009858,0.01654815673828125,4.388259153064736,2.6694544605842694,0.2973097264766693,0.3967295900290311,odom,episode_start,odom
191.6508445319996,2026-09-13T11:41:16.078937+00:00,1789299676.0695171,0.009419918060302734,4.388298082329831,2.668821615785613,0.2994352877140045,0.37527292974968424,odom,episode_start,odom
191.70320743400043,2026-09-13T11:41:16.131299+00:00,1789299676.1027763,0.028522729873657227,4.388170195377539,2.6687620571635495,0.30183079838752747,0.36603154324236065,odom,episode_start,odom
191.75535262799986,2026-09-13T11:41:16.183441+00:00,1789299676.1629553,0.020485639572143555,4.388155763970191,2.6683748438727752,0.30415359139442444,0.34991191416175993,odom,episode_start,odom
191.8153365879998,2026-09-13T11:41:16.243427+00:00,1789299676.20684,0.03658699989318848,4.388118282437807,2.6679570106126587,0.30617204308509827,0.33877943362611984,odom,episode_start,odom
191.86624564999966,2026-09-13T11:41:16.294336+00:00,1789299676.266788,0.02754807472229004,4.387970770630407,2.667520064627235,0.3076169788837433,0.32467863412551634,odom,episode_start,odom
191.9384880739999,2026-09-13T11:41:16.366579+00:00,1789299676.352829,0.013750076293945312,4.387688306412321,2.6673246337691,0.3085213601589203,0.31435618654472375,odom,episode_start,odom
191.990577777,2026-09-13T11:41:16.418667+00:00,1789299676.4094503,0.009216785430908203,4.38630847611438,2.6670093549521434,0.30983686447143555,0.29465376376913555,odom,episode_start,odom
192.04368375899958,2026-09-13T11:41:16.471766+00:00,1789299676.4495735,0.02219247817993164,4.3854543319899575,2.666957375707181,0.3102228343486786,0.2869630019178233,odom,episode_start,odom
192.09702073100016,2026-09-13T11:41:16.525111+00:00,1789299676.516286,0.008825063705444336,4.383578923362425,2.667013571505758,0.31095564365386963,0.2748170821046696,odom,episode_start,odom
192.1484250200001,2026-09-13T11:41:16.576517+00:00,1789299676.5663283,0.010188817977905273,4.381481559539594,2.6669735924783082,0.3117333948612213,0.26294619040507095,odom,episode_start,odom
192.20171472499987,2026-09-13T11:41:16.629803+00:00,1789299676.606181,0.02362203598022461,4.379802474297347,2.6670158400117034,0.31226620078086853,0.2527225290564157,odom,episode_start,odom
192.26187997499983,2026-09-13T11:41:16.689963+00:00,1789299676.6661077,0.02385544776916504,4.376536044300799,2.66711753856631,0.31275761127471924,0.23503313653046853,odom,episode_start,odom
192.314052146,2026-09-13T11:41:16.742141+00:00,1789299676.727058,0.015083074569702148,4.3746262785309975,2.6674630269879165,0.3131256699562073,0.21394783920815083,odom,episode_start,odom
192.37888136400034,2026-09-13T11:41:16.806975+00:00,1789299676.7730649,0.03391003608703613,4.374286595260749,2.667898531690947,0.31200769543647766,0.20773019788762626,odom,episode_start,odom
192.43039941900042,2026-09-13T11:41:16.858489+00:00,1789299676.8505726,0.007916450500488281,4.369914498125626,2.6678939862868623,0.3092987537384033,0.22165417018720723,odom,episode_start,odom
192.48477571199965,2026-09-13T11:41:16.912862+00:00,1789299676.889435,0.02342700958251953,4.369550015313003,2.6676184987841256,0.30755478143692017,0.22272259911278813,odom,episode_start,odom
192.53611375800028,2026-09-13T11:41:16.964204+00:00,1789299676.9362667,0.02793741226196289,4.3697452821805225,2.6677292672214,0.3071075677871704,0.22422529951593487,odom,episode_start,odom
192.5940390120004,2026-09-13T11:41:17.022128+00:00,1789299676.9828846,0.039243459701538086,4.370837869458238,2.66777663661915,0.3070235252380371,0.22565414898096137,odom,episode_start,odom
192.64468642700012,2026-09-13T11:41:17.072778+00:00,1789299677.032939,0.03983902931213379,4.372241260518435,2.6676828411616786,0.30703088641166687,0.22721772904513296,odom,episode_start,odom
192.69800329999998,2026-09-13T11:41:17.126093+00:00,1789299677.0727975,0.05329537391662598,4.3734311587547925,2.6677077167367047,0.3072585463523865,0.22915076484302177,odom,episode_start,odom
192.7559547310002,2026-09-13T11:41:17.184043+00:00,1789299677.126115,0.057927846908569336,4.374416313027557,2.6677846909811596,0.30750930309295654,0.2318143365549532,odom,episode_start,odom
192.80867608399967,2026-09-13T11:41:17.236764+00:00,1789299677.217238,0.019526004791259766,4.3753717757914155,2.6676226923738975,0.3073273003101349,0.23271114874189203,odom,episode_start,odom
192.87617056599993,2026-09-13T11:41:17.304260+00:00,1789299677.2796893,0.024570703506469727,4.375455528810849,2.6676395096066945,0.3075006604194641,0.23293255105610378,odom,episode_start,odom
192.93803827600004,2026-09-13T11:41:17.366128+00:00,1789299677.3428721,0.02325582504272461,4.375515910769173,2.667646912977134,0.3074930012226105,0.2328222276844223,odom,episode_start,odom
192.99564139999984,2026-09-13T11:41:17.423728+00:00,1789299677.4031034,0.020624637603759766,4.375624537581303,2.667651781616879,0.3074691593647003,0.23246700532400122,odom,episode_start,odom
193.04929304300003,2026-09-13T11:41:17.477382+00:00,1789299677.4626594,0.014722585678100586,4.375711948161005,2.667650799252123,0.3074512183666229,0.23284525447854665,odom,episode_start,odom
193.10989133899966,2026-09-13T11:41:17.537976+00:00,1789299677.5094428,0.028533220291137695,4.375825475974932,2.667654538510279,0.30746209621429443,0.2330774123286654,odom,episode_start,odom
193.17132776200015,2026-09-13T11:41:17.599412+00:00,1789299677.566236,0.03317594528198242,4.376948209404839,2.665853796324512,0.3071277439594269,0.23649083607827207,odom,episode_start,odom
193.22846103600023,2026-09-13T11:41:17.656551+00:00,1789299677.620053,0.03649783134460449,4.3758481895700365,2.665446666234579,0.30721569061279297,0.26022124600985674,odom,episode_start,odom
193.2918709100004,2026-09-13T11:41:17.719963+00:00,1789299677.680426,0.03953719139099121,4.375934981009539,2.6653264797644853,0.30763867497444153,0.28165405326694626,odom,episode_start,odom
193.34948036999958,2026-09-13T11:41:17.777566+00:00,1789299677.7328093,0.04475665092468262,4.375932513187686,2.6657077519146375,0.3062872886657715,0.29740008622774683,odom,episode_start,odom
193.40079188599975,2026-09-13T11:41:17.828881+00:00,1789299677.8026724,0.02620863914489746,4.376671640074019,2.667188102131727,0.30550074577331543,0.32188897299467945,odom,episode_start,odom
193.46292159400036,2026-09-13T11:41:17.891007+00:00,1789299677.8661773,0.024829626083374023,4.377205148533564,2.6676759520838518,0.3048638105392456,0.34324020369920394,odom,episode_start,odom
193.5190558690001,2026-09-13T11:41:17.947144+00:00,1789299677.926127,0.021017074584960938,4.376183685594748,2.668489768643616,0.303901344537735,0.3541069895177993,odom,episode_start,odom
193.57377982799972,2026-09-13T11:41:18.001869+00:00,1789299677.9926662,0.009202718734741211,4.3754089312265965,2.668283469735711,0.3027893900871277,0.34530345345617186,odom,episode_start,odom
193.63205181899957,2026-09-13T11:41:18.060143+00:00,1789299678.0495977,0.01054525375366211,4.37436815096839,2.6689440005178584,0.3020149767398834,0.3416454717527085,odom,episode_start,odom
193.69899289299974,2026-09-13T11:41:18.127082+00:00,1789299678.0796983,0.047383785247802734,4.37407818838113,2.6692117949859613,0.30198365449905396,0.34002997356610654,odom,episode_start,odom
193.7528808369998,2026-09-13T11:41:18.180968+00:00,1789299678.1360362,0.044931888580322266,4.37369466292964,2.6697358305177015,0.30193212628364563,0.33681720117995817,odom,episode_start,odom
193.81851182300034,2026-09-13T11:41:18.246597+00:00,1789299678.2177784,0.028818607330322266,4.3735706717851315,2.6702601617703166,0.3019240200519562,0.3343598460736219,odom,episode_start,odom
193.87036592700042,2026-09-13T11:41:18.298467+00:00,1789299678.2793636,0.019103288650512695,4.373639801015999,2.670357315387671,0.3019036054611206,0.3336829745168073,odom,episode_start,odom
193.93521504700038,2026-09-13T11:41:18.363304+00:00,1789299678.3511517,0.01215219497680664,4.373704194626568,2.6703550491791215,0.30189356207847595,0.3334335236690036,odom,episode_start,odom
193.98815973900037,2026-09-13T11:41:18.416250+00:00,1789299678.4053574,0.010892629623413086,4.373600504652211,2.6703293257447913,0.30188703536987305,0.3332718824372791,odom,episode_start,odom
194.04494620900005,2026-09-13T11:41:18.473032+00:00,1789299678.4604383,0.012593746185302734,4.373586761973975,2.6704417720247666,0.3018933832645416,0.33326719774244995,odom,episode_start,odom
194.0961625179998,2026-09-13T11:41:18.524253+00:00,1789299678.512852,0.011400938034057617,4.373573300623398,2.670494538077861,0.3019047975540161,0.3326344296981991,odom,episode_start,odom
194.15017520400033,2026-09-13T11:41:18.578262+00:00,1789299678.5658813,0.012380838394165039,4.3735767531937535,2.670538813567906,0.3018961250782013,0.3322496586039101,odom,episode_start,odom
194.22106894300032,2026-09-13T11:41:18.649154+00:00,1789299678.6227043,0.02644968032836914,4.373823917915635,2.672367072375445,0.30234798789024353,0.3174783366506262,odom,episode_start,odom
194.28162182699998,2026-09-13T11:41:18.709713+00:00,1789299678.69591,0.01380300521850586,4.371753177798174,2.6727319333099455,0.304201602935791,0.28783259716026666,odom,episode_start,odom
194.3386721200004,2026-09-13T11:41:18.766763+00:00,1789299678.7527392,0.014023780822753906,4.372017117953126,2.672505579908869,0.30550888180732727,0.27143929232906516,odom,episode_start,odom
194.3985206770003,2026-09-13T11:41:18.826612+00:00,1789299678.7929132,0.03369879722595215,4.371030995910027,2.672837576897702,0.30492013692855835,0.27493208318083817,odom,episode_start,odom
194.45149769100044,2026-09-13T11:41:18.879590+00:00,1789299678.8693578,0.010232210159301758,4.371201330018907,2.672894405825095,0.30465996265411377,0.2857837070276865,odom,episode_start,odom
194.50974161700015,2026-09-13T11:41:18.937827+00:00,1789299678.916663,0.0211641788482666,4.371345772629696,2.6726319144974147,0.3046565651893616,0.2860529784136272,odom,episode_start,odom
194.56571444200017,2026-09-13T11:41:18.993803+00:00,1789299678.9835606,0.010242462158203125,4.371603756852788,2.6723750845704,0.30466964840888977,0.28711778588198555,odom,episode_start,odom
194.61713933800002,2026-09-13T11:41:19.045229+00:00,1789299679.029275,0.015954017639160156,4.371687959659471,2.672429840665516,0.3046727180480957,0.287653702077195,odom,episode_start,odom
194.6706288260002,2026-09-13T11:41:19.098720+00:00,1789299679.089373,0.009346961975097656,4.371655916075862,2.672489394026944,0.3046773374080658,0.28724492461157286,odom,episode_start,odom
194.72280982699976,2026-09-13T11:41:19.150895+00:00,1789299679.126156,0.02473902702331543,4.371603222687579,2.672481935463001,0.30468106269836426,0.28724900468470405,odom,episode_start,odom
194.77379047399972,2026-09-13T11:41:19.201880+00:00,1789299679.1860294,0.015850543975830078,4.371566730370483,2.6724078806121714,0.304686963558197,0.28745899598877767,odom,episode_start,odom
194.82875313099976,2026-09-13T11:41:19.256841+00:00,1789299679.2425318,0.014309167861938477,4.371573140556378,2.6723945267695193,0.30468788743019104,0.28738078707675085,odom,episode_start,odom
194.88074272999984,2026-09-13T11:41:19.308832+00:00,1789299679.2926893,0.016142606735229492,4.372123170125438,2.6716656862230126,0.30479174852371216,0.2891435892969916,odom,episode_start,odom
194.9361031039998,2026-09-13T11:41:19.364190+00:00,1789299679.3560529,0.008137226104736328,4.37249954117648,2.6721800969431158,0.30428701639175415,0.31489485985348087,odom,episode_start,odom
194.99812928400024,2026-09-13T11:41:19.426221+00:00,1789299679.3959022,0.030318737030029297,4.372927118168596,2.6719344997808183,0.3043682873249054,0.3304931657164436,odom,episode_start,odom
195.0522364059998,2026-09-13T11:41:19.480321+00:00,1789299679.439534,0.0407869815826416,4.372484694429165,2.672015156904629,0.3044450581073761,0.344136270534827,odom,episode_start,odom
195.10490697000023,2026-09-13T11:41:19.532993+00:00,1789299679.5059018,0.027091264724731445,4.372613024716198,2.6721035163946656,0.3030638098716736,0.34006950991968693,odom,episode_start,odom
195.15660560800006,2026-09-13T11:41:19.584692+00:00,1789299679.545891,0.038800954818725586,4.372123119500418,2.6722106568563415,0.30340325832366943,0.33419277929697894,odom,episode_start,odom
195.21230971400018,2026-09-13T11:41:19.640399+00:00,1789299679.5960286,0.044370412826538086,4.372063493874392,2.672992461296807,0.30265626311302185,0.33269211992396946,odom,episode_start,odom
195.27196411600016,2026-09-13T11:41:19.700055+00:00,1789299679.6724718,0.02758312225341797,4.371994662352316,2.6732993015731967,0.3024052381515503,0.33089991841309874,odom,episode_start,odom
195.32319738499973,2026-09-13T11:41:19.751287+00:00,1789299679.722783,0.028503894805908203,4.372045890631699,2.673275689487189,0.3023635447025299,0.3298534586013002,odom,episode_start,odom
195.38853565000045,2026-09-13T11:41:19.816625+00:00,1789299679.7825067,0.0341184139251709,4.372090340140489,2.6733953478465615,0.30234578251838684,0.330161647129652,odom,episode_start,odom
195.44123703100013,2026-09-13T11:41:19.869327+00:00,1789299679.8358324,0.03349471092224121,4.372061996405632,2.673426514191786,0.30234506726264954,0.3298086569258436,odom,episode_start,odom
195.49278887699984,2026-09-13T11:41:19.920876+00:00,1789299679.9091022,0.011773824691772461,4.37201978471479,2.6734455664629535,0.3023499846458435,0.3293025395085085,odom,episode_start,odom
195.5436383489996,2026-09-13T11:41:19.971727+00:00,1789299679.9629743,0.008752584457397461,4.3719613221194,2.6734254033738742,0.30236950516700745,0.32925978725407834,odom,episode_start,odom
195.6054849989996,2026-09-13T11:41:20.033530+00:00,1789299680.0157654,0.017764568328857422,4.371912484134444,2.673468900894236,0.3023860454559326,0.3292750490823022,odom,episode_start,odom
195.6629394069996,2026-09-13T11:41:20.091023+00:00,1789299680.079157,0.011865854263305664,4.371910986962008,2.673515755190174,0.30238258838653564,0.32882237107997025,odom,episode_start,odom
195.7201913079998,2026-09-13T11:41:20.148282+00:00,1789299680.125872,0.022410154342651367,4.371912664406687,2.6734775349006905,0.30236390233039856,0.3284783498718644,odom,episode_start,odom
195.77689882699997,2026-09-13T11:41:20.204989+00:00,1789299680.1825626,0.022426366806030273,4.371889180278501,2.673501805436795,0.30236154794692993,0.3285826560417655,odom,episode_start,odom
195.829003887,2026-09-13T11:41:20.257095+00:00,1789299680.2425325,0.014562606811523438,4.371820831102546,2.6735050759481935,0.3023630678653717,0.32848070245287286,odom,episode_start,odom
195.88091520800026,2026-09-13T11:41:20.309006+00:00,1789299680.2825303,0.02647566795349121,4.371817833878593,2.673524231160996,0.30238041281700134,0.3283878775888527,odom,episode_start,odom
195.93788856599986,2026-09-13T11:41:20.362764+00:00,1789299680.3496993,0.01306462287902832,4.371843158351897,2.673533867584081,0.3023805618286133,0.32821992923954096,odom,episode_start,odom
195.99050459699993,2026-09-13T11:41:20.418590+00:00,1789299680.3858082,0.03278183937072754,4.3718768602216675,2.6735322948677513,0.30237337946891785,0.32820423729850606,odom,episode_start,odom
196.04550143100005,2026-09-13T11:41:20.473589+00:00,1789299680.4657445,0.00784444808959961,4.3717787923380795,2.673539978077652,0.302373468875885,0.3281986144154283,odom,episode_start,odom
196.09994127400023,2026-09-13T11:41:20.528017+00:00,1789299680.50917,0.018846988677978516,4.371734849795769,2.6735568543758967,0.3023706078529358,0.3279675718163364,odom,episode_start,odom
196.15471828800037,2026-09-13T11:41:20.582805+00:00,1789299680.5744452,0.008359670639038086,4.371714031730515,2.6735158382789455,0.3023706376552582,0.3277373317107295,odom,episode_start,odom
196.20591849799985,2026-09-13T11:41:20.634008+00:00,1789299680.6123753,0.021632671356201172,4.371732969842237,2.673484473296812,0.30237293243408203,0.32773353499188373,odom,episode_start,odom
196.2653249490004,2026-09-13T11:41:20.693408+00:00,1789299680.6757977,0.01761031150817871,4.3717235973750075,2.6735136107854522,0.3023785650730133,0.32787643737581607,odom,episode_start,odom
196.31905685000038,2026-09-13T11:41:20.747145+00:00,1789299680.7357213,0.011423587799072266,4.371734580280762,2.673527549520032,0.3023693263530731,0.3276077920081999,odom,episode_start,odom
196.37228664299982,2026-09-13T11:41:20.800377+00:00,1789299680.7923937,0.007983207702636719,4.371779473818638,2.6735360399835764,0.3023650646209717,0.32744338048382415,odom,episode_start,odom
196.42560837699966,2026-09-13T11:41:20.853696+00:00,1789299680.8393116,0.01438450813293457,4.371836810705372,2.6735476941449403,0.30236876010894775,0.3274956738161152,odom,episode_start,odom
196.4823852440004,2026-09-13T11:41:20.910459+00:00,1789299680.881044,0.029415130615234375,4.371818901713675,2.6735741130572155,0.30235686898231506,0.32760258396286157,odom,episode_start,odom
196.5364268579997,2026-09-13T11:41:20.964507+00:00,1789299680.949705,0.014802217483520508,4.371821588226504,2.6736435014786366,0.30236369371414185,0.32750321898037393,odom,episode_start,odom
196.59949658099958,2026-09-13T11:41:21.027580+00:00,1789299681.0059116,0.021668434143066406,4.371784538614232,2.6735906840044774,0.3023654520511627,0.32733669350842703,odom,episode_start,odom
196.65279440799986,2026-09-13T11:41:21.080821+00:00,1789299681.0489788,0.03184223175048828,4.371804331132888,2.673571230786559,0.3023540675640106,0.32739111937757004,odom,episode_start,odom
196.70543869599987,2026-09-13T11:41:21.133526+00:00,1789299681.1022677,0.031258344650268555,4.371796085267671,2.6735925233567333,0.30235955119132996,0.32745501034100744,odom,episode_start,odom
196.76333626399992,2026-09-13T11:41:21.191427+00:00,1789299681.175587,0.01584005355834961,4.371760879772955,2.673631812374655,0.30235180258750916,0.3272637201247133,odom,episode_start,odom
196.82728017800036,2026-09-13T11:41:21.255369+00:00,1789299681.2190223,0.0363466739654541,4.371765446040305,2.6736499669575404,0.3023546040058136,0.32718675711212214,odom,episode_start,odom
196.89515080300043,2026-09-13T11:41:21.323235+00:00,1789299681.2925615,0.030673503875732422,4.371763231352325,2.6735968698429313,0.3023450970649719,0.3269900105985424,odom,episode_start,odom
196.9573911360003,2026-09-13T11:41:21.385480+00:00,1789299681.3459582,0.03952169418334961,4.371718828996827,2.6736320846692383,0.30235233902931213,0.3270904930892613,odom,episode_start,odom
197.00871522299985,2026-09-13T11:41:21.436806+00:00,1789299681.427265,0.009541034698486328,4.371680349417284,2.6736684398959336,0.3023778200149536,0.3268771351110149,odom,episode_start,odom
197.0711868010003,2026-09-13T11:41:21.499277+00:00,1789299681.4658453,0.0334317684173584,4.371646420320991,2.673630120337749,0.30237656831741333,0.3268159688022205,odom,episode_start,odom
197.1232053900003,2026-09-13T11:41:21.551295+00:00,1789299681.519143,0.03215193748474121,4.371689922407643,2.673658996550605,0.3023506700992584,0.32687938817581985,odom,episode_start,odom
197.19169204900027,2026-09-13T11:41:21.619776+00:00,1789299681.546651,0.07312512397766113,4.371701086478996,2.6736652154454577,0.3023518919944763,0.326874165550782,odom,episode_start,odom
197.25271205900026,2026-09-13T11:41:21.680800+00:00,1789299681.6323385,0.0484614372253418,4.371667770963749,2.673720608152082,0.3023718297481537,0.3269249492616537,odom,episode_start,odom
197.30511143799959,2026-09-13T11:41:21.733199+00:00,1789299681.6971462,0.036052703857421875,4.37168853651557,2.673704874140445,0.3023703694343567,0.3267971934127743,odom,episode_start,odom
197.36934999200002,2026-09-13T11:41:21.797436+00:00,1789299681.7624495,0.03498649597167969,4.371711993047005,2.6736767593193203,0.3023642301559448,0.3269446239058822,odom,episode_start,odom
197.42122729400035,2026-09-13T11:41:21.849318+00:00,1789299681.8324666,0.016851425170898438,4.371652393823665,2.673720718539089,0.3023700714111328,0.3268982068175745,odom,episode_start,odom
197.4973413460002,2026-09-13T11:41:21.925428+00:00,1789299681.8924956,0.032932281494140625,4.371625866410603,2.6737165321737537,0.3023744523525238,0.32676795292198674,odom,episode_start,odom
197.55180234100044,2026-09-13T11:41:21.979892+00:00,1789299681.972358,0.007534027099609375,4.371700608201638,2.6736397861442995,0.30235418677330017,0.3267030224010201,odom,episode_start,odom
197.61331597699973,2026-09-13T11:41:22.041404+00:00,1789299682.019041,0.022362947463989258,4.371702281179531,2.673683335085726,0.30235475301742554,0.32668950069410996,odom,episode_start,odom
197.6655589940001,2026-09-13T11:41:22.093652+00:00,1789299682.075556,0.018095970153808594,4.371691198111718,2.6737213567383,0.30236396193504333,0.3267037290351147,odom,episode_start,odom
197.7232143709998,2026-09-13T11:41:22.151296+00:00,1789299682.1224494,0.02884650230407715,4.371637713749228,2.6736861052821665,0.30237072706222534,0.32655280027129585,odom,episode_start,odom
197.77551623900035,2026-09-13T11:41:22.203608+00:00,1789299682.1923048,0.011303186416625977,4.371661553756105,2.673637257072263,0.30236539244651794,0.3265539985399528,odom,episode_start,odom
197.82761652800036,2026-09-13T11:41:22.255710+00:00,1789299682.2366464,0.019063472747802734,4.3716622131990635,2.673654966533694,0.30236947536468506,0.3266398857450772,odom,episode_start,odom
197.88378283200018,2026-09-13T11:41:22.311873+00:00,1789299682.298849,0.013023853302001953,4.371635264687871,2.673723946662498,0.3023867905139923,0.3265612734030112,odom,episode_start,odom
197.9400839910004,2026-09-13T11:41:22.368103+00:00,1789299682.358861,0.009242057800292969,4.371632478012983,2.6737065186282303,0.30236944556236267,0.32644110180322716,odom,episode_start,odom
197.99262180799997,2026-09-13T11:41:22.420712+00:00,1789299682.3989506,0.021761417388916016,4.371642756308212,2.673638781940955,0.3023587167263031,0.3264405644062176,odom,episode_start,odom
198.0444699870004,2026-09-13T11:41:22.472568+00:00,1789299682.4522076,0.020360469818115234,4.371696339939404,2.6736384268561166,0.3023441731929779,0.3265003867467431,odom,episode_start,odom
198.10610158100008,2026-09-13T11:41:22.534191+00:00,1789299682.5055244,0.02866649627685547,4.371676406756918,2.6736877201874756,0.3023523986339569,0.3264335914974741,odom,episode_start,odom
198.16184456500014,2026-09-13T11:41:22.589934+00:00,1789299682.5755126,0.014421463012695312,4.371625548154602,2.6736886767421937,0.3023710548877716,0.3263495763158637,odom,episode_start,odom
198.23105522999958,2026-09-13T11:41:22.659144+00:00,1789299682.639788,0.01935601234436035,4.371650327145382,2.6736305654592036,0.3023626506328583,0.3264021303213529,odom,episode_start,odom
198.29850883899962,2026-09-13T11:41:22.726596+00:00,1789299682.716309,0.010287046432495117,4.3716773806834395,2.673675085547575,0.302338182926178,0.32648263879972905,odom,episode_start,odom
198.35119591199964,2026-09-13T11:41:22.779278+00:00,1789299682.763766,0.01551198959350586,4.371678024541309,2.6737235805588595,0.3023512661457062,0.32638414214441647,odom,episode_start,odom
198.4034563060004,2026-09-13T11:41:22.831418+00:00,1789299682.815917,0.015501022338867188,4.371687437510309,2.673716563343933,0.3023531436920166,0.32638893119544465,odom,episode_start,odom
198.45597437800006,2026-09-13T11:41:22.884063+00:00,1789299682.8558881,0.028174877166748047,4.371714524005261,2.6736668046402343,0.30235788226127625,0.3263841649112258,odom,episode_start,odom
198.51213764099975,2026-09-13T11:41:22.940221+00:00,1789299682.9191556,0.021065473556518555,4.371731550099915,2.673640983524905,0.30233970284461975,0.3264773552075608,odom,episode_start,odom
198.56392728900028,2026-09-13T11:41:22.992016+00:00,1789299682.982299,0.009716987609863281,4.371739087980191,2.6737270458352236,0.3023625612258911,0.326423985417974,odom,episode_start,odom
198.61772258200017,2026-09-13T11:41:23.045813+00:00,1789299683.0224464,0.023366689682006836,4.371784988600493,2.6737522377844165,0.30234819650650024,0.3262898403405434,odom,episode_start,odom
198.67736526600038,2026-09-13T11:41:23.105454+00:00,1789299683.0897949,0.015659093856811523,4.371805534271657,2.6736893956464294,0.302329421043396,0.32621840603477836,odom,episode_start,odom
198.72968844699972,2026-09-13T11:41:23.157776+00:00,1789299683.139006,0.018770217895507812,4.371811617068971,2.673688109916416,0.3023245632648468,0.3263390021952173,odom,episode_start,odom
198.78817762800008,2026-09-13T11:41:23.216258+00:00,1789299683.1920388,0.024219274520874023,4.371777552868001,2.6737051223121995,0.30232056975364685,0.32613756612444855,odom,episode_start,odom
198.84616681399984,2026-09-13T11:41:23.274255+00:00,1789299683.258907,0.015347957611083984,4.371746714010863,2.6737265179235137,0.30233028531074524,0.32610467223717277,odom,episode_start,odom
198.89863701000013,2026-09-13T11:41:23.326726+00:00,1789299683.2955565,0.031169414520263672,4.371751178130429,2.673705725668298,0.302329421043396,0.32608139757835186,odom,episode_start,odom
198.96761162799976,2026-09-13T11:41:23.395698+00:00,1789299683.3486466,0.047051429748535156,4.3717591039529315,2.673689285358928,0.30232101678848267,0.3261067279833554,odom,episode_start,odom
199.02443569499974,2026-09-13T11:41:23.452530+00:00,1789299683.4020982,0.05043172836303711,4.3717516517419925,2.6736893092827465,0.3023286759853363,0.3261541448938139,odom,episode_start,odom
199.08408452300046,2026-09-13T11:41:23.512171+00:00,1789299683.462419,0.049751996994018555,4.371751920363644,2.673734967984793,0.30232498049736023,0.3260406076273976,odom,episode_start,odom
199.15050040999995,2026-09-13T11:41:23.578578+00:00,1789299683.5222578,0.0563201904296875,4.3717363242362595,2.6736716163992673,0.3023316562175751,0.325955072593794,odom,episode_start,odom
199.22638766199998,2026-09-13T11:41:23.654475+00:00,1789299683.6027498,0.051725149154663086,4.3717439438144226,2.6736619504932113,0.30232033133506775,0.3260158608745462,odom,episode_start,odom
199.28450047099977,2026-09-13T11:41:23.712588+00:00,1789299683.662018,0.050570011138916016,4.371769710729111,2.673716741630451,0.3023311197757721,0.3260109391584518,odom,episode_start,odom
199.3468106930004,2026-09-13T11:41:23.774852+00:00,1789299683.7486682,0.0261838436126709,4.3717624773064605,2.6736566126091823,0.3023214340209961,0.32588456426712753,odom,episode_start,odom
199.4006762930003,2026-09-13T11:41:23.828764+00:00,1789299683.795348,0.033416032791137695,4.371778891805793,2.6736279864542993,0.3023248612880707,0.325831782245229,odom,episode_start,odom
199.46016303299984,2026-09-13T11:41:23.888252+00:00,1789299683.8454309,0.04282116889953613,4.3717609561107,2.6736342072353714,0.30233877897262573,0.3260258640697633,odom,episode_start,odom
199.5129949129996,2026-09-13T11:41:23.941081+00:00,1789299683.9154968,0.02558422088623047,4.371779496055248,2.673638007345689,0.3023413121700287,0.3258300300060162,odom,episode_start,odom
199.56919276900044,2026-09-13T11:41:23.997281+00:00,1789299683.9754124,0.02186870574951172,4.3718254058081305,2.673623275750682,0.30232420563697815,0.3258021956333059,odom,episode_start,odom
199.63058834799995,2026-09-13T11:41:24.058674+00:00,1789299684.0154457,0.0432283878326416,4.371827319611912,2.673585024191514,0.3023158311843872,0.32583918824205016,odom,episode_start,odom
199.68283843500012,2026-09-13T11:41:24.110927+00:00,1789299684.0855615,0.025365591049194336,4.371876835503998,2.673603003961804,0.30228978395462036,0.32586470089128494,odom,episode_start,odom
199.73526446800042,2026-09-13T11:41:24.163359+00:00,1789299684.131989,0.031369924545288086,4.371836470610782,2.673665101186507,0.30229315161705017,0.3258530805826274,odom,episode_start,odom
199.78817731100025,2026-09-13T11:41:24.216266+00:00,1789299684.1895673,0.026698589324951172,4.37185419843688,2.6736464021139588,0.3022864758968353,0.3257760662226745,odom,episode_start,odom
199.84380121499998,2026-09-13T11:41:24.271890+00:00,1789299684.253553,0.018337011337280273,4.371913248604267,2.673600110572843,0.3022715151309967,0.3257196135579934,odom,episode_start,odom
199.90136973599965,2026-09-13T11:41:24.329459+00:00,1789299684.3120317,0.01742720603942871,4.371869068809497,2.6736333719869547,0.302273154258728,0.32575024356056304,odom,episode_start,odom
199.9617138020003,2026-09-13T11:41:24.389801+00:00,1789299684.3686583,0.02114272117614746,4.371850241084782,2.673680114109172,0.302289754152298,0.32569817337942064,odom,episode_start,odom
200.01971332300036,2026-09-13T11:41:24.447802+00:00,1789299684.4020538,0.045748233795166016,4.371844910546619,2.6736543647652984,0.30228593945503235,0.3255780384698488,odom,episode_start,odom
200.0707425749997,2026-09-13T11:41:24.498835+00:00,1789299684.492246,0.006589174270629883,4.37188856888219,2.6736226153148612,0.30227863788604736,0.32566334897535226,odom,episode_start,odom
200.12500384400028,2026-09-13T11:41:24.553093+00:00,1789299684.5320537,0.021039247512817383,4.371883257701556,2.673624279954026,0.3022916316986084,0.32566700926527253,odom,episode_start,odom
200.18226095699993,2026-09-13T11:41:24.610348+00:00,1789299684.5922127,0.01813530921936035,4.371845168049964,2.673649039786288,0.3022913634777069,0.32552415422012665,odom,episode_start,odom
200.24238145799973,2026-09-13T11:41:24.670473+00:00,1789299684.6553512,0.015121936798095703,4.3718746439459855,2.6736355203631255,0.3022930920124054,0.3255604409792246,odom,episode_start,odom
200.30127837199962,2026-09-13T11:41:24.729368+00:00,1789299684.7157722,0.013595819473266602,4.371879658908218,2.673584352736893,0.30228617787361145,0.32557436968897147,odom,episode_start,odom
200.35588449199986,2026-09-13T11:41:24.783867+00:00,1789299684.75528,0.028586864471435547,4.371907484956313,2.6736128978882348,0.30229419469833374,0.3257449063492577,odom,episode_start,odom
200.41875192800035,2026-09-13T11:41:24.846842+00:00,1789299684.8219066,0.024935483932495117,4.371894205664692,2.6736415902554205,0.30230557918548584,0.3255696741706917,odom,episode_start,odom
200.4754372970001,2026-09-13T11:41:24.903528+00:00,1789299684.885279,0.018249034881591797,4.371858698392421,2.673605884445746,0.30229824781417847,0.3255229438164102,odom,episode_start,odom
200.5269043649996,2026-09-13T11:41:24.954996+00:00,1789299684.94534,0.009656190872192383,4.371905243564938,2.673539602642422,0.302283376455307,0.32537609698059167,odom,episode_start,odom
200.5803439250003,2026-09-13T11:41:25.008436+00:00,1789299684.9986947,0.00974130630493164,4.371877957440215,2.6735533133566274,0.30229246616363525,0.3255339490494049,odom,episode_start,odom
200.63511190900044,2026-09-13T11:41:25.063199+00:00,1789299685.0386145,0.024584531784057617,4.371830768409829,2.673571100148667,0.30230003595352173,0.32545900965100033,odom,episode_start,odom
200.69589097300013,2026-09-13T11:41:25.123979+00:00,1789299685.088958,0.035021066665649414,4.3718175681360245,2.6735531258380236,0.3023070991039276,0.3253626464711028,odom,episode_start,odom
200.76144812199982,2026-09-13T11:41:25.189531+00:00,1789299685.1453512,0.04417991638183594,4.371846815912166,2.673516067986528,0.30229461193084717,0.3252645684552233,odom,episode_start,odom
200.82948851000037,2026-09-13T11:41:25.257578+00:00,1789299685.2324383,0.025139570236206055,4.371849290783562,2.673514778583582,0.3022899329662323,0.3254314434540073,odom,episode_start,odom
200.88232944399988,2026-09-13T11:41:25.310421+00:00,1789299685.3019521,0.008468866348266602,4.3718500670660365,2.673557003179443,0.30229899287223816,0.32526172672688647,odom,episode_start,odom
200.9358758569997,2026-09-13T11:41:25.363966+00:00,1789299685.3553402,0.00862574577331543,4.3718251058172894,2.6735155732307225,0.3022967576980591,0.3251444931100269,odom,episode_start,odom
200.9934242170002,2026-09-13T11:41:25.421511+00:00,1789299685.3861883,0.03532266616821289,4.371873894167894,2.673489878980847,0.3022899627685547,0.32517639019441535,odom,episode_start,odom
201.05255317400042,2026-09-13T11:41:25.480641+00:00,1789299685.435993,0.044647932052612305,4.371877385254296,2.67346536751935,0.30228641629219055,0.3252259654272498,odom,episode_start,odom
201.1148905629998,2026-09-13T11:41:25.542973+00:00,1789299685.5059965,0.03697657585144043,4.371872293060961,2.6735304941310467,0.3022792339324951,0.325232988296446,odom,episode_start,odom
201.17640016299993,2026-09-13T11:41:25.604489+00:00,1789299685.5855207,0.01896834373474121,4.371886343075905,2.673518534519195,0.30225956439971924,0.3249840891824374,odom,episode_start,odom
201.22802311099986,2026-09-13T11:41:25.656114+00:00,1789299685.6454964,0.010617733001708984,4.372790178207911,2.674964107486555,0.3024328649044037,0.32282637817331183,odom,episode_start,odom
201.2801140519996,2026-09-13T11:41:25.708205+00:00,1789299685.6963036,0.011901378631591797,4.3712037232011856,2.6752793285404053,0.30281659960746765,0.3033304339908096,odom,episode_start,odom
201.33769636499983,2026-09-13T11:41:25.765787+00:00,1789299685.74849,0.017296791076660156,4.369931987933914,2.67541390631629,0.30520349740982056,0.2813725231470486,odom,episode_start,odom
201.38892229999965,2026-09-13T11:41:25.817008+00:00,1789299685.7804277,0.03658032417297363,4.369940823953886,2.675787911094036,0.3060043156147003,0.27313312779085175,odom,episode_start,odom
201.44255310100016,2026-09-13T11:41:25.870643+00:00,1789299685.83198,0.03866291046142578,4.369850181281518,2.676162570847956,0.3069561719894409,0.2570681365938592,odom,episode_start,odom
201.50343927500035,2026-09-13T11:41:25.931532+00:00,1789299685.918552,0.012979984283447266,4.370045502152861,2.676684580300496,0.3080666959285736,0.23043024389677294,odom,episode_start,odom
201.55597107199992,2026-09-13T11:41:25.984057+00:00,1789299685.9585145,0.025542497634887695,4.370157065834309,2.676884343152108,0.30849939584732056,0.2187220874894511,odom,episode_start,odom
201.61472234400026,2026-09-13T11:41:26.042802+00:00,1789299686.0018682,0.040933847427368164,4.3702874997279695,2.677150391380471,0.3090250790119171,0.2074050082512413,odom,episode_start,odom
201.69706271199993,2026-09-13T11:41:26.125150+00:00,1789299686.085366,0.03978395462036133,4.370498409181818,2.677619353352753,0.30978256464004517,0.1856035835492289,odom,episode_start,odom
201.75756960000035,2026-09-13T11:41:26.185656+00:00,1789299686.1386435,0.0470125675201416,4.370635026432872,2.678079385299188,0.31039127707481384,0.17155517757629934,odom,episode_start,odom
201.80918380999992,2026-09-13T11:41:26.237272+00:00,1789299686.228549,0.008723020553588867,4.370796901549097,2.678877580016651,0.31122538447380066,0.149514074650974,odom,episode_start,odom
201.8669873509998,2026-09-13T11:41:26.295023+00:00,1789299686.269116,0.025907039642333984,4.370812754883502,2.6793228052222076,0.31152740120887756,0.13969528309505663,odom,episode_start,odom
201.92434040199987,2026-09-13T11:41:26.352431+00:00,1789299686.322549,0.029881954193115234,4.370878189528446,2.6798610362953346,0.3119328022003174,0.1268319844487942,odom,episode_start,odom
201.9775671159996,2026-09-13T11:41:26.405657+00:00,1789299686.3885207,0.017136335372924805,4.371210577734416,2.680493817957588,0.3124247193336487,0.1111563060596259,odom,episode_start,odom
202.0316847590002,2026-09-13T11:41:26.459775+00:00,1789299686.4485192,0.011255741119384766,4.371403297563256,2.6809089103052246,0.31280964612960815,0.09676859979285157,odom,episode_start,odom
202.0830008089997,2026-09-13T11:41:26.511092+00:00,1789299686.4952254,0.015866518020629883,4.371507539870668,2.681258749275215,0.3130723237991333,0.08596855734072562,odom,episode_start,odom
202.14313740499983,2026-09-13T11:41:26.571226+00:00,1789299686.5485294,0.022696495056152344,4.371700995281202,2.68157033102738,0.3138008415699005,0.07419222638161393,odom,episode_start,odom
202.23193390100005,2026-09-13T11:41:26.660005+00:00,1789299686.6184165,0.041588544845581055,4.371543351405939,2.68234201540726,0.3146781325340271,0.055552789125314694,odom,episode_start,odom
202.2913329840003,2026-09-13T11:41:26.719422+00:00,1789299686.6951869,0.024235248565673828,4.372160375141507,2.6842718933404117,0.31470945477485657,0.032499692047241124,odom,episode_start,odom
202.34778467500018,2026-09-13T11:41:26.775878+00:00,1789299686.7584827,0.0173952579498291,4.371909425710734,2.6863161208382405,0.3142988085746765,0.010870075078756258,odom,episode_start,odom
202.40032559199972,2026-09-13T11:41:26.828416+00:00,1789299686.8160992,0.01231694221496582,4.371209758495421,2.687473601249825,0.31402352452278137,-0.008999272196981822,odom,episode_start,odom
202.461853367,2026-09-13T11:41:26.889945+00:00,1789299686.8750725,0.014872550964355469,4.3703323513219186,2.689379932123976,0.3138236999511719,-0.029817617206447933,odom,episode_start,odom
202.5146120239997,2026-09-13T11:41:26.942688+00:00,1789299686.9183939,0.024294137954711914,4.3701848129172065,2.6907024583925705,0.31357893347740173,-0.04440978278223274,odom,episode_start,odom
202.5718482049997,2026-09-13T11:41:26.999936+00:00,1789299686.9850879,0.01484823226928711,4.3711333114814845,2.6920420761698862,0.31281957030296326,-0.06701790701899002,odom,episode_start,odom
202.63500083600047,2026-09-13T11:41:27.063054+00:00,1789299687.0317638,0.031290292739868164,4.372203925208188,2.6929667960660133,0.31281450390815735,-0.08381397893758069,odom,episode_start,odom
202.68924456500008,2026-09-13T11:41:27.117335+00:00,1789299687.105185,0.012150049209594727,4.374085815896962,2.694126652467351,0.31276431679725647,-0.11259729539640628,odom,episode_start,odom
202.7407481119999,2026-09-13T11:41:27.168840+00:00,1789299687.151732,0.01710796356201172,4.375126621275245,2.6947878843773316,0.31214407086372375,-0.13008147361693534,odom,episode_start,odom
202.80142684800012,2026-09-13T11:41:27.229517+00:00,1789299687.211831,0.017685890197753906,4.376527473239661,2.6953620417312445,0.31133487820625305,-0.15422210598247668,odom,episode_start,odom
202.8559801929996,2026-09-13T11:41:27.284066+00:00,1789299687.2452502,0.03881573677062988,4.377167771540636,2.695631823061578,0.3110356628894806,-0.16740343356643028,odom,episode_start,odom
202.909923489,2026-09-13T11:41:27.338012+00:00,1789299687.3050663,0.03294563293457031,4.378058491170432,2.696016619847673,0.31065407395362854,-0.19244016002019415,odom,episode_start,odom
202.9717485279998,2026-09-13T11:41:27.399833+00:00,1789299687.3683593,0.031473636627197266,4.380174438827152,2.699329214809629,0.3105972111225128,-0.21571118458170968,odom,episode_start,odom
203.02305756799979,2026-09-13T11:41:27.451144+00:00,1789299687.4129841,0.038159847259521484,4.378596939063662,2.700381092836151,0.30941256880760193,-0.2100219716111622,odom,episode_start,odom
203.08954695699958,2026-09-13T11:41:27.510869+00:00,1789299687.4684825,0.042386531829833984,4.377491115472772,2.6990666176721936,0.30958127975463867,-0.2020521441338008,odom,episode_start,odom
203.1460470330003,2026-09-13T11:41:27.574131+00:00,1789299687.5553677,0.018763303756713867,4.3772867699770615,2.6998415946010725,0.31095612049102783,-0.20452702538535705,odom,episode_start,odom
203.2047441249997,2026-09-13T11:41:27.632833+00:00,1789299687.608388,0.024445056915283203,4.378074043045531,2.7017258613812984,0.3104807138442993,-0.20466346790673762,odom,episode_start,odom
203.27226918700035,2026-09-13T11:41:27.700352+00:00,1789299687.6716888,0.028663158416748047,4.378975664776552,2.7022039712721657,0.3098505735397339,-0.19868502450676262,odom,episode_start,odom
203.32297835400004,2026-09-13T11:41:27.751071+00:00,1789299687.7317088,0.019362211227416992,4.380111554020198,2.70365299452564,0.30878952145576477,-0.19090556027022032,odom,episode_start,odom
203.37920446299995,2026-09-13T11:41:27.807293+00:00,1789299687.7701993,0.0370936393737793,4.380645305689378,2.704397181037666,0.30852827429771423,-0.186851477464532,odom,episode_start,odom
203.43624962499962,2026-09-13T11:41:27.864279+00:00,1789299687.8217711,0.04250788688659668,4.381570074036753,2.7054301794121103,0.3081744611263275,-0.181684508890958,odom,episode_start,odom
203.4916340560003,2026-09-13T11:41:27.919724+00:00,1789299687.8883307,0.03139328956604004,4.382620402275709,2.7063633549286696,0.30787959694862366,-0.17593230465511067,odom,episode_start,odom
203.56306572999983,2026-09-13T11:41:27.991153+00:00,1789299687.9383218,0.052831172943115234,4.383262209066435,2.706760880561741,0.30774617195129395,-0.17285444887293244,odom,episode_start,odom
203.62223641499986,2026-09-13T11:41:28.050324+00:00,1789299688.0121722,0.03815174102783203,4.3839022812332535,2.7070980306889982,0.3075658082962036,-0.1687490030241372,odom,episode_start,odom
203.67441091,2026-09-13T11:41:28.102505+00:00,1789299688.0917652,0.010739803314208984,4.384680556469294,2.7074981845633026,0.3073646128177643,-0.16422465606906855,odom,episode_start,odom
203.7299728529997,2026-09-13T11:41:28.158061+00:00,1789299688.12842,0.029640913009643555,4.385031338693154,2.7077519160097454,0.30724576115608215,-0.16263070070638722,odom,episode_start,odom
203.78102165400014,2026-09-13T11:41:28.209112+00:00,1789299688.19499,0.01412200927734375,4.385559150510899,2.708171256764559,0.3071557581424713,-0.15978311964824332,odom,episode_start,odom
203.8403824930001,2026-09-13T11:41:28.268474+00:00,1789299688.2514317,0.01704239845275879,4.386095781768471,2.7083773132588735,0.307068794965744,-0.15802654802273852,odom,episode_start,odom
203.89143859100022,2026-09-13T11:41:28.319530+00:00,1789299688.2984023,0.021127700805664062,4.386494991599441,2.7084644675249105,0.30700263381004333,-0.15665603733740063,odom,episode_start,odom
203.94694891499967,2026-09-13T11:41:28.375041+00:00,1789299688.3516273,0.023413658142089844,4.386783612073503,2.708586454134675,0.30686572194099426,-0.15499645919104532,odom,episode_start,odom
204.00440184200033,2026-09-13T11:41:28.432488+00:00,1789299688.392012,0.040476083755493164,4.386994071143069,2.7086466324917784,0.3068616986274719,-0.15413822914868236,odom,episode_start,odom
204.0599585050004,2026-09-13T11:41:28.488046+00:00,1789299688.4464214,0.04162454605102539,4.387083005797612,2.7087426088799074,0.30679407715797424,-0.1530006202373937,odom,episode_start,odom
204.11408107399984,2026-09-13T11:41:28.542170+00:00,1789299688.498234,0.04393601417541504,4.387121004618736,2.7088535008082184,0.3067534565925598,-0.15158912853339346,odom,episode_start,odom
204.17709593600011,2026-09-13T11:41:28.605181+00:00,1789299688.5685537,0.03662729263305664,4.387367492419773,2.708947873011322,0.3066346049308777,-0.14993591217740843,odom,episode_start,odom
204.22947655400003,2026-09-13T11:41:28.657568+00:00,1789299688.6160183,0.0415496826171875,4.387548618937217,2.708942669139602,0.306631863117218,-0.14922881638072294,odom,episode_start,odom
204.28487810499973,2026-09-13T11:41:28.712966+00:00,1789299688.6783476,0.034618377685546875,4.387723647072258,2.7089695365477486,0.30657291412353516,-0.1486914758748603,odom,episode_start,odom
204.34254525100005,2026-09-13T11:41:28.770628+00:00,1789299688.714958,0.05567002296447754,4.387710596793873,2.709005413497085,0.30653759837150574,-0.14826607924218418,odom,episode_start,odom
204.40289699200002,2026-09-13T11:41:28.830982+00:00,1789299688.8160586,0.014923334121704102,4.387694981706983,2.7091618777637603,0.3064556121826172,-0.14656836905970816,odom,episode_start,odom
204.45882183499998,2026-09-13T11:41:28.886905+00:00,1789299688.841532,0.045372962951660156,4.38771561771328,2.70922696754662,0.3064418137073517,-0.14602143862055894,odom,episode_start,odom
204.51580811300028,2026-09-13T11:41:28.943842+00:00,1789299688.8882675,0.05557441711425781,4.387772542833475,2.7093954795755435,0.30632123351097107,-0.14453091768501225,odom,episode_start,odom
204.5712093430002,2026-09-13T11:41:28.999301+00:00,1789299688.958198,0.04110288619995117,4.387830582743032,2.709645131768746,0.3062380850315094,-0.14207968550062477,odom,episode_start,odom
204.62802953000028,2026-09-13T11:41:29.056120+00:00,1789299689.0349174,0.021202564239501953,4.38794454495813,2.7098412103566942,0.3061412274837494,-0.14065721475522075,odom,episode_start,odom
204.6833136969999,2026-09-13T11:41:29.111316+00:00,1789299689.0816448,0.029671192169189453,4.388002471402587,2.709877317113119,0.3061326742172241,-0.14022445234573744,odom,episode_start,odom
204.73666166299972,2026-09-13T11:41:29.164749+00:00,1789299689.1217139,0.043035030364990234,4.387988563838187,2.7098267289191664,0.30610132217407227,-0.14021894036386295,odom,episode_start,odom
204.79476396799964,2026-09-13T11:41:29.222854+00:00,1789299689.181613,0.04124093055725098,4.387904424464231,2.709756091696075,0.30609047412872314,-0.13992500370414485,odom,episode_start,odom
204.85740946500027,2026-09-13T11:41:29.285421+00:00,1789299689.2682729,0.01714801788330078,4.387793287838086,2.709755884026091,0.30608516931533813,-0.1397065241709583,odom,episode_start,odom
204.91068469000038,2026-09-13T11:41:29.338766+00:00,1789299689.317241,0.021525144577026367,4.387873795262801,2.709757257906501,0.3060782849788666,-0.13965498854767877,odom,episode_start,odom
204.96158845799982,2026-09-13T11:41:29.389678+00:00,1789299689.3807254,0.008952617645263672,4.388670979324411,2.7096440966893542,0.30690833926200867,-0.15435258031035937,odom,episode_start,odom
205.02060255699962,2026-09-13T11:41:29.448299+00:00,1789299689.4114377,0.03686118125915527,4.388751484170753,2.7103289605425904,0.3079030513763428,-0.16716943531608575,odom,episode_start,odom
205.07675752399973,2026-09-13T11:41:29.504846+00:00,1789299689.465029,0.039817094802856445,4.388849864158542,2.711098038121804,0.3097808361053467,-0.1826864527070509,odom,episode_start,odom
205.13065963200006,2026-09-13T11:41:29.558749+00:00,1789299689.5326378,0.026111125946044922,4.388439791640137,2.7119776719042115,0.31094595789909363,-0.20201506437567196,odom,episode_start,odom
205.19279172400002,2026-09-13T11:41:29.620876+00:00,1789299689.5982444,0.02263164520263672,4.386899224251382,2.7128106224352226,0.3118882477283478,-0.2195889112956244,odom,episode_start,odom
205.26314701699994,2026-09-13T11:41:29.691226+00:00,1789299689.6598926,0.03133344650268555,4.384275771028426,2.7133986753572215,0.3118441700935364,-0.2354987300199236,odom,episode_start,odom
205.32370551999975,2026-09-13T11:41:29.751793+00:00,1789299689.7284863,0.023306608200073242,4.382741845616186,2.713665581572524,0.3111119270324707,-0.22449807811650355,odom,episode_start,odom
205.37617858999965,2026-09-13T11:41:29.804268+00:00,1789299689.7882712,0.015996694564819336,4.38087764712093,2.7137756083801956,0.3091305196285248,-0.2121158961851315,odom,episode_start,odom
205.43323882200002,2026-09-13T11:41:29.861329+00:00,1789299689.8481975,0.01313161849975586,4.380714297864923,2.713620694991262,0.30782100558280945,-0.20534176036803764,odom,episode_start,odom
205.48458459799986,2026-09-13T11:41:29.912677+00:00,1789299689.9015603,0.011116743087768555,4.381549215500423,2.713383736698033,0.3074338734149933,-0.20017302369825396,odom,episode_start,odom
205.54126858600011,2026-09-13T11:41:29.969357+00:00,1789299689.9462538,0.02310323715209961,4.3823941770577735,2.71316998021247,0.3072625398635864,-0.19671214293350303,odom,episode_start,odom
205.60888964900005,2026-09-13T11:41:30.036973+00:00,1789299690.0052016,0.03177142143249512,4.383485999666655,2.712962525013993,0.30722305178642273,-0.19268635297302983,odom,episode_start,odom
205.66151997500037,2026-09-13T11:41:30.089614+00:00,1789299690.0748403,0.01477360725402832,4.384245504750845,2.7126100046901116,0.30710968375205994,-0.19014392617327092,odom,episode_start,odom
205.71604915599983,2026-09-13T11:41:30.144138+00:00,1789299690.1014333,0.04270482063293457,4.384478944754557,2.7125675773863858,0.30704760551452637,-0.18928671788478568,odom,episode_start,odom
205.77285378800025,2026-09-13T11:41:30.200943+00:00,1789299690.16808,0.03286290168762207,4.384895786716348,2.712606223736119,0.3069779872894287,-0.1873443966751085,odom,episode_start,odom
205.823950686,2026-09-13T11:41:30.252039+00:00,1789299690.2114644,0.04057455062866211,4.3851593566989,2.7126661095477536,0.3068913221359253,-0.18707247583935757,odom,episode_start,odom
205.87975264000033,2026-09-13T11:41:30.307835+00:00,1789299690.2948773,0.01295781135559082,4.385641100131097,2.712822670500372,0.3067784011363983,-0.18520360906895772,odom,episode_start,odom
205.93364626699986,2026-09-13T11:41:30.361736+00:00,1789299690.3369184,0.024817705154418945,4.385919802655406,2.7129060468927024,0.306772917509079,-0.1837133127602708,odom,episode_start,odom
205.98488758799976,2026-09-13T11:41:30.412982+00:00,1789299690.3880823,0.024899721145629883,4.386270227709196,2.7129534800238875,0.3068157732486725,-0.1822497061246231,odom,episode_start,odom
206.0605569620002,2026-09-13T11:41:30.488646+00:00,1789299690.4541154,0.0345306396484375,4.386741728284116,2.7129108224155463,0.30683374404907227,-0.18095658638812284,odom,episode_start,odom
206.11458454700005,2026-09-13T11:41:30.542668+00:00,1789299690.4914925,0.051175594329833984,4.387005804835124,2.712860013049558,0.30685412883758545,-0.18053144818908695,odom,episode_start,odom
206.16783279399988,2026-09-13T11:41:30.595919+00:00,1789299690.5580952,0.03782367706298828,4.387415236675451,2.7127644809868405,0.3068488836288452,-0.18026519609083524,odom,episode_start,odom
206.22239762499976,2026-09-13T11:41:30.650485+00:00,1789299690.6348927,0.015592336654663086,4.387787335789133,2.7127085193692078,0.30673980712890625,-0.1796348301243067,odom,episode_start,odom
206.2844624170002,2026-09-13T11:41:30.712550+00:00,1789299690.6983297,0.014220237731933594,4.3882775795118,2.7126402944759493,0.30666112899780273,-0.17948581421694618,odom,episode_start,odom
206.34116435600026,2026-09-13T11:41:30.769255+00:00,1789299690.731378,0.03787684440612793,4.3885499700265465,2.712594157098522,0.3066381812095642,-0.17942727307636733,odom,episode_start,odom
206.39777233800032,2026-09-13T11:41:30.825858+00:00,1789299690.801518,0.024340152740478516,4.388962903178223,2.7125414511015453,0.3065946102142334,-0.17894624154210123,odom,episode_start,odom
206.4506767590001,2026-09-13T11:41:30.878765+00:00,1789299690.85497,0.023795127868652344,4.3892978166816,2.7125043578099044,0.30657655000686646,-0.1784875050509649,odom,episode_start,odom
206.5018133069998,2026-09-13T11:41:30.929909+00:00,1789299690.921746,0.008162975311279297,4.389808839754463,2.7124223210475193,0.3065352439880371,-0.17828554534989216,odom,episode_start,odom
206.55907722899974,2026-09-13T11:41:30.987166+00:00,1789299690.9479947,0.03917121887207031,4.389960035029483,2.712367205896115,0.306525319814682,-0.1780577423196894,odom,episode_start,odom
206.62375083400002,2026-09-13T11:41:31.051842+00:00,1789299691.0080552,0.04378676414489746,4.390207922321956,2.7122940077342683,0.3064967691898346,-0.17739213891095537,odom,episode_start,odom
206.68049642200003,2026-09-13T11:41:31.108587+00:00,1789299691.060225,0.048362016677856445,4.3903606902138,2.7122107869938246,0.3064706027507782,-0.1771958353646519,odom,episode_start,odom
206.75499376199969,2026-09-13T11:41:31.183086+00:00,1789299691.1346455,0.04844045639038086,4.390448242350688,2.712163610669446,0.30645957589149475,-0.17704551285373915,odom,episode_start,odom
206.80868705600005,2026-09-13T11:41:31.236778+00:00,1789299691.2079706,0.028807401657104492,4.390864718903188,2.71201952840194,0.30644699931144714,-0.17713860379324609,odom,episode_start,odom
206.86717258000044,2026-09-13T11:41:31.295260+00:00,1789299691.2583826,0.03687739372253418,4.392503323306061,2.711998509112635,0.3066007196903229,-0.1768204835309903,odom,episode_start,odom
206.927085669,2026-09-13T11:41:31.355176+00:00,1789299691.3219676,0.033208370208740234,4.39794723372446,2.7108208707555628,0.306111603975296,-0.17892033867718937,odom,episode_start,odom
206.98711607600035,2026-09-13T11:41:31.415208+00:00,1789299691.374617,0.04059100151062012,4.405562225802214,2.710534915422573,0.3054456412792206,-0.17796941767937602,odom,episode_start,odom
207.048895379,2026-09-13T11:41:31.476985+00:00,1789299691.448173,0.028811931610107422,4.419556946756662,2.7101605772464517,0.3034805357456207,-0.1775504147648761,odom,episode_start,odom
207.10348286600038,2026-09-13T11:41:31.531568+00:00,1789299691.4967716,0.03479647636413574,4.427579465110185,2.709793771711895,0.30201271176338196,-0.17675213317604377,odom,episode_start,odom
207.15668455000014,2026-09-13T11:41:31.584772+00:00,1789299691.5549848,0.029787302017211914,4.444154595028399,2.7086932586476014,0.2989506721496582,-0.17346746468568153,odom,episode_start,odom
207.21585030200004,2026-09-13T11:41:31.643939+00:00,1789299691.6148558,0.029083251953125,4.459414366582713,2.7073685026437744,0.29674026370048523,-0.17196091354514187,odom,episode_start,odom
207.27013505200011,2026-09-13T11:41:31.698223+00:00,1789299691.6714814,0.026741743087768555,4.473132877552376,2.706458806831118,0.2952256500720978,-0.17073905011611343,odom,episode_start,odom
207.32248296099988,2026-09-13T11:41:31.750574+00:00,1789299691.7347722,0.01580190658569336,4.487680321341932,2.7061921978761587,0.29500171542167664,-0.17113727253222222,odom,episode_start,odom
207.37335495000025,2026-09-13T11:41:31.801445+00:00,1789299691.7914486,0.009996414184570312,4.498890953825299,2.7056898035052646,0.295111745595932,-0.17224262068665916,odom,episode_start,odom
207.42442400500022,2026-09-13T11:41:31.852511+00:00,1789299691.8313103,0.02120065689086914,4.506404934299615,2.7049602693407233,0.2949533462524414,-0.17323732579692197,odom,episode_start,odom
207.47804558299958,2026-09-13T11:41:31.906133+00:00,1789299691.8713524,0.03478050231933594,4.513187911358532,2.7038243273649014,0.29455575346946716,-0.17451675665110167,odom,episode_start,odom
207.53336888600006,2026-09-13T11:41:31.961461+00:00,1789299691.9213586,0.040102481842041016,4.52088339556785,2.7020380909121933,0.29161036014556885,-0.17563523591645058,odom,episode_start,odom
207.58447765599976,2026-09-13T11:41:32.012568+00:00,1789299691.9946294,0.017938613891601562,4.531099039114291,2.701168061253052,0.2865254878997803,-0.17995136812407164,odom,episode_start,odom
207.66107728400038,2026-09-13T11:41:32.089167+00:00,1789299692.054611,0.03455615043640137,4.538409289756981,2.7008873099907937,0.2881784737110138,-0.1802073262682462,odom,episode_start,odom
207.715241547,2026-09-13T11:41:32.143332+00:00,1789299692.1079428,0.03538918495178223,4.543504127269493,2.70150666393617,0.2905643582344055,-0.1810843955580956,odom,episode_start,odom
207.7805888189996,2026-09-13T11:41:32.208679+00:00,1789299692.1913214,0.017357587814331055,4.5460400720415075,2.7029657462941774,0.2875053882598877,-0.18255016147355407,odom,episode_start,odom
207.83594559500034,2026-09-13T11:41:32.264033+00:00,1789299692.2279732,0.03605985641479492,4.544816439478207,2.703918380497072,0.28817859292030334,-0.18412325881650937,odom,episode_start,odom
207.88743367999996,2026-09-13T11:41:32.315521+00:00,1789299692.2787776,0.0367434024810791,4.541892763438909,2.7046385025684296,0.29056981205940247,-0.18848122571230497,odom,episode_start,odom
207.94627848599976,2026-09-13T11:41:32.374365+00:00,1789299692.3180115,0.05635356903076172,4.538952853964182,2.7047451025206626,0.2929140329360962,-0.19291024530023138,odom,episode_start,odom
208.00876326599973,2026-09-13T11:41:32.436851+00:00,1789299692.3862345,0.05061650276184082,4.531906114338101,2.705019851491621,0.298706978559494,-0.2007243525225253,odom,episode_start,odom
208.08939607400043,2026-09-13T11:41:32.517454+00:00,1789299692.4746747,0.04277920722961426,4.514784281051063,2.7066616591669956,0.31508710980415344,-0.2058690942933814,odom,episode_start,odom
208.16387651599962,2026-09-13T11:41:32.591966+00:00,1789299692.5579958,0.03397011756896973,4.488621440163265,2.707986848421778,0.32553255558013916,-0.2026429989767493,odom,episode_start,odom
208.21818296200036,2026-09-13T11:41:32.646270+00:00,1789299692.6244965,0.021773576736450195,4.459431461872642,2.7086211491095584,0.3293614387512207,-0.1952550993547697,odom,episode_start,odom
208.26916606000032,2026-09-13T11:41:32.697255+00:00,1789299692.6712298,0.026025056838989258,4.438696904999037,2.7087505656752673,0.3298076391220093,-0.19359685694440598,odom,episode_start,odom
208.32082641000034,2026-09-13T11:41:32.748919+00:00,1789299692.724561,0.024358034133911133,4.416683738693,2.7098860649703855,0.3287517726421356,-0.19428191453356836,odom,episode_start,odom
208.37290220700015,2026-09-13T11:41:32.800993+00:00,1789299692.7916365,0.009356498718261719,4.395674466331359,2.710627573093108,0.32593420147895813,-0.19927936170000193,odom,episode_start,odom
208.4376663109997,2026-09-13T11:41:32.865749+00:00,1789299692.8312542,0.034494638442993164,4.3847443426681565,2.7112342685361535,0.32497742772102356,-0.20070602870339238,odom,episode_start,odom
208.48879616900012,2026-09-13T11:41:32.916887+00:00,1789299692.8945842,0.022302865982055664,4.3779728713628865,2.7121026997552784,0.3241443634033203,-0.19849809405982932,odom,episode_start,odom
208.54105290400003,2026-09-13T11:41:32.969145+00:00,1789299692.9584904,0.010654687881469727,4.379010814126558,2.7129913386055136,0.3241851031780243,-0.19548516372870162,odom,episode_start,odom
208.60092752499986,2026-09-13T11:41:33.029018+00:00,1789299692.9945548,0.03446316719055176,4.3823541126507335,2.713076196275711,0.3243776559829712,-0.19447371395671656,odom,episode_start,odom
208.65836050899998,2026-09-13T11:41:33.086446+00:00,1789299693.043189,0.04325699806213379,4.387917987874048,2.7125435698996245,0.32460537552833557,-0.1938511221452377,odom,episode_start,odom
208.7133175179997,2026-09-13T11:41:33.141403+00:00,1789299693.1148694,0.02653360366821289,4.396886493677686,2.710999683221205,0.3255019187927246,-0.19173468735653154,odom,episode_start,odom
208.76913847699961,2026-09-13T11:41:33.197224+00:00,1789299693.172449,0.024774789810180664,4.4034588146200235,2.710229266876901,0.3261975646018982,-0.18873737926831066,odom,episode_start,odom
208.82007411500035,2026-09-13T11:41:33.248164+00:00,1789299693.2145588,0.033605098724365234,4.407267161740075,2.710031824518638,0.32655927538871765,-0.18802156879809484,odom,episode_start,odom
208.87138289300037,2026-09-13T11:41:33.299475+00:00,1789299693.274562,0.02491307258605957,4.410754109618782,2.7101226893427497,0.32672548294067383,-0.18900905961444825,odom,episode_start,odom
208.929624849,2026-09-13T11:41:33.357717+00:00,1789299693.344414,0.013303041458129883,4.411856612166181,2.7102577304964797,0.3266822099685669,-0.19038319312037566,odom,episode_start,odom
208.9991614999999,2026-09-13T11:41:33.427014+00:00,1789299693.397857,0.029157161712646484,4.411051973907909,2.7102800084121883,0.32670968770980835,-0.19018961902888143,odom,episode_start,odom
209.06661839000026,2026-09-13T11:41:33.494708+00:00,1789299693.4555633,0.03914475440979004,4.409291987540556,2.7102742779267146,0.32680651545524597,-0.19046884918260365,odom,episode_start,odom
209.12503843499962,2026-09-13T11:41:33.553128+00:00,1789299693.5343916,0.01873636245727539,4.407033545833591,2.7104946621016603,0.32693949341773987,-0.19135843500958094,odom,episode_start,odom
209.1779534770003,2026-09-13T11:41:33.606021+00:00,1789299693.5945327,0.011488199234008789,4.406125023928364,2.7107278902693133,0.3269690275192261,-0.19133688645444022,odom,episode_start,odom
209.24315181099973,2026-09-13T11:41:33.671240+00:00,1789299693.6444213,0.02681875228881836,4.405905279847619,2.7107502279426234,0.32699182629585266,-0.19122975708151801,odom,episode_start,odom
209.29561313199974,2026-09-13T11:41:33.723705+00:00,1789299693.704405,0.019299983978271484,4.406211085146314,2.7106130913175996,0.3270072638988495,-0.19142212919630808,odom,episode_start,odom
209.3584767149996,2026-09-13T11:41:33.786574+00:00,1789299693.7444067,0.04216718673706055,4.406581878279098,2.710539986765797,0.3269830048084259,-0.19142623654895718,odom,episode_start,odom
209.41655731799983,2026-09-13T11:41:33.844643+00:00,1789299693.827747,0.01689600944519043,4.406952399415814,2.7106102538142953,0.3269363343715668,-0.19097532612055113,odom,episode_start,odom
209.4935188850004,2026-09-13T11:41:33.921617+00:00,1789299693.8810909,0.04052615165710449,4.406892475483963,2.7106172196081575,0.3269416093826294,-0.1910266181387661,odom,episode_start,odom
209.55009620700002,2026-09-13T11:41:33.978185+00:00,1789299693.9378376,0.04034733772277832,4.406768893523237,2.710522941015098,0.32694917917251587,-0.19132012063622095,odom,episode_start,odom
209.62136885499967,2026-09-13T11:41:34.049455+00:00,1789299693.997716,0.05173897743225098,4.406618745633402,2.710493263008245,0.326982319355011,-0.19128945822652232,odom,episode_start,odom
209.672166628,2026-09-13T11:41:34.100252+00:00,1789299694.0611386,0.03911328315734863,4.40659254024878,2.7105751316073623,0.32698795199394226,-0.191063278570909,odom,episode_start,odom
209.73831218099986,2026-09-13T11:41:34.166401+00:00,1789299694.1377518,0.028649091720581055,4.406658537845364,2.7106068036276865,0.32697466015815735,-0.19111539491074425,odom,episode_start,odom
209.79520404600044,2026-09-13T11:41:34.223294+00:00,1789299694.2126772,0.010616779327392578,4.406733708080395,2.7104496752522564,0.32699301838874817,-0.19138927326933675,odom,episode_start,odom
209.84940910899968,2026-09-13T11:41:34.277501+00:00,1789299694.2611594,0.016341686248779297,4.406666449670479,2.710464826258186,0.32699474692344666,-0.191256174317725,odom,episode_start,odom
209.91461995499958,2026-09-13T11:41:34.342710+00:00,1789299694.3244686,0.018241405487060547,4.406669004652059,2.710524131248848,0.32699155807495117,-0.19115239998165026,odom,episode_start,odom
209.98428224300005,2026-09-13T11:41:34.412382+00:00,1789299694.384305,0.028076887130737305,4.406688638042715,2.7104907503151496,0.3269897997379303,-0.19131581211684656,odom,episode_start,odom
210.03549338300036,2026-09-13T11:41:34.463584+00:00,1789299694.4444103,0.019173622131347656,4.406717485665957,2.710397950330849,0.3269822895526886,-0.19136227011579754,odom,episode_start,odom
210.08946230499987,2026-09-13T11:41:34.517548+00:00,1789299694.4760144,0.041533708572387695,4.406711528840741,2.7103838276510936,0.3269810676574707,-0.19128213504937516,odom,episode_start,odom
210.14418355500038,2026-09-13T11:41:34.572275+00:00,1789299694.5643144,0.00796055793762207,4.406683269881864,2.7105174340766367,0.32698050141334534,-0.19106612149658586,odom,episode_start,odom
210.2023820200002,2026-09-13T11:41:34.630468+00:00,1789299694.6178808,0.01258707046508789,4.406707991892426,2.7104843419159685,0.32699087262153625,-0.19123766191851121,odom,episode_start,odom
210.25380881900037,2026-09-13T11:41:34.681898+00:00,1789299694.6578107,0.02408742904663086,4.406715239807798,2.7104064243159467,0.3269936740398407,-0.19142947478532313,odom,episode_start,odom
210.3112198480003,2026-09-13T11:41:34.739309+00:00,1789299694.7143068,0.025002241134643555,4.40671938656472,2.7103414227829887,0.32699427008628845,-0.1914351285930953,odom,episode_start,odom
210.37214047700036,2026-09-13T11:41:34.800226+00:00,1789299694.780971,0.01925492286682129,4.406718548835243,2.7104059865403585,0.3269968628883362,-0.19121449561817783,odom,episode_start,odom
210.42947460600044,2026-09-13T11:41:34.857564+00:00,1789299694.8413076,0.016256332397460938,4.406758924846764,2.710394872996712,0.3269815146923065,-0.19138384001402978,odom,episode_start,odom
210.4814231299997,2026-09-13T11:41:34.909513+00:00,1789299694.8811986,0.02831435203552246,4.406799617128561,2.7103207076593696,0.32698431611061096,-0.19143219396941036,odom,episode_start,odom
