t_s,utc,distance_m,bearing_rad
0.10333126999967135,2026-09-13T10:41:31.989631+00:00,9.309289932250977,0.04559475928544998
0.1919266869999774,2026-09-13T10:41:32.078231+00:00,9.309229850769043,0.04564055800437927
0.2414721869999994,2026-09-13T10:41:32.127780+00:00,9.309309959411621,0.04569738358259201
0.334714318999886,2026-09-13T10:41:32.221014+00:00,9.309321403503418,0.045678772032260895
0.40826763099994423,2026-09-13T10:41:32.294565+00:00,9.309235572814941,0.045510295778512955
0.47930748299995685,2026-09-13T10:41:32.365471+00:00,9.309206008911133,0.04554535821080208
0.5415676180000446,2026-09-13T10:41:32.427876+00:00,9.309195518493652,0.04569466412067413
0.5739784630000031,2026-09-13T10:41:32.460281+00:00,9.309161186218262,0.04551950842142105
0.6885483500000191,2026-09-13T10:41:32.574854+00:00,9.3091402053833,0.04565183445811272
0.7424142830000164,2026-09-13T10:41:32.628716+00:00,9.309144020080566,0.04581332951784134
0.7999349299998357,2026-09-13T10:41:32.686238+00:00,9.309096336364746,0.04563942179083824
0.8555821069999183,2026-09-13T10:41:32.741883+00:00,9.309104919433594,0.04557296633720398
0.9348014009997314,2026-09-13T10:41:32.821103+00:00,9.3091402053833,0.04551613703370094
1.0162489939998522,2026-09-13T10:41:32.902553+00:00,9.30909538269043,0.04556550085544586
1.0807792199998403,2026-09-13T10:41:32.967087+00:00,9.309028625488281,0.04543086886405945
1.138863501999822,2026-09-13T10:41:33.025170+00:00,9.309065818786621,0.04558423161506653
1.2433447949997571,2026-09-13T10:41:33.129647+00:00,9.309073448181152,0.04572676122188568
1.2919841839998298,2026-09-13T10:41:33.178286+00:00,9.309052467346191,0.04554380476474762
1.3772817300000497,2026-09-13T10:41:33.263583+00:00,9.309049606323242,0.04563969746232033
1.420416006999858,2026-09-13T10:41:33.306716+00:00,9.30908489227295,0.045708321034908295
1.5060200909997548,2026-09-13T10:41:33.392343+00:00,9.309005737304688,0.04555915296077728
1.5653621120000025,2026-09-13T10:41:33.451671+00:00,9.30901050567627,0.04553968459367752
1.6427234239999962,2026-09-13T10:41:33.529026+00:00,9.309076309204102,0.04575296491384506
1.7061408439999468,2026-09-13T10:41:33.592451+00:00,9.309020042419434,0.04551736265420914
1.7798764029998893,2026-09-13T10:41:33.666169+00:00,9.308980941772461,0.04562253877520561
1.8853135360000124,2026-09-13T10:41:33.771617+00:00,9.309033393859863,0.045709166675806046
1.967630533999909,2026-09-13T10:41:33.853943+00:00,9.309026718139648,0.0455988347530365
2.0017035789996953,2026-09-13T10:41:33.888005+00:00,9.309029579162598,0.045508868992328644
2.0701766570000473,2026-09-13T10:41:33.956480+00:00,9.309000968933105,0.045622047036886215
2.124840856999981,2026-09-13T10:41:34.011145+00:00,9.308995246887207,0.0457211434841156
2.216479734999666,2026-09-13T10:41:34.102783+00:00,9.308935165405273,0.04555115848779678
2.2817637469997862,2026-09-13T10:41:34.168070+00:00,9.30894947052002,0.04561178386211395
2.357380391999868,2026-09-13T10:41:34.243689+00:00,9.309014320373535,0.04577576741576195
2.436670857000081,2026-09-13T10:41:34.322940+00:00,9.308974266052246,0.045719388872385025
2.4994135669999196,2026-09-13T10:41:34.385715+00:00,9.308995246887207,0.045767899602651596
2.5699967959999412,2026-09-13T10:41:34.456299+00:00,9.309059143066406,0.045929793268442154
2.6252503589998923,2026-09-13T10:41:34.511501+00:00,9.30905818939209,0.04589691758155823
2.6830456719999347,2026-09-13T10:41:34.568410+00:00,9.309077262878418,0.04582202807068825
2.782422504999886,2026-09-13T10:41:34.668726+00:00,9.309125900268555,0.046014826744794846
2.866975225999795,2026-09-13T10:41:34.753280+00:00,9.309128761291504,0.045989565551280975
2.9273227199996654,2026-09-13T10:41:34.813627+00:00,9.309479713439941,0.04530775174498558
2.9835324430000583,2026-09-13T10:41:34.869827+00:00,9.308964729309082,0.029711328446865082
3.048955434999698,2026-09-13T10:41:34.935257+00:00,9.309019088745117,0.011313855648040771
3.132535100000041,2026-09-13T10:41:35.018851+00:00,9.309131622314453,-0.0038938592188060284
3.1967565790000663,2026-09-13T10:41:35.083058+00:00,9.308903694152832,-0.02012435346841812
3.270811285000036,2026-09-13T10:41:35.157114+00:00,9.308439254760742,-0.03507895767688751
3.341596343999754,2026-09-13T10:41:35.227904+00:00,9.307988166809082,-0.04803786799311638
3.412195189999693,2026-09-13T10:41:35.298506+00:00,9.307710647583008,-0.05842038616538048
3.4663889729999937,2026-09-13T10:41:35.352691+00:00,9.307452201843262,-0.06998676806688309
3.521834574999957,2026-09-13T10:41:35.408139+00:00,9.307196617126465,-0.08123721182346344
3.6095114649997413,2026-09-13T10:41:35.495829+00:00,9.306928634643555,-0.09291982650756836
3.668257048999749,2026-09-13T10:41:35.554563+00:00,9.306875228881836,-0.10359609872102737
3.7701107339999,2026-09-13T10:41:35.656433+00:00,9.306798934936523,-0.11373662203550339
3.8348627909999777,2026-09-13T10:41:35.721164+00:00,9.307013511657715,-0.12564803659915924
3.899919306999891,2026-09-13T10:41:35.786222+00:00,9.305939674377441,-0.1399189531803131
3.9651384199996755,2026-09-13T10:41:35.851430+00:00,9.304668426513672,-0.1497625708580017
4.043525174000024,2026-09-13T10:41:35.929830+00:00,9.30265998840332,-0.1661478728055954
4.113346617999923,2026-09-13T10:41:35.999656+00:00,9.301207542419434,-0.18596912920475006
4.179328859999714,2026-09-13T10:41:36.065630+00:00,9.300321578979492,-0.20613150298595428
4.2459752529998696,2026-09-13T10:41:36.132281+00:00,9.300212860107422,-0.2209635227918625
4.327082386999791,2026-09-13T10:41:36.213386+00:00,9.299955368041992,-0.2405725121498108
4.390630179999789,2026-09-13T10:41:36.276934+00:00,9.299458503723145,-0.25653699040412903
4.465476335999938,2026-09-13T10:41:36.351778+00:00,9.298564910888672,-0.2721759080886841
4.5059547799996835,2026-09-13T10:41:36.392264+00:00,9.297497749328613,-0.2908109724521637
4.587662605999867,2026-09-13T10:41:36.473964+00:00,9.296607971191406,-0.30762404203414917
4.633658706999995,2026-09-13T10:41:36.519964+00:00,9.296035766601562,-0.3236130177974701
4.734206747999906,2026-09-13T10:41:36.620504+00:00,9.295358657836914,-0.3345036804676056
4.805268584999794,2026-09-13T10:41:36.691576+00:00,9.293848037719727,-0.3482055962085724
4.8862754589999895,2026-09-13T10:41:36.772594+00:00,9.292262077331543,-0.3706119954586029
4.93062459299972,2026-09-13T10:41:36.816929+00:00,9.28800106048584,-0.39810308814048767
4.991248767999878,2026-09-13T10:41:36.877550+00:00,9.286177635192871,-0.4391896426677704
5.093858509999791,2026-09-13T10:41:36.980166+00:00,9.286611557006836,-0.4686013460159302
5.133854249999786,2026-09-13T10:41:37.020157+00:00,9.289349555969238,-0.4906335771083832
5.204279008999947,2026-09-13T10:41:37.090584+00:00,9.28933334350586,-0.49105700850486755
5.283583745999749,2026-09-13T10:41:37.169886+00:00,9.290889739990234,-0.487504243850708
5.340580119999686,2026-09-13T10:41:37.226889+00:00,9.291375160217285,-0.486802339553833
5.437733134999689,2026-09-13T10:41:37.324043+00:00,9.291292190551758,-0.4865938425064087
5.543360065999877,2026-09-13T10:41:37.429674+00:00,9.291166305541992,-0.4858982264995575
5.6053957770000125,2026-09-13T10:41:37.491700+00:00,9.29116439819336,-0.485325425863266
5.643696579999869,2026-09-13T10:41:37.529999+00:00,9.29129409790039,-0.48523178696632385
5.700527859999966,2026-09-13T10:41:37.586838+00:00,9.291410446166992,-0.4850197732448578
5.814268951000031,2026-09-13T10:41:37.700582+00:00,9.291419982910156,-0.4845522344112396
5.871594263999668,2026-09-13T10:41:37.757905+00:00,9.29143238067627,-0.4845895767211914
5.904070103999857,2026-09-13T10:41:37.790377+00:00,9.291452407836914,-0.4846266210079193
5.994717268999921,2026-09-13T10:41:37.881024+00:00,9.291523933410645,-0.48440617322921753
6.072448704999715,2026-09-13T10:41:37.958732+00:00,9.291545867919922,-0.4841877818107605
6.112498110999695,2026-09-13T10:41:37.998694+00:00,9.291534423828125,-0.4842594563961029
6.1866375229997175,2026-09-13T10:41:38.072943+00:00,9.29158878326416,-0.4844566285610199
6.2742232739997235,2026-09-13T10:41:38.160532+00:00,9.291619300842285,-0.48416826128959656
6.334988350000003,2026-09-13T10:41:38.221294+00:00,9.291604995727539,-0.48397573828697205
6.399364746999709,2026-09-13T10:41:38.285667+00:00,9.291618347167969,-0.4841481149196625
6.4547058329999345,2026-09-13T10:41:38.341002+00:00,9.291607856750488,-0.4841182827949524
6.522772304999762,2026-09-13T10:41:38.409082+00:00,9.29157543182373,-0.48386263847351074
6.627808208999795,2026-09-13T10:41:38.514112+00:00,9.291592597961426,-0.48382771015167236
6.702862754999842,2026-09-13T10:41:38.589184+00:00,9.291662216186523,-0.48373115062713623
6.758934330000102,2026-09-13T10:41:38.645233+00:00,9.29172420501709,-0.48345857858657837
6.8492737729998225,2026-09-13T10:41:38.735567+00:00,9.291716575622559,-0.4833931624889374
6.904978295000092,2026-09-13T10:41:38.791296+00:00,9.291633605957031,-0.47215285897254944
6.95444683300002,2026-09-13T10:41:38.840752+00:00,9.291237831115723,-0.45038652420043945
7.02794366299986,2026-09-13T10:41:38.914215+00:00,9.290247917175293,-0.43330129981040955
7.091849995999837,2026-09-13T10:41:38.978158+00:00,9.289444923400879,-0.41615211963653564
7.146321644999716,2026-09-13T10:41:39.032620+00:00,9.288498878479004,-0.40024328231811523
7.231955970999934,2026-09-13T10:41:39.118262+00:00,9.28790283203125,-0.38931164145469666
7.301795718999983,2026-09-13T10:41:39.188099+00:00,9.287286758422852,-0.3772469162940979
7.41022229500004,2026-09-13T10:41:39.296528+00:00,9.28697681427002,-0.3655861020088196
7.463127011999859,2026-09-13T10:41:39.349446+00:00,9.286860466003418,-0.355011522769928
7.520728141999825,2026-09-13T10:41:39.407033+00:00,9.286856651306152,-0.34277114272117615
7.603092277000087,2026-09-13T10:41:39.489396+00:00,9.286881446838379,-0.3335045874118805
7.720428240999809,2026-09-13T10:41:39.606748+00:00,9.286871910095215,-0.32384324073791504
7.762391311000101,2026-09-13T10:41:39.648689+00:00,9.286865234375,-0.31309109926223755
7.828321615999812,2026-09-13T10:41:39.714621+00:00,9.286944389343262,-0.3024451732635498
7.873010921000059,2026-09-13T10:41:39.759315+00:00,9.287247657775879,-0.2917323410511017
7.9438129729996945,2026-09-13T10:41:39.830125+00:00,9.287652969360352,-0.280672550201416
8.0161976710001,2026-09-13T10:41:39.902513+00:00,9.288033485412598,-0.27083149552345276
8.09853818900001,2026-09-13T10:41:39.984856+00:00,9.288823127746582,-0.25925835967063904
8.173641889999999,2026-09-13T10:41:40.059947+00:00,9.289993286132812,-0.24796777963638306
8.241668456999832,2026-09-13T10:41:40.127981+00:00,9.291090965270996,-0.22740474343299866
8.300160784999662,2026-09-13T10:41:40.186465+00:00,9.29181957244873,-0.20312222838401794
8.387152403000073,2026-09-13T10:41:40.273459+00:00,9.292830467224121,-0.18543404340744019
8.465692378999847,2026-09-13T10:41:40.351991+00:00,9.292720794677734,-0.1641726940870285
8.517115189999913,2026-09-13T10:41:40.403387+00:00,9.292189598083496,-0.14495901763439178
8.596498552999947,2026-09-13T10:41:40.482801+00:00,9.290936470031738,-0.12744268774986267
8.626701388999663,2026-09-13T10:41:40.513010+00:00,9.289466857910156,-0.11106552183628082
8.699834847999682,2026-09-13T10:41:40.586142+00:00,9.288251876831055,-0.0927019789814949
8.8044629609999,2026-09-13T10:41:40.690764+00:00,9.286749839782715,-0.07500336319208145
8.883701391999693,2026-09-13T10:41:40.770008+00:00,9.285374641418457,-0.05780576169490814
8.938075149999804,2026-09-13T10:41:40.824377+00:00,9.284189224243164,-0.039837613701820374
9.012910008999825,2026-09-13T10:41:40.899215+00:00,9.283331871032715,-0.020731212571263313
9.082424402000015,2026-09-13T10:41:40.968731+00:00,9.282512664794922,0.0013061214704066515
9.149697823999759,2026-09-13T10:41:41.036003+00:00,9.281225204467773,0.024373427033424377
9.250072866999744,2026-09-13T10:41:41.136391+00:00,9.280287742614746,0.04738910496234894
9.292029697000089,2026-09-13T10:41:41.178334+00:00,9.280221939086914,0.06816186010837555
9.369383200999891,2026-09-13T10:41:41.255287+00:00,9.280831336975098,0.09082134813070297
9.421447088999685,2026-09-13T10:41:41.307746+00:00,9.279570579528809,0.13051363825798035
9.503094080999745,2026-09-13T10:41:41.389395+00:00,9.278851509094238,0.1726779043674469
9.569409678999818,2026-09-13T10:41:41.455715+00:00,9.279158592224121,0.20142877101898193
9.634737723999933,2026-09-13T10:41:41.521042+00:00,9.278131484985352,0.21574093401432037
9.705610497999714,2026-09-13T10:41:41.591891+00:00,9.278444290161133,0.2337014526128769
9.782758426999862,2026-09-13T10:41:41.669062+00:00,9.276117324829102,0.2613016963005066
9.853950347999671,2026-09-13T10:41:41.740251+00:00,9.274748802185059,0.28599220514297485
9.89249810399997,2026-09-13T10:41:41.778805+00:00,9.274029731750488,0.30913037061691284
9.976078887999847,2026-09-13T10:41:41.862380+00:00,9.274016380310059,0.33705461025238037
10.039833759999965,2026-09-13T10:41:41.926141+00:00,9.274275779724121,0.35478878021240234
10.112651655999798,2026-09-13T10:41:41.998959+00:00,9.274588584899902,0.37485194206237793
10.200556584999958,2026-09-13T10:41:42.086856+00:00,9.273334503173828,0.39652836322784424
10.275536889999785,2026-09-13T10:41:42.161814+00:00,9.271977424621582,0.41092172265052795
10.338077320999673,2026-09-13T10:41:42.224378+00:00,9.270209312438965,0.4310481548309326
10.42410481099978,2026-09-13T10:41:42.310401+00:00,9.268508911132812,0.4514356255531311
10.478846644999976,2026-09-13T10:41:42.365147+00:00,9.26693344116211,0.4716828465461731
10.581169977999707,2026-09-13T10:41:42.467489+00:00,9.26555347442627,0.49536436796188354
10.615895684999941,2026-09-13T10:41:42.502199+00:00,9.264678955078125,0.51522296667099
10.674348011999882,2026-09-13T10:41:42.560557+00:00,9.264089584350586,0.5358615517616272
10.762375440999676,2026-09-13T10:41:42.648679+00:00,9.263382911682129,0.5569605827331543
10.86224214699996,2026-09-13T10:41:42.748548+00:00,9.262654304504395,0.552605152130127
10.91580230999989,2026-09-13T10:41:42.802109+00:00,9.263188362121582,0.5421022176742554
10.953392464999979,2026-09-13T10:41:42.839697+00:00,9.264575958251953,0.5421305298805237
11.050100312999803,2026-09-13T10:41:42.936402+00:00,9.263992309570312,0.5434053540229797
11.109004814999935,2026-09-13T10:41:42.995312+00:00,9.263039588928223,0.5406373739242554
11.153993169999922,2026-09-13T10:41:43.040295+00:00,9.2627534866333,0.5322569012641907
11.23919391299978,2026-09-13T10:41:43.125501+00:00,9.26280689239502,0.5262380242347717
11.341593663999902,2026-09-13T10:41:43.227901+00:00,9.262689590454102,0.5219375491142273
11.406077967999863,2026-09-13T10:41:43.292377+00:00,9.262324333190918,0.516146719455719
11.432546566999918,2026-09-13T10:41:43.318847+00:00,9.261980056762695,0.5104345679283142
11.541741457999706,2026-09-13T10:41:43.428043+00:00,9.261543273925781,0.5042701959609985
11.612335279000035,2026-09-13T10:41:43.498648+00:00,9.26135540008545,0.5007786154747009
11.678906693000044,2026-09-13T10:41:43.565209+00:00,9.261222839355469,0.49744713306427
11.760667032999663,2026-09-13T10:41:43.646973+00:00,9.261128425598145,0.494472861289978
11.809512956999697,2026-09-13T10:41:43.695813+00:00,9.26103401184082,0.4916231334209442
11.8739751170001,2026-09-13T10:41:43.760280+00:00,9.260970115661621,0.48956477642059326
11.942399457999727,2026-09-13T10:41:43.828706+00:00,9.260919570922852,0.4868185520172119
11.992631349000021,2026-09-13T10:41:43.878941+00:00,9.260767936706543,0.4845706522464752
12.061595962999945,2026-09-13T10:41:43.947893+00:00,9.260629653930664,0.48231959342956543
12.153121333999934,2026-09-13T10:41:44.039427+00:00,9.260592460632324,0.47951430082321167
12.239109526999982,2026-09-13T10:41:44.125414+00:00,9.260516166687012,0.47609102725982666
12.302972242999658,2026-09-13T10:41:44.189278+00:00,9.260421752929688,0.4736139178276062
12.347660107999673,2026-09-13T10:41:44.233963+00:00,9.260370254516602,0.4713769555091858
12.437138721999872,2026-09-13T10:41:44.323440+00:00,9.260353088378906,0.46950528025627136
12.506255341999804,2026-09-13T10:41:44.392556+00:00,9.260396957397461,0.46792882680892944
12.582389539999895,2026-09-13T10:41:44.468696+00:00,9.260468482971191,0.4664194881916046
12.646112059999723,2026-09-13T10:41:44.532420+00:00,9.260498046875,0.4653802216053009
12.699046344999715,2026-09-13T10:41:44.585347+00:00,9.26057243347168,0.46463918685913086
12.795984920999672,2026-09-13T10:41:44.682285+00:00,9.26065444946289,0.46355268359184265
12.854322140000022,2026-09-13T10:41:44.740625+00:00,9.260774612426758,0.4627024829387665
12.930951874999664,2026-09-13T10:41:44.817254+00:00,9.260790824890137,0.46175500750541687
12.992911006999748,2026-09-13T10:41:44.879216+00:00,9.260663032531738,0.46047621965408325
13.081767551999747,2026-09-13T10:41:44.968073+00:00,9.260194778442383,0.4795536994934082
13.173118964999958,2026-09-13T10:41:45.059420+00:00,9.258852005004883,0.4989132881164551
13.227782460000071,2026-09-13T10:41:45.114089+00:00,9.257492065429688,0.5135864615440369
13.293122921999839,2026-09-13T10:41:45.179418+00:00,9.256817817687988,0.5272267460823059
13.354118533000019,2026-09-13T10:41:45.240430+00:00,9.257427215576172,0.5458642840385437
13.394322375999764,2026-09-13T10:41:45.280576+00:00,9.258560180664062,0.5688436627388
13.488032075999854,2026-09-13T10:41:45.374337+00:00,9.259015083312988,0.5933700203895569
13.551112396999997,2026-09-13T10:41:45.437417+00:00,9.260157585144043,0.6142712235450745
13.629335017999892,2026-09-13T10:41:45.515650+00:00,9.26006031036377,0.6370024085044861
13.701582590999806,2026-09-13T10:41:45.587781+00:00,9.260286331176758,0.6538991332054138
13.754006523000044,2026-09-13T10:41:45.640310+00:00,9.258849143981934,0.6421326398849487
13.846005414000047,2026-09-13T10:41:45.732307+00:00,9.257574081420898,0.6282784938812256
13.936107216999972,2026-09-13T10:41:45.822429+00:00,9.257054328918457,0.6191282272338867
13.980458079000073,2026-09-13T10:41:45.866761+00:00,9.256865501403809,0.6127520799636841
14.038840611000069,2026-09-13T10:41:45.925144+00:00,9.256656646728516,0.606544554233551
14.105481019999843,2026-09-13T10:41:45.991780+00:00,9.25643253326416,0.6011515855789185
14.17195847899984,2026-09-13T10:41:46.058260+00:00,9.256272315979004,0.5960760712623596
14.247684599999957,2026-09-13T10:41:46.133987+00:00,9.256091117858887,0.5920189023017883
14.293199884999922,2026-09-13T10:41:46.179508+00:00,9.255988121032715,0.5882863998413086
14.41769592799983,2026-09-13T10:41:46.304002+00:00,9.255890846252441,0.5843183398246765
14.481023106000066,2026-09-13T10:41:46.367328+00:00,9.255711555480957,0.5817452073097229
14.544214374999683,2026-09-13T10:41:46.430519+00:00,9.255509376525879,0.579360842704773
14.608095459999731,2026-09-13T10:41:46.494396+00:00,9.255425453186035,0.5782259106636047
14.673379918999672,2026-09-13T10:41:46.559690+00:00,9.255337715148926,0.5770682692527771
14.761607130999892,2026-09-13T10:41:46.647925+00:00,9.255213737487793,0.5755621194839478
14.818641553999896,2026-09-13T10:41:46.704950+00:00,9.255107879638672,0.5746034383773804
14.879437702999894,2026-09-13T10:41:46.765754+00:00,9.2550687789917,0.5742790699005127
14.918076502000076,2026-09-13T10:41:46.804375+00:00,9.25477409362793,0.5718322992324829
15.014648376999958,2026-09-13T10:41:46.900953+00:00,9.254592895507812,0.5704649686813354
15.099005827999918,2026-09-13T10:41:46.985320+00:00,9.25446891784668,0.5691289901733398
15.16879014999995,2026-09-13T10:41:47.055074+00:00,9.254252433776855,0.5677244663238525
15.254233619999923,2026-09-13T10:41:47.140539+00:00,9.254095077514648,0.5670740008354187
15.316092492999815,2026-09-13T10:41:47.202393+00:00,9.253886222839355,0.566526472568512
15.420483671000056,2026-09-13T10:41:47.306789+00:00,9.253692626953125,0.5660527348518372
15.493882513999779,2026-09-13T10:41:47.380179+00:00,9.25320053100586,0.5647236704826355
15.570998442000018,2026-09-13T10:41:47.457311+00:00,9.25306510925293,0.5634260177612305
15.658608192999964,2026-09-13T10:41:47.544848+00:00,9.252935409545898,0.5628119111061096
15.716508692999923,2026-09-13T10:41:47.602813+00:00,9.252811431884766,0.5621224641799927
15.76729298600003,2026-09-13T10:41:47.653598+00:00,9.25270938873291,0.5611734390258789
15.829785703999733,2026-09-13T10:41:47.716091+00:00,9.252569198608398,0.5602542757987976
15.901740338999844,2026-09-13T10:41:47.788048+00:00,9.252410888671875,0.5595771670341492
15.99295446699989,2026-09-13T10:41:47.879230+00:00,9.252321243286133,0.5586621165275574
16.044771499000035,2026-09-13T10:41:47.931076+00:00,9.252175331115723,0.5575305223464966
16.134767890999683,2026-09-13T10:41:48.021072+00:00,9.251937866210938,0.5565704107284546
16.21897528799991,2026-09-13T10:41:48.105278+00:00,9.25188159942627,0.5555595755577087
16.273105837999992,2026-09-13T10:41:48.159408+00:00,9.251745223999023,0.5546740889549255
16.357687872000042,2026-09-13T10:41:48.243992+00:00,9.251677513122559,0.5542445182800293
16.413317926999753,2026-09-13T10:41:48.299621+00:00,9.251617431640625,0.553831934928894
16.504516662999777,2026-09-13T10:41:48.390816+00:00,9.251571655273438,0.5535405278205872
16.574569857999904,2026-09-13T10:41:48.460877+00:00,9.251520156860352,0.5531567931175232
16.637336248999873,2026-09-13T10:41:48.523638+00:00,9.25150203704834,0.5528567433357239
16.684632041999976,2026-09-13T10:41:48.570932+00:00,9.251493453979492,0.552734911441803
16.772628429999713,2026-09-13T10:41:48.658932+00:00,9.251457214355469,0.552496612071991
16.847668127999896,2026-09-13T10:41:48.733972+00:00,9.251453399658203,0.5524879693984985
16.913986990000012,2026-09-13T10:41:48.800288+00:00,9.25180435180664,0.5388698577880859
17.0181187029998,2026-09-13T10:41:48.904417+00:00,9.251254081726074,0.5117141008377075
17.07413120399997,2026-09-13T10:41:48.960427+00:00,9.250906944274902,0.48811110854148865
17.127953262999654,2026-09-13T10:41:49.014257+00:00,9.250171661376953,0.4638700783252716
17.24523328899977,2026-09-13T10:41:49.131539+00:00,9.249608039855957,0.4404489994049072
17.338542526999845,2026-09-13T10:41:49.224861+00:00,9.248979568481445,0.4183168113231659
17.370858618000057,2026-09-13T10:41:49.257156+00:00,9.248335838317871,0.3981189727783203
17.450178650999987,2026-09-13T10:41:49.336480+00:00,9.247939109802246,0.37752765417099
17.539740339999753,2026-09-13T10:41:49.426024+00:00,9.2470703125,0.3598121106624603
17.59867357899975,2026-09-13T10:41:49.484991+00:00,9.246728897094727,0.3437981605529785
17.625088159999905,2026-09-13T10:41:49.511342+00:00,9.246389389038086,0.3135252892971039
17.72485175799966,2026-09-13T10:41:49.611093+00:00,9.245759010314941,0.2750895321369171
17.765691366999818,2026-09-13T10:41:49.651995+00:00,9.245179176330566,0.24271312355995178
17.841190216000086,2026-09-13T10:41:49.727497+00:00,9.24474811553955,0.21781602501869202
17.887130826999964,2026-09-13T10:41:49.773438+00:00,9.244595527648926,0.1996358036994934
17.964433768999697,2026-09-13T10:41:49.850739+00:00,9.244369506835938,0.18597747385501862
18.02783467800009,2026-09-13T10:41:49.914137+00:00,9.2439546585083,0.17155998945236206
18.116448078999838,2026-09-13T10:41:50.002758+00:00,9.243330955505371,0.16047458350658417
18.168390042999818,2026-09-13T10:41:50.054668+00:00,9.24262809753418,0.1467512845993042
18.238336547000017,2026-09-13T10:41:50.124642+00:00,9.241881370544434,0.13579906523227692
18.293266098999993,2026-09-13T10:41:50.179586+00:00,9.241116523742676,0.12548324465751648
18.36255203599967,2026-09-13T10:41:50.248861+00:00,9.240386009216309,0.11246553808450699
18.425874445999852,2026-09-13T10:41:50.312179+00:00,9.23975944519043,0.10248513519763947
18.497962748999726,2026-09-13T10:41:50.384265+00:00,9.239346504211426,0.0917142927646637
18.585454832999858,2026-09-13T10:41:50.471755+00:00,9.239212989807129,0.08444547653198242
18.660135446999902,2026-09-13T10:41:50.546435+00:00,9.239242553710938,0.07692527770996094
18.746542085999863,2026-09-13T10:41:50.632845+00:00,9.239385604858398,0.06901679933071136
18.81107506399985,2026-09-13T10:41:50.697381+00:00,9.239557266235352,0.06120075285434723
18.87028360799968,2026-09-13T10:41:50.756591+00:00,9.239738464355469,0.0503728911280632
18.926255018999655,2026-09-13T10:41:50.812561+00:00,9.240069389343262,0.04187658429145813
19.0183094959998,2026-09-13T10:41:50.904613+00:00,9.241089820861816,0.04344911128282547
19.066314431999672,2026-09-13T10:41:50.952622+00:00,9.24144458770752,0.052408985793590546
19.145288789999995,2026-09-13T10:41:51.031591+00:00,9.241194725036621,0.05832439288496971
19.20305418099997,2026-09-13T10:41:51.089369+00:00,9.240966796875,0.06259769946336746
19.271098188999986,2026-09-13T10:41:51.157403+00:00,9.240823745727539,0.06497822701931
19.339981296999667,2026-09-13T10:41:51.226296+00:00,9.240668296813965,0.06616312265396118
19.41573903499966,2026-09-13T10:41:51.302017+00:00,9.240616798400879,0.06697482615709305
19.46903845299994,2026-09-13T10:41:51.355344+00:00,9.240487098693848,0.06735192239284515
19.568156973999976,2026-09-13T10:41:51.454462+00:00,9.240438461303711,0.06860450655221939
19.644075965999946,2026-09-13T10:41:51.530377+00:00,9.240333557128906,0.06875163316726685
19.727485416000036,2026-09-13T10:41:51.613791+00:00,9.240518569946289,0.060625530779361725
19.782400344000052,2026-09-13T10:41:51.668703+00:00,9.24008846282959,0.04108089208602905
19.857326374999957,2026-09-13T10:41:51.743605+00:00,9.239922523498535,0.030418630689382553
19.928065480999976,2026-09-13T10:41:51.814376+00:00,9.239404678344727,0.019679415971040726
19.993349747999673,2026-09-13T10:41:51.879670+00:00,9.238996505737305,0.011006737127900124
20.06270186399979,2026-09-13T10:41:51.949004+00:00,9.238932609558105,0.013671185821294785
20.135224998000012,2026-09-13T10:41:52.021526+00:00,9.238981246948242,0.025204524397850037
20.232816939999793,2026-09-13T10:41:52.119103+00:00,9.239089012145996,0.030037153512239456
20.26709549599991,2026-09-13T10:41:52.153400+00:00,9.23930549621582,0.03260648995637894
20.3526291459998,2026-09-13T10:41:52.238929+00:00,9.239495277404785,0.03424317017197609
20.4260246609997,2026-09-13T10:41:52.312327+00:00,9.239580154418945,0.03531220555305481
20.495607375999953,2026-09-13T10:41:52.381911+00:00,9.23961353302002,0.036126431077718735
20.562135748999935,2026-09-13T10:41:52.448443+00:00,9.239595413208008,0.03657074272632599
20.633197010000004,2026-09-13T10:41:52.519505+00:00,9.23957633972168,0.036749646067619324
20.70434515399984,2026-09-13T10:41:52.590649+00:00,9.239561080932617,0.03713554888963699
20.782837063999978,2026-09-13T10:41:52.669153+00:00,9.239583015441895,0.037297748029232025
20.83064205799974,2026-09-13T10:41:52.716947+00:00,9.239558219909668,0.03717710077762604
20.888790118000088,2026-09-13T10:41:52.775098+00:00,9.239522933959961,0.037425607442855835
20.948437556000044,2026-09-13T10:41:52.834741+00:00,9.239562034606934,0.03780535236001015
21.054480692999732,2026-09-13T10:41:52.940781+00:00,9.23952865600586,0.03777743875980377
21.156031615999837,2026-09-13T10:41:53.042339+00:00,9.239530563354492,0.03783959895372391
21.229033805999734,2026-09-13T10:41:53.115340+00:00,9.23951530456543,0.038513269275426865
21.263944510999863,2026-09-13T10:41:53.150255+00:00,9.239503860473633,0.038534484803676605
21.315058159999808,2026-09-13T10:41:53.201360+00:00,9.239580154418945,0.03863368555903435
21.38818025799992,2026-09-13T10:41:53.274480+00:00,9.239640235900879,0.038959160447120667
21.46247049099975,2026-09-13T10:41:53.348778+00:00,9.239665985107422,0.03912041336297989
21.53349863099993,2026-09-13T10:41:53.419796+00:00,9.239652633666992,0.038965512067079544
21.614902798000003,2026-09-13T10:41:53.501169+00:00,9.239631652832031,0.03912345692515373
21.686015932999908,2026-09-13T10:41:53.572323+00:00,9.239614486694336,0.03921302407979965
21.749370695999914,2026-09-13T10:41:53.635675+00:00,9.239605903625488,0.039043065160512924
21.834428936999757,2026-09-13T10:41:53.720733+00:00,9.23955249786377,0.03931592404842377
21.887963082999704,2026-09-13T10:41:53.774272+00:00,9.23951244354248,0.03938859701156616
21.960793682999793,2026-09-13T10:41:53.847098+00:00,9.239517211914062,0.039164554327726364
22.017179539999688,2026-09-13T10:41:53.903485+00:00,9.239561080932617,0.03954485058784485
22.086949013999856,2026-09-13T10:41:53.973254+00:00,9.23952579498291,0.03966588154435158
22.158387439999842,2026-09-13T10:41:54.044697+00:00,9.239501953125,0.03950384259223938
22.23602949699989,2026-09-13T10:41:54.122331+00:00,9.23948860168457,0.039466485381126404
22.29422485499981,2026-09-13T10:41:54.180525+00:00,9.239502906799316,0.039750970900058746
22.366576014999737,2026-09-13T10:41:54.252882+00:00,9.23947811126709,0.03963391110301018
22.44956637999985,2026-09-13T10:41:54.335866+00:00,9.239480018615723,0.039472371339797974
22.553292255000088,2026-09-13T10:41:54.439603+00:00,9.239517211914062,0.03974311426281929
22.591836778000015,2026-09-13T10:41:54.478133+00:00,9.239511489868164,0.03982987627387047
22.654792775999795,2026-09-13T10:41:54.541109+00:00,9.23950481414795,0.03972914069890976
22.69126740599995,2026-09-13T10:41:54.577571+00:00,9.239527702331543,0.0398729182779789
22.778681758999937,2026-09-13T10:41:54.664987+00:00,9.239506721496582,0.040021684020757675
22.845654274000026,2026-09-13T10:41:54.731961+00:00,9.239479064941406,0.03968203067779541
22.93775227199967,2026-09-13T10:41:54.824068+00:00,9.239500999450684,0.039888687431812286
23.00364209600002,2026-09-13T10:41:54.889965+00:00,9.239508628845215,0.04000239819288254
23.053124905999994,2026-09-13T10:41:54.939431+00:00,9.239457130432129,0.03986189514398575
23.15555588999996,2026-09-13T10:41:55.041870+00:00,9.239452362060547,0.03983111307024956
23.211421792999772,2026-09-13T10:41:55.097726+00:00,9.239468574523926,0.0400988906621933
23.283593652000036,2026-09-13T10:41:55.169873+00:00,9.239439964294434,0.03993852809071541
23.351036678999662,2026-09-13T10:41:55.237341+00:00,9.239415168762207,0.0399266853928566
23.44154227199988,2026-09-13T10:41:55.327843+00:00,9.239465713500977,0.040059931576251984
23.51225708899983,2026-09-13T10:41:55.398563+00:00,9.239496231079102,0.04009345546364784
23.58461800899977,2026-09-13T10:41:55.470921+00:00,9.239497184753418,0.04001506417989731
23.629117323999708,2026-09-13T10:41:55.515426+00:00,9.239484786987305,0.040317367762327194
23.718119889999798,2026-09-13T10:41:55.604418+00:00,9.239510536193848,0.04034809023141861
23.761084881999977,2026-09-13T10:41:55.647390+00:00,9.239542961120605,0.040275827050209045
23.8446811230001,2026-09-13T10:41:55.730985+00:00,9.239471435546875,0.04027140885591507
23.93201707299977,2026-09-13T10:41:55.818318+00:00,9.239466667175293,0.04046786203980446
24.012547835000078,2026-09-13T10:41:55.898852+00:00,9.239460945129395,0.040341462939977646
24.067439337999986,2026-09-13T10:41:55.953743+00:00,9.239453315734863,0.04028159752488136
24.15109746899998,2026-09-13T10:41:56.037386+00:00,9.239481925964355,0.04053770750761032
24.239158083999882,2026-09-13T10:41:56.125465+00:00,9.23950481414795,0.04046405851840973
24.288691390999702,2026-09-13T10:41:56.174991+00:00,9.239517211914062,0.04048166796565056
24.354217555000105,2026-09-13T10:41:56.240529+00:00,9.239492416381836,0.04063432291150093
24.4001050439997,2026-09-13T10:41:56.286408+00:00,9.239463806152344,0.04061070829629898
24.476920577999863,2026-09-13T10:41:56.363222+00:00,9.239494323730469,0.04036947712302208
24.53201247199968,2026-09-13T10:41:56.418315+00:00,9.239520072937012,0.0406622476875782
24.615700108000055,2026-09-13T10:41:56.502000+00:00,9.23946762084961,0.04086669161915779
24.678283101000034,2026-09-13T10:41:56.564488+00:00,9.239461898803711,0.04076123237609863
24.768991771999936,2026-09-13T10:41:56.655297+00:00,9.23948860168457,0.040631361305713654
24.838857825000105,2026-09-13T10:41:56.725162+00:00,9.239485740661621,0.0409243106842041
24.90093231999981,2026-09-13T10:41:56.787237+00:00,9.239516258239746,0.040731824934482574
24.962265638999725,2026-09-13T10:41:56.848572+00:00,9.239540100097656,0.04081892967224121
25.03951238699983,2026-09-13T10:41:56.925823+00:00,9.239513397216797,0.040869906544685364
25.111958750999747,2026-09-13T10:41:56.998261+00:00,9.239501953125,0.04078773036599159
25.171870134000073,2026-09-13T10:41:57.058177+00:00,9.239533424377441,0.040705323219299316
25.236599726999884,2026-09-13T10:41:57.122890+00:00,9.239506721496582,0.04087139293551445
25.299499721999837,2026-09-13T10:41:57.185794+00:00,9.239505767822266,0.04083211347460747
25.39700833300003,2026-09-13T10:41:57.283295+00:00,9.239448547363281,0.040542591363191605
25.457474134999757,2026-09-13T10:41:57.343775+00:00,9.239484786987305,0.04072469845414162
25.550411168999744,2026-09-13T10:41:57.436717+00:00,9.239484786987305,0.04092332348227501
25.68445546799967,2026-09-13T10:41:57.570756+00:00,9.239434242248535,0.04093993082642555
25.76455095199981,2026-09-13T10:41:57.650856+00:00,9.239413261413574,0.041028864681720734
25.82233349599983,2026-09-13T10:41:57.708643+00:00,9.239408493041992,0.04095994308590889
25.871372706999864,2026-09-13T10:41:57.757679+00:00,9.239394187927246,0.040941208600997925
25.942659799000012,2026-09-13T10:41:57.828965+00:00,9.239453315734863,0.041199229657649994
26.01354694199972,2026-09-13T10:41:57.899856+00:00,9.239457130432129,0.04108120873570442
26.080108372999803,2026-09-13T10:41:57.966415+00:00,9.239459991455078,0.04104515537619591
26.158690877000026,2026-09-13T10:41:58.044992+00:00,9.239368438720703,0.04128095135092735
26.22695086099975,2026-09-13T10:41:58.113258+00:00,9.239441871643066,0.0412997342646122
26.282657271000062,2026-09-13T10:41:58.168962+00:00,9.239465713500977,0.04109630733728409
26.352082508999956,2026-09-13T10:41:58.238388+00:00,9.239455223083496,0.041136641055345535
26.413452436999705,2026-09-13T10:41:58.299754+00:00,9.239485740661621,0.041510868817567825
26.504173493000053,2026-09-13T10:41:58.390402+00:00,9.239435195922852,0.04124002158641815
26.546212789000037,2026-09-13T10:41:58.432532+00:00,9.239462852478027,0.041257139295339584
26.62507107900001,2026-09-13T10:41:58.511373+00:00,9.239470481872559,0.04151364043354988
26.699610632999793,2026-09-13T10:41:58.585916+00:00,9.23948860168457,0.04139111936092377
26.757065901999795,2026-09-13T10:41:58.643372+00:00,9.237767219543457,0.04144885390996933
26.85916244300006,2026-09-13T10:41:58.745463+00:00,9.23290729522705,0.044118668884038925
26.91249197399975,2026-09-13T10:41:58.798795+00:00,9.226093292236328,0.04869062453508377
26.999075993999668,2026-09-13T10:41:58.885334+00:00,9.215385437011719,0.054391734302043915
27.08963717300003,2026-09-13T10:41:58.975944+00:00,9.207229614257812,0.05343852564692497
27.139686913999867,2026-09-13T10:41:59.025996+00:00,9.192428588867188,0.051296867430210114
27.189970037999956,2026-09-13T10:41:59.076275+00:00,9.173035621643066,0.050808537751436234
27.268009549,2026-09-13T10:41:59.154320+00:00,9.154794692993164,0.04840213805437088
27.350934182999936,2026-09-13T10:41:59.237233+00:00,9.140966415405273,0.038721226155757904
27.385324840000067,2026-09-13T10:41:59.271643+00:00,9.136614799499512,0.030428515747189522
27.507230843999878,2026-09-13T10:41:59.393547+00:00,9.13372802734375,0.022203316912055016
27.54792171200006,2026-09-13T10:41:59.434221+00:00,9.1353759765625,0.019522307440638542
27.610197717999654,2026-09-13T10:41:59.496503+00:00,9.139328002929688,0.013983409851789474
27.708497011999953,2026-09-13T10:41:59.594798+00:00,9.141571044921875,0.01112891174852848
27.766340998000032,2026-09-13T10:41:59.652646+00:00,9.143915176391602,0.01002359576523304
27.871232640000017,2026-09-13T10:41:59.757536+00:00,9.145391464233398,0.010116119869053364
27.94326455700002,2026-09-13T10:41:59.829570+00:00,9.146384239196777,0.008954260498285294
27.989743458999783,2026-09-13T10:41:59.876046+00:00,9.147233009338379,0.007462578359991312
28.063144541999918,2026-09-13T10:41:59.949443+00:00,9.147855758666992,0.007338664960116148
28.116325779999897,2026-09-13T10:42:00.002631+00:00,9.145875930786133,0.00979162473231554
28.166906994999863,2026-09-13T10:42:00.053209+00:00,9.142173767089844,0.010018551722168922
28.229044980999788,2026-09-13T10:42:00.115350+00:00,9.13441276550293,0.01052708551287651
28.31368528799976,2026-09-13T10:42:00.199987+00:00,9.119269371032715,0.010991297662258148
28.37113591699972,2026-09-13T10:42:00.257393+00:00,9.106480598449707,0.01203811727464199
28.51400393599988,2026-09-13T10:42:00.400322+00:00,9.091958045959473,0.012650889344513416
28.56495121099988,2026-09-13T10:42:00.451261+00:00,9.079795837402344,0.01166369579732418
28.61255584599985,2026-09-13T10:42:00.498752+00:00,9.069396018981934,0.009491822682321072
28.679097850999824,2026-09-13T10:42:00.565411+00:00,9.061389923095703,0.006963204592466354
28.73390695199987,2026-09-13T10:42:00.620227+00:00,9.055685997009277,0.005696921143680811
28.832085920999816,2026-09-13T10:42:00.718346+00:00,9.04944133758545,0.010793968103826046
28.87308515099994,2026-09-13T10:42:00.759388+00:00,9.043471336364746,0.011024880222976208
28.948665186999733,2026-09-13T10:42:00.834968+00:00,9.042841911315918,0.008763373829424381
29.037062132999836,2026-09-13T10:42:00.923370+00:00,9.044642448425293,0.0053103649988770485
29.10331958500001,2026-09-13T10:42:00.989627+00:00,9.048675537109375,-0.0017130044288933277
29.173629556999913,2026-09-13T10:42:01.059928+00:00,9.05164623260498,-0.006779987830668688
29.21930769499977,2026-09-13T10:42:01.105524+00:00,9.053488731384277,-0.008427094668149948
29.305765407999843,2026-09-13T10:42:01.192061+00:00,9.05451774597168,-0.010998842306435108
29.399455554999804,2026-09-13T10:42:01.285760+00:00,9.055027961730957,-0.013253588229417801
29.448872474999916,2026-09-13T10:42:01.335176+00:00,9.055680274963379,-0.014918523840606213
29.5271721539998,2026-09-13T10:42:01.413472+00:00,9.056252479553223,-0.016114238649606705
29.590868079999836,2026-09-13T10:42:01.477176+00:00,9.056699752807617,-0.01772426627576351
29.66510845599987,2026-09-13T10:42:01.551408+00:00,9.054364204406738,-0.018023867160081863
29.719061110999974,2026-09-13T10:42:01.605363+00:00,9.050265312194824,-0.01398046500980854
29.792463634999876,2026-09-13T10:42:01.678768+00:00,9.042380332946777,-0.01305144652724266
29.872862968999925,2026-09-13T10:42:01.759166+00:00,9.032198905944824,-0.011416143737733364
29.944773857999735,2026-09-13T10:42:01.831076+00:00,9.017868041992188,-0.004778486210852861
29.98799191399985,2026-09-13T10:42:01.874297+00:00,8.997379302978516,-0.0030577771831303835
30.065388170999995,2026-09-13T10:42:01.951693+00:00,8.974166870117188,-0.01135716587305069
30.1234435880001,2026-09-13T10:42:02.009748+00:00,8.950613975524902,-0.01536709163337946
30.208383650000087,2026-09-13T10:42:02.094684+00:00,8.924296379089355,-0.009965300559997559
30.264051179000035,2026-09-13T10:42:02.150355+00:00,8.899682998657227,-0.012373772449791431
30.363329385999805,2026-09-13T10:42:02.249633+00:00,8.878151893615723,-0.010884770192205906
30.402771570999903,2026-09-13T10:42:02.289080+00:00,8.85763168334961,-0.005901135969907045
30.48845002600001,2026-09-13T10:42:02.374751+00:00,8.830896377563477,-0.002855377970263362
30.536066372999812,2026-09-13T10:42:02.422373+00:00,8.810254096984863,0.003226575907319784
30.62900990299977,2026-09-13T10:42:02.515287+00:00,8.799691200256348,0.003349077655002475
30.67901999500009,2026-09-13T10:42:02.565326+00:00,8.79234504699707,0.0012169592082500458
30.745457549000093,2026-09-13T10:42:02.631763+00:00,8.792780876159668,-0.007124976720660925
30.840148336999846,2026-09-13T10:42:02.726453+00:00,8.796542167663574,-0.013007277622818947
30.91236141299987,2026-09-13T10:42:02.798662+00:00,8.798383712768555,-0.01771170273423195
30.99112242000001,2026-09-13T10:42:02.877425+00:00,8.798943519592285,-0.02208038978278637
31.0512938439997,2026-09-13T10:42:02.937588+00:00,8.79936408996582,-0.023908037692308426
31.12553236299982,2026-09-13T10:42:03.011832+00:00,8.80005931854248,-0.025792596861720085
31.195948801999748,2026-09-13T10:42:03.082255+00:00,8.80081844329834,-0.02742108888924122
31.262732224000047,2026-09-13T10:42:03.149037+00:00,8.801433563232422,-0.028519121930003166
31.343844477999937,2026-09-13T10:42:03.230161+00:00,8.802021980285645,-0.02952505461871624
31.392774052999812,2026-09-13T10:42:03.279076+00:00,8.802164077758789,-0.030263595283031464
31.47164863199987,2026-09-13T10:42:03.357967+00:00,8.798379898071289,-0.0266303401440382
31.54179498199983,2026-09-13T10:42:03.428093+00:00,8.791460037231445,-0.022117173299193382
31.627896170999975,2026-09-13T10:42:03.514202+00:00,8.782089233398438,-0.01786130666732788
31.68373788200006,2026-09-13T10:42:03.570014+00:00,8.770610809326172,-0.016936276108026505
31.77072559599992,2026-09-13T10:42:03.657033+00:00,8.761699676513672,-0.014039813540875912
31.841063248999944,2026-09-13T10:42:03.727371+00:00,8.738753318786621,-0.0023785545490682125
31.895478959999764,2026-09-13T10:42:03.781788+00:00,8.717819213867188,-0.007624107412993908
31.94447890599986,2026-09-13T10:42:03.830777+00:00,8.691758155822754,-0.014094693586230278
32.01888232700003,2026-09-13T10:42:03.905185+00:00,8.668333053588867,-0.01611807569861412
32.074559648000104,2026-09-13T10:42:03.960860+00:00,8.645515441894531,-0.014091847464442253
32.15525601599984,2026-09-13T10:42:04.041564+00:00,8.627493858337402,-0.012032506056129932
32.23650276999979,2026-09-13T10:42:04.122798+00:00,8.603950500488281,-0.004358044359833002
32.319020094999814,2026-09-13T10:42:04.205321+00:00,8.581756591796875,-0.004679892677813768
32.383282311999665,2026-09-13T10:42:04.269583+00:00,8.564144134521484,0.0011733415303751826
32.460135222999725,2026-09-13T10:42:04.346436+00:00,8.554941177368164,0.0038564782589673996
32.53111836900007,2026-09-13T10:42:04.417419+00:00,8.543109893798828,0.010763715952634811
32.60966381699973,2026-09-13T10:42:04.495967+00:00,8.540129661560059,0.003930068574845791
32.699483529999725,2026-09-13T10:42:04.585786+00:00,8.539850234985352,-0.0003160902124363929
32.7442658949999,2026-09-13T10:42:04.630563+00:00,8.540793418884277,0.0017577591352164745
32.8231682820001,2026-09-13T10:42:04.709469+00:00,8.542101860046387,0.0013172916369512677
32.88985470899979,2026-09-13T10:42:04.776164+00:00,8.542695045471191,0.00019725215679500252
32.96481389199971,2026-09-13T10:42:04.851115+00:00,8.542669296264648,5.603973477263935e-05
33.027149132999966,2026-09-13T10:42:04.913451+00:00,8.542550086975098,0.00022032605193089694
33.070230928,2026-09-13T10:42:04.956538+00:00,8.542576789855957,0.00019114695896860212
33.12966024699972,2026-09-13T10:42:05.015978+00:00,8.542681694030762,4.032318611280061e-05
33.23461090000001,2026-09-13T10:42:05.120915+00:00,8.542634963989258,0.0002363422972848639
33.29307448999998,2026-09-13T10:42:05.179375+00:00,8.539942741394043,0.0012199460761621594
33.36194195000007,2026-09-13T10:42:05.248258+00:00,8.53332233428955,0.0029317375738173723
33.40641803199969,2026-09-13T10:42:05.292730+00:00,8.524171829223633,0.0031693140044808388
33.493013380999855,2026-09-13T10:42:05.379142+00:00,8.506263732910156,0.007790173403918743
33.57414112399965,2026-09-13T10:42:05.460437+00:00,8.49285888671875,0.0082703223451972
33.645610333999684,2026-09-13T10:42:05.531913+00:00,8.478368759155273,0.007706969510763884
33.71613400899969,2026-09-13T10:42:05.602447+00:00,8.457125663757324,0.007330826483666897
33.77118705399971,2026-09-13T10:42:05.657489+00:00,8.443307876586914,0.007574676536023617
33.889730640999915,2026-09-13T10:42:05.776032+00:00,8.434701919555664,0.003269941546022892
33.9448409040001,2026-09-13T10:42:05.831144+00:00,8.432847023010254,-0.007090469356626272
34.01332159799995,2026-09-13T10:42:05.899624+00:00,8.436883926391602,-0.006173416506499052
34.07016036699997,2026-09-13T10:42:05.956424+00:00,8.439857482910156,-0.0025645087007433176
34.13397671299981,2026-09-13T10:42:06.020278+00:00,8.442347526550293,0.0020050813909620047
34.20031080699982,2026-09-13T10:42:06.086615+00:00,8.443243980407715,0.005014188587665558
34.26805890099968,2026-09-13T10:42:06.154358+00:00,8.444012641906738,0.005769497714936733
34.35317903299983,2026-09-13T10:42:06.239485+00:00,8.444866180419922,0.005661393981426954
34.43107009100004,2026-09-13T10:42:06.317377+00:00,8.44552230834961,0.0065476601012051105
34.478912365999804,2026-09-13T10:42:06.365213+00:00,8.445910453796387,0.006947534624487162
34.53934264700001,2026-09-13T10:42:06.425649+00:00,8.44619083404541,0.007656082510948181
34.59368053099979,2026-09-13T10:42:06.479988+00:00,8.444926261901855,0.009760675951838493
34.67865598599974,2026-09-13T10:42:06.564957+00:00,8.44040584564209,0.007813893258571625
34.73932256299986,2026-09-13T10:42:06.625628+00:00,8.431925773620605,0.0048081413842737675
34.80924925799991,2026-09-13T10:42:06.695557+00:00,8.419129371643066,0.005394724663347006
34.874091877999945,2026-09-13T10:42:06.760387+00:00,8.40467643737793,0.003953725099563599
34.98260098599985,2026-09-13T10:42:06.868909+00:00,8.3898344039917,-2.7856733140652068e-05
35.044106374999956,2026-09-13T10:42:06.930413+00:00,8.37185001373291,-0.001478480757214129
35.12219123099976,2026-09-13T10:42:07.008493+00:00,8.355069160461426,-0.0032788580283522606
35.18517113300004,2026-09-13T10:42:07.071477+00:00,8.340572357177734,0.001009046914987266
35.25296284399974,2026-09-13T10:42:07.139266+00:00,8.333646774291992,0.0059691378846764565
35.30157285699988,2026-09-13T10:42:07.187876+00:00,8.332902908325195,0.0038447196129709482
35.39919894400009,2026-09-13T10:42:07.285499+00:00,8.336207389831543,-0.0015623187646269798
35.48238950699988,2026-09-13T10:42:07.368690+00:00,8.337482452392578,-0.003797495737671852
35.54009969699973,2026-09-13T10:42:07.426405+00:00,8.337532043457031,-0.005320803727954626
35.64058731999967,2026-09-13T10:42:07.526891+00:00,8.337637901306152,-0.006565972231328487
35.67268186699994,2026-09-13T10:42:07.558986+00:00,8.337899208068848,-0.007411475758999586
35.75517915899991,2026-09-13T10:42:07.641493+00:00,8.337310791015625,-0.006746470928192139
35.80627866299983,2026-09-13T10:42:07.692586+00:00,8.334251403808594,-0.003560147015377879
35.880823400999816,2026-09-13T10:42:07.767129+00:00,8.325189590454102,0.0031576293986290693
35.97048800499988,2026-09-13T10:42:07.856791+00:00,8.313175201416016,0.004110597539693117
36.032377149999775,2026-09-13T10:42:07.918684+00:00,8.300060272216797,0.003577575786039233
36.10041597400004,2026-09-13T10:42:07.986718+00:00,8.286192893981934,0.0075474148616194725
36.18274014000008,2026-09-13T10:42:08.069047+00:00,8.2667875289917,0.012621767818927765
36.24958580399971,2026-09-13T10:42:08.135888+00:00,8.24960994720459,0.007539287209510803
36.32496554599993,2026-09-13T10:42:08.211262+00:00,8.236551284790039,0.0025258257519453764
36.37926784499996,2026-09-13T10:42:08.265570+00:00,8.229900360107422,-0.0017095222137868404
36.44216534399993,2026-09-13T10:42:08.327949+00:00,8.226971626281738,-0.008494734764099121
36.51143054499971,2026-09-13T10:42:08.397726+00:00,8.229537963867188,-0.005268722772598267
36.5748085729997,2026-09-13T10:42:08.461120+00:00,8.231729507446289,-0.00175204046536237
36.647642084999916,2026-09-13T10:42:08.533962+00:00,8.232319831848145,0.0005109407939016819
36.749888806999934,2026-09-13T10:42:08.636196+00:00,8.232344627380371,-0.0002611084782984108
36.78122502499991,2026-09-13T10:42:08.667521+00:00,8.232439994812012,-0.0014028940349817276
36.85221441099975,2026-09-13T10:42:08.738520+00:00,8.232407569885254,-0.0019173931796103716
36.93002092200004,2026-09-13T10:42:08.816325+00:00,8.229961395263672,-0.001166040892712772
37.00504839599989,2026-09-13T10:42:08.891353+00:00,8.22525691986084,-0.002637653611600399
37.0973494079999,2026-09-13T10:42:08.983658+00:00,8.214034080505371,-0.004489482846111059
37.22201611299988,2026-09-13T10:42:09.108095+00:00,8.201272010803223,-0.0062996563501656055
37.28464963599981,2026-09-13T10:42:09.170953+00:00,8.190616607666016,-0.004661289043724537
37.33197346099996,2026-09-13T10:42:09.218279+00:00,8.178243637084961,-0.005319762974977493
37.37735594199967,2026-09-13T10:42:09.263661+00:00,8.157038688659668,-0.0045892950147390366
37.43423519199996,2026-09-13T10:42:09.320545+00:00,8.131555557250977,0.0024798254016786814
37.48599049399991,2026-09-13T10:42:09.372297+00:00,8.099799156188965,0.010578109882771969
37.56141148500001,2026-09-13T10:42:09.447721+00:00,8.0767240524292,0.01127132959663868
37.66478528399966,2026-09-13T10:42:09.551095+00:00,8.051105499267578,0.01148846372961998
37.721048768999935,2026-09-13T10:42:09.607364+00:00,8.020722389221191,0.013418424874544144
37.78946536600006,2026-09-13T10:42:09.675764+00:00,7.9961256980896,0.013741784729063511
37.85818133199973,2026-09-13T10:42:09.744480+00:00,7.97987174987793,0.010676064528524876
37.91139386699979,2026-09-13T10:42:09.797696+00:00,7.9704670906066895,0.004554055631160736
37.99177787200006,2026-09-13T10:42:09.878078+00:00,7.969692230224609,0.0016774635296314955
38.035230303999924,2026-09-13T10:42:09.921532+00:00,7.973823547363281,0.005377338733524084
38.132528891999755,2026-09-13T10:42:10.018829+00:00,7.978367805480957,0.010148624889552593
38.207397127999684,2026-09-13T10:42:10.093704+00:00,7.981914043426514,0.016726061701774597
38.266323806999935,2026-09-13T10:42:10.152627+00:00,7.983556270599365,0.019916439428925514
38.31191429399996,2026-09-13T10:42:10.198217+00:00,7.98444128036499,0.02045566774904728
38.40845964099981,2026-09-13T10:42:10.294758+00:00,7.985124588012695,0.02126234769821167
38.47839996799985,2026-09-13T10:42:10.364704+00:00,7.985607624053955,0.022470446303486824
38.55573737499981,2026-09-13T10:42:10.441969+00:00,7.986011028289795,0.02315846085548401
38.629997591999654,2026-09-13T10:42:10.516299+00:00,7.986365795135498,0.0236361101269722
38.67209122599979,2026-09-13T10:42:10.558408+00:00,7.986690521240234,0.02388027124106884
38.76141226699974,2026-09-13T10:42:10.647718+00:00,7.986817836761475,0.024247944355010986
38.85103789300001,2026-09-13T10:42:10.737162+00:00,7.984796524047852,0.02474108338356018
38.91796397600001,2026-09-13T10:42:10.804278+00:00,7.978633880615234,0.019539082422852516
38.97532311399982,2026-09-13T10:42:10.861615+00:00,7.968144416809082,0.013958179391920567
39.035539467000035,2026-09-13T10:42:10.921845+00:00,7.957775115966797,0.012709317728877068
39.104606132999834,2026-09-13T10:42:10.990895+00:00,7.947484970092773,0.013980899006128311
39.18803356799981,2026-09-13T10:42:11.074339+00:00,7.932171821594238,0.01063185092061758
39.26465088799978,2026-09-13T10:42:11.150958+00:00,7.915654182434082,0.007707898039370775
39.316760825000074,2026-09-13T10:42:11.203078+00:00,7.899927139282227,0.005944831762462854
39.417919511000036,2026-09-13T10:42:11.304225+00:00,7.8826494216918945,0.006321107503026724
39.46028390599986,2026-09-13T10:42:11.346592+00:00,7.8777289390563965,0.008506697602570057
39.5382167570001,2026-09-13T10:42:11.424519+00:00,7.875660419464111,0.00936283078044653
39.57156027499968,2026-09-13T10:42:11.457865+00:00,7.878507137298584,0.005151281598955393
39.6972261169999,2026-09-13T10:42:11.583523+00:00,7.8805317878723145,0.002368761459365487
39.74198732900004,2026-09-13T10:42:11.628292+00:00,7.880726337432861,0.0018800448160618544
39.80989328399983,2026-09-13T10:42:11.696198+00:00,7.880937099456787,0.0019166364800184965
39.89692723999997,2026-09-13T10:42:11.783241+00:00,7.881754398345947,0.0010649892501533031
39.955505426999935,2026-09-13T10:42:11.841802+00:00,7.882133483886719,0.0003311807522550225
40.00980346999995,2026-09-13T10:42:11.896107+00:00,7.8823933601379395,-0.0006414342788048089
40.085844129999714,2026-09-13T10:42:11.972154+00:00,7.882246971130371,-0.0012588340323418379
40.167050433999975,2026-09-13T10:42:12.053357+00:00,7.8804426193237305,0.0013537213671952486
40.242290426999716,2026-09-13T10:42:12.128583+00:00,7.876564979553223,0.0041737002320587635
40.3202559829997,2026-09-13T10:42:12.206551+00:00,7.865755081176758,0.006789686158299446
40.37371502299993,2026-09-13T10:42:12.259537+00:00,7.853924751281738,0.0075380923226475716
40.43980430900001,2026-09-13T10:42:12.326125+00:00,7.839694023132324,0.007258207071572542
40.52261687600003,2026-09-13T10:42:12.408922+00:00,7.82444429397583,0.01067076250910759
40.59604672799969,2026-09-13T10:42:12.482347+00:00,7.803772926330566,0.014442441053688526
40.673925016999874,2026-09-13T10:42:12.560230+00:00,7.786262512207031,0.013091955333948135
40.70853030499984,2026-09-13T10:42:12.594833+00:00,7.7732391357421875,0.010045329108834267
40.79051049100008,2026-09-13T10:42:12.676810+00:00,7.766117572784424,0.005453193560242653
40.86924496899974,2026-09-13T10:42:12.755547+00:00,7.765446186065674,-0.0005778826889581978
40.928165630999956,2026-09-13T10:42:12.814467+00:00,7.7677788734436035,0.0012198484037071466
41.04535195800008,2026-09-13T10:42:12.931652+00:00,7.7699456214904785,0.004659357015043497
41.10233357900006,2026-09-13T10:42:12.988644+00:00,7.7699809074401855,0.004976818338036537
41.16180830799976,2026-09-13T10:42:13.048115+00:00,7.769676208496094,0.004050217568874359
41.261744391999855,2026-09-13T10:42:13.148046+00:00,7.769527435302734,0.003553581889718771
41.31155303700007,2026-09-13T10:42:13.197855+00:00,7.769650936126709,0.0034220274537801743
41.349080949999916,2026-09-13T10:42:13.235386+00:00,7.769693374633789,0.003353785490617156
41.425752030999774,2026-09-13T10:42:13.312052+00:00,7.769653797149658,-0.009271811693906784
41.497675784999956,2026-09-13T10:42:13.383982+00:00,7.769188404083252,-0.034672584384679794
41.57156837299999,2026-09-13T10:42:13.457872+00:00,7.768190383911133,-0.05515586584806442
41.65297660399983,2026-09-13T10:42:13.539203+00:00,7.767217636108398,-0.07807540148496628
41.68989198500003,2026-09-13T10:42:13.576193+00:00,7.766537189483643,-0.09785480797290802
41.736804181000025,2026-09-13T10:42:13.623105+00:00,7.765854835510254,-0.11415845155715942
41.80717418699987,2026-09-13T10:42:13.693494+00:00,7.765171527862549,-0.13251832127571106
41.89933919499981,2026-09-13T10:42:13.785638+00:00,7.764476776123047,-0.1505344659090042
41.98553280199985,2026-09-13T10:42:13.871838+00:00,7.763543605804443,-0.16707000136375427
42.05257034499982,2026-09-13T10:42:13.936804+00:00,7.762656211853027,-0.18352054059505463
42.13783540899976,2026-09-13T10:42:14.024133+00:00,7.761938095092773,-0.199235200881958
42.202834706999965,2026-09-13T10:42:14.089139+00:00,7.761111736297607,-0.21452032029628754
42.278733633999764,2026-09-13T10:42:14.165048+00:00,7.7601318359375,-0.2305144965648651
42.35421721900002,2026-09-13T10:42:14.240522+00:00,7.759232044219971,-0.24620799720287323
42.401583157999994,2026-09-13T10:42:14.287887+00:00,7.758399486541748,-0.26330238580703735
42.477023158000065,2026-09-13T10:42:14.363326+00:00,7.757865905761719,-0.28055498003959656
42.542004406999695,2026-09-13T10:42:14.428322+00:00,7.75781774520874,-0.30025333166122437
42.641804327000045,2026-09-13T10:42:14.528102+00:00,7.7580790519714355,-0.32014790177345276
42.686331098999744,2026-09-13T10:42:14.572629+00:00,7.7578864097595215,-0.3401569128036499
42.744901733000006,2026-09-13T10:42:14.631203+00:00,7.757687091827393,-0.3671230375766754
42.80629998199993,2026-09-13T10:42:14.692516+00:00,7.758884429931641,-0.40071162581443787
42.89199536499973,2026-09-13T10:42:14.778299+00:00,7.759985446929932,-0.4201594889163971
42.97129840599973,2026-09-13T10:42:14.857604+00:00,7.76068115234375,-0.43858715891838074
43.03538720999995,2026-09-13T10:42:14.921690+00:00,7.760993957519531,-0.45535191893577576
43.15619724099997,2026-09-13T10:42:15.042496+00:00,7.76109504699707,-0.4750075340270996
43.19403799699967,2026-09-13T10:42:15.080359+00:00,7.7619309425354,-0.4906480312347412
43.244771856999705,2026-09-13T10:42:15.131077+00:00,7.762820243835449,-0.5063449740409851
43.33551041700002,2026-09-13T10:42:15.221814+00:00,7.763077735900879,-0.5087160468101501
43.39597161099982,2026-09-13T10:42:15.282275+00:00,7.764209747314453,-0.49788984656333923
43.45684049800002,2026-09-13T10:42:15.343146+00:00,7.765466213226318,-0.49030327796936035
43.49376567199988,2026-09-13T10:42:15.380068+00:00,7.767301082611084,-0.4860965311527252
43.60612332399978,2026-09-13T10:42:15.492422+00:00,7.770115375518799,-0.48220667243003845
43.66918879700006,2026-09-13T10:42:15.555509+00:00,7.771812438964844,-0.479079008102417
43.75185950299965,2026-09-13T10:42:15.638165+00:00,7.772918224334717,-0.47555115818977356
43.845522960999915,2026-09-13T10:42:15.731828+00:00,7.773509979248047,-0.4726112484931946
43.89382211499969,2026-09-13T10:42:15.780129+00:00,7.774135589599609,-0.4706188440322876
43.958393975000035,2026-09-13T10:42:15.844711+00:00,7.774717330932617,-0.4687442183494568
44.01024319999988,2026-09-13T10:42:15.896550+00:00,7.775399684906006,-0.46603259444236755
44.050047318,2026-09-13T10:42:15.936350+00:00,7.775925636291504,-0.46421951055526733
44.151034125000024,2026-09-13T10:42:16.037234+00:00,7.776369571685791,-0.4623996317386627
44.222484327000075,2026-09-13T10:42:16.108794+00:00,7.776627063751221,-0.46044790744781494
44.26979227999982,2026-09-13T10:42:16.156093+00:00,7.777040481567383,-0.4586377739906311
44.363674274000005,2026-09-13T10:42:16.249982+00:00,7.7776031494140625,-0.4563906192779541
44.45475297299981,2026-09-13T10:42:16.341066+00:00,7.778139591217041,-0.4545348584651947
44.508207563999804,2026-09-13T10:42:16.394507+00:00,7.778714179992676,-0.4523475468158722
44.57077554899979,2026-09-13T10:42:16.457077+00:00,7.77937126159668,-0.45038336515426636
44.64503352499969,2026-09-13T10:42:16.531355+00:00,7.779985427856445,-0.4485837519168854
44.71773880899991,2026-09-13T10:42:16.604043+00:00,7.780487060546875,-0.4471924901008606
44.79149059199972,2026-09-13T10:42:16.677790+00:00,7.780757904052734,-0.4463523030281067
44.89141272400002,2026-09-13T10:42:16.777717+00:00,7.780916690826416,-0.4454544186592102
44.979073068999696,2026-09-13T10:42:16.865381+00:00,7.780993461608887,-0.4449380338191986
44.992327208999995,2026-09-13T10:42:16.878635+00:00,7.7813720703125,-0.44492071866989136
45.03299388300002,2026-09-13T10:42:16.919299+00:00,7.781672954559326,-0.4520922303199768
45.14137092200008,2026-09-13T10:42:17.027676+00:00,7.781797885894775,-0.4750944674015045
45.20279112399976,2026-09-13T10:42:17.089096+00:00,7.780850410461426,-0.4920995533466339
45.31270143099982,2026-09-13T10:42:17.199001+00:00,7.779528617858887,-0.5115691423416138
45.37485164100008,2026-09-13T10:42:17.261155+00:00,7.778764724731445,-0.5277531147003174
45.42751874999976,2026-09-13T10:42:17.313819+00:00,7.778004169464111,-0.5456667542457581
45.50609053399967,2026-09-13T10:42:17.392406+00:00,7.776857376098633,-0.5642091035842896
45.552726144999724,2026-09-13T10:42:17.439032+00:00,7.774519443511963,-0.574425220489502
45.66554038899994,2026-09-13T10:42:17.551846+00:00,7.775501251220703,-0.568028450012207
45.71354734099987,2026-09-13T10:42:17.599854+00:00,7.776658058166504,-0.5632299780845642
45.75733735199992,2026-09-13T10:42:17.643653+00:00,7.778537750244141,-0.5610318183898926
45.833058160999826,2026-09-13T10:42:17.719363+00:00,7.781355381011963,-0.5601792931556702
45.902901781999844,2026-09-13T10:42:17.789200+00:00,7.783870697021484,-0.5602713227272034
45.95592486999976,2026-09-13T10:42:17.842231+00:00,7.7857985496521,-0.5603335499763489
46.048495428000024,2026-09-13T10:42:17.934698+00:00,7.786767482757568,-0.5595512986183167
46.105085291999785,2026-09-13T10:42:17.991390+00:00,7.787097930908203,-0.5574479103088379
46.18579013999988,2026-09-13T10:42:18.072100+00:00,7.787393093109131,-0.555691123008728
46.28052957,2026-09-13T10:42:18.166834+00:00,7.787950038909912,-0.5539911389350891
46.338824354999815,2026-09-13T10:42:18.225130+00:00,7.78843879699707,-0.552979052066803
46.38812607099999,2026-09-13T10:42:18.274305+00:00,7.7889204025268555,-0.5523285865783691
46.482432654999684,2026-09-13T10:42:18.368740+00:00,7.789448261260986,-0.5504369735717773
46.5478433899998,2026-09-13T10:42:18.434152+00:00,7.789729595184326,-0.5495224595069885
46.61675792300002,2026-09-13T10:42:18.503072+00:00,7.7901811599731445,-0.5486177802085876
46.677855202000046,2026-09-13T10:42:18.564155+00:00,7.790711402893066,-0.5475860238075256
46.73790300599967,2026-09-13T10:42:18.624207+00:00,7.791128158569336,-0.5467848777770996
46.828698111999984,2026-09-13T10:42:18.714997+00:00,7.791314125061035,-0.5465681552886963
46.909197864999896,2026-09-13T10:42:18.795498+00:00,7.791420936584473,-0.5461554527282715
46.96956654399992,2026-09-13T10:42:18.855889+00:00,7.791522026062012,-0.5455321669578552
47.00825209599998,2026-09-13T10:42:18.894556+00:00,7.791600227355957,-0.5454701781272888
47.07517100999985,2026-09-13T10:42:18.961492+00:00,7.791716575622559,-0.5452606678009033
47.145976294999855,2026-09-13T10:42:19.032283+00:00,7.791830062866211,-0.5448499917984009
47.20992880499989,2026-09-13T10:42:19.096182+00:00,7.791932106018066,-0.5447389483451843
47.29786659999991,2026-09-13T10:42:19.184172+00:00,7.791965484619141,-0.5449783205986023
47.370640654,2026-09-13T10:42:19.256943+00:00,7.792019367218018,-0.5448140501976013
47.45433916999991,2026-09-13T10:42:19.340644+00:00,7.792099475860596,-0.5447720885276794
47.525083044999974,2026-09-13T10:42:19.411388+00:00,7.79215669631958,-0.5448806881904602
47.600577509999766,2026-09-13T10:42:19.486883+00:00,7.792201995849609,-0.5446847081184387
47.669154656000046,2026-09-13T10:42:19.555472+00:00,7.7921977043151855,-0.5446707010269165
47.74342098399984,2026-09-13T10:42:19.629726+00:00,7.792253494262695,-0.5448027849197388
47.82079778399975,2026-09-13T10:42:19.707099+00:00,7.792323589324951,-0.5446398854255676
47.88436580200005,2026-09-13T10:42:19.770666+00:00,7.792336463928223,-0.5444730520248413
47.93378166599996,2026-09-13T10:42:19.820085+00:00,7.792361259460449,-0.5445926785469055
48.01659676100007,2026-09-13T10:42:19.902900+00:00,7.79244327545166,-0.5446280837059021
48.07688578899979,2026-09-13T10:42:19.963202+00:00,7.792502403259277,-0.5442290306091309
48.13830189400005,2026-09-13T10:42:20.024602+00:00,7.792466163635254,-0.5443940758705139
48.20965366099972,2026-09-13T10:42:20.095971+00:00,7.792468070983887,-0.5444099307060242
48.26181320099977,2026-09-13T10:42:20.148116+00:00,7.792491436004639,-0.544106125831604
48.351878425999985,2026-09-13T10:42:20.238186+00:00,7.7924604415893555,-0.5442643761634827
48.429871182999705,2026-09-13T10:42:20.316179+00:00,7.792503356933594,-0.5443892478942871
48.50972739500003,2026-09-13T10:42:20.396035+00:00,7.792524337768555,-0.5443156361579895
48.56433127199989,2026-09-13T10:42:20.450642+00:00,7.792518138885498,-0.5441401600837708
48.63840165800002,2026-09-13T10:42:20.524704+00:00,7.792534828186035,-0.5443376302719116
48.69092293799986,2026-09-13T10:42:20.577221+00:00,7.7925801277160645,-0.5442084670066833
48.77194571699965,2026-09-13T10:42:20.658256+00:00,7.792608737945557,-0.5439915060997009
48.8331613360001,2026-09-13T10:42:20.719469+00:00,7.792632579803467,-0.5441317558288574
48.92376584299973,2026-09-13T10:42:20.810003+00:00,7.792636871337891,-0.5369929075241089
48.982133750999765,2026-09-13T10:42:20.868436+00:00,7.793212413787842,-0.5018976926803589
49.05762488799974,2026-09-13T10:42:20.943930+00:00,7.793336868286133,-0.47506532073020935
49.09498831599967,2026-09-13T10:42:20.981290+00:00,7.793760299682617,-0.4460587501525879
49.180564399000104,2026-09-13T10:42:21.066868+00:00,7.7941083908081055,-0.41755232214927673
49.25208138700009,2026-09-13T10:42:21.138375+00:00,7.794271945953369,-0.38974717259407043
49.330153250999956,2026-09-13T10:42:21.216459+00:00,7.794361114501953,-0.3658333420753479
49.39810951199979,2026-09-13T10:42:21.284411+00:00,7.794262886047363,-0.3457134962081909
49.47310687299978,2026-09-13T10:42:21.359409+00:00,7.794133186340332,-0.32298752665519714
49.57275446799986,2026-09-13T10:42:21.459059+00:00,7.7941718101501465,-0.3039352595806122
49.614004298000054,2026-09-13T10:42:21.500301+00:00,7.794184684753418,-0.2859750986099243
49.691580944999714,2026-09-13T10:42:21.577885+00:00,7.7940754890441895,-0.2692151963710785
49.77521491499965,2026-09-13T10:42:21.661538+00:00,7.793591022491455,-0.25138527154922485
49.813151930000004,2026-09-13T10:42:21.699452+00:00,7.792646408081055,-0.23572859168052673
49.91349516399987,2026-09-13T10:42:21.799706+00:00,7.791465759277344,-0.2177029699087143
49.96897132699996,2026-09-13T10:42:21.855275+00:00,7.790575981140137,-0.20647476613521576
50.02946170599989,2026-09-13T10:42:21.915768+00:00,7.78956413269043,-0.18913501501083374
50.087932336999984,2026-09-13T10:42:21.974237+00:00,7.78879451751709,-0.17321369051933289
50.17862039900001,2026-09-13T10:42:22.064927+00:00,7.788051128387451,-0.15767614543437958
50.25089638899999,2026-09-13T10:42:22.137201+00:00,7.787485122680664,-0.1410827338695526
50.29390816599971,2026-09-13T10:42:22.180213+00:00,7.786960601806641,-0.12549635767936707
50.396723674999976,2026-09-13T10:42:22.283021+00:00,7.78636360168457,-0.1068117767572403
50.454856501999984,2026-09-13T10:42:22.341156+00:00,7.785774230957031,-0.09156731516122818
50.527636797000014,2026-09-13T10:42:22.413932+00:00,7.785092353820801,-0.07443922758102417
50.59152940199965,2026-09-13T10:42:22.477835+00:00,7.7844109535217285,-0.0568927526473999
50.6393357070001,2026-09-13T10:42:22.525639+00:00,7.783915996551514,-0.039090242236852646
50.73361342599992,2026-09-13T10:42:22.619920+00:00,7.783227920532227,-0.018390409648418427
50.79258637799967,2026-09-13T10:42:22.678892+00:00,7.782762050628662,0.001565261511132121
50.86806372299998,2026-09-13T10:42:22.754369+00:00,7.782175064086914,0.023039454594254494
50.94422973099972,2026-09-13T10:42:22.830535+00:00,7.782020092010498,0.04010344669222832
51.00295912199999,2026-09-13T10:42:22.889261+00:00,7.782029151916504,0.06172534078359604
51.080579898999986,2026-09-13T10:42:22.966886+00:00,7.7822957038879395,0.08353136479854584
51.13425209699972,2026-09-13T10:42:23.020558+00:00,7.78285026550293,0.10650269687175751
51.216623145000085,2026-09-13T10:42:23.102930+00:00,7.783494472503662,0.12869389355182648
51.290558358,2026-09-13T10:42:23.176859+00:00,7.7845025062561035,0.1502719521522522
51.35912187199983,2026-09-13T10:42:23.245430+00:00,7.786291122436523,0.17568640410900116
51.41880726299996,2026-09-13T10:42:23.305124+00:00,7.788331985473633,0.19908705353736877
51.51671559999977,2026-09-13T10:42:23.403023+00:00,7.790063381195068,0.2275034338235855
51.55570528999988,2026-09-13T10:42:23.442011+00:00,7.790628433227539,0.25898006558418274
51.652983652999865,2026-09-13T10:42:23.539292+00:00,7.790204048156738,0.29449430108070374
51.69190338899989,2026-09-13T10:42:23.578203+00:00,7.789548873901367,0.3240911066532135
51.797610578999866,2026-09-13T10:42:23.683914+00:00,7.788132190704346,0.35204291343688965
51.87623644599989,2026-09-13T10:42:23.762538+00:00,7.7870306968688965,0.3791200518608093
51.96139792299982,2026-09-13T10:42:23.847711+00:00,7.785621166229248,0.4054363965988159
52.023860175999744,2026-09-13T10:42:23.910175+00:00,7.784221649169922,0.4331987202167511
52.09164347099977,2026-09-13T10:42:23.977940+00:00,7.782312393188477,0.462041974067688
52.15023266599974,2026-09-13T10:42:24.036539+00:00,7.78048849105835,0.4904732406139374
52.23611954299986,2026-09-13T10:42:24.122418+00:00,7.777594566345215,0.5239713788032532
52.257734251999864,2026-09-13T10:42:24.144037+00:00,7.776217460632324,0.5267411470413208
52.35993924400009,2026-09-13T10:42:24.246240+00:00,7.774734973907471,0.5227845907211304
52.433461995000016,2026-09-13T10:42:24.319781+00:00,7.773895740509033,0.5221109390258789
52.51198420999981,2026-09-13T10:42:24.398288+00:00,7.772581577301025,0.5205545425415039
52.57226059799996,2026-09-13T10:42:24.458567+00:00,7.771123886108398,0.5192633271217346
52.63294170299969,2026-09-13T10:42:24.519242+00:00,7.7683610916137695,0.5142456293106079
52.6790825449998,2026-09-13T10:42:24.565384+00:00,7.765097141265869,0.5082019567489624
52.749175356999785,2026-09-13T10:42:24.635477+00:00,7.760468482971191,0.4989929795265198
52.820475089999945,2026-09-13T10:42:24.706775+00:00,7.757967472076416,0.49169665575027466
52.89175805400009,2026-09-13T10:42:24.778023+00:00,7.756414890289307,0.4844105541706085
52.98175991800008,2026-09-13T10:42:24.868066+00:00,7.755560398101807,0.4778405427932739
53.05274095200002,2026-09-13T10:42:24.939044+00:00,7.754684925079346,0.47153395414352417
53.12255714699995,2026-09-13T10:42:25.008863+00:00,7.753697872161865,0.46697887778282166
53.17723488299998,2026-09-13T10:42:25.063537+00:00,7.7527241706848145,0.4619005620479584
53.261989947000075,2026-09-13T10:42:25.148297+00:00,7.752017021179199,0.45783036947250366
53.3541966519997,2026-09-13T10:42:25.240488+00:00,7.751361846923828,0.45375534892082214
53.38770193499977,2026-09-13T10:42:25.274007+00:00,7.750807762145996,0.4504237771034241
53.455332520999946,2026-09-13T10:42:25.341639+00:00,7.750301837921143,0.44714221358299255
53.53098638399979,2026-09-13T10:42:25.417293+00:00,7.749751567840576,0.4423960745334625
53.619101367999974,2026-09-13T10:42:25.505405+00:00,7.749025344848633,0.4382837116718292
53.66570852999985,2026-09-13T10:42:25.552010+00:00,7.748165607452393,0.43408891558647156
53.72181853799975,2026-09-13T10:42:25.608120+00:00,7.747213363647461,0.43041837215423584
53.81596127600005,2026-09-13T10:42:25.702266+00:00,7.746400356292725,0.42719733715057373
53.89930861199991,2026-09-13T10:42:25.785632+00:00,7.745648384094238,0.4257872402667999
53.94124563299965,2026-09-13T10:42:25.827526+00:00,7.744726657867432,0.4246974289417267
54.04136255599997,2026-09-13T10:42:25.927669+00:00,7.743845462799072,0.4226358234882355
54.11670629599985,2026-09-13T10:42:26.003008+00:00,7.74314022064209,0.41929247975349426
54.16626443699988,2026-09-13T10:42:26.052564+00:00,7.742589473724365,0.4145651161670685
54.23651840699995,2026-09-13T10:42:26.122823+00:00,7.742063522338867,0.41073083877563477
54.31045432399969,2026-09-13T10:42:26.196758+00:00,7.741510391235352,0.40684205293655396
54.35768252999969,2026-09-13T10:42:26.243992+00:00,7.741276264190674,0.4047919809818268
54.451932055999805,2026-09-13T10:42:26.338233+00:00,7.741147041320801,0.4028804898262024
54.51667326500001,2026-09-13T10:42:26.402973+00:00,7.741034507751465,0.4017796218395233
54.57709461700006,2026-09-13T10:42:26.463401+00:00,7.740926742553711,0.4005945026874542
54.66584859899967,2026-09-13T10:42:26.552162+00:00,7.740901470184326,0.39935505390167236
54.73137460299995,2026-09-13T10:42:26.617673+00:00,7.7408528327941895,0.39784833788871765
54.79012021900007,2026-09-13T10:42:26.676427+00:00,7.740837097167969,0.39753857254981995
54.86506177000001,2026-09-13T10:42:26.751371+00:00,7.74088716506958,0.39664074778556824
54.93732371099986,2026-09-13T10:42:26.823640+00:00,7.740902423858643,0.39609384536743164
54.98652276699977,2026-09-13T10:42:26.872826+00:00,7.740838050842285,0.39574912190437317
55.075633016999745,2026-09-13T10:42:26.961953+00:00,7.740413188934326,0.39637383818626404
55.120911365999746,2026-09-13T10:42:27.007198+00:00,7.739773750305176,0.421833872795105
55.20850230099995,2026-09-13T10:42:27.094808+00:00,7.739100933074951,0.4397929608821869
55.28823511599967,2026-09-13T10:42:27.174542+00:00,7.738945960998535,0.46179670095443726
55.38481764800008,2026-09-13T10:42:27.271114+00:00,7.738877773284912,0.48183512687683105
55.44622962599988,2026-09-13T10:42:27.332536+00:00,7.738394260406494,0.5008324980735779
55.51204715899985,2026-09-13T10:42:27.398349+00:00,7.737492084503174,0.5216818451881409
55.609955910999815,2026-09-13T10:42:27.496263+00:00,7.736393928527832,0.542779266834259
55.64597039799992,2026-09-13T10:42:27.532279+00:00,7.7352752685546875,0.5608177781105042
55.70989065200001,2026-09-13T10:42:27.596190+00:00,7.733958721160889,0.5831280946731567
55.761266452999735,2026-09-13T10:42:27.647574+00:00,7.73285436630249,0.6026301383972168
55.84735708199969,2026-09-13T10:42:27.733663+00:00,7.73164701461792,0.6234459280967712
55.921786711000095,2026-09-13T10:42:27.808092+00:00,7.732160568237305,0.6316530704498291
56.006982461999996,2026-09-13T10:42:27.893279+00:00,7.730894565582275,0.6209912896156311
56.07718801400006,2026-09-13T10:42:27.963491+00:00,7.730632781982422,0.6132520437240601
56.13321622700005,2026-09-13T10:42:28.019377+00:00,7.730658531188965,0.6011788845062256
56.19779285499999,2026-09-13T10:42:28.084099+00:00,7.731504440307617,0.5914039611816406
56.26291391699988,2026-09-13T10:42:28.149222+00:00,7.732048511505127,0.5857822895050049
56.318251162999786,2026-09-13T10:42:28.204566+00:00,7.731743812561035,0.5808439254760742
56.41815739000003,2026-09-13T10:42:28.304464+00:00,7.730989456176758,0.571776807308197
56.47085765199972,2026-09-13T10:42:28.357162+00:00,7.731125354766846,0.5636624693870544
56.57058880099976,2026-09-13T10:42:28.456896+00:00,7.7318267822265625,0.557537317276001
56.649261420999665,2026-09-13T10:42:28.535560+00:00,7.7318525314331055,0.5537415742874146
56.677901068999745,2026-09-13T10:42:28.564202+00:00,7.731614589691162,0.5479835867881775
56.750854136999806,2026-09-13T10:42:28.637156+00:00,7.73151969909668,0.5421505570411682
56.808151481000095,2026-09-13T10:42:28.694455+00:00,7.731778144836426,0.5371133685112
56.90777776300001,2026-09-13T10:42:28.794069+00:00,7.732302188873291,0.5331215858459473
56.97028142499994,2026-09-13T10:42:28.856587+00:00,7.73232889175415,0.5307031273841858
57.01686036199999,2026-09-13T10:42:28.903160+00:00,7.73219633102417,0.5271373391151428
57.118960933999915,2026-09-13T10:42:29.005261+00:00,7.732146739959717,0.5230552554130554
57.17889443099966,2026-09-13T10:42:29.065198+00:00,7.732143878936768,0.5194146633148193
57.25419560899991,2026-09-13T10:42:29.140499+00:00,7.732089996337891,0.5170013308525085
57.31027473599988,2026-09-13T10:42:29.196580+00:00,7.731991291046143,0.5142312049865723
57.40431049499966,2026-09-13T10:42:29.290620+00:00,7.732001781463623,0.5113475322723389
57.46268166699974,2026-09-13T10:42:29.348984+00:00,7.731971740722656,0.5086148381233215
57.52095081900006,2026-09-13T10:42:29.407251+00:00,7.732121467590332,0.5063565969467163
57.63382429700005,2026-09-13T10:42:29.520128+00:00,7.732361793518066,0.5044043064117432
57.693271792999894,2026-09-13T10:42:29.579566+00:00,7.732631683349609,0.5026763081550598
57.73775721899983,2026-09-13T10:42:29.624066+00:00,7.732830047607422,0.500963568687439
57.81895833999988,2026-09-13T10:42:29.705260+00:00,7.732943534851074,0.49911344051361084
57.875316803999795,2026-09-13T10:42:29.761623+00:00,7.7330641746521,0.49678289890289307
57.94426608999993,2026-09-13T10:42:29.830574+00:00,7.7332258224487305,0.49468713998794556
57.98249124299991,2026-09-13T10:42:29.868795+00:00,7.733382701873779,0.4929835796356201
58.07867740999973,2026-09-13T10:42:29.964986+00:00,7.733519077301025,0.49092090129852295
58.13222009999981,2026-09-13T10:42:30.018524+00:00,7.733470439910889,0.4893888831138611
58.20294262900006,2026-09-13T10:42:30.089245+00:00,7.733445644378662,0.4882442057132721
58.304175460999886,2026-09-13T10:42:30.190481+00:00,7.733540058135986,0.48717302083969116
58.36566523300007,2026-09-13T10:42:30.251970+00:00,7.733570575714111,0.4856964647769928
58.44632985599992,2026-09-13T10:42:30.332645+00:00,7.733464241027832,0.4847438633441925
58.519603926999935,2026-09-13T10:42:30.405902+00:00,7.73335075378418,0.4837420880794525
58.61057766299973,2026-09-13T10:42:30.496880+00:00,7.733288288116455,0.48252418637275696
58.64560546099983,2026-09-13T10:42:30.531909+00:00,7.733155250549316,0.4813639521598816
58.70680351100009,2026-09-13T10:42:30.593100+00:00,7.733057022094727,0.4803069531917572
58.79426839300004,2026-09-13T10:42:30.680575+00:00,7.7330121994018555,0.47935861349105835
58.86496400999977,2026-09-13T10:42:30.751247+00:00,7.733083248138428,0.47852909564971924
58.92279589999998,2026-09-13T10:42:30.809103+00:00,7.73319149017334,0.4776424169540405
58.990247215999716,2026-09-13T10:42:30.876553+00:00,7.733136177062988,0.4768631160259247
59.08100532899971,2026-09-13T10:42:30.967311+00:00,7.733017444610596,0.4761248826980591
59.11162046599975,2026-09-13T10:42:30.997923+00:00,7.732289791107178,0.4910248816013336
59.206942635999894,2026-09-13T10:42:31.093242+00:00,7.73209285736084,0.5165876746177673
59.26854066799979,2026-09-13T10:42:31.154847+00:00,7.731974124908447,0.5402783155441284
59.36518758600005,2026-09-13T10:42:31.251494+00:00,7.732036590576172,0.563793420791626
59.426870837000024,2026-09-13T10:42:31.313175+00:00,7.731800556182861,0.5867084264755249
59.48194919399975,2026-09-13T10:42:31.368252+00:00,7.731515884399414,0.6088799238204956
59.547034062999955,2026-09-13T10:42:31.433335+00:00,7.731119155883789,0.6294775605201721
59.61685064199992,2026-09-13T10:42:31.503150+00:00,7.729994773864746,0.6535829305648804
59.68384869500005,2026-09-13T10:42:31.570153+00:00,7.729203224182129,0.652959942817688
59.762695144999725,2026-09-13T10:42:31.649003+00:00,7.728514194488525,0.654265820980072
59.84335003899969,2026-09-13T10:42:31.729658+00:00,7.727241039276123,0.653209388256073
59.90488016399968,2026-09-13T10:42:31.791188+00:00,7.725029945373535,0.655354917049408
59.98295058799977,2026-09-13T10:42:31.869256+00:00,7.725354194641113,0.6564459800720215
60.06911011500006,2026-09-13T10:42:31.955413+00:00,7.726038455963135,0.656926155090332
60.11222541500001,2026-09-13T10:42:31.998533+00:00,7.726128578186035,0.6555185317993164
60.17710774899979,2026-09-13T10:42:32.063408+00:00,7.7259626388549805,0.652206301689148
60.221702555999855,2026-09-13T10:42:32.108005+00:00,7.72581148147583,0.6362378597259521
60.29420591300004,2026-09-13T10:42:32.180510+00:00,7.728167533874512,0.5869108438491821
60.366853339000045,2026-09-13T10:42:32.253155+00:00,7.7294769287109375,0.5496135950088501
60.44867345600005,2026-09-13T10:42:32.334976+00:00,7.730063438415527,0.5167049765586853
60.508441635000054,2026-09-13T10:42:32.394746+00:00,7.729742527008057,0.4795268774032593
60.58199625899988,2026-09-13T10:42:32.468300+00:00,7.729962348937988,0.4721120297908783
60.66957036099984,2026-09-13T10:42:32.555876+00:00,7.729468822479248,0.46681442856788635
60.729877981999834,2026-09-13T10:42:32.616198+00:00,7.729546546936035,0.462164968252182
60.80175210199968,2026-09-13T10:42:32.688060+00:00,7.7306294441223145,0.45644620060920715
60.870753358,2026-09-13T10:42:32.756417+00:00,7.731937885284424,0.45235270261764526
60.927025291000064,2026-09-13T10:42:32.813326+00:00,7.733078479766846,0.4482537508010864
61.01356582299968,2026-09-13T10:42:32.899871+00:00,7.733881950378418,0.4440717101097107
61.07260111300002,2026-09-13T10:42:32.958908+00:00,7.734650611877441,0.4411934018135071
61.14110103999974,2026-09-13T10:42:33.027412+00:00,7.735598087310791,0.4380270838737488
61.2291386779998,2026-09-13T10:42:33.115439+00:00,7.736603260040283,0.4354065954685211
61.307274319000044,2026-09-13T10:42:33.192676+00:00,7.73764181137085,0.43391215801239014
61.364058461999775,2026-09-13T10:42:33.250362+00:00,7.7383928298950195,0.43345171213150024
61.45414247200006,2026-09-13T10:42:33.340448+00:00,7.738801956176758,0.4343065023422241
61.5369676790001,2026-09-13T10:42:33.423273+00:00,7.7392072677612305,0.43460237979888916
61.60239841599969,2026-09-13T10:42:33.488713+00:00,7.7395429611206055,0.43473944067955017
61.65469530399969,2026-09-13T10:42:33.540997+00:00,7.739834308624268,0.4354451894760132
61.736697442999684,2026-09-13T10:42:33.623014+00:00,7.739710330963135,0.4491928815841675
61.822219284999846,2026-09-13T10:42:33.708521+00:00,7.739406108856201,0.4711848497390747
61.86896929899967,2026-09-13T10:42:33.755271+00:00,7.739295959472656,0.48787763714790344
61.930060753999896,2026-09-13T10:42:33.816116+00:00,7.7392730712890625,0.5060879588127136
61.97983711000006,2026-09-13T10:42:33.866127+00:00,7.739293098449707,0.5231178998947144
62.04047200500008,2026-09-13T10:42:33.926778+00:00,7.7392048835754395,0.5391466021537781
62.15711197699966,2026-09-13T10:42:34.043433+00:00,7.738740921020508,0.561558723449707
62.22295411899995,2026-09-13T10:42:34.109261+00:00,7.738170146942139,0.5774086713790894
62.27920045199971,2026-09-13T10:42:34.165502+00:00,7.738877296447754,0.5885812640190125
62.35050146499998,2026-09-13T10:42:34.236806+00:00,7.737947463989258,0.5774645209312439
62.42042972799982,2026-09-13T10:42:34.306727+00:00,7.738397598266602,0.5719365477561951
62.471001821999835,2026-09-13T10:42:34.357306+00:00,7.738037586212158,0.5635941624641418
62.56770048599992,2026-09-13T10:42:34.454006+00:00,7.737540245056152,0.5548701882362366
62.63737686800005,2026-09-13T10:42:34.523697+00:00,7.737549304962158,0.547130286693573
62.69859779999979,2026-09-13T10:42:34.584898+00:00,7.7382001876831055,0.5400038361549377
62.73631858299996,2026-09-13T10:42:34.622620+00:00,7.738823413848877,0.5352802872657776
62.83341012399978,2026-09-13T10:42:34.719716+00:00,7.739175796508789,0.5299438238143921
62.91741485900002,2026-09-13T10:42:34.803716+00:00,7.739245891571045,0.5258988738059998
62.96314999099968,2026-09-13T10:42:34.849446+00:00,7.739149570465088,0.5213173627853394
63.044670162999864,2026-09-13T10:42:34.930984+00:00,7.739081382751465,0.5167551040649414
63.13715851000006,2026-09-13T10:42:35.023467+00:00,7.738989353179932,0.5131344795227051
63.21404156599965,2026-09-13T10:42:35.100346+00:00,7.73887300491333,0.510633647441864
63.26121386599971,2026-09-13T10:42:35.147513+00:00,7.738905906677246,0.509023904800415
63.39271017600004,2026-09-13T10:42:35.279012+00:00,7.739161968231201,0.5078282952308655
63.42446634399994,2026-09-13T10:42:35.310772+00:00,7.739312648773193,0.5061835050582886
63.50000269899965,2026-09-13T10:42:35.386307+00:00,7.739408493041992,0.5055064558982849
63.57900950599969,2026-09-13T10:42:35.465308+00:00,7.739535808563232,0.5045241117477417
63.64257848399984,2026-09-13T10:42:35.528894+00:00,7.739608287811279,0.5035110712051392
63.69225358799986,2026-09-13T10:42:35.578560+00:00,7.739654064178467,0.5028414726257324
63.7356874269999,2026-09-13T10:42:35.621850+00:00,7.7397236824035645,0.5022642016410828
63.804812174999824,2026-09-13T10:42:35.691115+00:00,7.739772319793701,0.5015313625335693
63.88489741800004,2026-09-13T10:42:35.771198+00:00,7.739864349365234,0.500262439250946
63.96655919499972,2026-09-13T10:42:35.852882+00:00,7.73984432220459,0.5000163912773132
64.03151033099994,2026-09-13T10:42:35.917818+00:00,7.73989725112915,0.49938055872917175
64.09654073399997,2026-09-13T10:42:35.982844+00:00,7.740161418914795,0.4992959797382355
64.1910347160001,2026-09-13T10:42:36.077336+00:00,7.740350246429443,0.49919256567955017
64.250499236,2026-09-13T10:42:36.136803+00:00,7.740455627441406,0.49891090393066406
64.32434535799985,2026-09-13T10:42:36.210652+00:00,7.740499496459961,0.4985520839691162
64.36790179299987,2026-09-13T10:42:36.254205+00:00,7.740468978881836,0.498466432094574
64.44472791999988,2026-09-13T10:42:36.331028+00:00,7.7404561042785645,0.49836665391921997
64.50884395599996,2026-09-13T10:42:36.395060+00:00,7.740644931793213,0.49784064292907715
64.56730236199974,2026-09-13T10:42:36.453558+00:00,7.740785598754883,0.4979058802127838
64.62868627499984,2026-09-13T10:42:36.515001+00:00,7.7408342361450195,0.4977841079235077
64.74749057600002,2026-09-13T10:42:36.633796+00:00,7.740896224975586,0.49732574820518494
64.81238247800002,2026-09-13T10:42:36.698683+00:00,7.741022109985352,0.497188001871109
64.86981192199983,2026-09-13T10:42:36.756117+00:00,7.741962432861328,0.49539685249328613
64.93648359600002,2026-09-13T10:42:36.822791+00:00,7.742562294006348,0.47052711248397827
65.00140820299976,2026-09-13T10:42:36.887709+00:00,7.742956638336182,0.4439986050128937
65.06895286600002,2026-09-13T10:42:36.955252+00:00,7.742730140686035,0.424435555934906
65.15942706499982,2026-09-13T10:42:37.045735+00:00,7.742151737213135,0.40448158979415894
65.23510544100009,2026-09-13T10:42:37.121415+00:00,7.7413411140441895,0.3864181339740753
65.2895583049999,2026-09-13T10:42:37.175865+00:00,7.740490913391113,0.36750245094299316
65.37326504599969,2026-09-13T10:42:37.259569+00:00,7.739563465118408,0.34928420186042786
65.43594141799986,2026-09-13T10:42:37.322246+00:00,7.739053726196289,0.33497074246406555
65.52020475299969,2026-09-13T10:42:37.406519+00:00,7.738715648651123,0.3205614686012268
65.57622880600002,2026-09-13T10:42:37.462534+00:00,7.738029956817627,0.30507779121398926
65.69237237800007,2026-09-13T10:42:37.578676+00:00,7.737008094787598,0.291462779045105
65.76459870200006,2026-09-13T10:42:37.650907+00:00,7.735966205596924,0.27897584438323975
65.80595426299988,2026-09-13T10:42:37.692259+00:00,7.735178470611572,0.26576778292655945
65.84998610699995,2026-09-13T10:42:37.736291+00:00,7.734570503234863,0.2535843849182129
65.91469156999983,2026-09-13T10:42:37.801003+00:00,7.733736038208008,0.24178873002529144
65.97005041700004,2026-09-13T10:42:37.856354+00:00,7.733001232147217,0.23071466386318207
66.03450761699969,2026-09-13T10:42:37.920810+00:00,7.732407093048096,0.2197405993938446
66.1364692090001,2026-09-13T10:42:38.022535+00:00,7.731531620025635,0.2055675983428955
66.18941549500005,2026-09-13T10:42:38.075722+00:00,7.730782508850098,0.1951388418674469
66.2694464010001,2026-09-13T10:42:38.155753+00:00,7.729881286621094,0.17992663383483887
66.32030900099971,2026-09-13T10:42:38.206616+00:00,7.729247570037842,0.1699284166097641
66.39568362199998,2026-09-13T10:42:38.281992+00:00,7.7285590171813965,0.15988925099372864
66.47324170899992,2026-09-13T10:42:38.359548+00:00,7.727861404418945,0.15161418914794922
66.54135173499981,2026-09-13T10:42:38.427647+00:00,7.727210998535156,0.14280608296394348
66.63126805899992,2026-09-13T10:42:38.517574+00:00,7.726556301116943,0.13342122733592987
66.71122462599988,2026-09-13T10:42:38.597531+00:00,7.726203918457031,0.1253458708524704
66.77019300199981,2026-09-13T10:42:38.656501+00:00,7.725866317749023,0.11527243256568909
66.81781651799974,2026-09-13T10:42:38.704120+00:00,7.72559118270874,0.1061500757932663
66.89532833099975,2026-09-13T10:42:38.781628+00:00,7.7252197265625,0.0955221876502037
66.96934805899991,2026-09-13T10:42:38.855620+00:00,7.724885940551758,0.08703868091106415
67.041949467,2026-09-13T10:42:38.928249+00:00,7.724377155303955,0.07727779448032379
67.11525934699966,2026-09-13T10:42:39.001569+00:00,7.723604202270508,0.06585768610239029
67.17183810699999,2026-09-13T10:42:39.058139+00:00,7.722645282745361,0.05201289430260658
67.23289000899968,2026-09-13T10:42:39.119200+00:00,7.721153259277344,0.03587202727794647
67.31589627799985,2026-09-13T10:42:39.202181+00:00,7.7201666831970215,0.019710171967744827
67.38084587799995,2026-09-13T10:42:39.267147+00:00,7.719322204589844,0.005327675491571426
67.48648276099993,2026-09-13T10:42:39.372784+00:00,7.718482971191406,-0.010149281471967697
67.51520938799968,2026-09-13T10:42:39.401515+00:00,7.71729850769043,-0.02717163786292076
67.58053746399992,2026-09-13T10:42:39.466842+00:00,7.716277599334717,-0.052960943430662155
67.65407096799981,2026-09-13T10:42:39.540352+00:00,7.717377662658691,-0.08156192302703857
67.72145143399985,2026-09-13T10:42:39.607757+00:00,7.719498634338379,-0.09773214161396027
67.7890332500001,2026-09-13T10:42:39.675335+00:00,7.721009731292725,-0.11475110799074173
67.85192114899974,2026-09-13T10:42:39.738227+00:00,7.721380233764648,-0.12946785986423492
67.93852398699983,2026-09-13T10:42:39.824840+00:00,7.72151517868042,-0.14478538930416107
68.00072872700002,2026-09-13T10:42:39.887032+00:00,7.721767425537109,-0.15963903069496155
68.09890190399983,2026-09-13T10:42:39.985218+00:00,7.7219719886779785,-0.17644141614437103
68.14600594600006,2026-09-13T10:42:40.032305+00:00,7.7221479415893555,-0.19052991271018982
68.22758515999976,2026-09-13T10:42:40.113864+00:00,7.72049617767334,-0.20745882391929626
68.29256759300006,2026-09-13T10:42:40.178871+00:00,7.721765041351318,-0.2223731279373169
68.38318390899985,2026-09-13T10:42:40.269483+00:00,7.722035884857178,-0.24340492486953735
68.4219455919997,2026-09-13T10:42:40.308260+00:00,7.723312854766846,-0.26622286438941956
68.49415185099997,2026-09-13T10:42:40.380216+00:00,7.725491523742676,-0.286892831325531
68.56886760199995,2026-09-13T10:42:40.455185+00:00,7.727960586547852,-0.312524676322937
68.61338365399979,2026-09-13T10:42:40.499691+00:00,7.729602813720703,-0.33398330211639404
68.71740659499983,2026-09-13T10:42:40.603708+00:00,7.731257915496826,-0.364864706993103
68.776671653,2026-09-13T10:42:40.662971+00:00,7.732182502746582,-0.38126012682914734
68.83463321099998,2026-09-13T10:42:40.720941+00:00,7.733429908752441,-0.40512681007385254
68.90002679400004,2026-09-13T10:42:40.786332+00:00,7.735324382781982,-0.4318186342716217
69.00571187099968,2026-09-13T10:42:40.892018+00:00,7.734504699707031,-0.4882759749889374
69.08314576099974,2026-09-13T10:42:40.969461+00:00,7.737839221954346,-0.5230468511581421
69.14326476699989,2026-09-13T10:42:41.029584+00:00,7.740074157714844,-0.5515128970146179
69.20954058799998,2026-09-13T10:42:41.095830+00:00,7.736103534698486,-0.583335280418396
69.28764426099997,2026-09-13T10:42:41.173946+00:00,7.7362775802612305,-0.6064364910125732
69.3922648859998,2026-09-13T10:42:41.278567+00:00,7.736250400543213,-0.6067423820495605
69.46213337099971,2026-09-13T10:42:41.348435+00:00,7.736616134643555,-0.6027790307998657
69.5345599899997,2026-09-13T10:42:41.420866+00:00,7.737416744232178,-0.6006069183349609
69.58275664499979,2026-09-13T10:42:41.469054+00:00,7.738358497619629,-0.5982510447502136
69.64608631800002,2026-09-13T10:42:41.532342+00:00,7.738931655883789,-0.597411572933197
69.72703306299991,2026-09-13T10:42:41.613340+00:00,7.739579677581787,-0.5966596603393555
69.79684365799994,2026-09-13T10:42:41.683133+00:00,7.739976406097412,-0.5962038040161133
69.86235343599992,2026-09-13T10:42:41.748650+00:00,7.74021053314209,-0.5957674980163574
69.94525448600007,2026-09-13T10:42:41.831560+00:00,7.740329742431641,-0.5954210162162781
69.99246077199996,2026-09-13T10:42:41.878763+00:00,7.740771293640137,-0.5916194915771484
70.05934736499967,2026-09-13T10:42:41.945661+00:00,7.740993499755859,-0.570472776889801
70.12166385299997,2026-09-13T10:42:42.007906+00:00,7.741373062133789,-0.546211838722229
70.18488072299988,2026-09-13T10:42:42.071191+00:00,7.741711139678955,-0.5253874063491821
70.25314307400004,2026-09-13T10:42:42.139451+00:00,7.742116928100586,-0.5035045146942139
70.30856637099987,2026-09-13T10:42:42.194869+00:00,7.74200963973999,-0.5015904307365417
70.3827805689998,2026-09-13T10:42:42.269087+00:00,7.7420525550842285,-0.5115869045257568
70.46352273100001,2026-09-13T10:42:42.349825+00:00,7.7424445152282715,-0.5131335258483887
70.54276004099984,2026-09-13T10:42:42.429062+00:00,7.7425923347473145,-0.5140079855918884
70.5929695320001,2026-09-13T10:42:42.479291+00:00,7.7426042556762695,-0.5152419209480286
70.68556024999998,2026-09-13T10:42:42.571860+00:00,7.7425384521484375,-0.516362190246582
70.77782852499968,2026-09-13T10:42:42.664134+00:00,7.742527961730957,-0.517362654209137
70.8366406719997,2026-09-13T10:42:42.722944+00:00,7.7426323890686035,-0.518059253692627
70.90988584599972,2026-09-13T10:42:42.796188+00:00,7.7427191734313965,-0.5186097025871277
70.98482038899965,2026-09-13T10:42:42.871127+00:00,7.742719650268555,-0.5187575817108154
71.04331290799973,2026-09-13T10:42:42.929616+00:00,7.743231773376465,-0.5226423740386963
71.16425123199997,2026-09-13T10:42:43.050553+00:00,7.742571830749512,-0.5491783618927002
71.226709261,2026-09-13T10:42:43.113011+00:00,7.74224328994751,-0.5665472745895386
71.27251764399989,2026-09-13T10:42:43.158822+00:00,7.741873741149902,-0.5605571866035461
71.33180788599975,2026-09-13T10:42:43.218116+00:00,7.742244243621826,-0.5532115697860718
71.403452303,2026-09-13T10:42:43.289751+00:00,7.7421112060546875,-0.5544643998146057
71.48649198099974,2026-09-13T10:42:43.372798+00:00,7.742331027984619,-0.5540608167648315
71.54001303799987,2026-09-13T10:42:43.426312+00:00,7.742482662200928,-0.5538705587387085
71.6412287170001,2026-09-13T10:42:43.527546+00:00,7.742535591125488,-0.5538491010665894
71.71567697199998,2026-09-13T10:42:43.601981+00:00,7.742507457733154,-0.5538007616996765
71.77925510199975,2026-09-13T10:42:43.665566+00:00,7.742501258850098,-0.5538154244422913
71.83943939099981,2026-09-13T10:42:43.725742+00:00,7.742500305175781,-0.5536687970161438
71.9325413900001,2026-09-13T10:42:43.818866+00:00,7.742486476898193,-0.5536608695983887
71.97955416500008,2026-09-13T10:42:43.865860+00:00,7.742508411407471,-0.5537459850311279
72.01349357399977,2026-09-13T10:42:43.899804+00:00,7.7425360679626465,-0.5534238815307617
72.112403352,2026-09-13T10:42:43.998698+00:00,7.742478847503662,-0.5533186197280884
72.16273223799999,2026-09-13T10:42:44.049037+00:00,7.7425031661987305,-0.5534593462944031
72.23520042599966,2026-09-13T10:42:44.121509+00:00,7.742558479309082,-0.5532669425010681
72.30624395899986,2026-09-13T10:42:44.192546+00:00,7.742511749267578,-0.5532217025756836
72.39843159099973,2026-09-13T10:42:44.284733+00:00,7.742537021636963,-0.5532746911048889
72.46249757799978,2026-09-13T10:42:44.348811+00:00,7.742547512054443,-0.553107738494873
72.52282903900004,2026-09-13T10:42:44.409130+00:00,7.7425312995910645,-0.5529268980026245
72.57651157400005,2026-09-13T10:42:44.462813+00:00,7.742543697357178,-0.5531293153762817
72.63738955000008,2026-09-13T10:42:44.523690+00:00,7.742605209350586,-0.5530045032501221
72.76364321999972,2026-09-13T10:42:44.649948+00:00,7.742529392242432,-0.5527739524841309
72.79517179599998,2026-09-13T10:42:44.681473+00:00,7.742518424987793,-0.5529413223266602
72.89365416800001,2026-09-13T10:42:44.779973+00:00,7.7424845695495605,-0.5529679656028748
72.95576028100004,2026-09-13T10:42:44.842024+00:00,7.742453575134277,-0.5527250170707703
73.02047435299983,2026-09-13T10:42:44.906776+00:00,7.742464065551758,-0.5529137849807739
73.07324527299988,2026-09-13T10:42:44.959550+00:00,7.742498397827148,-0.5529775619506836
73.13754329899984,2026-09-13T10:42:45.023848+00:00,7.742483139038086,-0.5527796149253845
73.22821814500003,2026-09-13T10:42:45.114530+00:00,7.742452144622803,-0.552915632724762
73.3081628079999,2026-09-13T10:42:45.194433+00:00,7.7424845695495605,-0.5529943704605103
73.35865166799977,2026-09-13T10:42:45.244957+00:00,7.742496013641357,-0.5528265237808228
73.40379945199993,2026-09-13T10:42:45.290105+00:00,7.7424726486206055,-0.552757740020752
73.496651939,2026-09-13T10:42:45.382958+00:00,7.7424845695495605,-0.5529339909553528
73.53491741299968,2026-09-13T10:42:45.421231+00:00,7.742489814758301,-0.5528204441070557
73.59361585999977,2026-09-13T10:42:45.479935+00:00,7.742433071136475,-0.5527116060256958
73.67279432099986,2026-09-13T10:42:45.559096+00:00,7.74241304397583,-0.5529122948646545
73.74074120499972,2026-09-13T10:42:45.627048+00:00,7.742518424987793,-0.552849292755127
73.81569562100003,2026-09-13T10:42:45.701999+00:00,7.742511749267578,-0.5526760816574097
73.88788424699987,2026-09-13T10:42:45.774186+00:00,7.7424798011779785,-0.5529095530509949
73.96146213699967,2026-09-13T10:42:45.847765+00:00,7.742494106292725,-0.5529904961585999
74.01577934899979,2026-09-13T10:42:45.902035+00:00,7.742489814758301,-0.5527979135513306
74.08632331199988,2026-09-13T10:42:45.972635+00:00,7.742447853088379,-0.552881121635437
74.17725608699993,2026-09-13T10:42:46.063557+00:00,7.742446422576904,-0.5530612468719482
74.242535202,2026-09-13T10:42:46.128836+00:00,7.742486953735352,-0.5527687668800354
74.34525992399995,2026-09-13T10:42:46.231564+00:00,7.7424540519714355,-0.5526608824729919
74.40826565099997,2026-09-13T10:42:46.294569+00:00,7.742463111877441,-0.5529069304466248
74.47632428299994,2026-09-13T10:42:46.362633+00:00,7.742493152618408,-0.552817702293396
74.54887912999993,2026-09-13T10:42:46.435182+00:00,7.7424635887146,-0.5527477860450745
74.58597835699993,2026-09-13T10:42:46.472294+00:00,7.7424492835998535,-0.5530638098716736
74.66137765099984,2026-09-13T10:42:46.547687+00:00,7.742477893829346,-0.5527830123901367
74.74664709999979,2026-09-13T10:42:46.632933+00:00,7.742429256439209,-0.552577018737793
74.80956546399966,2026-09-13T10:42:46.695870+00:00,7.742388725280762,-0.5528182983398438
74.91817694299971,2026-09-13T10:42:46.804489+00:00,7.742439270019531,-0.5528139472007751
74.96483002600007,2026-09-13T10:42:46.851134+00:00,7.742438793182373,-0.5525419116020203
75.01980495599992,2026-09-13T10:42:46.906104+00:00,7.742431640625,-0.5525481700897217
75.09373568899991,2026-09-13T10:42:46.980039+00:00,7.742456912994385,-0.5527094602584839
75.1765382399999,2026-09-13T10:42:47.062839+00:00,7.742541313171387,-0.5523337125778198
75.2416619579999,2026-09-13T10:42:47.127968+00:00,7.742509841918945,-0.5524535775184631
75.29425351200007,2026-09-13T10:42:47.180541+00:00,7.742545127868652,-0.5524625182151794
75.39772427399976,2026-09-13T10:42:47.284028+00:00,7.74252986907959,-0.5522347688674927
75.43817426999976,2026-09-13T10:42:47.324477+00:00,7.742454528808594,-0.5521655082702637
75.51046334800003,2026-09-13T10:42:47.396732+00:00,7.7424726486206055,-0.552261471748352
75.57843800899991,2026-09-13T10:42:47.464753+00:00,7.742527484893799,-0.55229651927948
75.64224881900009,2026-09-13T10:42:47.528550+00:00,7.742504596710205,-0.5520304441452026
75.72168389699982,2026-09-13T10:42:47.607987+00:00,7.7424516677856445,-0.5522192120552063
75.79553014699968,2026-09-13T10:42:47.681834+00:00,7.742494106292725,-0.5522183775901794
75.8383538539997,2026-09-13T10:42:47.724655+00:00,7.742506504058838,-0.5519084334373474
75.93441950399983,2026-09-13T10:42:47.820726+00:00,7.742487907409668,-0.5521880388259888
75.99089806899974,2026-09-13T10:42:47.877199+00:00,7.742524147033691,-0.5521639585494995
76.07534144200008,2026-09-13T10:42:47.961645+00:00,7.74254035949707,-0.5519455075263977
76.14466837300006,2026-09-13T10:42:48.030974+00:00,7.742513656616211,-0.5519078969955444
76.1959286819997,2026-09-13T10:42:48.082246+00:00,7.742579936981201,-0.5521327257156372
76.27227955999979,2026-09-13T10:42:48.158585+00:00,7.7426300048828125,-0.5519923567771912
76.35926445899986,2026-09-13T10:42:48.245577+00:00,7.74259090423584,-0.551790177822113
76.4226701990001,2026-09-13T10:42:48.308975+00:00,7.742576599121094,-0.551947832107544
76.49021739,2026-09-13T10:42:48.376521+00:00,7.742584228515625,-0.5518582463264465
76.54941015799977,2026-09-13T10:42:48.435707+00:00,7.742550849914551,-0.5517241954803467
76.62008718199968,2026-09-13T10:42:48.506389+00:00,7.742556095123291,-0.5518240928649902
76.70201479099978,2026-09-13T10:42:48.588321+00:00,7.7426228523254395,-0.5516862273216248
76.81120897699975,2026-09-13T10:42:48.697517+00:00,7.742630481719971,-0.5515040159225464
76.85064197799966,2026-09-13T10:42:48.736944+00:00,7.742621898651123,-0.5515766739845276
76.90246224299972,2026-09-13T10:42:48.788737+00:00,7.742658615112305,-0.5515665411949158
76.98088627800007,2026-09-13T10:42:48.867192+00:00,7.7426581382751465,-0.5514401793479919
77.04676550899967,2026-09-13T10:42:48.933074+00:00,7.7426066398620605,-0.5514344573020935
77.16578223299985,2026-09-13T10:42:49.052085+00:00,7.742625713348389,-0.5515784025192261
77.21521540899994,2026-09-13T10:42:49.101514+00:00,7.7426066398620605,-0.5513480305671692
77.29615092099993,2026-09-13T10:42:49.182456+00:00,7.742526531219482,-0.5513945817947388
77.35531799099999,2026-09-13T10:42:49.241619+00:00,7.742506504058838,-0.5514348745346069
77.41397067699972,2026-09-13T10:42:49.300290+00:00,7.742577075958252,-0.551353394985199
77.47210327999983,2026-09-13T10:42:49.358404+00:00,7.742550849914551,-0.5512902140617371
77.55719982699975,2026-09-13T10:42:49.443503+00:00,7.742094993591309,-0.5517367124557495
77.66358255999967,2026-09-13T10:42:49.549889+00:00,7.737778663635254,-0.5528016686439514
77.71751815900006,2026-09-13T10:42:49.603823+00:00,7.7286248207092285,-0.5551725029945374
77.77867160000005,2026-09-13T10:42:49.664980+00:00,7.719701766967773,-0.5577440857887268
77.86960091799983,2026-09-13T10:42:49.755912+00:00,7.705813407897949,-0.5627802610397339
77.90531360299974,2026-09-13T10:42:49.791549+00:00,7.691341400146484,-0.5679285526275635
77.99960300199973,2026-09-13T10:42:49.885910+00:00,7.683534145355225,-0.5728530883789062
78.03557012700003,2026-09-13T10:42:49.921869+00:00,7.676898956298828,-0.5789971351623535
78.11348204999967,2026-09-13T10:42:49.999788+00:00,7.670409679412842,-0.574771523475647
78.17809467799998,2026-09-13T10:42:50.064400+00:00,7.662270545959473,-0.5715055465698242
78.2391920529999,2026-09-13T10:42:50.125423+00:00,7.656907081604004,-0.5724694132804871
78.32083018100002,2026-09-13T10:42:50.207131+00:00,7.653275012969971,-0.5829045176506042
78.3897074319998,2026-09-13T10:42:50.276013+00:00,7.654332160949707,-0.5906699299812317
78.4469239099999,2026-09-13T10:42:50.333228+00:00,7.658169746398926,-0.5924873352050781
78.50913917799971,2026-09-13T10:42:50.395445+00:00,7.662673473358154,-0.5927851796150208
78.5663593029999,2026-09-13T10:42:50.452666+00:00,7.667183876037598,-0.5930375456809998
78.65937297999972,2026-09-13T10:42:50.545674+00:00,7.670620441436768,-0.5930430889129639
78.74252498199985,2026-09-13T10:42:50.628845+00:00,7.672752380371094,-0.592605710029602
78.82240864999994,2026-09-13T10:42:50.708714+00:00,7.6736040115356445,-0.5915234088897705
78.90618022499984,2026-09-13T10:42:50.792486+00:00,7.671084880828857,-0.5907886624336243
78.9573917329999,2026-09-13T10:42:50.843692+00:00,7.667372703552246,-0.5937568545341492
79.00716549599974,2026-09-13T10:42:50.893466+00:00,7.661009788513184,-0.59693843126297
79.08047534499974,2026-09-13T10:42:50.966773+00:00,7.656506061553955,-0.5996859073638916
79.12981197399995,2026-09-13T10:42:51.016117+00:00,7.654483318328857,-0.6045384407043457
79.24988098899985,2026-09-13T10:42:51.136181+00:00,7.656468868255615,-0.603580892086029
79.32660973499969,2026-09-13T10:42:51.212911+00:00,7.660077095031738,-0.5998464822769165
79.38961462999987,2026-09-13T10:42:51.275920+00:00,7.66408109664917,-0.5961698293685913
79.47886738099987,2026-09-13T10:42:51.365168+00:00,7.667067050933838,-0.5936657190322876
79.52858962299979,2026-09-13T10:42:51.414598+00:00,7.669731140136719,-0.5915721654891968
79.57825067799968,2026-09-13T10:42:51.464563+00:00,7.67111349105835,-0.5902043581008911
79.63761039499968,2026-09-13T10:42:51.523917+00:00,7.670079708099365,-0.5883280634880066
79.71184497900003,2026-09-13T10:42:51.598149+00:00,7.6663007736206055,-0.5916442275047302
79.79300411399981,2026-09-13T10:42:51.679308+00:00,7.660188674926758,-0.596510648727417
79.87006131999988,2026-09-13T10:42:51.756369+00:00,7.6520819664001465,-0.596915066242218
79.93436660999987,2026-09-13T10:42:51.820672+00:00,7.6417388916015625,-0.5930423140525818
79.99666277699998,2026-09-13T10:42:51.882966+00:00,7.6264567375183105,-0.5927354693412781
80.0468322339998,2026-09-13T10:42:51.933075+00:00,7.607631206512451,-0.5926475524902344
80.12810327699981,2026-09-13T10:42:52.014406+00:00,7.5833892822265625,-0.5834885835647583
80.20257255599972,2026-09-13T10:42:52.088883+00:00,7.5661773681640625,-0.5875325202941895
80.26928868000005,2026-09-13T10:42:52.155596+00:00,7.546696662902832,-0.5903395414352417
80.35367749099987,2026-09-13T10:42:52.239983+00:00,7.520518779754639,-0.5940170884132385
80.43899292600008,2026-09-13T10:42:52.325298+00:00,7.496804714202881,-0.5972585082054138
80.50305798399995,2026-09-13T10:42:52.389373+00:00,7.475468158721924,-0.598492443561554
80.55561827299971,2026-09-13T10:42:52.441922+00:00,7.4646525382995605,-0.6042143106460571
80.62540233899972,2026-09-13T10:42:52.511710+00:00,7.4600934982299805,-0.6107358336448669
80.707846797,2026-09-13T10:42:52.594148+00:00,7.457867622375488,-0.6173763871192932
80.76870867699972,2026-09-13T10:42:52.655021+00:00,7.458285808563232,-0.6220536231994629
80.81905980400006,2026-09-13T10:42:52.705365+00:00,7.459160804748535,-0.6267262101173401
80.90459191699983,2026-09-13T10:42:52.790891+00:00,7.459217071533203,-0.6320838928222656
80.98901708199992,2026-09-13T10:42:52.875336+00:00,7.458794593811035,-0.6363959908485413
81.03648334399986,2026-09-13T10:42:52.922790+00:00,7.458310604095459,-0.6389226913452148
81.09555021899996,2026-09-13T10:42:52.981854+00:00,7.457941055297852,-0.6414656639099121
81.19631282699993,2026-09-13T10:42:53.082461+00:00,7.457662582397461,-0.642280101776123
81.2629877649997,2026-09-13T10:42:53.149293+00:00,7.455936431884766,-0.6406511664390564
81.29523659000006,2026-09-13T10:42:53.181542+00:00,7.451161861419678,-0.637938380241394
81.40511329499986,2026-09-13T10:42:53.291419+00:00,7.440054416656494,-0.6345775127410889
81.45245081699977,2026-09-13T10:42:53.338758+00:00,7.4284491539001465,-0.6309376358985901
81.53788215999975,2026-09-13T10:42:53.424185+00:00,7.414875030517578,-0.6283049583435059
81.64706706600009,2026-09-13T10:42:53.533312+00:00,7.405245304107666,-0.6272709965705872
81.69745659399996,2026-09-13T10:42:53.583778+00:00,7.38698673248291,-0.6276432275772095
81.7545223459997,2026-09-13T10:42:53.640666+00:00,7.374755859375,-0.6302756071090698
81.81397083399997,2026-09-13T10:42:53.700275+00:00,7.367875576019287,-0.6345005035400391
81.88723581699969,2026-09-13T10:42:53.773540+00:00,7.3642258644104,-0.6442441344261169
81.96663834899982,2026-09-13T10:42:53.852944+00:00,7.366569995880127,-0.6438167691230774
82.02009044399983,2026-09-13T10:42:53.906398+00:00,7.370509624481201,-0.6400614380836487
82.10653407599966,2026-09-13T10:42:53.992842+00:00,7.373298645019531,-0.636604905128479
82.1630360969998,2026-09-13T10:42:54.049339+00:00,7.374276638031006,-0.6353924870491028
82.25813499600008,2026-09-13T10:42:54.144438+00:00,7.3747429847717285,-0.6348887085914612
82.32912873399982,2026-09-13T10:42:54.215430+00:00,7.375175476074219,-0.6352991461753845
82.40632287299968,2026-09-13T10:42:54.292639+00:00,7.375687122344971,-0.6348356604576111
82.44671849799988,2026-09-13T10:42:54.333028+00:00,7.3759846687316895,-0.6341624855995178
82.5124194189998,2026-09-13T10:42:54.398724+00:00,7.376181602478027,-0.6340432167053223
82.60975455299968,2026-09-13T10:42:54.496063+00:00,7.37563419342041,-0.633226215839386
82.66924915399977,2026-09-13T10:42:54.555555+00:00,7.372245788574219,-0.6319455504417419
82.72610897899995,2026-09-13T10:42:54.612407+00:00,7.366728782653809,-0.6340796947479248
82.79367953099973,2026-09-13T10:42:54.679981+00:00,7.3587141036987305,-0.639107882976532
82.85777505499982,2026-09-13T10:42:54.744081+00:00,7.349634647369385,-0.6379586458206177
82.9256971699997,2026-09-13T10:42:54.812012+00:00,7.340023040771484,-0.6373310089111328
83.01194188399995,2026-09-13T10:42:54.898243+00:00,7.326312065124512,-0.6384802460670471
83.0742315550001,2026-09-13T10:42:54.960538+00:00,7.305736541748047,-0.6397688984870911
83.1390102370001,2026-09-13T10:42:55.025330+00:00,7.283592224121094,-0.6403072476387024
83.20417110900007,2026-09-13T10:42:55.090478+00:00,7.261099815368652,-0.6407697200775146
83.29781264599978,2026-09-13T10:42:55.184117+00:00,7.240021705627441,-0.6351507306098938
83.35592041699965,2026-09-13T10:42:55.242237+00:00,7.224116325378418,-0.6386348009109497
83.44464393399994,2026-09-13T10:42:55.330952+00:00,7.20674467086792,-0.6373995542526245
83.50345374399967,2026-09-13T10:42:55.389754+00:00,7.187407493591309,-0.6382678151130676
83.57159013899991,2026-09-13T10:42:55.457824+00:00,7.172694683074951,-0.6393216252326965
83.63614887799986,2026-09-13T10:42:55.522469+00:00,7.163600444793701,-0.6442273259162903
83.68946480799968,2026-09-13T10:42:55.575773+00:00,7.16035270690918,-0.6513654589653015
83.77509289299996,2026-09-13T10:42:55.661401+00:00,7.161154270172119,-0.6542571187019348
83.8272216800001,2026-09-13T10:42:55.713522+00:00,7.162426471710205,-0.6548131108283997
83.91925228299988,2026-09-13T10:42:55.805553+00:00,7.162775039672852,-0.6557867527008057
83.98003956799994,2026-09-13T10:42:55.866342+00:00,7.162161827087402,-0.6560565829277039
84.07725844099969,2026-09-13T10:42:55.963565+00:00,7.161598205566406,-0.6566033363342285
84.12547829699997,2026-09-13T10:42:56.011784+00:00,7.161404609680176,-0.6562489867210388
84.16426372399974,2026-09-13T10:42:56.050563+00:00,7.161322593688965,-0.6556919813156128
84.24548714999992,2026-09-13T10:42:56.131794+00:00,7.160761833190918,-0.6553049087524414
84.30810175999977,2026-09-13T10:42:56.194406+00:00,7.157626628875732,-0.6547058820724487
84.36936198800004,2026-09-13T10:42:56.255679+00:00,7.150468349456787,-0.6586085557937622
84.44141188999993,2026-09-13T10:42:56.327716+00:00,7.138833522796631,-0.6614595651626587
84.54108127800009,2026-09-13T10:42:56.427394+00:00,7.127597808837891,-0.664959192276001
84.60976101899996,2026-09-13T10:42:56.496079+00:00,7.1184258460998535,-0.6639312505722046
84.70066143999975,2026-09-13T10:42:56.586956+00:00,7.1043901443481445,-0.6674977540969849
84.78528126699985,2026-09-13T10:42:56.671583+00:00,7.085054397583008,-0.6664541959762573
84.82985085699966,2026-09-13T10:42:56.716153+00:00,7.0640869140625,-0.6647082567214966
84.87156063799966,2026-09-13T10:42:56.757880+00:00,7.04205846786499,-0.6559883952140808
84.95395517499992,2026-09-13T10:42:56.840258+00:00,7.025204181671143,-0.6562184691429138
85.02567207399989,2026-09-13T10:42:56.911988+00:00,7.009793281555176,-0.6575908064842224
85.10813813300001,2026-09-13T10:42:56.994354+00:00,6.988948822021484,-0.6582884192466736
85.20305123299977,2026-09-13T10:42:57.089364+00:00,6.971548080444336,-0.6606635451316833
85.24581029699993,2026-09-13T10:42:57.132118+00:00,6.960826396942139,-0.6622332334518433
85.32736576599973,2026-09-13T10:42:57.213673+00:00,6.949721336364746,-0.6688416004180908
85.40433727299978,2026-09-13T10:42:57.290635+00:00,6.947519779205322,-0.6741113662719727
85.46884791399998,2026-09-13T10:42:57.355151+00:00,6.949487209320068,-0.6728164553642273
85.54449534500009,2026-09-13T10:42:57.430803+00:00,6.951633930206299,-0.6696251034736633
85.61183292899977,2026-09-13T10:42:57.497997+00:00,6.952901840209961,-0.66568523645401
85.68999017199985,2026-09-13T10:42:57.576290+00:00,6.9530029296875,-0.6642587780952454
85.7441322740001,2026-09-13T10:42:57.630435+00:00,6.953110694885254,-0.6639716029167175
85.8203599479998,2026-09-13T10:42:57.706662+00:00,6.953301906585693,-0.6637220978736877
85.87585278300003,2026-09-13T10:42:57.762155+00:00,6.953476428985596,-0.6636834740638733
85.94882233199996,2026-09-13T10:42:57.835125+00:00,6.953669548034668,-0.6631848216056824
86.0275005200001,2026-09-13T10:42:57.913806+00:00,6.953688144683838,-0.663040280342102
86.09893564899994,2026-09-13T10:42:57.985236+00:00,6.952355861663818,-0.6620460152626038
86.15533027499987,2026-09-13T10:42:58.041632+00:00,6.948361873626709,-0.6629464030265808
86.23112158200001,2026-09-13T10:42:58.117424+00:00,6.940405368804932,-0.6665709614753723
86.29427886599979,2026-09-13T10:42:58.180586+00:00,6.930995941162109,-0.6714410185813904
86.38307742500001,2026-09-13T10:42:58.269386+00:00,6.921655178070068,-0.6708682179450989
86.44452873199998,2026-09-13T10:42:58.330836+00:00,6.914567470550537,-0.672740638256073
86.49791957699972,2026-09-13T10:42:58.383987+00:00,6.906020641326904,-0.6766338348388672
86.55471066399969,2026-09-13T10:42:58.441011+00:00,6.893755912780762,-0.6796095371246338
86.64615161599977,2026-09-13T10:42:58.532395+00:00,6.882216930389404,-0.6815778613090515
86.73336132199984,2026-09-13T10:42:58.619663+00:00,6.8767547607421875,-0.6781066656112671
86.81756449499971,2026-09-13T10:42:58.703865+00:00,6.873818397521973,-0.6774195432662964
86.87827312099989,2026-09-13T10:42:58.764595+00:00,6.875156402587891,-0.68011474609375
86.94183499499968,2026-09-13T10:42:58.828119+00:00,6.876913070678711,-0.6831709742546082
87.01505363999968,2026-09-13T10:42:58.901357+00:00,6.877669334411621,-0.6845652461051941
87.0994475069997,2026-09-13T10:42:58.985755+00:00,6.878253936767578,-0.6850568652153015
87.17777125199973,2026-09-13T10:42:59.064079+00:00,6.878744602203369,-0.686345100402832
87.22457966799993,2026-09-13T10:42:59.110883+00:00,6.879009246826172,-0.6873031854629517
87.28742170899977,2026-09-13T10:42:59.173724+00:00,6.878148555755615,-0.6861792802810669
87.35087836299999,2026-09-13T10:42:59.237179+00:00,6.875289440155029,-0.6826156973838806
87.437314539,2026-09-13T10:42:59.323619+00:00,6.870109558105469,-0.6781221032142639
87.49658705299998,2026-09-13T10:42:59.382905+00:00,6.860447883605957,-0.675845742225647
87.56506665999996,2026-09-13T10:42:59.451385+00:00,6.85054874420166,-0.6767779588699341
87.64263729100003,2026-09-13T10:42:59.528940+00:00,6.840381622314453,-0.6754738092422485
87.71226570399995,2026-09-13T10:42:59.598539+00:00,6.824344635009766,-0.6731445789337158
87.77693420600008,2026-09-13T10:42:59.663233+00:00,6.812676906585693,-0.6757132411003113
87.85127560899991,2026-09-13T10:42:59.737580+00:00,6.803290843963623,-0.6808991432189941
87.93923929199991,2026-09-13T10:42:59.825561+00:00,6.795795917510986,-0.6864867806434631
87.99862473799976,2026-09-13T10:42:59.884929+00:00,6.792680740356445,-0.6937894225120544
88.06045909799968,2026-09-13T10:42:59.946778+00:00,6.793946743011475,-0.6941401958465576
88.10814191100008,2026-09-13T10:42:59.994442+00:00,6.794736862182617,-0.6923717260360718
88.18466994799974,2026-09-13T10:43:00.070963+00:00,6.794431686401367,-0.6928693652153015
88.27868650599976,2026-09-13T10:43:00.164991+00:00,6.793726921081543,-0.6946152448654175
88.34923645299978,2026-09-13T10:43:00.235543+00:00,6.793463706970215,-0.6954594254493713
88.41453012900001,2026-09-13T10:43:00.300840+00:00,6.793601036071777,-0.6953016519546509
88.4844727919999,2026-09-13T10:43:00.370779+00:00,6.7936110496521,-0.6958804726600647
88.55405317199984,2026-09-13T10:43:00.440361+00:00,6.793030738830566,-0.6952812671661377
88.62401103599996,2026-09-13T10:43:00.510314+00:00,6.790205001831055,-0.694866955280304
88.69184876500003,2026-09-13T10:43:00.578152+00:00,6.784763813018799,-0.6967206597328186
88.76541855699998,2026-09-13T10:43:00.651725+00:00,6.775201320648193,-0.6993777751922607
88.84386457799974,2026-09-13T10:43:00.730175+00:00,6.764974117279053,-0.702046275138855
88.91594792099977,2026-09-13T10:43:00.802260+00:00,6.756479263305664,-0.7010295987129211
88.95769056800009,2026-09-13T10:43:00.843998+00:00,6.749229431152344,-0.7027906179428101
89.015543514,2026-09-13T10:43:00.901846+00:00,6.7386860847473145,-0.7063782811164856
89.0998812519997,2026-09-13T10:43:00.986185+00:00,6.727804183959961,-0.7085895538330078
89.19449869399978,2026-09-13T10:43:01.080809+00:00,6.720007419586182,-0.709217369556427
89.25549612899977,2026-09-13T10:43:01.141800+00:00,6.717584609985352,-0.7084941267967224
89.32175610900003,2026-09-13T10:43:01.208061+00:00,6.717510223388672,-0.708897590637207
89.39888999000004,2026-09-13T10:43:01.285192+00:00,6.719123840332031,-0.7116847038269043
89.46594030000006,2026-09-13T10:43:01.352244+00:00,6.719834804534912,-0.7139585614204407
89.53934551199973,2026-09-13T10:43:01.425625+00:00,6.720116138458252,-0.7146573662757874
89.61149000899968,2026-09-13T10:43:01.497795+00:00,6.72056245803833,-0.7146868705749512
89.67617867199988,2026-09-13T10:43:01.562483+00:00,6.721263408660889,-0.7150281071662903
89.72886021299973,2026-09-13T10:43:01.615166+00:00,6.721845626831055,-0.7155426144599915
89.77206697299971,2026-09-13T10:43:01.658315+00:00,6.722597122192383,-0.7159938216209412
89.87252822699975,2026-09-13T10:43:01.758830+00:00,6.721638202667236,-0.7148295044898987
89.96009567300007,2026-09-13T10:43:01.846403+00:00,6.720801830291748,-0.7119025588035583
90.03438318600001,2026-09-13T10:43:01.920685+00:00,6.716140270233154,-0.7069379687309265
90.11207311699991,2026-09-13T10:43:01.998378+00:00,6.708955764770508,-0.702160120010376
90.16251042299973,2026-09-13T10:43:02.048812+00:00,6.69898796081543,-0.7016422152519226
90.22947253799975,2026-09-13T10:43:02.115774+00:00,6.688608169555664,-0.7017824649810791
90.31288202099995,2026-09-13T10:43:02.199187+00:00,6.673008918762207,-0.696092426776886
90.34110539899984,2026-09-13T10:43:02.227414+00:00,6.659217834472656,-0.6992385387420654
90.4501337239999,2026-09-13T10:43:02.336447+00:00,6.639024257659912,-0.709692656993866
90.5110557009998,2026-09-13T10:43:02.397364+00:00,6.615912914276123,-0.7162465453147888
90.55945239399989,2026-09-13T10:43:02.445772+00:00,6.60249662399292,-0.7190657258033752
90.64857054799995,2026-09-13T10:43:02.534877+00:00,6.585784435272217,-0.7191806435585022
90.68696159499996,2026-09-13T10:43:02.573238+00:00,6.566878318786621,-0.7185171842575073
90.75193855599991,2026-09-13T10:43:02.638245+00:00,6.554539203643799,-0.7160261273384094
90.86253490099989,2026-09-13T10:43:02.748837+00:00,6.54603385925293,-0.7143010497093201
90.9250351390001,2026-09-13T10:43:02.811350+00:00,6.542313098907471,-0.7190420627593994
90.99009719099968,2026-09-13T10:43:02.876404+00:00,6.540558815002441,-0.7274607419967651
91.0775340729997,2026-09-13T10:43:02.963851+00:00,6.5436224937438965,-0.7331632375717163
91.14902865999966,2026-09-13T10:43:03.035328+00:00,6.546964645385742,-0.7389758229255676
91.22459589599976,2026-09-13T10:43:03.110896+00:00,6.547664642333984,-0.7427048087120056
91.27872814200009,2026-09-13T10:43:03.165037+00:00,6.54782247543335,-0.7444075345993042
91.37853638199977,2026-09-13T10:43:03.264838+00:00,6.548051834106445,-0.7450534105300903
91.4429582519997,2026-09-13T10:43:03.329275+00:00,6.548312187194824,-0.745871901512146
91.49883161199978,2026-09-13T10:43:03.385140+00:00,6.548565864562988,-0.7466049194335938
91.5367051369999,2026-09-13T10:43:03.423002+00:00,6.548802375793457,-0.7474914193153381
91.65398743500009,2026-09-13T10:43:03.540293+00:00,6.548972129821777,-0.748325765132904
91.71987287399998,2026-09-13T10:43:03.606175+00:00,6.549119472503662,-0.748923659324646
91.76565475999996,2026-09-13T10:43:03.651957+00:00,6.549372673034668,-0.7493247985839844
91.84994481600006,2026-09-13T10:43:03.736238+00:00,6.548362731933594,-0.7476934194564819
91.8817637699999,2026-09-13T10:43:03.768071+00:00,6.5463337898254395,-0.7418275475502014
91.97779693999973,2026-09-13T10:43:03.864085+00:00,6.540520191192627,-0.7364308834075928
92.02878620000001,2026-09-13T10:43:03.915091+00:00,6.534999370574951,-0.7351089715957642
92.11348622199966,2026-09-13T10:43:03.999795+00:00,6.525890827178955,-0.735684335231781
92.19294891599975,2026-09-13T10:43:04.079257+00:00,6.5175700187683105,-0.7315947413444519
92.26554430899978,2026-09-13T10:43:04.151850+00:00,6.50596809387207,-0.7297515273094177
92.33590333799975,2026-09-13T10:43:04.222206+00:00,6.495021820068359,-0.7368668913841248
92.4279455259998,2026-09-13T10:43:04.314244+00:00,6.484705448150635,-0.7370026111602783
92.46532872999978,2026-09-13T10:43:04.351634+00:00,6.480128288269043,-0.7421790957450867
92.56734539699983,2026-09-13T10:43:04.453591+00:00,6.4779953956604,-0.745607316493988
92.61648653099974,2026-09-13T10:43:04.502769+00:00,6.479109287261963,-0.7442052364349365
92.6770323679998,2026-09-13T10:43:04.563313+00:00,6.481326580047607,-0.7396060824394226
92.75554786199973,2026-09-13T10:43:04.641854+00:00,6.482731342315674,-0.7349244952201843
92.81115343700003,2026-09-13T10:43:04.697454+00:00,6.483534336090088,-0.7335665822029114
92.89464583499966,2026-09-13T10:43:04.780950+00:00,6.484114646911621,-0.7337400913238525
92.98578687200006,2026-09-13T10:43:04.872098+00:00,6.484625816345215,-0.7349055409431458
93.04809734399987,2026-09-13T10:43:04.934401+00:00,6.484775543212891,-0.735366940498352
93.12581447599996,2026-09-13T10:43:05.012090+00:00,6.4849419593811035,-0.735747754573822
93.19126428499976,2026-09-13T10:43:05.077567+00:00,6.485106468200684,-0.7360202074050903
93.26332957899967,2026-09-13T10:43:05.149632+00:00,6.484525680541992,-0.7353227734565735
93.33863635899979,2026-09-13T10:43:05.224939+00:00,6.481595516204834,-0.735857367515564
93.37445160700008,2026-09-13T10:43:05.260755+00:00,6.476902484893799,-0.7382058501243591
93.45467739800006,2026-09-13T10:43:05.340993+00:00,6.468447208404541,-0.7410786747932434
93.50619048399994,2026-09-13T10:43:05.392502+00:00,6.461854457855225,-0.7427718043327332
93.5906675870001,2026-09-13T10:43:05.476974+00:00,6.453803062438965,-0.7416515350341797
93.6983624909999,2026-09-13T10:43:05.584680+00:00,6.444050312042236,-0.7440661191940308
93.76602472600007,2026-09-13T10:43:05.652160+00:00,6.432084560394287,-0.7415825128555298
93.81158660499977,2026-09-13T10:43:05.697907+00:00,6.420740604400635,-0.7390785813331604
93.84640133899984,2026-09-13T10:43:05.732704+00:00,6.413588047027588,-0.7371012568473816
93.93466890499985,2026-09-13T10:43:05.820976+00:00,6.411019802093506,-0.7387372851371765
94.00084545799973,2026-09-13T10:43:05.887150+00:00,6.411490440368652,-0.7471753358840942
94.07732562000001,2026-09-13T10:43:05.963626+00:00,6.4153666496276855,-0.7532540559768677
94.14108093999994,2026-09-13T10:43:06.027388+00:00,6.41776180267334,-0.7592982053756714
94.21199368399994,2026-09-13T10:43:06.098288+00:00,6.418954849243164,-0.7650313973426819
94.25554573499994,2026-09-13T10:43:06.141849+00:00,6.419607639312744,-0.7688400149345398
94.35910619700007,2026-09-13T10:43:06.245387+00:00,6.42059850692749,-0.7729535102844238
94.41298915499965,2026-09-13T10:43:06.299294+00:00,6.421497344970703,-0.7771533131599426
94.52075702100001,2026-09-13T10:43:06.407079+00:00,6.422167778015137,-0.7800706028938293
94.53865054900007,2026-09-13T10:43:06.424951+00:00,6.4218878746032715,-0.7807745337486267
94.6384510769999,2026-09-13T10:43:06.524753+00:00,6.42067813873291,-0.7763519883155823
94.7207931959997,2026-09-13T10:43:06.607100+00:00,6.417463779449463,-0.7714303731918335
94.78088343299987,2026-09-13T10:43:06.667193+00:00,6.411536693572998,-0.7698484063148499
94.86208458500005,2026-09-13T10:43:06.748376+00:00,6.40246057510376,-0.7687966227531433
94.90902996599971,2026-09-13T10:43:06.795334+00:00,6.3965630531311035,-0.7660948038101196
95.00915671299981,2026-09-13T10:43:06.895454+00:00,6.383415699005127,-0.7578218579292297
95.06438598799969,2026-09-13T10:43:06.950690+00:00,6.368346214294434,-0.7650072574615479
95.12879640199981,2026-09-13T10:43:07.015098+00:00,6.3493428230285645,-0.7733929753303528
95.19473352299974,2026-09-13T10:43:07.081029+00:00,6.33118200302124,-0.7750245332717896
95.27088186599985,2026-09-13T10:43:07.157200+00:00,6.313508987426758,-0.772386372089386
95.32934872099986,2026-09-13T10:43:07.215661+00:00,6.293975353240967,-0.7697757482528687
95.39959651499976,2026-09-13T10:43:07.285901+00:00,6.277299880981445,-0.765507698059082
95.47814628299966,2026-09-13T10:43:07.364446+00:00,6.26484489440918,-0.7656452655792236
95.56404493699984,2026-09-13T10:43:07.450359+00:00,6.254438400268555,-0.7673150897026062
95.6275828089997,2026-09-13T10:43:07.513885+00:00,6.243093013763428,-0.7646657228469849
95.71352754500003,2026-09-13T10:43:07.599849+00:00,6.235259532928467,-0.7640570402145386
95.77304685099989,2026-09-13T10:43:07.659363+00:00,6.231785774230957,-0.768624484539032
95.83365972999991,2026-09-13T10:43:07.719967+00:00,6.231281280517578,-0.7740413546562195
95.91860686399968,2026-09-13T10:43:07.804917+00:00,6.231925964355469,-0.7752264738082886
95.97092826499966,2026-09-13T10:43:07.857232+00:00,6.232394218444824,-0.7750982642173767
96.03745948599999,2026-09-13T10:43:07.923760+00:00,6.231943130493164,-0.7759066224098206
96.11912334199997,2026-09-13T10:43:08.005441+00:00,6.231217861175537,-0.7770330905914307
96.181326034,2026-09-13T10:43:08.067628+00:00,6.23048210144043,-0.7780243158340454
96.24432721699986,2026-09-13T10:43:08.130632+00:00,6.22921895980835,-0.7621873021125793
96.30510950999997,2026-09-13T10:43:08.191409+00:00,6.22855806350708,-0.7466830611228943
96.38444141599985,2026-09-13T10:43:08.270748+00:00,6.226899147033691,-0.725117027759552
96.45937679100007,2026-09-13T10:43:08.345684+00:00,6.225521087646484,-0.7109624743461609
96.53223164799965,2026-09-13T10:43:08.418536+00:00,6.224294662475586,-0.6950407028198242
96.61112433900007,2026-09-13T10:43:08.497424+00:00,6.223696231842041,-0.6821168661117554
96.68377461299997,2026-09-13T10:43:08.570082+00:00,6.22340726852417,-0.6698879599571228
96.73737314499976,2026-09-13T10:43:08.623681+00:00,6.223282337188721,-0.6582053303718567
96.80852804100005,2026-09-13T10:43:08.694831+00:00,6.2230048179626465,-0.6439864635467529
96.85626899999988,2026-09-13T10:43:08.742512+00:00,6.2226433753967285,-0.6314168572425842
96.93296555400002,2026-09-13T10:43:08.819271+00:00,6.222311973571777,-0.6170549392700195
96.99648652999986,2026-09-13T10:43:08.882785+00:00,6.2220377922058105,-0.6038671731948853
97.07556828399993,2026-09-13T10:43:08.961872+00:00,6.221541404724121,-0.5873257517814636
97.12894024799971,2026-09-13T10:43:09.015242+00:00,6.2211527824401855,-0.5732139348983765
97.23011656599965,2026-09-13T10:43:09.116397+00:00,6.220520496368408,-0.5562342405319214
97.30879769800003,2026-09-13T10:43:09.195104+00:00,6.220002174377441,-0.5384311079978943
97.3568993419999,2026-09-13T10:43:09.243210+00:00,6.219622611999512,-0.5231272578239441
97.46323058500002,2026-09-13T10:43:09.349538+00:00,6.219310283660889,-0.5094032287597656
97.5352335409998,2026-09-13T10:43:09.421549+00:00,6.219132900238037,-0.4929310381412506
97.59645271199997,2026-09-13T10:43:09.482689+00:00,6.219794750213623,-0.4719877541065216
97.64969094399976,2026-09-13T10:43:09.535996+00:00,6.219030380249023,-0.4461430013179779
97.71006858300007,2026-09-13T10:43:09.596373+00:00,6.219723701477051,-0.4207218587398529
97.80733241799999,2026-09-13T10:43:09.693639+00:00,6.2193474769592285,-0.3926765024662018
97.86972625199996,2026-09-13T10:43:09.756025+00:00,6.2195281982421875,-0.365037739276886
97.94109670699982,2026-09-13T10:43:09.827404+00:00,6.220048904418945,-0.3395112454891205
97.99000509799998,2026-09-13T10:43:09.876280+00:00,6.21964693069458,-0.3128674030303955
98.08399080699974,2026-09-13T10:43:09.970299+00:00,6.2195258140563965,-0.2783980667591095
98.16010561299981,2026-09-13T10:43:10.046407+00:00,6.220851421356201,-0.2422075867652893
98.22409918099993,2026-09-13T10:43:10.110420+00:00,6.219655990600586,-0.2226877063512802
98.28354699700003,2026-09-13T10:43:10.169865+00:00,6.2187347412109375,-0.2090456634759903
98.34525815300003,2026-09-13T10:43:10.231562+00:00,6.218089580535889,-0.19501946866512299
98.41412042799993,2026-09-13T10:43:10.300427+00:00,6.218020915985107,-0.17976662516593933
98.49563919100001,2026-09-13T10:43:10.381955+00:00,6.218720436096191,-0.16800352931022644
98.55836231700005,2026-09-13T10:43:10.444677+00:00,6.2201080322265625,-0.15473487973213196
98.65371031099994,2026-09-13T10:43:10.540002+00:00,6.22157621383667,-0.142533078789711
98.72230937799986,2026-09-13T10:43:10.608452+00:00,6.223582744598389,-0.12420861423015594
98.77556968999988,2026-09-13T10:43:10.661740+00:00,6.225182056427002,-0.10159001499414444
98.85526346400002,2026-09-13T10:43:10.741556+00:00,6.226836681365967,-0.07709795236587524
98.9044142949997,2026-09-13T10:43:10.790736+00:00,6.227431774139404,-0.05814438685774803
98.94972816499967,2026-09-13T10:43:10.836031+00:00,6.2278594970703125,-0.03758902847766876
99.03239611899971,2026-09-13T10:43:10.918649+00:00,6.228086471557617,-0.015234549529850483
99.08503170699987,2026-09-13T10:43:10.971338+00:00,6.228027820587158,-0.00024437205865979195
99.15481001299986,2026-09-13T10:43:11.041115+00:00,6.226478099822998,-0.013823327608406544
99.25787464999985,2026-09-13T10:43:11.144180+00:00,6.225368499755859,-0.02516046352684498
99.3241812870001,2026-09-13T10:43:11.210489+00:00,6.2246551513671875,-0.03285329043865204
99.4260724769997,2026-09-13T10:43:11.312371+00:00,6.224345684051514,-0.038697775453329086
99.48893611999983,2026-09-13T10:43:11.375240+00:00,6.224065780639648,-0.04473486915230751
99.54969527499998,2026-09-13T10:43:11.435997+00:00,6.223820686340332,-0.04935053735971451
99.63701820100005,2026-09-13T10:43:11.523340+00:00,6.223567962646484,-0.0534665547311306
99.67743088299994,2026-09-13T10:43:11.563736+00:00,6.2233476638793945,-0.05745631456375122
99.75611179099997,2026-09-13T10:43:11.642415+00:00,6.223050117492676,-0.06108962371945381
99.806885556,2026-09-13T10:43:11.693195+00:00,6.222799301147461,-0.06402517110109329
99.89063153000006,2026-09-13T10:43:11.776950+00:00,6.222599506378174,-0.06670437008142471
99.95282666999992,2026-09-13T10:43:11.839130+00:00,6.2224249839782715,-0.06872394680976868
100.038147321,2026-09-13T10:43:11.924454+00:00,6.222253799438477,-0.07012677937746048
100.1365855629997,2026-09-13T10:43:12.022885+00:00,6.222171306610107,-0.07153181731700897
100.20677114699993,2026-09-13T10:43:12.093083+00:00,6.222118854522705,-0.07352405786514282
100.25720147599986,2026-09-13T10:43:12.143501+00:00,6.222014904022217,-0.07501139491796494
100.30852953199974,2026-09-13T10:43:12.194831+00:00,6.221916675567627,-0.07678741216659546
100.37380554299989,2026-09-13T10:43:12.260112+00:00,6.221817970275879,-0.07950965315103531
100.41903224199996,2026-09-13T10:43:12.304980+00:00,6.221678733825684,-0.08206723630428314
100.54127428999982,2026-09-13T10:43:12.427582+00:00,6.2215657234191895,-0.084716796875
100.60048603399991,2026-09-13T10:43:12.486787+00:00,6.2215495109558105,-0.08593592047691345
100.6920357250001,2026-09-13T10:43:12.578341+00:00,6.221421718597412,-0.08740256726741791
100.73775236099982,2026-09-13T10:43:12.624057+00:00,6.221268177032471,-0.0887475460767746
100.79233742199995,2026-09-13T10:43:12.678643+00:00,6.221118927001953,-0.09044551849365234
100.86085440499983,2026-09-13T10:43:12.747162+00:00,6.2210164070129395,-0.09179534018039703
100.9429254429997,2026-09-13T10:43:12.829231+00:00,6.220984935760498,-0.09285948425531387
101.01656554300007,2026-09-13T10:43:12.902870+00:00,6.221013069152832,-0.09417475014925003
101.0870286710001,2026-09-13T10:43:12.973332+00:00,6.221010208129883,-0.09556714445352554
101.16267549399981,2026-09-13T10:43:13.048976+00:00,6.221007347106934,-0.09664987027645111
101.2150158720001,2026-09-13T10:43:13.101314+00:00,6.221012592315674,-0.09769732505083084
101.2874189690001,2026-09-13T10:43:13.173740+00:00,6.22100305557251,-0.0988699197769165
101.3676631620001,2026-09-13T10:43:13.253967+00:00,6.220975875854492,-0.09910658001899719
101.46699020200003,2026-09-13T10:43:13.353291+00:00,6.220953464508057,-0.09951472282409668
101.55979510299994,2026-09-13T10:43:13.446093+00:00,6.220520973205566,-0.09269636124372482
101.59729978399992,2026-09-13T10:43:13.483606+00:00,6.219912528991699,-0.0704369992017746
101.63816329699966,2026-09-13T10:43:13.524464+00:00,6.219606876373291,-0.05043651908636093
101.7238000540001,2026-09-13T10:43:13.610106+00:00,6.218958854675293,-0.029537929221987724
101.78738004099978,2026-09-13T10:43:13.673681+00:00,6.218202590942383,-0.010803904384374619
101.8321075230001,2026-09-13T10:43:13.718409+00:00,6.21743106842041,0.005218211095780134
101.911213374,2026-09-13T10:43:13.797519+00:00,6.21636962890625,0.025622159242630005
101.99848548199998,2026-09-13T10:43:13.884790+00:00,6.215864181518555,0.04374505952000618
102.06808998999986,2026-09-13T10:43:13.954394+00:00,6.21616268157959,0.06132086366415024
102.11363647600001,2026-09-13T10:43:13.999941+00:00,6.21709680557251,0.061810147017240524
102.17844312699981,2026-09-13T10:43:14.064744+00:00,6.217945098876953,0.05899129807949066
102.27832186599971,2026-09-13T10:43:14.164624+00:00,6.219006538391113,0.05995474383234978
102.32493734699983,2026-09-13T10:43:14.211242+00:00,6.219347953796387,0.051810991019010544
102.41469289899987,2026-09-13T10:43:14.301005+00:00,6.219668388366699,0.04401438310742378
102.48118763899993,2026-09-13T10:43:14.367485+00:00,6.219763278961182,0.04107493534684181
102.55954690399994,2026-09-13T10:43:14.445849+00:00,6.2199883460998535,0.037780847400426865
102.61923626399994,2026-09-13T10:43:14.505543+00:00,6.220125198364258,0.03321462124586105
102.6769449809999,2026-09-13T10:43:14.563266+00:00,6.220192909240723,0.029888493940234184
102.78107560599983,2026-09-13T10:43:14.667382+00:00,6.220303535461426,0.027124233543872833
102.85040253699981,2026-09-13T10:43:14.736722+00:00,6.22035551071167,0.025759287178516388
102.91875295499995,2026-09-13T10:43:14.805066+00:00,6.22044563293457,0.024590643122792244
102.98641877399996,2026-09-13T10:43:14.872740+00:00,6.220494270324707,0.02371874824166298
103.02163185800009,2026-09-13T10:43:14.907937+00:00,6.220458984375,0.02278956212103367
103.10478622799974,2026-09-13T10:43:14.991087+00:00,6.220520973205566,0.021206287667155266
103.15453288699973,2026-09-13T10:43:15.040832+00:00,6.220577716827393,0.019400786608457565
103.22561216399981,2026-09-13T10:43:15.111908+00:00,6.220651149749756,0.018039807677268982
103.29195745900006,2026-09-13T10:43:15.178248+00:00,6.220747947692871,0.016823530197143555
103.36810903500009,2026-09-13T10:43:15.254416+00:00,6.220798015594482,0.01587708480656147
103.45372969499977,2026-09-13T10:43:15.340024+00:00,6.220786094665527,0.015682347118854523
103.54223813299996,2026-09-13T10:43:15.428554+00:00,6.220928192138672,0.014901984483003616
103.6346917589999,2026-09-13T10:43:15.521010+00:00,6.221107482910156,0.013898920267820358
103.6959873159999,2026-09-13T10:43:15.582294+00:00,6.221092224121094,0.013101681135594845
103.75314347099993,2026-09-13T10:43:15.639449+00:00,6.221067905426025,0.012489145621657372
103.82822707500009,2026-09-13T10:43:15.714536+00:00,6.221093654632568,0.01228481438010931
103.89821137199988,2026-09-13T10:43:15.784514+00:00,6.221123218536377,0.012146548368036747
103.96176284500007,2026-09-13T10:43:15.848059+00:00,6.221067428588867,0.012182979844510555
104.01888715899986,2026-09-13T10:43:15.905192+00:00,6.22105073928833,0.011947543360292912
104.09867178400009,2026-09-13T10:43:15.984976+00:00,6.221090316772461,0.011624285951256752
104.14435558700006,2026-09-13T10:43:16.030651+00:00,6.221023082733154,0.011221169494092464
104.25217100700002,2026-09-13T10:43:16.138476+00:00,6.22108268737793,0.010875965468585491
104.31975010299993,2026-09-13T10:43:16.206032+00:00,6.221071720123291,0.010699022561311722
104.39357292899967,2026-09-13T10:43:16.279876+00:00,6.221040725708008,0.010402541607618332
104.42961823199994,2026-09-13T10:43:16.315924+00:00,6.221146106719971,0.009851274080574512
104.50898774000007,2026-09-13T10:43:16.395293+00:00,6.221174240112305,0.008872312493622303
104.60926466699993,2026-09-13T10:43:16.495569+00:00,6.2212324142456055,0.008441861718893051
104.65004776199976,2026-09-13T10:43:16.536357+00:00,6.22130823135376,0.008106686174869537
104.7098524539997,2026-09-13T10:43:16.596151+00:00,6.221442222595215,0.008009984157979488
104.81555017099981,2026-09-13T10:43:16.701869+00:00,6.22151517868042,0.007971422746777534
104.84559735399989,2026-09-13T10:43:16.731903+00:00,6.221642017364502,0.008123470470309258
104.91764674399974,2026-09-13T10:43:16.803959+00:00,6.220592021942139,0.02858513593673706
104.97929060099978,2026-09-13T10:43:16.865593+00:00,6.219693183898926,0.04716726765036583
105.08353738999995,2026-09-13T10:43:16.969845+00:00,6.219236373901367,0.06046931818127632
105.15824110899985,2026-09-13T10:43:17.044558+00:00,6.218398571014404,0.07512356340885162
105.23082312499992,2026-09-13T10:43:17.117131+00:00,6.217577934265137,0.09078340977430344
105.32224516399992,2026-09-13T10:43:17.208556+00:00,6.216818809509277,0.10494410246610641
105.37877579399992,2026-09-13T10:43:17.265077+00:00,6.216082572937012,0.12062328308820724
105.46624538099968,2026-09-13T10:43:17.352555+00:00,6.2156829833984375,0.1349920928478241
105.49103392300003,2026-09-13T10:43:17.377345+00:00,6.21549654006958,0.1516898274421692
105.57580025099969,2026-09-13T10:43:17.462098+00:00,6.215693473815918,0.1683320701122284
105.63488562299972,2026-09-13T10:43:17.521185+00:00,6.216170787811279,0.17977991700172424
105.7067611829998,2026-09-13T10:43:17.593046+00:00,6.217999458312988,0.1976889669895172
105.76788745499971,2026-09-13T10:43:17.654202+00:00,6.219329833984375,0.22323757410049438
105.844217372,2026-09-13T10:43:17.730518+00:00,6.219909191131592,0.24911755323410034
105.91403865599978,2026-09-13T10:43:17.800339+00:00,6.220551013946533,0.27248096466064453
105.99086778999981,2026-09-13T10:43:17.877172+00:00,6.2205095291137695,0.295042484998703
106.04528382099988,2026-09-13T10:43:17.931587+00:00,6.219789505004883,0.3178958594799042
106.1152228359997,2026-09-13T10:43:18.001531+00:00,6.217866897583008,0.34201785922050476
106.20579966299965,2026-09-13T10:43:18.092096+00:00,6.217313289642334,0.36240240931510925
106.27210902099978,2026-09-13T10:43:18.158415+00:00,6.216759204864502,0.39188092947006226
106.35702856999978,2026-09-13T10:43:18.243333+00:00,6.217345714569092,0.41832098364830017
106.43040802099995,2026-09-13T10:43:18.316714+00:00,6.216583728790283,0.4428698718547821
106.49466806200007,2026-09-13T10:43:18.380975+00:00,6.215056896209717,0.4650121331214905
106.56166912299977,2026-09-13T10:43:18.447968+00:00,6.213983535766602,0.48342713713645935
106.6373405219997,2026-09-13T10:43:18.523645+00:00,6.212931156158447,0.501775860786438
106.69675435299996,2026-09-13T10:43:18.583061+00:00,6.211103916168213,0.5048596858978271
106.77175718499984,2026-09-13T10:43:18.658020+00:00,6.210748672485352,0.4897995591163635
106.8397451589999,2026-09-13T10:43:18.726034+00:00,6.210113525390625,0.4818354547023773
106.91045623299988,2026-09-13T10:43:18.796779+00:00,6.209831714630127,0.47399672865867615
106.99738237699967,2026-09-13T10:43:18.883684+00:00,6.209662914276123,0.46733832359313965
107.05333577200008,2026-09-13T10:43:18.939642+00:00,6.209506034851074,0.4638368487358093
107.10253783600001,2026-09-13T10:43:18.988845+00:00,6.209348678588867,0.459561288356781
107.20733574799988,2026-09-13T10:43:19.093640+00:00,6.209264755249023,0.4558826684951782
107.25325645399971,2026-09-13T10:43:19.139561+00:00,6.209141731262207,0.4521832764148712
107.3058850970001,2026-09-13T10:43:19.192193+00:00,6.209018230438232,0.4488796293735504
107.41129099699992,2026-09-13T10:43:19.297599+00:00,6.2090044021606445,0.444282203912735
107.49306653699978,2026-09-13T10:43:19.379376+00:00,6.20884895324707,0.44028738141059875
107.56536179099976,2026-09-13T10:43:19.451673+00:00,6.208646774291992,0.4364970624446869
107.61006808899992,2026-09-13T10:43:19.496370+00:00,6.208522796630859,0.4331604242324829
107.67722083499984,2026-09-13T10:43:19.563530+00:00,6.208493709564209,0.42961910367012024
107.73248758299997,2026-09-13T10:43:19.618794+00:00,6.20841646194458,0.4266592562198639
107.81635029599965,2026-09-13T10:43:19.702649+00:00,6.208425045013428,0.42318999767303467
107.89776761599978,2026-09-13T10:43:19.784075+00:00,6.208459854125977,0.4209758937358856
107.97069773999965,2026-09-13T10:43:19.857003+00:00,6.208399772644043,0.41837525367736816
108.02357429499989,2026-09-13T10:43:19.909701+00:00,6.208254814147949,0.4161798655986786
108.08369381400007,2026-09-13T10:43:19.969996+00:00,6.20808744430542,0.4139317572116852
108.17981031399995,2026-09-13T10:43:20.066031+00:00,6.2079620361328125,0.4117306172847748
108.24488990300006,2026-09-13T10:43:20.131187+00:00,6.207749366760254,0.4084520637989044
108.31208034599968,2026-09-13T10:43:20.198385+00:00,6.207528114318848,0.4057590961456299
108.37810447799984,2026-09-13T10:43:20.264408+00:00,6.207352638244629,0.4037523865699768
108.49820437399967,2026-09-13T10:43:20.384525+00:00,6.207215785980225,0.40176817774772644
108.5256641420001,2026-09-13T10:43:20.411970+00:00,6.207067012786865,0.39973941445350647
108.6062343929998,2026-09-13T10:43:20.492551+00:00,6.206877708435059,0.39768534898757935
108.65860347599983,2026-09-13T10:43:20.544903+00:00,6.206758499145508,0.39594340324401855
108.72638667499996,2026-09-13T10:43:20.612690+00:00,6.2066779136657715,0.39554649591445923
108.80598377399974,2026-09-13T10:43:20.692287+00:00,6.206676483154297,0.3950267732143402
108.90400584200006,2026-09-13T10:43:20.790306+00:00,6.206646919250488,0.3944056034088135
108.95725469799982,2026-09-13T10:43:20.843569+00:00,6.206565856933594,0.39344239234924316
109.02447029399991,2026-09-13T10:43:20.910773+00:00,6.206410884857178,0.3922458291053772
109.08619191399976,2026-09-13T10:43:20.972496+00:00,6.205893516540527,0.4087234139442444
109.12719296799969,2026-09-13T10:43:21.013497+00:00,6.205674171447754,0.42967453598976135
109.24998469799993,2026-09-13T10:43:21.136288+00:00,6.20452880859375,0.44913342595100403
109.30206151499988,2026-09-13T10:43:21.188369+00:00,6.203412055969238,0.4645055830478668
109.37581960199986,2026-09-13T10:43:21.262119+00:00,6.201659202575684,0.48270919919013977
109.42929534599989,2026-09-13T10:43:21.315604+00:00,6.20015811920166,0.4989163875579834
109.5049471289999,2026-09-13T10:43:21.391247+00:00,6.198564052581787,0.517500638961792
109.58561434300009,2026-09-13T10:43:21.471925+00:00,6.197482109069824,0.5356706380844116
109.65348039299988,2026-09-13T10:43:21.539793+00:00,6.196797847747803,0.5540591478347778
109.70197955399999,2026-09-13T10:43:21.588284+00:00,6.196719646453857,0.5718784928321838
109.80974031699998,2026-09-13T10:43:21.696056+00:00,6.196925163269043,0.5910438299179077
109.86605730799965,2026-09-13T10:43:21.752352+00:00,6.197003364562988,0.6072438955307007
109.9284202609997,2026-09-13T10:43:21.814723+00:00,6.197948932647705,0.6020314693450928
110.00956336399986,2026-09-13T10:43:21.895863+00:00,6.199453353881836,0.5892776250839233
110.0566522690001,2026-09-13T10:43:21.942941+00:00,6.200492858886719,0.5784870982170105
110.13450815799979,2026-09-13T10:43:22.020814+00:00,6.201301097869873,0.5668112635612488
110.17944880000005,2026-09-13T10:43:22.065748+00:00,6.201143741607666,0.5554928779602051
110.31566168399968,2026-09-13T10:43:22.201980+00:00,6.200715065002441,0.5437731146812439
110.34608862300001,2026-09-13T10:43:22.232396+00:00,6.200235366821289,0.5377827882766724
110.3812602969997,2026-09-13T10:43:22.267561+00:00,6.1996331214904785,0.5309591889381409
110.45547871999997,2026-09-13T10:43:22.341523+00:00,6.199018955230713,0.5242174863815308
110.52091976099973,2026-09-13T10:43:22.407220+00:00,6.1984968185424805,0.5204163193702698
110.63797299499993,2026-09-13T10:43:22.524288+00:00,6.1979780197143555,0.5169224739074707
110.73603634399979,2026-09-13T10:43:22.622339+00:00,6.197697639465332,0.5142393708229065
110.78541790300005,2026-09-13T10:43:22.671724+00:00,6.19731330871582,0.5107914209365845
110.84347555999966,2026-09-13T10:43:22.729774+00:00,6.196997165679932,0.5085927248001099
110.92387332599992,2026-09-13T10:43:22.810192+00:00,6.196603298187256,0.5061867237091064
110.9783958879998,2026-09-13T10:43:22.864702+00:00,6.196321487426758,0.5037428140640259
111.0427429399997,2026-09-13T10:43:22.929047+00:00,6.196096420288086,0.5012868642807007
111.1341427389998,2026-09-13T10:43:23.020463+00:00,6.195919990539551,0.4986817240715027
111.18091496199986,2026-09-13T10:43:23.067212+00:00,6.195775508880615,0.4971220791339874
111.26249807899967,2026-09-13T10:43:23.148820+00:00,6.195666790008545,0.49536728858947754
111.31364817699978,2026-09-13T10:43:23.199954+00:00,6.195562839508057,0.49349692463874817
111.39880424600005,2026-09-13T10:43:23.285108+00:00,6.195490837097168,0.49168312549591064
111.46564302999968,2026-09-13T10:43:23.351948+00:00,6.195349216461182,0.4902288019657135
111.52009512599989,2026-09-13T10:43:23.406399+00:00,6.195185661315918,0.4887307286262512
111.59893440699989,2026-09-13T10:43:23.485234+00:00,6.19504451751709,0.4873613715171814
111.6570235539998,2026-09-13T10:43:23.543325+00:00,6.194952964782715,0.48557332158088684
111.74341633599988,2026-09-13T10:43:23.629721+00:00,6.1949310302734375,0.48385387659072876
111.82202828199979,2026-09-13T10:43:23.708337+00:00,6.194879055023193,0.48224133253097534
111.87269279599968,2026-09-13T10:43:23.758998+00:00,6.194852828979492,0.48061785101890564
111.939383894,2026-09-13T10:43:23.825698+00:00,6.194748401641846,0.47897160053253174
112.03262887399978,2026-09-13T10:43:23.918930+00:00,6.194676876068115,0.477165549993515
112.10315043699984,2026-09-13T10:43:23.989382+00:00,6.194602966308594,0.47541874647140503
112.16983023900002,2026-09-13T10:43:24.056134+00:00,6.194570064544678,0.4748556315898895
112.24681733099987,2026-09-13T10:43:24.133119+00:00,6.1945295333862305,0.4738640785217285
112.29667794499983,2026-09-13T10:43:24.182976+00:00,6.194518566131592,0.47213640809059143
112.39885938499992,2026-09-13T10:43:24.285166+00:00,6.194443702697754,0.47043249011039734
112.45439001299974,2026-09-13T10:43:24.340708+00:00,6.19433069229126,0.4684833884239197
112.51154747999999,2026-09-13T10:43:24.397849+00:00,6.194195747375488,0.46657657623291016
112.58186164399967,2026-09-13T10:43:24.468180+00:00,6.194100856781006,0.4647792875766754
112.64850080499991,2026-09-13T10:43:24.534808+00:00,6.194052696228027,0.4631555378437042
112.7160024269997,2026-09-13T10:43:24.602301+00:00,6.19391393661499,0.46176430583000183
112.79830416000004,2026-09-13T10:43:24.684620+00:00,6.1938395500183105,0.46022820472717285
112.86293640599979,2026-09-13T10:43:24.749190+00:00,6.1937432289123535,0.45939281582832336
112.93947516199978,2026-09-13T10:43:24.825780+00:00,6.193643569946289,0.45837023854255676
112.9955038549997,2026-09-13T10:43:24.881789+00:00,6.193613052368164,0.4572099447250366
113.05670113799988,2026-09-13T10:43:24.942983+00:00,6.1935811042785645,0.45613235235214233
113.15871713199977,2026-09-13T10:43:25.045018+00:00,6.193609714508057,0.4554407000541687
113.22453431299982,2026-09-13T10:43:25.110835+00:00,6.193652629852295,0.45448118448257446
113.29317325300008,2026-09-13T10:43:25.179485+00:00,6.193627834320068,0.4527633488178253
113.34244194299981,2026-09-13T10:43:25.228750+00:00,6.1935715675354,0.45162585377693176
113.42961529600007,2026-09-13T10:43:25.315922+00:00,6.19346284866333,0.4499188959598541
113.52947614599998,2026-09-13T10:43:25.415778+00:00,6.193348407745361,0.4482271671295166
113.5700116160001,2026-09-13T10:43:25.456315+00:00,6.19329309463501,0.4466938078403473
113.6349536319999,2026-09-13T10:43:25.521259+00:00,6.193274021148682,0.44500255584716797
113.74523502300008,2026-09-13T10:43:25.631542+00:00,6.193321228027344,0.4438317120075226
113.77925792299993,2026-09-13T10:43:25.665555+00:00,6.193343162536621,0.4428865909576416
113.84564894699997,2026-09-13T10:43:25.731945+00:00,6.193352699279785,0.44208312034606934
113.92212773399979,2026-09-13T10:43:25.808449+00:00,6.193414688110352,0.4412732720375061
113.99020143799999,2026-09-13T10:43:25.876508+00:00,6.193504333496094,0.44074270129203796
114.06908174499995,2026-09-13T10:43:25.955387+00:00,6.193637371063232,0.4401366710662842
114.12233360999971,2026-09-13T10:43:26.008632+00:00,6.194034576416016,0.43956446647644043
114.20522317099994,2026-09-13T10:43:26.091528+00:00,6.193603515625,0.45775312185287476
114.28084861699972,2026-09-13T10:43:26.167149+00:00,6.193653106689453,0.48132002353668213
114.33969730799981,2026-09-13T10:43:26.226003+00:00,6.193310260772705,0.4979099929332733
114.4044099079997,2026-09-13T10:43:26.290690+00:00,6.192929744720459,0.5156472325325012
114.4817222910001,2026-09-13T10:43:26.368027+00:00,6.1926116943359375,0.5352649092674255
114.52787935700007,2026-09-13T10:43:26.414179+00:00,6.192972183227539,0.5541390776634216
114.58758878199978,2026-09-13T10:43:26.473895+00:00,6.1943559646606445,0.5720012187957764
114.68448335599987,2026-09-13T10:43:26.570790+00:00,6.198838233947754,0.6025207042694092
114.74272533999965,2026-09-13T10:43:26.629034+00:00,6.199699878692627,0.6240445971488953
114.80694627499997,2026-09-13T10:43:26.693252+00:00,6.200291156768799,0.6519458889961243
114.86201333600002,2026-09-13T10:43:26.748318+00:00,6.2009100914001465,0.6695215106010437
114.95482466999965,2026-09-13T10:43:26.841120+00:00,6.200594425201416,0.6550460457801819
115.01456532799966,2026-09-13T10:43:26.900868+00:00,6.201972484588623,0.6485301852226257
115.11169462999987,2026-09-13T10:43:26.998000+00:00,6.201076507568359,0.6513541340827942
115.17897640399997,2026-09-13T10:43:27.065280+00:00,6.201090335845947,0.655990719795227
115.26134277999972,2026-09-13T10:43:27.147646+00:00,6.20192289352417,0.6546401977539062
115.30703893500004,2026-09-13T10:43:27.193355+00:00,6.201037883758545,0.6493866443634033
115.36909151000009,2026-09-13T10:43:27.255397+00:00,6.200191497802734,0.6464695930480957
115.4491937140001,2026-09-13T10:43:27.335496+00:00,6.199831485748291,0.6444352865219116
115.53304788299965,2026-09-13T10:43:27.419352+00:00,6.199798583984375,0.6432117819786072
115.58840148199988,2026-09-13T10:43:27.474704+00:00,6.199843406677246,0.6427761316299438
115.67278808499987,2026-09-13T10:43:27.559093+00:00,6.199788570404053,0.6429122686386108
115.72902689800003,2026-09-13T10:43:27.615334+00:00,6.199711322784424,0.642280101776123
115.81762215399976,2026-09-13T10:43:27.703926+00:00,6.199902057647705,0.6351054906845093
115.91364972299971,2026-09-13T10:43:27.799954+00:00,6.199513912200928,0.6119950413703918
115.96050710100008,2026-09-13T10:43:27.846809+00:00,6.198337078094482,0.5889126658439636
116.02457913599983,2026-09-13T10:43:27.910899+00:00,6.196756839752197,0.5670962929725647
116.1042154679999,2026-09-13T10:43:27.990519+00:00,6.195211887359619,0.5489038228988647
116.16686473499976,2026-09-13T10:43:28.053168+00:00,6.193690299987793,0.5284386873245239
116.244037209,2026-09-13T10:43:28.130340+00:00,6.192630767822266,0.512342095375061
116.31862514799968,2026-09-13T10:43:28.204927+00:00,6.191171169281006,0.5127472877502441
116.39300079199984,2026-09-13T10:43:28.279313+00:00,6.1905717849731445,0.5190514326095581
116.43297829099993,2026-09-13T10:43:28.319281+00:00,6.190508842468262,0.5215698480606079
116.52866632899986,2026-09-13T10:43:28.414982+00:00,6.1906609535217285,0.5234017372131348
116.56814454799996,2026-09-13T10:43:28.454448+00:00,6.190690040588379,0.525519073009491
116.65804448800009,2026-09-13T10:43:28.544344+00:00,6.190606117248535,0.5265030860900879
116.72505982199982,2026-09-13T10:43:28.611350+00:00,6.190606117248535,0.5271226167678833
116.81800699999985,2026-09-13T10:43:28.704314+00:00,6.190692901611328,0.527460515499115
116.85193530399965,2026-09-13T10:43:28.738117+00:00,6.190784454345703,0.5283312201499939
116.88991705699982,2026-09-13T10:43:28.776223+00:00,6.190859794616699,0.5288649797439575
116.98558573399987,2026-09-13T10:43:28.871888+00:00,6.190915584564209,0.5291323661804199
117.07416767799987,2026-09-13T10:43:28.960471+00:00,6.19089937210083,0.5297102332115173
117.14162603499972,2026-09-13T10:43:29.027939+00:00,6.190934658050537,0.5298041105270386
117.21313543799988,2026-09-13T10:43:29.099442+00:00,6.190903186798096,0.5298661589622498
117.27973894999968,2026-09-13T10:43:29.166017+00:00,6.1909074783325195,0.5301103591918945
117.36148232899995,2026-09-13T10:43:29.247797+00:00,6.190954208374023,0.5300997495651245
117.4169970529997,2026-09-13T10:43:29.303265+00:00,6.1909708976745605,0.5301229953765869
117.48605507899993,2026-09-13T10:43:29.372360+00:00,6.190954685211182,0.5303141474723816
117.56992915299998,2026-09-13T10:43:29.456231+00:00,6.1909403800964355,0.5304770469665527
117.63117686899977,2026-09-13T10:43:29.517481+00:00,6.190998077392578,0.530504584312439
117.68792651400008,2026-09-13T10:43:29.574232+00:00,6.1909613609313965,0.5305863618850708
117.74304909700004,2026-09-13T10:43:29.629330+00:00,6.190973281860352,0.5306680798530579
117.83257804899995,2026-09-13T10:43:29.718884+00:00,6.191100597381592,0.5305324792861938
117.90477912400002,2026-09-13T10:43:29.791091+00:00,6.191092491149902,0.5305339694023132
117.96592690099988,2026-09-13T10:43:29.852248+00:00,6.191007614135742,0.5307791829109192
118.03901178099977,2026-09-13T10:43:29.925315+00:00,6.191091537475586,0.5306733846664429
118.11329990199965,2026-09-13T10:43:29.999601+00:00,6.191132545471191,0.5306426286697388
118.16775219100009,2026-09-13T10:43:30.054038+00:00,6.19111442565918,0.5308437943458557
118.23922850600002,2026-09-13T10:43:30.125529+00:00,6.191061496734619,0.5309310555458069
118.32305291400007,2026-09-13T10:43:30.209357+00:00,6.1911773681640625,0.5307786464691162
118.39299852199974,2026-09-13T10:43:30.279317+00:00,6.191195011138916,0.5308452248573303
118.46629633699968,2026-09-13T10:43:30.352601+00:00,6.191164970397949,0.5308578610420227
118.54673237599991,2026-09-13T10:43:30.433035+00:00,6.191189289093018,0.5308402180671692
118.61219088999997,2026-09-13T10:43:30.498487+00:00,6.191147327423096,0.5308734178543091
118.66578276499968,2026-09-13T10:43:30.552087+00:00,6.1911163330078125,0.5308973789215088
118.7271989349997,2026-09-13T10:43:30.613500+00:00,6.191169261932373,0.5308881998062134
118.78755500499983,2026-09-13T10:43:30.673856+00:00,6.19123649597168,0.5309852361679077
118.86509641899966,2026-09-13T10:43:30.751417+00:00,6.191518306732178,0.5312010049819946
118.95664707099968,2026-09-13T10:43:30.842947+00:00,6.191650390625,0.5132797360420227
119.00755895199973,2026-09-13T10:43:30.893875+00:00,6.1909637451171875,0.49349597096443176
119.113026902,2026-09-13T10:43:30.999332+00:00,6.19018030166626,0.47768184542655945
119.1627946489998,2026-09-13T10:43:31.049102+00:00,6.188896656036377,0.4597489535808563
119.24153063199992,2026-09-13T10:43:31.127832+00:00,6.187664031982422,0.443215936422348
119.32003399799987,2026-09-13T10:43:31.206339+00:00,6.186046123504639,0.42415136098861694
119.38241919199982,2026-09-13T10:43:31.268725+00:00,6.184698104858398,0.40727946162223816
119.44012310900007,2026-09-13T10:43:31.326424+00:00,6.183621883392334,0.3890484869480133
119.49935597400008,2026-09-13T10:43:31.385661+00:00,6.182787895202637,0.3719479441642761
119.58323519999976,2026-09-13T10:43:31.469542+00:00,6.182181358337402,0.35308781266212463
119.6422337529998,2026-09-13T10:43:31.528540+00:00,6.18166446685791,0.3351903557777405
119.73312079800007,2026-09-13T10:43:31.619429+00:00,6.18101167678833,0.3146114945411682
119.80160418099968,2026-09-13T10:43:31.687911+00:00,6.180403232574463,0.29811540246009827
119.87140946399995,2026-09-13T10:43:31.757727+00:00,6.180487155914307,0.2596417963504791
119.90751560099989,2026-09-13T10:43:31.793818+00:00,6.179125785827637,0.2113274782896042
120.02067571299995,2026-09-13T10:43:31.906995+00:00,6.178047180175781,0.18038617074489594
120.07689420399993,2026-09-13T10:43:31.963195+00:00,6.177963733673096,0.16364015638828278
120.14803137199988,2026-09-13T10:43:32.034334+00:00,6.1783928871154785,0.14840321242809296
120.21349279700007,2026-09-13T10:43:32.099799+00:00,6.1794891357421875,0.13103121519088745
120.27543019999985,2026-09-13T10:43:32.161732+00:00,6.180988311767578,0.10954003036022186
120.35378924199995,2026-09-13T10:43:32.240093+00:00,6.183402061462402,0.0905286893248558
120.42730408899979,2026-09-13T10:43:32.313610+00:00,6.185666084289551,0.07523338496685028
120.46051256100009,2026-09-13T10:43:32.346821+00:00,6.187188148498535,0.061690714210271835
120.54110588599997,2026-09-13T10:43:32.427377+00:00,6.188252925872803,0.04509714990854263
120.64230911599998,2026-09-13T10:43:32.528618+00:00,6.189039707183838,0.030095944181084633
120.6976351620001,2026-09-13T10:43:32.583941+00:00,6.1897125244140625,0.014149285852909088
120.75778104899973,2026-09-13T10:43:32.644086+00:00,6.190216541290283,-0.000569501833524555
120.84742632500001,2026-09-13T10:43:32.733730+00:00,6.190771102905273,-0.015030120499432087
120.90297788199996,2026-09-13T10:43:32.789285+00:00,6.190790176391602,-0.027289174497127533
120.98982917600006,2026-09-13T10:43:32.876136+00:00,6.19025182723999,-0.04346862807869911
121.07150423299981,2026-09-13T10:43:32.957812+00:00,6.1898040771484375,-0.05591113492846489
121.1225833200001,2026-09-13T10:43:33.008897+00:00,6.189230918884277,-0.07099410146474838
121.20862821899982,2026-09-13T10:43:33.094916+00:00,6.1887431144714355,-0.08350667357444763
121.27486855000006,2026-09-13T10:43:33.161177+00:00,6.188477039337158,-0.09651363641023636
121.35530106899978,2026-09-13T10:43:33.241603+00:00,6.188417911529541,-0.1096382662653923
121.43095176399993,2026-09-13T10:43:33.317252+00:00,6.1884870529174805,-0.12772983312606812
121.47767332900003,2026-09-13T10:43:33.363979+00:00,6.188621997833252,-0.14430208504199982
121.5716897909997,2026-09-13T10:43:33.457991+00:00,6.18864631652832,-0.16067653894424438
121.62519955199969,2026-09-13T10:43:33.511499+00:00,6.188732147216797,-0.17452873289585114
121.69393635100005,2026-09-13T10:43:33.580236+00:00,6.188676834106445,-0.18926037847995758
121.74093248600002,2026-09-13T10:43:33.627238+00:00,6.1882548332214355,-0.2063702940940857
121.80104282000002,2026-09-13T10:43:33.687348+00:00,6.187960624694824,-0.22573687136173248
121.89390945099967,2026-09-13T10:43:33.780205+00:00,6.187607288360596,-0.2426738739013672
121.97774073999972,2026-09-13T10:43:33.864026+00:00,6.18752384185791,-0.2593466341495514
122.03182610399972,2026-09-13T10:43:33.918132+00:00,6.187314987182617,-0.2786988914012909
122.12063298299972,2026-09-13T10:43:34.006936+00:00,6.186699390411377,-0.299251914024353
122.18429921300003,2026-09-13T10:43:34.070597+00:00,6.185325622558594,-0.3257310390472412
122.2608505129997,2026-09-13T10:43:34.147158+00:00,6.18356990814209,-0.3629150688648224
122.34043513200004,2026-09-13T10:43:34.226731+00:00,6.183785438537598,-0.39730027318000793
122.41090942899973,2026-09-13T10:43:34.297215+00:00,6.184080123901367,-0.42508137226104736
122.47148473900006,2026-09-13T10:43:34.357784+00:00,6.183776378631592,-0.4568098485469818
122.5227738489998,2026-09-13T10:43:34.409092+00:00,6.185661315917969,-0.48017123341560364
122.59531064699968,2026-09-13T10:43:34.481615+00:00,6.186369895935059,-0.5006579160690308
122.67635009900005,2026-09-13T10:43:34.562647+00:00,6.186828136444092,-0.5215782523155212
122.75156330699974,2026-09-13T10:43:34.637846+00:00,6.186568260192871,-0.5422453284263611
122.80307210399997,2026-09-13T10:43:34.689375+00:00,6.18716287612915,-0.5615612864494324
122.88548401799972,2026-09-13T10:43:34.771802+00:00,6.186285495758057,-0.5841108560562134
122.97503082599997,2026-09-13T10:43:34.861337+00:00,6.184448719024658,-0.6073634028434753
123.02059856100004,2026-09-13T10:43:34.906903+00:00,6.183037281036377,-0.6311208009719849
123.07159934099991,2026-09-13T10:43:34.957907+00:00,6.181665420532227,-0.663077175617218
123.16962224200006,2026-09-13T10:43:35.055927+00:00,6.182071208953857,-0.6859821081161499
123.22259838499986,2026-09-13T10:43:35.108904+00:00,6.183746337890625,-0.7040675282478333
123.3025707920001,2026-09-13T10:43:35.188873+00:00,6.184838771820068,-0.7266574501991272
123.37689612999975,2026-09-13T10:43:35.263197+00:00,6.183355808258057,-0.7476655840873718
123.43882185299981,2026-09-13T10:43:35.325122+00:00,6.185327053070068,-0.7727509140968323
123.51075325500005,2026-09-13T10:43:35.397056+00:00,6.187096118927002,-0.7979889512062073
123.5594741519999,2026-09-13T10:43:35.445781+00:00,6.188119411468506,-0.8068205714225769
123.64618144099995,2026-09-13T10:43:35.532488+00:00,6.189077377319336,-0.8049318790435791
123.69999613999971,2026-09-13T10:43:35.586298+00:00,6.189520835876465,-0.8026993870735168
123.801843104,2026-09-13T10:43:35.688144+00:00,6.190105438232422,-0.7991651296615601
123.87590584200007,2026-09-13T10:43:35.762196+00:00,6.190357685089111,-0.7977820038795471
123.93211502099985,2026-09-13T10:43:35.818418+00:00,6.190399169921875,-0.797600269317627
124.00400523799999,2026-09-13T10:43:35.890326+00:00,6.190366268157959,-0.7972686886787415
124.07642676799969,2026-09-13T10:43:35.962730+00:00,6.19035005569458,-0.7968432307243347
124.13965189400005,2026-09-13T10:43:36.025957+00:00,6.190373420715332,-0.7966033220291138
124.20808881099993,2026-09-13T10:43:36.094393+00:00,6.190395832061768,-0.796269416809082
124.30820467800004,2026-09-13T10:43:36.194506+00:00,6.190391540527344,-0.7960834503173828
124.36747239099986,2026-09-13T10:43:36.253780+00:00,6.190433979034424,-0.7960065007209778
124.46146779699984,2026-09-13T10:43:36.347784+00:00,6.1904683113098145,-0.7958711385726929
124.51603356099986,2026-09-13T10:43:36.402335+00:00,6.190467834472656,-0.7956451773643494
124.55831661000002,2026-09-13T10:43:36.444595+00:00,6.190481662750244,-0.7955310344696045
124.64235545699967,2026-09-13T10:43:36.528659+00:00,6.190572261810303,-0.7953585386276245
124.69826552299992,2026-09-13T10:43:36.584566+00:00,6.190619945526123,-0.7951251268386841
124.8001723289999,2026-09-13T10:43:36.686488+00:00,6.190661430358887,-0.7950986623764038
124.85454634300004,2026-09-13T10:43:36.740866+00:00,6.190704822540283,-0.7951563596725464
124.89917036599991,2026-09-13T10:43:36.785470+00:00,6.190680027008057,-0.7950174808502197
124.98362433200009,2026-09-13T10:43:36.869931+00:00,6.190685749053955,-0.7948579788208008
125.05020076999972,2026-09-13T10:43:36.936506+00:00,6.190755844116211,-0.7949276566505432
125.1206731469997,2026-09-13T10:43:37.006976+00:00,6.190821647644043,-0.7948424816131592
125.18274185099972,2026-09-13T10:43:37.069046+00:00,6.190773963928223,-0.7945341467857361
125.26828090899971,2026-09-13T10:43:37.154591+00:00,6.190791606903076,-0.7946597933769226
125.3119858289997,2026-09-13T10:43:37.198290+00:00,6.190849781036377,-0.7947121858596802
125.40763773799972,2026-09-13T10:43:37.293939+00:00,6.190801620483398,-0.794454038143158
125.46873773700008,2026-09-13T10:43:37.355036+00:00,6.190776348114014,-0.7944504618644714
125.54428951699992,2026-09-13T10:43:37.430592+00:00,6.190832614898682,-0.7946173548698425
125.6167862819998,2026-09-13T10:43:37.503089+00:00,6.190815448760986,-0.7943639159202576
125.66347530199982,2026-09-13T10:43:37.549791+00:00,6.190800189971924,-0.7944301962852478
125.72772523100002,2026-09-13T10:43:37.614010+00:00,6.190855026245117,-0.7946265935897827
125.82451916199989,2026-09-13T10:43:37.710813+00:00,6.190829277038574,-0.794427216053009
125.92096946499987,2026-09-13T10:43:37.807284+00:00,6.190799713134766,-0.7944136261940002
125.95968042599998,2026-09-13T10:43:37.845986+00:00,6.190877437591553,-0.7945467829704285
126.01401767099969,2026-09-13T10:43:37.900312+00:00,6.190885066986084,-0.7944884896278381
126.08453664099989,2026-09-13T10:43:37.970851+00:00,6.190767288208008,-0.7942770719528198
126.16711985599977,2026-09-13T10:43:38.053425+00:00,6.190808296203613,-0.7943031787872314
126.2419350350001,2026-09-13T10:43:38.128258+00:00,6.190816879272461,-0.7945038080215454
126.30222809499992,2026-09-13T10:43:38.188533+00:00,6.1907854080200195,-0.7940751910209656
126.36662439699967,2026-09-13T10:43:38.252922+00:00,6.1908040046691895,-0.7942017316818237
126.44156565999992,2026-09-13T10:43:38.327867+00:00,6.190850734710693,-0.7942528128623962
126.50092409599984,2026-09-13T10:43:38.387225+00:00,6.190759658813477,-0.7941068410873413
126.58068440099987,2026-09-13T10:43:38.466980+00:00,6.190789222717285,-0.7941060066223145
126.65734172099974,2026-09-13T10:43:38.543640+00:00,6.190855979919434,-0.794269323348999
126.72604987899967,2026-09-13T10:43:38.612353+00:00,6.190832138061523,-0.794038712978363
126.8037799079998,2026-09-13T10:43:38.690080+00:00,6.190849781036377,-0.7940189838409424
126.87363357599997,2026-09-13T10:43:38.759941+00:00,6.190905570983887,-0.7940713763237
126.94510413099988,2026-09-13T10:43:38.831411+00:00,6.190913677215576,-0.7939829230308533
127.01322788499965,2026-09-13T10:43:38.899531+00:00,6.190838813781738,-0.7936577200889587
127.0724247170001,2026-09-13T10:43:38.958725+00:00,6.190873622894287,-0.793822705745697
127.13811811799997,2026-09-13T10:43:39.024423+00:00,6.190915107727051,-0.7937738299369812
127.21423804400001,2026-09-13T10:43:39.100544+00:00,6.1908769607543945,-0.7936388254165649
127.28161950200001,2026-09-13T10:43:39.167923+00:00,6.190913677215576,-0.7936932444572449
127.35167320899973,2026-09-13T10:43:39.237991+00:00,6.190948486328125,-0.793778657913208
127.39116336400002,2026-09-13T10:43:39.277484+00:00,6.19088077545166,-0.7934353947639465
127.47482562300002,2026-09-13T10:43:39.361127+00:00,6.19090461730957,-0.7934658527374268
127.57947722499966,2026-09-13T10:43:39.465782+00:00,6.190980911254883,-0.7934108376502991
127.62505814399992,2026-09-13T10:43:39.511360+00:00,6.191006183624268,-0.7931125164031982
127.71397286699994,2026-09-13T10:43:39.599951+00:00,6.191084384918213,-0.7931243181228638
127.76792699499993,2026-09-13T10:43:39.654230+00:00,6.191169261932373,-0.792826771736145
127.83838279599968,2026-09-13T10:43:39.724680+00:00,6.191254615783691,-0.7926738858222961
127.90245646299991,2026-09-13T10:43:39.788765+00:00,6.191263675689697,-0.792360246181488
127.97092672500003,2026-09-13T10:43:39.857232+00:00,6.191371440887451,-0.7921075224876404
128.0378075579997,2026-09-13T10:43:39.924112+00:00,6.191416263580322,-0.7921475172042847
128.11966962799988,2026-09-13T10:43:40.005976+00:00,6.191472053527832,-0.7919149398803711
128.19758967899998,2026-09-13T10:43:40.083891+00:00,6.191445350646973,-0.7918619513511658
128.26664988099992,2026-09-13T10:43:40.152950+00:00,6.191441059112549,-0.7918661832809448
128.33018964199982,2026-09-13T10:43:40.216505+00:00,6.191466808319092,-0.7916311025619507
128.3838841769998,2026-09-13T10:43:40.270187+00:00,6.191562652587891,-0.7916032075881958
128.48281309100003,2026-09-13T10:43:40.369118+00:00,6.191624641418457,-0.7917858362197876
128.55765095900006,2026-09-13T10:43:40.443945+00:00,6.191581726074219,-0.7915046215057373
128.607198187,2026-09-13T10:43:40.493503+00:00,6.191591739654541,-0.7915785908699036
128.6870934399999,2026-09-13T10:43:40.573398+00:00,6.191609859466553,-0.7917047739028931
128.7433525409997,2026-09-13T10:43:40.629657+00:00,6.191532611846924,-0.791488528251648
128.83423907399992,2026-09-13T10:43:40.720560+00:00,6.191509246826172,-0.7914165258407593
128.91108900900008,2026-09-13T10:43:40.797395+00:00,6.191722393035889,-0.7692883014678955
128.95016030199986,2026-09-13T10:43:40.836463+00:00,6.191433906555176,-0.744547963142395
129.03127524399997,2026-09-13T10:43:40.917575+00:00,6.190983772277832,-0.7220462560653687
129.11761042399985,2026-09-13T10:43:41.003915+00:00,6.191236972808838,-0.7007629871368408
129.18484602099988,2026-09-13T10:43:41.071154+00:00,6.192385673522949,-0.675773024559021
129.25269594199972,2026-09-13T10:43:41.138999+00:00,6.194367408752441,-0.6534141898155212
129.28757371899974,2026-09-13T10:43:41.173875+00:00,6.1967244148254395,-0.6311176419258118
129.39550434300008,2026-09-13T10:43:41.281704+00:00,6.199398517608643,-0.6074738502502441
129.4613686939997,2026-09-13T10:43:41.347667+00:00,6.201809883117676,-0.5852774381637573
129.53702617299996,2026-09-13T10:43:41.423339+00:00,6.203863620758057,-0.5639099478721619
129.59175120600003,2026-09-13T10:43:41.478068+00:00,6.205473899841309,-0.5424584150314331
129.67643081100005,2026-09-13T10:43:41.562724+00:00,6.207170486450195,-0.5186734795570374
129.72439369799986,2026-09-13T10:43:41.610680+00:00,6.2085700035095215,-0.4999382197856903
129.81690774199978,2026-09-13T10:43:41.703192+00:00,6.210221290588379,-0.47959139943122864
129.87773240399974,2026-09-13T10:43:41.764038+00:00,6.211695671081543,-0.4605678617954254
129.92331421900008,2026-09-13T10:43:41.809615+00:00,6.213059902191162,-0.4421907365322113
130.022968022,2026-09-13T10:43:41.909272+00:00,6.21413516998291,-0.42349469661712646
130.09637144099997,2026-09-13T10:43:41.982663+00:00,6.21500301361084,-0.40589046478271484
130.16870148099997,2026-09-13T10:43:42.055019+00:00,6.215885162353516,-0.3885839283466339
130.1924135710001,2026-09-13T10:43:42.078720+00:00,6.216790676116943,-0.3731647729873657
130.28667436099977,2026-09-13T10:43:42.172993+00:00,6.217168807983398,-0.3595581352710724
130.35358997899993,2026-09-13T10:43:42.239904+00:00,6.217319488525391,-0.3439551591873169
130.43050247599967,2026-09-13T10:43:42.316805+00:00,6.216760635375977,-0.3290463387966156
130.4818169639998,2026-09-13T10:43:42.368122+00:00,6.216350555419922,-0.3150326907634735
130.54882109699975,2026-09-13T10:43:42.435125+00:00,6.215620994567871,-0.30042627453804016
130.64811539999982,2026-09-13T10:43:42.532735+00:00,6.215249538421631,-0.28672417998313904
130.71720533000007,2026-09-13T10:43:42.603508+00:00,6.214488506317139,-0.2862127423286438
130.77492950399983,2026-09-13T10:43:42.661236+00:00,6.213092803955078,-0.30127137899398804
130.87210069599996,2026-09-13T10:43:42.758399+00:00,6.2127275466918945,-0.3108767867088318
130.9417180370001,2026-09-13T10:43:42.828017+00:00,6.212512016296387,-0.31818461418151855
131.00525232499967,2026-09-13T10:43:42.891560+00:00,6.212497711181641,-0.32433146238327026
131.1126801810001,2026-09-13T10:43:42.998985+00:00,6.212627410888672,-0.3300992548465729
131.14343746699979,2026-09-13T10:43:43.029742+00:00,6.21287202835083,-0.3351305425167084
131.2105193309999,2026-09-13T10:43:43.096822+00:00,6.213192462921143,-0.3396839201450348
131.291363799,2026-09-13T10:43:43.175266+00:00,6.2134881019592285,-0.3436555862426758
131.3532420649999,2026-09-13T10:43:43.239552+00:00,6.213768482208252,-0.34722238779067993
131.42377076399998,2026-09-13T10:43:43.310073+00:00,6.214035511016846,-0.3515082895755768
131.45632292599976,2026-09-13T10:43:43.342636+00:00,6.2143330574035645,-0.3551423251628876
131.54375471999992,2026-09-13T10:43:43.430029+00:00,6.2146525382995605,-0.3577653765678406
131.62079074099984,2026-09-13T10:43:43.507079+00:00,6.215030670166016,-0.3604639768600464
131.6975858259998,2026-09-13T10:43:43.583889+00:00,6.215328216552734,-0.36312252283096313
131.75690288499982,2026-09-13T10:43:43.643209+00:00,6.215534687042236,-0.36494287848472595
131.85100107800008,2026-09-13T10:43:43.737304+00:00,6.2156195640563965,-0.36734917759895325
131.89842394700008,2026-09-13T10:43:43.784726+00:00,6.215774059295654,-0.3694709241390228
131.98055002699994,2026-09-13T10:43:43.866856+00:00,6.215960502624512,-0.37139564752578735
132.06751361199986,2026-09-13T10:43:43.953833+00:00,6.216134548187256,-0.37350499629974365
132.12279924099994,2026-09-13T10:43:44.009107+00:00,6.216207027435303,-0.37445250153541565
132.17045491699992,2026-09-13T10:43:44.056757+00:00,6.216233253479004,-0.3750268816947937
132.23259984700007,2026-09-13T10:43:44.118906+00:00,6.216231822967529,-0.3763304352760315
132.31992021299993,2026-09-13T10:43:44.206192+00:00,6.216220378875732,-0.37719202041625977
132.40735351099966,2026-09-13T10:43:44.293660+00:00,6.216296195983887,-0.37756797671318054
132.4766921219998,2026-09-13T10:43:44.362999+00:00,6.216308116912842,-0.3779567778110504
132.55085841499977,2026-09-13T10:43:44.437158+00:00,6.216256141662598,-0.37685561180114746
132.58629432199996,2026-09-13T10:43:44.470812+00:00,6.216978073120117,-0.3566177487373352
132.66357988699974,2026-09-13T10:43:44.549885+00:00,6.217655181884766,-0.3320322632789612
132.74107144399977,2026-09-13T10:43:44.627374+00:00,6.217194080352783,-0.3170335590839386
132.837693081,2026-09-13T10:43:44.724000+00:00,6.216991424560547,-0.3018447160720825
132.894364452,2026-09-13T10:43:44.780664+00:00,6.216419696807861,-0.28575828671455383
132.9339520819999,2026-09-13T10:43:44.820259+00:00,6.21548318862915,-0.2710377871990204
133.00297081100007,2026-09-13T10:43:44.889277+00:00,6.214895248413086,-0.257021427154541
133.09636741199984,2026-09-13T10:43:44.982669+00:00,6.213986396789551,-0.2406933605670929
133.1618019560001,2026-09-13T10:43:45.048065+00:00,6.213484287261963,-0.22492153942584991
133.21229235200008,2026-09-13T10:43:45.098591+00:00,6.212881565093994,-0.2108294516801834
133.33710565399997,2026-09-13T10:43:45.223409+00:00,6.212178707122803,-0.19527724385261536
133.38713181000003,2026-09-13T10:43:45.273425+00:00,6.210697174072266,-0.20692726969718933
133.44531430300003,2026-09-13T10:43:45.331619+00:00,6.2099761962890625,-0.22098931670188904
133.5307484939999,2026-09-13T10:43:45.417058+00:00,6.209704399108887,-0.23018498718738556
133.56888906799986,2026-09-13T10:43:45.455166+00:00,6.209774494171143,-0.23727849125862122
133.65682139,2026-09-13T10:43:45.543127+00:00,6.210140228271484,-0.24479763209819794
133.7192019119998,2026-09-13T10:43:45.605510+00:00,6.210620880126953,-0.25059887766838074
133.78119989299967,2026-09-13T10:43:45.667508+00:00,6.211089611053467,-0.2560688257217407
133.84215691100007,2026-09-13T10:43:45.728464+00:00,6.211456775665283,-0.26174071431159973
133.93390184100008,2026-09-13T10:43:45.820210+00:00,6.211684226989746,-0.26756811141967773
133.99769245900006,2026-09-13T10:43:45.884003+00:00,6.21191930770874,-0.27176111936569214
134.09405811899978,2026-09-13T10:43:45.980365+00:00,6.212072849273682,-0.2774876058101654
134.15634545400007,2026-09-13T10:43:46.042650+00:00,6.212313652038574,-0.280758798122406
134.2039513689997,2026-09-13T10:43:46.090257+00:00,6.212704658508301,-0.2833968997001648
134.28381110100008,2026-09-13T10:43:46.170119+00:00,6.212872505187988,-0.2858376204967499
134.36182075499983,2026-09-13T10:43:46.248121+00:00,6.213057518005371,-0.2895921766757965
134.4287587089998,2026-09-13T10:43:46.315066+00:00,6.21319055557251,-0.2913913428783417
134.5124570339999,2026-09-13T10:43:46.398698+00:00,6.213175296783447,-0.2935667932033539
134.56228833499972,2026-09-13T10:43:46.448592+00:00,6.213258743286133,-0.29555225372314453
134.63452035499995,2026-09-13T10:43:46.520822+00:00,6.2135725021362305,-0.2979840636253357
134.692000905,2026-09-13T10:43:46.578306+00:00,6.213830471038818,-0.3006885051727295
134.7637546689998,2026-09-13T10:43:46.650025+00:00,6.2140960693359375,-0.3031364679336548
134.8301257889998,2026-09-13T10:43:46.716425+00:00,6.214259624481201,-0.3052749037742615
134.9404839189997,2026-09-13T10:43:46.826786+00:00,6.214431285858154,-0.3072356581687927
134.98897248699996,2026-09-13T10:43:46.875287+00:00,6.214550018310547,-0.30911633372306824
135.11415162499998,2026-09-13T10:43:47.000476+00:00,6.214748382568359,-0.3111378252506256
135.14119464299984,2026-09-13T10:43:47.027492+00:00,6.215091228485107,-0.31300947070121765
135.2055524479997,2026-09-13T10:43:47.091838+00:00,6.215324878692627,-0.31460538506507874
135.28968758699966,2026-09-13T10:43:47.176005+00:00,6.215520858764648,-0.3160187304019928
135.34639300699973,2026-09-13T10:43:47.232712+00:00,6.215719223022461,-0.31745943427085876
135.41141345699998,2026-09-13T10:43:47.297716+00:00,6.215826988220215,-0.31866806745529175
135.47831704300006,2026-09-13T10:43:47.364622+00:00,6.215908527374268,-0.3196997344493866
135.5206046999997,2026-09-13T10:43:47.406925+00:00,6.216092109680176,-0.3212229311466217
135.6005244009998,2026-09-13T10:43:47.486801+00:00,6.216315746307373,-0.32209789752960205
135.66685491199996,2026-09-13T10:43:47.553156+00:00,6.216409683227539,-0.3225831091403961
135.73925384899985,2026-09-13T10:43:47.625557+00:00,6.2165327072143555,-0.3236694633960724
135.8283290899999,2026-09-13T10:43:47.714635+00:00,6.216622352600098,-0.3248884677886963
135.87215311799991,2026-09-13T10:43:47.758453+00:00,6.21673059463501,-0.326138436794281
135.9798213019999,2026-09-13T10:43:47.866126+00:00,6.216772079467773,-0.3267168700695038
136.02112550099991,2026-09-13T10:43:47.907432+00:00,6.216818332672119,-0.3286665976047516
136.08609987,2026-09-13T10:43:47.972404+00:00,6.216869354248047,-0.3299348056316376
136.1673684489997,2026-09-13T10:43:48.053665+00:00,6.217051029205322,-0.33125320076942444
136.24820277399976,2026-09-13T10:43:48.134520+00:00,6.217161655426025,-0.33254075050354004
136.32052775700004,2026-09-13T10:43:48.206801+00:00,6.217209339141846,-0.3328183591365814
136.39771677499994,2026-09-13T10:43:48.284029+00:00,6.217243671417236,-0.3331969678401947
136.44243286499977,2026-09-13T10:43:48.328753+00:00,6.217268943786621,-0.3340660333633423
136.50931248200004,2026-09-13T10:43:48.395628+00:00,6.216611385345459,-0.32218125462532043
136.60357467999984,2026-09-13T10:43:48.489877+00:00,6.217071533203125,-0.29274702072143555
136.6746555579998,2026-09-13T10:43:48.560960+00:00,6.216619968414307,-0.2770020365715027
136.7287946839997,2026-09-13T10:43:48.615095+00:00,6.216017723083496,-0.2590359151363373
136.785120731,2026-09-13T10:43:48.671424+00:00,6.215195178985596,-0.24315717816352844
136.88331778099973,2026-09-13T10:43:48.769625+00:00,6.2141337394714355,-0.2262381762266159
136.9355963009998,2026-09-13T10:43:48.821900+00:00,6.21336030960083,-0.21021206676959991
137.01739251299978,2026-09-13T10:43:48.903699+00:00,6.2127814292907715,-0.19426968693733215
137.099051185,2026-09-13T10:43:48.985358+00:00,6.212414264678955,-0.17711448669433594
137.14904677999994,2026-09-13T10:43:49.035352+00:00,6.212255477905273,-0.16298913955688477
137.22669111000005,2026-09-13T10:43:49.113010+00:00,6.2112836837768555,-0.14889800548553467
137.29937469700008,2026-09-13T10:43:49.185680+00:00,6.210896968841553,-0.16371239721775055
137.37669152699982,2026-09-13T10:43:49.262999+00:00,6.210444450378418,-0.17683815956115723
137.47821249699973,2026-09-13T10:43:49.364531+00:00,6.210144996643066,-0.18650439381599426
137.53051040899982,2026-09-13T10:43:49.416813+00:00,6.210265159606934,-0.195464625954628
137.57692444399981,2026-09-13T10:43:49.463226+00:00,6.21077823638916,-0.20221778750419617
137.6609466509999,2026-09-13T10:43:49.547244+00:00,6.212119102478027,-0.20802661776542664
137.7405440059997,2026-09-13T10:43:49.626848+00:00,6.213866710662842,-0.2062753587961197
137.81273493699973,2026-09-13T10:43:49.699042+00:00,6.215419769287109,-0.21189701557159424
137.88126993700007,2026-09-13T10:43:49.767551+00:00,6.216169357299805,-0.22131659090518951
137.9404248789997,2026-09-13T10:43:49.826617+00:00,6.2164530754089355,-0.22654466331005096
138.00724513399973,2026-09-13T10:43:49.893552+00:00,6.216653347015381,-0.231015145778656
138.08656919999976,2026-09-13T10:43:49.972871+00:00,6.216970920562744,-0.23545707762241364
138.1391852349998,2026-09-13T10:43:50.025501+00:00,6.217195987701416,-0.23744677007198334
138.2068578059998,2026-09-13T10:43:50.093178+00:00,6.217400074005127,-0.23993325233459473
138.26502375499967,2026-09-13T10:43:50.151331+00:00,6.217592239379883,-0.24237537384033203
138.36252667000008,2026-09-13T10:43:50.248829+00:00,6.217803478240967,-0.24476100504398346
138.4284918559997,2026-09-13T10:43:50.314793+00:00,6.217953205108643,-0.2468114197254181
138.47586957099975,2026-09-13T10:43:50.362171+00:00,6.218221664428711,-0.2484239935874939
138.553544718,2026-09-13T10:43:50.439848+00:00,6.218501091003418,-0.2505002021789551
138.63736941399975,2026-09-13T10:43:50.523675+00:00,6.218703269958496,-0.25189054012298584
138.7013345969999,2026-09-13T10:43:50.587635+00:00,6.218789577484131,-0.2529085576534271
138.7743709639999,2026-09-13T10:43:50.660675+00:00,6.2188849449157715,-0.25378087162971497
138.8452407310001,2026-09-13T10:43:50.731547+00:00,6.218994617462158,-0.2544891834259033
138.96271426699968,2026-09-13T10:43:50.849025+00:00,6.2191243171691895,-0.25518375635147095
139.04232557399973,2026-09-13T10:43:50.928631+00:00,6.219326019287109,-0.256096214056015
139.06749748999982,2026-09-13T10:43:50.953804+00:00,6.219433784484863,-0.25684472918510437
139.1276514729998,2026-09-13T10:43:51.013958+00:00,6.219461441040039,-0.2574223279953003
139.18408865999982,2026-09-13T10:43:51.070391+00:00,6.219428062438965,-0.2540653645992279
139.26742271600006,2026-09-13T10:43:51.153727+00:00,6.2186431884765625,-0.2308969497680664
139.33284942,2026-09-13T10:43:51.219169+00:00,6.218233585357666,-0.21255245804786682
139.40533389699976,2026-09-13T10:43:51.291643+00:00,6.217804908752441,-0.19966883957386017
139.47727985899974,2026-09-13T10:43:51.363593+00:00,6.218228340148926,-0.18343400955200195
139.55412828999988,2026-09-13T10:43:51.440423+00:00,6.218792915344238,-0.16909781098365784
139.61470647999977,2026-09-13T10:43:51.501012+00:00,6.220490455627441,-0.14903534948825836
139.71464646799996,2026-09-13T10:43:51.600951+00:00,6.224007606506348,-0.12973764538764954
139.76224873499996,2026-09-13T10:43:51.648553+00:00,6.2275071144104,-0.10900651663541794
139.83022266099988,2026-09-13T10:43:51.716530+00:00,6.229955196380615,-0.0859794020652771
139.91625034299977,2026-09-13T10:43:51.802550+00:00,6.23115873336792,-0.06749412417411804
139.98942057099976,2026-09-13T10:43:51.875730+00:00,6.23174524307251,-0.05086866021156311
140.04129334899972,2026-09-13T10:43:51.927600+00:00,6.231466770172119,-0.030835695564746857
140.09565763399996,2026-09-13T10:43:51.981961+00:00,6.230745792388916,-0.0078195258975029
140.17738113999985,2026-09-13T10:43:52.063689+00:00,6.229611396789551,0.011704102158546448
140.27393119099997,2026-09-13T10:43:52.160253+00:00,6.229400157928467,0.03395625576376915
140.319638898,2026-09-13T10:43:52.205940+00:00,6.229258060455322,0.05999628081917763
140.39863322499968,2026-09-13T10:43:52.284956+00:00,6.229678630828857,0.08651641756296158
140.444616494,2026-09-13T10:43:52.330909+00:00,6.229648113250732,0.11053958535194397
140.51764428499973,2026-09-13T10:43:52.403951+00:00,6.230361461639404,0.1297033578157425
140.59147974999996,2026-09-13T10:43:52.477781+00:00,6.22927713394165,0.14890027046203613
140.63448416699975,2026-09-13T10:43:52.520802+00:00,6.227678298950195,0.16696833074092865
140.70860444299979,2026-09-13T10:43:52.594911+00:00,6.226053714752197,0.18848468363285065
140.79740818599976,2026-09-13T10:43:52.683711+00:00,6.224931716918945,0.20668449997901917
140.89192677699975,2026-09-13T10:43:52.778239+00:00,6.223578929901123,0.22847488522529602
140.9130693090001,2026-09-13T10:43:52.799375+00:00,6.222133636474609,0.24961723387241364
140.97686008699975,2026-09-13T10:43:52.863163+00:00,6.220546245574951,0.25754889845848083
141.07730133999985,2026-09-13T10:43:52.963603+00:00,6.219641208648682,0.24429009854793549
141.152359919,2026-09-13T10:43:53.038675+00:00,6.218790531158447,0.23821954429149628
141.2463006979997,2026-09-13T10:43:53.132601+00:00,6.217662811279297,0.23292645812034607
141.30055947599976,2026-09-13T10:43:53.186868+00:00,6.216790676116943,0.22855272889137268
141.37135007200004,2026-09-13T10:43:53.257671+00:00,6.2158684730529785,0.2250426858663559
141.41392506600005,2026-09-13T10:43:53.300228+00:00,6.214789390563965,0.22172188758850098
141.50462352899967,2026-09-13T10:43:53.390923+00:00,6.213798522949219,0.21713769435882568
141.58042213299996,2026-09-13T10:43:53.466730+00:00,6.213139533996582,0.21392813324928284
141.64560652499995,2026-09-13T10:43:53.531909+00:00,6.212314128875732,0.21031127870082855
141.70942181500004,2026-09-13T10:43:53.595724+00:00,6.211607933044434,0.20691275596618652
141.78708732899986,2026-09-13T10:43:53.673396+00:00,6.210901260375977,0.2029682844877243
141.86224863100006,2026-09-13T10:43:53.748558+00:00,6.210277080535889,0.1989460289478302
141.92007239299983,2026-09-13T10:43:53.806357+00:00,6.209793567657471,0.19526055455207825
141.98701898799982,2026-09-13T10:43:53.873321+00:00,6.209433078765869,0.19134612381458282
142.04161998499967,2026-09-13T10:43:53.927932+00:00,6.209123134613037,0.18750973045825958
142.1392425199997,2026-09-13T10:43:54.025550+00:00,6.208685398101807,0.1831061840057373
142.18352429199967,2026-09-13T10:43:54.069826+00:00,6.2085113525390625,0.1809372901916504
142.25431604000005,2026-09-13T10:43:54.140640+00:00,6.208325386047363,0.1779622882604599
142.3209326389997,2026-09-13T10:43:54.207235+00:00,6.208211898803711,0.1760171353816986
142.40168894499993,2026-09-13T10:43:54.287993+00:00,6.208303451538086,0.17148497700691223
142.45657164799968,2026-09-13T10:43:54.342869+00:00,6.208277225494385,0.16900572180747986
142.54807509800003,2026-09-13T10:43:54.434383+00:00,6.208250045776367,0.16594907641410828
142.62054024600002,2026-09-13T10:43:54.506844+00:00,6.208181381225586,0.16356875002384186
142.69555415099967,2026-09-13T10:43:54.581785+00:00,6.208116054534912,0.16139718890190125
142.7558178979998,2026-09-13T10:43:54.642120+00:00,6.208108425140381,0.1596127301454544
142.83735054999988,2026-09-13T10:43:54.723653+00:00,6.208114147186279,0.157318577170372
142.89371871100002,2026-09-13T10:43:54.780025+00:00,6.208174228668213,0.15546956658363342
142.97310169000002,2026-09-13T10:43:54.859407+00:00,6.208224773406982,0.1537528783082962
143.0367517589998,2026-09-13T10:43:54.923059+00:00,6.208221435546875,0.15193216502666473
143.10981113499975,2026-09-13T10:43:54.996130+00:00,6.208364486694336,0.15021789073944092
143.19204499399984,2026-09-13T10:43:55.078352+00:00,6.208319187164307,0.1484692394733429
143.26209358100004,2026-09-13T10:43:55.148397+00:00,6.208244800567627,0.14719994366168976
143.32827563799992,2026-09-13T10:43:55.214580+00:00,6.208255290985107,0.14514946937561035
143.39951588099984,2026-09-13T10:43:55.285818+00:00,6.208401679992676,0.1431134194135666
143.46128060699994,2026-09-13T10:43:55.347584+00:00,6.208467483520508,0.14151158928871155
143.52816067100002,2026-09-13T10:43:55.414462+00:00,6.208423137664795,0.13992325961589813
143.59753825999996,2026-09-13T10:43:55.483856+00:00,6.208327293395996,0.13839925825595856
143.68277215599983,2026-09-13T10:43:55.569079+00:00,6.2081756591796875,0.13722416758537292
143.74981120199982,2026-09-13T10:43:55.636127+00:00,6.208105564117432,0.13565556704998016
143.79320059199972,2026-09-13T10:43:55.679510+00:00,6.20812463760376,0.13448534905910492
143.87133703399968,2026-09-13T10:43:55.757657+00:00,6.2081828117370605,0.13333947956562042
143.93191282299995,2026-09-13T10:43:55.818219+00:00,6.208141326904297,0.13206054270267487
144.0084885729998,2026-09-13T10:43:55.894794+00:00,6.208052635192871,0.13115188479423523
144.0971798319997,2026-09-13T10:43:55.983484+00:00,6.20796537399292,0.13029487431049347
144.15527582699997,2026-09-13T10:43:56.041584+00:00,6.207772254943848,0.12897317111492157
144.2061851489998,2026-09-13T10:43:56.092487+00:00,6.207624435424805,0.12759259343147278
144.335937112,2026-09-13T10:43:56.222232+00:00,6.207494258880615,0.1265191286802292
144.37341065500004,2026-09-13T10:43:56.259715+00:00,6.207432270050049,0.12437228858470917
144.41260969699988,2026-09-13T10:43:56.298924+00:00,6.207487106323242,0.12236173450946808
144.4940478489998,2026-09-13T10:43:56.379736+00:00,6.207573890686035,0.12093912810087204
144.5569473329997,2026-09-13T10:43:56.443253+00:00,6.20754861831665,0.11955726891756058
144.6458270789999,2026-09-13T10:43:56.532131+00:00,6.2075629234313965,0.11742225289344788
144.72782237,2026-09-13T10:43:56.614129+00:00,6.20749044418335,0.11589740961790085
144.7722740989998,2026-09-13T10:43:56.658581+00:00,6.207427024841309,0.11448680609464645
144.85313639299966,2026-09-13T10:43:56.739439+00:00,6.207390308380127,0.11355537921190262
144.93617722299996,2026-09-13T10:43:56.822481+00:00,6.207536220550537,0.1119740828871727
144.9708635689999,2026-09-13T10:43:56.857169+00:00,6.207668781280518,0.11040619015693665
145.07553459599967,2026-09-13T10:43:56.961783+00:00,6.2076568603515625,0.10923318564891815
145.14426761899995,2026-09-13T10:43:57.030583+00:00,6.207700252532959,0.10794451832771301
145.21733713899994,2026-09-13T10:43:57.103617+00:00,6.207636833190918,0.10673126578330994
145.276452048,2026-09-13T10:43:57.162759+00:00,6.207520961761475,0.10589110106229782
145.3717850979997,2026-09-13T10:43:57.258027+00:00,6.207550525665283,0.10454896837472916
145.46025561399983,2026-09-13T10:43:57.346535+00:00,6.207683086395264,0.10361701250076294
145.51241524999978,2026-09-13T10:43:57.398724+00:00,6.207774639129639,0.10309560596942902
145.56648461299983,2026-09-13T10:43:57.452787+00:00,6.2077813148498535,0.1027011126279831
145.60382992799987,2026-09-13T10:43:57.490139+00:00,6.207751274108887,0.1029396578669548
145.68986369100003,2026-09-13T10:43:57.576013+00:00,6.206927299499512,0.12527760863304138
145.77118622399985,2026-09-13T10:43:57.657490+00:00,6.20758056640625,0.14643169939517975
145.85003942599997,2026-09-13T10:43:57.736357+00:00,6.209615707397461,0.16753245890140533
145.92094676099987,2026-09-13T10:43:57.807266+00:00,6.213131904602051,0.19015033543109894
145.96489322599973,2026-09-13T10:43:57.851201+00:00,6.215544700622559,0.21893280744552612
146.03565726099987,2026-09-13T10:43:57.921964+00:00,6.216498374938965,0.2430734634399414
146.09702520499968,2026-09-13T10:43:57.983331+00:00,6.216655731201172,0.26931336522102356
146.17919800599975,2026-09-13T10:43:58.065504+00:00,6.215512752532959,0.29272958636283875
146.24275136699998,2026-09-13T10:43:58.129059+00:00,6.214236259460449,0.31021979451179504
146.3525232689999,2026-09-13T10:43:58.238843+00:00,6.21443510055542,0.3304913341999054
146.4053571989998,2026-09-13T10:43:58.291676+00:00,6.2134294509887695,0.3614099323749542
146.45858029500005,2026-09-13T10:43:58.344886+00:00,6.213817596435547,0.39929041266441345
146.52595746399993,2026-09-13T10:43:58.412262+00:00,6.215419292449951,0.42612409591674805
146.58659293599976,2026-09-13T10:43:58.472896+00:00,6.2144951820373535,0.4207908511161804
146.6589277109997,2026-09-13T10:43:58.545233+00:00,6.213602066040039,0.41050171852111816
146.73478599700002,2026-09-13T10:43:58.621096+00:00,6.213437080383301,0.40250125527381897
146.8073699649999,2026-09-13T10:43:58.693677+00:00,6.213553428649902,0.39815011620521545
146.89658585000006,2026-09-13T10:43:58.782891+00:00,6.213713645935059,0.39497044682502747
146.9761486120001,2026-09-13T10:43:58.862458+00:00,6.213737487792969,0.3923516273498535
147.04215181499967,2026-09-13T10:43:58.928473+00:00,6.213629245758057,0.38960444927215576
147.0947746019997,2026-09-13T10:43:58.981080+00:00,6.213657379150391,0.38739994168281555
147.150656283,2026-09-13T10:43:59.036963+00:00,6.213686466217041,0.3858770728111267
147.24344249499973,2026-09-13T10:43:59.129748+00:00,6.213831901550293,0.3836597204208374
147.317162757,2026-09-13T10:43:59.203467+00:00,6.213859558105469,0.38172370195388794
147.37324950099992,2026-09-13T10:43:59.259558+00:00,6.213865280151367,0.38013753294944763
147.451438264,2026-09-13T10:43:59.337742+00:00,6.213756084442139,0.3791068494319916
147.51514139099982,2026-09-13T10:43:59.401449+00:00,6.21369743347168,0.37869226932525635
147.59815242800005,2026-09-13T10:43:59.484460+00:00,6.213724136352539,0.3784749209880829
147.65607968099994,2026-09-13T10:43:59.542390+00:00,6.213734149932861,0.3783096671104431
147.70653129099992,2026-09-13T10:43:59.592845+00:00,6.213682174682617,0.3779805600643158
147.81820613699983,2026-09-13T10:43:59.704508+00:00,6.213890552520752,0.37201055884361267
147.8980381880001,2026-09-13T10:43:59.784343+00:00,6.214267253875732,0.35101935267448425
147.94590542299966,2026-09-13T10:43:59.832216+00:00,6.214008331298828,0.32742688059806824
148.0050191800001,2026-09-13T10:43:59.890963+00:00,6.213646411895752,0.3083961308002472
148.0818017849997,2026-09-13T10:43:59.968110+00:00,6.213016510009766,0.28807681798934937
148.17214650799997,2026-09-13T10:44:00.058444+00:00,6.2123565673828125,0.272763192653656
148.2260172399997,2026-09-13T10:44:00.112319+00:00,6.211456298828125,0.2695220410823822
148.30487697099989,2026-09-13T10:44:00.191176+00:00,6.211070537567139,0.27494746446609497
148.37112767000008,2026-09-13T10:44:00.257431+00:00,6.2113847732543945,0.2758939266204834
148.44488540599968,2026-09-13T10:44:00.331191+00:00,6.211787223815918,0.27680960297584534
148.50335254899983,2026-09-13T10:44:00.389657+00:00,6.211838722229004,0.2772558033466339
148.54333455999995,2026-09-13T10:44:00.429636+00:00,6.21176290512085,0.27751094102859497
148.63215475199968,2026-09-13T10:44:00.518460+00:00,6.2118024826049805,0.2780291736125946
148.69485992499995,2026-09-13T10:44:00.571164+00:00,6.211841106414795,0.2779690623283386
148.79403476800007,2026-09-13T10:44:00.680336+00:00,6.211794853210449,0.2780020833015442
148.88231436599972,2026-09-13T10:44:00.768618+00:00,6.211788177490234,0.27799350023269653
148.95147124300001,2026-09-13T10:44:00.837652+00:00,6.211785793304443,0.2780645191669464
149.00006365499985,2026-09-13T10:44:00.886371+00:00,6.211788177490234,0.2780812084674835
149.06061400299996,2026-09-13T10:44:00.946908+00:00,6.211606502532959,0.2780407667160034
149.10881590600002,2026-09-13T10:44:00.995119+00:00,6.210422992706299,0.278274804353714
149.19188793800004,2026-09-13T10:44:01.078199+00:00,6.20499324798584,0.2797105312347412
149.26343468699997,2026-09-13T10:44:01.149741+00:00,6.195469379425049,0.2834680676460266
149.3369187809999,2026-09-13T10:44:01.223222+00:00,6.184728622436523,0.2839542627334595
149.4099415159999,2026-09-13T10:44:01.296248+00:00,6.170356273651123,0.2844304144382477
149.4962971770001,2026-09-13T10:44:01.382553+00:00,6.15354061126709,0.2835902273654938
149.55096454499972,2026-09-13T10:44:01.437274+00:00,6.146395683288574,0.2852317690849304
149.63498179199996,2026-09-13T10:44:01.521212+00:00,6.136774063110352,0.29050326347351074
149.68672957299987,2026-09-13T10:44:01.572958+00:00,6.129489898681641,0.2888539731502533
149.76840040599973,2026-09-13T10:44:01.654700+00:00,6.124879837036133,0.2848564386367798
149.84689954799978,2026-09-13T10:44:01.733203+00:00,6.120267868041992,0.2795912027359009
149.90230409199967,2026-09-13T10:44:01.788622+00:00,6.115804672241211,0.28176650404930115
149.9973731969999,2026-09-13T10:44:01.883679+00:00,6.113331317901611,0.2866775095462799
150.1079587270001,2026-09-13T10:44:01.994281+00:00,6.11401891708374,0.28399771451950073
150.1413311729998,2026-09-13T10:44:02.027633+00:00,6.116728782653809,0.27789217233657837
150.23842818599996,2026-09-13T10:44:02.124735+00:00,6.11928653717041,0.27415964007377625
150.3541920329999,2026-09-13T10:44:02.240491+00:00,6.1206159591674805,0.27215996384620667
150.41961620899974,2026-09-13T10:44:02.305920+00:00,6.121493339538574,0.26882582902908325
150.51097853400006,2026-09-13T10:44:02.397281+00:00,6.1218581199646,0.2680046260356903
150.54285236999976,2026-09-13T10:44:02.429149+00:00,6.122081279754639,0.2672949433326721
150.6046701209998,2026-09-13T10:44:02.490972+00:00,6.12229585647583,0.26668673753738403
150.68677536799987,2026-09-13T10:44:02.573077+00:00,6.121021270751953,0.26635780930519104
150.76934133399982,2026-09-13T10:44:02.655659+00:00,6.116814136505127,0.2653636336326599
150.83204692299978,2026-09-13T10:44:02.718347+00:00,6.109735488891602,0.2651577889919281
150.91280383699996,2026-09-13T10:44:02.799072+00:00,6.096973896026611,0.26494839787483215
150.9654413119997,2026-09-13T10:44:02.851744+00:00,6.084352493286133,0.26294898986816406
151.03168167600006,2026-09-13T10:44:02.918001+00:00,6.067573547363281,0.267315536737442
151.10768300599966,2026-09-13T10:44:02.993988+00:00,6.052027225494385,0.2685204744338989
151.14227872499987,2026-09-13T10:44:03.028558+00:00,6.034631252288818,0.2670287489891052
151.21216484299975,2026-09-13T10:44:03.098444+00:00,6.019643783569336,0.2628631293773651
151.3197052139999,2026-09-13T10:44:03.206005+00:00,6.01289701461792,0.25943097472190857
151.37985814099966,2026-09-13T10:44:03.266166+00:00,6.011186599731445,0.25484925508499146
151.42482105599993,2026-09-13T10:44:03.311122+00:00,6.014463424682617,0.2550489902496338
151.5092819659999,2026-09-13T10:44:03.395591+00:00,6.018467903137207,0.25736677646636963
151.594115976,2026-09-13T10:44:03.480419+00:00,6.020694732666016,0.25944629311561584
151.63477999399993,2026-09-13T10:44:03.521082+00:00,6.021463871002197,0.2599732577800751
151.74577360099966,2026-09-13T10:44:03.632079+00:00,6.021939277648926,0.259925901889801
151.81522021599994,2026-09-13T10:44:03.701511+00:00,6.02273416519165,0.25970157980918884
151.8705088849997,2026-09-13T10:44:03.756814+00:00,6.023708343505859,0.24257037043571472
151.90949054299972,2026-09-13T10:44:03.795797+00:00,6.024240970611572,0.21935097873210907
152.01441492200001,2026-09-13T10:44:03.900710+00:00,6.023789405822754,0.1939929872751236
152.07501186399986,2026-09-13T10:44:03.961317+00:00,6.023332595825195,0.17665450274944305
152.16617763899967,2026-09-13T10:44:04.052491+00:00,6.022737503051758,0.15968210995197296
152.20438515899968,2026-09-13T10:44:04.090693+00:00,6.022111415863037,0.14200924336910248
152.26301726699967,2026-09-13T10:44:04.149321+00:00,6.021416187286377,0.12517040967941284
152.35428435699987,2026-09-13T10:44:04.240594+00:00,6.020671844482422,0.1075420156121254
152.43361504699988,2026-09-13T10:44:04.319919+00:00,6.019643783569336,0.09027374535799026
152.50729969199983,2026-09-13T10:44:04.393587+00:00,6.018983364105225,0.07398289442062378
152.55802913599973,2026-09-13T10:44:04.444347+00:00,6.018274307250977,0.05879176780581474
152.6296628,2026-09-13T10:44:04.515946+00:00,6.017235279083252,0.04362466186285019
152.69535344899987,2026-09-13T10:44:04.581655+00:00,6.0163726806640625,0.026514826342463493
152.77936765599998,2026-09-13T10:44:04.665674+00:00,6.015702724456787,0.012477566488087177
152.86448333999988,2026-09-13T10:44:04.750787+00:00,6.0148515701293945,-0.0036799588706344366
152.9151675019998,2026-09-13T10:44:04.801465+00:00,6.013819694519043,-0.020219923928380013
152.99015769399966,2026-09-13T10:44:04.876460+00:00,6.013299942016602,-0.035624727606773376
153.04555126199966,2026-09-13T10:44:04.931860+00:00,6.012670516967773,-0.05181565135717392
153.11625094300007,2026-09-13T10:44:05.002553+00:00,6.011977195739746,-0.068723663687706
153.18515840400005,2026-09-13T10:44:05.071461+00:00,6.011441230773926,-0.0851033553481102
153.25494109400006,2026-09-13T10:44:05.141246+00:00,6.0111517906188965,-0.10196137428283691
153.31746155599967,2026-09-13T10:44:05.203769+00:00,6.010993003845215,-0.12027076631784439
153.39464372599969,2026-09-13T10:44:05.280952+00:00,6.010970115661621,-0.14042913913726807
153.46792643799972,2026-09-13T10:44:05.354229+00:00,6.011354446411133,-0.16031131148338318
153.53873114599992,2026-09-13T10:44:05.425039+00:00,6.011839389801025,-0.181333526968956
153.60600098399982,2026-09-13T10:44:05.492317+00:00,6.011981964111328,-0.19944113492965698
153.6996563140001,2026-09-13T10:44:05.585956+00:00,6.012281894683838,-0.2184721827507019
153.759323753,2026-09-13T10:44:05.645628+00:00,6.013093948364258,-0.2386019080877304
153.82299135799985,2026-09-13T10:44:05.709306+00:00,6.014349460601807,-0.25811219215393066
153.90088427199998,2026-09-13T10:44:05.787189+00:00,6.015008449554443,-0.26013025641441345
153.96405144399978,2026-09-13T10:44:05.850359+00:00,6.0171799659729,-0.26597461104393005
154.02870983499997,2026-09-13T10:44:05.915018+00:00,6.019286632537842,-0.2832278311252594
154.08007987599967,2026-09-13T10:44:05.966382+00:00,6.022274494171143,-0.2856992781162262
154.1803738919998,2026-09-13T10:44:06.066678+00:00,6.023353099822998,-0.2789979577064514
154.23915048599974,2026-09-13T10:44:06.125451+00:00,6.024811744689941,-0.2776840031147003
154.3063719060001,2026-09-13T10:44:06.192684+00:00,6.028049945831299,-0.27644193172454834
154.3932660810001,2026-09-13T10:44:06.279539+00:00,6.031774997711182,-0.27312934398651123
154.4674052370001,2026-09-13T10:44:06.353715+00:00,6.034512519836426,-0.26901695132255554
154.53323445099977,2026-09-13T10:44:06.419540+00:00,6.036707878112793,-0.26452577114105225
154.60322978799968,2026-09-13T10:44:06.489535+00:00,6.038210868835449,-0.26088187098503113
154.68848221200005,2026-09-13T10:44:06.574795+00:00,6.039397239685059,-0.2574712038040161
154.7428021759997,2026-09-13T10:44:06.629103+00:00,6.040352821350098,-0.25344252586364746
154.80295983999986,2026-09-13T10:44:06.689268+00:00,6.041154384613037,-0.25085747241973877
154.88728839299984,2026-09-13T10:44:06.773596+00:00,6.041880130767822,-0.24872305989265442
154.91785453700004,2026-09-13T10:44:06.804160+00:00,6.0425214767456055,-0.24675427377223969
154.9870972409999,2026-09-13T10:44:06.873398+00:00,6.043123722076416,-0.24550920724868774
155.08954653,2026-09-13T10:44:06.975852+00:00,6.043718338012695,-0.24470657110214233
155.16996643999983,2026-09-13T10:44:07.056252+00:00,6.044283390045166,-0.24393846094608307
155.23317358199984,2026-09-13T10:44:07.119478+00:00,6.044782638549805,-0.2430891990661621
155.31254340899977,2026-09-13T10:44:07.198847+00:00,6.045498847961426,-0.2421008050441742
155.39909859699992,2026-09-13T10:44:07.285398+00:00,6.04601526260376,-0.24159447848796844
155.45446432399967,2026-09-13T10:44:07.340770+00:00,6.046452045440674,-0.24135661125183105
155.55348818599987,2026-09-13T10:44:07.439787+00:00,6.046904563903809,-0.24149790406227112
155.5972591249997,2026-09-13T10:44:07.483558+00:00,6.0472822189331055,-0.2411995232105255
155.671456907,2026-09-13T10:44:07.557763+00:00,6.047545433044434,-0.23520396649837494
155.73327420999976,2026-09-13T10:44:07.619490+00:00,6.049284934997559,-0.20860792696475983
155.79122075899977,2026-09-13T10:44:07.677521+00:00,6.051392555236816,-0.18867240846157074
155.88979807799979,2026-09-13T10:44:07.776103+00:00,6.054211616516113,-0.1645643413066864
155.9293923969999,2026-09-13T10:44:07.815700+00:00,6.056119441986084,-0.1449805349111557
156.01822823699968,2026-09-13T10:44:07.904549+00:00,6.057590484619141,-0.1259254664182663
156.09011202200008,2026-09-13T10:44:07.976414+00:00,6.0584025382995605,-0.10575130581855774
156.16208550500005,2026-09-13T10:44:08.048391+00:00,6.058692455291748,-0.08835803717374802
156.21414824199974,2026-09-13T10:44:08.100451+00:00,6.058692455291748,-0.07186423987150192
156.28319653900007,2026-09-13T10:44:08.169502+00:00,6.058432579040527,-0.05554112046957016
156.35379032799983,2026-09-13T10:44:08.240093+00:00,6.058051586151123,-0.03920258209109306
156.41198571799987,2026-09-13T10:44:08.298291+00:00,6.057292938232422,-0.02178923413157463
156.48356776399987,2026-09-13T10:44:08.369872+00:00,6.0563154220581055,-0.006176650524139404
156.56228256199984,2026-09-13T10:44:08.448591+00:00,6.054520130157471,0.010037394240498543
156.628458315,2026-09-13T10:44:08.514761+00:00,6.05258321762085,0.02699234150350094
156.68431641000006,2026-09-13T10:44:08.570623+00:00,6.050812721252441,0.04172154515981674
156.78908244900003,2026-09-13T10:44:08.675401+00:00,6.0490031242370605,0.05909346789121628
156.86705818099972,2026-09-13T10:44:08.753355+00:00,6.046969890594482,0.07868911325931549
156.94376116700005,2026-09-13T10:44:08.830036+00:00,6.045169830322266,0.0957743301987648
156.97575145499968,2026-09-13T10:44:08.862030+00:00,6.0431623458862305,0.11526591330766678
157.05158890799976,2026-09-13T10:44:08.937899+00:00,6.041452884674072,0.13333776593208313
157.1519824799998,2026-09-13T10:44:09.038280+00:00,6.040198802947998,0.15398116409778595
157.20478620099993,2026-09-13T10:44:09.091105+00:00,6.0398945808410645,0.1707952618598938
157.2690887069998,2026-09-13T10:44:09.155392+00:00,6.040762901306152,0.1883108764886856
157.33695187700005,2026-09-13T10:44:09.223261+00:00,6.043133735656738,0.2047020047903061
157.41023794800003,2026-09-13T10:44:09.296538+00:00,6.045434951782227,0.2303290069103241
157.48530894399983,2026-09-13T10:44:09.371612+00:00,6.047109127044678,0.25276535749435425
157.54614934999972,2026-09-13T10:44:09.432456+00:00,6.047077655792236,0.27098652720451355
157.6331245839997,2026-09-13T10:44:09.519422+00:00,6.044168472290039,0.2780569791793823
157.70019230299977,2026-09-13T10:44:09.586498+00:00,6.040721893310547,0.26458168029785156
157.76399770499984,2026-09-13T10:44:09.650303+00:00,6.037931442260742,0.25695526599884033
157.86078795599997,2026-09-13T10:44:09.747086+00:00,6.03646993637085,0.2537480890750885
157.90590066699997,2026-09-13T10:44:09.792207+00:00,6.0342020988464355,0.25123220682144165
157.96709974199985,2026-09-13T10:44:09.853400+00:00,6.031850814819336,0.24671515822410583
158.03736708799988,2026-09-13T10:44:09.923666+00:00,6.0291900634765625,0.2381635159254074
158.1097244560001,2026-09-13T10:44:09.996022+00:00,6.02714729309082,0.23116406798362732
158.15465066599972,2026-09-13T10:44:10.040955+00:00,6.025579452514648,0.22473016381263733
158.23616206899987,2026-09-13T10:44:10.122464+00:00,6.024710178375244,0.22072413563728333
158.31435886500003,2026-09-13T10:44:10.200666+00:00,6.023902893066406,0.21757593750953674
158.39862162400004,2026-09-13T10:44:10.284929+00:00,6.023011684417725,0.21486276388168335
158.43884725999987,2026-09-13T10:44:10.325149+00:00,6.0220770835876465,0.21129827201366425
158.51683713700004,2026-09-13T10:44:10.403147+00:00,6.02135705947876,0.20830172300338745
158.59775344799982,2026-09-13T10:44:10.484055+00:00,6.02069616317749,0.20556385815143585
158.6857114669997,2026-09-13T10:44:10.572012+00:00,6.0202813148498535,0.20346662402153015
158.74094877399966,2026-09-13T10:44:10.627250+00:00,6.019739627838135,0.2020551711320877
158.8167876990001,2026-09-13T10:44:10.702950+00:00,6.019277095794678,0.2003399282693863
158.889937765,2026-09-13T10:44:10.776239+00:00,6.018841743469238,0.19937936961650848
158.96311452100008,2026-09-13T10:44:10.849416+00:00,6.018616199493408,0.19866937398910522
159.02512648699985,2026-09-13T10:44:10.911447+00:00,6.018496036529541,0.19839990139007568
159.08912299899976,2026-09-13T10:44:10.975428+00:00,6.0184006690979,0.19839467108249664
159.16748284100004,2026-09-13T10:44:11.053789+00:00,6.017983913421631,0.2032840996980667
159.23281184500001,2026-09-13T10:44:11.119111+00:00,6.017508506774902,0.2218102216720581
159.2907031929999,2026-09-13T10:44:11.177007+00:00,6.017175674438477,0.23455332219600677
159.37045869699978,2026-09-13T10:44:11.256760+00:00,6.017009735107422,0.24991653859615326
159.45365447699987,2026-09-13T10:44:11.339960+00:00,6.016745567321777,0.2619072198867798
159.49085028299987,2026-09-13T10:44:11.377156+00:00,6.0163702964782715,0.2721259295940399
159.5805599129999,2026-09-13T10:44:11.466861+00:00,6.015748023986816,0.28457796573638916
159.64462452299995,2026-09-13T10:44:11.530926+00:00,6.015118598937988,0.2966645061969757
159.71607021299997,2026-09-13T10:44:11.602377+00:00,6.014134883880615,0.30976489186286926
159.78738024999984,2026-09-13T10:44:11.673680+00:00,6.013025760650635,0.3224326968193054
159.87275952699974,2026-09-13T10:44:11.759063+00:00,6.012047290802002,0.3354949951171875
159.94056592700008,2026-09-13T10:44:11.826874+00:00,6.011554718017578,0.3256276845932007
160.0212382929999,2026-09-13T10:44:11.907541+00:00,6.010934829711914,0.30950191617012024
160.07039421199988,2026-09-13T10:44:11.956699+00:00,6.010500907897949,0.30021923780441284
160.12088304000008,2026-09-13T10:44:12.007192+00:00,6.00990629196167,0.291986882686615
160.19545168199966,2026-09-13T10:44:12.081753+00:00,6.009364604949951,0.28436750173568726
160.26544657199975,2026-09-13T10:44:12.151752+00:00,6.008955001831055,0.2774444818496704
160.35805232999974,2026-09-13T10:44:12.244353+00:00,6.008553981781006,0.27120742201805115
160.40296778699985,2026-09-13T10:44:12.289268+00:00,6.008167266845703,0.2648652195930481
160.511384636,2026-09-13T10:44:12.397689+00:00,6.007871150970459,0.2596737742424011
160.5544644470001,2026-09-13T10:44:12.440767+00:00,6.007668495178223,0.25393664836883545
160.63884384999983,2026-09-13T10:44:12.525149+00:00,6.007526874542236,0.2495822012424469
160.72134383000002,2026-09-13T10:44:12.607644+00:00,6.007224082946777,0.2465672343969345
160.7736903199998,2026-09-13T10:44:12.659996+00:00,6.007026672363281,0.2433890998363495
160.8344825649997,2026-09-13T10:44:12.720780+00:00,6.007073402404785,0.24083830416202545
160.88586502299995,2026-09-13T10:44:12.772175+00:00,6.007113933563232,0.2389768660068512
160.97804052699985,2026-09-13T10:44:12.864344+00:00,6.007334232330322,0.23803381621837616
161.04849984799966,2026-09-13T10:44:12.934802+00:00,6.007611274719238,0.2371562272310257
161.12861741200004,2026-09-13T10:44:13.014933+00:00,6.007927417755127,0.2361709326505661
161.18885290199978,2026-09-13T10:44:13.075160+00:00,6.008103847503662,0.23559293150901794
161.26194952700007,2026-09-13T10:44:13.148255+00:00,6.0083441734313965,0.23475684225559235
161.34755380299976,2026-09-13T10:44:13.233855+00:00,6.008380889892578,0.2361847311258316
161.41049882399966,2026-09-13T10:44:13.296807+00:00,6.0084452629089355,0.25224822759628296
161.45301397699996,2026-09-13T10:44:13.339319+00:00,6.0087103843688965,0.2689919173717499
161.5418055279997,2026-09-13T10:44:13.428113+00:00,6.008899688720703,0.28333935141563416
161.63291309199985,2026-09-13T10:44:13.519207+00:00,6.008798599243164,0.2966906428337097
161.67021536599987,2026-09-13T10:44:13.556521+00:00,6.008702754974365,0.3086998164653778
161.754664564,2026-09-13T10:44:13.640967+00:00,6.008677959442139,0.32240331172943115
161.81947860699984,2026-09-13T10:44:13.705785+00:00,6.0085835456848145,0.33556902408599854
161.85806172399998,2026-09-13T10:44:13.744361+00:00,6.008395195007324,0.3468746542930603
161.94107663299974,2026-09-13T10:44:13.827383+00:00,6.0079779624938965,0.36022189259529114
162.03797479199966,2026-09-13T10:44:13.924276+00:00,6.008210182189941,0.3528946340084076
162.09159604399974,2026-09-13T10:44:13.977901+00:00,6.008167743682861,0.3367641568183899
162.1805327520001,2026-09-13T10:44:14.066850+00:00,6.007620334625244,0.3254851698875427
162.24668930500002,2026-09-13T10:44:14.132993+00:00,6.006857872009277,0.31427258253097534
162.31603492399972,2026-09-13T10:44:14.202342+00:00,6.006394386291504,0.3057467043399811
162.39882796999973,2026-09-13T10:44:14.285149+00:00,6.006192207336426,0.2970573604106903
162.4631794699999,2026-09-13T10:44:14.349491+00:00,6.0060930252075195,0.2902674973011017
162.54331681099984,2026-09-13T10:44:14.429594+00:00,6.005837917327881,0.28466299176216125
162.59807429400007,2026-09-13T10:44:14.484374+00:00,6.0055108070373535,0.27919453382492065
162.66986233099988,2026-09-13T10:44:14.556169+00:00,6.005207538604736,0.2740863263607025
162.72291569299978,2026-09-13T10:44:14.609222+00:00,6.004939556121826,0.267924964427948
162.80429659499987,2026-09-13T10:44:14.690600+00:00,6.004870891571045,0.2630498707294464
162.85029196000005,2026-09-13T10:44:14.736594+00:00,6.004952907562256,0.2590445578098297
162.977294712,2026-09-13T10:44:14.863614+00:00,6.005194187164307,0.2537226676940918
163.05966335899984,2026-09-13T10:44:14.945982+00:00,6.005437850952148,0.25088173151016235
163.06556259699983,2026-09-13T10:44:14.951868+00:00,6.00576114654541,0.24822351336479187
163.123874119,2026-09-13T10:44:15.010177+00:00,6.006044864654541,0.2448299676179886
163.19768987199996,2026-09-13T10:44:15.083985+00:00,6.006048679351807,0.2432733029127121
163.26213017500004,2026-09-13T10:44:15.148446+00:00,6.006093502044678,0.24253736436367035
163.35524119899992,2026-09-13T10:44:15.241545+00:00,6.006278991699219,0.24163559079170227
163.42316030599977,2026-09-13T10:44:15.309465+00:00,6.006581783294678,0.2401389479637146
163.48373599999968,2026-09-13T10:44:15.370025+00:00,6.006754398345947,0.2396896630525589
163.55773140699966,2026-09-13T10:44:15.444029+00:00,6.007045745849609,0.2387727051973343
163.6239674819999,2026-09-13T10:44:15.510267+00:00,6.007228374481201,0.23810134828090668
163.6935551900001,2026-09-13T10:44:15.579864+00:00,6.007369518280029,0.23756127059459686
163.76674922599977,2026-09-13T10:44:15.653054+00:00,6.00754451751709,0.2367916852235794
163.85873246799974,2026-09-13T10:44:15.745037+00:00,6.007694244384766,0.23647348582744598
163.91620306599998,2026-09-13T10:44:15.802440+00:00,6.007769584655762,0.23616589605808258
163.96732128999975,2026-09-13T10:44:15.853626+00:00,6.007859230041504,0.23569221794605255
164.07520928899976,2026-09-13T10:44:15.961511+00:00,6.007809638977051,0.2356989085674286
164.12100829599967,2026-09-13T10:44:16.006335+00:00,6.0055646896362305,0.2370588630437851
164.184815393,2026-09-13T10:44:16.071080+00:00,5.9996724128723145,0.23716950416564941
164.2585159109999,2026-09-13T10:44:16.144821+00:00,5.988154411315918,0.23672032356262207
164.3600625449999,2026-09-13T10:44:16.246369+00:00,5.968762397766113,0.23267464339733124
164.4098341009999,2026-09-13T10:44:16.296140+00:00,5.9563422203063965,0.22955352067947388
164.48969709599987,2026-09-13T10:44:16.376004+00:00,5.938945770263672,0.22999852895736694
164.53896613899997,2026-09-13T10:44:16.425288+00:00,5.9187703132629395,0.22802004218101501
164.61045151000008,2026-09-13T10:44:16.496761+00:00,5.906686305999756,0.2388024479150772
164.70841520899967,2026-09-13T10:44:16.594717+00:00,5.8979172706604,0.24357491731643677
164.77371432399968,2026-09-13T10:44:16.660022+00:00,5.895724773406982,0.24415233731269836
164.82889463699985,2026-09-13T10:44:16.715198+00:00,5.8968400955200195,0.2431136667728424
164.9097634269997,2026-09-13T10:44:16.796066+00:00,5.898480415344238,0.24371442198753357
164.96211510099965,2026-09-13T10:44:16.848429+00:00,5.899944305419922,0.24433377385139465
165.04540701099995,2026-09-13T10:44:16.931710+00:00,5.900890827178955,0.2456180453300476
165.12451820599972,2026-09-13T10:44:17.010823+00:00,5.901442527770996,0.24691438674926758
165.1946644919999,2026-09-13T10:44:17.080972+00:00,5.901729106903076,0.24683229625225067
165.2428726029998,2026-09-13T10:44:17.129174+00:00,5.899882793426514,0.24693265557289124
165.35337134599968,2026-09-13T10:44:17.239668+00:00,5.897177696228027,0.2472793310880661
165.387484201,2026-09-13T10:44:17.273790+00:00,5.8904948234558105,0.24688155949115753
165.4896491919999,2026-09-13T10:44:17.375958+00:00,5.881611347198486,0.2437719702720642
165.5548671849997,2026-09-13T10:44:17.441171+00:00,5.86840295791626,0.2446836233139038
165.611235761,2026-09-13T10:44:17.497538+00:00,5.851557731628418,0.24511636793613434
165.6712099309998,2026-09-13T10:44:17.557510+00:00,5.830890655517578,0.2434915453195572
165.74428389900004,2026-09-13T10:44:17.630590+00:00,5.812294006347656,0.23919975757598877
165.80761856499976,2026-09-13T10:44:17.693923+00:00,5.7958149909973145,0.2379542589187622
165.87660926099989,2026-09-13T10:44:17.762889+00:00,5.789318561553955,0.22906368970870972
165.92635515099983,2026-09-13T10:44:17.812653+00:00,5.7875871658325195,0.2204105257987976
166.00314524399982,2026-09-13T10:44:17.889450+00:00,5.790436744689941,0.2207900583744049
166.0930096950001,2026-09-13T10:44:17.979315+00:00,5.795587062835693,0.2236470729112625
166.15398191399981,2026-09-13T10:44:18.040301+00:00,5.799045562744141,0.2253165990114212
166.22216115799984,2026-09-13T10:44:18.108469+00:00,5.801387786865234,0.22444477677345276
166.3241724479999,2026-09-13T10:44:18.210477+00:00,5.802784442901611,0.22413985431194305
166.39808759700009,2026-09-13T10:44:18.284406+00:00,5.804049968719482,0.22413143515586853
166.44659616599984,2026-09-13T10:44:18.332897+00:00,5.80532169342041,0.2247655689716339
166.499928705,2026-09-13T10:44:18.386231+00:00,5.806283950805664,0.2252064049243927
166.58104998299996,2026-09-13T10:44:18.467351+00:00,5.806877136230469,0.2251986563205719
166.66664709099996,2026-09-13T10:44:18.552959+00:00,5.80580997467041,0.22641032934188843
166.7424097889998,2026-09-13T10:44:18.628698+00:00,5.801332950592041,0.22606195509433746
166.7915180269997,2026-09-13T10:44:18.677820+00:00,5.792170524597168,0.22161518037319183
166.8704621439997,2026-09-13T10:44:18.756768+00:00,5.779538154602051,0.2206597477197647
166.9295631959999,2026-09-13T10:44:18.815868+00:00,5.764040470123291,0.22175271809101105
167.00965730300004,2026-09-13T10:44:18.895963+00:00,5.744182109832764,0.22118081152439117
167.0663191059998,2026-09-13T10:44:18.952623+00:00,5.720086097717285,0.22165930271148682
167.1890010080001,2026-09-13T10:44:19.075320+00:00,5.692763328552246,0.22255584597587585
167.23117934899983,2026-09-13T10:44:19.117484+00:00,5.662275314331055,0.23002959787845612
167.2839850229998,2026-09-13T10:44:19.170292+00:00,5.643435478210449,0.22733120620250702
167.35891626900002,2026-09-13T10:44:19.245221+00:00,5.616431713104248,0.22774004936218262
167.41458766999995,2026-09-13T10:44:19.300895+00:00,5.5905842781066895,0.22712302207946777
167.50555299000007,2026-09-13T10:44:19.391859+00:00,5.567269325256348,0.22612227499485016
167.56562700299992,2026-09-13T10:44:19.451928+00:00,5.550849914550781,0.2221619337797165
167.63389706599992,2026-09-13T10:44:19.520205+00:00,5.542482376098633,0.2161056101322174
167.7133338079998,2026-09-13T10:44:19.599642+00:00,5.5411787033081055,0.2099079191684723
167.7724812299998,2026-09-13T10:44:19.658789+00:00,5.545196056365967,0.2130538672208786
167.8358991619998,2026-09-13T10:44:19.722207+00:00,5.549103260040283,0.21629071235656738
167.9294748100001,2026-09-13T10:44:19.815776+00:00,5.551930904388428,0.22033588588237762
167.9993448629998,2026-09-13T10:44:19.885633+00:00,5.553140640258789,0.22233937680721283
168.06005198499997,2026-09-13T10:44:19.946372+00:00,5.55405855178833,0.22260130941867828
168.11878511999976,2026-09-13T10:44:20.005082+00:00,5.554705619812012,0.222760409116745
168.19974140099976,2026-09-13T10:44:20.086023+00:00,5.555173873901367,0.22332997620105743
168.26419447199987,2026-09-13T10:44:20.150500+00:00,5.555511951446533,0.22346749901771545
168.32991520199994,2026-09-13T10:44:20.216223+00:00,5.555642604827881,0.22337250411510468
168.4033114529998,2026-09-13T10:44:20.289628+00:00,5.554940700531006,0.22378894686698914
168.50703435299965,2026-09-13T10:44:20.393334+00:00,5.552616119384766,0.22350424528121948
168.55966469199984,2026-09-13T10:44:20.445964+00:00,5.5458149909973145,0.2198949158191681
168.6060976079998,2026-09-13T10:44:20.492391+00:00,5.535360336303711,0.21627193689346313
168.666802234,2026-09-13T10:44:20.553021+00:00,5.522791385650635,0.21851183474063873
168.76865290999967,2026-09-13T10:44:20.654958+00:00,5.5091328620910645,0.21757392585277557
168.8489551849998,2026-09-13T10:44:20.735258+00:00,5.490164279937744,0.2149026095867157
168.91532825600007,2026-09-13T10:44:20.791070+00:00,5.468753337860107,0.2154945582151413
168.94098745199972,2026-09-13T10:44:20.827293+00:00,5.443188667297363,0.21691139042377472
169.01623976599967,2026-09-13T10:44:20.891991+00:00,5.411801815032959,0.2186201959848404
169.10086221699976,2026-09-13T10:44:20.987168+00:00,5.38248348236084,0.22533005475997925
169.18119169200008,2026-09-13T10:44:21.067498+00:00,5.365160942077637,0.223184734582901
169.26815934199976,2026-09-13T10:44:21.154462+00:00,5.341001510620117,0.22707682847976685
169.30574741700002,2026-09-13T10:44:21.192050+00:00,5.3190999031066895,0.22956034541130066
169.3769682359998,2026-09-13T10:44:21.263276+00:00,5.301556587219238,0.23031368851661682
169.4603460369999,2026-09-13T10:44:21.346649+00:00,5.292363166809082,0.22611290216445923
169.51056531999984,2026-09-13T10:44:21.396874+00:00,5.290253162384033,0.22008202970027924
169.59293204699998,2026-09-13T10:44:21.479236+00:00,5.2925190925598145,0.21662387251853943
169.65896632399972,2026-09-13T10:44:21.545264+00:00,5.2946038246154785,0.2147194743156433
169.73671046499976,2026-09-13T10:44:21.623017+00:00,5.295709609985352,0.21356673538684845
169.8154285579999,2026-09-13T10:44:21.701377+00:00,5.295564651489258,0.21324919164180756
169.9016297180001,2026-09-13T10:44:21.787936+00:00,5.2953948974609375,0.21270117163658142
169.9427245669999,2026-09-13T10:44:21.829032+00:00,5.2955522537231445,0.21271350979804993
170.0264130989999,2026-09-13T10:44:21.912730+00:00,5.295412540435791,0.2130574882030487
170.04846359799967,2026-09-13T10:44:21.934769+00:00,5.294422626495361,0.2144363820552826
170.13489142199978,2026-09-13T10:44:22.021207+00:00,5.290254592895508,0.21483564376831055
170.209231672,2026-09-13T10:44:22.095536+00:00,5.281684398651123,0.21336688101291656
170.27253203300006,2026-09-13T10:44:22.158835+00:00,5.267611503601074,0.21082450449466705
170.3623551390001,2026-09-13T10:44:22.248660+00:00,5.255936622619629,0.21209202706813812
170.4305000139998,2026-09-13T10:44:22.316135+00:00,5.245512008666992,0.2131967395544052
170.48955962499986,2026-09-13T10:44:22.375878+00:00,5.231037616729736,0.21215182542800903
170.57387227399977,2026-09-13T10:44:22.460176+00:00,5.213243007659912,0.21241554617881775
170.61760074699987,2026-09-13T10:44:22.503905+00:00,5.1993088722229,0.21296875178813934
170.72127513199985,2026-09-13T10:44:22.607589+00:00,5.187333106994629,0.21778059005737305
170.7789561049999,2026-09-13T10:44:22.665264+00:00,5.1830291748046875,0.219972163438797
170.84837484699983,2026-09-13T10:44:22.734677+00:00,5.184718608856201,0.21757401525974274
170.93773512100006,2026-09-13T10:44:22.824037+00:00,5.187877655029297,0.21287818253040314
170.9860737959998,2026-09-13T10:44:22.872374+00:00,5.1888227462768555,0.21173737943172455
171.04601398099976,2026-09-13T10:44:22.932309+00:00,5.188863277435303,0.21157711744308472
171.16584785199984,2026-09-13T10:44:23.052152+00:00,5.18914270401001,0.2106921225786209
171.20188016299971,2026-09-13T10:44:23.087962+00:00,5.189740180969238,0.20986652374267578
171.27476036500002,2026-09-13T10:44:23.161066+00:00,5.1902689933776855,0.20851710438728333
171.3390491109999,2026-09-13T10:44:23.225351+00:00,5.190040588378906,0.208355113863945
171.41321434799966,2026-09-13T10:44:23.299517+00:00,5.18907356262207,0.21187615394592285
171.4533441399999,2026-09-13T10:44:23.339661+00:00,5.184078693389893,0.21706679463386536
171.53910659799976,2026-09-13T10:44:23.425412+00:00,5.175574779510498,0.22233599424362183
171.60473202799994,2026-09-13T10:44:23.491031+00:00,5.1599040031433105,0.22743822634220123
171.70604595099985,2026-09-13T10:44:23.592316+00:00,5.148186683654785,0.22819794714450836
171.76258963700002,2026-09-13T10:44:23.648895+00:00,5.130655765533447,0.23386752605438232
171.83148647400003,2026-09-13T10:44:23.717789+00:00,5.11242151260376,0.23847967386245728
171.8841243009997,2026-09-13T10:44:23.770429+00:00,5.093987941741943,0.23468273878097534
171.95955572499997,2026-09-13T10:44:23.845856+00:00,5.0817670822143555,0.2340185046195984
172.0493828939998,2026-09-13T10:44:23.935691+00:00,5.0771708488464355,0.22790054976940155
172.1048648169999,2026-09-13T10:44:23.991167+00:00,5.077721118927002,0.2239791303873062
172.19501641399984,2026-09-13T10:44:24.076576+00:00,5.080809116363525,0.22452348470687866
172.21880364299977,2026-09-13T10:44:24.105104+00:00,5.082668781280518,0.22627848386764526
172.28869324900006,2026-09-13T10:44:24.174988+00:00,5.083124160766602,0.22680382430553436
172.40735693599981,2026-09-13T10:44:24.293678+00:00,5.08318567276001,0.2263089269399643
172.46856103499977,2026-09-13T10:44:24.354865+00:00,5.083624839782715,0.2253730148077011
172.53658552199977,2026-09-13T10:44:24.422866+00:00,5.083880424499512,0.22515851259231567
172.59935274500003,2026-09-13T10:44:24.485658+00:00,5.082292079925537,0.2260405570268631
172.67275968500007,2026-09-13T10:44:24.559061+00:00,5.0771484375,0.2247658520936966
172.76653722699984,2026-09-13T10:44:24.652853+00:00,5.066298484802246,0.22291147708892822
172.817120489,2026-09-13T10:44:24.703425+00:00,5.054471015930176,0.22144998610019684
172.90710295999997,2026-09-13T10:44:24.793408+00:00,5.0425848960876465,0.22447408735752106
172.9584191439999,2026-09-13T10:44:24.844722+00:00,5.029856204986572,0.22590325772762299
173.04381384499993,2026-09-13T10:44:24.930129+00:00,5.014013290405273,0.22572316229343414
173.0710482290001,2026-09-13T10:44:24.957364+00:00,4.997897624969482,0.2256654053926468
173.13932501299996,2026-09-13T10:44:25.025637+00:00,4.9835944175720215,0.2286151498556137
173.20988433699995,2026-09-13T10:44:25.096191+00:00,4.9768595695495605,0.23071515560150146
173.2831953689997,2026-09-13T10:44:25.169500+00:00,4.973831653594971,0.22722190618515015
173.3571175899997,2026-09-13T10:44:25.243434+00:00,4.976285457611084,0.22096680104732513
173.42380103999994,2026-09-13T10:44:25.310110+00:00,4.97791051864624,0.21620796620845795
173.51624381700003,2026-09-13T10:44:25.402543+00:00,4.977781295776367,0.2140725702047348
173.58947695899997,2026-09-13T10:44:25.475781+00:00,4.977535724639893,0.21286650002002716
173.64673346900008,2026-09-13T10:44:25.533036+00:00,4.977623462677002,0.21126438677310944
173.7306927300001,2026-09-13T10:44:25.617014+00:00,4.977591514587402,0.21013815701007843
173.78559908199986,2026-09-13T10:44:25.671906+00:00,4.975200653076172,0.2115984857082367
173.83542107099993,2026-09-13T10:44:25.721724+00:00,4.968476295471191,0.219050794839859
173.9065144289998,2026-09-13T10:44:25.792820+00:00,4.960603713989258,0.2220102697610855
173.98339978900003,2026-09-13T10:44:25.869702+00:00,4.950355052947998,0.2241629958152771
174.07106733499995,2026-09-13T10:44:25.957374+00:00,4.938957691192627,0.22701439261436462
174.1511289289997,2026-09-13T10:44:26.037433+00:00,4.922591209411621,0.23669733107089996
174.19319609900003,2026-09-13T10:44:26.079514+00:00,4.896825313568115,0.23468366265296936
174.28205769999977,2026-09-13T10:44:26.168361+00:00,4.8747124671936035,0.23089206218719482
174.36300697199977,2026-09-13T10:44:26.249314+00:00,4.853422164916992,0.2310810685157776
174.419816523,2026-09-13T10:44:26.306120+00:00,4.832577228546143,0.23551447689533234
174.47712628399995,2026-09-13T10:44:26.363101+00:00,4.814661502838135,0.23966896533966064
174.5603297749999,2026-09-13T10:44:26.446628+00:00,4.787220001220703,0.24440063536167145
174.627007305,2026-09-13T10:44:26.513325+00:00,4.763819694519043,0.24689246714115143
174.70097787999975,2026-09-13T10:44:26.587202+00:00,4.74559211730957,0.2451179176568985
174.7628835380001,2026-09-13T10:44:26.649199+00:00,4.732150554656982,0.24897612631320953
174.82896303200005,2026-09-13T10:44:26.715270+00:00,4.720796585083008,0.25786882638931274
174.90610814499996,2026-09-13T10:44:26.792411+00:00,4.71460485458374,0.25655388832092285
174.98095637999995,2026-09-13T10:44:26.867259+00:00,4.712193489074707,0.24888107180595398
175.06549972499988,2026-09-13T10:44:26.951800+00:00,4.712377071380615,0.24795660376548767
175.12108837100004,2026-09-13T10:44:27.007396+00:00,4.713193416595459,0.24866771697998047
175.22442418599985,2026-09-13T10:44:27.110728+00:00,4.713123321533203,0.24903011322021484
175.28276959699997,2026-09-13T10:44:27.169075+00:00,4.712161540985107,0.2486121654510498
175.3602545609997,2026-09-13T10:44:27.246558+00:00,4.71140718460083,0.24733665585517883
175.4324310269999,2026-09-13T10:44:27.318744+00:00,4.710648059844971,0.23431694507598877
175.48465431299974,2026-09-13T10:44:27.370953+00:00,4.709596157073975,0.21152734756469727
175.56982820599978,2026-09-13T10:44:27.456126+00:00,4.708293437957764,0.1908799558877945
175.62063173299975,2026-09-13T10:44:27.506936+00:00,4.7067437171936035,0.17373380064964294
175.68170510699974,2026-09-13T10:44:27.568010+00:00,4.705030918121338,0.1535535454750061
175.74966431199982,2026-09-13T10:44:27.635969+00:00,4.703568935394287,0.13694892823696136
175.82100676599975,2026-09-13T10:44:27.707317+00:00,4.702269077301025,0.12208154052495956
175.8813522119999,2026-09-13T10:44:27.767519+00:00,4.701108932495117,0.10681144893169403
175.9445586500001,2026-09-13T10:44:27.830861+00:00,4.69964075088501,0.09105269610881805
176.05653302499968,2026-09-13T10:44:27.942838+00:00,4.698311805725098,0.07601895183324814
176.0878469710001,2026-09-13T10:44:27.974153+00:00,4.69672155380249,0.06027562916278839
176.1818646490001,2026-09-13T10:44:28.068166+00:00,4.695212364196777,0.046615567058324814
176.24919576799994,2026-09-13T10:44:28.135499+00:00,4.6937737464904785,0.03409475460648537
176.32569302000002,2026-09-13T10:44:28.212014+00:00,4.692404747009277,0.022637708112597466
176.37625048900009,2026-09-13T10:44:28.262555+00:00,4.690919399261475,0.010769113898277283
176.4473099259999,2026-09-13T10:44:28.333617+00:00,4.68979024887085,0.0010737278498709202
176.52180870999973,2026-09-13T10:44:28.408116+00:00,4.688855171203613,-0.009504873305559158
176.61225916500007,2026-09-13T10:44:28.498559+00:00,4.687490940093994,-0.019602227956056595
176.64930290199982,2026-09-13T10:44:28.535604+00:00,4.686028957366943,-0.030352963134646416
176.75751817599985,2026-09-13T10:44:28.643837+00:00,4.684627056121826,-0.04146049544215202
176.77551615499988,2026-09-13T10:44:28.661834+00:00,4.683694362640381,-0.050981953740119934
176.85329111300007,2026-09-13T10:44:28.739596+00:00,4.683188438415527,-0.06353691220283508
176.9484203799998,2026-09-13T10:44:28.834730+00:00,4.683121204376221,-0.07843983173370361
177.01502270699984,2026-09-13T10:44:28.901331+00:00,4.682480812072754,-0.09417712688446045
177.07416712099985,2026-09-13T10:44:28.960474+00:00,4.681346893310547,-0.11146608740091324
177.12970965399973,2026-09-13T10:44:29.016017+00:00,4.68008279800415,-0.1331353485584259
177.24284057999967,2026-09-13T10:44:29.129140+00:00,4.680004596710205,-0.1622847616672516
177.32428244499988,2026-09-13T10:44:29.210601+00:00,4.68060827255249,-0.17726682126522064
177.3551222619999,2026-09-13T10:44:29.241428+00:00,4.681545257568359,-0.21136175096035004
177.45001833800006,2026-09-13T10:44:29.336321+00:00,4.684167385101318,-0.25667861104011536
177.5176217549997,2026-09-13T10:44:29.403925+00:00,4.685154438018799,-0.29582369327545166
177.6067002269997,2026-09-13T10:44:29.493021+00:00,4.685597896575928,-0.29693764448165894
177.65444307500002,2026-09-13T10:44:29.540748+00:00,4.686120510101318,-0.2972888648509979
177.74408415800008,2026-09-13T10:44:29.630395+00:00,4.687062740325928,-0.297335147857666
177.78066899999976,2026-09-13T10:44:29.666969+00:00,4.688506603240967,-0.2962046265602112
177.85605808599985,2026-09-13T10:44:29.742358+00:00,4.689912796020508,-0.2953137159347534
177.8981672089999,2026-09-13T10:44:29.784465+00:00,4.69127893447876,-0.2942107319831848
177.9953673619998,2026-09-13T10:44:29.881687+00:00,4.692451000213623,-0.2933346927165985
178.06188098199982,2026-09-13T10:44:29.948197+00:00,4.693209171295166,-0.29264432191848755
178.1336144259999,2026-09-13T10:44:30.019921+00:00,4.694145202636719,-0.2922380268573761
178.1896856479998,2026-09-13T10:44:30.075994+00:00,4.6948561668396,-0.29192766547203064
178.27928989799966,2026-09-13T10:44:30.165597+00:00,4.695181369781494,-0.2806318998336792
178.356125625,2026-09-13T10:44:30.242431+00:00,4.695524215698242,-0.2648496925830841
178.43586407199973,2026-09-13T10:44:30.322168+00:00,4.695725440979004,-0.2506704032421112
178.48643850300004,2026-09-13T10:44:30.372743+00:00,4.695486068725586,-0.23901303112506866
178.5565728849997,2026-09-13T10:44:30.442874+00:00,4.694935321807861,-0.2258618026971817
178.6339547409998,2026-09-13T10:44:30.520258+00:00,4.6942620277404785,-0.21508724987506866
178.70378005699968,2026-09-13T10:44:30.590086+00:00,4.69352912902832,-0.20354945957660675
178.7691636239997,2026-09-13T10:44:30.655470+00:00,4.692925453186035,-0.19255803525447845
178.8272725779998,2026-09-13T10:44:30.713576+00:00,4.6925129890441895,-0.18370234966278076
178.91865650399996,2026-09-13T10:44:30.804973+00:00,4.692263126373291,-0.17411404848098755
178.98774134699988,2026-09-13T10:44:30.873994+00:00,4.692190170288086,-0.16591452062129974
179.0289876249999,2026-09-13T10:44:30.915288+00:00,4.692291259765625,-0.15867933630943298
179.11911982899983,2026-09-13T10:44:31.005420+00:00,4.692167282104492,-0.14879027009010315
179.197881348,2026-09-13T10:44:31.084171+00:00,4.692250728607178,-0.1436402052640915
179.24960602500005,2026-09-13T10:44:31.135904+00:00,4.692299842834473,-0.13635210692882538
179.31245289799972,2026-09-13T10:44:31.198758+00:00,4.6926374435424805,-0.1296916902065277
179.38984675499978,2026-09-13T10:44:31.276152+00:00,4.693294048309326,-0.12304220348596573
179.47845010799983,2026-09-13T10:44:31.364755+00:00,4.694149971008301,-0.11584637314081192
179.5468920809999,2026-09-13T10:44:31.433201+00:00,4.694849491119385,-0.11081019043922424
179.6055247659997,2026-09-13T10:44:31.491823+00:00,4.695949554443359,-0.10436095297336578
179.67603026400002,2026-09-13T10:44:31.562335+00:00,4.697175979614258,-0.09928713738918304
179.7306983999997,2026-09-13T10:44:31.617002+00:00,4.6986083984375,-0.093837209045887
179.82544544599978,2026-09-13T10:44:31.711749+00:00,4.700397491455078,-0.08824270218610764
179.90763216799996,2026-09-13T10:44:31.793939+00:00,4.702145099639893,-0.08214292675256729
179.98257995899985,2026-09-13T10:44:31.868757+00:00,4.703909873962402,-0.07409077882766724
180.04487058999985,2026-09-13T10:44:31.931181+00:00,4.705536842346191,-0.06616824865341187
180.115778374,2026-09-13T10:44:32.002097+00:00,4.707373142242432,-0.056939586997032166
180.15871091600002,2026-09-13T10:44:32.045020+00:00,4.708870887756348,-0.045531708747148514
180.2519917689997,2026-09-13T10:44:32.138298+00:00,4.710467338562012,-0.029709329828619957
180.33433654400005,2026-09-13T10:44:32.220636+00:00,4.712427139282227,-0.012310446240007877
180.38085541500004,2026-09-13T10:44:32.267159+00:00,4.714587211608887,-0.019470464438199997
180.47897687899967,2026-09-13T10:44:32.365284+00:00,4.714653968811035,-0.027853338047862053
180.55894919000002,2026-09-13T10:44:32.445252+00:00,4.713040351867676,-0.03211019188165665
180.61509430299975,2026-09-13T10:44:32.501394+00:00,4.710387229919434,-0.037584979087114334
180.66122858499966,2026-09-13T10:44:32.547534+00:00,4.708956241607666,-0.039145950227975845
180.74907399199992,2026-09-13T10:44:32.635302+00:00,4.70708703994751,-0.04254613444209099
180.815698848,2026-09-13T10:44:32.702000+00:00,4.706095218658447,-0.044294100254774094
180.88999253799966,2026-09-13T10:44:32.776296+00:00,4.70535135269165,-0.045815858989953995
180.95011999200005,2026-09-13T10:44:32.836424+00:00,4.704651832580566,-0.0466892309486866
181.01242348799997,2026-09-13T10:44:32.898724+00:00,4.704000949859619,-0.048079121857881546
181.095668165,2026-09-13T10:44:32.981973+00:00,4.703474521636963,-0.04887699335813522
181.159417501,2026-09-13T10:44:33.045735+00:00,4.702949523925781,-0.049708712846040726
181.2212077629997,2026-09-13T10:44:33.107509+00:00,4.702532768249512,-0.050383348017930984
181.27975026800004,2026-09-13T10:44:33.166024+00:00,4.702229022979736,-0.050765808671712875
181.34987361000003,2026-09-13T10:44:33.236195+00:00,4.701949596405029,-0.05099324882030487
181.4419745199998,2026-09-13T10:44:33.328278+00:00,4.7011847496032715,-0.034893106669187546
181.48297986199987,2026-09-13T10:44:33.369286+00:00,4.700231552124023,-0.022164981812238693
181.59449454199967,2026-09-13T10:44:33.480786+00:00,4.699253082275391,-0.010859926231205463
181.67427036699974,2026-09-13T10:44:33.560576+00:00,4.6984639167785645,-0.0028267712332308292
181.72484492500007,2026-09-13T10:44:33.611149+00:00,4.697329044342041,0.00719357468187809
181.79367539099985,2026-09-13T10:44:33.679961+00:00,4.696031093597412,0.014749365858733654
181.89081183000008,2026-09-13T10:44:33.777113+00:00,4.696857929229736,0.004159151576459408
181.93914999299977,2026-09-13T10:44:33.825468+00:00,4.6971588134765625,-0.003906802739948034
182.00991809199968,2026-09-13T10:44:33.896221+00:00,4.697048664093018,-0.005920336581766605
182.07110983899975,2026-09-13T10:44:33.957413+00:00,4.696769714355469,-0.00777637492865324
182.1398343169999,2026-09-13T10:44:34.026137+00:00,4.696364879608154,-0.009666848927736282
182.2154304820001,2026-09-13T10:44:34.101728+00:00,4.696220874786377,-0.010485469363629818
182.2899824199999,2026-09-13T10:44:34.176286+00:00,4.69618558883667,-0.01175952609628439
182.37634336199972,2026-09-13T10:44:34.262647+00:00,4.696166515350342,-0.012973721139132977
182.40881267299983,2026-09-13T10:44:34.295121+00:00,4.69606876373291,-0.014074522070586681
182.50135174199977,2026-09-13T10:44:34.387656+00:00,4.695924758911133,-0.01492484100162983
182.5851414609997,2026-09-13T10:44:34.471447+00:00,4.695679187774658,-0.01546245627105236
182.65494751200004,2026-09-13T10:44:34.541256+00:00,4.695544242858887,-0.01587142050266266
182.71198123099975,2026-09-13T10:44:34.598283+00:00,4.695441246032715,-0.016260819509625435
182.7785778299999,2026-09-13T10:44:34.664882+00:00,4.695309638977051,-0.016220949590206146
182.86484753700006,2026-09-13T10:44:34.751146+00:00,4.695118427276611,-0.016390038654208183
182.93391244299983,2026-09-13T10:44:34.820218+00:00,4.694940567016602,-0.01663648895919323
182.98807800199984,2026-09-13T10:44:34.874377+00:00,4.694733619689941,-0.016625670716166496
183.06079791000002,2026-09-13T10:44:34.947113+00:00,4.6945013999938965,-0.0165860615670681
183.0902726899999,2026-09-13T10:44:34.976377+00:00,4.694232940673828,-0.016871485859155655
183.19420100399975,2026-09-13T10:44:35.080508+00:00,4.693894386291504,-0.01711718551814556
183.24252179099994,2026-09-13T10:44:35.128830+00:00,4.693660259246826,-0.017272083088755608
183.31861902799983,2026-09-13T10:44:35.204920+00:00,4.69343376159668,-0.017529573291540146
183.395620968,2026-09-13T10:44:35.281934+00:00,4.693272590637207,-0.018040606752038002
183.46708000199988,2026-09-13T10:44:35.353401+00:00,4.693051338195801,-0.01784438267350197
183.52959697699998,2026-09-13T10:44:35.415903+00:00,4.6929168701171875,-0.018150558695197105
183.60266748899994,2026-09-13T10:44:35.488976+00:00,4.692835807800293,-0.018662406131625175
183.69644791099972,2026-09-13T10:44:35.582747+00:00,4.692664623260498,-0.01874013990163803
183.7817748980001,2026-09-13T10:44:35.668089+00:00,4.692461967468262,-0.018908223137259483
183.82495743299978,2026-09-13T10:44:35.711258+00:00,4.692200183868408,-0.01927429996430874
183.91434330799984,2026-09-13T10:44:35.800645+00:00,4.691988468170166,-0.019629482179880142
183.97198495099974,2026-09-13T10:44:35.858289+00:00,4.691778182983398,-0.01966673508286476
184.0331984899999,2026-09-13T10:44:35.919507+00:00,4.691528797149658,-0.019958626478910446
184.1174805779997,2026-09-13T10:44:36.003790+00:00,4.691335201263428,-0.020378410816192627
184.18273463600008,2026-09-13T10:44:36.069049+00:00,4.691090106964111,-0.020182974636554718
184.23652965499969,2026-09-13T10:44:36.122832+00:00,4.690934181213379,-0.020228533074259758
184.2851389309999,2026-09-13T10:44:36.171445+00:00,4.690843105316162,-0.02035127766430378
184.36992302,2026-09-13T10:44:36.256224+00:00,4.690718650817871,-0.02021629363298416
184.43819749999966,2026-09-13T10:44:36.324497+00:00,4.690650463104248,-0.02021893300116062
184.48178174399982,2026-09-13T10:44:36.368092+00:00,4.6906657218933105,-0.02049476094543934
184.5660732719998,2026-09-13T10:44:36.452377+00:00,4.690587997436523,-0.02047397568821907
184.66101069299975,2026-09-13T10:44:36.547317+00:00,4.690506458282471,-0.02049279399216175
184.72516800999983,2026-09-13T10:44:36.611478+00:00,4.690524578094482,-0.02076035551726818
184.81662723499994,2026-09-13T10:44:36.702928+00:00,4.690549850463867,-0.020788636058568954
184.860676711,2026-09-13T10:44:36.746977+00:00,4.690332412719727,-0.02058936282992363
184.95201417099997,2026-09-13T10:44:36.838317+00:00,4.690818786621094,-0.03358098492026329
185.00840265199986,2026-09-13T10:44:36.894704+00:00,4.6912689208984375,-0.05617590248584747
185.08144852399982,2026-09-13T10:44:36.967755+00:00,4.691132545471191,-0.07478620857000351
185.1221833919999,2026-09-13T10:44:37.008491+00:00,4.691075801849365,-0.09132740646600723
185.22887256700005,2026-09-13T10:44:37.115167+00:00,4.691021919250488,-0.10951855778694153
185.27570226399985,2026-09-13T10:44:37.162006+00:00,4.6913533210754395,-0.12312118709087372
185.32434949399976,2026-09-13T10:44:37.210656+00:00,4.691422939300537,-0.13713079690933228
185.41070384299974,2026-09-13T10:44:37.297003+00:00,4.691068649291992,-0.1529272049665451
185.52239593700006,2026-09-13T10:44:37.408707+00:00,4.691222190856934,-0.1687472015619278
185.58592388999978,2026-09-13T10:44:37.472230+00:00,4.6913838386535645,-0.1796633005142212
185.62562918799995,2026-09-13T10:44:37.511936+00:00,4.691166400909424,-0.19077061116695404
185.69003041799988,2026-09-13T10:44:37.576331+00:00,4.690702438354492,-0.20036011934280396
185.7843410659998,2026-09-13T10:44:37.670647+00:00,4.690194129943848,-0.21023201942443848
185.84403452199967,2026-09-13T10:44:37.730341+00:00,4.689486980438232,-0.22059623897075653
185.91661916199973,2026-09-13T10:44:37.802922+00:00,4.688938617706299,-0.2328973114490509
185.99285185999997,2026-09-13T10:44:37.879147+00:00,4.688509941101074,-0.24336674809455872
186.08095257199966,2026-09-13T10:44:37.967259+00:00,4.688002109527588,-0.2530576288700104
186.14107032999982,2026-09-13T10:44:38.027370+00:00,4.6878342628479,-0.2635432183742523
186.21261947899984,2026-09-13T10:44:38.098923+00:00,4.687788009643555,-0.2744407653808594
186.27168603399969,2026-09-13T10:44:38.157995+00:00,4.687614917755127,-0.28405430912971497
186.35775032599986,2026-09-13T10:44:38.244054+00:00,4.687475681304932,-0.295760840177536
186.40489123299994,2026-09-13T10:44:38.291193+00:00,4.687214374542236,-0.30789583921432495
186.4830943009997,2026-09-13T10:44:38.369398+00:00,4.686689376831055,-0.3227522671222687
186.56071117400006,2026-09-13T10:44:38.447024+00:00,4.68621301651001,-0.3372173309326172
186.62078352299977,2026-09-13T10:44:38.507088+00:00,4.685886383056641,-0.34813791513442993
186.69757169600007,2026-09-13T10:44:38.583878+00:00,4.685379981994629,-0.3626845180988312
186.7663822249997,2026-09-13T10:44:38.652642+00:00,4.685177326202393,-0.3742374777793884
186.84565419299997,2026-09-13T10:44:38.731956+00:00,4.68494987487793,-0.38911035656929016
186.909454955,2026-09-13T10:44:38.795756+00:00,4.684452056884766,-0.4045497477054596
186.9723091249998,2026-09-13T10:44:38.858615+00:00,4.683966159820557,-0.41975924372673035
187.03986437999993,2026-09-13T10:44:38.926164+00:00,4.683696269989014,-0.43577247858047485
187.09420594499989,2026-09-13T10:44:38.980508+00:00,4.683263778686523,-0.4533185362815857
187.16081239999994,2026-09-13T10:44:39.047121+00:00,4.682708263397217,-0.47527971863746643
187.2552934219998,2026-09-13T10:44:39.141598+00:00,4.6825103759765625,-0.4937879145145416
187.32547506899982,2026-09-13T10:44:39.211783+00:00,4.682466983795166,-0.511132001876831
187.36911672399992,2026-09-13T10:44:39.255423+00:00,4.681246280670166,-0.5257818698883057
187.44780780799965,2026-09-13T10:44:39.334108+00:00,4.684004783630371,-0.5176887512207031
187.5553164019998,2026-09-13T10:44:39.441618+00:00,4.685408115386963,-0.5127922892570496
187.61870998199993,2026-09-13T10:44:39.505029+00:00,4.688325881958008,-0.5101051926612854
187.68057762299986,2026-09-13T10:44:39.566874+00:00,4.69194221496582,-0.5098810195922852
187.74856646099988,2026-09-13T10:44:39.634876+00:00,4.6942033767700195,-0.5097789764404297
187.82696569599966,2026-09-13T10:44:39.713275+00:00,4.694937229156494,-0.5065562129020691
187.89143272,2026-09-13T10:44:39.777743+00:00,4.694729328155518,-0.5044535994529724
187.96627721100003,2026-09-13T10:44:39.852577+00:00,4.694966793060303,-0.50135338306427
188.02190045099996,2026-09-13T10:44:39.908203+00:00,4.695100784301758,-0.5001037120819092
188.09611586499977,2026-09-13T10:44:39.982420+00:00,4.6954426765441895,-0.49861371517181396
188.17943968100008,2026-09-13T10:44:40.065756+00:00,4.695859432220459,-0.49762579798698425
188.24708386799966,2026-09-13T10:44:40.133390+00:00,4.696126461029053,-0.4964965879917145
188.30529877799972,2026-09-13T10:44:40.191602+00:00,4.696151256561279,-0.4959785044193268
188.37702905299966,2026-09-13T10:44:40.263325+00:00,4.696213722229004,-0.4953841269016266
188.4295567649997,2026-09-13T10:44:40.315833+00:00,4.69623327255249,-0.49498578906059265
188.48640398199996,2026-09-13T10:44:40.372709+00:00,4.696243762969971,-0.4943752884864807
188.58840215100008,2026-09-13T10:44:40.474708+00:00,4.69624662399292,-0.4942891597747803
188.67459396699996,2026-09-13T10:44:40.560792+00:00,4.696207046508789,-0.4941222667694092
188.73474382299992,2026-09-13T10:44:40.621046+00:00,4.696201324462891,-0.49381223320961
188.79244396400009,2026-09-13T10:44:40.678750+00:00,4.696211814880371,-0.4936266839504242
188.8634210299997,2026-09-13T10:44:40.749719+00:00,4.6956987380981445,-0.4932433068752289
188.9070013380001,2026-09-13T10:44:40.793307+00:00,4.69622802734375,-0.4739297926425934
188.97885593799992,2026-09-13T10:44:40.865173+00:00,4.696619510650635,-0.4397412836551666
189.05165280899973,2026-09-13T10:44:40.937961+00:00,4.6970648765563965,-0.407834529876709
189.14038906199994,2026-09-13T10:44:41.026690+00:00,4.6972432136535645,-0.38526663184165955
189.22625363499992,2026-09-13T10:44:41.112557+00:00,4.697071552276611,-0.36053210496902466
189.3007900839998,2026-09-13T10:44:41.187090+00:00,4.697007656097412,-0.3385104537010193
189.3688157229999,2026-09-13T10:44:41.255120+00:00,4.697052001953125,-0.3094146251678467
189.43358717299998,2026-09-13T10:44:41.319893+00:00,4.696894645690918,-0.2918611764907837
189.51561251299972,2026-09-13T10:44:41.401921+00:00,4.69669246673584,-0.27219855785369873
189.5852412459999,2026-09-13T10:44:41.471544+00:00,4.696547031402588,-0.252013236284256
189.64375162299984,2026-09-13T10:44:41.530058+00:00,4.696508884429932,-0.2359936684370041
189.7270022519997,2026-09-13T10:44:41.613319+00:00,4.696387767791748,-0.2200082242488861
189.80998071199974,2026-09-13T10:44:41.696279+00:00,4.696224212646484,-0.20686961710453033
189.86208533799982,2026-09-13T10:44:41.748394+00:00,4.695977687835693,-0.19224050641059875
189.9154515099999,2026-09-13T10:44:41.801758+00:00,4.69575834274292,-0.17888469994068146
189.994579057,2026-09-13T10:44:41.880885+00:00,4.695561408996582,-0.16547110676765442
190.06041767899978,2026-09-13T10:44:41.946721+00:00,4.6953125,-0.15293093025684357
190.13673012399977,2026-09-13T10:44:42.023035+00:00,4.694847106933594,-0.14015339314937592
190.20442080799967,2026-09-13T10:44:42.090725+00:00,4.694294452667236,-0.1282208412885666
190.29808615399998,2026-09-13T10:44:42.184394+00:00,4.6936445236206055,-0.11657063663005829
190.35253853899985,2026-09-13T10:44:42.238842+00:00,4.692997932434082,-0.1053934395313263
190.42905834999965,2026-09-13T10:44:42.315358+00:00,4.692249298095703,-0.09273470193147659
190.4848251149997,2026-09-13T10:44:42.371132+00:00,4.69160270690918,-0.081985242664814
190.55875719200003,2026-09-13T10:44:42.445067+00:00,4.690956115722656,-0.07197117805480957
190.61404067600006,2026-09-13T10:44:42.500342+00:00,4.690288543701172,-0.0612298920750618
190.6790769989998,2026-09-13T10:44:42.565388+00:00,4.68966007232666,-0.04979546740651131
190.74856870299982,2026-09-13T10:44:42.634875+00:00,4.689078330993652,-0.03756547346711159
190.84783391699966,2026-09-13T10:44:42.734139+00:00,4.6886396408081055,-0.026104988530278206
190.91452751199995,2026-09-13T10:44:42.800834+00:00,4.68809700012207,-0.012407434172928333
191.0047193979999,2026-09-13T10:44:42.891002+00:00,4.687689304351807,-0.001480950159020722
191.058843067,2026-09-13T10:44:42.945160+00:00,4.687209606170654,0.008384459652006626
191.11697538299995,2026-09-13T10:44:43.003277+00:00,4.686842918395996,0.01825903169810772
191.2181914140001,2026-09-13T10:44:43.104500+00:00,4.686762809753418,0.030631817877292633
191.29524705199992,2026-09-13T10:44:43.181564+00:00,4.68719482421875,0.043432023376226425
191.34375389299976,2026-09-13T10:44:43.230028+00:00,4.687758445739746,0.05695120990276337
191.38925663400005,2026-09-13T10:44:43.275560+00:00,4.6881422996521,0.07339522242546082
191.46121994099985,2026-09-13T10:44:43.347529+00:00,4.687965393066406,0.09192860126495361
191.51845436999974,2026-09-13T10:44:43.404762+00:00,4.687623977661133,0.11119464039802551
191.59210698199968,2026-09-13T10:44:43.478360+00:00,4.687107086181641,0.12426164001226425
191.6758245709998,2026-09-13T10:44:43.562131+00:00,4.686141490936279,0.14064165949821472
191.74804996700004,2026-09-13T10:44:43.634358+00:00,4.6849775314331055,0.16168609261512756
191.81784305699966,2026-09-13T10:44:43.704143+00:00,4.68388557434082,0.18127726018428802
191.88070151500006,2026-09-13T10:44:43.766951+00:00,4.68315315246582,0.1990862488746643
191.95554939899966,2026-09-13T10:44:43.841855+00:00,4.683986186981201,0.21639728546142578
192.0269965929997,2026-09-13T10:44:43.913311+00:00,4.686436653137207,0.24352332949638367
192.1130129789999,2026-09-13T10:44:43.999326+00:00,4.687647342681885,0.2724204659461975
192.15893099699997,2026-09-13T10:44:44.045237+00:00,4.6871747970581055,0.2966891825199127
192.25374860600004,2026-09-13T10:44:44.140044+00:00,4.6850080490112305,0.3146606981754303
192.31555784500006,2026-09-13T10:44:44.201860+00:00,4.684222221374512,0.3321652114391327
192.36952480499986,2026-09-13T10:44:44.255826+00:00,4.684463977813721,0.3527835011482239
192.437511051,2026-09-13T10:44:44.323814+00:00,4.683899879455566,0.38156938552856445
192.51170268899978,2026-09-13T10:44:44.398000+00:00,4.684562683105469,0.40297311544418335
192.59757676599975,2026-09-13T10:44:44.483898+00:00,4.684136390686035,0.4249378740787506
192.66092512899968,2026-09-13T10:44:44.547228+00:00,4.683315753936768,0.4466816186904907
192.73807379299978,2026-09-13T10:44:44.624371+00:00,4.681946277618408,0.46732649207115173
192.80514884099966,2026-09-13T10:44:44.691452+00:00,4.6802263259887695,0.4866449534893036
192.8892593390001,2026-09-13T10:44:44.775583+00:00,4.67758846282959,0.5046675205230713
192.93005392199984,2026-09-13T10:44:44.816362+00:00,4.675704479217529,0.5005613565444946
192.9965653659997,2026-09-13T10:44:44.882866+00:00,4.674907207489014,0.48802319169044495
193.07740292299968,2026-09-13T10:44:44.963709+00:00,4.675234794616699,0.48045817017555237
193.14708631299982,2026-09-13T10:44:45.033403+00:00,4.676434516906738,0.4745326340198517
193.24620985799993,2026-09-13T10:44:45.132515+00:00,4.677863597869873,0.47538331151008606
193.29368376899993,2026-09-13T10:44:45.179967+00:00,4.677270889282227,0.47232723236083984
193.354229734,2026-09-13T10:44:45.240546+00:00,4.6765265464782715,0.4657739996910095
193.42511108500003,2026-09-13T10:44:45.311412+00:00,4.675875186920166,0.46130040287971497
193.47366618299975,2026-09-13T10:44:45.359971+00:00,4.675544738769531,0.4582820236682892
193.55934806200003,2026-09-13T10:44:45.445657+00:00,4.6752471923828125,0.45462843775749207
193.63283925999986,2026-09-13T10:44:45.519143+00:00,4.675102710723877,0.45202872157096863
193.71436928799994,2026-09-13T10:44:45.600672+00:00,4.674909591674805,0.4489935040473938
193.76840549899998,2026-09-13T10:44:45.654714+00:00,4.674708366394043,0.44591930508613586
193.84901264699965,2026-09-13T10:44:45.735316+00:00,4.674498081207275,0.44330230355262756
193.9270479339998,2026-09-13T10:44:45.813345+00:00,4.674432277679443,0.44097527861595154
193.99378584999977,2026-09-13T10:44:45.880103+00:00,4.674393653869629,0.4393247663974762
194.0444422669998,2026-09-13T10:44:45.930748+00:00,4.674306392669678,0.4373421370983124
194.10378339099998,2026-09-13T10:44:45.990085+00:00,4.67405366897583,0.43537384271621704
194.18196693899972,2026-09-13T10:44:46.068270+00:00,4.6739606857299805,0.43410226702690125
194.24271902200007,2026-09-13T10:44:46.129026+00:00,4.67387580871582,0.4331253468990326
194.33719901999984,2026-09-13T10:44:46.223501+00:00,4.673793315887451,0.432189404964447
194.40675181400002,2026-09-13T10:44:46.293055+00:00,4.673726558685303,0.43062758445739746
194.46509392899998,2026-09-13T10:44:46.351395+00:00,4.673666477203369,0.429168701171875
194.549266989,2026-09-13T10:44:46.435569+00:00,4.6735968589782715,0.42833036184310913
194.63444277100007,2026-09-13T10:44:46.520758+00:00,4.673636436462402,0.42777037620544434
194.6914755939997,2026-09-13T10:44:46.577779+00:00,4.6736578941345215,0.427166610956192
194.78154072300003,2026-09-13T10:44:46.667823+00:00,4.6735992431640625,0.4267650544643402
194.87021915099967,2026-09-13T10:44:46.756437+00:00,4.673591613769531,0.4263876974582672
194.93123914699981,2026-09-13T10:44:46.817541+00:00,4.673213005065918,0.43372756242752075
194.96481003200006,2026-09-13T10:44:46.851111+00:00,4.672605514526367,0.44863632321357727
195.0500135909997,2026-09-13T10:44:46.936335+00:00,4.671521186828613,0.467176228761673
195.11284407999983,2026-09-13T10:44:46.999151+00:00,4.670101642608643,0.48086023330688477
195.163746361,2026-09-13T10:44:47.050068+00:00,4.668225288391113,0.4968879520893097
195.22439866500008,2026-09-13T10:44:47.110536+00:00,4.666620254516602,0.5133761167526245
195.31576467099967,2026-09-13T10:44:47.202072+00:00,4.665275573730469,0.5282555222511292
195.37968981999984,2026-09-13T10:44:47.265993+00:00,4.664093971252441,0.543124794960022
195.4406533030001,2026-09-13T10:44:47.326954+00:00,4.662891864776611,0.5613254308700562
195.50080066200007,2026-09-13T10:44:47.387105+00:00,4.662002086639404,0.5771169662475586
195.6014142089998,2026-09-13T10:44:47.487724+00:00,4.661594390869141,0.5638355612754822
195.6843533399997,2026-09-13T10:44:47.570655+00:00,4.661620616912842,0.5492826104164124
195.7272218799999,2026-09-13T10:44:47.613527+00:00,4.661971092224121,0.5427688360214233
195.79767819299968,2026-09-13T10:44:47.683984+00:00,4.6619954109191895,0.5361452102661133
195.88020828599974,2026-09-13T10:44:47.766514+00:00,4.661886215209961,0.531779408454895
195.95872032499983,2026-09-13T10:44:47.845026+00:00,4.661632537841797,0.526593029499054
196.0177987520001,2026-09-13T10:44:47.904099+00:00,4.661400318145752,0.5215897560119629
196.0875573129997,2026-09-13T10:44:47.973874+00:00,4.661226272583008,0.5176122188568115
196.15266733499993,2026-09-13T10:44:48.038975+00:00,4.66117000579834,0.5149028897285461
196.21610331600004,2026-09-13T10:44:48.102386+00:00,4.661194801330566,0.5108683109283447
196.28460996400008,2026-09-13T10:44:48.170910+00:00,4.661208152770996,0.5068223476409912
196.3602760509998,2026-09-13T10:44:48.246582+00:00,4.661196231842041,0.5045685172080994
196.43502268299972,2026-09-13T10:44:48.321330+00:00,4.66121244430542,0.5010939240455627
196.485751231,2026-09-13T10:44:48.372018+00:00,4.661362171173096,0.49914997816085815
196.55813884000008,2026-09-13T10:44:48.444449+00:00,4.6615495681762695,0.49791741371154785
196.62232767899968,2026-09-13T10:44:48.508634+00:00,4.661709785461426,0.4961147904396057
196.69415811699992,2026-09-13T10:44:48.580388+00:00,4.661827564239502,0.493542343378067
196.79180785299968,2026-09-13T10:44:48.678121+00:00,4.661868095397949,0.4907602071762085
196.83838554199974,2026-09-13T10:44:48.724613+00:00,4.661837100982666,0.48873576521873474
196.93081887900007,2026-09-13T10:44:48.817127+00:00,4.661873817443848,0.4866013526916504
196.98527923099982,2026-09-13T10:44:48.871588+00:00,4.661949157714844,0.48460832238197327
197.0489093629999,2026-09-13T10:44:48.935229+00:00,4.662181854248047,0.48199528455734253
197.1735278430001,2026-09-13T10:44:49.059832+00:00,4.662406921386719,0.4802967607975006
197.23763712699974,2026-09-13T10:44:49.123951+00:00,4.662374019622803,0.47864049673080444
197.2790253610001,2026-09-13T10:44:49.165172+00:00,4.66226863861084,0.4770403206348419
197.39416477099985,2026-09-13T10:44:49.280469+00:00,4.662212371826172,0.47535115480422974
197.44754761600007,2026-09-13T10:44:49.333847+00:00,4.6621904373168945,0.4743380844593048
197.53440118199978,2026-09-13T10:44:49.420712+00:00,4.662110805511475,0.4736512303352356
197.5873374509997,2026-09-13T10:44:49.473657+00:00,4.662082672119141,0.47298577427864075
197.62542896700006,2026-09-13T10:44:49.511733+00:00,4.662127494812012,0.4724547564983368
197.67355592400008,2026-09-13T10:44:49.559858+00:00,4.662133693695068,0.47191476821899414
197.756476046,2026-09-13T10:44:49.642778+00:00,4.662180423736572,0.47144466638565063
197.82698660100004,2026-09-13T10:44:49.713288+00:00,4.662299156188965,0.4715206027030945
197.90253757999972,2026-09-13T10:44:49.788852+00:00,4.661752223968506,0.4933212995529175
197.97745637799972,2026-09-13T10:44:49.863778+00:00,4.66140079498291,0.5133122205734253
198.05092549599976,2026-09-13T10:44:49.937243+00:00,4.660745620727539,0.5291171073913574
198.12151874099982,2026-09-13T10:44:50.007825+00:00,4.660372734069824,0.5454141497612
198.16899313099975,2026-09-13T10:44:50.055301+00:00,4.660335540771484,0.5611603260040283
198.2583166999998,2026-09-13T10:44:50.144625+00:00,4.660427570343018,0.5772402286529541
198.3068462619999,2026-09-13T10:44:50.193162+00:00,4.660577297210693,0.5915116667747498
198.38429650499984,2026-09-13T10:44:50.270540+00:00,4.660708904266357,0.6071304678916931
198.45211743299978,2026-09-13T10:44:50.338417+00:00,4.661338806152344,0.5941859483718872
198.52205587299977,2026-09-13T10:44:50.408366+00:00,4.661450386047363,0.5793834328651428
198.57728453899972,2026-09-13T10:44:50.463576+00:00,4.661524295806885,0.5708703398704529
198.6632179139997,2026-09-13T10:44:50.549524+00:00,4.660971164703369,0.5627601742744446
198.74191632699967,2026-09-13T10:44:50.628197+00:00,4.660589218139648,0.5573779344558716
198.80667376099973,2026-09-13T10:44:50.692991+00:00,4.660361289978027,0.5523788332939148
198.86933422799984,2026-09-13T10:44:50.755633+00:00,4.660254001617432,0.5482629537582397
198.93896267299988,2026-09-13T10:44:50.825267+00:00,4.6601481437683105,0.5443015098571777
199.00534009700004,2026-09-13T10:44:50.891645+00:00,4.660107135772705,0.5403574705123901
199.09913373599966,2026-09-13T10:44:50.985454+00:00,4.6600565910339355,0.5367303490638733
199.1409731849999,2026-09-13T10:44:51.027281+00:00,4.6600022315979,0.5330158472061157
199.25050735099967,2026-09-13T10:44:51.136805+00:00,4.65993595123291,0.5288625359535217
199.32408533699981,2026-09-13T10:44:51.210380+00:00,4.659865379333496,0.5262353420257568
199.3655017000001,2026-09-13T10:44:51.251822+00:00,4.659826278686523,0.5233975648880005
199.43301704999976,2026-09-13T10:44:51.319316+00:00,4.659795761108398,0.5208534598350525
199.51729782599978,2026-09-13T10:44:51.403588+00:00,4.659848213195801,0.5183520317077637
199.56904631199995,2026-09-13T10:44:51.455347+00:00,4.659895420074463,0.5167313814163208
199.65019571899984,2026-09-13T10:44:51.536514+00:00,4.660073757171631,0.5143997669219971
199.72177802099986,2026-09-13T10:44:51.608084+00:00,4.66024923324585,0.5127090215682983
199.79394095099997,2026-09-13T10:44:51.680240+00:00,4.660427570343018,0.5117956399917603
199.853539876,2026-09-13T10:44:51.739746+00:00,4.660599231719971,0.5101289749145508
199.93696071899967,2026-09-13T10:44:51.823265+00:00,4.660714149475098,0.5083014369010925
200.02078384700008,2026-09-13T10:44:51.907086+00:00,4.6607890129089355,0.5064904689788818
200.068520327,2026-09-13T10:44:51.954828+00:00,4.661035537719727,0.5045121312141418
200.1299626089999,2026-09-13T10:44:52.016273+00:00,4.6612548828125,0.5020647048950195
200.2103582310001,2026-09-13T10:44:52.096662+00:00,4.6613922119140625,0.4994480311870575
200.2686877369997,2026-09-13T10:44:52.154994+00:00,4.661468982696533,0.4979161024093628
200.3602381329997,2026-09-13T10:44:52.246484+00:00,4.661569595336914,0.4958902597427368
200.42796718599993,2026-09-13T10:44:52.314267+00:00,4.661610126495361,0.49332985281944275
200.48287673799996,2026-09-13T10:44:52.369182+00:00,4.661624908447266,0.49113622307777405
200.55678826999974,2026-09-13T10:44:52.443094+00:00,4.661652565002441,0.4891032874584198
200.62932894100004,2026-09-13T10:44:52.515650+00:00,4.661674499511719,0.48733872175216675
200.68741776699972,2026-09-13T10:44:52.573721+00:00,4.661639213562012,0.48575395345687866
200.79626784599986,2026-09-13T10:44:52.682571+00:00,4.661656856536865,0.4842368960380554
200.84575539199977,2026-09-13T10:44:52.732054+00:00,4.661793231964111,0.4820534884929657
200.9002918430001,2026-09-13T10:44:52.786598+00:00,4.661854267120361,0.4800843894481659
200.9829416839998,2026-09-13T10:44:52.869249+00:00,4.6618123054504395,0.4787362813949585
201.04938167,2026-09-13T10:44:52.935690+00:00,4.661835193634033,0.47789326310157776
201.11559275299987,2026-09-13T10:44:53.001895+00:00,4.661880016326904,0.47698187828063965
201.1993768719999,2026-09-13T10:44:53.085684+00:00,4.661906719207764,0.47651004791259766
201.26863525599992,2026-09-13T10:44:53.154944+00:00,4.661888599395752,0.47572124004364014
201.35261512599982,2026-09-13T10:44:53.238920+00:00,4.661848545074463,0.4752696454524994
201.42616024599965,2026-09-13T10:44:53.312471+00:00,4.661792278289795,0.47500836849212646
201.4736980949997,2026-09-13T10:44:53.360003+00:00,4.661830425262451,0.474782258272171
201.55158665699992,2026-09-13T10:44:53.437887+00:00,4.661864757537842,0.47457340359687805
201.61697310299996,2026-09-13T10:44:53.503277+00:00,4.661890983581543,0.47455525398254395
201.68753322799967,2026-09-13T10:44:53.573816+00:00,4.661863803863525,0.47441625595092773
201.7466545039997,2026-09-13T10:44:53.632963+00:00,4.661874771118164,0.4743095934391022
201.84030544999996,2026-09-13T10:44:53.726608+00:00,4.661869525909424,0.4739832580089569
201.8856452089999,2026-09-13T10:44:53.771960+00:00,4.661807060241699,0.47400549054145813
201.9566571559999,2026-09-13T10:44:53.842961+00:00,4.661842346191406,0.47378009557724
202.02282993399967,2026-09-13T10:44:53.909134+00:00,4.661804676055908,0.47355762124061584
202.1136266399999,2026-09-13T10:44:53.999925+00:00,4.661746978759766,0.4736085534095764
202.17749405999984,2026-09-13T10:44:54.063802+00:00,4.661740779876709,0.4734157621860504
202.2436676049997,2026-09-13T10:44:54.129971+00:00,4.661744117736816,0.4731266498565674
202.29273996899974,2026-09-13T10:44:54.179046+00:00,4.661705493927002,0.47301578521728516
202.37609463399986,2026-09-13T10:44:54.262399+00:00,4.661767482757568,0.47311732172966003
202.46833922799988,2026-09-13T10:44:54.354634+00:00,4.661808013916016,0.47271212935447693
202.52503383199974,2026-09-13T10:44:54.411341+00:00,4.661811351776123,0.4727894961833954
202.59059746899993,2026-09-13T10:44:54.476916+00:00,4.66179895401001,0.47279080748558044
202.66197304399975,2026-09-13T10:44:54.548271+00:00,4.661895751953125,0.47266846895217896
202.74947069599966,2026-09-13T10:44:54.635775+00:00,4.661912441253662,0.47255849838256836
202.7948003739998,2026-09-13T10:44:54.681105+00:00,4.661862373352051,0.47255825996398926
202.9061985389999,2026-09-13T10:44:54.792506+00:00,4.66187047958374,0.47250306606292725
202.94613894899976,2026-09-13T10:44:54.832449+00:00,4.661690711975098,0.45531442761421204
203.0375983009999,2026-09-13T10:44:54.923920+00:00,4.662317752838135,0.4257216453552246
203.09095196099997,2026-09-13T10:44:54.977258+00:00,4.662968158721924,0.398560494184494
203.15706931199975,2026-09-13T10:44:55.043377+00:00,4.6631975173950195,0.378049373626709
203.23800379999966,2026-09-13T10:44:55.124311+00:00,4.663158893585205,0.3551798164844513
203.29967437799996,2026-09-13T10:44:55.185981+00:00,4.663037300109863,0.3352730870246887
203.36816790500006,2026-09-13T10:44:55.254468+00:00,4.663030624389648,0.3154824376106262
203.4530105240001,2026-09-13T10:44:55.339320+00:00,4.663057804107666,0.2977741062641144
203.5356014189997,2026-09-13T10:44:55.421906+00:00,4.662999153137207,0.2782059609889984
203.59009658900004,2026-09-13T10:44:55.476402+00:00,4.662899494171143,0.2642595171928406
203.6486614309997,2026-09-13T10:44:55.534972+00:00,4.662359714508057,0.24710410833358765
203.6921619919999,2026-09-13T10:44:55.578468+00:00,4.662043571472168,0.22812411189079285
203.8285801950001,2026-09-13T10:44:55.714882+00:00,4.661369800567627,0.2091520130634308
203.89111380999975,2026-09-13T10:44:55.777422+00:00,4.660644054412842,0.19291235506534576
203.9505291129999,2026-09-13T10:44:55.836848+00:00,4.6601481437683105,0.17432792484760284
203.98477099599995,2026-09-13T10:44:55.871076+00:00,4.659665107727051,0.15712493658065796
204.07246266999982,2026-09-13T10:44:55.958764+00:00,4.659055709838867,0.13838152587413788
204.11525002400003,2026-09-13T10:44:56.001555+00:00,4.658649444580078,0.12243300676345825
204.23418636099996,2026-09-13T10:44:56.120508+00:00,4.658139228820801,0.10461980849504471
204.297128918,2026-09-13T10:44:56.183451+00:00,4.658134460449219,0.08634229749441147
204.35765136100008,2026-09-13T10:44:56.243971+00:00,4.658252716064453,0.0646723136305809
204.42991797500008,2026-09-13T10:44:56.316235+00:00,4.658600330352783,0.04606673866510391
204.45269044999986,2026-09-13T10:44:56.338992+00:00,4.659220218658447,0.02535112015902996
204.5560366320001,2026-09-13T10:44:56.442341+00:00,4.659485340118408,-0.009665785357356071
204.6292378369999,2026-09-13T10:44:56.515536+00:00,4.658292293548584,-0.057073257863521576
204.69326894200003,2026-09-13T10:44:56.579570+00:00,4.657402515411377,-0.08596864342689514
204.7591762699999,2026-09-13T10:44:56.645480+00:00,4.656959056854248,-0.10398799180984497
204.8553109469999,2026-09-13T10:44:56.741617+00:00,4.657281398773193,-0.12101513892412186
204.90989978399966,2026-09-13T10:44:56.796198+00:00,4.65763521194458,-0.14057894051074982
204.96286418299997,2026-09-13T10:44:56.849169+00:00,4.657280445098877,-0.1631767749786377
205.05130932199972,2026-09-13T10:44:56.937615+00:00,4.658232688903809,-0.18772529065608978
205.11938318700004,2026-09-13T10:44:57.005690+00:00,4.6595778465271,-0.20990782976150513
205.20593920700003,2026-09-13T10:44:57.092244+00:00,4.65972900390625,-0.22786873579025269
205.26842638900007,2026-09-13T10:44:57.154728+00:00,4.659996509552002,-0.24212747812271118
205.34775157400009,2026-09-13T10:44:57.234025+00:00,4.659621238708496,-0.25826919078826904
205.3925089459999,2026-09-13T10:44:57.278815+00:00,4.659101963043213,-0.27744626998901367
205.456353261,2026-09-13T10:44:57.342656+00:00,4.658859729766846,-0.2930065393447876
205.52759571199977,2026-09-13T10:44:57.413907+00:00,4.658962726593018,-0.30745288729667664
205.61588855799982,2026-09-13T10:44:57.502188+00:00,4.6605753898620605,-0.29755428433418274
205.68921664699974,2026-09-13T10:44:57.575535+00:00,4.660922527313232,-0.29172465205192566
205.75959858899978,2026-09-13T10:44:57.645917+00:00,4.661269664764404,-0.28730565309524536
205.80753389099982,2026-09-13T10:44:57.693801+00:00,4.661459445953369,-0.2842101454734802
205.88363743299988,2026-09-13T10:44:57.769944+00:00,4.661688327789307,-0.2831074595451355
205.93260268999984,2026-09-13T10:44:57.818908+00:00,4.661911487579346,-0.281660795211792
206.00176695899972,2026-09-13T10:44:57.888069+00:00,4.6620588302612305,-0.2803577482700348
206.07938322399968,2026-09-13T10:44:57.965689+00:00,4.662212371826172,-0.27933716773986816
206.20505770599993,2026-09-13T10:44:58.091329+00:00,4.662346363067627,-0.27873554825782776
206.23755754700005,2026-09-13T10:44:58.123863+00:00,4.662360191345215,-0.2783181071281433
206.33207642599973,2026-09-13T10:44:58.218373+00:00,4.662387847900391,-0.2780931293964386
206.38239705599972,2026-09-13T10:44:58.268704+00:00,4.662567615509033,-0.2868170440196991
206.46502724899983,2026-09-13T10:44:58.351331+00:00,4.661578178405762,-0.3096601366996765
206.52601092399982,2026-09-13T10:44:58.412317+00:00,4.661768436431885,-0.32321596145629883
206.61719199499976,2026-09-13T10:44:58.503493+00:00,4.662505149841309,-0.3122187852859497
206.6685443389997,2026-09-13T10:44:58.554849+00:00,4.662855625152588,-0.3075360953807831
206.7206436209999,2026-09-13T10:44:58.606943+00:00,4.663422584533691,-0.3014795482158661
206.77843842099992,2026-09-13T10:44:58.664742+00:00,4.663582801818848,-0.2974378168582916
206.85370491100002,2026-09-13T10:44:58.740011+00:00,4.663605213165283,-0.295482873916626
206.93734784199978,2026-09-13T10:44:58.823656+00:00,4.663614273071289,-0.29378387331962585
207.00176734399975,2026-09-13T10:44:58.888070+00:00,4.663614749908447,-0.29258525371551514
207.04867579599977,2026-09-13T10:44:58.934982+00:00,4.6636457443237305,-0.29163336753845215
207.10984123699973,2026-09-13T10:44:58.996086+00:00,4.663600921630859,-0.2914141118526459
207.19094632199995,2026-09-13T10:44:59.077267+00:00,4.663553237915039,-0.29065632820129395
207.26504819699994,2026-09-13T10:44:59.151365+00:00,4.663540840148926,-0.28992989659309387
207.32573813499994,2026-09-13T10:44:59.212039+00:00,4.663513660430908,-0.2892887592315674
207.41957526299984,2026-09-13T10:44:59.305882+00:00,4.6628947257995605,-0.3028769791126251
207.5135566189997,2026-09-13T10:44:59.399864+00:00,4.6628265380859375,-0.31908443570137024
207.5669420879999,2026-09-13T10:44:59.453246+00:00,4.662630558013916,-0.3338712155818939
207.62067582400005,2026-09-13T10:44:59.506978+00:00,4.6629719734191895,-0.33232489228248596
207.7026911160001,2026-09-13T10:44:59.588999+00:00,4.6633734703063965,-0.3218790888786316
207.7508619780001,2026-09-13T10:44:59.637172+00:00,4.663814067840576,-0.3176863491535187
207.819756159,2026-09-13T10:44:59.705985+00:00,4.6641621589660645,-0.31254684925079346
207.88763379300008,2026-09-13T10:44:59.773941+00:00,4.664487838745117,-0.308378130197525
207.97448822299975,2026-09-13T10:44:59.860786+00:00,4.664592266082764,-0.305915892124176
208.0245785090001,2026-09-13T10:44:59.910879+00:00,4.664768218994141,-0.3044893443584442
208.08690075699997,2026-09-13T10:44:59.973209+00:00,4.664698123931885,-0.3033983111381531
208.171121115,2026-09-13T10:45:00.057424+00:00,4.664635181427002,-0.3028271794319153
208.2453305449999,2026-09-13T10:45:00.131641+00:00,4.664556503295898,-0.30234426259994507
208.30853551099972,2026-09-13T10:45:00.194837+00:00,4.66448450088501,-0.3017564117908478
208.40909251199992,2026-09-13T10:45:00.295303+00:00,4.664422988891602,-0.3015673756599426
208.49634817199967,2026-09-13T10:45:00.382580+00:00,4.664405822753906,-0.301412433385849
208.56177759599996,2026-09-13T10:45:00.448079+00:00,4.664400577545166,-0.30101627111434937
208.642045565,2026-09-13T10:45:00.528354+00:00,4.664311408996582,-0.3009868562221527
208.69077491000007,2026-09-13T10:45:00.577083+00:00,4.6643242835998535,-0.3010181784629822
208.76567930800002,2026-09-13T10:45:00.651986+00:00,4.664377212524414,-0.3006259500980377
208.82506465699998,2026-09-13T10:45:00.711319+00:00,4.66433048248291,-0.30040842294692993
208.89434921899965,2026-09-13T10:45:00.780648+00:00,4.664290904998779,-0.30046653747558594
208.9741756049998,2026-09-13T10:45:00.860485+00:00,4.664320468902588,-0.3000779151916504
209.03275759999997,2026-09-13T10:45:00.919063+00:00,4.664352893829346,-0.29912957549095154
209.09274335400005,2026-09-13T10:45:00.979043+00:00,4.664353847503662,-0.2985576391220093
209.18536191299972,2026-09-13T10:45:01.071668+00:00,4.6643524169921875,-0.2982088327407837
209.23800422099976,2026-09-13T10:45:01.124310+00:00,4.664367198944092,-0.29748573899269104
209.31584753299967,2026-09-13T10:45:01.202167+00:00,4.664332389831543,-0.2969987392425537
209.3777256379999,2026-09-13T10:45:01.264032+00:00,4.66431999206543,-0.29630640149116516
209.43659100199966,2026-09-13T10:45:01.322891+00:00,4.664284706115723,-0.2959384620189667
209.51837111799978,2026-09-13T10:45:01.404673+00:00,4.664300441741943,-0.29556968808174133
209.5716644879999,2026-09-13T10:45:01.457971+00:00,4.664270877838135,-0.29530414938926697
209.66459979399997,2026-09-13T10:45:01.550915+00:00,4.664237976074219,-0.29499301314353943
209.74527449700008,2026-09-13T10:45:01.631590+00:00,4.66416072845459,-0.29459500312805176
209.83376843799988,2026-09-13T10:45:01.720072+00:00,4.664216995239258,-0.29453229904174805
209.88147150799978,2026-09-13T10:45:01.767780+00:00,4.6642560958862305,-0.29422348737716675
209.9424501909998,2026-09-13T10:45:01.828750+00:00,4.664240837097168,-0.2939912974834442
209.98404140899993,2026-09-13T10:45:01.870347+00:00,4.664217472076416,-0.29381853342056274
210.07543218299998,2026-09-13T10:45:01.961736+00:00,4.664195537567139,-0.293291300535202
210.1523647439999,2026-09-13T10:45:02.038667+00:00,4.6641526222229,-0.2926793098449707
210.22194528299997,2026-09-13T10:45:02.108251+00:00,4.664048671722412,-0.2926785349845886
210.2965765519998,2026-09-13T10:45:02.182881+00:00,4.6640305519104,-0.2924425005912781
210.36811002099967,2026-09-13T10:45:02.254417+00:00,4.664047718048096,-0.2918045222759247
210.41151781100007,2026-09-13T10:45:02.297801+00:00,4.663987636566162,-0.29209527373313904
210.50686324599974,2026-09-13T10:45:02.393164+00:00,4.663972854614258,-0.29195472598075867
210.59472439699994,2026-09-13T10:45:02.481024+00:00,4.664000511169434,-0.29169341921806335
210.6632538609997,2026-09-13T10:45:02.549550+00:00,4.663970470428467,-0.2916792333126068
210.735109965,2026-09-13T10:45:02.621412+00:00,4.663977146148682,-0.29163578152656555
210.84059173900005,2026-09-13T10:45:02.726891+00:00,4.664022445678711,-0.2913767695426941
210.85922682699993,2026-09-13T10:45:02.745531+00:00,4.663999080657959,-0.2912994623184204
210.92558853899982,2026-09-13T10:45:02.811907+00:00,4.663975238800049,-0.29141637682914734
211.00205737299984,2026-09-13T10:45:02.888362+00:00,4.663975715637207,-0.29116153717041016
211.08971758999996,2026-09-13T10:45:02.976024+00:00,4.664006233215332,-0.2909989655017853
211.15390287599985,2026-09-13T10:45:03.040221+00:00,4.66402006149292,-0.291111022233963
211.22045105799998,2026-09-13T10:45:03.106767+00:00,4.664031028747559,-0.2910425364971161
211.26612647699994,2026-09-13T10:45:03.152432+00:00,4.664057731628418,-0.29072126746177673
211.3562294630001,2026-09-13T10:45:03.242534+00:00,4.664008617401123,-0.29083162546157837
211.42290484899968,2026-09-13T10:45:03.309226+00:00,4.663999080657959,-0.2907448709011078
211.51344573899996,2026-09-13T10:45:03.399740+00:00,4.663972854614258,-0.2905300557613373
211.55581125399976,2026-09-13T10:45:03.442115+00:00,4.663887023925781,-0.29058051109313965
211.6271026989998,2026-09-13T10:45:03.513409+00:00,4.663863182067871,-0.2907068729400635
211.674173332,2026-09-13T10:45:03.560478+00:00,4.663882732391357,-0.29052507877349854
211.75800097299998,2026-09-13T10:45:03.644306+00:00,4.663816928863525,-0.29044297337532043
211.81207468799994,2026-09-13T10:45:03.698382+00:00,4.66379451751709,-0.2907140254974365
211.88980734100005,2026-09-13T10:45:03.776114+00:00,4.663841724395752,-0.2904196083545685
211.95877886800008,2026-09-13T10:45:03.845085+00:00,4.6638593673706055,-0.2902953028678894
212.02221772899975,2026-09-13T10:45:03.908527+00:00,4.6638007164001465,-0.29048752784729004
212.08383505799975,2026-09-13T10:45:03.970143+00:00,4.663835525512695,-0.29032132029533386
212.150845399,2026-09-13T10:45:04.037107+00:00,4.663816452026367,-0.2901725471019745
212.22406791599997,2026-09-13T10:45:04.110383+00:00,4.6637492179870605,-0.2901867628097534
212.28871670599983,2026-09-13T10:45:04.175023+00:00,4.6637444496154785,-0.29030126333236694
212.393794179,2026-09-13T10:45:04.280102+00:00,4.663736820220947,-0.2899518609046936
212.45942255399996,2026-09-13T10:45:04.345721+00:00,4.663712978363037,-0.290060818195343
212.5448037179999,2026-09-13T10:45:04.431102+00:00,4.663761615753174,-0.2902175486087799
212.59943639699986,2026-09-13T10:45:04.485741+00:00,4.663798809051514,-0.2900201678276062
212.67234024699974,2026-09-13T10:45:04.558594+00:00,4.66377067565918,-0.2899894714355469
212.7491533489997,2026-09-13T10:45:04.635470+00:00,4.663740634918213,-0.29005083441734314
212.81885395599966,2026-09-13T10:45:04.705156+00:00,4.663759231567383,-0.28977084159851074
212.86654156999975,2026-09-13T10:45:04.752846+00:00,4.663790225982666,-0.28965964913368225
212.95507756100005,2026-09-13T10:45:04.841395+00:00,4.663782119750977,-0.2898315489292145
212.992276983,2026-09-13T10:45:04.878578+00:00,4.663797855377197,-0.2898394763469696
213.08808739300002,2026-09-13T10:45:04.974392+00:00,4.663803577423096,-0.28949618339538574
213.16923251199978,2026-09-13T10:45:05.055530+00:00,4.663819313049316,-0.2896190583705902
213.23911965299976,2026-09-13T10:45:05.125431+00:00,4.663865089416504,-0.28960052132606506
213.35257676699985,2026-09-13T10:45:05.238884+00:00,4.663904666900635,-0.28939029574394226
213.39049141299984,2026-09-13T10:45:05.276796+00:00,4.6638922691345215,-0.28954553604125977
213.45534017799991,2026-09-13T10:45:05.341660+00:00,4.663846969604492,-0.2896516025066376
213.51190882499986,2026-09-13T10:45:05.398215+00:00,4.663836479187012,-0.28944945335388184
213.59459649099972,2026-09-13T10:45:05.480905+00:00,4.663802623748779,-0.28946220874786377
213.65190474799965,2026-09-13T10:45:05.538210+00:00,4.6638054847717285,-0.2896019220352173
213.70756123599995,2026-09-13T10:45:05.593871+00:00,4.663811206817627,-0.28936710953712463
213.77990954799998,2026-09-13T10:45:05.666219+00:00,4.662176132202148,-0.2896048426628113
213.8345101619998,2026-09-13T10:45:05.720787+00:00,4.6583638191223145,-0.2900359630584717
213.9002122349998,2026-09-13T10:45:05.786523+00:00,4.650691986083984,-0.2861393094062805
214.00334013799966,2026-09-13T10:45:05.889641+00:00,4.640404224395752,-0.2818896770477295
214.06229228999973,2026-09-13T10:45:05.948589+00:00,4.6291093826293945,-0.27989572286605835
214.13431646299978,2026-09-13T10:45:06.020614+00:00,4.615959167480469,-0.27925604581832886
214.22216103799974,2026-09-13T10:45:06.108484+00:00,4.6050333976745605,-0.2791493833065033
214.26066357599984,2026-09-13T10:45:06.146983+00:00,4.590002536773682,-0.2830478250980377
214.3297788519999,2026-09-13T10:45:06.216084+00:00,4.570809841156006,-0.283871054649353
214.43052792299977,2026-09-13T10:45:06.316838+00:00,4.561161994934082,-0.28796833753585815
214.50817452499996,2026-09-13T10:45:06.394480+00:00,4.5543532371521,-0.2923683822154999
214.53699504199994,2026-09-13T10:45:06.423299+00:00,4.5514116287231445,-0.296979159116745
214.63314485599994,2026-09-13T10:45:06.519454+00:00,4.551450252532959,-0.2998657822608948
214.72008626499974,2026-09-13T10:45:06.606403+00:00,4.555087566375732,-0.30411264300346375
214.76224438100007,2026-09-13T10:45:06.648549+00:00,4.558909893035889,-0.3090011477470398
214.839925064,2026-09-13T10:45:06.726226+00:00,4.561817646026611,-0.31120023131370544
214.93180206199986,2026-09-13T10:45:06.818103+00:00,4.5643205642700195,-0.3142564594745636
214.96884291900005,2026-09-13T10:45:06.855150+00:00,4.565608501434326,-0.3161443769931793
215.03935795400002,2026-09-13T10:45:06.925660+00:00,4.566810607910156,-0.31844303011894226
215.13374918099998,2026-09-13T10:45:07.020058+00:00,4.5666022300720215,-0.31920796632766724
215.19735291200004,2026-09-13T10:45:07.083657+00:00,4.563484191894531,-0.31803178787231445
215.26066639300006,2026-09-13T10:45:07.146974+00:00,4.556818962097168,-0.31609025597572327
215.3338273720001,2026-09-13T10:45:07.220150+00:00,4.547682285308838,-0.31799235939979553
215.4075105769998,2026-09-13T10:45:07.293824+00:00,4.53511905670166,-0.3182474970817566
215.49102684699983,2026-09-13T10:45:07.377341+00:00,4.515402317047119,-0.31824761629104614
215.5767955450001,2026-09-13T10:45:07.463070+00:00,4.497096538543701,-0.31902679800987244
215.62630837200004,2026-09-13T10:45:07.512612+00:00,4.477128982543945,-0.32187336683273315
215.70687510299967,2026-09-13T10:45:07.593176+00:00,4.467838764190674,-0.32540199160575867
215.7580763699998,2026-09-13T10:45:07.644379+00:00,4.463174343109131,-0.33431828022003174
215.87091605499973,2026-09-13T10:45:07.757218+00:00,4.463838577270508,-0.33874189853668213
215.91109538499995,2026-09-13T10:45:07.797313+00:00,4.467171669006348,-0.34395354986190796
215.96711681399984,2026-09-13T10:45:07.853420+00:00,4.470829486846924,-0.3501574397087097
216.02310409799975,2026-09-13T10:45:07.909405+00:00,4.47386360168457,-0.3551199436187744
216.13440193899987,2026-09-13T10:45:08.020704+00:00,4.476050853729248,-0.35928767919540405
216.18710668099993,2026-09-13T10:45:08.073407+00:00,4.477173805236816,-0.36263251304626465
216.28217319399982,2026-09-13T10:45:08.168492+00:00,4.477789402008057,-0.364286333322525
216.3473242089999,2026-09-13T10:45:08.233625+00:00,4.47816276550293,-0.3644861876964569
216.39582388200006,2026-09-13T10:45:08.282133+00:00,4.478553771972656,-0.3646928668022156
216.4400752849997,2026-09-13T10:45:08.326378+00:00,4.478516101837158,-0.3638785183429718
216.525764556,2026-09-13T10:45:08.412086+00:00,4.475633144378662,-0.35977086424827576
216.59675803799973,2026-09-13T10:45:08.483065+00:00,4.469829559326172,-0.35946816205978394
216.68798787900005,2026-09-13T10:45:08.574301+00:00,4.461325645446777,-0.3581582009792328
216.73226366599965,2026-09-13T10:45:08.618571+00:00,4.446452617645264,-0.35749971866607666
216.80496066199976,2026-09-13T10:45:08.691249+00:00,4.432267665863037,-0.3575335144996643
216.8738520259999,2026-09-13T10:45:08.760169+00:00,4.418004989624023,-0.35674411058425903
216.91782565999983,2026-09-13T10:45:08.804124+00:00,4.410275936126709,-0.354195773601532
217.010657154,2026-09-13T10:45:08.896959+00:00,4.399162292480469,-0.34987786412239075
217.105040636,2026-09-13T10:45:08.991330+00:00,4.3880791664123535,-0.3449331223964691
217.16274704999978,2026-09-13T10:45:09.049068+00:00,4.38355827331543,-0.3429317772388458
217.2187880309998,2026-09-13T10:45:09.105090+00:00,4.381606578826904,-0.3503247797489166
217.29051283399986,2026-09-13T10:45:09.176833+00:00,4.383321762084961,-0.3592430353164673
217.3448392309997,2026-09-13T10:45:09.231154+00:00,4.388233661651611,-0.3658430874347687
217.404208164,2026-09-13T10:45:09.290509+00:00,4.391482830047607,-0.37075722217559814
217.48229871600006,2026-09-13T10:45:09.368602+00:00,4.392534255981445,-0.37360960245132446
217.55015993400002,2026-09-13T10:45:09.436439+00:00,4.393135070800781,-0.37597396969795227
217.6279782849997,2026-09-13T10:45:09.514132+00:00,4.3941121101379395,-0.3798791766166687
217.72770082599982,2026-09-13T10:45:09.613998+00:00,4.395286560058594,-0.38436803221702576
217.78649482799983,2026-09-13T10:45:09.671909+00:00,4.395899772644043,-0.3863840401172638
217.85214473999986,2026-09-13T10:45:09.738446+00:00,4.3964715003967285,-0.3883545398712158
217.92769719099988,2026-09-13T10:45:09.814000+00:00,4.396807670593262,-0.38976413011550903
217.9830648699999,2026-09-13T10:45:09.869370+00:00,4.395744800567627,-0.38795173168182373
218.09436860000005,2026-09-13T10:45:09.980672+00:00,4.393174171447754,-0.38315334916114807
218.14744775400004,2026-09-13T10:45:10.033755+00:00,4.387735366821289,-0.3821444511413574
218.20936730099993,2026-09-13T10:45:10.095666+00:00,4.381253719329834,-0.37981632351875305
218.27734065000004,2026-09-13T10:45:10.163647+00:00,4.371286869049072,-0.37248048186302185
218.34000134100006,2026-09-13T10:45:10.226307+00:00,4.357570171356201,-0.3693337142467499
218.39127937900003,2026-09-13T10:45:10.277582+00:00,4.341707229614258,-0.3792164921760559
218.46799836599985,2026-09-13T10:45:10.354303+00:00,4.326513767242432,-0.38347384333610535
218.52469300099983,2026-09-13T10:45:10.410999+00:00,4.31256103515625,-0.3801235854625702
218.6030089689998,2026-09-13T10:45:10.489221+00:00,4.302095890045166,-0.38553038239479065
218.67465840999967,2026-09-13T10:45:10.560959+00:00,4.298036098480225,-0.3915212154388428
218.76206249000006,2026-09-13T10:45:10.648365+00:00,4.298818111419678,-0.39368316531181335
218.82299921999993,2026-09-13T10:45:10.709304+00:00,4.303065776824951,-0.3911115825176239
218.9040118859998,2026-09-13T10:45:10.790316+00:00,4.307382583618164,-0.38554665446281433
218.9832019319997,2026-09-13T10:45:10.869511+00:00,4.309792518615723,-0.38211968541145325
219.06009311599973,2026-09-13T10:45:10.946400+00:00,4.311325550079346,-0.3805699050426483
219.13002950700002,2026-09-13T10:45:11.016346+00:00,4.312574863433838,-0.38071998953819275
219.16905564699982,2026-09-13T10:45:11.055120+00:00,4.313822269439697,-0.3799963593482971
219.25666939799976,2026-09-13T10:45:11.142974+00:00,4.314479827880859,-0.37977543473243713
219.36390326299988,2026-09-13T10:45:11.250225+00:00,4.31481409072876,-0.3801420032978058
219.4197992479999,2026-09-13T10:45:11.306110+00:00,4.315215587615967,-0.3807065188884735
219.47371318199976,2026-09-13T10:45:11.360017+00:00,4.315670490264893,-0.38128775358200073
219.55982669099967,2026-09-13T10:45:11.446129+00:00,4.31584358215332,-0.3811582922935486
219.6225774659997,2026-09-13T10:45:11.508883+00:00,4.313559055328369,-0.37931835651397705
219.68189202899975,2026-09-13T10:45:11.568198+00:00,4.308290481567383,-0.37842559814453125
219.77756627500003,2026-09-13T10:45:11.663871+00:00,4.300379753112793,-0.3799739181995392
219.82434240199973,2026-09-13T10:45:11.710646+00:00,4.289119720458984,-0.3814777135848999
219.8692962279997,2026-09-13T10:45:11.755617+00:00,4.279844284057617,-0.3774636387825012
219.97841140399987,2026-09-13T10:45:11.864699+00:00,4.265909671783447,-0.37799718976020813
220.0269409980001,2026-09-13T10:45:11.913235+00:00,4.251348972320557,-0.3789786994457245
220.10338416700006,2026-09-13T10:45:11.989637+00:00,4.234734535217285,-0.3810791075229645
220.1527732139998,2026-09-13T10:45:12.039092+00:00,4.225063323974609,-0.3779727518558502
220.22502792299974,2026-09-13T10:45:12.111334+00:00,4.2181315422058105,-0.3805149495601654
220.28398538600004,2026-09-13T10:45:12.170230+00:00,4.2178568840026855,-0.38667041063308716
220.3750595739998,2026-09-13T10:45:12.261367+00:00,4.221492767333984,-0.39381515979766846
220.42178040299996,2026-09-13T10:45:12.308095+00:00,4.222902297973633,-0.3975653052330017
220.50536662800005,2026-09-13T10:45:12.391670+00:00,4.223018169403076,-0.39934977889060974
220.630584775,2026-09-13T10:45:12.516905+00:00,4.222930431365967,-0.40002337098121643
220.65902262400004,2026-09-13T10:45:12.545327+00:00,4.223062515258789,-0.40058645606040955
220.71323666399985,2026-09-13T10:45:12.599535+00:00,4.22320032119751,-0.4012945592403412
220.7935582350001,2026-09-13T10:45:12.679875+00:00,4.223270893096924,-0.40063199400901794
220.86706297,2026-09-13T10:45:12.753345+00:00,4.22124719619751,-0.3987566828727722
220.92830054199976,2026-09-13T10:45:12.814619+00:00,4.217041015625,-0.3941850960254669
220.99273761299992,2026-09-13T10:45:12.879057+00:00,4.210779190063477,-0.3910456597805023
221.06491222299974,2026-09-13T10:45:12.951218+00:00,4.20107889175415,-0.38884806632995605
221.13225403099977,2026-09-13T10:45:13.018575+00:00,4.191922187805176,-0.38766005635261536
221.22778216000006,2026-09-13T10:45:13.114090+00:00,4.177046298980713,-0.3799949586391449
221.31816915599984,2026-09-13T10:45:13.204470+00:00,4.1627607345581055,-0.3818405866622925
221.36852898799998,2026-09-13T10:45:13.254831+00:00,4.1468610763549805,-0.38836097717285156
221.444804535,2026-09-13T10:45:13.331104+00:00,4.133049964904785,-0.39016953110694885
221.510607316,2026-09-13T10:45:13.396908+00:00,4.126418590545654,-0.390926718711853
221.56280429699973,2026-09-13T10:45:13.449100+00:00,4.12373685836792,-0.39510706067085266
221.6409127699999,2026-09-13T10:45:13.527215+00:00,4.12592887878418,-0.3959229290485382
221.7145329959999,2026-09-13T10:45:13.600837+00:00,4.129140853881836,-0.3940541744232178
221.7846882429999,2026-09-13T10:45:13.670993+00:00,4.131333827972412,-0.3921668827533722
221.85797335400002,2026-09-13T10:45:13.744272+00:00,4.133019924163818,-0.3903258144855499
221.94189562199972,2026-09-13T10:45:13.828204+00:00,4.133796691894531,-0.39006903767585754
221.9654664919999,2026-09-13T10:45:13.851764+00:00,4.135012149810791,-0.3910275399684906
222.05922064099968,2026-09-13T10:45:13.945525+00:00,4.135502338409424,-0.3911648392677307
222.12708797100004,2026-09-13T10:45:14.013369+00:00,4.13441801071167,-0.3892724812030792
222.19295446599972,2026-09-13T10:45:14.079265+00:00,4.131145000457764,-0.3873733580112457
222.26203025199993,2026-09-13T10:45:14.148345+00:00,4.123691082000732,-0.3897002041339874
222.333940342,2026-09-13T10:45:14.220246+00:00,4.112170696258545,-0.3923754096031189
222.42617309599973,2026-09-13T10:45:14.312480+00:00,4.107178211212158,-0.39237767457962036
222.49884106699983,2026-09-13T10:45:14.385146+00:00,4.103095531463623,-0.39347854256629944
222.5810319479997,2026-09-13T10:45:14.467339+00:00,4.104872703552246,-0.39455604553222656
222.62730761099965,2026-09-13T10:45:14.513611+00:00,4.110262870788574,-0.3936610221862793
222.70106323399978,2026-09-13T10:45:14.587368+00:00,4.11716365814209,-0.39153164625167847
222.77280912600008,2026-09-13T10:45:14.659115+00:00,4.125168323516846,-0.38908758759498596
222.82869938199974,2026-09-13T10:45:14.714999+00:00,4.130858421325684,-0.3837049603462219
222.90717311599974,2026-09-13T10:45:14.793480+00:00,4.133608818054199,-0.37844517827033997
222.97978662099968,2026-09-13T10:45:14.866093+00:00,4.135139465332031,-0.37496697902679443
223.0690863159998,2026-09-13T10:45:14.955385+00:00,4.1363959312438965,-0.37433382868766785
223.1451309119998,2026-09-13T10:45:15.031423+00:00,4.138088226318359,-0.37603166699409485
223.20265277599992,2026-09-13T10:45:15.088957+00:00,4.140633583068848,-0.37769365310668945
223.25819873299997,2026-09-13T10:45:15.144499+00:00,4.1428375244140625,-0.3722934126853943
223.34166319299993,2026-09-13T10:45:15.227979+00:00,4.145323276519775,-0.3598005473613739
223.4031602619998,2026-09-13T10:45:15.289466+00:00,4.146214485168457,-0.35758933424949646
223.4870486079999,2026-09-13T10:45:15.373352+00:00,4.14632511138916,-0.35835710167884827
223.54050908699992,2026-09-13T10:45:15.426815+00:00,4.145735740661621,-0.3591456711292267
223.62080233799998,2026-09-13T10:45:15.507109+00:00,4.145358562469482,-0.35974979400634766
223.6766931379998,2026-09-13T10:45:15.562999+00:00,4.1452484130859375,-0.3601277768611908
223.7533452419998,2026-09-13T10:45:15.639642+00:00,4.145348072052002,-0.3594546914100647
223.81639429899997,2026-09-13T10:45:15.702694+00:00,4.145432949066162,-0.35954830050468445
223.87330305399973,2026-09-13T10:45:15.759604+00:00,4.1453986167907715,-0.35983553528785706
223.970430372,2026-09-13T10:45:15.856383+00:00,4.145359992980957,-0.35950976610183716
224.0388615930001,2026-09-13T10:45:15.925082+00:00,4.145382404327393,-0.35943496227264404
224.0802657639997,2026-09-13T10:45:15.966571+00:00,4.14543342590332,-0.3595117926597595
224.154626559,2026-09-13T10:45:16.040932+00:00,4.1454267501831055,-0.3594362139701843
224.24221867799997,2026-09-13T10:45:16.128530+00:00,4.145400524139404,-0.3593837022781372
224.3071934310001,2026-09-13T10:45:16.193499+00:00,4.145463943481445,-0.3593178689479828
224.39951485999973,2026-09-13T10:45:16.285821+00:00,4.14544153213501,-0.35936006903648376
224.44013100499978,2026-09-13T10:45:16.326411+00:00,4.145387172698975,-0.35923367738723755
224.52490760599994,2026-09-13T10:45:16.411203+00:00,4.145402431488037,-0.3591776490211487
224.59627770899988,2026-09-13T10:45:16.482578+00:00,4.145397663116455,-0.3591531217098236
